9 0.429222 0.009143 -0.051933 0.429222 0.009143 -0.051933 0.000000 0.000000 0.000000 0.000000 1 1.194886863e-06 2.874294296e-05
10 0.426132 0.009099 -0.040494 0.431872 0.009605 0.150927 0.000000 0.000000 0.000000 0.000000 1 3.818422556e-07 1.924112439e-05
10 0.426573 0.009138 -0.025777 0.431872 0.009605 0.150927 0.000000 0.000000 0.000000 0.000000 1 3.890600055e-07 1.893984154e-05
10 0.426981 0.009174 -0.012191 0.431872 0.009605 0.150927 0.000000 0.000000 0.000000 0.000000 1 4.169996828e-07 1.900293864e-05
10 0.427357 0.009207 0.000350 0.431872 0.009605 0.150927 0.000000 0.000000 0.000000 0.000000 1 6.039626896e-07 1.927395351e-05
10 0.427704 0.009238 0.011927 0.431872 0.009605 0.150927 0.000000 0.000000 0.000000 0.000000 1 5.450565368e-07 2.526887693e-05
10 0.428024 0.009266 0.022614 0.431872 0.009605 0.150927 0.000000 0.000000 0.000000 0.000000 1 5.029141903e-07 1.916708425e-05
10 0.428320 0.009292 0.032479 0.431872 0.009605 0.150927 0.000000 0.000000 0.000000 0.000000 1 5.369074643e-07 1.906999387e-05
10 0.428593 0.009316 0.041586 0.431872 0.009605 0.150927 0.000000 0.000000 0.000000 0.000000 1 4.179310054e-07 1.920107752e-05
10 0.428845 0.009339 0.049992 0.431872 0.009605 0.150927 0.000000 0.000000 0.000000 0.000000 1 4.218891263e-07 1.914007589e-05
10 0.429078 0.009359 0.057753 0.431872 0.009605 0.150927 0.000000 0.000000 0.000000 0.000000 1 8.179340512e-07 2.019293606e-05
10 0.429293 0.009378 0.064916 0.431872 0.009605 0.150927 0.000000 0.000000 0.000000 0.000000 1 3.811437637e-07 1.895916648e-05
10 0.429491 0.009395 0.071529 0.431872 0.009605 0.150927 0.000000 0.000000 0.000000 0.000000 1 5.220063031e-07 1.928606071e-05
10 0.429674 0.009412 0.077633 0.431872 0.009605 0.150927 0.000000 0.000000 0.000000 0.000000 1 4.169996828e-07 1.904298551e-05
10 0.429843 0.009426 0.083269 0.431872 0.009605 0.150927 0.000000 0.000000 0.000000 0.000000 1 9.429641068e-07 2.688309178e-05
10 0.429999 0.009440 0.088470 0.431872 0.009605 0.150927 0.000000 0.000000 0.000000 0.000000 1 7.289927453e-07 2.672220580e-05
10 0.430143 0.009453 0.093272 0.431872 0.009605 0.150927 0.000000 0.000000 0.000000 0.000000 1 2.980232239e-07 1.115514897e-05
10 0.430276 0.009465 0.097705 0.431872 0.009605 0.150927 0.000000 0.000000 0.000000 0.000000 1 7.201451808e-07 2.651195973e-05
10 0.430398 0.009475 0.101797 0.431872 0.009605 0.150927 0.000000 0.000000 0.000000 0.000000 1 2.258457243e-07 8.411007002e-06
10 0.430512 0.009485 0.105574 0.431872 0.009605 0.150927 0.000000 0.000000 0.000000 0.000000 1 4.849862307e-07 1.944298856e-05
10 0.430616 0.009495 0.109061 0.431872 0.009605 0.150927 0.000000 0.000000 0.000000 0.000000 1 5.480833352e-07 1.932401210e-05
11 0.419009 0.011515 0.123815 0.571911 0.089487 0.727854 0.000000 0.000000 0.000000 0.530745 1 4.160683602e-07 1.917104237e-05
11 0.407865 0.013926 0.141113 0.571911 0.089487 0.727854 0.000000 0.000000 0.000000 0.512885 1 6.530899554e-07 1.940596849e-05
11 0.398356 0.016274 0.158070 0.571911 0.089487 0.727854 0.000000 0.000000 0.000000 0.495377 1 5.611218512e-07 1.938408241e-05
11 0.390339 0.018561 0.174691 0.571911 0.089487 0.727854 0.000000 0.000000 0.000000 0.478215 1 5.559995770e-07 1.937989146e-05
11 0.383684 0.020788 0.190985 0.571911 0.089487 0.727854 0.000000 0.000000 0.000000 0.461392 1 6.470363587e-07 1.942995004e-05
11 0.378273 0.022959 0.206957 0.571911 0.089487 0.727854 0.000000 0.000000 0.000000 0.444901 1 4.870817065e-07 1.927092671e-05
11 0.373995 0.025075 0.222614 0.571911 0.089487 0.727854 0.000000 0.000000 0.000000 0.428736 1 1.167878509e-06 2.251588739e-05
11 0.370748 0.027139 0.237962 0.571911 0.089487 0.727854 0.000000 0.000000 0.000000 0.412890 1 4.759058356e-07 1.916498877e-05
11 0.368441 0.029151 0.253006 0.571911 0.089487 0.727854 0.000000 0.000000 0.000000 0.397357 1 4.910398275e-07 1.931004226e-05
11 0.366986 0.031115 0.267754 0.571911 0.089487 0.727854 0.000000 0.000000 0.000000 0.382130 1 4.929024726e-07 1.919805072e-05
11 0.366305 0.033031 0.282210 0.571911 0.089487 0.727854 0.000000 0.000000 0.000000 0.367204 1 4.549510777e-07 1.798919402e-05
11 0.366326 0.034901 0.296381 0.571911 0.089487 0.727854 0.000000 0.000000 0.000000 0.352573 1 3.930181265e-07 1.923204400e-05
11 0.366981 0.036727 0.310273 0.571911 0.089487 0.727854 0.000000 0.000000 0.000000 0.338230 1 4.160683602e-07 1.905392855e-05
11 0.368210 0.038511 0.323890 0.571911 0.089487 0.727854 0.000000 0.000000 0.000000 0.324171 1 4.840549082e-07 1.913588494e-05
11 0.369955 0.040252 0.337238 0.571911 0.089487 0.727854 0.000000 0.000000 0.000000 0.310389 1 4.270114005e-07 1.892913133e-05
11 0.372166 0.041954 0.350322 0.571911 0.089487 0.727854 0.000000 0.000000 0.000000 0.296879 1 8.139759302e-07 2.646492794e-05
11 0.374794 0.043617 0.363149 0.571911 0.089487 0.727854 0.000000 0.000000 0.000000 0.283636 1 7.080379874e-07 2.489215694e-05
11 0.377796 0.045242 0.375722 0.571911 0.089487 0.727854 0.000000 0.000000 0.000000 0.270655 1 7.408671081e-07 2.648006193e-05
11 0.381132 0.046831 0.388047 0.571911 0.089487 0.727854 0.000000 0.000000 0.000000 0.257930 1 7.359776646e-07 2.055591904e-05
11 0.384765 0.048383 0.400128 0.571911 0.089487 0.727854 0.000000 0.000000 0.000000 0.245456 1 4.649627954e-07 1.906300895e-05
12 0.384313 0.051303 0.410456 0.637580 0.141620 0.892195 0.000000 0.000000 0.000000 0.375743 1 8.058268577e-07 2.663396299e-05
12 0.385635 0.054216 0.422095 0.637580 0.141620 0.892195 0.000000 0.000000 0.000000 0.365939 1 5.401670933e-07 1.799687743e-05
12 0.387330 0.057010 0.433504 0.637580 0.141620 0.892195 0.000000 0.000000 0.000000 0.356329 1 3.911554813e-07 1.789093949e-05
12 0.389361 0.059692 0.444688 0.637580 0.141620 0.892195 0.000000 0.000000 0.000000 0.346909 1 6.391201168e-07 1.992005855e-05
12 0.391693 0.062270 0.455652 0.637580 0.141620 0.892195 0.000000 0.000000 0.000000 0.337674 1 3.869645298e-07 1.897616312e-05
12 0.394292 0.064749 0.466398 0.637580 0.141620 0.892195 0.000000 0.000000 0.000000 0.328622 1 1.061940566e-06 2.080388367e-05
12 0.397131 0.067135 0.476933 0.637580 0.141620 0.892195 0.000000 0.000000 0.000000 0.319749 1 3.580935299e-07 1.771491952e-05
12 0.400182 0.069433 0.487260 0.637580 0.141620 0.892195 0.000000 0.000000 0.000000 0.311051 1 5.040783435e-07 1.917779446e-05
12 0.403420 0.071648 0.497383 0.637580 0.141620 0.892195 0.000000 0.000000 0.000000 0.302524 1 3.860332072e-07 1.789885573e-05
12 0.406822 0.073785 0.507306 0.637580 0.141620 0.892195 0.000000 0.000000 0.000000 0.294166 1 4.160683602e-07 1.898501068e-05
12 0.410368 0.075847 0.517033 0.637580 0.141620 0.892195 0.000000 0.000000 0.000000 0.285973 1 5.429610610e-07 1.903180964e-05
12 0.414038 0.077839 0.526568 0.637580 0.141620 0.892195 0.000000 0.000000 0.000000 0.277942 1 4.989560694e-07 1.822807826e-05
12 0.417816 0.079764 0.535914 0.637580 0.141620 0.892195 0.000000 0.000000 0.000000 0.270069 1 3.848690540e-07 1.777103171e-05
12 0.421685 0.081626 0.545077 0.637580 0.141620 0.892195 0.000000 0.000000 0.000000 0.262351 1 5.131587386e-07 1.933588646e-05
12 0.425630 0.083428 0.554058 0.637580 0.141620 0.892195 0.000000 0.000000 0.000000 0.254786 1 3.969762474e-07 1.908885315e-05
12 0.429639 0.085173 0.562862 0.637580 0.141620 0.892195 0.000000 0.000000 0.000000 0.247371 1 8.479692042e-07 2.010096796e-05
12 0.433699 0.086864 0.571492 0.637580 0.141620 0.892195 0.000000 0.000000 0.000000 0.240102 1 4.430767149e-07 1.831492409e-05
12 0.437800 0.088502 0.579952 0.637580 0.141620 0.892195 0.000000 0.000000 0.000000 0.232976 1 3.799796104e-07 1.950911246e-05
12 0.441930 0.090092 0.588245 0.637580 0.141620 0.892195 0.000000 0.000000 0.000000 0.225991 1 4.458706826e-07 1.949910074e-05
12 0.446082 0.091635 0.596374 0.637580 0.141620 0.892195 0.000000 0.000000 0.000000 0.219144 1 8.300412446e-07 3.282888792e-05
13 0.446000 0.093715 0.598839 0.670932 0.193476 0.951652 0.000000 0.000000 0.000000 0.265983 1 3.951136023e-07 9.131152183e-06
13 0.449753 0.097480 0.606759 0.670932 0.193476 0.951652 0.000000 0.000000 0.000000 0.259729 1 2.279412001e-07 8.352100849e-06
13 0.453537 0.101048 0.614522 0.670932 0.193476 0.951652 0.000000 0.000000 0.000000 0.253598 1 2.270098776e-07 8.433125913e-06
13 0.457342 0.104432 0.622132 0.670932 0.193476 0.951652 0.000000 0.000000 0.000000 0.247588 1 2.249144018e-07 8.376780897e-06
13 0.461162 0.107644 0.629593 0.670932 0.193476 0.951652 0.000000 0.000000 0.000000 0.241697 1 2.449378371e-07 8.405884728e-06
13 0.464988 0.110696 0.636905 0.670932 0.193476 0.951652 0.000000 0.000000 0.000000 0.235923 1 2.251472324e-07 8.380040526e-06
13 0.468815 0.113598 0.644074 0.670932 0.193476 0.951652 0.000000 0.000000 0.000000 0.230262 1 2.339947969e-07 8.440110832e-06
13 0.472637 0.116360 0.651101 0.670932 0.193476 0.951652 0.000000 0.000000 0.000000 0.224713 1 4.291068763e-07 1.333397813e-05
13 0.476448 0.118992 0.657989 0.670932 0.193476 0.951652 0.000000 0.000000 0.000000 0.219273 1 4.190951586e-07 1.539802179e-05
13 0.480243 0.121501 0.664741 0.670932 0.193476 0.951652 0.000000 0.000000 0.000000 0.213941 1 2.309679985e-07 8.390983567e-06
13 0.484018 0.123896 0.671360 0.670932 0.193476 0.951652 0.000000 0.000000 0.000000 0.208715 1 2.249144018e-07 8.375849575e-06
13 0.487770 0.126183 0.677848 0.670932 0.193476 0.951652 0.000000 0.000000 0.000000 0.203591 1 7.301568985e-07 2.641091123e-05
13 0.491495 0.128370 0.684208 0.670932 0.193476 0.951652 0.000000 0.000000 0.000000 0.198569 1 5.050096661e-07 1.963204704e-05
13 0.495190 0.130463 0.690443 0.670932 0.193476 0.951652 0.000000 0.000000 0.000000 0.193645 1 5.250331014e-07 1.943693496e-05
13 0.498851 0.132467 0.696554 0.670932 0.193476 0.951652 0.000000 0.000000 0.000000 0.188819 1 3.771856427e-07 1.364620402e-05
13 0.502478 0.134388 0.702545 0.670932 0.193476 0.951652 0.000000 0.000000 0.000000 0.184088 1 2.169981599e-07 1.120893285e-05
13 0.506067 0.136231 0.708418 0.670932 0.193476 0.951652 0.000000 0.000000 0.000000 0.179451 1 1.225154847e-06 2.289703116e-05
13 0.509616 0.138001 0.714174 0.670932 0.193476 0.951652 0.000000 0.000000 0.000000 0.174905 1 1.325970516e-06 2.878089435e-05
13 0.513125 0.139701 0.719817 0.670932 0.193476 0.951652 0.000000 0.000000 0.000000 0.170449 1 3.839377314e-07 2.074800432e-05
13 0.516591 0.141337 0.725349 0.670932 0.193476 0.951652 0.000000 0.000000 0.000000 0.166081 1 6.600748748e-07 2.002296969e-05
14 0.513548 0.142580 0.722153 0.703812 0.247720 1.014408 0.000000 0.000000 0.000000 0.266514 1 4.819594324e-07 1.946301199e-05
14 0.514040 0.145688 0.724247 0.703812 0.247720 1.014408 0.000000 0.000000 0.000000 0.257085 1 4.388857633e-07 1.935497858e-05
14 0.514998 0.148734 0.726908 0.703812 0.247720 1.014408 0.000000 0.000000 0.000000 0.247843 1 4.610046744e-07 1.946091652e-05
14 0.516377 0.151721 0.730077 0.703812 0.247720 1.014408 0.000000 0.000000 0.000000 0.238784 1 4.740431905e-07 1.941807568e-05
14 0.518135 0.154648 0.733701 0.703812 0.247720 1.014408 0.000000 0.000000 0.000000 0.229903 1 4.831235856e-07 1.950701699e-05
14 0.520233 0.157518 0.737731 0.703812 0.247720 1.014408 0.000000 0.000000 0.000000 0.221197 1 4.849862307e-07 1.931516454e-05
14 0.522636 0.160331 0.742123 0.703812 0.247720 1.014408 0.000000 0.000000 0.000000 0.212664 1 3.911554813e-07 1.927604899e-05
14 0.525310 0.163088 0.746836 0.703812 0.247720 1.014408 0.000000 0.000000 0.000000 0.204299 1 3.820750862e-07 1.950212754e-05
14 0.528197 0.165780 0.751787 0.703812 0.247720 1.014408 0.000000 0.000000 0.000000 0.198085 1 3.899913281e-07 1.930491999e-05
14 0.531089 0.168346 0.756688 0.703812 0.247720 1.014408 0.000000 0.000000 0.000000 0.194455 1 1.234933734e-06 2.272403799e-05
14 0.533954 0.170783 0.761491 0.703812 0.247720 1.014408 0.000000 0.000000 0.000000 0.190896 1 4.312023520e-07 1.927092671e-05
14 0.536789 0.173100 0.766200 0.703812 0.247720 1.014408 0.000000 0.000000 0.000000 0.187408 1 4.731118679e-07 1.933798194e-05
14 0.539593 0.175304 0.770816 0.703812 0.247720 1.014408 0.000000 0.000000 0.000000 0.183988 1 3.809109330e-07 1.925299875e-05
14 0.542364 0.177403 0.775340 0.703812 0.247720 1.014408 0.000000 0.000000 0.000000 0.180636 1 4.561152309e-07 1.933402382e-05
14 0.545101 0.179404 0.779776 0.703812 0.247720 1.014408 0.000000 0.000000 0.000000 0.177350 1 1.278938726e-06 2.869917080e-05
14 0.547804 0.181313 0.784124 0.703812 0.247720 1.014408 0.000000 0.000000 0.000000 0.174130 1 7.348135114e-07 2.683000639e-05
14 0.550472 0.183135 0.788386 0.703812 0.247720 1.014408 0.000000 0.000000 0.000000 0.170972 1 7.960479707e-07 2.653710544e-05
14 0.553103 0.184877 0.792563 0.703812 0.247720 1.014408 0.000000 0.000000 0.000000 0.167877 1 7.080379874e-07 2.622697502e-05
14 0.555697 0.186544 0.796659 0.703812 0.247720 1.014408 0.000000 0.000000 0.000000 0.164843 1 7.061753422e-07 2.620811574e-05
14 0.558255 0.188139 0.800673 0.703812 0.247720 1.014408 0.000000 0.000000 0.000000 0.161869 1 6.600748748e-07 2.450286411e-05
15 0.553577 0.188445 0.791291 0.723381 0.292500 0.957477 0.000000 0.000000 0.000000 0.260969 1 4.209578037e-07 1.954915933e-05
15 0.552294 0.190647 0.785089 0.723381 0.292500 0.957477 0.000000 0.000000 0.000000 0.255311 1 7.729977369e-07 1.987698488e-05
15 0.551420 0.192806 0.779777 0.723381 0.292500 0.957477 0.000000 0.000000 0.000000 0.249764 1 4.470348358e-07 1.935195178e-05
15 0.550919 0.194922 0.775276 0.723381 0.292500 0.957477 0.000000 0.000000 0.000000 0.244327 1 4.691537470e-07 1.937383786e-05
15 0.550756 0.196997 0.771517 0.723381 0.292500 0.957477 0.000000 0.000000 0.000000 0.238997 1 4.589091986e-07 1.924904063e-05
15 0.550898 0.199030 0.768436 0.723381 0.292500 0.957477 0.000000 0.000000 0.000000 0.233772 1 4.731118679e-07 1.928396523e-05
15 0.551316 0.201024 0.765971 0.723381 0.292500 0.957477 0.000000 0.000000 0.000000 0.228651 1 4.128087312e-07 1.954799518e-05
15 0.551985 0.202978 0.764069 0.723381 0.292500 0.957477 0.000000 0.000000 0.000000 0.223631 1 4.190951586e-07 1.928000711e-05
15 0.552877 0.204893 0.762679 0.723381 0.292500 0.957477 0.000000 0.000000 0.000000 0.218709 1 4.312023520e-07 1.958711073e-05
15 0.553972 0.206771 0.761754 0.723381 0.292500 0.957477 0.000000 0.000000 0.000000 0.213885 1 4.738103598e-07 1.940806396e-05
15 0.555249 0.208612 0.761251 0.723381 0.292500 0.957477 0.000000 0.000000 0.000000 0.209156 1 4.628673196e-07 1.943996176e-05
15 0.556687 0.210416 0.761131 0.723381 0.292500 0.957477 0.000000 0.000000 0.000000 0.204521 1 5.699694157e-07 2.131587826e-05
15 0.558269 0.212184 0.761358 0.723381 0.292500 0.957477 0.000000 0.000000 0.000000 0.199977 1 4.749745131e-07 1.935195178e-05
15 0.559980 0.213918 0.761898 0.723381 0.292500 0.957477 0.000000 0.000000 0.000000 0.195523 1 4.549510777e-07 2.511497587e-05
15 0.561804 0.215618 0.762721 0.723381 0.292500 0.957477 0.000000 0.000000 0.000000 0.191156 1 4.849862307e-07 1.941598020e-05
15 0.563728 0.217284 0.763799 0.723381 0.292500 0.957477 0.000000 0.000000 0.000000 0.186876 1 4.379544407e-07 1.943693496e-05
15 0.565740 0.218917 0.765105 0.723381 0.292500 0.957477 0.000000 0.000000 0.000000 0.182681 1 4.200264812e-07 1.929514110e-05
15 0.567828 0.220517 0.766616 0.723381 0.292500 0.957477 0.000000 0.000000 0.000000 0.178568 1 4.109460860e-07 1.921900548e-05
15 0.569981 0.222087 0.768311 0.723381 0.292500 0.957477 0.000000 0.000000 0.000000 0.174536 1 4.421453923e-07 1.930794679e-05
15 0.572191 0.223625 0.770169 0.723381 0.292500 0.957477 0.000000 0.000000 0.000000 0.170584 1 4.570465535e-07 1.935497858e-05
16 0.567383 0.223214 0.761110 0.730165 0.327633 0.907439 0.000000 0.000000 0.000000 0.260466 1 4.360917956e-07 1.967092976e-05
16 0.565385 0.224730 0.754324 0.730165 0.327633 0.907439 0.000000 0.000000 0.000000 0.256989 1 4.409812391e-07 1.931702718e-05
16 0.563734 0.226216 0.748299 0.730165 0.327633 0.907439 0.000000 0.000000 0.000000 0.253581 1 4.491303116e-07 1.925905235e-05
16 0.562399 0.227673 0.742973 0.730165 0.327633 0.907439 0.000000 0.000000 0.000000 0.250239 1 5.061738193e-07 1.946883276e-05
16 0.561352 0.229101 0.738287 0.730165 0.327633 0.907439 0.000000 0.000000 0.000000 0.246964 1 4.139728844e-07 1.939898357e-05
16 0.560568 0.230501 0.734187 0.730165 0.327633 0.907439 0.000000 0.000000 0.000000 0.243754 1 4.500616342e-07 1.929700375e-05
16 0.560022 0.231873 0.730624 0.730165 0.327633 0.907439 0.000000 0.000000 0.000000 0.240606 1 5.909241736e-07 1.944391988e-05
16 0.559693 0.233218 0.727552 0.730165 0.327633 0.907439 0.000000 0.000000 0.000000 0.237521 1 4.561152309e-07 1.606694423e-05
16 0.559560 0.234536 0.724929 0.730165 0.327633 0.907439 0.000000 0.000000 0.000000 0.234497 1 1.093139872e-06 2.842210233e-05
16 0.559606 0.235829 0.722716 0.730165 0.327633 0.907439 0.000000 0.000000 0.000000 0.231533 1 7.080379874e-07 2.628588118e-05
16 0.559812 0.237095 0.720878 0.730165 0.327633 0.907439 0.000000 0.000000 0.000000 0.228627 1 8.570495993e-07 2.655503340e-05
16 0.560164 0.238337 0.719382 0.730165 0.327633 0.907439 0.000000 0.000000 0.000000 0.225778 1 7.050111890e-07 2.622697502e-05
16 0.560647 0.239555 0.718197 0.730165 0.327633 0.907439 0.000000 0.000000 0.000000 0.222986 1 7.031485438e-07 2.627493814e-05
16 0.561248 0.240748 0.717296 0.730165 0.327633 0.907439 0.000000 0.000000 0.000000 0.220249 1 4.121102393e-07 1.813005656e-05
16 0.561955 0.241918 0.716654 0.730165 0.327633 0.907439 0.000000 0.000000 0.000000 0.217566 1 7.289927453e-07 2.633687109e-05
16 0.562756 0.243065 0.716245 0.730165 0.327633 0.907439 0.000000 0.000000 0.000000 0.214935 1 9.690411389e-07 2.182088792e-05
16 0.563642 0.244189 0.716050 0.730165 0.327633 0.907439 0.000000 0.000000 0.000000 0.212357 1 3.869645298e-07 1.788209192e-05
16 0.564603 0.245290 0.716048 0.730165 0.327633 0.907439 0.000000 0.000000 0.000000 0.209830 1 8.258502930e-07 2.637295984e-05
16 0.565630 0.246371 0.716220 0.730165 0.327633 0.907439 0.000000 0.000000 0.000000 0.207352 1 5.359761417e-07 1.821899787e-05
16 0.566716 0.247429 0.716550 0.730165 0.327633 0.907439 0.000000 0.000000 0.000000 0.204924 1 4.088506103e-07 1.921295188e-05
17 0.565181 0.246409 0.707471 0.784330 0.324541 0.776102 0.000000 0.000000 0.000000 0.199712 1 9.539071470e-07 2.686399966e-05
17 0.570070 0.247467 0.700912 0.784330 0.324541 0.776102 0.000000 0.000000 0.000000 0.197262 1 4.291068763e-07 1.926301047e-05
17 0.574728 0.248504 0.695003 0.784330 0.324541 0.776102 0.000000 0.000000 0.000000 0.194860 1 4.090834409e-07 1.930305734e-05
17 0.579172 0.249521 0.689689 0.784330 0.324541 0.776102 0.000000 0.000000 0.000000 0.192506 1 5.168840289e-07 1.951586455e-05
17 0.583414 0.250518 0.684923 0.784330 0.324541 0.776102 0.000000 0.000000 0.000000 0.190198 1 4.169996828e-07 1.938198693e-05
17 0.587468 0.251494 0.680659 0.784330 0.324541 0.776102 0.000000 0.000000 0.000000 0.187936 1 6.388872862e-07 1.989095472e-05
17 0.591345 0.252452 0.676857 0.784330 0.324541 0.776102 0.000000 0.000000 0.000000 0.185719 1 4.118774086e-07 1.931702718e-05
17 0.595057 0.253391 0.673478 0.784330 0.324541 0.776102 0.000000 0.000000 0.000000 0.183545 1 7.548369467e-07 2.462905832e-05
17 0.598612 0.254311 0.670487 0.784330 0.324541 0.776102 0.000000 0.000000 0.000000 0.181414 1 7.210765034e-07 2.635293640e-05
17 0.602022 0.255213 0.667852 0.784330 0.324541 0.776102 0.000000 0.000000 0.000000 0.179326 1 4.628673196e-07 1.933402382e-05
17 0.605293 0.256097 0.665542 0.784330 0.324541 0.776102 0.000000 0.000000 0.000000 0.177278 1 3.890600055e-07 1.819594763e-05
17 0.608436 0.256964 0.663531 0.784330 0.324541 0.776102 0.000000 0.000000 0.000000 0.175271 1 7.220078260e-07 2.631894313e-05
17 0.611456 0.257814 0.661793 0.784330 0.324541 0.776102 0.000000 0.000000 0.000000 0.173304 1 9.047798812e-07 2.643698826e-05
17 0.614362 0.258646 0.660305 0.784330 0.324541 0.776102 0.000000 0.000000 0.000000 0.171375 1 4.128087312e-07 1.938920468e-05
17 0.617159 0.259463 0.659045 0.784330 0.324541 0.776102 0.000000 0.000000 0.000000 0.169485 1 7.369089872e-07 2.631102689e-05
17 0.619853 0.260263 0.657993 0.784330 0.324541 0.776102 0.000000 0.000000 0.000000 0.167632 1 7.080379874e-07 2.633198164e-05
17 0.622452 0.261048 0.657132 0.784330 0.324541 0.776102 0.000000 0.000000 0.000000 0.165815 1 4.109460860e-07 1.934892498e-05
17 0.624958 0.261817 0.656444 0.784330 0.324541 0.776102 0.000000 0.000000 0.000000 0.164034 1 5.790498108e-07 1.968792640e-05
17 0.627379 0.262571 0.655914 0.784330 0.324541 0.776102 0.000000 0.000000 0.000000 0.162289 1 4.048924893e-07 1.805112697e-05
17 0.629717 0.263310 0.655528 0.784330 0.324541 0.776102 0.000000 0.000000 0.000000 0.160578 1 4.558824003e-07 1.937896013e-05
18 0.625609 0.261883 0.648151 0.801598 0.347498 0.766428 0.000000 0.000000 0.000000 0.219119 1 4.221219569e-07 1.807208173e-05
18 0.625691 0.262635 0.644387 0.801598 0.347498 0.766428 0.000000 0.000000 0.000000 0.217491 1 4.398170859e-07 1.925812103e-05
18 0.625866 0.263373 0.641006 0.801598 0.347498 0.766428 0.000000 0.000000 0.000000 0.215896 1 6.691552699e-07 2.007000148e-05
18 0.626125 0.264096 0.637979 0.801598 0.347498 0.766428 0.000000 0.000000 0.000000 0.214332 1 4.780013114e-07 1.924391836e-05
18 0.626460 0.264805 0.635275 0.801598 0.347498 0.766428 0.000000 0.000000 0.000000 0.212799 1 9.059440345e-07 2.656201832e-05
18 0.626862 0.265500 0.632869 0.801598 0.347498 0.766428 0.000000 0.000000 0.000000 0.211296 1 7.099006325e-07 2.640299499e-05
18 0.627325 0.266181 0.630735 0.801598 0.347498 0.766428 0.000000 0.000000 0.000000 0.209823 1 4.710163921e-07 1.952610910e-05
18 0.627842 0.266848 0.628851 0.801598 0.347498 0.766428 0.000000 0.000000 0.000000 0.208380 1 4.079192877e-07 1.926696859e-05
18 0.628407 0.267503 0.627196 0.801598 0.347498 0.766428 0.000000 0.000000 0.000000 0.206964 1 4.158355296e-07 1.947092824e-05
18 0.629015 0.268144 0.625751 0.801598 0.347498 0.766428 0.000000 0.000000 0.000000 0.205577 1 6.048940122e-07 1.967395656e-05
18 0.629661 0.268773 0.624498 0.801598 0.347498 0.766428 0.000000 0.000000 0.000000 0.204217 1 4.181638360e-07 1.925602555e-05
18 0.630341 0.269390 0.623420 0.801598 0.347498 0.766428 0.000000 0.000000 0.000000 0.202883 1 4.519242793e-07 1.925602555e-05
18 0.631049 0.269994 0.622503 0.801598 0.347498 0.766428 0.000000 0.000000 0.000000 0.201576 1 4.491303116e-07 1.937011257e-05
18 0.631782 0.270587 0.621733 0.801598 0.347498 0.766428 0.000000 0.000000 0.000000 0.200295 1 4.190951586e-07 1.942599192e-05
18 0.632537 0.271167 0.621096 0.801598 0.347498 0.766428 0.000000 0.000000 0.000000 0.199040 1 4.870817065e-07 1.978990622e-05
18 0.633242 0.271707 0.620516 0.801598 0.347498 0.766428 0.000000 0.000000 0.000000 0.200484 1 5.280598998e-07 1.937104389e-05
18 0.633741 0.272139 0.619835 0.801598 0.347498 0.766428 0.000000 0.000000 0.000000 0.203102 1 4.479661584e-07 1.941109076e-05
18 0.634037 0.272466 0.619050 0.801598 0.347498 0.766428 0.000000 0.000000 0.000000 0.205801 1 3.830064088e-07 1.797196455e-05
18 0.634147 0.272698 0.618168 0.801598 0.347498 0.766428 0.000000 0.000000 0.000000 0.208334 1 4.989560694e-07 1.935590990e-05
18 0.634109 0.272852 0.617222 0.801598 0.347498 0.766428 0.000000 0.000000 0.000000 0.210388 1 7.960479707e-07 2.159108408e-05
19 0.629792 0.269879 0.607673 0.855317 0.318569 0.627673 0.000000 0.000000 0.000000 0.235259 1 3.820750862e-07 1.809699461e-05
19 0.631597 0.267837 0.597811 0.855317 0.318569 0.627673 0.000000 0.000000 0.000000 0.236976 1 4.519242793e-07 1.930585131e-05
19 0.633151 0.265909 0.588625 0.855317 0.318569 0.627673 0.000000 0.000000 0.000000 0.238714 1 4.109460860e-07 1.942110248e-05
19 0.634466 0.264086 0.580057 0.855317 0.318569 0.627673 0.000000 0.000000 0.000000 0.240593 1 4.139728844e-07 1.938990317e-05
19 0.635550 0.262354 0.572053 0.855317 0.318569 0.627673 0.000000 0.000000 0.000000 0.242656 1 3.678724170e-07 1.694308594e-05
19 0.636408 0.260703 0.564559 0.855317 0.318569 0.627673 0.000000 0.000000 0.000000 0.244922 1 4.579778761e-07 1.936615445e-05
19 0.637044 0.259120 0.557527 0.855317 0.318569 0.627673 0.000000 0.000000 0.000000 0.247370 1 3.050081432e-07 1.292722300e-05
19 0.637465 0.257597 0.550914 0.855317 0.318569 0.627673 0.000000 0.000000 0.000000 0.249932 1 2.118758857e-07 1.007481478e-05
19 0.637684 0.256128 0.544685 0.855317 0.318569 0.627673 0.000000 0.000000 0.000000 0.252522 1 4.461035132e-07 1.938315108e-05
19 0.637717 0.254709 0.538811 0.855317 0.318569 0.627673 0.000000 0.000000 0.000000 0.255051 1 4.139728844e-07 1.935381442e-05
19 0.637586 0.253339 0.533269 0.855317 0.318569 0.627673 0.000000 0.000000 0.000000 0.257461 1 4.142057151e-07 1.945695840e-05
19 0.637315 0.252018 0.528044 0.855317 0.318569 0.627673 0.000000 0.000000 0.000000 0.259606 1 4.949979484e-07 1.982809044e-05
19 0.636932 0.250749 0.523123 0.855317 0.318569 0.627673 0.000000 0.000000 0.000000 0.261571 1 4.600733519e-07 1.933705062e-05
19 0.636447 0.249529 0.518484 0.855317 0.318569 0.627673 0.000000 0.000000 0.000000 0.263637 1 4.209578037e-07 1.805298962e-05
19 0.635855 0.248349 0.514095 0.855317 0.318569 0.627673 0.000000 0.000000 0.000000 0.265959 1 3.851018846e-07 1.817196608e-05
19 0.635143 0.247198 0.509923 0.855317 0.318569 0.627673 0.000000 0.000000 0.000000 0.268601 1 4.160683602e-07 1.930794679e-05
19 0.634303 0.246068 0.505937 0.855317 0.318569 0.627673 0.000000 0.000000 0.000000 0.271508 1 1.071020961e-06 2.911710180e-05
19 0.633329 0.244950 0.502112 0.855317 0.318569 0.627673 0.000000 0.000000 0.000000 0.274581 1 6.561167538e-07 2.461601980e-05
19 0.632225 0.243842 0.498431 0.855317 0.318569 0.627673 0.000000 0.000000 0.000000 0.277709 1 9.899958968e-07 2.508098260e-05
19 0.631005 0.242745 0.494885 0.855317 0.318569 0.627673 0.000000 0.000000 0.000000 0.280680 1 7.138587534e-07 2.756691538e-05
20 0.624817 0.240115 0.489123 0.826187 0.319304 0.659086 0.000000 0.000000 0.000000 0.263438 1 8.170027286e-07 2.143601887e-05
20 0.623474 0.239701 0.488768 0.826187 0.319304 0.659086 0.000000 0.000000 0.000000 0.265994 1 4.151370376e-07 2.002506517e-05
20 0.622075 0.239257 0.488313 0.826187 0.319304 0.659086 0.000000 0.000000 0.000000 0.268528 1 4.081521183e-07 1.985603012e-05
20 0.620615 0.238782 0.487760 0.826187 0.319304 0.659086 0.000000 0.000000 0.000000 0.271261 1 4.130415618e-07 1.996499486e-05
20 0.619085 0.238273 0.487103 0.826187 0.319304 0.659086 0.000000 0.000000 0.000000 0.274267 1 4.118774086e-07 2.018292435e-05
20 0.617472 0.237726 0.486337 0.826187 0.319304 0.659086 0.000000 0.000000 0.000000 0.277514 1 4.498288035e-07 2.001388930e-05
20 0.615773 0.237140 0.485461 0.826187 0.319304 0.659086 0.000000 0.000000 0.000000 0.280874 1 4.111789167e-07 2.011191100e-05
20 0.613989 0.236515 0.484482 0.826187 0.319304 0.659086 0.000000 0.000000 0.000000 0.284261 1 4.300381988e-07 1.993984915e-05
20 0.612131 0.235857 0.483409 0.826187 0.319304 0.659086 0.000000 0.000000 0.000000 0.287525 1 5.331821740e-07 2.016103826e-05
20 0.610217 0.235172 0.482260 0.826187 0.319304 0.659086 0.000000 0.000000 0.000000 0.290537 1 4.540197551e-07 1.980015077e-05
20 0.608267 0.234470 0.481053 0.826187 0.319304 0.659086 0.000000 0.000000 0.000000 0.293290 1 4.521571100e-07 2.006418072e-05
20 0.606303 0.233758 0.479808 0.826187 0.319304 0.659086 0.000000 0.000000 0.000000 0.295775 1 4.379544407e-07 1.870188862e-05
20 0.604338 0.233042 0.478538 0.826187 0.319304 0.659086 0.000000 0.000000 0.000000 0.298098 1 4.249159247e-07 1.862691715e-05
20 0.602377 0.232324 0.477248 0.826187 0.319304 0.659086 0.000000 0.000000 0.000000 0.300440 1 7.499475032e-07 2.099899575e-05
20 0.600414 0.231602 0.475935 0.826187 0.319304 0.659086 0.000000 0.000000 0.000000 0.302907 1 4.610046744e-07 1.984019764e-05
20 0.598440 0.230874 0.474594 0.826187 0.319304 0.659086 0.000000 0.000000 0.000000 0.305528 1 4.540197551e-07 2.030399628e-05
20 0.596446 0.230135 0.473219 0.826187 0.319304 0.659086 0.000000 0.000000 0.000000 0.308281 1 4.649627954e-07 2.002692781e-05
20 0.594427 0.229383 0.471808 0.826187 0.319304 0.659086 0.000000 0.000000 0.000000 0.311119 1 4.582107067e-07 1.992611215e-05
20 0.592383 0.228620 0.470361 0.826187 0.319304 0.659086 0.000000 0.000000 0.000000 0.313944 1 4.537869245e-07 1.998711377e-05
20 0.590320 0.227848 0.468886 0.826187 0.319304 0.659086 0.000000 0.000000 0.000000 0.316653 1 4.260800779e-07 1.869187690e-05
21 0.584454 0.224392 0.462079 0.810724 0.259574 0.545449 0.000000 0.000000 0.000000 0.284690 1 4.440080374e-07 1.993193291e-05
21 0.584006 0.221384 0.456483 0.810724 0.259574 0.545449 0.000000 0.000000 0.000000 0.287535 1 4.339963198e-07 1.989607699e-05
21 0.583419 0.218551 0.451201 0.810724 0.259574 0.545449 0.000000 0.000000 0.000000 0.290282 1 4.549510777e-07 2.378411591e-05
21 0.582704 0.215881 0.446209 0.810724 0.259574 0.545449 0.000000 0.000000 0.000000 0.293095 1 4.139728844e-07 1.996592619e-05
21 0.581864 0.213358 0.441479 0.810724 0.259574 0.545449 0.000000 0.000000 0.000000 0.296063 1 4.540197551e-07 2.008280717e-05
21 0.580897 0.210968 0.436984 0.810724 0.259574 0.545449 0.000000 0.000000 0.000000 0.299213 1 4.880130291e-07 2.009584568e-05
21 0.579803 0.208697 0.432698 0.810724 0.259574 0.545449 0.000000 0.000000 0.000000 0.302529 1 5.029141903e-07 2.008792944e-05
21 0.578581 0.206533 0.428600 0.810724 0.259574 0.545449 0.000000 0.000000 0.000000 0.305967 1 4.097819328e-07 2.017291263e-05
21 0.577239 0.204467 0.424673 0.810724 0.259574 0.545449 0.000000 0.000000 0.000000 0.309347 1 4.679895937e-07 1.988606527e-05
21 0.575799 0.202495 0.420912 0.810724 0.259574 0.545449 0.000000 0.000000 0.000000 0.312454 1 4.169996828e-07 1.978990622e-05
21 0.574288 0.200617 0.417319 0.810724 0.259574 0.545449 0.000000 0.000000 0.000000 0.315208 1 5.990732461e-07 2.054614015e-05
21 0.572731 0.198831 0.413892 0.810724 0.259574 0.545449 0.000000 0.000000 0.000000 0.317694 1 4.139728844e-07 1.993007027e-05
21 0.571143 0.197135 0.410628 0.810724 0.259574 0.545449 0.000000 0.000000 0.000000 0.320097 1 3.909226507e-07 1.856801100e-05
21 0.569526 0.195520 0.407513 0.810724 0.259574 0.545449 0.000000 0.000000 0.000000 0.322546 1 4.400499165e-07 1.975102350e-05
21 0.567878 0.193979 0.404533 0.810724 0.259574 0.545449 0.000000 0.000000 0.000000 0.325093 1 4.500616342e-07 2.000387758e-05
21 0.566194 0.192505 0.401672 0.810724 0.259574 0.545449 0.000000 0.000000 0.000000 0.327754 1 4.251487553e-07 1.848815009e-05
21 0.564468 0.191090 0.398917 0.810724 0.259574 0.545449 0.000000 0.000000 0.000000 0.330555 1 4.558824003e-07 2.018990926e-05
21 0.562696 0.189726 0.396252 0.810724 0.259574 0.545449 0.000000 0.000000 0.000000 0.333514 1 4.349276423e-07 2.022390254e-05
21 0.560872 0.188407 0.393666 0.810724 0.259574 0.545449 0.000000 0.000000 0.000000 0.336506 1 4.579778761e-07 1.989514567e-05
21 0.559010 0.187132 0.391159 0.810724 0.259574 0.545449 0.000000 0.000000 0.000000 0.339230 1 7.560010999e-07 2.747494727e-05
22 0.553079 0.184450 0.386056 0.768626 0.238991 0.519159 0.000000 0.000000 0.000000 0.302664 1 2.318993211e-07 8.808914572e-06
22 0.551683 0.183056 0.384152 0.768626 0.238991 0.519159 0.000000 0.000000 0.000000 0.305167 1 3.529712558e-07 1.366902143e-05
22 0.550248 0.181724 0.382297 0.768626 0.238991 0.519159 0.000000 0.000000 0.000000 0.307627 1 2.360902727e-07 8.749077097e-06
22 0.548775 0.180449 0.380484 0.768626 0.238991 0.519159 0.000000 0.000000 0.000000 0.310171 1 2.298038453e-07 8.887844160e-06
22 0.547261 0.179224 0.378707 0.768626 0.238991 0.519159 0.000000 0.000000 0.000000 0.312835 1 7.641501725e-07 2.758088522e-05
22 0.545703 0.178042 0.376957 0.768626 0.238991 0.519159 0.000000 0.000000 0.000000 0.315624 1 7.080379874e-07 2.750498243e-05
22 0.544096 0.176899 0.375228 0.768626 0.238991 0.519159 0.000000 0.000000 0.000000 0.318499 1 7.089693099e-07 2.743909135e-05
22 0.542441 0.175791 0.373517 0.768626 0.238991 0.519159 0.000000 0.000000 0.000000 0.321392 1 9.899958968e-07 2.319808118e-05
22 0.540746 0.174716 0.371824 0.768626 0.238991 0.519159 0.000000 0.000000 0.000000 0.324176 1 4.689209163e-07 2.001808025e-05
22 0.539024 0.173675 0.370154 0.768626 0.238991 0.519159 0.000000 0.000000 0.000000 0.326734 1 5.820766091e-07 2.009398304e-05
22 0.537292 0.172669 0.368517 0.768626 0.238991 0.519159 0.000000 0.000000 0.000000 0.329019 1 4.349276423e-07 2.006604336e-05
22 0.535566 0.171701 0.366920 0.768626 0.238991 0.519159 0.000000 0.000000 0.000000 0.331073 1 4.158355296e-07 2.006604336e-05
22 0.533856 0.170772 0.365367 0.768626 0.238991 0.519159 0.000000 0.000000 0.000000 0.333006 1 5.178153515e-07 1.997896470e-05
22 0.532163 0.169878 0.363856 0.768626 0.238991 0.519159 0.000000 0.000000 0.000000 0.334950 1 4.169996828e-07 1.993100159e-05
22 0.530483 0.169016 0.362382 0.768626 0.238991 0.519159 0.000000 0.000000 0.000000 0.336980 1 5.809124559e-07 2.025184222e-05
22 0.528809 0.168183 0.360938 0.768626 0.238991 0.519159 0.000000 0.000000 0.000000 0.339134 1 4.149042070e-07 1.986999996e-05
22 0.527131 0.167372 0.359516 0.768626 0.238991 0.519159 0.000000 0.000000 0.000000 0.341422 1 4.121102393e-07 2.023903653e-05
22 0.525444 0.166581 0.358109 0.768626 0.238991 0.519159 0.000000 0.000000 0.000000 0.343809 1 5.790498108e-07 2.021715045e-05
22 0.523744 0.165806 0.356714 0.768626 0.238991 0.519159 0.000000 0.000000 0.000000 0.346218 1 4.679895937e-07 2.005603164e-05
22 0.522035 0.165047 0.355333 0.768626 0.238991 0.519159 0.000000 0.000000 0.000000 0.348525 1 5.289912224e-07 1.882202923e-05
23 0.516682 0.162462 0.350196 0.779934 0.196644 0.442156 0.000000 0.000000 0.000000 0.347014 1 4.309695214e-07 1.871981658e-05
23 0.516038 0.159825 0.345427 0.779934 0.196644 0.442156 0.000000 0.000000 0.000000 0.349275 1 4.360917956e-07 1.867883839e-05
23 0.515306 0.157356 0.340947 0.779934 0.196644 0.442156 0.000000 0.000000 0.000000 0.351588 1 4.759058356e-07 1.997500658e-05
23 0.514488 0.155040 0.336730 0.779934 0.196644 0.442156 0.000000 0.000000 0.000000 0.354052 1 4.388857633e-07 1.884810627e-05
23 0.513578 0.152864 0.332750 0.779934 0.196644 0.442156 0.000000 0.000000 0.000000 0.356707 1 5.171168596e-07 2.001109533e-05
23 0.512573 0.150813 0.328982 0.779934 0.196644 0.442156 0.000000 0.000000 0.000000 0.359563 1 4.449393600e-07 1.873401925e-05
23 0.511467 0.148875 0.325403 0.779934 0.196644 0.442156 0.000000 0.000000 0.000000 0.362603 1 5.681067705e-07 1.872796565e-05
23 0.510260 0.147039 0.321993 0.779934 0.196644 0.442156 0.000000 0.000000 0.000000 0.365752 1 4.759058356e-07 1.879804768e-05
23 0.508957 0.145297 0.318739 0.779934 0.196644 0.442156 0.000000 0.000000 0.000000 0.368843 1 4.679895937e-07 2.002413385e-05
23 0.507576 0.143644 0.315634 0.779934 0.196644 0.442156 0.000000 0.000000 0.000000 0.371736 1 4.591420293e-07 1.999503002e-05
23 0.506136 0.142076 0.312674 0.779934 0.196644 0.442156 0.000000 0.000000 0.000000 0.374351 1 5.038455129e-07 1.992797479e-05
23 0.504659 0.140592 0.309858 0.779934 0.196644 0.442156 0.000000 0.000000 0.000000 0.376726 1 4.309695214e-07 1.858896576e-05
23 0.503157 0.139186 0.307180 0.779934 0.196644 0.442156 0.000000 0.000000 0.000000 0.379008 1 4.980247468e-07 2.001482062e-05
23 0.501632 0.137854 0.304629 0.779934 0.196644 0.442156 0.000000 0.000000 0.000000 0.381336 1 6.030313671e-07 2.030702308e-05
23 0.500082 0.136589 0.302194 0.779934 0.196644 0.442156 0.000000 0.000000 0.000000 0.383762 1 3.888271749e-07 1.855986193e-05
23 0.498502 0.135383 0.299861 0.779934 0.196644 0.442156 0.000000 0.000000 0.000000 0.386318 1 4.568137228e-07 1.993193291e-05
23 0.496884 0.134229 0.297617 0.779934 0.196644 0.442156 0.000000 0.000000 0.000000 0.389031 1 5.338806659e-07 2.012588084e-05
23 0.495223 0.133122 0.295451 0.779934 0.196644 0.442156 0.000000 0.000000 0.000000 0.391923 1 4.540197551e-07 2.014706843e-05
23 0.493511 0.132055 0.293350 0.779934 0.196644 0.442156 0.000000 0.000000 0.000000 0.394934 1 4.300381988e-07 1.993589103e-05
23 0.491749 0.131025 0.291308 0.779934 0.196644 0.442156 0.000000 0.000000 0.000000 0.397932 1 4.509929568e-07 2.006092109e-05
24 0.486314 0.129111 0.288131 0.757199 0.190773 0.488471 0.000000 0.000000 0.000000 0.382447 1 4.528556019e-07 2.822908573e-05
24 0.484789 0.128220 0.289115 0.757199 0.190773 0.488471 0.000000 0.000000 0.000000 0.385107 1 5.690380931e-07 1.904019155e-05
24 0.483231 0.127360 0.289926 0.757199 0.190773 0.488471 0.000000 0.000000 0.000000 0.387661 1 3.860332072e-07 1.856312156e-05
24 0.481643 0.126529 0.290578 0.757199 0.190773 0.488471 0.000000 0.000000 0.000000 0.390246 1 4.798639566e-07 2.001202665e-05
24 0.480024 0.125723 0.291081 0.757199 0.190773 0.488471 0.000000 0.000000 0.000000 0.392922 1 4.109460860e-07 1.988303848e-05
24 0.478369 0.124938 0.291443 0.757199 0.190773 0.488471 0.000000 0.000000 0.000000 0.395720 1 4.142057151e-07 1.997384243e-05
24 0.476676 0.124172 0.291669 0.757199 0.190773 0.488471 0.000000 0.000000 0.000000 0.398617 1 3.860332072e-07 2.004299313e-05
24 0.474943 0.123422 0.291769 0.757199 0.190773 0.488471 0.000000 0.000000 0.000000 0.401539 1 4.118774086e-07 2.006278373e-05
24 0.473175 0.122687 0.291752 0.757199 0.190773 0.488471 0.000000 0.000000 0.000000 0.404386 1 5.390029401e-07 2.031307667e-05
24 0.471382 0.121969 0.291633 0.757199 0.190773 0.488471 0.000000 0.000000 0.000000 0.407056 1 4.139728844e-07 1.990911551e-05
24 0.469579 0.121268 0.291428 0.757199 0.190773 0.488471 0.000000 0.000000 0.000000 0.409495 1 4.430767149e-07 2.010492608e-05
24 0.467780 0.120587 0.291151 0.757199 0.190773 0.488471 0.000000 0.000000 0.000000 0.411736 1 4.149042070e-07 1.989700831e-05
24 0.465993 0.119927 0.290814 0.757199 0.190773 0.488471 0.000000 0.000000 0.000000 0.413863 1 4.908069968e-07 1.994194463e-05
24 0.464219 0.119286 0.290424 0.757199 0.190773 0.488471 0.000000 0.000000 0.000000 0.415984 1 9.338837117e-07 2.799113281e-05
24 0.462457 0.118663 0.289982 0.757199 0.190773 0.488471 0.000000 0.000000 0.000000 0.418184 1 7.029157132e-07 2.742582001e-05
24 0.460698 0.118055 0.289490 0.757199 0.190773 0.488471 0.000000 0.000000 0.000000 0.420507 1 7.518101484e-07 2.762000076e-05
24 0.458935 0.117458 0.288945 0.757199 0.190773 0.488471 0.000000 0.000000 0.000000 0.422964 1 7.369089872e-07 2.741790377e-05
24 0.457160 0.116870 0.288347 0.757199 0.190773 0.488471 0.000000 0.000000 0.000000 0.425525 1 4.540197551e-07 2.010678872e-05
24 0.455372 0.116289 0.287698 0.757199 0.190773 0.488471 0.000000 0.000000 0.000000 0.428134 1 6.579793990e-07 1.546205021e-05
24 0.453569 0.115715 0.287002 0.757199 0.190773 0.488471 0.000000 0.000000 0.000000 0.430703 1 3.559980541e-07 1.480197534e-05
25 0.448497 0.114033 0.283704 0.753125 0.168225 0.452343 0.000000 0.000000 0.000000 0.425559 1 5.469191819e-07 1.996709034e-05
25 0.447198 0.112678 0.281822 0.753125 0.168225 0.452343 0.000000 0.000000 0.000000 0.428016 1 5.499459803e-07 2.017710358e-05
25 0.445855 0.111395 0.279998 0.753125 0.168225 0.452343 0.000000 0.000000 0.000000 0.430531 1 4.491303116e-07 1.993798651e-05
25 0.444465 0.110177 0.278225 0.753125 0.168225 0.452343 0.000000 0.000000 0.000000 0.433188 1 4.551839083e-07 1.996988431e-05
25 0.443022 0.109017 0.276492 0.753125 0.168225 0.452343 0.000000 0.000000 0.000000 0.436024 1 4.481989890e-07 1.990911551e-05
25 0.441521 0.107908 0.274790 0.753125 0.168225 0.452343 0.000000 0.000000 0.000000 0.439028 1 5.180481821e-07 1.996592619e-05
25 0.439957 0.106845 0.273113 0.753125 0.168225 0.452343 0.000000 0.000000 0.000000 0.442145 1 4.419125617e-07 1.997686923e-05
25 0.438331 0.105822 0.271454 0.753125 0.168225 0.452343 0.000000 0.000000 0.000000 0.445310 1 4.530884326e-07 2.003391273e-05
25 0.436648 0.104838 0.269814 0.753125 0.168225 0.452343 0.000000 0.000000 0.000000 0.448424 1 4.130415618e-07 2.013309859e-05
25 0.434919 0.103890 0.268195 0.753125 0.168225 0.452343 0.000000 0.000000 0.000000 0.451371 1 4.121102393e-07 1.999386586e-05
25 0.433160 0.102979 0.266602 0.753125 0.168225 0.452343 0.000000 0.000000 0.000000 0.454072 1 6.209593266e-07 2.045487054e-05
25 0.431387 0.102104 0.265043 0.753125 0.168225 0.452343 0.000000 0.000000 0.000000 0.456543 1 4.549510777e-07 2.034194767e-05
25 0.429612 0.101266 0.263520 0.753125 0.168225 0.452343 0.000000 0.000000 0.000000 0.458898 1 4.291068763e-07 2.023414709e-05
25 0.427837 0.100462 0.262032 0.753125 0.168225 0.452343 0.000000 0.000000 0.000000 0.461275 1 4.179310054e-07 1.862808131e-05
25 0.426058 0.099688 0.260574 0.753125 0.168225 0.452343 0.000000 0.000000 0.000000 0.463736 1 4.139728844e-07 1.863297075e-05
25 0.424270 0.098941 0.259141 0.753125 0.168225 0.452343 0.000000 0.000000 0.000000 0.466313 1 2.698507160e-07 1.113791950e-05
25 0.422466 0.098217 0.257725 0.753125 0.168225 0.452343 0.000000 0.000000 0.000000 0.469048 1 2.679880708e-07 1.215096563e-05
25 0.420636 0.097512 0.256320 0.753125 0.168225 0.452343 0.000000 0.000000 0.000000 0.471948 1 4.558824003e-07 2.001016401e-05
25 0.418775 0.096823 0.254919 0.753125 0.168225 0.452343 0.000000 0.000000 0.000000 0.474956 1 4.291068763e-07 1.981714740e-05
25 0.416883 0.096148 0.253522 0.753125 0.168225 0.452343 0.000000 0.000000 0.000000 0.477939 1 4.090834409e-07 1.863203943e-05
26 0.411918 0.094846 0.250829 0.732439 0.166752 0.481798 0.000000 0.000000 0.000000 0.466329 1 4.579778761e-07 1.996406354e-05
26 0.410218 0.094377 0.251259 0.732439 0.166752 0.481798 0.000000 0.000000 0.000000 0.468926 1 3.799796104e-07 1.867697574e-05
26 0.408508 0.093912 0.251562 0.732439 0.166752 0.481798 0.000000 0.000000 0.000000 0.471393 1 4.409812391e-07 2.003693953e-05
26 0.406791 0.093452 0.251752 0.732439 0.166752 0.481798 0.000000 0.000000 0.000000 0.473829 1 4.100147635e-07 1.984182745e-05
26 0.405069 0.092995 0.251837 0.732439 0.166752 0.481798 0.000000 0.000000 0.000000 0.476274 1 4.160683602e-07 1.990888268e-05
26 0.403340 0.092542 0.251823 0.732439 0.166752 0.481798 0.000000 0.000000 0.000000 0.478797 1 4.598405212e-07 1.984788105e-05
26 0.401598 0.092090 0.251715 0.732439 0.166752 0.481798 0.000000 0.000000 0.000000 0.481405 1 4.889443517e-07 2.001295798e-05
26 0.399842 0.091640 0.251517 0.732439 0.166752 0.481798 0.000000 0.000000 0.000000 0.484054 1 5.171168596e-07 2.010003664e-05
26 0.398073 0.091190 0.251238 0.732439 0.166752 0.481798 0.000000 0.000000 0.000000 0.486661 1 4.169996828e-07 2.012192272e-05
26 0.396297 0.090743 0.250885 0.732439 0.166752 0.481798 0.000000 0.000000 0.000000 0.489139 1 4.160683602e-07 1.988303848e-05
26 0.394523 0.090299 0.250472 0.732439 0.166752 0.481798 0.000000 0.000000 0.000000 0.491434 1 4.230532795e-07 1.988699660e-05
26 0.392762 0.089861 0.250009 0.732439 0.166752 0.481798 0.000000 0.000000 0.000000 0.493564 1 4.628673196e-07 1.984392293e-05
26 0.391020 0.089431 0.249505 0.732439 0.166752 0.481798 0.000000 0.000000 0.000000 0.495603 1 7.979106158e-07 2.054707147e-05
26 0.389297 0.089007 0.248964 0.732439 0.166752 0.481798 0.000000 0.000000 0.000000 0.497649 1 4.169996828e-07 1.981016248e-05
26 0.387589 0.088589 0.248387 0.732439 0.166752 0.481798 0.000000 0.000000 0.000000 0.499772 1 4.200264812e-07 1.998594962e-05
26 0.385889 0.088175 0.247774 0.732439 0.166752 0.481798 0.000000 0.000000 0.000000 0.502014 1 4.160683602e-07 1.999503002e-05
26 0.384190 0.087764 0.247123 0.732439 0.166752 0.481798 0.000000 0.000000 0.000000 0.504382 1 2.509914339e-07 1.068692654e-05
26 0.382484 0.087353 0.246431 0.732439 0.166752 0.481798 0.000000 0.000000 0.000000 0.506850 1 2.209562808e-07 9.641051292e-06
26 0.380769 0.086941 0.245700 0.732439 0.166752 0.481798 0.000000 0.000000 0.000000 0.509368 1 4.149042070e-07 2.005719580e-05
26 0.379045 0.086529 0.244932 0.732439 0.166752 0.481798 0.000000 0.000000 0.000000 0.511861 1 4.500616342e-07 1.991912723e-05
27 0.374563 0.085410 0.242172 0.739398 0.161249 0.473214 0.000000 0.000000 0.000000 0.517728 1 4.679895937e-07 2.528401092e-05
27 0.373108 0.084806 0.241052 0.739398 0.161249 0.473214 0.000000 0.000000 0.000000 0.520049 1 4.770699888e-07 1.879106276e-05
27 0.371631 0.084220 0.239933 0.739398 0.161249 0.473214 0.000000 0.000000 0.000000 0.522446 1 4.279427230e-07 1.988606527e-05
27 0.370126 0.083648 0.238810 0.739398 0.161249 0.473214 0.000000 0.000000 0.000000 0.524987 1 7.099006325e-07 2.747704275e-05
27 0.368589 0.083087 0.237677 0.739398 0.161249 0.473214 0.000000 0.000000 0.000000 0.527660 1 9.788200259e-07 2.807495184e-05
27 0.367015 0.082536 0.236533 0.739398 0.161249 0.473214 0.000000 0.000000 0.000000 0.530420 1 6.589107215e-07 2.559507266e-05
27 0.365403 0.081992 0.235375 0.739398 0.161249 0.473214 0.000000 0.000000 0.000000 0.533259 1 4.330649972e-07 2.022786066e-05
27 0.363751 0.081455 0.234201 0.739398 0.161249 0.473214 0.000000 0.000000 0.000000 0.536132 1 4.421453923e-07 2.003391273e-05
27 0.362065 0.080924 0.233014 0.739398 0.161249 0.473214 0.000000 0.000000 0.000000 0.538954 1 4.449393600e-07 2.011982724e-05
27 0.360352 0.080399 0.231819 0.739398 0.161249 0.473214 0.000000 0.000000 0.000000 0.541621 1 9.969808161e-07 2.288003452e-05
27 0.358626 0.079883 0.230622 0.739398 0.161249 0.473214 0.000000 0.000000 0.000000 0.544063 1 4.321336746e-07 1.990399323e-05
27 0.356901 0.079379 0.229434 0.739398 0.161249 0.473214 0.000000 0.000000 0.000000 0.546286 1 4.360917956e-07 1.878198236e-05
27 0.355187 0.078886 0.228259 0.739398 0.161249 0.473214 0.000000 0.000000 0.000000 0.548382 1 3.341119736e-07 1.657195389e-05
27 0.353487 0.078405 0.227098 0.739398 0.161249 0.473214 0.000000 0.000000 0.000000 0.550479 1 4.169996828e-07 1.889909618e-05
27 0.351795 0.077935 0.225949 0.739398 0.161249 0.473214 0.000000 0.000000 0.000000 0.552660 1 4.051253200e-07 1.997710206e-05
27 0.350106 0.077474 0.224806 0.739398 0.161249 0.473214 0.000000 0.000000 0.000000 0.554959 1 3.159511834e-07 1.555122435e-05
27 0.348412 0.077018 0.223665 0.739398 0.161249 0.473214 0.000000 0.000000 0.000000 0.557394 1 4.679895937e-07 2.013798803e-05
27 0.346704 0.076566 0.222520 0.739398 0.161249 0.473214 0.000000 0.000000 0.000000 0.559977 1 4.209578037e-07 2.209097147e-05
27 0.344978 0.076116 0.221367 0.739398 0.161249 0.473214 0.000000 0.000000 0.000000 0.562657 1 4.339963198e-07 2.002809197e-05
27 0.343232 0.075667 0.220204 0.739398 0.161249 0.473214 0.000000 0.000000 0.000000 0.565338 1 4.160683602e-07 1.996988431e-05
28 0.339614 0.075077 0.220969 0.740149 0.163876 0.503147 0.000000 0.000000 0.000000 0.568386 1 4.100147635e-07 2.003205009e-05
28 0.337989 0.074726 0.220625 0.740149 0.163876 0.503147 0.000000 0.000000 0.000000 0.570732 1 4.610046744e-07 2.004299313e-05
28 0.336360 0.074374 0.220221 0.740149 0.163876 0.503147 0.000000 0.000000 0.000000 0.572941 1 4.190951586e-07 1.998594962e-05
28 0.334734 0.074021 0.219763 0.740149 0.163876 0.503147 0.000000 0.000000 0.000000 0.575085 1 4.430767149e-07 1.992098987e-05
28 0.333109 0.073668 0.219258 0.740149 0.163876 0.503147 0.000000 0.000000 0.000000 0.577272 1 4.160683602e-07 1.853192225e-05
28 0.331482 0.073315 0.218704 0.740149 0.163876 0.503147 0.000000 0.000000 0.000000 0.579552 1 3.841705620e-07 1.842807978e-05
28 0.329848 0.072959 0.218103 0.740149 0.163876 0.503147 0.000000 0.000000 0.000000 0.581919 1 7.639173418e-07 2.100598067e-05
28 0.328203 0.072600 0.217456 0.740149 0.163876 0.503147 0.000000 0.000000 0.000000 0.584329 1 3.871973604e-07 1.874100417e-05
28 0.326547 0.072239 0.216765 0.740149 0.163876 0.503147 0.000000 0.000000 0.000000 0.586711 1 1.089647412e-07 4.919013008e-06
28 0.324887 0.071876 0.216038 0.740149 0.163876 0.503147 0.000000 0.000000 0.000000 0.588986 1 1.080334187e-07 4.885951057e-06
28 0.323229 0.071513 0.215281 0.740149 0.163876 0.503147 0.000000 0.000000 0.000000 0.591104 1 4.440080374e-07 1.999898814e-05
28 0.321584 0.071153 0.214505 0.740149 0.163876 0.503147 0.000000 0.000000 0.000000 0.593072 1 3.899913281e-07 1.923413947e-05
28 0.319956 0.070796 0.213714 0.740149 0.163876 0.503147 0.000000 0.000000 0.000000 0.594955 1 4.409812391e-07 1.964089461e-05
28 0.318346 0.070443 0.212911 0.740149 0.163876 0.503147 0.000000 0.000000 0.000000 0.596839 1 4.880130291e-07 1.969002187e-05
28 0.316751 0.070093 0.212095 0.740149 0.163876 0.503147 0.000000 0.000000 0.000000 0.598795 1 3.818422556e-07 1.832796261e-05
28 0.315164 0.069745 0.211265 0.740149 0.163876 0.503147 0.000000 0.000000 0.000000 0.600852 1 3.951136023e-07 1.956894994e-05
28 0.313579 0.069397 0.210417 0.740149 0.163876 0.503147 0.000000 0.000000 0.000000 0.603010 1 4.589091986e-07 1.971819438e-05
28 0.311990 0.069047 0.209548 0.740149 0.163876 0.503147 0.000000 0.000000 0.000000 0.605248 1 4.190951586e-07 1.957314089e-05
28 0.310395 0.068696 0.208659 0.740149 0.163876 0.503147 0.000000 0.000000 0.000000 0.607524 1 5.848705769e-07 1.977104694e-05
28 0.308793 0.068344 0.207750 0.740149 0.163876 0.503147 0.000000 0.000000 0.000000 0.609774 1 4.051253200e-07 1.979898661e-05
29 0.306791 0.068547 0.206961 0.760683 0.176587 0.522237 0.000000 0.000000 0.000000 0.622870 1 4.172325134e-07 1.963484101e-05
29 0.305195 0.068382 0.206147 0.760683 0.176587 0.522237 0.000000 0.000000 0.000000 0.624877 1 4.169996828e-07 1.972308382e-05
29 0.303602 0.068202 0.205313 0.760683 0.176587 0.522237 0.000000 0.000000 0.000000 0.626969 1 4.570465535e-07 1.961388625e-05
29 0.302004 0.068006 0.204456 0.760683 0.176587 0.522237 0.000000 0.000000 0.000000 0.629194 1 5.620531738e-07 2.003018744e-05
29 0.300397 0.067795 0.203574 0.760683 0.176587 0.522237 0.000000 0.000000 0.000000 0.631493 1 4.528556019e-07 1.980410889e-05
29 0.298777 0.067568 0.202666 0.760683 0.176587 0.522237 0.000000 0.000000 0.000000 0.633834 1 4.528556019e-07 1.962203532e-05
29 0.297143 0.067326 0.201734 0.760683 0.176587 0.522237 0.000000 0.000000 0.000000 0.636217 1 4.498288035e-07 1.963600516e-05
29 0.295495 0.067071 0.200776 0.760683 0.176587 0.522237 0.000000 0.000000 0.000000 0.638609 1 4.689209163e-07 1.975102350e-05
29 0.293836 0.066803 0.199798 0.760683 0.176587 0.522237 0.000000 0.000000 0.000000 0.640942 1 4.598405212e-07 1.952983439e-05
29 0.292171 0.066525 0.198804 0.760683 0.176587 0.522237 0.000000 0.000000 0.000000 0.643136 1 4.088506103e-07 1.828186214e-05
29 0.290513 0.066240 0.197802 0.760683 0.176587 0.522237 0.000000 0.000000 0.000000 0.645136 1 4.949979484e-07 1.958501525e-05
29 0.288872 0.065951 0.196802 0.760683 0.176587 0.522237 0.000000 0.000000 0.000000 0.646944 1 4.139728844e-07 1.954683103e-05
29 0.287255 0.065661 0.195809 0.760683 0.176587 0.522237 0.000000 0.000000 0.000000 0.648626 1 4.738103598e-07 1.956103370e-05
29 0.285666 0.065371 0.194826 0.760683 0.176587 0.522237 0.000000 0.000000 0.000000 0.650294 1 3.830064088e-07 1.829792745e-05
29 0.284099 0.065080 0.193850 0.760683 0.176587 0.522237 0.000000 0.000000 0.000000 0.652023 1 4.898756742e-07 1.960713416e-05
29 0.282548 0.064787 0.192877 0.760683 0.176587 0.522237 0.000000 0.000000 0.000000 0.653855 1 4.600733519e-07 1.858989708e-05
29 0.281006 0.064491 0.191903 0.760683 0.176587 0.522237 0.000000 0.000000 0.000000 0.655806 1 4.610046744e-07 1.966115087e-05
29 0.279464 0.064190 0.190922 0.760683 0.176587 0.522237 0.000000 0.000000 0.000000 0.657887 1 4.849862307e-07 1.990981400e-05
29 0.277915 0.063883 0.189932 0.760683 0.176587 0.522237 0.000000 0.000000 0.000000 0.660062 1 4.849862307e-07 1.977803186e-05
29 0.276358 0.063570 0.188929 0.760683 0.176587 0.522237 0.000000 0.000000 0.000000 0.662250 1 4.710163921e-07 1.972098835e-05
30 0.274772 0.063476 0.188862 0.786128 0.185751 0.553362 0.000000 0.000000 0.000000 0.675333 1 5.660112947e-07 2.018595114e-05
30 0.273205 0.063217 0.188109 0.786128 0.185751 0.553362 0.000000 0.000000 0.000000 0.677234 1 4.949979484e-07 1.956406049e-05
30 0.271647 0.062952 0.187335 0.786128 0.185751 0.553362 0.000000 0.000000 0.000000 0.679065 1 5.399342626e-07 1.983880065e-05
30 0.270098 0.062681 0.186543 0.786128 0.185751 0.553362 0.000000 0.000000 0.000000 0.680883 1 4.169996828e-07 1.949490979e-05
30 0.268557 0.062404 0.185734 0.786128 0.185751 0.553362 0.000000 0.000000 0.000000 0.682740 1 4.651956260e-07 1.969095320e-05
30 0.267021 0.062122 0.184906 0.786128 0.185751 0.553362 0.000000 0.000000 0.000000 0.684660 1 4.589091986e-07 1.959013753e-05
30 0.265484 0.061834 0.184059 0.786128 0.185751 0.553362 0.000000 0.000000 0.000000 0.686637 1 4.561152309e-07 1.970189624e-05
30 0.263945 0.061539 0.183193 0.786128 0.185751 0.553362 0.000000 0.000000 0.000000 0.688637 1 1.031439751e-07 4.854053259e-06
30 0.262404 0.061238 0.182308 0.786128 0.185751 0.553362 0.000000 0.000000 0.000000 0.690607 1 1.110602170e-07 4.826113582e-06
30 0.260866 0.060934 0.181410 0.786128 0.185751 0.553362 0.000000 0.000000 0.000000 0.692486 1 1.119915396e-07 4.818197340e-06
30 0.259336 0.060626 0.180503 0.786128 0.185751 0.553362 0.000000 0.000000 0.000000 0.694233 1 1.129228622e-07 4.847068340e-06
30 0.257823 0.060319 0.179596 0.786128 0.185751 0.553362 0.000000 0.000000 0.000000 0.695846 1 4.551839083e-07 1.964182593e-05
30 0.256333 0.060013 0.178691 0.786128 0.185751 0.553362 0.000000 0.000000 0.000000 0.697378 1 9.569339454e-07 2.756598406e-05
30 0.254864 0.059709 0.177792 0.786128 0.185751 0.553362 0.000000 0.000000 0.000000 0.698904 1 7.061753422e-07 2.704211511e-05
30 0.253415 0.059406 0.176895 0.786128 0.185751 0.553362 0.000000 0.000000 0.000000 0.700486 1 5.220063031e-07 1.979013905e-05
30 0.251979 0.059103 0.175999 0.786128 0.185751 0.553362 0.000000 0.000000 0.000000 0.702147 1 4.149042070e-07 1.960014924e-05
30 0.250550 0.058799 0.175098 0.786128 0.185751 0.553362 0.000000 0.000000 0.000000 0.703887 1 4.200264812e-07 1.958617941e-05
30 0.249123 0.058492 0.174191 0.786128 0.185751 0.553362 0.000000 0.000000 0.000000 0.705692 1 7.790513337e-07 2.055382356e-05
30 0.247696 0.058184 0.173277 0.786128 0.185751 0.553362 0.000000 0.000000 0.000000 0.707528 1 4.589091986e-07 1.969304867e-05
30 0.246268 0.057873 0.172354 0.786128 0.185751 0.553362 0.000000 0.000000 0.000000 0.709341 1 4.579778761e-07 1.968489960e-05
31 0.244603 0.058170 0.171689 0.826255 0.212012 0.592455 0.000000 0.000000 0.000000 0.725509 1 4.149042070e-07 2.006907016e-05
31 0.243179 0.058157 0.170953 0.826255 0.212012 0.592455 0.000000 0.000000 0.000000 0.727081 1 4.100147635e-07 1.958291978e-05
31 0.241762 0.058120 0.170199 0.826255 0.212012 0.592455 0.000000 0.000000 0.000000 0.728739 1 3.790482879e-07 1.941388473e-05
31 0.240344 0.058057 0.169425 0.826255 0.212012 0.592455 0.000000 0.000000 0.000000 0.730521 1 4.840549082e-07 1.971400343e-05
31 0.238919 0.057969 0.168627 0.826255 0.212012 0.592455 0.000000 0.000000 0.000000 0.732352 1 4.549510777e-07 1.952704042e-05
31 0.237487 0.057858 0.167807 0.826255 0.212012 0.592455 0.000000 0.000000 0.000000 0.734199 1 4.169996828e-07 1.950399019e-05
31 0.236048 0.057726 0.166966 0.826255 0.212012 0.592455 0.000000 0.000000 0.000000 0.736059 1 4.970934242e-07 1.961085945e-05
31 0.234601 0.057573 0.166104 0.826255 0.212012 0.592455 0.000000 0.000000 0.000000 0.737907 1 4.169996828e-07 1.953099854e-05
31 0.233150 0.057402 0.165226 0.826255 0.212012 0.592455 0.000000 0.000000 0.000000 0.739694 1 4.130415618e-07 1.963088289e-05
31 0.231701 0.057217 0.164337 0.826255 0.212012 0.592455 0.000000 0.000000 0.000000 0.741363 1 7.760245353e-07 2.028699964e-05
31 0.230263 0.057020 0.163444 0.826255 0.212012 0.592455 0.000000 0.000000 0.000000 0.742876 1 4.000030458e-07 1.957104541e-05
31 0.228844 0.056815 0.162555 0.826255 0.212012 0.592455 0.000000 0.000000 0.000000 0.744237 1 4.561152309e-07 1.974008046e-05
31 0.227453 0.056604 0.161675 0.826255 0.212012 0.592455 0.000000 0.000000 0.000000 0.745491 1 4.558824003e-07 1.974822953e-05
31 0.226090 0.056389 0.160807 0.826255 0.212012 0.592455 0.000000 0.000000 0.000000 0.746724 1 5.038455129e-07 1.958408393e-05
31 0.224752 0.056171 0.159948 0.826255 0.212012 0.592455 0.000000 0.000000 0.000000 0.748003 1 1.019798219e-06 2.254312858e-05
31 0.223433 0.055948 0.159095 0.826255 0.212012 0.592455 0.000000 0.000000 0.000000 0.749363 1 3.869645298e-07 1.831515692e-05
31 0.222125 0.055719 0.158243 0.826255 0.212012 0.592455 0.000000 0.000000 0.000000 0.750827 1 5.359761417e-07 1.961202361e-05
31 0.220821 0.055482 0.157387 0.826255 0.212012 0.592455 0.000000 0.000000 0.000000 0.752402 1 4.689209163e-07 1.965695992e-05
31 0.219514 0.055237 0.156523 0.826255 0.212012 0.592455 0.000000 0.000000 0.000000 0.754062 1 7.029157132e-07 2.703908831e-05
31 0.218200 0.054984 0.155648 0.826255 0.212012 0.592455 0.000000 0.000000 0.000000 0.755744 1 4.160683602e-07 1.956801862e-05
32 0.216876 0.054857 0.154769 0.874631 0.228444 0.627379 0.000000 0.000000 0.000000 0.770837 1 6.488990039e-07 1.976895146e-05
32 0.215557 0.054650 0.153884 0.874631 0.228444 0.627379 0.000000 0.000000 0.000000 0.772292 1 5.611218512e-07 1.982785761e-05
32 0.214243 0.054434 0.152998 0.874631 0.228444 0.627379 0.000000 0.000000 0.000000 0.773713 1 4.400499165e-07 1.959991641e-05
32 0.212935 0.054210 0.152113 0.874631 0.228444 0.627379 0.000000 0.000000 0.000000 0.775118 1 4.500616342e-07 1.956988126e-05
32 0.211633 0.053978 0.151227 0.874631 0.228444 0.627379 0.000000 0.000000 0.000000 0.776545 1 4.351604730e-07 1.985300332e-05
32 0.210334 0.053738 0.150339 0.874631 0.228444 0.627379 0.000000 0.000000 0.000000 0.778011 1 4.519242793e-07 1.956103370e-05
32 0.209034 0.053491 0.149448 0.874631 0.228444 0.627379 0.000000 0.000000 0.000000 0.779515 1 5.951151252e-07 1.984997652e-05
32 0.207732 0.053236 0.148552 0.874631 0.228444 0.627379 0.000000 0.000000 0.000000 0.781034 1 4.309695214e-07 1.967092976e-05
32 0.206429 0.052974 0.147652 0.874631 0.228444 0.627379 0.000000 0.000000 0.000000 0.782527 1 4.519242793e-07 1.960317604e-05
32 0.205128 0.052707 0.146752 0.874631 0.228444 0.627379 0.000000 0.000000 0.000000 0.783953 1 4.360917956e-07 1.955591142e-05
32 0.203835 0.052436 0.145854 0.874631 0.228444 0.627379 0.000000 0.000000 0.000000 0.785278 1 4.658941180e-07 1.965393312e-05
32 0.202556 0.052164 0.144964 0.874631 0.228444 0.627379 0.000000 0.000000 0.000000 0.786500 1 5.210749805e-07 1.988303848e-05
32 0.201296 0.051892 0.144086 0.874631 0.228444 0.627379 0.000000 0.000000 0.000000 0.787654 1 4.440080374e-07 1.953495666e-05
32 0.200056 0.051620 0.143220 0.874631 0.228444 0.627379 0.000000 0.000000 0.000000 0.788797 1 4.509929568e-07 1.953891478e-05
32 0.198834 0.051350 0.142365 0.874631 0.228444 0.627379 0.000000 0.000000 0.000000 0.789980 1 4.228204489e-07 1.834100112e-05
32 0.197623 0.051078 0.141516 0.874631 0.228444 0.627379 0.000000 0.000000 0.000000 0.791226 1 4.519242793e-07 1.965882257e-05
32 0.196420 0.050805 0.140671 0.874631 0.228444 0.627379 0.000000 0.000000 0.000000 0.792533 1 4.600733519e-07 1.839711331e-05
32 0.195219 0.050530 0.139827 0.874631 0.228444 0.627379 0.000000 0.000000 0.000000 0.793890 1 4.610046744e-07 1.965812407e-05
32 0.194018 0.050252 0.138981 0.874631 0.228444 0.627379 0.000000 0.000000 0.000000 0.795273 1 4.679895937e-07 1.839385368e-05
32 0.192816 0.049970 0.138134 0.874631 0.228444 0.627379 0.000000 0.000000 0.000000 0.796639 1 4.060566425e-07 2.012494951e-05
33 0.191605 0.050062 0.137210 0.934111 0.259077 0.667328 0.000000 0.000000 0.000000 0.810901 1 7.301568985e-07 2.705492079e-05
33 0.190408 0.049967 0.136330 0.934111 0.259077 0.667328 0.000000 0.000000 0.000000 0.812070 1 5.210749805e-07 1.995591447e-05
33 0.189216 0.049855 0.135455 0.934111 0.259077 0.667328 0.000000 0.000000 0.000000 0.813320 1 4.479661584e-07 1.978594810e-05
33 0.188021 0.049726 0.134580 0.934111 0.259077 0.667328 0.000000 0.000000 0.000000 0.814672 1 5.888286978e-07 2.010399476e-05
33 0.186821 0.049579 0.133703 0.934111 0.259077 0.667328 0.000000 0.000000 0.000000 0.816046 1 4.142057151e-07 1.966115087e-05
33 0.185613 0.049416 0.132822 0.934111 0.259077 0.667328 0.000000 0.000000 0.000000 0.817420 1 2.710148692e-07 1.099100336e-05
33 0.184400 0.049238 0.131939 0.934111 0.259077 0.667328 0.000000 0.000000 0.000000 0.818789 1 2.880115062e-07 1.188018359e-05
33 0.183183 0.049047 0.131053 0.934111 0.259077 0.667328 0.000000 0.000000 0.000000 0.820135 1 4.719477147e-07 1.954799518e-05
33 0.181965 0.048844 0.130169 0.934111 0.259077 0.667328 0.000000 0.000000 0.000000 0.821425 1 6.121117622e-07 2.036895603e-05
33 0.180751 0.048633 0.129288 0.934111 0.259077 0.667328 0.000000 0.000000 0.000000 0.822621 1 4.649627954e-07 2.248794772e-05
33 0.179550 0.048415 0.128418 0.934111 0.259077 0.667328 0.000000 0.000000 0.000000 0.823698 1 4.388857633e-07 1.983996481e-05
33 0.178368 0.048193 0.127562 0.934111 0.259077 0.667328 0.000000 0.000000 0.000000 0.824662 1 4.549510777e-07 1.978501678e-05
33 0.177211 0.047971 0.126725 0.934111 0.259077 0.667328 0.000000 0.000000 0.000000 0.825543 1 1.096166670e-06 2.339691855e-05
33 0.176081 0.047748 0.125908 0.934111 0.259077 0.667328 0.000000 0.000000 0.000000 0.826403 1 4.379544407e-07 1.973682083e-05
33 0.174975 0.047525 0.125109 0.934111 0.259077 0.667328 0.000000 0.000000 0.000000 0.827298 1 4.130415618e-07 1.936708577e-05
33 0.173888 0.047301 0.124324 0.934111 0.259077 0.667328 0.000000 0.000000 0.000000 0.828255 1 4.589091986e-07 1.949188299e-05
33 0.172812 0.047073 0.123548 0.934111 0.259077 0.667328 0.000000 0.000000 0.000000 0.829294 1 4.889443517e-07 1.941085793e-05
33 0.171741 0.046842 0.122776 0.934111 0.259077 0.667328 0.000000 0.000000 0.000000 0.830421 1 4.398170859e-07 1.931702718e-05
33 0.170668 0.046605 0.122003 0.934111 0.259077 0.667328 0.000000 0.000000 0.000000 0.831617 1 3.848690540e-07 1.809606329e-05
33 0.169591 0.046363 0.121227 0.934111 0.259077 0.667328 0.000000 0.000000 0.000000 0.832830 1 4.579778761e-07 1.968396828e-05
34 0.168510 0.046172 0.120195 1.001703 0.280737 0.702744 0.000000 0.000000 0.000000 0.845202 1 1.035165042e-06 2.340297215e-05
34 0.167431 0.045951 0.119286 1.001703 0.280737 0.702744 0.000000 0.000000 0.000000 0.846247 1 4.281755537e-07 1.944205724e-05
34 0.166355 0.045724 0.118391 1.001703 0.280737 0.702744 0.000000 0.000000 0.000000 0.847286 1 7.699709386e-07 2.151587978e-05
34 0.165282 0.045493 0.117509 1.001703 0.280737 0.702744 0.000000 0.000000 0.000000 0.848311 1 4.579778761e-07 1.947395504e-05
34 0.164213 0.045257 0.116639 1.001703 0.280737 0.702744 0.000000 0.000000 0.000000 0.849345 1 4.197936505e-07 1.939595677e-05
34 0.163145 0.045016 0.115779 1.001703 0.280737 0.702744 0.000000 0.000000 0.000000 0.850403 1 7.471535355e-07 2.049910836e-05
34 0.162077 0.044771 0.114928 1.001703 0.280737 0.702744 0.000000 0.000000 0.000000 0.851485 1 4.200264812e-07 1.954892650e-05
34 0.161007 0.044522 0.114083 1.001703 0.280737 0.702744 0.000000 0.000000 0.000000 0.852576 1 4.479661584e-07 1.950492151e-05
34 0.159935 0.044268 0.113245 1.001703 0.280737 0.702744 0.000000 0.000000 0.000000 0.853649 1 4.468020052e-07 1.937104389e-05
34 0.158866 0.044011 0.112415 1.001703 0.280737 0.702744 0.000000 0.000000 0.000000 0.854673 1 4.479661584e-07 1.953099854e-05
34 0.157803 0.043752 0.111595 1.001703 0.280737 0.702744 0.000000 0.000000 0.000000 0.855622 1 4.509929568e-07 1.951889135e-05
34 0.156752 0.043494 0.110789 1.001703 0.280737 0.702744 0.000000 0.000000 0.000000 0.856494 1 4.689209163e-07 1.941598020e-05
34 0.155717 0.043238 0.110000 1.001703 0.280737 0.702744 0.000000 0.000000 0.000000 0.857311 1 4.780013114e-07 1.833913848e-05
34 0.154700 0.042983 0.109228 1.001703 0.280737 0.702744 0.000000 0.000000 0.000000 0.858117 1 4.698522389e-07 1.947488636e-05
34 0.153697 0.042731 0.108471 1.001703 0.280737 0.702744 0.000000 0.000000 0.000000 0.858949 1 4.498288035e-07 1.945300028e-05
34 0.152706 0.042480 0.107726 1.001703 0.280737 0.702744 0.000000 0.000000 0.000000 0.859828 1 4.509929568e-07 1.944787800e-05
34 0.151721 0.042228 0.106990 1.001703 0.280737 0.702744 0.000000 0.000000 0.000000 0.860755 1 4.437752068e-07 1.937896013e-05
34 0.150739 0.041976 0.106258 1.001703 0.280737 0.702744 0.000000 0.000000 0.000000 0.861720 1 5.480833352e-07 2.555106767e-05
34 0.149757 0.041721 0.105530 1.001703 0.280737 0.702744 0.000000 0.000000 0.000000 0.862707 1 4.321336746e-07 1.948908903e-05
34 0.148775 0.041465 0.104805 1.001703 0.280737 0.702744 0.000000 0.000000 0.000000 0.863686 1 4.810281098e-07 1.969188452e-05
35 0.147796 0.041443 0.103904 1.077448 0.316998 0.744275 0.000000 0.000000 0.000000 0.874114 1 4.540197551e-07 1.949910074e-05
35 0.146823 0.041314 0.103092 1.077448 0.316998 0.744275 0.000000 0.000000 0.000000 0.874949 1 4.738103598e-07 1.931586303e-05
35 0.145852 0.041173 0.102294 1.077448 0.316998 0.744275 0.000000 0.000000 0.000000 0.875857 1 1.264037564e-06 2.979207784e-05
35 0.144877 0.041020 0.101502 1.077448 0.316998 0.744275 0.000000 0.000000 0.000000 0.876840 1 7.690396160e-07 2.677389421e-05
35 0.143895 0.040855 0.100714 1.077448 0.316998 0.744275 0.000000 0.000000 0.000000 0.877826 1 7.648486644e-07 2.684490755e-05
35 0.142908 0.040678 0.099931 1.077448 0.316998 0.744275 0.000000 0.000000 0.000000 0.878803 1 4.218891263e-07 1.936103217e-05
35 0.141916 0.040491 0.099152 1.077448 0.316998 0.744275 0.000000 0.000000 0.000000 0.879767 1 7.350463420e-07 2.674199641e-05
35 0.140921 0.040296 0.098379 1.077448 0.316998 0.744275 0.000000 0.000000 0.000000 0.880705 1 8.188653737e-07 2.095499076e-05
35 0.139927 0.040093 0.097613 1.077448 0.316998 0.744275 0.000000 0.000000 0.000000 0.881595 1 6.170012057e-07 1.971307211e-05
35 0.138939 0.039885 0.096857 1.077448 0.316998 0.744275 0.000000 0.000000 0.000000 0.882414 1 8.339993656e-07 2.708612010e-05
35 0.137963 0.039674 0.096115 1.077448 0.316998 0.744275 0.000000 0.000000 0.000000 0.883146 1 5.180481821e-07 1.960503869e-05
35 0.137006 0.039463 0.095391 1.077448 0.316998 0.744275 0.000000 0.000000 0.000000 0.883796 1 4.048924893e-07 1.934985630e-05
35 0.136071 0.039253 0.094688 1.077448 0.316998 0.744275 0.000000 0.000000 0.000000 0.884384 1 4.579778761e-07 1.946394332e-05
35 0.135160 0.039045 0.094005 1.077448 0.316998 0.744275 0.000000 0.000000 0.000000 0.884954 1 4.509929568e-07 1.960899681e-05
35 0.134272 0.038839 0.093342 1.077448 0.316998 0.744275 0.000000 0.000000 0.000000 0.885549 1 5.308538675e-07 1.967186108e-05
35 0.133400 0.038634 0.092695 1.077448 0.316998 0.744275 0.000000 0.000000 0.000000 0.886192 1 4.151370376e-07 1.925788820e-05
35 0.132540 0.038428 0.092058 1.077448 0.316998 0.744275 0.000000 0.000000 0.000000 0.886897 1 4.889443517e-07 1.943507232e-05
35 0.131684 0.038219 0.091428 1.077448 0.316998 0.744275 0.000000 0.000000 0.000000 0.887668 1 4.558824003e-07 1.936918125e-05
35 0.130827 0.038008 0.090801 1.077448 0.316998 0.744275 0.000000 0.000000 0.000000 0.888489 1 4.770699888e-07 1.941085793e-05
35 0.129967 0.037792 0.090174 1.077448 0.316998 0.744275 0.000000 0.000000 0.000000 0.889325 1 1.520384103e-07 5.214009434e-06
36 0.129107 0.037612 0.089280 1.160081 0.344416 0.779887 0.000000 0.000000 0.000000 0.897944 1 1.010484993e-07 4.871049896e-06
36 0.128248 0.037412 0.088511 1.160081 0.344416 0.779887 0.000000 0.000000 0.000000 0.898663 1 9.059440345e-07 2.703792416e-05
36 0.127389 0.037208 0.087758 1.160081 0.344416 0.779887 0.000000 0.000000 0.000000 0.899405 1 7.450580597e-07 2.669915557e-05
36 0.126531 0.037000 0.087018 1.160081 0.344416 0.779887 0.000000 0.000000 0.000000 0.900137 1 4.931353033e-07 1.814705320e-05
36 0.125673 0.036789 0.086291 1.160081 0.344416 0.779887 0.000000 0.000000 0.000000 0.900868 1 4.088506103e-07 1.937593333e-05
36 0.124816 0.036575 0.085576 1.160081 0.344416 0.779887 0.000000 0.000000 0.000000 0.901609 1 4.689209163e-07 1.945393160e-05
36 0.123958 0.036357 0.084871 1.160081 0.344416 0.779887 0.000000 0.000000 0.000000 0.902362 1 5.511101335e-07 1.982902177e-05
36 0.123099 0.036136 0.084175 1.160081 0.344416 0.779887 0.000000 0.000000 0.000000 0.903117 1 4.069879651e-07 1.938501373e-05
36 0.122238 0.035912 0.083488 1.160081 0.344416 0.779887 0.000000 0.000000 0.000000 0.903857 1 4.479661584e-07 2.501998097e-05
36 0.121380 0.035687 0.082810 1.160081 0.344416 0.779887 0.000000 0.000000 0.000000 0.904561 1 4.458706826e-07 1.955404878e-05
36 0.120528 0.035461 0.082144 1.160081 0.344416 0.779887 0.000000 0.000000 0.000000 0.905212 1 4.058238119e-07 1.947884448e-05
36 0.119685 0.035235 0.081492 1.160081 0.344416 0.779887 0.000000 0.000000 0.000000 0.905806 1 7.171183825e-07 2.381019294e-05
36 0.118857 0.035012 0.080856 1.160081 0.344416 0.779887 0.000000 0.000000 0.000000 0.906357 1 4.149042070e-07 1.948210411e-05
36 0.118044 0.034792 0.080236 1.160081 0.344416 0.779887 0.000000 0.000000 0.000000 0.906898 1 4.970934242e-07 1.950492151e-05
36 0.117245 0.034574 0.079631 1.160081 0.344416 0.779887 0.000000 0.000000 0.000000 0.907457 1 6.339978427e-07 1.967907883e-05
36 0.116456 0.034358 0.079038 1.160081 0.344416 0.779887 0.000000 0.000000 0.000000 0.908048 1 4.360917956e-07 1.954892650e-05
36 0.115673 0.034142 0.078454 1.160081 0.344416 0.779887 0.000000 0.000000 0.000000 0.908675 1 1.139938831e-06 2.917391248e-05
36 0.114892 0.033926 0.077876 1.160081 0.344416 0.779887 0.000000 0.000000 0.000000 0.909333 1 5.171168596e-07 1.959502697e-05
36 0.114112 0.033708 0.077303 1.160081 0.344416 0.779887 0.000000 0.000000 0.000000 0.910011 1 6.000045687e-07 2.006907016e-05
36 0.113331 0.033490 0.076733 1.160081 0.344416 0.779887 0.000000 0.000000 0.000000 0.910687 1 3.869645298e-07 1.814798452e-05
37 0.112559 0.033442 0.076007 1.247963 0.387027 0.822883 0.000000 0.000000 0.000000 0.917520 1 4.628673196e-07 1.940014772e-05
37 0.111788 0.033316 0.075361 1.247963 0.387027 0.822883 0.000000 0.000000 0.000000 0.918103 1 3.799796104e-07 1.821899787e-05
37 0.111017 0.033181 0.074726 1.247963 0.387027 0.822883 0.000000 0.000000 0.000000 0.918751 1 4.151370376e-07 1.952494495e-05
37 0.110240 0.033036 0.074096 1.247963 0.387027 0.822883 0.000000 0.000000 0.000000 0.919450 1 6.479676813e-07 1.970492303e-05
37 0.109456 0.032881 0.073471 1.247963 0.387027 0.822883 0.000000 0.000000 0.000000 0.920143 1 3.851018846e-07 1.824507490e-05
37 0.108667 0.032718 0.072851 1.247963 0.387027 0.822883 0.000000 0.000000 0.000000 0.920820 1 4.128087312e-07 1.948396675e-05
37 0.107874 0.032548 0.072236 1.247963 0.387027 0.822883 0.000000 0.000000 0.000000 0.921477 1 3.781169653e-07 1.815916039e-05
37 0.107080 0.032372 0.071627 1.247963 0.387027 0.822883 0.000000 0.000000 0.000000 0.922108 1 4.470348358e-07 1.968815923e-05
37 0.106289 0.032191 0.071027 1.247963 0.387027 0.822883 0.000000 0.000000 0.000000 0.922698 1 1.045875251e-06 2.315500751e-05
37 0.105505 0.032007 0.070438 1.247963 0.387027 0.822883 0.000000 0.000000 0.000000 0.923233 1 4.270114005e-07 1.934007742e-05
37 0.104733 0.031822 0.069862 1.247963 0.387027 0.822883 0.000000 0.000000 0.000000 0.923707 1 7.699709386e-07 2.683699131e-05
37 0.103979 0.031639 0.069303 1.247963 0.387027 0.822883 0.000000 0.000000 0.000000 0.924123 1 4.239846021e-07 1.976988278e-05
37 0.103245 0.031458 0.068762 1.247963 0.387027 0.822883 0.000000 0.000000 0.000000 0.924492 1 4.330649972e-07 1.937407069e-05
37 0.102533 0.031280 0.068240 1.247963 0.387027 0.822883 0.000000 0.000000 0.000000 0.924846 1 9.608920664e-07 2.685701475e-05
37 0.101841 0.031106 0.067735 1.247963 0.387027 0.822883 0.000000 0.000000 0.000000 0.925215 1 4.689209163e-07 1.942785457e-05
37 0.101165 0.030933 0.067245 1.247963 0.387027 0.822883 0.000000 0.000000 0.000000 0.925618 1 9.981449693e-07 2.248398960e-05
37 0.100501 0.030761 0.066765 1.247963 0.387027 0.822883 0.000000 0.000000 0.000000 0.926066 1 4.121102393e-07 1.944694668e-05
37 0.099842 0.030587 0.066292 1.247963 0.387027 0.822883 0.000000 0.000000 0.000000 0.926561 1 4.798639566e-07 1.842109486e-05
37 0.099183 0.030412 0.065823 1.247963 0.387027 0.822883 0.000000 0.000000 0.000000 0.927093 1 4.081521183e-07 1.826300286e-05
37 0.098524 0.030234 0.065356 1.247963 0.387027 0.822883 0.000000 0.000000 0.000000 0.927639 1 5.210749805e-07 1.961598173e-05
38 0.097867 0.030099 0.064675 1.341869 0.421410 0.858739 0.000000 0.000000 0.000000 0.933169 1 9.741634130e-07 1.990795135e-05
38 0.097210 0.029942 0.064098 1.341869 0.421410 0.858739 0.000000 0.000000 0.000000 0.933643 1 4.090834409e-07 1.939083450e-05
38 0.096553 0.029780 0.063532 1.341869 0.421410 0.858739 0.000000 0.000000 0.000000 0.934159 1 6.440095603e-07 1.850095578e-05
38 0.095892 0.029615 0.062975 1.341869 0.421410 0.858739 0.000000 0.000000 0.000000 0.934675 1 3.839377314e-07 1.843995415e-05
38 0.095230 0.029445 0.062428 1.341869 0.421410 0.858739 0.000000 0.000000 0.000000 0.935182 1 4.728790373e-07 1.823180355e-05
38 0.094567 0.029272 0.061889 1.341869 0.421410 0.858739 0.000000 0.000000 0.000000 0.935687 1 8.149072528e-07 2.033379860e-05
38 0.093902 0.029096 0.061358 1.341869 0.421410 0.858739 0.000000 0.000000 0.000000 0.936192 1 4.421453923e-07 1.961109228e-05
38 0.093237 0.028918 0.060835 1.341869 0.421410 0.858739 0.000000 0.000000 0.000000 0.936693 1 6.570480764e-07 1.981714740e-05
38 0.092571 0.028737 0.060320 1.341869 0.421410 0.858739 0.000000 0.000000 0.000000 0.937180 1 4.100147635e-07 1.940689981e-05
38 0.091908 0.028554 0.059813 1.341869 0.421410 0.858739 0.000000 0.000000 0.000000 0.937640 1 4.391185939e-07 1.944508404e-05
38 0.091251 0.028372 0.059315 1.341869 0.421410 0.858739 0.000000 0.000000 0.000000 0.938063 1 1.023989171e-06 2.885097638e-05
38 0.090603 0.028190 0.058830 1.341869 0.421410 0.858739 0.000000 0.000000 0.000000 0.938446 1 4.130415618e-07 1.965812407e-05
38 0.089967 0.028011 0.058358 1.341869 0.421410 0.858739 0.000000 0.000000 0.000000 0.938797 1 8.491333574e-07 2.705794759e-05
38 0.089345 0.027834 0.057899 1.341869 0.421410 0.858739 0.000000 0.000000 0.000000 0.939140 1 7.378403097e-07 2.681207843e-05
38 0.088734 0.027659 0.057453 1.341869 0.421410 0.858739 0.000000 0.000000 0.000000 0.939494 1 7.431954145e-07 2.676690929e-05
38 0.088133 0.027486 0.057017 1.341869 0.421410 0.858739 0.000000 0.000000 0.000000 0.939871 1 7.099006325e-07 2.764281817e-05
38 0.087537 0.027314 0.056588 1.341869 0.421410 0.858739 0.000000 0.000000 0.000000 0.940275 1 7.441267371e-07 2.685701475e-05
38 0.086944 0.027141 0.056165 1.341869 0.421410 0.858739 0.000000 0.000000 0.000000 0.940703 1 7.681082934e-07 2.232007682e-05
38 0.086352 0.026968 0.055746 1.341869 0.421410 0.858739 0.000000 0.000000 0.000000 0.941151 1 7.080379874e-07 2.672080882e-05
38 0.085758 0.026793 0.055329 1.341869 0.421410 0.858739 0.000000 0.000000 0.000000 0.941604 1 4.619359970e-07 1.508696005e-05
39 0.085174 0.026748 0.054781 1.438747 0.470095 0.900811 0.000000 0.000000 0.000000 0.945881 1 5.199108273e-07 1.886719838e-05
39 0.084588 0.026640 0.054302 1.438747 0.470095 0.900811 0.000000 0.000000 0.000000 0.946281 1 4.661269486e-07 1.824810170e-05
39 0.083999 0.026524 0.053831 1.438747 0.470095 0.900811 0.000000 0.000000 0.000000 0.946737 1 9.099021554e-07 2.051796764e-05
39 0.083403 0.026400 0.053362 1.438747 0.470095 0.900811 0.000000 0.000000 0.000000 0.947226 1 5.289912224e-07 1.959502697e-05
39 0.082798 0.026268 0.052896 1.438747 0.470095 0.900811 0.000000 0.000000 0.000000 0.947705 1 5.078036338e-07 1.954217441e-05
39 0.082189 0.026129 0.052433 1.438747 0.470095 0.900811 0.000000 0.000000 0.000000 0.948165 1 4.561152309e-07 1.945393160e-05
39 0.081576 0.025985 0.051975 1.438747 0.470095 0.900811 0.000000 0.000000 0.000000 0.948603 1 4.619359970e-07 1.955218613e-05
39 0.080964 0.025836 0.051522 1.438747 0.470095 0.900811 0.000000 0.000000 0.000000 0.949015 1 6.938353181e-07 2.083205618e-05
39 0.080356 0.025685 0.051077 1.438747 0.470095 0.900811 0.000000 0.000000 0.000000 0.949392 1 4.379544407e-07 1.950399019e-05
39 0.079754 0.025532 0.050642 1.438747 0.470095 0.900811 0.000000 0.000000 0.000000 0.949728 1 4.619359970e-07 1.972797327e-05
39 0.079165 0.025380 0.050219 1.438747 0.470095 0.900811 0.000000 0.000000 0.000000 0.950021 1 4.798639566e-07 1.813704148e-05
39 0.078591 0.025230 0.049809 1.438747 0.470095 0.900811 0.000000 0.000000 0.000000 0.950274 1 5.208421499e-07 1.958198845e-05
39 0.078036 0.025083 0.049415 1.438747 0.470095 0.900811 0.000000 0.000000 0.000000 0.950491 1 4.388857633e-07 1.963716932e-05
39 0.077500 0.024940 0.049037 1.438747 0.470095 0.900811 0.000000 0.000000 0.000000 0.950696 1 4.558824003e-07 1.954799518e-05
39 0.076982 0.024800 0.048673 1.438747 0.470095 0.900811 0.000000 0.000000 0.000000 0.950907 1 5.171168596e-07 2.688891254e-05
39 0.076480 0.024663 0.048322 1.438747 0.470095 0.900811 0.000000 0.000000 0.000000 0.951141 1 4.519242793e-07 1.944578253e-05
39 0.075988 0.024528 0.047981 1.438747 0.470095 0.900811 0.000000 0.000000 0.000000 0.951406 1 4.430767149e-07 1.938408241e-05
39 0.075504 0.024392 0.047646 1.438747 0.470095 0.900811 0.000000 0.000000 0.000000 0.951703 1 4.412140697e-07 1.849397086e-05
39 0.075021 0.024256 0.047316 1.438747 0.470095 0.900811 0.000000 0.000000 0.000000 0.952030 1 4.479661584e-07 1.956382766e-05
39 0.074538 0.024118 0.046987 1.438747 0.470095 0.900811 0.000000 0.000000 0.000000 0.952370 1 6.041955203e-07 1.961598173e-05
40 0.074060 0.024025 0.046493 1.540612 0.511101 0.935062 0.000000 0.000000 0.000000 0.955799 1 4.807952791e-07 1.949211583e-05
40 0.073582 0.023908 0.046084 1.540612 0.511101 0.935062 0.000000 0.000000 0.000000 0.956102 1 4.179310054e-07 1.954892650e-05
40 0.073102 0.023787 0.045683 1.540612 0.511101 0.935062 0.000000 0.000000 0.000000 0.956458 1 4.379544407e-07 1.938897185e-05
40 0.072615 0.023661 0.045286 1.540612 0.511101 0.935062 0.000000 0.000000 0.000000 0.956819 1 4.260800779e-07 1.943996176e-05
40 0.072123 0.023531 0.044895 1.540612 0.511101 0.935062 0.000000 0.000000 0.000000 0.957170 1 8.661299944e-07 2.041808330e-05
40 0.071629 0.023398 0.044509 1.540612 0.511101 0.935062 0.000000 0.000000 0.000000 0.957513 1 4.339963198e-07 1.954496838e-05
40 0.071132 0.023261 0.044128 1.540612 0.511101 0.935062 0.000000 0.000000 0.000000 0.957849 1 4.658941180e-07 1.936499029e-05
40 0.070634 0.023122 0.043752 1.540612 0.511101 0.935062 0.000000 0.000000 0.000000 0.958176 1 4.449393600e-07 1.950305887e-05
40 0.070137 0.022981 0.043382 1.540612 0.511101 0.935062 0.000000 0.000000 0.000000 0.958489 1 4.521571100e-07 1.951004378e-05
40 0.069642 0.022838 0.043019 1.540612 0.511101 0.935062 0.000000 0.000000 0.000000 0.958783 1 4.610046744e-07 1.961598173e-05
40 0.069152 0.022696 0.042664 1.540612 0.511101 0.935062 0.000000 0.000000 0.000000 0.959049 1 6.731133908e-07 2.002017573e-05
40 0.068669 0.022555 0.042318 1.540612 0.511101 0.935062 0.000000 0.000000 0.000000 0.959289 1 4.339963198e-07 1.947511919e-05
40 0.068197 0.022416 0.041983 1.540612 0.511101 0.935062 0.000000 0.000000 0.000000 0.959506 1 4.558824003e-07 1.958198845e-05
40 0.067737 0.022279 0.041658 1.540612 0.511101 0.935062 0.000000 0.000000 0.000000 0.959715 1 4.158355296e-07 1.958804205e-05
40 0.067287 0.022145 0.041342 1.540612 0.511101 0.935062 0.000000 0.000000 0.000000 0.959931 1 4.549510777e-07 1.947302371e-05
40 0.066844 0.022012 0.041035 1.540612 0.511101 0.935062 0.000000 0.000000 0.000000 0.960162 1 4.419125617e-07 1.947791316e-05
40 0.066408 0.021879 0.040734 1.540612 0.511101 0.935062 0.000000 0.000000 0.000000 0.960412 1 5.299225450e-07 1.950399019e-05
40 0.065973 0.021747 0.040438 1.540612 0.511101 0.935062 0.000000 0.000000 0.000000 0.960682 1 4.500616342e-07 1.948303543e-05
40 0.065540 0.021614 0.040144 1.540612 0.511101 0.935062 0.000000 0.000000 0.000000 0.960970 1 6.521586329e-07 1.980899833e-05
40 0.065104 0.021479 0.039852 1.540612 0.511101 0.935062 0.000000 0.000000 0.000000 0.961267 1 4.479661584e-07 1.940992661e-05
41 0.064679 0.021452 0.039458 1.643165 0.566186 0.975102 0.000000 0.000000 0.000000 0.963899 1 4.158355296e-07 1.935590990e-05
41 0.064248 0.021368 0.039119 1.643165 0.566186 0.975102 0.000000 0.000000 0.000000 0.964173 1 7.601920515e-07 2.398900688e-05
41 0.063812 0.021277 0.038784 1.643165 0.566186 0.975102 0.000000 0.000000 0.000000 0.964497 1 5.881302059e-07 2.025789581e-05
41 0.063367 0.021178 0.038450 1.643165 0.566186 0.975102 0.000000 0.000000 0.000000 0.964842 1 7.799826562e-07 2.692802809e-05
41 0.062913 0.021072 0.038115 1.643165 0.566186 0.975102 0.000000 0.000000 0.000000 0.965176 1 7.417984307e-07 2.676015720e-05
41 0.062453 0.020960 0.037782 1.643165 0.566186 0.975102 0.000000 0.000000 0.000000 0.965490 1 5.299225450e-07 1.965300180e-05
41 0.061991 0.020844 0.037452 1.643165 0.566186 0.975102 0.000000 0.000000 0.000000 0.965781 1 4.291068763e-07 1.947418787e-05
41 0.061529 0.020724 0.037127 1.643165 0.566186 0.975102 0.000000 0.000000 0.000000 0.966046 1 4.668254405e-07 1.947488636e-05
41 0.061071 0.020603 0.036808 1.643165 0.566186 0.975102 0.000000 0.000000 0.000000 0.966281 1 6.000045687e-07 1.835986041e-05
41 0.060621 0.020482 0.036497 1.643165 0.566186 0.975102 0.000000 0.000000 0.000000 0.966485 1 4.069879651e-07 1.928699203e-05
41 0.060181 0.020362 0.036197 1.643165 0.566186 0.975102 0.000000 0.000000 0.000000 0.966659 1 4.579778761e-07 1.951516606e-05
41 0.059756 0.020244 0.035907 1.643165 0.566186 0.975102 0.000000 0.000000 0.000000 0.966805 1 6.179325283e-07 1.953705214e-05
41 0.059347 0.020130 0.035630 1.643165 0.566186 0.975102 0.000000 0.000000 0.000000 0.966924 1 2.251472324e-07 8.516944945e-06
41 0.058955 0.020019 0.035366 1.643165 0.566186 0.975102 0.000000 0.000000 0.000000 0.967032 1 5.748588592e-07 1.605506986e-05
41 0.058579 0.019912 0.035114 1.643165 0.566186 0.975102 0.000000 0.000000 0.000000 0.967143 1 5.010515451e-07 1.802016050e-05
41 0.058218 0.019809 0.034872 1.643165 0.566186 0.975102 0.000000 0.000000 0.000000 0.967267 1 5.711335689e-07 1.970399171e-05
41 0.057867 0.019707 0.034639 1.643165 0.566186 0.975102 0.000000 0.000000 0.000000 0.967411 1 4.349276423e-07 1.943297684e-05
41 0.057524 0.019607 0.034412 1.643165 0.566186 0.975102 0.000000 0.000000 0.000000 0.967580 1 4.910398275e-07 1.955800690e-05
41 0.057184 0.019506 0.034189 1.643165 0.566186 0.975102 0.000000 0.000000 0.000000 0.967772 1 7.648486644e-07 2.038595267e-05
41 0.056844 0.019404 0.033968 1.643165 0.566186 0.975102 0.000000 0.000000 0.000000 0.967976 1 4.780013114e-07 1.960387453e-05
42 0.056511 0.019346 0.033620 1.749901 0.613168 1.006445 0.000000 0.000000 0.000000 0.970089 1 3.890600055e-07 1.808395609e-05
42 0.056176 0.019264 0.033341 1.749901 0.613168 1.006445 0.000000 0.000000 0.000000 0.970282 1 4.470348358e-07 1.949095167e-05
42 0.055838 0.019177 0.033067 1.749901 0.613168 1.006445 0.000000 0.000000 0.000000 0.970529 1 4.179310054e-07 1.953495666e-05
42 0.055490 0.019085 0.032794 1.749901 0.613168 1.006445 0.000000 0.000000 0.000000 0.970789 1 4.139728844e-07 1.947907731e-05
42 0.055135 0.018989 0.032522 1.749901 0.613168 1.006445 0.000000 0.000000 0.000000 0.971035 1 4.349276423e-07 1.948699355e-05
42 0.054776 0.018888 0.032253 1.749901 0.613168 1.006445 0.000000 0.000000 0.000000 0.971266 1 4.512257874e-07 1.942296512e-05
42 0.054413 0.018785 0.031987 1.749901 0.613168 1.006445 0.000000 0.000000 0.000000 0.971486 1 4.149042070e-07 1.945509575e-05
42 0.054051 0.018679 0.031725 1.749901 0.613168 1.006445 0.000000 0.000000 0.000000 0.971692 1 4.461035132e-07 1.965695992e-05
42 0.053689 0.018572 0.031468 1.749901 0.613168 1.006445 0.000000 0.000000 0.000000 0.971885 1 4.279427230e-07 1.937896013e-05
42 0.053330 0.018465 0.031217 1.749901 0.613168 1.006445 0.000000 0.000000 0.000000 0.972063 1 4.419125617e-07 1.948606223e-05
42 0.052976 0.018358 0.030971 1.749901 0.613168 1.006445 0.000000 0.000000 0.000000 0.972222 1 4.540197551e-07 1.945812255e-05
42 0.052630 0.018253 0.030733 1.749901 0.613168 1.006445 0.000000 0.000000 0.000000 0.972364 1 4.088506103e-07 1.824786887e-05
42 0.052292 0.018149 0.030503 1.749901 0.613168 1.006445 0.000000 0.000000 0.000000 0.972489 1 4.770699888e-07 1.948815770e-05
42 0.051964 0.018047 0.030282 1.749901 0.613168 1.006445 0.000000 0.000000 0.000000 0.972608 1 4.281755537e-07 1.819990575e-05
42 0.051645 0.017948 0.030068 1.749901 0.613168 1.006445 0.000000 0.000000 0.000000 0.972731 1 4.570465535e-07 1.947698183e-05
42 0.051333 0.017850 0.029861 1.749901 0.613168 1.006445 0.000000 0.000000 0.000000 0.972863 1 1.296866685e-06 2.944190055e-05
42 0.051027 0.017753 0.029658 1.749901 0.613168 1.006445 0.000000 0.000000 0.000000 0.973010 1 4.160683602e-07 2.535711974e-05
42 0.050723 0.017656 0.029460 1.749901 0.613168 1.006445 0.000000 0.000000 0.000000 0.973172 1 4.589091986e-07 1.959712245e-05
42 0.050419 0.017559 0.029263 1.749901 0.613168 1.006445 0.000000 0.000000 0.000000 0.973351 1 6.770715117e-07 1.998711377e-05
42 0.050114 0.017460 0.029067 1.749901 0.613168 1.006445 0.000000 0.000000 0.000000 0.973542 1 4.100147635e-07 1.814798452e-05
43 0.049818 0.017451 0.028789 1.855813 0.673852 1.043105 0.000000 0.000000 0.000000 0.975184 1 4.509929568e-07 1.961993985e-05
43 0.049514 0.017389 0.028558 1.855813 0.673852 1.043105 0.000000 0.000000 0.000000 0.975370 1 4.530884326e-07 1.957593486e-05
43 0.049204 0.017322 0.028328 1.855813 0.673852 1.043105 0.000000 0.000000 0.000000 0.975601 1 9.951181710e-07 2.294103615e-05
43 0.048883 0.017247 0.028095 1.855813 0.673852 1.043105 0.000000 0.000000 0.000000 0.975848 1 4.158355296e-07 1.941085793e-05
43 0.048551 0.017166 0.027862 1.855813 0.673852 1.043105 0.000000 0.000000 0.000000 0.976083 1 4.139728844e-07 1.948815770e-05
43 0.048214 0.017079 0.027628 1.855813 0.673852 1.043105 0.000000 0.000000 0.000000 0.976299 1 3.741588444e-07 1.812796108e-05
43 0.047873 0.016988 0.027396 1.855813 0.673852 1.043105 0.000000 0.000000 0.000000 0.976492 1 4.218891263e-07 1.820689067e-05
43 0.047533 0.016895 0.027167 1.855813 0.673852 1.043105 0.000000 0.000000 0.000000 0.976660 1 6.540212780e-07 1.863786019e-05
43 0.047197 0.016801 0.026944 1.855813 0.673852 1.043105 0.000000 0.000000 0.000000 0.976803 1 1.089647412e-07 4.800036550e-06
43 0.046868 0.016707 0.026727 1.855813 0.673852 1.043105 0.000000 0.000000 0.000000 0.976922 1 4.889443517e-07 1.949304715e-05
43 0.046550 0.016615 0.026518 1.855813 0.673852 1.043105 0.000000 0.000000 0.000000 0.977018 1 4.582107067e-07 1.954310574e-05
43 0.046244 0.016526 0.026319 1.855813 0.673852 1.043105 0.000000 0.000000 0.000000 0.977096 1 4.360917956e-07 1.938408241e-05
43 0.045951 0.016441 0.026130 1.855813 0.673852 1.043105 0.000000 0.000000 0.000000 0.977156 1 1.173000783e-06 2.908613533e-05
43 0.045674 0.016359 0.025951 1.855813 0.673852 1.043105 0.000000 0.000000 0.000000 0.977207 1 4.710163921e-07 1.961411908e-05
43 0.045410 0.016280 0.025781 1.855813 0.673852 1.043105 0.000000 0.000000 0.000000 0.977256 1 1.093838364e-06 2.266792580e-05
43 0.045160 0.016205 0.025621 1.855813 0.673852 1.043105 0.000000 0.000000 0.000000 0.977313 1 4.179310054e-07 1.943809912e-05
43 0.044919 0.016133 0.025467 1.855813 0.673852 1.043105 0.000000 0.000000 0.000000 0.977384 1 4.370231181e-07 1.950701699e-05
43 0.044686 0.016062 0.025319 1.855813 0.673852 1.043105 0.000000 0.000000 0.000000 0.977472 1 4.670582712e-07 1.938501373e-05
43 0.044456 0.015991 0.025174 1.855813 0.673852 1.043105 0.000000 0.000000 0.000000 0.977580 1 4.561152309e-07 1.948792487e-05
43 0.044228 0.015920 0.025032 1.855813 0.673852 1.043105 0.000000 0.000000 0.000000 0.977699 1 1.243082806e-06 3.514788114e-05
44 0.044006 0.015890 0.024790 1.964980 0.726390 1.071185 0.000000 0.000000 0.000000 0.979023 1 4.109460860e-07 1.945300028e-05
44 0.043782 0.015837 0.024606 1.964980 0.726390 1.071185 0.000000 0.000000 0.000000 0.979145 1 4.181638360e-07 1.950399019e-05
44 0.043553 0.015778 0.024424 1.964980 0.726390 1.071185 0.000000 0.000000 0.000000 0.979322 1 4.130415618e-07 1.943903044e-05
44 0.043312 0.015714 0.024241 1.964980 0.726390 1.071185 0.000000 0.000000 0.000000 0.979511 1 7.450580597e-07 3.486801870e-05
44 0.043062 0.015645 0.024056 1.964980 0.726390 1.071185 0.000000 0.000000 0.000000 0.979688 1 9.690411389e-07 2.747704275e-05
44 0.042807 0.015571 0.023872 1.964980 0.726390 1.071185 0.000000 0.000000 0.000000 0.979848 1 7.399357855e-07 2.680695616e-05
44 0.042547 0.015495 0.023689 1.964980 0.726390 1.071185 0.000000 0.000000 0.000000 0.979994 1 8.291099221e-07 2.699391916e-05
44 0.042287 0.015417 0.023510 1.964980 0.726390 1.071185 0.000000 0.000000 0.000000 0.980125 1 4.079192877e-07 1.941993833e-05
44 0.042029 0.015338 0.023333 1.964980 0.726390 1.071185 0.000000 0.000000 0.000000 0.980244 1 2.111773938e-07 9.103910998e-06
44 0.041773 0.015258 0.023161 1.964980 0.726390 1.071185 0.000000 0.000000 0.000000 0.980351 1 1.084059477e-06 2.908403985e-05
44 0.041521 0.015180 0.022994 1.964980 0.726390 1.071185 0.000000 0.000000 0.000000 0.980447 1 3.529712558e-07 1.504505053e-05
44 0.041276 0.015102 0.022833 1.964980 0.726390 1.071185 0.000000 0.000000 0.000000 0.980533 1 9.248033166e-07 2.738903277e-05
44 0.041037 0.015025 0.022677 1.964980 0.726390 1.071185 0.000000 0.000000 0.000000 0.980607 1 7.420312613e-07 2.688309178e-05
44 0.040806 0.014951 0.022528 1.964980 0.726390 1.071185 0.000000 0.000000 0.000000 0.980677 1 4.319008440e-07 1.938594505e-05
44 0.040582 0.014879 0.022384 1.964980 0.726390 1.071185 0.000000 0.000000 0.000000 0.980747 1 4.339963198e-07 1.942506060e-05
44 0.040364 0.014808 0.022245 1.964980 0.726390 1.071185 0.000000 0.000000 0.000000 0.980822 1 4.600733519e-07 1.962087117e-05
44 0.040151 0.014738 0.022110 1.964980 0.726390 1.071185 0.000000 0.000000 0.000000 0.980907 1 4.698522389e-07 1.942901872e-05
44 0.039941 0.014668 0.021979 1.964980 0.726390 1.071185 0.000000 0.000000 0.000000 0.981005 1 4.428438842e-07 1.956894994e-05
44 0.039730 0.014598 0.021848 1.964980 0.726390 1.071185 0.000000 0.000000 0.000000 0.981119 1 7.308553904e-07 2.729496919e-05
44 0.039517 0.014526 0.021717 1.964980 0.726390 1.071185 0.000000 0.000000 0.000000 0.981245 1 7.390044630e-07 2.676690929e-05
45 0.039313 0.014531 0.021520 2.071933 0.792182 1.103801 0.000000 0.000000 0.000000 0.982296 1 7.601920515e-07 2.679903992e-05
45 0.039100 0.014488 0.021362 2.071933 0.792182 1.103801 0.000000 0.000000 0.000000 0.982427 1 8.670613170e-07 2.061622217e-05
45 0.038878 0.014439 0.021203 2.071933 0.792182 1.103801 0.000000 0.000000 0.000000 0.982599 1 4.139728844e-07 1.945602708e-05
45 0.038645 0.014382 0.021041 2.071933 0.792182 1.103801 0.000000 0.000000 0.000000 0.982782 1 8.819624782e-07 2.699112520e-05
45 0.038401 0.014319 0.020876 2.071933 0.792182 1.103801 0.000000 0.000000 0.000000 0.982954 1 7.478520274e-07 2.677994780e-05
45 0.038150 0.014251 0.020710 2.071933 0.792182 1.103801 0.000000 0.000000 0.000000 0.983108 1 7.050111890e-07 2.692989074e-05
45 0.037896 0.014180 0.020545 2.071933 0.792182 1.103801 0.000000 0.000000 0.000000 0.983240 1 1.120148227e-06 2.924399450e-05
45 0.037642 0.014106 0.020383 2.071933 0.792182 1.103801 0.000000 0.000000 0.000000 0.983348 1 7.408671081e-07 2.672406845e-05
45 0.037393 0.014033 0.020225 2.071933 0.792182 1.103801 0.000000 0.000000 0.000000 0.983435 1 8.370261639e-07 2.691498958e-05
45 0.037150 0.013961 0.020072 2.071933 0.792182 1.103801 0.000000 0.000000 0.000000 0.983503 1 7.320195436e-07 2.671591938e-05
45 0.036917 0.013890 0.019926 2.071933 0.792182 1.103801 0.000000 0.000000 0.000000 0.983557 1 4.509929568e-07 1.943809912e-05
45 0.036695 0.013822 0.019788 2.071933 0.792182 1.103801 0.000000 0.000000 0.000000 0.983597 1 4.160683602e-07 1.945812255e-05
45 0.036484 0.013758 0.019657 2.071933 0.792182 1.103801 0.000000 0.000000 0.000000 0.983624 1 4.179310054e-07 1.947302371e-05
45 0.036286 0.013697 0.019534 2.071933 0.792182 1.103801 0.000000 0.000000 0.000000 0.983643 1 4.528556019e-07 1.952191815e-05
45 0.036100 0.013639 0.019420 2.071933 0.792182 1.103801 0.000000 0.000000 0.000000 0.983659 1 4.169996828e-07 1.949793659e-05
45 0.035926 0.013585 0.019313 2.071933 0.792182 1.103801 0.000000 0.000000 0.000000 0.983679 1 4.540197551e-07 1.936382614e-05
45 0.035761 0.013534 0.019212 2.071933 0.792182 1.103801 0.000000 0.000000 0.000000 0.983707 1 4.479661584e-07 1.962203532e-05
45 0.035604 0.013484 0.019116 2.071933 0.792182 1.103801 0.000000 0.000000 0.000000 0.983748 1 4.600733519e-07 1.946208067e-05
45 0.035451 0.013436 0.019022 2.071933 0.792182 1.103801 0.000000 0.000000 0.000000 0.983806 1 7.860362530e-07 2.024602145e-05
45 0.035299 0.013387 0.018931 2.071933 0.792182 1.103801 0.000000 0.000000 0.000000 0.983874 1 4.910398275e-07 1.945509575e-05
46 0.035154 0.013377 0.018759 2.181708 0.849248 1.127744 0.000000 0.000000 0.000000 0.984729 1 4.139728844e-07 1.923600212e-05
46 0.035006 0.013343 0.018638 2.181708 0.849248 1.127744 0.000000 0.000000 0.000000 0.984808 1 4.379544407e-07 1.954101026e-05
46 0.034851 0.013304 0.018516 2.181708 0.849248 1.127744 0.000000 0.000000 0.000000 0.984940 1 4.048924893e-07 1.940596849e-05
46 0.034684 0.013259 0.018391 2.181708 0.849248 1.127744 0.000000 0.000000 0.000000 0.985085 1 1.018866897e-06 2.250005491e-05
46 0.034507 0.013209 0.018264 2.181708 0.849248 1.127744 0.000000 0.000000 0.000000 0.985216 1 4.388857633e-07 1.964997500e-05
46 0.034323 0.013155 0.018136 2.181708 0.849248 1.127744 0.000000 0.000000 0.000000 0.985330 1 4.160683602e-07 1.953006722e-05
46 0.034135 0.013097 0.018009 2.181708 0.849248 1.127744 0.000000 0.000000 0.000000 0.985427 1 4.370231181e-07 1.953984611e-05
46 0.033947 0.013039 0.017884 2.181708 0.849248 1.127744 0.000000 0.000000 0.000000 0.985509 1 5.238689482e-07 1.967418939e-05
46 0.033761 0.012980 0.017762 2.181708 0.849248 1.127744 0.000000 0.000000 0.000000 0.985580 1 4.689209163e-07 1.957314089e-05
46 0.033578 0.012921 0.017643 2.181708 0.849248 1.127744 0.000000 0.000000 0.000000 0.985643 1 4.521571100e-07 1.948000863e-05
46 0.033400 0.012863 0.017529 2.181708 0.849248 1.127744 0.000000 0.000000 0.000000 0.985700 1 8.319038898e-07 2.712989226e-05
46 0.033226 0.012806 0.017418 2.181708 0.849248 1.127744 0.000000 0.000000 0.000000 0.985751 1 4.870817065e-07 1.951702870e-05
46 0.033057 0.012750 0.017313 2.181708 0.849248 1.127744 0.000000 0.000000 0.000000 0.985794 1 5.299225450e-07 2.664793283e-05
46 0.032895 0.012696 0.017211 2.181708 0.849248 1.127744 0.000000 0.000000 0.000000 0.985832 1 3.888271749e-07 1.815403812e-05
46 0.032739 0.012644 0.017115 2.181708 0.849248 1.127744 0.000000 0.000000 0.000000 0.985869 1 4.149042070e-07 1.931888983e-05
46 0.032588 0.012593 0.017022 2.181708 0.849248 1.127744 0.000000 0.000000 0.000000 0.985909 1 4.621688277e-07 1.945090480e-05
46 0.032442 0.012543 0.016933 2.181708 0.849248 1.127744 0.000000 0.000000 0.000000 0.985955 1 4.330649972e-07 1.938291825e-05
46 0.032299 0.012494 0.016846 2.181708 0.849248 1.127744 0.000000 0.000000 0.000000 0.986012 1 4.400499165e-07 1.929095015e-05
46 0.032155 0.012444 0.016761 2.181708 0.849248 1.127744 0.000000 0.000000 0.000000 0.986084 1 4.679895937e-07 1.959595829e-05
46 0.032010 0.012393 0.016675 2.181708 0.849248 1.127744 0.000000 0.000000 0.000000 0.986168 1 4.798639566e-07 1.945602708e-05
47 0.031872 0.012410 0.016532 2.288502 0.919518 1.155892 0.000000 0.000000 0.000000 0.986864 1 6.079208106e-07 2.037314698e-05
47 0.031724 0.012381 0.016424 2.288502 0.919518 1.155892 0.000000 0.000000 0.000000 0.986960 1 4.589091986e-07 1.964694820e-05
47 0.031567 0.012346 0.016314 2.288502 0.919518 1.155892 0.000000 0.000000 0.000000 0.987092 1 4.179310054e-07 1.942110248e-05
47 0.031397 0.012303 0.016200 2.288502 0.919518 1.155892 0.000000 0.000000 0.000000 0.987234 1 4.631001502e-07 1.968094148e-05
47 0.031216 0.012255 0.016082 2.288502 0.919518 1.155892 0.000000 0.000000 0.000000 0.987365 1 3.390014172e-07 1.594587229e-05
47 0.031028 0.012201 0.015963 2.288502 0.919518 1.155892 0.000000 0.000000 0.000000 0.987478 1 2.931337804e-07 1.556612551e-05
47 0.030836 0.012145 0.015844 2.288502 0.919518 1.155892 0.000000 0.000000 0.000000 0.987570 1 7.431954145e-07 2.693408169e-05
47 0.030645 0.012087 0.015727 2.288502 0.919518 1.155892 0.000000 0.000000 0.000000 0.987638 1 2.330634743e-07 9.072944522e-06
47 0.030459 0.012029 0.015613 2.288502 0.919518 1.155892 0.000000 0.000000 0.000000 0.987688 1 1.841690391e-07 8.224975318e-06
47 0.030280 0.011973 0.015505 2.288502 0.919518 1.155892 0.000000 0.000000 0.000000 0.987724 1 4.649627954e-07 1.944787800e-05
47 0.030109 0.011920 0.015403 2.288502 0.919518 1.155892 0.000000 0.000000 0.000000 0.987749 1 4.759058356e-07 1.940806396e-05
47 0.029948 0.011869 0.015307 2.288502 0.919518 1.155892 0.000000 0.000000 0.000000 0.987765 1 4.109460860e-07 1.943693496e-05
47 0.029798 0.011821 0.015217 2.288502 0.919518 1.155892 0.000000 0.000000 0.000000 0.987769 1 5.010515451e-07 1.947884448e-05
47 0.029659 0.011777 0.015134 2.288502 0.919518 1.155892 0.000000 0.000000 0.000000 0.987767 1 4.521571100e-07 1.956196502e-05
47 0.029532 0.011736 0.015058 2.288502 0.919518 1.155892 0.000000 0.000000 0.000000 0.987761 1 4.300381988e-07 1.936708577e-05
47 0.029415 0.011700 0.014988 2.288502 0.919518 1.155892 0.000000 0.000000 0.000000 0.987756 1 4.440080374e-07 1.949095167e-05
47 0.029308 0.011666 0.014924 2.288502 0.919518 1.155892 0.000000 0.000000 0.000000 0.987756 1 4.500616342e-07 1.948699355e-05
47 0.029208 0.011634 0.014864 2.288502 0.919518 1.155892 0.000000 0.000000 0.000000 0.987767 1 7.499475032e-07 2.097594552e-05
47 0.029113 0.011604 0.014807 2.288502 0.919518 1.155892 0.000000 0.000000 0.000000 0.987792 1 4.530884326e-07 1.997686923e-05
47 0.029019 0.011573 0.014752 2.288502 0.919518 1.155892 0.000000 0.000000 0.000000 0.987827 1 4.600733519e-07 1.949095167e-05
48 0.028933 0.011579 0.014629 2.398130 0.980435 1.175420 0.000000 0.000000 0.000000 0.988400 1 4.121102393e-07 1.948187128e-05
48 0.028843 0.011561 0.014550 2.398130 0.980435 1.175420 0.000000 0.000000 0.000000 0.988451 1 4.509929568e-07 1.949304715e-05
48 0.028745 0.011539 0.014471 2.398130 0.980435 1.175420 0.000000 0.000000 0.000000 0.988553 1 4.090834409e-07 1.951912418e-05
48 0.028633 0.011510 0.014387 2.398130 0.980435 1.175420 0.000000 0.000000 0.000000 0.988669 1 4.561152309e-07 2.014101483e-05
48 0.028510 0.011475 0.014299 2.398130 0.980435 1.175420 0.000000 0.000000 0.000000 0.988770 1 5.220063031e-07 2.018595114e-05
48 0.028380 0.011435 0.014211 2.398130 0.980435 1.175420 0.000000 0.000000 0.000000 0.988852 1 5.001202226e-07 2.036592923e-05
48 0.028247 0.011394 0.014122 2.398130 0.980435 1.175420 0.000000 0.000000 0.000000 0.988917 1 4.169996828e-07 1.999503002e-05
48 0.028113 0.011351 0.014035 2.398130 0.980435 1.175420 0.000000 0.000000 0.000000 0.988964 1 4.130415618e-07 2.001295798e-05
48 0.027983 0.011309 0.013952 2.398130 0.980435 1.175420 0.000000 0.000000 0.000000 0.989002 1 4.149042070e-07 2.006511204e-05
48 0.027856 0.011267 0.013871 2.398130 0.980435 1.175420 0.000000 0.000000 0.000000 0.989034 1 6.079208106e-07 2.038897946e-05
48 0.027733 0.011226 0.013794 2.398130 0.980435 1.175420 0.000000 0.000000 0.000000 0.989063 1 4.139728844e-07 2.008699812e-05
48 0.027615 0.011186 0.013721 2.398130 0.980435 1.175420 0.000000 0.000000 0.000000 0.989088 1 4.169996828e-07 2.004904673e-05
48 0.027501 0.011148 0.013651 2.398130 0.980435 1.175420 0.000000 0.000000 0.000000 0.989107 1 4.169996828e-07 2.003600821e-05
48 0.027394 0.011111 0.013585 2.398130 0.980435 1.175420 0.000000 0.000000 0.000000 0.989122 1 4.169996828e-07 2.003088593e-05
48 0.027292 0.011076 0.013523 2.398130 0.980435 1.175420 0.000000 0.000000 0.000000 0.989137 1 6.149057299e-07 2.055102959e-05
48 0.027195 0.011043 0.013464 2.398130 0.980435 1.175420 0.000000 0.000000 0.000000 0.989152 1 4.388857633e-07 2.004113048e-05
48 0.027102 0.011011 0.013408 2.398130 0.980435 1.175420 0.000000 0.000000 0.000000 0.989171 1 4.100147635e-07 2.018292435e-05
48 0.027012 0.010979 0.013355 2.398130 0.980435 1.175420 0.000000 0.000000 0.000000 0.989200 1 4.151370376e-07 2.513220534e-05
48 0.026923 0.010948 0.013302 2.398130 0.980435 1.175420 0.000000 0.000000 0.000000 0.989242 1 4.710163921e-07 1.962389797e-05
48 0.026831 0.010915 0.013249 2.398130 0.980435 1.175420 0.000000 0.000000 0.000000 0.989296 1 4.640314728e-07 2.021598630e-05
49 0.026747 0.010942 0.013144 2.504645 1.054052 1.198383 0.000000 0.000000 0.000000 0.989781 1 4.118774086e-07 2.026604488e-05
49 0.026651 0.010926 0.013072 2.504645 1.054052 1.198383 0.000000 0.000000 0.000000 0.989850 1 4.130415618e-07 2.015195787e-05
49 0.026546 0.010904 0.012997 2.504645 1.054052 1.198383 0.000000 0.000000 0.000000 0.989953 1 4.351604730e-07 1.908303238e-05
49 0.026428 0.010875 0.012918 2.504645 1.054052 1.198383 0.000000 0.000000 0.000000 0.990066 1 4.330649972e-07 2.591591328e-05
49 0.026297 0.010839 0.012834 2.504645 1.054052 1.198383 0.000000 0.000000 0.000000 0.990169 1 4.190951586e-07 1.944601536e-05
49 0.026159 0.010798 0.012749 2.504645 1.054052 1.198383 0.000000 0.000000 0.000000 0.990256 1 4.179310054e-07 2.515409142e-05
49 0.026017 0.010754 0.012663 2.504645 1.054052 1.198383 0.000000 0.000000 0.000000 0.990321 1 7.220078260e-07 1.978198998e-05
49 0.025875 0.010710 0.012579 2.504645 1.054052 1.198383 0.000000 0.000000 0.000000 0.990366 1 4.379544407e-07 1.949607395e-05
49 0.025738 0.010666 0.012498 2.504645 1.054052 1.198383 0.000000 0.000000 0.000000 0.990395 1 4.540197551e-07 1.944089308e-05
49 0.025606 0.010623 0.012421 2.504645 1.054052 1.198383 0.000000 0.000000 0.000000 0.990413 1 4.731118679e-07 1.958804205e-05
49 0.025483 0.010583 0.012349 2.504645 1.054052 1.198383 0.000000 0.000000 0.000000 0.990422 1 4.698522389e-07 2.735597081e-05
49 0.025368 0.010545 0.012281 2.504645 1.054052 1.198383 0.000000 0.000000 0.000000 0.990424 1 8.339993656e-07 2.018595114e-05
49 0.025262 0.010511 0.012220 2.504645 1.054052 1.198383 0.000000 0.000000 0.000000 0.990418 1 4.300381988e-07 1.960597001e-05
49 0.025166 0.010480 0.012164 2.504645 1.054052 1.198383 0.000000 0.000000 0.000000 0.990406 1 3.858003765e-07 1.882412471e-05
49 0.025080 0.010452 0.012113 2.504645 1.054052 1.198383 0.000000 0.000000 0.000000 0.990391 1 4.030298442e-07 1.865881495e-05
49 0.025004 0.010428 0.012068 2.504645 1.054052 1.198383 0.000000 0.000000 0.000000 0.990376 1 4.360917956e-07 2.032099292e-05
49 0.024936 0.010407 0.012027 2.504645 1.054052 1.198383 0.000000 0.000000 0.000000 0.990365 1 4.388857633e-07 2.024183050e-05
49 0.024875 0.010388 0.011991 2.504645 1.054052 1.198383 0.000000 0.000000 0.000000 0.990362 1 4.391185939e-07 2.024788409e-05
49 0.024817 0.010370 0.011956 2.504645 1.054052 1.198383 0.000000 0.000000 0.000000 0.990371 1 4.579778761e-07 2.007209696e-05
49 0.024762 0.010352 0.011923 2.504645 1.054052 1.198383 0.000000 0.000000 0.000000 0.990390 1 4.200264812e-07 2.018618397e-05
50 0.024712 0.010367 0.011830 2.613558 1.117716 1.213026 0.000000 0.000000 0.000000 0.990794 1 5.790498108e-07 2.064998262e-05
50 0.024659 0.010360 0.011777 2.613558 1.117716 1.213026 0.000000 0.000000 0.000000 0.990831 1 1.050066203e-07 4.973029718e-06
50 0.024597 0.010347 0.011723 2.613558 1.117716 1.213026 0.000000 0.000000 0.000000 0.990915 1 4.130415618e-07 2.824002877e-05
50 0.024520 0.010328 0.011664 2.613558 1.117716 1.213026 0.000000 0.000000 0.000000 0.991010 1 5.769543350e-07 2.040807158e-05
50 0.024432 0.010302 0.011601 2.613558 1.117716 1.213026 0.000000 0.000000 0.000000 0.991093 1 5.019828677e-07 2.011400647e-05
50 0.024336 0.010272 0.011537 2.613558 1.117716 1.213026 0.000000 0.000000 0.000000 0.991157 1 5.790498108e-07 2.028490417e-05
50 0.024236 0.010240 0.011472 2.613558 1.117716 1.213026 0.000000 0.000000 0.000000 0.991204 1 4.637986422e-07 2.033007331e-05
50 0.024137 0.010207 0.011408 2.613558 1.117716 1.213026 0.000000 0.000000 0.000000 0.991235 1 4.458706826e-07 2.026604488e-05
50 0.024040 0.010175 0.011347 2.613558 1.117716 1.213026 0.000000 0.000000 0.000000 0.991257 1 9.019859135e-07 2.234615386e-05
50 0.023946 0.010143 0.011290 2.613558 1.117716 1.213026 0.000000 0.000000 0.000000 0.991273 1 4.130415618e-07 2.007791772e-05
50 0.023857 0.010112 0.011235 2.613558 1.117716 1.213026 0.000000 0.000000 0.000000 0.991288 1 8.968636394e-07 2.842396498e-05
50 0.023772 0.010083 0.011183 2.613558 1.117716 1.213026 0.000000 0.000000 0.000000 0.991300 1 4.509929568e-07 2.012611367e-05
50 0.023692 0.010055 0.011134 2.613558 1.117716 1.213026 0.000000 0.000000 0.000000 0.991308 1 4.519242793e-07 2.015195787e-05
50 0.023616 0.010029 0.011088 2.613558 1.117716 1.213026 0.000000 0.000000 0.000000 0.991312 1 4.549510777e-07 2.013589256e-05
50 0.023546 0.010004 0.011046 2.613558 1.117716 1.213026 0.000000 0.000000 0.000000 0.991315 1 4.558824003e-07 2.014101483e-05
50 0.023481 0.009981 0.011007 2.613558 1.117716 1.213026 0.000000 0.000000 0.000000 0.991318 1 4.530884326e-07 2.057896927e-05
50 0.023419 0.009959 0.010970 2.613558 1.117716 1.213026 0.000000 0.000000 0.000000 0.991324 1 4.540197551e-07 2.005486749e-05
50 0.023361 0.009939 0.010935 2.613558 1.117716 1.213026 0.000000 0.000000 0.000000 0.991337 1 4.549510777e-07 2.026814036e-05
50 0.023303 0.009918 0.010901 2.613558 1.117716 1.213026 0.000000 0.000000 0.000000 0.991363 1 5.720648915e-07 2.030306496e-05
50 0.023242 0.009896 0.010866 2.613558 1.117716 1.213026 0.000000 0.000000 0.000000 0.991401 1 4.169996828e-07 2.414803021e-05
51 0.023189 0.009929 0.010785 2.718777 1.194601 1.231207 0.000000 0.000000 0.000000 0.991753 1 4.379544407e-07 2.855597995e-05
51 0.023125 0.009921 0.010734 2.718777 1.194601 1.231207 0.000000 0.000000 0.000000 0.991807 1 4.100147635e-07 2.029608004e-05
51 0.023050 0.009906 0.010680 2.718777 1.194601 1.231207 0.000000 0.000000 0.000000 0.991893 1 4.048924893e-07 2.036592923e-05
51 0.022961 0.009884 0.010621 2.718777 1.194601 1.231207 0.000000 0.000000 0.000000 0.991987 1 4.270114005e-07 2.008304000e-05
51 0.022861 0.009856 0.010558 2.718777 1.194601 1.231207 0.000000 0.000000 0.000000 0.992072 1 4.461035132e-07 2.013007179e-05
51 0.022752 0.009823 0.010493 2.718777 1.194601 1.231207 0.000000 0.000000 0.000000 0.992141 1 1.030042768e-06 2.336292528e-05
51 0.022639 0.009787 0.010428 2.718777 1.194601 1.231207 0.000000 0.000000 0.000000 0.992189 1 4.440080374e-07 2.028187737e-05
51 0.022528 0.009750 0.010364 2.718777 1.194601 1.231207 0.000000 0.000000 0.000000 0.992219 1 4.591420293e-07 2.013496123e-05
51 0.022420 0.009714 0.010303 2.718777 1.194601 1.231207 0.000000 0.000000 0.000000 0.992234 1 4.998873919e-07 2.017384395e-05
51 0.022319 0.009680 0.010245 2.718777 1.194601 1.231207 0.000000 0.000000 0.000000 0.992240 1 4.689209163e-07 2.006883733e-05
51 0.022225 0.009649 0.010192 2.718777 1.194601 1.231207 0.000000 0.000000 0.000000 0.992239 1 4.118774086e-07 2.020900138e-05
51 0.022139 0.009620 0.010144 2.718777 1.194601 1.231207 0.000000 0.000000 0.000000 0.992232 1 4.719477147e-07 2.037989907e-05
51 0.022062 0.009594 0.010100 2.718777 1.194601 1.231207 0.000000 0.000000 0.000000 0.992218 1 4.121102393e-07 2.018990926e-05
51 0.021995 0.009572 0.010061 2.718777 1.194601 1.231207 0.000000 0.000000 0.000000 0.992199 1 4.770699888e-07 2.022483386e-05
51 0.021937 0.009554 0.010027 2.718777 1.194601 1.231207 0.000000 0.000000 0.000000 0.992178 1 4.349276423e-07 2.004508860e-05
51 0.021888 0.009539 0.009997 2.718777 1.194601 1.231207 0.000000 0.000000 0.000000 0.992156 1 4.079192877e-07 2.012797631e-05
51 0.021847 0.009527 0.009972 2.718777 1.194601 1.231207 0.000000 0.000000 0.000000 0.992136 1 7.429625839e-07 2.790987492e-05
51 0.021813 0.009518 0.009951 2.718777 1.194601 1.231207 0.000000 0.000000 0.000000 0.992124 1 7.820781320e-07 2.824398689e-05
51 0.021782 0.009509 0.009931 2.718777 1.194601 1.231207 0.000000 0.000000 0.000000 0.992123 1 5.350448191e-07 2.025207505e-05
51 0.021753 0.009501 0.009913 2.718777 1.194601 1.231207 0.000000 0.000000 0.000000 0.992131 1 4.488974810e-07 2.018897794e-05
52 0.021730 0.009523 0.009839 2.827084 1.260181 1.240640 0.000000 0.000000 0.000000 0.992429 1 4.728790373e-07 2.008583397e-05
52 0.021703 0.009523 0.009803 2.827084 1.260181 1.240640 0.000000 0.000000 0.000000 0.992455 1 4.598405212e-07 2.023600973e-05
52 0.021666 0.009518 0.009766 2.827084 1.260181 1.240640 0.000000 0.000000 0.000000 0.992527 1 5.890615284e-07 2.097990364e-05
52 0.021615 0.009506 0.009723 2.827084 1.260181 1.240640 0.000000 0.000000 0.000000 0.992609 1 5.378387868e-07 2.004904673e-05
52 0.021550 0.009487 0.009677 2.827084 1.260181 1.240640 0.000000 0.000000 0.000000 0.992679 1 5.061738193e-07 2.164999023e-05
52 0.021478 0.009464 0.009628 2.827084 1.260181 1.240640 0.000000 0.000000 0.000000 0.992731 1 4.749745131e-07 2.009398304e-05
52 0.021403 0.009439 0.009579 2.827084 1.260181 1.240640 0.000000 0.000000 0.000000 0.992764 1 4.970934242e-07 2.057617530e-05
52 0.021327 0.009413 0.009532 2.827084 1.260181 1.240640 0.000000 0.000000 0.000000 0.992783 1 4.488974810e-07 2.029701136e-05
52 0.021255 0.009388 0.009487 2.827084 1.260181 1.240640 0.000000 0.000000 0.000000 0.992794 1 4.740431905e-07 2.021901309e-05
52 0.021186 0.009364 0.009445 2.827084 1.260181 1.240640 0.000000 0.000000 0.000000 0.992799 1 4.789326340e-07 2.383999527e-05
52 0.021122 0.009342 0.009405 2.827084 1.260181 1.240640 0.000000 0.000000 0.000000 0.992803 1 4.561152309e-07 1.998804510e-05
52 0.021062 0.009321 0.009368 2.827084 1.260181 1.240640 0.000000 0.000000 0.000000 0.992806 1 4.540197551e-07 2.015591599e-05
52 0.021006 0.009301 0.009334 2.827084 1.260181 1.240640 0.000000 0.000000 0.000000 0.992805 1 4.121102393e-07 1.878803596e-05
52 0.020955 0.009283 0.009303 2.827084 1.260181 1.240640 0.000000 0.000000 0.000000 0.992803 1 4.149042070e-07 2.025999129e-05
52 0.020909 0.009267 0.009275 2.827084 1.260181 1.240640 0.000000 0.000000 0.000000 0.992798 1 5.429610610e-07 2.059899271e-05
52 0.020867 0.009252 0.009249 2.827084 1.260181 1.240640 0.000000 0.000000 0.000000 0.992795 1 4.481989890e-07 2.024415880e-05
52 0.020829 0.009239 0.009225 2.827084 1.260181 1.240640 0.000000 0.000000 0.000000 0.992794 1 4.698522389e-07 1.782085747e-05
52 0.020794 0.009227 0.009203 2.827084 1.260181 1.240640 0.000000 0.000000 0.000000 0.992799 1 2.558808774e-07 7.678987458e-06
52 0.020758 0.009214 0.009181 2.827084 1.260181 1.240640 0.000000 0.000000 0.000000 0.992816 1 4.088506103e-07 2.030911855e-05
52 0.020720 0.009200 0.009159 2.827084 1.260181 1.240640 0.000000 0.000000 0.000000 0.992845 1 1.086853445e-06 3.032898530e-05
53 0.020689 0.009237 0.009092 2.931319 1.339222 1.253569 0.000000 0.000000 0.000000 0.993113 1 4.288740456e-07 2.009305172e-05
53 0.020646 0.009234 0.009055 2.931319 1.339222 1.253569 0.000000 0.000000 0.000000 0.993157 1 4.197936505e-07 2.012401819e-05
53 0.020592 0.009224 0.009014 2.931319 1.339222 1.253569 0.000000 0.000000 0.000000 0.993231 1 4.509929568e-07 2.030911855e-05
53 0.020524 0.009207 0.008969 2.931319 1.339222 1.253569 0.000000 0.000000 0.000000 0.993313 1 4.179310054e-07 2.019689418e-05
53 0.020443 0.009184 0.008920 2.931319 1.339222 1.253569 0.000000 0.000000 0.000000 0.993386 1 3.969762474e-07 1.881108619e-05
53 0.020355 0.009155 0.008868 2.931319 1.339222 1.253569 0.000000 0.000000 0.000000 0.993443 1 5.750916898e-07 2.046790905e-05
53 0.020262 0.009124 0.008816 2.931319 1.339222 1.253569 0.000000 0.000000 0.000000 0.993482 1 6.309710443e-07 2.036010846e-05
53 0.020171 0.009092 0.008765 2.931319 1.339222 1.253569 0.000000 0.000000 0.000000 0.993502 1 3.841705620e-07 1.900899224e-05
53 0.020083 0.009062 0.008717 2.931319 1.339222 1.253569 0.000000 0.000000 0.000000 0.993509 1 4.121102393e-07 2.000294626e-05
53 0.020002 0.009034 0.008673 2.931319 1.339222 1.253569 0.000000 0.000000 0.000000 0.993508 1 3.760214895e-07 1.873285510e-05
53 0.019928 0.009008 0.008632 2.931319 1.339222 1.253569 0.000000 0.000000 0.000000 0.993501 1 4.100147635e-07 2.013402991e-05
53 0.019862 0.008985 0.008595 2.931319 1.339222 1.253569 0.000000 0.000000 0.000000 0.993491 1 4.589091986e-07 2.030096948e-05
53 0.019803 0.008965 0.008562 2.931319 1.339222 1.253569 0.000000 0.000000 0.000000 0.993474 1 4.358589649e-07 2.018595114e-05
53 0.019754 0.008949 0.008534 2.931319 1.339222 1.253569 0.000000 0.000000 0.000000 0.993453 1 4.940666258e-07 2.046418376e-05
53 0.019714 0.008937 0.008510 2.931319 1.339222 1.253569 0.000000 0.000000 0.000000 0.993428 1 4.109460860e-07 2.109003253e-05
53 0.019683 0.008928 0.008491 2.931319 1.339222 1.253569 0.000000 0.000000 0.000000 0.993402 1 4.500616342e-07 2.011796460e-05
53 0.019660 0.008922 0.008475 2.931319 1.339222 1.253569 0.000000 0.000000 0.000000 0.993378 1 6.081536412e-07 2.055801451e-05
53 0.019643 0.008919 0.008463 2.931319 1.339222 1.253569 0.000000 0.000000 0.000000 0.993361 1 4.509929568e-07 2.015382051e-05
53 0.019630 0.008917 0.008452 2.931319 1.339222 1.253569 0.000000 0.000000 0.000000 0.993354 1 4.270114005e-07 1.881108619e-05
53 0.019618 0.008916 0.008443 2.931319 1.339222 1.253569 0.000000 0.000000 0.000000 0.993355 1 4.209578037e-07 1.889211126e-05
54 0.019612 0.008940 0.008380 3.039148 1.406003 1.257663 0.000000 0.000000 0.000000 0.993583 1 4.549510777e-07 2.018106170e-05
54 0.019602 0.008946 0.008355 3.039148 1.406003 1.257663 0.000000 0.000000 0.000000 0.993604 1 4.118774086e-07 2.004695125e-05
54 0.019582 0.008946 0.008328 3.039148 1.406003 1.257663 0.000000 0.000000 0.000000 0.993667 1 4.139728844e-07 2.835597843e-05
54 0.019547 0.008938 0.008296 3.039148 1.406003 1.257663 0.000000 0.000000 0.000000 0.993740 1 4.128087312e-07 2.018897794e-05
54 0.019498 0.008924 0.008261 3.039148 1.406003 1.257663 0.000000 0.000000 0.000000 0.993801 1 4.169996828e-07 2.027698793e-05
54 0.019442 0.008905 0.008222 3.039148 1.406003 1.257663 0.000000 0.000000 0.000000 0.993843 1 4.491303116e-07 2.028583549e-05
54 0.019382 0.008884 0.008184 3.039148 1.406003 1.257663 0.000000 0.000000 0.000000 0.993868 1 3.878958523e-07 1.890817657e-05
54 0.019323 0.008863 0.008147 3.039148 1.406003 1.257663 0.000000 0.000000 0.000000 0.993879 1 4.610046744e-07 2.039107494e-05
54 0.019267 0.008843 0.008112 3.039148 1.406003 1.257663 0.000000 0.000000 0.000000 0.993882 1 4.500616342e-07 2.032285556e-05
54 0.019215 0.008825 0.008080 3.039148 1.406003 1.257663 0.000000 0.000000 0.000000 0.993881 1 4.121102393e-07 2.030818723e-05
54 0.019168 0.008808 0.008051 3.039148 1.406003 1.257663 0.000000 0.000000 0.000000 0.993880 1 5.238689482e-07 2.030818723e-05
54 0.019125 0.008792 0.008024 3.039148 1.406003 1.257663 0.000000 0.000000 0.000000 0.993878 1 4.409812391e-07 1.875218004e-05
54 0.019085 0.008778 0.007999 3.039148 1.406003 1.257663 0.000000 0.000000 0.000000 0.993874 1 4.589091986e-07 2.028606832e-05
54 0.019050 0.008766 0.007977 3.039148 1.406003 1.257663 0.000000 0.000000 0.000000 0.993867 1 6.759073585e-07 2.128514461e-05
54 0.019020 0.008756 0.007957 3.039148 1.406003 1.257663 0.000000 0.000000 0.000000 0.993859 1 4.228204489e-07 1.866905950e-05
54 0.018993 0.008747 0.007939 3.039148 1.406003 1.257663 0.000000 0.000000 0.000000 0.993850 1 4.719477147e-07 2.009607852e-05
54 0.018971 0.008740 0.007924 3.039148 1.406003 1.257663 0.000000 0.000000 0.000000 0.993844 1 4.719477147e-07 2.024299465e-05
54 0.018951 0.008733 0.007910 3.039148 1.406003 1.257663 0.000000 0.000000 0.000000 0.993844 1 4.780013114e-07 2.015405335e-05
54 0.018931 0.008727 0.007897 3.039148 1.406003 1.257663 0.000000 0.000000 0.000000 0.993855 1 4.321336746e-07 2.019014210e-05
54 0.018909 0.008719 0.007883 3.039148 1.406003 1.257663 0.000000 0.000000 0.000000 0.993877 1 3.860332072e-07 1.870701090e-05
55 0.018892 0.008757 0.007824 3.142654 1.486610 1.265272 0.000000 0.000000 0.000000 0.994088 1 5.119945854e-07 2.049608156e-05
55 0.018864 0.008757 0.007796 3.142654 1.486610 1.265272 0.000000 0.000000 0.000000 0.994125 1 4.509929568e-07 2.034590580e-05
55 0.018825 0.008752 0.007765 3.142654 1.486610 1.265272 0.000000 0.000000 0.000000 0.994190 1 4.249159247e-07 1.886603422e-05
55 0.018771 0.008738 0.007729 3.142654 1.486610 1.265272 0.000000 0.000000 0.000000 0.994263 1 4.370231181e-07 2.019619569e-05
55 0.018705 0.008718 0.007689 3.142654 1.486610 1.265272 0.000000 0.000000 0.000000 0.994327 1 5.040783435e-07 2.213404514e-05
55 0.018631 0.008693 0.007647 3.142654 1.486610 1.265272 0.000000 0.000000 0.000000 0.994376 1 4.868488759e-07 2.898904495e-05
55 0.018553 0.008665 0.007604 3.142654 1.486610 1.265272 0.000000 0.000000 0.000000 0.994406 1 4.339963198e-07 2.018199302e-05
55 0.018476 0.008637 0.007563 3.142654 1.486610 1.265272 0.000000 0.000000 0.000000 0.994420 1 4.558824003e-07 2.012099139e-05
55 0.018403 0.008611 0.007524 3.142654 1.486610 1.265272 0.000000 0.000000 0.000000 0.994422 1 4.239846021e-07 1.894589514e-05
55 0.018336 0.008586 0.007489 3.142654 1.486610 1.265272 0.000000 0.000000 0.000000 0.994417 1 4.561152309e-07 2.026394941e-05
55 0.018277 0.008565 0.007456 3.142654 1.486610 1.265272 0.000000 0.000000 0.000000 0.994407 1 1.131091267e-06 3.084191121e-05
55 0.018225 0.008547 0.007428 3.142654 1.486610 1.265272 0.000000 0.000000 0.000000 0.994394 1 7.480848581e-07 2.795201726e-05
55 0.018181 0.008531 0.007403 3.142654 1.486610 1.265272 0.000000 0.000000 0.000000 0.994375 1 2.321321517e-07 8.908100426e-06
55 0.018145 0.008520 0.007382 3.142654 1.486610 1.265272 0.000000 0.000000 0.000000 0.994351 1 2.309679985e-07 9.026145563e-06
55 0.018118 0.008512 0.007366 3.142654 1.486610 1.265272 0.000000 0.000000 0.000000 0.994324 1 2.181623131e-07 1.015118323e-05
55 0.018101 0.008508 0.007353 3.142654 1.486610 1.265272 0.000000 0.000000 0.000000 0.994296 1 2.488959581e-07 1.075910404e-05
55 0.018091 0.008508 0.007344 3.142654 1.486610 1.265272 0.000000 0.000000 0.000000 0.994269 1 4.379544407e-07 2.026604488e-05
55 0.018088 0.008510 0.007338 3.142654 1.486610 1.265272 0.000000 0.000000 0.000000 0.994249 1 4.689209163e-07 2.014706843e-05
55 0.018088 0.008514 0.007334 3.142654 1.486610 1.265272 0.000000 0.000000 0.000000 0.994237 1 8.069910109e-07 3.405986354e-05
55 0.018090 0.008518 0.007331 3.142654 1.486610 1.265272 0.000000 0.000000 0.000000 0.994234 1 8.710194379e-07 2.174894325e-05
56 0.018098 0.008545 0.007276 3.250477 1.553955 1.263931 0.000000 0.000000 0.000000 0.994415 1 4.088506103e-07 2.007815056e-05
56 0.018101 0.008554 0.007258 3.250477 1.553955 1.263931 0.000000 0.000000 0.000000 0.994431 1 4.309695214e-07 2.011400647e-05
56 0.018094 0.008559 0.007239 3.250477 1.553955 1.263931 0.000000 0.000000 0.000000 0.994487 1 8.859205991e-07 2.261507325e-05
56 0.018071 0.008555 0.007214 3.250477 1.553955 1.263931 0.000000 0.000000 0.000000 0.994553 1 4.540197551e-07 2.001598477e-05
56 0.018035 0.008544 0.007186 3.250477 1.553955 1.263931 0.000000 0.000000 0.000000 0.994607 1 4.810281098e-07 2.015987411e-05
56 0.017991 0.008529 0.007155 3.250477 1.553955 1.263931 0.000000 0.000000 0.000000 0.994643 1 4.109460860e-07 2.013402991e-05
56 0.017943 0.008512 0.007125 3.250477 1.553955 1.263931 0.000000 0.000000 0.000000 0.994662 1 4.151370376e-07 1.881620847e-05
56 0.017897 0.008495 0.007095 3.250477 1.553955 1.263931 0.000000 0.000000 0.000000 0.994668 1 1.006992534e-06 2.291705459e-05
56 0.017854 0.008479 0.007068 3.250477 1.553955 1.263931 0.000000 0.000000 0.000000 0.994666 1 4.060566425e-07 2.027698793e-05
56 0.017815 0.008465 0.007043 3.250477 1.553955 1.263931 0.000000 0.000000 0.000000 0.994660 1 4.849862307e-07 2.011493780e-05
56 0.017780 0.008452 0.007021 3.250477 1.553955 1.263931 0.000000 0.000000 0.000000 0.994655 1 4.109460860e-07 2.012308687e-05
56 0.017750 0.008441 0.007001 3.250477 1.553955 1.263931 0.000000 0.000000 0.000000 0.994650 1 4.591420293e-07 2.005090937e-05
56 0.017723 0.008432 0.006983 3.250477 1.553955 1.263931 0.000000 0.000000 0.000000 0.994642 1 4.528556019e-07 2.038897946e-05
56 0.017701 0.008424 0.006967 3.250477 1.553955 1.263931 0.000000 0.000000 0.000000 0.994632 1 4.130415618e-07 2.017803490e-05
56 0.017683 0.008419 0.006954 3.250477 1.553955 1.263931 0.000000 0.000000 0.000000 0.994621 1 1.047039405e-06 2.340809442e-05
56 0.017669 0.008415 0.006942 3.250477 1.553955 1.263931 0.000000 0.000000 0.000000 0.994609 1 4.339963198e-07 2.013309859e-05
56 0.017660 0.008413 0.006933 3.250477 1.553955 1.263931 0.000000 0.000000 0.000000 0.994599 1 4.169996828e-07 2.018595114e-05
56 0.017652 0.008412 0.006925 3.250477 1.553955 1.263931 0.000000 0.000000 0.000000 0.994595 1 4.151370376e-07 2.011307515e-05
56 0.017645 0.008410 0.006918 3.250477 1.553955 1.263931 0.000000 0.000000 0.000000 0.994601 1 4.759058356e-07 2.013915218e-05
56 0.017636 0.008408 0.006910 3.250477 1.553955 1.263931 0.000000 0.000000 0.000000 0.994617 1 4.922039807e-07 2.021784894e-05
57 0.017632 0.008448 0.006857 3.353780 1.635560 1.266108 0.000000 0.000000 0.000000 0.994790 1 4.698522389e-07 2.020900138e-05
57 0.017616 0.008451 0.006836 3.353780 1.635560 1.266108 0.000000 0.000000 0.000000 0.994822 1 5.399342626e-07 2.021901309e-05
57 0.017589 0.008449 0.006811 3.353780 1.635560 1.266108 0.000000 0.000000 0.000000 0.994880 1 4.831235856e-07 2.027605660e-05
57 0.017547 0.008439 0.006782 3.353780 1.635560 1.266108 0.000000 0.000000 0.000000 0.994945 1 4.251487553e-07 2.028606832e-05
57 0.017493 0.008421 0.006750 3.353780 1.635560 1.266108 0.000000 0.000000 0.000000 0.995002 1 9.399373084e-07 2.315896563e-05
57 0.017430 0.008399 0.006715 3.353780 1.635560 1.266108 0.000000 0.000000 0.000000 0.995044 1 4.498288035e-07 2.505909652e-05
57 0.017364 0.008375 0.006679 3.353780 1.635560 1.266108 0.000000 0.000000 0.000000 0.995069 1 4.509929568e-07 2.028490417e-05
57 0.017299 0.008350 0.006645 3.353780 1.635560 1.266108 0.000000 0.000000 0.000000 0.995079 1 4.491303116e-07 1.996406354e-05
57 0.017238 0.008327 0.006613 3.353780 1.635560 1.266108 0.000000 0.000000 0.000000 0.995078 1 4.591420293e-07 2.018688247e-05
57 0.017183 0.008306 0.006585 3.353780 1.635560 1.266108 0.000000 0.000000 0.000000 0.995069 1 4.188623279e-07 1.883297227e-05
57 0.017135 0.008288 0.006559 3.353780 1.635560 1.266108 0.000000 0.000000 0.000000 0.995057 1 4.500616342e-07 2.032308839e-05
57 0.017094 0.008274 0.006536 3.353780 1.635560 1.266108 0.000000 0.000000 0.000000 0.995043 1 5.031470209e-07 2.007209696e-05
57 0.017061 0.008262 0.006518 3.353780 1.635560 1.266108 0.000000 0.000000 0.000000 0.995022 1 4.509929568e-07 2.027908340e-05
57 0.017036 0.008255 0.006502 3.353780 1.635560 1.266108 0.000000 0.000000 0.000000 0.994997 1 4.118774086e-07 2.009491436e-05
57 0.017020 0.008251 0.006491 3.353780 1.635560 1.266108 0.000000 0.000000 0.000000 0.994969 1 4.409812391e-07 2.019200474e-05
57 0.017013 0.008251 0.006483 3.353780 1.635560 1.266108 0.000000 0.000000 0.000000 0.994940 1 4.130415618e-07 2.007605508e-05
57 0.017014 0.008255 0.006479 3.353780 1.635560 1.266108 0.000000 0.000000 0.000000 0.994911 1 8.079223335e-07 2.092495561e-05
57 0.017021 0.008262 0.006477 3.353780 1.635560 1.266108 0.000000 0.000000 0.000000 0.994889 1 4.270114005e-07 2.008583397e-05
57 0.017033 0.008271 0.006478 3.353780 1.635560 1.266108 0.000000 0.000000 0.000000 0.994875 1 4.509929568e-07 2.018804662e-05
57 0.017046 0.008280 0.006479 3.353780 1.635560 1.266108 0.000000 0.000000 0.000000 0.994868 1 5.180481821e-07 2.039596438e-05
58 0.017063 0.008308 0.006428 3.462102 1.702943 1.259255 0.000000 0.000000 0.000000 0.995018 1 4.130415618e-07 2.018688247e-05
58 0.017077 0.008321 0.006416 3.462102 1.702943 1.259255 0.000000 0.000000 0.000000 0.995030 1 9.799841791e-07 2.318387851e-05
58 0.017080 0.008328 0.006401 3.462102 1.702943 1.259255 0.000000 0.000000 0.000000 0.995082 1 4.270114005e-07 1.995312050e-05
58 0.017067 0.008327 0.006382 3.462102 1.702943 1.259255 0.000000 0.000000 0.000000 0.995142 1 5.089677870e-07 2.050190233e-05
58 0.017040 0.008319 0.006359 3.462102 1.702943 1.259255 0.000000 0.000000 0.000000 0.995190 1 4.519242793e-07 2.013007179e-05
58 0.017005 0.008307 0.006334 3.462102 1.702943 1.259255 0.000000 0.000000 0.000000 0.995222 1 4.358589649e-07 2.018106170e-05
58 0.016967 0.008293 0.006308 3.462102 1.702943 1.259255 0.000000 0.000000 0.000000 0.995237 1 5.441252142e-07 2.008886077e-05
58 0.016930 0.008279 0.006284 3.462102 1.702943 1.259255 0.000000 0.000000 0.000000 0.995239 1 1.010484993e-07 4.956964403e-06
58 0.016896 0.008266 0.006262 3.462102 1.702943 1.259255 0.000000 0.000000 0.000000 0.995234 1 2.430751920e-07 1.052487642e-05
58 0.016867 0.008255 0.006243 3.462102 1.702943 1.259255 0.000000 0.000000 0.000000 0.995226 1 1.939479262e-07 8.078990504e-06
58 0.016842 0.008246 0.006225 3.462102 1.702943 1.259255 0.000000 0.000000 0.000000 0.995219 1 4.339963198e-07 2.014590427e-05
58 0.016821 0.008238 0.006210 3.462102 1.702943 1.259255 0.000000 0.000000 0.000000 0.995211 1 4.151370376e-07 2.019619569e-05
58 0.016804 0.008233 0.006197 3.462102 1.702943 1.259255 0.000000 0.000000 0.000000 0.995201 1 4.391185939e-07 2.020201646e-05
58 0.016791 0.008229 0.006186 3.462102 1.702943 1.259255 0.000000 0.000000 0.000000 0.995189 1 7.969792932e-07 2.097408287e-05
58 0.016782 0.008227 0.006176 3.462102 1.702943 1.259255 0.000000 0.000000 0.000000 0.995176 1 4.428438842e-07 2.015312202e-05
58 0.016778 0.008227 0.006169 3.462102 1.702943 1.259255 0.000000 0.000000 0.000000 0.995162 1 6.079208106e-07 2.049910836e-05
58 0.016778 0.008229 0.006164 3.462102 1.702943 1.259255 0.000000 0.000000 0.000000 0.995150 1 4.519242793e-07 2.028001472e-05
58 0.016780 0.008232 0.006160 3.462102 1.702943 1.259255 0.000000 0.000000 0.000000 0.995143 1 4.249159247e-07 2.036802471e-05
58 0.016783 0.008235 0.006157 3.462102 1.702943 1.259255 0.000000 0.000000 0.000000 0.995146 1 9.560026228e-07 2.164603211e-05
58 0.016783 0.008236 0.006153 3.462102 1.702943 1.259255 0.000000 0.000000 0.000000 0.995159 1 4.090834409e-07 1.993589103e-05
59 0.016787 0.008276 0.006103 3.565675 1.785027 1.255918 0.000000 0.000000 0.000000 0.995305 1 4.079192877e-07 2.004392445e-05
59 0.016780 0.008282 0.006086 3.565675 1.785027 1.255918 0.000000 0.000000 0.000000 0.995333 1 4.461035132e-07 2.219900489e-05
59 0.016762 0.008282 0.006066 3.565675 1.785027 1.255918 0.000000 0.000000 0.000000 0.995386 1 4.610046744e-07 2.025999129e-05
59 0.016729 0.008274 0.006042 3.565675 1.785027 1.255918 0.000000 0.000000 0.000000 0.995445 1 4.789326340e-07 2.025603317e-05
59 0.016683 0.008259 0.006014 3.565675 1.785027 1.255918 0.000000 0.000000 0.000000 0.995497 1 4.770699888e-07 2.022995614e-05
59 0.016629 0.008239 0.005985 3.565675 1.785027 1.255918 0.000000 0.000000 0.000000 0.995534 1 4.940666258e-07 2.030003816e-05
59 0.016571 0.008217 0.005954 3.565675 1.785027 1.255918 0.000000 0.000000 0.000000 0.995556 1 5.268957466e-07 2.030399628e-05
59 0.016514 0.008194 0.005925 3.565675 1.785027 1.255918 0.000000 0.000000 0.000000 0.995562 1 6.479676813e-07 2.035102807e-05
59 0.016461 0.008173 0.005898 3.565675 1.785027 1.255918 0.000000 0.000000 0.000000 0.995559 1 4.328321666e-07 2.029584721e-05
59 0.016414 0.008155 0.005874 3.565675 1.785027 1.255918 0.000000 0.000000 0.000000 0.995550 1 7.268972695e-07 2.791220322e-05
59 0.016375 0.008140 0.005853 3.565675 1.785027 1.255918 0.000000 0.000000 0.000000 0.995536 1 1.088948920e-06 2.943002619e-05
59 0.016342 0.008128 0.005835 3.565675 1.785027 1.255918 0.000000 0.000000 0.000000 0.995521 1 5.289912224e-07 2.011400647e-05
59 0.016316 0.008119 0.005820 3.565675 1.785027 1.255918 0.000000 0.000000 0.000000 0.995500 1 7.830094546e-07 2.798298374e-05
59 0.016299 0.008115 0.005808 3.565675 1.785027 1.255918 0.000000 0.000000 0.000000 0.995474 1 6.831251085e-07 2.604792826e-05
59 0.016291 0.008114 0.005800 3.565675 1.785027 1.255918 0.000000 0.000000 0.000000 0.995446 1 1.054024324e-06 2.331496216e-05
59 0.016291 0.008117 0.005795 3.565675 1.785027 1.255918 0.000000 0.000000 0.000000 0.995417 1 1.027015969e-06 2.990197390e-05
59 0.016300 0.008124 0.005794 3.565675 1.785027 1.255918 0.000000 0.000000 0.000000 0.995388 1 6.849877536e-07 2.605398186e-05
59 0.016315 0.008135 0.005795 3.565675 1.785027 1.255918 0.000000 0.000000 0.000000 0.995364 1 7.501803339e-07 1.995917410e-05
59 0.016334 0.008147 0.005798 3.565675 1.785027 1.255918 0.000000 0.000000 0.000000 0.995349 1 4.330649972e-07 2.166884951e-05
59 0.016355 0.008159 0.005802 3.565675 1.785027 1.255918 0.000000 0.000000 0.000000 0.995340 1 8.079223335e-07 2.797204070e-05
60 0.016379 0.008187 0.005753 3.675013 1.851883 1.243440 0.000000 0.000000 0.000000 0.995468 1 6.840564311e-07 2.599996515e-05
60 0.016400 0.008202 0.005744 3.675013 1.851883 1.243440 0.000000 0.000000 0.000000 0.995478 1 4.118774086e-07 2.059293911e-05
60 0.016410 0.008212 0.005732 3.675013 1.851883 1.243440 0.000000 0.000000 0.000000 0.995526 1 8.828938007e-07 2.830103040e-05
60 0.016403 0.008213 0.005716 3.675013 1.851883 1.243440 0.000000 0.000000 0.000000 0.995582 1 7.420312613e-07 2.791197039e-05
60 0.016383 0.008207 0.005697 3.675013 1.851883 1.243440 0.000000 0.000000 0.000000 0.995626 1 7.329508662e-07 2.788798884e-05
60 0.016355 0.008196 0.005675 3.675013 1.851883 1.243440 0.000000 0.000000 0.000000 0.995654 1 6.661284715e-07 2.600811422e-05
60 0.016323 0.008184 0.005653 3.675013 1.851883 1.243440 0.000000 0.000000 0.000000 0.995666 1 7.259659469e-07 2.788915299e-05
60 0.016292 0.008172 0.005633 3.675013 1.851883 1.243440 0.000000 0.000000 0.000000 0.995666 1 1.081964001e-06 2.315803431e-05
60 0.016265 0.008161 0.005615 3.675013 1.851883 1.243440 0.000000 0.000000 0.000000 0.995660 1 3.769528121e-07 1.890002750e-05
60 0.016242 0.008152 0.005598 3.675013 1.851883 1.243440 0.000000 0.000000 0.000000 0.995650 1 4.591420293e-07 2.217083238e-05
60 0.016224 0.008145 0.005584 3.675013 1.851883 1.243440 0.000000 0.000000 0.000000 0.995641 1 4.209578037e-07 1.876801252e-05
60 0.016210 0.008141 0.005572 3.675013 1.851883 1.243440 0.000000 0.000000 0.000000 0.995632 1 4.430767149e-07 2.005393617e-05
60 0.016199 0.008137 0.005562 3.675013 1.851883 1.243440 0.000000 0.000000 0.000000 0.995621 1 1.178123057e-06 3.080395982e-05
60 0.016193 0.008136 0.005554 3.675013 1.851883 1.243440 0.000000 0.000000 0.000000 0.995608 1 7.608905435e-07 2.795411274e-05
60 0.016191 0.008137 0.005547 3.675013 1.851883 1.243440 0.000000 0.000000 0.000000 0.995593 1 7.189810276e-07 2.790801227e-05
60 0.016194 0.008140 0.005543 3.675013 1.851883 1.243440 0.000000 0.000000 0.000000 0.995579 1 7.329508662e-07 2.791685984e-05
60 0.016200 0.008145 0.005540 3.675013 1.851883 1.243440 0.000000 0.000000 0.000000 0.995565 1 7.350463420e-07 2.788286656e-05
60 0.016209 0.008151 0.005539 3.675013 1.851883 1.243440 0.000000 0.000000 0.000000 0.995557 1 7.101334631e-07 2.785306424e-05
60 0.016218 0.008157 0.005538 3.675013 1.851883 1.243440 0.000000 0.000000 0.000000 0.995558 1 3.739260137e-07 1.877499744e-05
60 0.016225 0.008161 0.005536 3.675013 1.851883 1.243440 0.000000 0.000000 0.000000 0.995569 1 5.289912224e-07 2.021784894e-05
61 0.016236 0.008200 0.005487 3.779387 1.933934 1.234478 0.000000 0.000000 0.000000 0.995696 1 4.121102393e-07 2.005998977e-05
61 0.016235 0.008208 0.005473 3.779387 1.933934 1.234478 0.000000 0.000000 0.000000 0.995721 1 1.080334187e-07 4.922971129e-06
61 0.016223 0.008210 0.005456 3.779387 1.933934 1.234478 0.000000 0.000000 0.000000 0.995769 1 1.098960638e-07 4.986068234e-06
61 0.016196 0.008203 0.005435 3.779387 1.933934 1.234478 0.000000 0.000000 0.000000 0.995824 1 2.190936357e-07 1.085409895e-05
61 0.016156 0.008189 0.005411 3.779387 1.933934 1.234478 0.000000 0.000000 0.000000 0.995872 1 7.478520274e-07 1.941598020e-05
61 0.016108 0.008170 0.005385 3.779387 1.933934 1.234478 0.000000 0.000000 0.000000 0.995906 1 4.968605936e-07 2.026907168e-05
61 0.016055 0.008149 0.005358 3.779387 1.933934 1.234478 0.000000 0.000000 0.000000 0.995924 1 4.060566425e-07 2.025603317e-05
61 0.016004 0.008128 0.005333 3.779387 1.933934 1.234478 0.000000 0.000000 0.000000 0.995930 1 4.470348358e-07 2.019503154e-05
61 0.015957 0.008109 0.005309 3.779387 1.933934 1.234478 0.000000 0.000000 0.000000 0.995926 1 4.069879651e-07 2.023205161e-05
61 0.015916 0.008092 0.005288 3.779387 1.933934 1.234478 0.000000 0.000000 0.000000 0.995915 1 9.960494936e-07 2.325605601e-05
61 0.015881 0.008078 0.005270 3.779387 1.933934 1.234478 0.000000 0.000000 0.000000 0.995902 1 4.009343684e-07 1.999503002e-05
61 0.015853 0.008068 0.005255 3.779387 1.933934 1.234478 0.000000 0.000000 0.000000 0.995886 1 4.421453923e-07 2.015614882e-05
61 0.015833 0.008061 0.005242 3.779387 1.933934 1.234478 0.000000 0.000000 0.000000 0.995865 1 5.469191819e-07 2.025393769e-05
61 0.015822 0.008058 0.005233 3.779387 1.933934 1.234478 0.000000 0.000000 0.000000 0.995840 1 4.009343684e-07 2.001202665e-05
61 0.015819 0.008059 0.005227 3.779387 1.933934 1.234478 0.000000 0.000000 0.000000 0.995812 1 4.561152309e-07 2.017198130e-05
61 0.015824 0.008065 0.005224 3.779387 1.933934 1.234478 0.000000 0.000000 0.000000 0.995783 1 4.079192877e-07 2.002296969e-05
61 0.015838 0.008074 0.005224 3.779387 1.933934 1.234478 0.000000 0.000000 0.000000 0.995754 1 6.111804396e-07 2.034311183e-05
61 0.015858 0.008087 0.005227 3.779387 1.933934 1.234478 0.000000 0.000000 0.000000 0.995730 1 4.540197551e-07 2.011819743e-05
61 0.015882 0.008101 0.005231 3.779387 1.933934 1.234478 0.000000 0.000000 0.000000 0.995714 1 4.319008440e-07 2.027791925e-05
61 0.015908 0.008117 0.005236 3.779387 1.933934 1.234478 0.000000 0.000000 0.000000 0.995705 1 4.121102393e-07 1.905509271e-05
62 0.015937 0.008142 0.005187 3.890286 1.999729 1.216254 0.000000 0.000000 0.000000 0.995817 1 4.570465535e-07 2.024695277e-05
62 0.015962 0.008159 0.005180 3.890286 1.999729 1.216254 0.000000 0.000000 0.000000 0.995826 1 7.189810276e-07 2.062390558e-05
62 0.015976 0.008170 0.005170 3.890286 1.999729 1.216254 0.000000 0.000000 0.000000 0.995871 1 4.291068763e-07 2.015614882e-05
62 0.015974 0.008172 0.005155 3.890286 1.999729 1.216254 0.000000 0.000000 0.000000 0.995923 1 5.101319402e-07 2.028606832e-05
62 0.015958 0.008167 0.005138 3.890286 1.999729 1.216254 0.000000 0.000000 0.000000 0.995964 1 4.689209163e-07 2.018990926e-05
62 0.015934 0.008157 0.005119 3.890286 1.999729 1.216254 0.000000 0.000000 0.000000 0.995990 1 4.789326340e-07 2.458295785e-05
62 0.015906 0.008146 0.005100 3.890286 1.999729 1.216254 0.000000 0.000000 0.000000 0.996000 1 1.212116331e-06 3.057694994e-05
62 0.015880 0.008134 0.005082 3.890286 1.999729 1.216254 0.000000 0.000000 0.000000 0.995999 1 7.329508662e-07 2.784817480e-05
62 0.015857 0.008125 0.005066 3.890286 1.999729 1.216254 0.000000 0.000000 0.000000 0.995991 1 6.929039955e-07 2.043996938e-05
62 0.015838 0.008117 0.005051 3.890286 1.999729 1.216254 0.000000 0.000000 0.000000 0.995981 1 4.118774086e-07 1.999991946e-05
62 0.015824 0.008112 0.005039 3.890286 1.999729 1.216254 0.000000 0.000000 0.000000 0.995970 1 1.124106348e-06 2.333289012e-05
62 0.015815 0.008109 0.005029 3.890286 1.999729 1.216254 0.000000 0.000000 0.000000 0.995961 1 4.079192877e-07 1.995614730e-05
62 0.015809 0.008107 0.005021 3.890286 1.999729 1.216254 0.000000 0.000000 0.000000 0.995949 1 4.949979484e-07 2.005719580e-05
62 0.015807 0.008108 0.005014 3.890286 1.999729 1.216254 0.000000 0.000000 0.000000 0.995936 1 4.409812391e-07 2.008210868e-05
62 0.015810 0.008110 0.005010 3.890286 1.999729 1.216254 0.000000 0.000000 0.000000 0.995921 1 4.421453923e-07 2.013100311e-05
62 0.015817 0.008115 0.005007 3.890286 1.999729 1.216254 0.000000 0.000000 0.000000 0.995906 1 4.009343684e-07 1.874705777e-05
62 0.015828 0.008122 0.005005 3.890286 1.999729 1.216254 0.000000 0.000000 0.000000 0.995892 1 4.239846021e-07 1.896196045e-05
62 0.015841 0.008130 0.005005 3.890286 1.999729 1.216254 0.000000 0.000000 0.000000 0.995883 1 4.568137228e-07 2.013612539e-05
62 0.015855 0.008138 0.005006 3.890286 1.999729 1.216254 0.000000 0.000000 0.000000 0.995882 1 5.869660527e-07 2.040690742e-05
62 0.015866 0.008145 0.005005 3.890286 1.999729 1.216254 0.000000 0.000000 0.000000 0.995891 1 4.118774086e-07 2.013798803e-05
63 0.015881 0.008182 0.004956 3.996018 2.081244 1.201540 0.000000 0.000000 0.000000 0.996004 1 8.409842849e-07 2.803816460e-05
63 0.015884 0.008190 0.004943 3.996018 2.081244 1.201540 0.000000 0.000000 0.000000 0.996027 1 7.241033018e-07 2.793292515e-05
63 0.015876 0.008193 0.004928 3.996018 2.081244 1.201540 0.000000 0.000000 0.000000 0.996072 1 4.409812391e-07 1.874705777e-05
63 0.015853 0.008187 0.004909 3.996018 2.081244 1.201540 0.000000 0.000000 0.000000 0.996124 1 8.810311556e-07 2.918881364e-05
63 0.015818 0.008173 0.004888 3.996018 2.081244 1.201540 0.000000 0.000000 0.000000 0.996168 1 4.861503839e-07 2.035009675e-05
63 0.015773 0.008155 0.004864 3.996018 2.081244 1.201540 0.000000 0.000000 0.000000 0.996199 1 4.810281098e-07 1.889513806e-05
63 0.015725 0.008135 0.004840 3.996018 2.081244 1.201540 0.000000 0.000000 0.000000 0.996216 1 4.020985216e-07 1.873890869e-05
63 0.015677 0.008114 0.004817 3.996018 2.081244 1.201540 0.000000 0.000000 0.000000 0.996220 1 3.939494491e-07 2.010585740e-05
63 0.015634 0.008095 0.004796 3.996018 2.081244 1.201540 0.000000 0.000000 0.000000 0.996216 1 4.018656909e-07 1.898105256e-05
63 0.015596 0.008079 0.004778 3.996018 2.081244 1.201540 0.000000 0.000000 0.000000 0.996205 1 4.519242793e-07 2.004788257e-05
63 0.015565 0.008067 0.004762 3.996018 2.081244 1.201540 0.000000 0.000000 0.000000 0.996192 1 5.268957466e-07 2.033007331e-05
63 0.015541 0.008057 0.004748 3.996018 2.081244 1.201540 0.000000 0.000000 0.000000 0.996176 1 4.430767149e-07 2.025300637e-05
63 0.015525 0.008051 0.004737 3.996018 2.081244 1.201540 0.000000 0.000000 0.000000 0.996155 1 4.158355296e-07 2.011610195e-05
63 0.015516 0.008050 0.004729 3.996018 2.081244 1.201540 0.000000 0.000000 0.000000 0.996131 1 4.740431905e-07 2.039084211e-05
63 0.015517 0.008052 0.004725 3.996018 2.081244 1.201540 0.000000 0.000000 0.000000 0.996104 1 4.421453923e-07 2.013798803e-05
63 0.015526 0.008059 0.004723 3.996018 2.081244 1.201540 0.000000 0.000000 0.000000 0.996075 1 6.260816008e-07 2.046115696e-05
63 0.015543 0.008070 0.004724 3.996018 2.081244 1.201540 0.000000 0.000000 0.000000 0.996047 1 4.388857633e-07 2.031703480e-05
63 0.015566 0.008084 0.004727 3.996018 2.081244 1.201540 0.000000 0.000000 0.000000 0.996023 1 3.969762474e-07 1.756078564e-05
63 0.015594 0.008101 0.004732 3.996018 2.081244 1.201540 0.000000 0.000000 0.000000 0.996007 1 3.208406270e-07 1.488300040e-05
63 0.015624 0.008118 0.004737 3.996018 2.081244 1.201540 0.000000 0.000000 0.000000 0.995998 1 4.209578037e-07 1.880503260e-05
64 0.015655 0.008141 0.004688 4.109057 2.145439 1.177431 0.000000 0.000000 0.000000 0.996098 1 3.951136023e-07 1.408997923e-05
64 0.015684 0.008158 0.004681 4.109057 2.145439 1.177431 0.000000 0.000000 0.000000 0.996106 1 3.699678928e-07 1.562805846e-05
64 0.015701 0.008170 0.004671 4.109057 2.145439 1.177431 0.000000 0.000000 0.000000 0.996148 1 4.589091986e-07 2.029002644e-05
64 0.015702 0.008172 0.004658 4.109057 2.145439 1.177431 0.000000 0.000000 0.000000 0.996198 1 4.149042070e-07 2.013798803e-05
64 0.015689 0.008167 0.004642 4.109057 2.145439 1.177431 0.000000 0.000000 0.000000 0.996236 1 5.168840289e-07 2.026092261e-05
64 0.015667 0.008158 0.004625 4.109057 2.145439 1.177431 0.000000 0.000000 0.000000 0.996260 1 4.849862307e-07 2.024904825e-05
64 0.015642 0.008147 0.004607 4.109057 2.145439 1.177431 0.000000 0.000000 0.000000 0.996268 1 4.561152309e-07 2.022203989e-05
64 0.015619 0.008136 0.004591 4.109057 2.145439 1.177431 0.000000 0.000000 0.000000 0.996266 1 4.530884326e-07 2.257013693e-05
64 0.015599 0.008127 0.004576 4.109057 2.145439 1.177431 0.000000 0.000000 0.000000 0.996258 1 4.339963198e-07 2.015288919e-05
64 0.015584 0.008120 0.004564 4.109057 2.145439 1.177431 0.000000 0.000000 0.000000 0.996247 1 5.420297384e-07 2.041598782e-05
64 0.015573 0.008116 0.004553 4.109057 2.145439 1.177431 0.000000 0.000000 0.000000 0.996236 1 4.379544407e-07 2.001109533e-05
64 0.015567 0.008114 0.004544 4.109057 2.145439 1.177431 0.000000 0.000000 0.000000 0.996226 1 5.620531738e-07 2.030306496e-05
64 0.015564 0.008114 0.004537 4.109057 2.145439 1.177431 0.000000 0.000000 0.000000 0.996214 1 4.470348358e-07 2.040597610e-05
64 0.015566 0.008116 0.004532 4.109057 2.145439 1.177431 0.000000 0.000000 0.000000 0.996201 1 4.570465535e-07 2.016709186e-05
64 0.015572 0.008120 0.004528 4.109057 2.145439 1.177431 0.000000 0.000000 0.000000 0.996186 1 4.179310054e-07 1.991679892e-05
64 0.015582 0.008126 0.004526 4.109057 2.145439 1.177431 0.000000 0.000000 0.000000 0.996170 1 4.288740456e-07 2.002203837e-05
64 0.015597 0.008134 0.004525 4.109057 2.145439 1.177431 0.000000 0.000000 0.000000 0.996156 1 7.029157132e-07 2.780207433e-05
64 0.015614 0.008144 0.004526 4.109057 2.145439 1.177431 0.000000 0.000000 0.000000 0.996147 1 1.006992534e-06 2.993806265e-05
64 0.015631 0.008154 0.004527 4.109057 2.145439 1.177431 0.000000 0.000000 0.000000 0.996146 1 6.409827620e-07 2.069491893e-05
64 0.015646 0.008162 0.004527 4.109057 2.145439 1.177431 0.000000 0.000000 0.000000 0.996154 1 4.388857633e-07 2.009514719e-05
65 0.015663 0.008196 0.004477 4.216753 2.225888 1.156800 0.000000 0.000000 0.000000 0.996256 1 3.869645298e-07 1.864600927e-05
65 0.015669 0.008204 0.004465 4.216753 2.225888 1.156800 0.000000 0.000000 0.000000 0.996277 1 4.060566425e-07 1.903600059e-05
65 0.015664 0.008207 0.004451 4.216753 2.225888 1.156800 0.000000 0.000000 0.000000 0.996320 1 3.809109330e-07 1.871492714e-05
65 0.015644 0.008201 0.004433 4.216753 2.225888 1.156800 0.000000 0.000000 0.000000 0.996368 1 4.081521183e-07 2.013798803e-05
65 0.015611 0.008188 0.004414 4.216753 2.225888 1.156800 0.000000 0.000000 0.000000 0.996409 1 4.039611667e-07 2.013216726e-05
65 0.015569 0.008170 0.004392 4.216753 2.225888 1.156800 0.000000 0.000000 0.000000 0.996439 1 4.200264812e-07 1.891003922e-05
65 0.015524 0.008150 0.004370 4.216753 2.225888 1.156800 0.000000 0.000000 0.000000 0.996454 1 4.121102393e-07 2.020015381e-05
65 0.015479 0.008129 0.004349 4.216753 2.225888 1.156800 0.000000 0.000000 0.000000 0.996458 1 3.860332072e-07 1.898291521e-05
65 0.015438 0.008111 0.004330 4.216753 2.225888 1.156800 0.000000 0.000000 0.000000 0.996453 1 4.800967872e-07 2.012704499e-05
65 0.015403 0.008095 0.004313 4.216753 2.225888 1.156800 0.000000 0.000000 0.000000 0.996442 1 4.768371582e-07 2.018595114e-05
65 0.015374 0.008083 0.004299 4.216753 2.225888 1.156800 0.000000 0.000000 0.000000 0.996429 1 4.440080374e-07 2.024089918e-05
65 0.015353 0.008074 0.004287 4.216753 2.225888 1.156800 0.000000 0.000000 0.000000 0.996413 1 4.940666258e-07 2.021994442e-05
65 0.015339 0.008069 0.004277 4.216753 2.225888 1.156800 0.000000 0.000000 0.000000 0.996394 1 4.679895937e-07 2.026092261e-05
65 0.015333 0.008068 0.004270 4.216753 2.225888 1.156800 0.000000 0.000000 0.000000 0.996370 1 5.348119885e-07 2.013496123e-05
65 0.015335 0.008071 0.004266 4.216753 2.225888 1.156800 0.000000 0.000000 0.000000 0.996344 1 1.067062840e-06 2.343999222e-05
65 0.015347 0.008079 0.004264 4.216753 2.225888 1.156800 0.000000 0.000000 0.000000 0.996316 1 4.069879651e-07 2.015614882e-05
65 0.015366 0.008091 0.004266 4.216753 2.225888 1.156800 0.000000 0.000000 0.000000 0.996289 1 4.540197551e-07 2.000294626e-05
65 0.015392 0.008107 0.004269 4.216753 2.225888 1.156800 0.000000 0.000000 0.000000 0.996265 1 4.549510777e-07 2.023298293e-05
65 0.015423 0.008124 0.004274 4.216753 2.225888 1.156800 0.000000 0.000000 0.000000 0.996250 1 4.360917956e-07 2.023577690e-05
65 0.015455 0.008142 0.004279 4.216753 2.225888 1.156800 0.000000 0.000000 0.000000 0.996240 1 4.158355296e-07 2.000201494e-05
66 0.015487 0.008161 0.004228 4.332520 2.287919 1.126635 0.000000 0.000000 0.000000 0.996331 1 4.889443517e-07 2.023787238e-05
66 0.015518 0.008179 0.004221 4.332520 2.287919 1.126635 0.000000 0.000000 0.000000 0.996339 1 6.549526006e-07 2.042111009e-05
66 0.015538 0.008191 0.004212 4.332520 2.287919 1.126635 0.000000 0.000000 0.000000 0.996379 1 4.069879651e-07 2.025999129e-05
66 0.015541 0.008193 0.004199 4.332520 2.287919 1.126635 0.000000 0.000000 0.000000 0.996426 1 4.121102393e-07 2.029188909e-05
66 0.015529 0.008188 0.004184 4.332520 2.287919 1.126635 0.000000 0.000000 0.000000 0.996462 1 4.151370376e-07 2.022995614e-05
66 0.015509 0.008179 0.004168 4.332520 2.287919 1.126635 0.000000 0.000000 0.000000 0.996484 1 4.558824003e-07 2.005486749e-05
66 0.015487 0.008168 0.004152 4.332520 2.287919 1.126635 0.000000 0.000000 0.000000 0.996491 1 8.870847523e-07 2.659787424e-05
66 0.015465 0.008157 0.004136 4.332520 2.287919 1.126635 0.000000 0.000000 0.000000 0.996489 1 7.310882211e-07 2.792105079e-05
66 0.015447 0.008148 0.004123 4.332520 2.287919 1.126635 0.000000 0.000000 0.000000 0.996480 1 7.939524949e-07 2.799695358e-05
66 0.015434 0.008142 0.004111 4.332520 2.287919 1.126635 0.000000 0.000000 0.000000 0.996468 1 6.731133908e-07 2.597086132e-05
66 0.015426 0.008138 0.004102 4.332520 2.287919 1.126635 0.000000 0.000000 0.000000 0.996458 1 4.211906344e-07 1.914985478e-05
66 0.015422 0.008137 0.004094 4.332520 2.287919 1.126635 0.000000 0.000000 0.000000 0.996448 1 1.041917130e-06 2.339016646e-05
66 0.015421 0.008137 0.004087 4.332520 2.287919 1.126635 0.000000 0.000000 0.000000 0.996436 1 4.200264812e-07 2.003088593e-05
66 0.015425 0.008140 0.004082 4.332520 2.287919 1.126635 0.000000 0.000000 0.000000 0.996422 1 5.178153515e-07 2.032099292e-05
66 0.015434 0.008145 0.004079 4.332520 2.287919 1.126635 0.000000 0.000000 0.000000 0.996407 1 3.781169653e-07 1.759105362e-05
66 0.015447 0.008152 0.004077 4.332520 2.287919 1.126635 0.000000 0.000000 0.000000 0.996392 1 8.689239621e-07 2.811593004e-05
66 0.015464 0.008161 0.004077 4.332520 2.287919 1.126635 0.000000 0.000000 0.000000 0.996378 1 7.650814950e-07 2.794107422e-05
66 0.015483 0.008172 0.004078 4.332520 2.287919 1.126635 0.000000 0.000000 0.000000 0.996369 1 2.549495548e-07 1.092208549e-05
66 0.015503 0.008183 0.004079 4.332520 2.287919 1.126635 0.000000 0.000000 0.000000 0.996367 1 4.831235856e-07 2.010189928e-05
66 0.015520 0.008192 0.004080 4.332520 2.287919 1.126635 0.000000 0.000000 0.000000 0.996374 1 4.458706826e-07 2.018595114e-05
67 0.015538 0.008222 0.004028 4.442782 2.366720 1.099890 0.000000 0.000000 0.000000 0.996469 1 4.169996828e-07 2.013612539e-05
67 0.015547 0.008230 0.004016 4.442782 2.366720 1.099890 0.000000 0.000000 0.000000 0.996489 1 4.169996828e-07 2.052704804e-05
67 0.015544 0.008233 0.004002 4.442782 2.366720 1.099890 0.000000 0.000000 0.000000 0.996529 1 4.700850695e-07 2.014194615e-05
67 0.015526 0.008227 0.003986 4.442782 2.366720 1.099890 0.000000 0.000000 0.000000 0.996574 1 4.169996828e-07 2.014916390e-05
67 0.015494 0.008214 0.003967 4.442782 2.366720 1.099890 0.000000 0.000000 0.000000 0.996613 1 4.169996828e-07 2.006697468e-05
67 0.015454 0.008196 0.003947 4.442782 2.366720 1.099890 0.000000 0.000000 0.000000 0.996641 1 4.321336746e-07 1.998199150e-05
67 0.015411 0.008175 0.003927 4.442782 2.366720 1.099890 0.000000 0.000000 0.000000 0.996655 1 4.209578037e-07 2.006394789e-05
67 0.015367 0.008155 0.003908 4.442782 2.366720 1.099890 0.000000 0.000000 0.000000 0.996658 1 4.430767149e-07 2.001598477e-05
67 0.015328 0.008136 0.003890 4.442782 2.366720 1.099890 0.000000 0.000000 0.000000 0.996653 1 6.759073585e-07 2.128188498e-05
67 0.015295 0.008121 0.003875 4.442782 2.366720 1.099890 0.000000 0.000000 0.000000 0.996643 1 3.918539733e-07 1.882296056e-05
67 0.015268 0.008108 0.003861 4.442782 2.366720 1.099890 0.000000 0.000000 0.000000 0.996630 1 4.512257874e-07 2.016010694e-05
67 0.015248 0.008100 0.003850 4.442782 2.366720 1.099890 0.000000 0.000000 0.000000 0.996615 1 4.768371582e-07 2.007116564e-05
67 0.015235 0.008095 0.003841 4.442782 2.366720 1.099890 0.000000 0.000000 0.000000 0.996596 1 4.861503839e-07 2.038688399e-05
67 0.015231 0.008094 0.003835 4.442782 2.366720 1.099890 0.000000 0.000000 0.000000 0.996573 1 4.309695214e-07 2.019712701e-05
67 0.015235 0.008098 0.003831 4.442782 2.366720 1.099890 0.000000 0.000000 0.000000 0.996548 1 4.048924893e-07 1.999991946e-05
67 0.015248 0.008106 0.003829 4.442782 2.366720 1.099890 0.000000 0.000000 0.000000 0.996521 1 7.399357855e-07 2.148514614e-05
67 0.015269 0.008118 0.003830 4.442782 2.366720 1.099890 0.000000 0.000000 0.000000 0.996495 1 4.421453923e-07 2.006511204e-05
67 0.015297 0.008134 0.003833 4.442782 2.366720 1.099890 0.000000 0.000000 0.000000 0.996472 1 4.367902875e-07 2.004904673e-05
67 0.015329 0.008153 0.003838 4.442782 2.366720 1.099890 0.000000 0.000000 0.000000 0.996457 1 4.989560694e-07 2.020294778e-05
67 0.015362 0.008171 0.003843 4.442782 2.366720 1.099890 0.000000 0.000000 0.000000 0.996447 1 4.780013114e-07 2.025999129e-05
68 0.015395 0.008186 0.003790 4.561867 2.425957 1.063455 0.000000 0.000000 0.000000 0.996532 1 8.530914783e-07 2.101808786e-05
68 0.015428 0.008204 0.003782 4.561867 2.425957 1.063455 0.000000 0.000000 0.000000 0.996538 1 4.370231181e-07 2.003600821e-05
68 0.015449 0.008215 0.003773 4.561867 2.425957 1.063455 0.000000 0.000000 0.000000 0.996575 1 4.097819328e-07 2.045603469e-05
68 0.015454 0.008218 0.003761 4.561867 2.425957 1.063455 0.000000 0.000000 0.000000 0.996617 1 4.251487553e-07 2.006697468e-05
68 0.015445 0.008213 0.003747 4.561867 2.425957 1.063455 0.000000 0.000000 0.000000 0.996650 1 4.081521183e-07 1.889117993e-05
68 0.015429 0.008204 0.003732 4.561867 2.425957 1.063455 0.000000 0.000000 0.000000 0.996669 1 9.560026228e-07 2.162111923e-05
68 0.015409 0.008194 0.003717 4.561867 2.425957 1.063455 0.000000 0.000000 0.000000 0.996675 1 4.020985216e-07 2.010003664e-05
68 0.015391 0.008184 0.003703 4.561867 2.425957 1.063455 0.000000 0.000000 0.000000 0.996672 1 5.750916898e-07 2.020387910e-05
68 0.015377 0.008177 0.003691 4.561867 2.425957 1.063455 0.000000 0.000000 0.000000 0.996663 1 4.109460860e-07 2.004299313e-05
68 0.015367 0.008172 0.003680 4.561867 2.425957 1.063455 0.000000 0.000000 0.000000 0.996652 1 3.769528121e-07 2.013496123e-05
68 0.015362 0.008169 0.003672 4.561867 2.425957 1.063455 0.000000 0.000000 0.000000 0.996641 1 4.528556019e-07 2.017593943e-05
68 0.015361 0.008168 0.003664 4.561867 2.425957 1.063455 0.000000 0.000000 0.000000 0.996632 1 4.849862307e-07 2.010399476e-05
68 0.015363 0.008170 0.003659 4.561867 2.425957 1.063455 0.000000 0.000000 0.000000 0.996620 1 5.248002708e-07 1.886091195e-05
68 0.015370 0.008173 0.003654 4.561867 2.425957 1.063455 0.000000 0.000000 0.000000 0.996607 1 4.600733519e-07 2.032704651e-05
68 0.015381 0.008179 0.003651 4.561867 2.425957 1.063455 0.000000 0.000000 0.000000 0.996593 1 4.698522389e-07 2.025207505e-05
68 0.015396 0.008187 0.003650 4.561867 2.425957 1.063455 0.000000 0.000000 0.000000 0.996579 1 3.739260137e-07 1.866207458e-05
68 0.015415 0.008197 0.003650 4.561867 2.425957 1.063455 0.000000 0.000000 0.000000 0.996565 1 4.109460860e-07 2.010399476e-05
68 0.015437 0.008209 0.003650 4.561867 2.425957 1.063455 0.000000 0.000000 0.000000 0.996556 1 4.509929568e-07 2.015684731e-05
68 0.015458 0.008220 0.003651 4.561867 2.425957 1.063455 0.000000 0.000000 0.000000 0.996555 1 4.370231181e-07 2.495688386e-05
68 0.015477 0.008230 0.003652 4.561867 2.425957 1.063455 0.000000 0.000000 0.000000 0.996562 1 8.281785995e-07 2.083089203e-05
69 0.015495 0.008257 0.003598 4.674720 2.503711 1.030870 0.000000 0.000000 0.000000 0.996650 1 4.530884326e-07 2.043787390e-05
69 0.015505 0.008265 0.003587 4.674720 2.503711 1.030870 0.000000 0.000000 0.000000 0.996669 1 7.329508662e-07 2.797483467e-05
69 0.015503 0.008267 0.003573 4.674720 2.503711 1.030870 0.000000 0.000000 0.000000 0.996705 1 1.045875251e-06 2.444605343e-05
69 0.015487 0.008261 0.003558 4.674720 2.503711 1.030870 0.000000 0.000000 0.000000 0.996747 1 4.589091986e-07 2.021598630e-05
69 0.015458 0.008248 0.003541 4.674720 2.503711 1.030870 0.000000 0.000000 0.000000 0.996783 1 8.859205991e-07 2.085696906e-05
69 0.015421 0.008231 0.003522 4.674720 2.503711 1.030870 0.000000 0.000000 0.000000 0.996808 1 4.109460860e-07 2.029282041e-05
69 0.015380 0.008211 0.003504 4.674720 2.503711 1.030870 0.000000 0.000000 0.000000 0.996820 1 4.461035132e-07 2.032401972e-05
69 0.015339 0.008191 0.003486 4.674720 2.503711 1.030870 0.000000 0.000000 0.000000 0.996822 1 4.859175533e-07 2.014404163e-05
69 0.015303 0.008174 0.003470 4.674720 2.503711 1.030870 0.000000 0.000000 0.000000 0.996816 1 4.130415618e-07 2.214312553e-05
69 0.015274 0.008160 0.003456 4.674720 2.503711 1.030870 0.000000 0.000000 0.000000 0.996805 1 2.658925951e-07 8.948845789e-06
69 0.015250 0.008149 0.003445 4.674720 2.503711 1.030870 0.000000 0.000000 0.000000 0.996791 1 7.580965757e-07 2.799788490e-05
69 0.015234 0.008142 0.003435 4.674720 2.503711 1.030870 0.000000 0.000000 0.000000 0.996776 1 7.450580597e-07 2.793106250e-05
69 0.015225 0.008138 0.003427 4.674720 2.503711 1.030870 0.000000 0.000000 0.000000 0.996757 1 4.500616342e-07 1.892307773e-05
69 0.015225 0.008139 0.003422 4.674720 2.503711 1.030870 0.000000 0.000000 0.000000 0.996734 1 1.320149750e-07 4.988163710e-06
69 0.015233 0.008145 0.003418 4.674720 2.503711 1.030870 0.000000 0.000000 0.000000 0.996709 1 6.631016731e-07 2.052099444e-05
69 0.015250 0.008155 0.003418 4.674720 2.503711 1.030870 0.000000 0.000000 0.000000 0.996682 1 4.360917956e-07 2.006301656e-05
69 0.015275 0.008169 0.003419 4.674720 2.503711 1.030870 0.000000 0.000000 0.000000 0.996656 1 4.419125617e-07 2.013589256e-05
69 0.015307 0.008187 0.003422 4.674720 2.503711 1.030870 0.000000 0.000000 0.000000 0.996634 1 4.540197551e-07 2.000806853e-05
69 0.015343 0.008208 0.003427 4.674720 2.503711 1.030870 0.000000 0.000000 0.000000 0.996619 1 4.558824003e-07 2.008699812e-05
69 0.015381 0.008229 0.003432 4.674720 2.503711 1.030870 0.000000 0.000000 0.000000 0.996609 1 6.111804396e-07 2.093985677e-05
70 0.015416 0.008239 0.003378 4.798272 2.558830 0.987615 0.000000 0.000000 0.000000 0.996690 1 4.121102393e-07 2.032308839e-05
70 0.015452 0.008257 0.003369 4.798272 2.558830 0.987615 0.000000 0.000000 0.000000 0.996695 1 5.229376256e-07 2.013798803e-05
70 0.015476 0.008268 0.003360 4.798272 2.558830 0.987615 0.000000 0.000000 0.000000 0.996732 1 4.169996828e-07 2.014311031e-05
70 0.015483 0.008271 0.003348 4.798272 2.558830 0.987615 0.000000 0.000000 0.000000 0.996774 1 4.109460860e-07 2.013682388e-05
70 0.015476 0.008266 0.003334 4.798272 2.558830 0.987615 0.000000 0.000000 0.000000 0.996807 1 3.729946911e-07 1.880386844e-05
70 0.015460 0.008256 0.003319 4.798272 2.558830 0.987615 0.000000 0.000000 0.000000 0.996826 1 7.390044630e-07 2.787215635e-05
70 0.015440 0.008245 0.003305 4.798272 2.558830 0.987615 0.000000 0.000000 0.000000 0.996832 1 8.239876479e-07 2.814806066e-05
70 0.015422 0.008235 0.003291 4.798272 2.558830 0.987615 0.000000 0.000000 0.000000 0.996829 1 4.221219569e-07 1.868000254e-05
70 0.015408 0.008226 0.003279 4.798272 2.558830 0.987615 0.000000 0.000000 0.000000 0.996821 1 4.428438842e-07 2.006697468e-05
70 0.015398 0.008220 0.003269 4.798272 2.558830 0.987615 0.000000 0.000000 0.000000 0.996810 1 4.700850695e-07 1.901597716e-05
70 0.015393 0.008217 0.003260 4.798272 2.558830 0.987615 0.000000 0.000000 0.000000 0.996800 1 5.010515451e-07 1.889397390e-05
70 0.015392 0.008216 0.003253 4.798272 2.558830 0.987615 0.000000 0.000000 0.000000 0.996790 1 5.362089723e-07 2.022599801e-05
70 0.015395 0.008217 0.003247 4.798272 2.558830 0.987615 0.000000 0.000000 0.000000 0.996779 1 4.309695214e-07 2.006394789e-05
70 0.015402 0.008220 0.003242 4.798272 2.558830 0.987615 0.000000 0.000000 0.000000 0.996767 1 5.248002708e-07 2.021808177e-05
70 0.015414 0.008226 0.003239 4.798272 2.558830 0.987615 0.000000 0.000000 0.000000 0.996753 1 5.031470209e-07 1.883110963e-05
70 0.015429 0.008233 0.003237 4.798272 2.558830 0.987615 0.000000 0.000000 0.000000 0.996739 1 4.221219569e-07 1.885113306e-05
70 0.015449 0.008243 0.003237 4.798272 2.558830 0.987615 0.000000 0.000000 0.000000 0.996726 1 9.979121387e-07 2.306303941e-05
70 0.015471 0.008255 0.003237 4.798272 2.558830 0.987615 0.000000 0.000000 0.000000 0.996717 1 4.160683602e-07 2.016592771e-05
70 0.015493 0.008266 0.003237 4.798272 2.558830 0.987615 0.000000 0.000000 0.000000 0.996716 1 4.637986422e-07 1.998199150e-05
70 0.015512 0.008276 0.003238 4.798272 2.558830 0.987615 0.000000 0.000000 0.000000 0.996722 1 4.090834409e-07 2.003903501e-05
71 0.015530 0.008295 0.003182 4.915342 2.632399 0.947922 0.000000 0.000000 0.000000 0.996807 1 8.360948414e-07 2.808496356e-05
71 0.015539 0.008302 0.003169 4.915342 2.632399 0.947922 0.000000 0.000000 0.000000 0.996825 1 4.640314728e-07 2.011284232e-05
71 0.015537 0.008302 0.003155 4.915342 2.632399 0.947922 0.000000 0.000000 0.000000 0.996861 1 1.650769264e-07 6.791204214e-06
71 0.015520 0.008295 0.003140 4.915342 2.632399 0.947922 0.000000 0.000000 0.000000 0.996902 1 4.859175533e-07 2.013007179e-05
71 0.015490 0.008280 0.003123 4.915342 2.632399 0.947922 0.000000 0.000000 0.000000 0.996937 1 4.591420293e-07 2.002390102e-05
71 0.015451 0.008260 0.003105 4.915342 2.632399 0.947922 0.000000 0.000000 0.000000 0.996962 1 4.561152309e-07 2.016499639e-05
71 0.015408 0.008238 0.003087 4.915342 2.632399 0.947922 0.000000 0.000000 0.000000 0.996976 1 4.179310054e-07 2.005486749e-05
71 0.015365 0.008216 0.003070 4.915342 2.632399 0.947922 0.000000 0.000000 0.000000 0.996978 1 4.640314728e-07 2.035591751e-05
71 0.015327 0.008197 0.003054 4.915342 2.632399 0.947922 0.000000 0.000000 0.000000 0.996974 1 4.351604730e-07 2.040714025e-05
71 0.015294 0.008180 0.003040 4.915342 2.632399 0.947922 0.000000 0.000000 0.000000 0.996964 1 4.370231181e-07 2.012890764e-05
71 0.015267 0.008167 0.003028 4.915342 2.632399 0.947922 0.000000 0.000000 0.000000 0.996953 1 4.160683602e-07 2.033403143e-05
71 0.015248 0.008157 0.003018 4.915342 2.632399 0.947922 0.000000 0.000000 0.000000 0.996939 1 4.509929568e-07 2.008094452e-05
71 0.015236 0.008151 0.003010 4.915342 2.632399 0.947922 0.000000 0.000000 0.000000 0.996922 1 4.461035132e-07 2.069515176e-05
71 0.015232 0.008150 0.003003 4.915342 2.632399 0.947922 0.000000 0.000000 0.000000 0.996901 1 1.031905413e-06 2.329912968e-05
71 0.015237 0.008153 0.002999 4.915342 2.632399 0.947922 0.000000 0.000000 0.000000 0.996878 1 4.540197551e-07 1.996406354e-05
71 0.015250 0.008161 0.002997 4.915342 2.632399 0.947922 0.000000 0.000000 0.000000 0.996854 1 4.312023520e-07 2.008513547e-05
71 0.015272 0.008173 0.002997 4.915342 2.632399 0.947922 0.000000 0.000000 0.000000 0.996829 1 4.558824003e-07 2.023787238e-05
71 0.015301 0.008189 0.002999 4.915342 2.632399 0.947922 0.000000 0.000000 0.000000 0.996809 1 4.819594324e-07 2.030096948e-05
71 0.015334 0.008207 0.003001 4.915342 2.632399 0.947922 0.000000 0.000000 0.000000 0.996794 1 4.728790373e-07 2.027396113e-05
71 0.015368 0.008226 0.003005 4.915342 2.632399 0.947922 0.000000 0.000000 0.000000 0.996785 1 4.509929568e-07 2.012588084e-05
72 0.015399 0.008229 0.002949 5.042714 2.683821 0.898148 0.000000 0.000000 0.000000 0.996861 1 5.201436579e-07 2.021202818e-05
72 0.015432 0.008244 0.002938 5.042714 2.683821 0.898148 0.000000 0.000000 0.000000 0.996867 1 4.461035132e-07 2.012611367e-05
72 0.015453 0.008253 0.002928 5.042714 2.683821 0.898148 0.000000 0.000000 0.000000 0.996902 1 4.200264812e-07 2.023996785e-05
72 0.015457 0.008253 0.002915 5.042714 2.683821 0.898148 0.000000 0.000000 0.000000 0.996941 1 4.239846021e-07 2.003298141e-05
72 0.015448 0.008246 0.002901 5.042714 2.683821 0.898148 0.000000 0.000000 0.000000 0.996972 1 6.109476089e-07 2.023717389e-05
72 0.015430 0.008235 0.002886 5.042714 2.683821 0.898148 0.000000 0.000000 0.000000 0.996991 1 4.400499165e-07 2.677692100e-05
72 0.015408 0.008221 0.002872 5.042714 2.683821 0.898148 0.000000 0.000000 0.000000 0.996997 1 3.359746188e-07 1.481804065e-05
72 0.015388 0.008209 0.002858 5.042714 2.683821 0.898148 0.000000 0.000000 0.000000 0.996995 1 1.108273864e-07 5.007954314e-06
72 0.015371 0.008199 0.002846 5.042714 2.683821 0.898148 0.000000 0.000000 0.000000 0.996988 1 1.138541847e-07 4.976056516e-06
72 0.015359 0.008191 0.002836 5.042714 2.683821 0.898148 0.000000 0.000000 0.000000 0.996978 1 1.590233296e-07 6.441958249e-06
72 0.015352 0.008186 0.002827 5.042714 2.683821 0.898148 0.000000 0.000000 0.000000 0.996970 1 8.321367204e-07 2.159294672e-05
72 0.015348 0.008183 0.002819 5.042714 2.683821 0.898148 0.000000 0.000000 0.000000 0.996961 1 4.810281098e-07 2.023600973e-05
72 0.015348 0.008182 0.002812 5.042714 2.683821 0.898148 0.000000 0.000000 0.000000 0.996952 1 5.331821740e-07 2.020387910e-05
72 0.015352 0.008183 0.002807 5.042714 2.683821 0.898148 0.000000 0.000000 0.000000 0.996941 1 4.339963198e-07 2.017803490e-05
72 0.015361 0.008186 0.002803 5.042714 2.683821 0.898148 0.000000 0.000000 0.000000 0.996928 1 4.540197551e-07 2.012494951e-05
72 0.015374 0.008192 0.002800 5.042714 2.683821 0.898148 0.000000 0.000000 0.000000 0.996915 1 4.528556019e-07 2.009398304e-05
72 0.015390 0.008200 0.002798 5.042714 2.683821 0.898148 0.000000 0.000000 0.000000 0.996904 1 4.109460860e-07 2.022110857e-05
72 0.015409 0.008210 0.002797 5.042714 2.683821 0.898148 0.000000 0.000000 0.000000 0.996896 1 6.030313671e-07 2.036103979e-05
72 0.015429 0.008219 0.002797 5.042714 2.683821 0.898148 0.000000 0.000000 0.000000 0.996895 1 4.610046744e-07 2.023391426e-05
72 0.015445 0.008228 0.002796 5.042714 2.683821 0.898148 0.000000 0.000000 0.000000 0.996901 1 4.710163921e-07 2.029002644e-05
73 0.015459 0.008239 0.002738 5.163532 2.754209 0.851788 0.000000 0.000000 0.000000 0.996982 1 4.889443517e-07 2.042902634e-05
73 0.015465 0.008243 0.002725 5.163532 2.754209 0.851788 0.000000 0.000000 0.000000 0.996998 1 4.470348358e-07 2.015079372e-05
73 0.015461 0.008241 0.002711 5.163532 2.754209 0.851788 0.000000 0.000000 0.000000 0.997032 1 1.006992534e-06 2.312101424e-05
73 0.015442 0.008232 0.002695 5.163532 2.754209 0.851788 0.000000 0.000000 0.000000 0.997070 1 4.128087312e-07 1.997011714e-05
73 0.015411 0.008215 0.002679 5.163532 2.754209 0.851788 0.000000 0.000000 0.000000 0.997102 1 5.050096661e-07 2.029095776e-05
73 0.015371 0.008195 0.002662 5.163532 2.754209 0.851788 0.000000 0.000000 0.000000 0.997124 1 4.549510777e-07 2.020411193e-05
73 0.015328 0.008172 0.002645 5.163532 2.754209 0.851788 0.000000 0.000000 0.000000 0.997135 1 4.610046744e-07 2.023903653e-05
73 0.015287 0.008150 0.002629 5.163532 2.754209 0.851788 0.000000 0.000000 0.000000 0.997136 1 9.948853403e-07 2.275896259e-05
73 0.015250 0.008131 0.002615 5.163532 2.754209 0.851788 0.000000 0.000000 0.000000 0.997130 1 4.169996828e-07 2.020690590e-05
73 0.015219 0.008114 0.002602 5.163532 2.754209 0.851788 0.000000 0.000000 0.000000 0.997120 1 4.898756742e-07 2.041202970e-05
73 0.015195 0.008102 0.002591 5.163532 2.754209 0.851788 0.000000 0.000000 0.000000 0.997107 1 4.179310054e-07 2.013402991e-05
73 0.015178 0.008093 0.002582 5.163532 2.754209 0.851788 0.000000 0.000000 0.000000 0.997093 1 4.910398275e-07 2.023694105e-05
73 0.015169 0.008089 0.002574 5.163532 2.754209 0.851788 0.000000 0.000000 0.000000 0.997075 1 4.949979484e-07 2.012099139e-05
73 0.015169 0.008089 0.002569 5.163532 2.754209 0.851788 0.000000 0.000000 0.000000 0.997053 1 4.831235856e-07 2.004508860e-05
73 0.015177 0.008094 0.002565 5.163532 2.754209 0.851788 0.000000 0.000000 0.000000 0.997030 1 2.139713615e-07 1.010089181e-05
73 0.015195 0.008103 0.002563 5.163532 2.754209 0.851788 0.000000 0.000000 0.000000 0.997005 1 1.699663699e-07 7.043126971e-06
73 0.015221 0.008117 0.002563 5.163532 2.754209 0.851788 0.000000 0.000000 0.000000 0.996981 1 5.231704563e-07 2.169003710e-05
73 0.015254 0.008135 0.002565 5.163532 2.754209 0.851788 0.000000 0.000000 0.000000 0.996960 1 4.258472472e-07 1.878314652e-05
73 0.015292 0.008155 0.002567 5.163532 2.754209 0.851788 0.000000 0.000000 0.000000 0.996945 1 3.499444574e-07 1.566903666e-05
73 0.015331 0.008176 0.002570 5.163532 2.754209 0.851788 0.000000 0.000000 0.000000 0.996935 1 1.790467650e-07 5.192123353e-06
74 0.015365 0.008175 0.002513 5.296563 2.799589 0.794554 0.000000 0.000000 0.000000 0.997008 1 1.010484993e-07 4.945090041e-06
74 0.015402 0.008191 0.002503 5.296563 2.799589 0.794554 0.000000 0.000000 0.000000 0.997012 1 1.359730959e-07 5.034962669e-06
74 0.015428 0.008201 0.002492 5.296563 2.799589 0.794554 0.000000 0.000000 0.000000 0.997044 1 1.101288944e-07 4.988163710e-06
74 0.015437 0.008202 0.002480 5.296563 2.799589 0.794554 0.000000 0.000000 0.000000 0.997080 1 1.080334187e-07 4.968140274e-06
74 0.015433 0.008196 0.002466 5.296563 2.799589 0.794554 0.000000 0.000000 0.000000 0.997108 1 3.601890057e-07 5.973037332e-06
74 0.015420 0.008186 0.002453 5.296563 2.799589 0.794554 0.000000 0.000000 0.000000 0.997125 1 1.059379429e-07 4.992820323e-06
74 0.015404 0.008175 0.002440 5.296563 2.799589 0.794554 0.000000 0.000000 0.000000 0.997130 1 2.030283213e-07 6.192130968e-06
74 0.015389 0.008165 0.002428 5.296563 2.799589 0.794554 0.000000 0.000000 0.000000 0.997127 1 1.380685717e-07 6.101094186e-06
74 0.015377 0.008156 0.002417 5.296563 2.799589 0.794554 0.000000 0.000000 0.000000 0.997119 1 5.010515451e-07 2.013915218e-05
74 0.015371 0.008151 0.002407 5.296563 2.799589 0.794554 0.000000 0.000000 0.000000 0.997109 1 4.391185939e-07 2.014194615e-05
74 0.015368 0.008147 0.002399 5.296563 2.799589 0.794554 0.000000 0.000000 0.000000 0.997099 1 4.780013114e-07 2.024299465e-05
74 0.015370 0.008146 0.002392 5.296563 2.799589 0.794554 0.000000 0.000000 0.000000 0.997091 1 7.390044630e-07 2.037780359e-05
74 0.015375 0.008147 0.002386 5.296563 2.799589 0.794554 0.000000 0.000000 0.000000 0.997081 1 6.780028343e-07 2.035801299e-05
74 0.015384 0.008150 0.002381 5.296563 2.799589 0.794554 0.000000 0.000000 0.000000 0.997070 1 5.990732461e-07 2.025393769e-05
74 0.015397 0.008156 0.002378 5.296563 2.799589 0.794554 0.000000 0.000000 0.000000 0.997058 1 4.530884326e-07 2.001388930e-05
74 0.015414 0.008164 0.002375 5.296563 2.799589 0.794554 0.000000 0.000000 0.000000 0.997045 1 3.150198609e-07 1.347204670e-05
74 0.015435 0.008173 0.002373 5.296563 2.799589 0.794554 0.000000 0.000000 0.000000 0.997034 1 2.349261194e-07 7.905997336e-06
74 0.015458 0.008184 0.002372 5.296563 2.799589 0.794554 0.000000 0.000000 0.000000 0.997026 1 1.678708941e-07 7.506925613e-06
74 0.015481 0.008195 0.002372 5.296563 2.799589 0.794554 0.000000 0.000000 0.000000 0.997026 1 1.750886440e-07 7.408903912e-06
74 0.015501 0.008205 0.002371 5.296563 2.799589 0.794554 0.000000 0.000000 0.000000 0.997032 1 1.338776201e-07 6.906921044e-06
75 0.015516 0.008212 0.002312 5.422043 2.865691 0.741081 0.000000 0.000000 0.000000 0.997109 1 1.809094101e-07 7.824972272e-06
75 0.015525 0.008216 0.002299 5.422043 2.865691 0.741081 0.000000 0.000000 0.000000 0.997126 1 3.380700946e-07 5.986075848e-06
75 0.015522 0.008213 0.002285 5.422043 2.865691 0.741081 0.000000 0.000000 0.000000 0.997158 1 1.119915396e-07 4.960922524e-06
75 0.015505 0.008203 0.002270 5.422043 2.865691 0.741081 0.000000 0.000000 0.000000 0.997196 1 1.699663699e-07 7.833121344e-06
75 0.015474 0.008187 0.002254 5.422043 2.865691 0.741081 0.000000 0.000000 0.000000 0.997228 1 2.179294825e-07 7.913913578e-06
75 0.015434 0.008165 0.002238 5.422043 2.865691 0.741081 0.000000 0.000000 0.000000 0.997251 1 1.431908458e-07 4.970002919e-06
75 0.015390 0.008141 0.002222 5.422043 2.865691 0.741081 0.000000 0.000000 0.000000 0.997263 1 9.895302355e-08 5.045905709e-06
75 0.015347 0.008118 0.002207 5.422043 2.865691 0.741081 0.000000 0.000000 0.000000 0.997265 1 1.362059265e-07 5.926005542e-06
75 0.015308 0.008097 0.002193 5.422043 2.865691 0.741081 0.000000 0.000000 0.000000 0.997261 1 5.890615284e-07 1.687905751e-05
75 0.015275 0.008079 0.002181 5.422043 2.865691 0.741081 0.000000 0.000000 0.000000 0.997253 1 3.590248525e-07 1.561408862e-05
75 0.015248 0.008064 0.002170 5.422043 2.865691 0.741081 0.000000 0.000000 0.000000 0.997242 1 3.920868039e-07 1.884298399e-05
75 0.015229 0.008053 0.002161 5.422043 2.865691 0.741081 0.000000 0.000000 0.000000 0.997230 1 3.520399332e-07 1.569907181e-05
75 0.015216 0.008046 0.002153 5.422043 2.865691 0.741081 0.000000 0.000000 0.000000 0.997214 1 2.430751920e-07 1.129112206e-05
75 0.015212 0.008044 0.002147 5.422043 2.865691 0.741081 0.000000 0.000000 0.000000 0.997195 1 1.159962267e-06 3.574206494e-05
75 0.015217 0.008046 0.002142 5.422043 2.865691 0.741081 0.000000 0.000000 0.000000 0.997173 1 4.319008440e-07 2.022692934e-05
75 0.015230 0.008053 0.002139 5.422043 2.865691 0.741081 0.000000 0.000000 0.000000 0.997151 1 4.458706826e-07 2.022506669e-05
75 0.015252 0.008064 0.002138 5.422043 2.865691 0.741081 0.000000 0.000000 0.000000 0.997129 1 5.848705769e-07 2.045487054e-05
75 0.015281 0.008079 0.002138 5.422043 2.865691 0.741081 0.000000 0.000000 0.000000 0.997110 1 4.670582712e-07 2.031284384e-05
75 0.015314 0.008097 0.002138 5.422043 2.865691 0.741081 0.000000 0.000000 0.000000 0.997097 1 9.899958968e-07 1.952797174e-05
75 0.015349 0.008115 0.002140 5.422043 2.865691 0.741081 0.000000 0.000000 0.000000 0.997088 1 3.071036190e-07 1.351581886e-05
76 0.015377 0.008106 0.002081 5.559755 2.905368 0.676579 0.000000 0.000000 0.000000 0.997158 1 4.682224244e-07 2.013193443e-05
76 0.015409 0.008117 0.002069 5.559755 2.905368 0.676579 0.000000 0.000000 0.000000 0.997163 1 3.860332072e-07 1.862295903e-05
76 0.015431 0.008123 0.002057 5.559755 2.905368 0.676579 0.000000 0.000000 0.000000 0.997195 1 4.370231181e-07 2.012494951e-05
76 0.015435 0.008121 0.002043 5.559755 2.905368 0.676579 0.000000 0.000000 0.000000 0.997231 1 4.109460860e-07 2.023088746e-05
76 0.015425 0.008112 0.002029 5.559755 2.905368 0.676579 0.000000 0.000000 0.000000 0.997258 1 4.810281098e-07 2.011121251e-05
76 0.015406 0.008098 0.002016 5.559755 2.905368 0.676579 0.000000 0.000000 0.000000 0.997275 1 5.851034075e-07 2.035498619e-05
76 0.015385 0.008083 0.002002 5.559755 2.905368 0.676579 0.000000 0.000000 0.000000 0.997281 1 4.151370376e-07 2.003088593e-05
76 0.015365 0.008069 0.001990 5.559755 2.905368 0.676579 0.000000 0.000000 0.000000 0.997278 1 4.780013114e-07 2.018082887e-05
76 0.015348 0.008058 0.001978 5.559755 2.905368 0.676579 0.000000 0.000000 0.000000 0.997271 1 4.230532795e-07 2.013007179e-05
76 0.015337 0.008049 0.001969 5.559755 2.905368 0.676579 0.000000 0.000000 0.000000 0.997262 1 3.420282155e-07 1.493492164e-05
76 0.015330 0.008043 0.001960 5.559755 2.905368 0.676579 0.000000 0.000000 0.000000 0.997254 1 6.209593266e-07 2.044206485e-05
76 0.015327 0.008039 0.001952 5.559755 2.905368 0.676579 0.000000 0.000000 0.000000 0.997246 1 4.949979484e-07 2.018595114e-05
76 0.015328 0.008037 0.001946 5.559755 2.905368 0.676579 0.000000 0.000000 0.000000 0.997237 1 5.168840289e-07 2.027605660e-05
76 0.015334 0.008038 0.001940 5.559755 2.905368 0.676579 0.000000 0.000000 0.000000 0.997226 1 4.558824003e-07 2.007395960e-05
76 0.015343 0.008041 0.001936 5.559755 2.905368 0.676579 0.000000 0.000000 0.000000 0.997214 1 4.179310054e-07 1.985090785e-05
76 0.015357 0.008046 0.001932 5.559755 2.905368 0.676579 0.000000 0.000000 0.000000 0.997202 1 6.919726729e-07 2.203090116e-05
76 0.015375 0.008054 0.001929 5.559755 2.905368 0.676579 0.000000 0.000000 0.000000 0.997191 1 4.651956260e-07 2.020387910e-05
76 0.015395 0.008063 0.001927 5.559755 2.905368 0.676579 0.000000 0.000000 0.000000 0.997184 1 4.989560694e-07 2.010795288e-05
76 0.015416 0.008073 0.001926 5.559755 2.905368 0.676579 0.000000 0.000000 0.000000 0.997183 1 4.959292710e-07 2.040900290e-05
76 0.015433 0.008080 0.001924 5.559755 2.905368 0.676579 0.000000 0.000000 0.000000 0.997189 1 4.370231181e-07 2.018013038e-05
77 0.015444 0.008078 0.001864 5.690474 2.964860 0.615209 0.000000 0.000000 0.000000 0.997263 1 4.628673196e-07 2.008909360e-05
77 0.015451 0.008079 0.001850 5.690474 2.964860 0.615209 0.000000 0.000000 0.000000 0.997279 1 4.370231181e-07 2.025207505e-05
77 0.015446 0.008075 0.001836 5.690474 2.964860 0.615209 0.000000 0.000000 0.000000 0.997310 1 5.259644240e-07 2.025603317e-05
77 0.015427 0.008063 0.001821 5.690474 2.964860 0.615209 0.000000 0.000000 0.000000 0.997345 1 4.479661584e-07 2.010515891e-05
77 0.015395 0.008044 0.001805 5.690474 2.964860 0.615209 0.000000 0.000000 0.000000 0.997376 1 5.261972547e-07 2.020085230e-05
77 0.015354 0.008021 0.001790 5.690474 2.964860 0.615209 0.000000 0.000000 0.000000 0.997397 1 5.050096661e-07 2.041715197e-05
77 0.015309 0.007996 0.001775 5.690474 2.964860 0.615209 0.000000 0.000000 0.000000 0.997408 1 4.428438842e-07 2.011493780e-05
77 0.015265 0.007971 0.001761 5.690474 2.964860 0.615209 0.000000 0.000000 0.000000 0.997411 1 9.029172361e-07 2.102507278e-05
77 0.015225 0.007949 0.001748 5.690474 2.964860 0.615209 0.000000 0.000000 0.000000 0.997407 1 4.800967872e-07 2.030003816e-05
77 0.015191 0.007930 0.001737 5.690474 2.964860 0.615209 0.000000 0.000000 0.000000 0.997398 1 4.461035132e-07 2.039200626e-05
77 0.015164 0.007915 0.001727 5.690474 2.964860 0.615209 0.000000 0.000000 0.000000 0.997388 1 4.691537470e-07 2.021202818e-05
77 0.015144 0.007903 0.001718 5.690474 2.964860 0.615209 0.000000 0.000000 0.000000 0.997376 1 3.608874977e-07 1.654401422e-05
77 0.015131 0.007896 0.001710 5.690474 2.964860 0.615209 0.000000 0.000000 0.000000 0.997361 1 5.690380931e-07 2.063601278e-05
77 0.015127 0.007892 0.001704 5.690474 2.964860 0.615209 0.000000 0.000000 0.000000 0.997342 1 4.451721907e-07 2.025603317e-05
77 0.015131 0.007894 0.001699 5.690474 2.964860 0.615209 0.000000 0.000000 0.000000 0.997322 1 5.869660527e-07 2.031610347e-05
77 0.015145 0.007900 0.001696 5.690474 2.964860 0.615209 0.000000 0.000000 0.000000 0.997300 1 4.160683602e-07 2.022786066e-05
77 0.015167 0.007911 0.001694 5.690474 2.964860 0.615209 0.000000 0.000000 0.000000 0.997279 1 2.000015229e-07 8.276198059e-06
77 0.015196 0.007925 0.001693 5.690474 2.964860 0.615209 0.000000 0.000000 0.000000 0.997260 1 1.860316843e-07 9.089009836e-06
77 0.015230 0.007942 0.001693 5.690474 2.964860 0.615209 0.000000 0.000000 0.000000 0.997247 1 3.320164979e-07 1.413002610e-05
77 0.015265 0.007960 0.001693 5.690474 2.964860 0.615209 0.000000 0.000000 0.000000 0.997239 1 5.988404155e-07 2.043088898e-05
78 0.015292 0.007945 0.001634 5.833822 2.996764 0.542775 0.000000 0.000000 0.000000 0.997306 1 4.291068763e-07 2.000411041e-05
78 0.015324 0.007955 0.001620 5.833822 2.996764 0.542775 0.000000 0.000000 0.000000 0.997310 1 4.349276423e-07 2.022809349e-05
78 0.015346 0.007960 0.001608 5.833822 2.996764 0.542775 0.000000 0.000000 0.000000 0.997339 1 4.430767149e-07 2.018501982e-05
78 0.015351 0.007956 0.001594 5.833822 2.996764 0.542775 0.000000 0.000000 0.000000 0.997372 1 4.179310054e-07 2.006883733e-05
78 0.015343 0.007947 0.001581 5.833822 2.996764 0.542775 0.000000 0.000000 0.000000 0.997398 1 5.320180207e-07 2.044485882e-05
78 0.015326 0.007933 0.001567 5.833822 2.996764 0.542775 0.000000 0.000000 0.000000 0.997412 1 4.509929568e-07 2.729194239e-05
78 0.015307 0.007919 0.001555 5.833822 2.996764 0.542775 0.000000 0.000000 0.000000 0.997416 1 4.330649972e-07 2.034590580e-05
78 0.015290 0.007906 0.001543 5.833822 2.996764 0.542775 0.000000 0.000000 0.000000 0.997412 1 4.689209163e-07 2.011377364e-05
78 0.015277 0.007895 0.001533 5.833822 2.996764 0.542775 0.000000 0.000000 0.000000 0.997404 1 3.851018846e-07 2.010283060e-05
78 0.015270 0.007888 0.001523 5.833822 2.996764 0.542775 0.000000 0.000000 0.000000 0.997394 1 9.969808161e-07 2.326187678e-05
78 0.015267 0.007883 0.001515 5.833822 2.996764 0.542775 0.000000 0.000000 0.000000 0.997385 1 4.018656909e-07 2.022203989e-05
78 0.015268 0.007880 0.001508 5.833822 2.996764 0.542775 0.000000 0.000000 0.000000 0.997376 1 4.619359970e-07 2.022390254e-05
78 0.015274 0.007880 0.001502 5.833822 2.996764 0.542775 0.000000 0.000000 0.000000 0.997366 1 4.400499165e-07 2.043414861e-05
78 0.015283 0.007883 0.001497 5.833822 2.996764 0.542775 0.000000 0.000000 0.000000 0.997355 1 4.780013114e-07 1.890119165e-05
78 0.015298 0.007888 0.001492 5.833822 2.996764 0.542775 0.000000 0.000000 0.000000 0.997343 1 3.650784492e-07 1.581083052e-05
78 0.015316 0.007895 0.001489 5.833822 2.996764 0.542775 0.000000 0.000000 0.000000 0.997331 1 4.470348358e-07 2.031610347e-05
78 0.015339 0.007904 0.001486 5.833822 2.996764 0.542775 0.000000 0.000000 0.000000 0.997320 1 4.689209163e-07 2.036313526e-05
78 0.015363 0.007915 0.001484 5.833822 2.996764 0.542775 0.000000 0.000000 0.000000 0.997312 1 5.441252142e-07 2.039596438e-05
78 0.015388 0.007926 0.001482 5.833822 2.996764 0.542775 0.000000 0.000000 0.000000 0.997311 1 4.188623279e-07 2.027186565e-05
78 0.015410 0.007936 0.001480 5.833822 2.996764 0.542775 0.000000 0.000000 0.000000 0.997316 1 4.721805453e-07 2.010399476e-05
79 0.015423 0.007929 0.001419 5.969907 3.049372 0.473449 0.000000 0.000000 0.000000 0.997387 1 4.281755537e-07 2.019107342e-05
79 0.015434 0.007930 0.001405 5.969907 3.049372 0.473449 0.000000 0.000000 0.000000 0.997402 1 4.791654646e-07 2.009212039e-05
79 0.015433 0.007926 0.001391 5.969907 3.049372 0.473449 0.000000 0.000000 0.000000 0.997431 1 4.139728844e-07 1.888815314e-05
79 0.015416 0.007914 0.001377 5.969907 3.049372 0.473449 0.000000 0.000000 0.000000 0.997465 1 4.470348358e-07 2.015801147e-05
79 0.015387 0.007896 0.001363 5.969907 3.049372 0.473449 0.000000 0.000000 0.000000 0.997494 1 5.420297384e-07 2.018315718e-05
79 0.015349 0.007874 0.001349 5.969907 3.049372 0.473449 0.000000 0.000000 0.000000 0.997514 1 4.949979484e-07 2.034590580e-05
79 0.015307 0.007850 0.001335 5.969907 3.049372 0.473449 0.000000 0.000000 0.000000 0.997525 1 6.679911166e-07 2.108584158e-05
79 0.015265 0.007826 0.001323 5.969907 3.049372 0.473449 0.000000 0.000000 0.000000 0.997526 1 4.579778761e-07 2.017803490e-05
79 0.015228 0.007805 0.001311 5.969907 3.049372 0.473449 0.000000 0.000000 0.000000 0.997522 1 4.321336746e-07 2.018897794e-05
79 0.015196 0.007787 0.001301 5.969907 3.049372 0.473449 0.000000 0.000000 0.000000 0.997514 1 4.461035132e-07 2.023600973e-05
79 0.015172 0.007772 0.001291 5.969907 3.049372 0.473449 0.000000 0.000000 0.000000 0.997503 1 4.300381988e-07 2.001295798e-05
79 0.015154 0.007762 0.001283 5.969907 3.049372 0.473449 0.000000 0.000000 0.000000 0.997492 1 4.197936505e-07 2.010306343e-05
79 0.015144 0.007755 0.001276 5.969907 3.049372 0.473449 0.000000 0.000000 0.000000 0.997476 1 4.509929568e-07 2.030609176e-05
79 0.015143 0.007753 0.001270 5.969907 3.049372 0.473449 0.000000 0.000000 0.000000 0.997459 1 5.608890206e-07 1.811399125e-05
79 0.015150 0.007755 0.001266 5.969907 3.049372 0.473449 0.000000 0.000000 0.000000 0.997439 1 3.839377314e-07 1.595285721e-05
79 0.015166 0.007762 0.001262 5.969907 3.049372 0.473449 0.000000 0.000000 0.000000 0.997418 1 4.528556019e-07 2.016383223e-05
79 0.015191 0.007773 0.001259 5.969907 3.049372 0.473449 0.000000 0.000000 0.000000 0.997397 1 4.461035132e-07 2.038292587e-05
79 0.015222 0.007788 0.001258 5.969907 3.049372 0.473449 0.000000 0.000000 0.000000 0.997379 1 4.528556019e-07 2.024904825e-05
79 0.015258 0.007806 0.001257 5.969907 3.049372 0.473449 0.000000 0.000000 0.000000 0.997366 1 6.349291652e-07 2.072914504e-05
79 0.015296 0.007824 0.001256 5.969907 3.049372 0.473449 0.000000 0.000000 0.000000 0.997358 1 5.150213838e-07 2.032006159e-05
80 0.015324 0.007805 0.001196 6.118455 3.073323 0.393045 0.000000 0.000000 0.000000 0.997422 1 4.880130291e-07 2.012797631e-05
80 0.015359 0.007814 0.001182 6.118455 3.073323 0.393045 0.000000 0.000000 0.000000 0.997426 1 4.610046744e-07 2.008606680e-05
80 0.015382 0.007818 0.001169 6.118455 3.073323 0.393045 0.000000 0.000000 0.000000 0.997454 1 4.488974810e-07 2.045184374e-05
80 0.015388 0.007814 0.001155 6.118455 3.073323 0.393045 0.000000 0.000000 0.000000 0.997487 1 1.301988959e-06 2.330099232e-05
80 0.015381 0.007804 0.001142 6.118455 3.073323 0.393045 0.000000 0.000000 0.000000 0.997512 1 4.139728844e-07 2.007000148e-05
80 0.015364 0.007789 0.001129 6.118455 3.073323 0.393045 0.000000 0.000000 0.000000 0.997527 1 5.329493433e-07 2.069189213e-05
80 0.015345 0.007774 0.001117 6.118455 3.073323 0.393045 0.000000 0.000000 0.000000 0.997532 1 4.251487553e-07 2.002506517e-05
80 0.015326 0.007760 0.001105 6.118455 3.073323 0.393045 0.000000 0.000000 0.000000 0.997530 1 4.880130291e-07 2.024509013e-05
80 0.015312 0.007748 0.001095 6.118455 3.073323 0.393045 0.000000 0.000000 0.000000 0.997523 1 3.820750862e-07 2.000806853e-05
80 0.015302 0.007738 0.001086 6.118455 3.073323 0.393045 0.000000 0.000000 0.000000 0.997515 1 4.621688277e-07 2.008606680e-05
80 0.015297 0.007732 0.001078 6.118455 3.073323 0.393045 0.000000 0.000000 0.000000 0.997507 1 4.421453923e-07 2.042483538e-05
80 0.015295 0.007727 0.001070 6.118455 3.073323 0.393045 0.000000 0.000000 0.000000 0.997500 1 4.509929568e-07 2.018688247e-05
80 0.015298 0.007725 0.001064 6.118455 3.073323 0.393045 0.000000 0.000000 0.000000 0.997491 1 4.251487553e-07 1.874985173e-05
80 0.015304 0.007725 0.001058 6.118455 3.073323 0.393045 0.000000 0.000000 0.000000 0.997481 1 4.391185939e-07 1.890398562e-05
80 0.015315 0.007728 0.001053 6.118455 3.073323 0.393045 0.000000 0.000000 0.000000 0.997471 1 1.031439751e-07 4.928093404e-06
80 0.015331 0.007733 0.001049 6.118455 3.073323 0.393045 0.000000 0.000000 0.000000 0.997460 1 6.339978427e-07 1.623411663e-05
80 0.015349 0.007740 0.001045 6.118455 3.073323 0.393045 0.000000 0.000000 0.000000 0.997450 1 3.729946911e-07 1.766392961e-05
80 0.015371 0.007748 0.001042 6.118455 3.073323 0.393045 0.000000 0.000000 0.000000 0.997443 1 4.498288035e-07 2.023717389e-05
80 0.015392 0.007757 0.001039 6.118455 3.073323 0.393045 0.000000 0.000000 0.000000 0.997442 1 4.561152309e-07 2.045300789e-05
80 0.015411 0.007764 0.001036 6.118455 3.073323 0.393045 0.000000 0.000000 0.000000 0.997448 1 5.969777703e-07 2.638506703e-05
81 0.015418 0.007747 0.000975 6.260078 3.116116 0.314875 0.000000 0.000000 0.000000 0.997517 1 1.023057848e-06 2.351705916e-05
81 0.015425 0.007745 0.000960 6.260078 3.116116 0.314875 0.000000 0.000000 0.000000 0.997531 1 4.849862307e-07 2.027396113e-05
81 0.015420 0.007738 0.000946 6.260078 3.116116 0.314875 0.000000 0.000000 0.000000 0.997559 1 1.072883606e-06 2.296082675e-05
81 0.015401 0.007723 0.000932 6.260078 3.116116 0.314875 0.000000 0.000000 0.000000 0.997591 1 4.600733519e-07 2.011610195e-05
81 0.015369 0.007703 0.000918 6.260078 3.116116 0.314875 0.000000 0.000000 0.000000 0.997618 1 4.700850695e-07 2.021505497e-05
81 0.015328 0.007679 0.000905 6.260078 3.116116 0.314875 0.000000 0.000000 0.000000 0.997638 1 4.509929568e-07 2.020504326e-05
81 0.015283 0.007653 0.000892 6.260078 3.116116 0.314875 0.000000 0.000000 0.000000 0.997648 1 4.509929568e-07 2.012914047e-05
81 0.015240 0.007627 0.000881 6.260078 3.116116 0.314875 0.000000 0.000000 0.000000 0.997650 1 5.979090929e-07 2.044788562e-05
81 0.015200 0.007605 0.000870 6.260078 3.116116 0.314875 0.000000 0.000000 0.000000 0.997646 1 4.060566425e-07 1.885020174e-05
81 0.015166 0.007585 0.000860 6.260078 3.116116 0.314875 0.000000 0.000000 0.000000 0.997638 1 5.150213838e-07 2.037081867e-05
81 0.015139 0.007569 0.000851 6.260078 3.116116 0.314875 0.000000 0.000000 0.000000 0.997629 1 4.121102393e-07 2.014217898e-05
81 0.015119 0.007556 0.000843 6.260078 3.116116 0.314875 0.000000 0.000000 0.000000 0.997618 1 4.270114005e-07 2.009095624e-05
81 0.015107 0.007548 0.000836 6.260078 3.116116 0.314875 0.000000 0.000000 0.000000 0.997604 1 9.150244296e-07 2.092891373e-05
81 0.015103 0.007544 0.000830 6.260078 3.116116 0.314875 0.000000 0.000000 0.000000 0.997588 1 4.840549082e-07 2.009607852e-05
81 0.015108 0.007544 0.000825 6.260078 3.116116 0.314875 0.000000 0.000000 0.000000 0.997569 1 4.440080374e-07 2.024089918e-05
81 0.015121 0.007549 0.000821 6.260078 3.116116 0.314875 0.000000 0.000000 0.000000 0.997550 1 4.470348358e-07 2.033286728e-05
81 0.015144 0.007558 0.000817 6.260078 3.116116 0.314875 0.000000 0.000000 0.000000 0.997530 1 4.200264812e-07 2.012983896e-05
81 0.015173 0.007571 0.000814 6.260078 3.116116 0.314875 0.000000 0.000000 0.000000 0.997513 1 1.115957275e-06 2.283090726e-05
81 0.015207 0.007587 0.000812 6.260078 3.116116 0.314875 0.000000 0.000000 0.000000 0.997501 1 4.568137228e-07 2.009700984e-05
81 0.015242 0.007603 0.000810 6.260078 3.116116 0.314875 0.000000 0.000000 0.000000 0.997493 1 4.989560694e-07 2.027186565e-05
82 0.015266 0.007574 0.000750 6.414644 3.127781 0.225251 0.000000 0.000000 0.000000 0.997555 1 5.078036338e-07 2.011586912e-05
82 0.015298 0.007580 0.000735 6.414644 3.127781 0.225251 0.000000 0.000000 0.000000 0.997559 1 4.470348358e-07 2.025207505e-05
82 0.015319 0.007581 0.000720 6.414644 3.127781 0.225251 0.000000 0.000000 0.000000 0.997586 1 4.279427230e-07 2.016709186e-05
82 0.015323 0.007574 0.000706 6.414644 3.127781 0.225251 0.000000 0.000000 0.000000 0.997617 1 4.188623279e-07 2.009398304e-05
82 0.015313 0.007562 0.000693 6.414644 3.127781 0.225251 0.000000 0.000000 0.000000 0.997641 1 5.587935448e-07 2.032401972e-05
82 0.015295 0.007545 0.000680 6.414644 3.127781 0.225251 0.000000 0.000000 0.000000 0.997656 1 4.649627954e-07 2.025184222e-05
82 0.015273 0.007528 0.000669 6.414644 3.127781 0.225251 0.000000 0.000000 0.000000 0.997660 1 5.217734724e-07 2.026883885e-05
82 0.015253 0.007512 0.000658 6.414644 3.127781 0.225251 0.000000 0.000000 0.000000 0.997658 1 4.149042070e-07 2.008210868e-05
82 0.015237 0.007499 0.000648 6.414644 3.127781 0.225251 0.000000 0.000000 0.000000 0.997652 1 4.330649972e-07 2.012308687e-05
82 0.015226 0.007488 0.000639 6.414644 3.127781 0.225251 0.000000 0.000000 0.000000 0.997644 1 8.828938007e-07 3.605103120e-05
82 0.015220 0.007480 0.000630 6.414644 3.127781 0.225251 0.000000 0.000000 0.000000 0.997636 1 4.358589649e-07 2.022902481e-05
82 0.015217 0.007474 0.000623 6.414644 3.127781 0.225251 0.000000 0.000000 0.000000 0.997629 1 5.338806659e-07 2.038013190e-05
82 0.015219 0.007471 0.000616 6.414644 3.127781 0.225251 0.000000 0.000000 0.000000 0.997621 1 4.719477147e-07 2.005905844e-05
82 0.015225 0.007470 0.000610 6.414644 3.127781 0.225251 0.000000 0.000000 0.000000 0.997611 1 4.149042070e-07 2.023810521e-05
82 0.015235 0.007471 0.000605 6.414644 3.127781 0.225251 0.000000 0.000000 0.000000 0.997601 1 1.369044185e-06 2.357899211e-05
82 0.015249 0.007475 0.000600 6.414644 3.127781 0.225251 0.000000 0.000000 0.000000 0.997591 1 4.509929568e-07 2.012099139e-05
82 0.015268 0.007481 0.000596 6.414644 3.127781 0.225251 0.000000 0.000000 0.000000 0.997581 1 4.221219569e-07 2.005998977e-05
82 0.015289 0.007488 0.000592 6.414644 3.127781 0.225251 0.000000 0.000000 0.000000 0.997575 1 4.540197551e-07 2.014008351e-05
82 0.015310 0.007496 0.000588 6.414644 3.127781 0.225251 0.000000 0.000000 0.000000 0.997574 1 4.582107067e-07 2.023996785e-05
82 0.015328 0.007503 0.000585 6.414644 3.127781 0.225251 0.000000 0.000000 0.000000 0.997579 1 4.130415618e-07 2.012797631e-05
83 0.015333 0.007478 0.000524 6.561423 3.159567 0.138025 0.000000 0.000000 0.000000 0.997645 1 4.160683602e-07 2.000015229e-05
83 0.015339 0.007474 0.000508 6.561423 3.159567 0.138025 0.000000 0.000000 0.000000 0.997658 1 1.066830009e-06 2.338318154e-05
83 0.015334 0.007465 0.000494 6.561423 3.159567 0.138025 0.000000 0.000000 0.000000 0.997684 1 4.400499165e-07 2.018595114e-05
83 0.015316 0.007449 0.000480 6.561423 3.159567 0.138025 0.000000 0.000000 0.000000 0.997713 1 4.169996828e-07 2.002203837e-05
83 0.015285 0.007429 0.000468 6.561423 3.159567 0.138025 0.000000 0.000000 0.000000 0.997738 1 4.509929568e-07 2.036290243e-05
83 0.015246 0.007405 0.000456 6.561423 3.159567 0.138025 0.000000 0.000000 0.000000 0.997755 1 4.009343684e-07 2.000387758e-05
83 0.015204 0.007380 0.000444 6.561423 3.159567 0.138025 0.000000 0.000000 0.000000 0.997763 1 5.350448191e-07 2.045882866e-05
83 0.015163 0.007355 0.000434 6.561423 3.159567 0.138025 0.000000 0.000000 0.000000 0.997764 1 4.498288035e-07 2.023694105e-05
83 0.015126 0.007334 0.000424 6.561423 3.159567 0.138025 0.000000 0.000000 0.000000 0.997759 1 2.081505954e-07 1.005199738e-05
83 0.015096 0.007315 0.000415 6.561423 3.159567 0.138025 0.000000 0.000000 0.000000 0.997751 1 1.841690391e-07 8.536968380e-06
83 0.015073 0.007301 0.000407 6.561423 3.159567 0.138025 0.000000 0.000000 0.000000 0.997741 1 1.019798219e-07 4.901085049e-06
83 0.015057 0.007290 0.000400 6.561423 3.159567 0.138025 0.000000 0.000000 0.000000 0.997729 1 6.710179150e-07 1.936685294e-05
83 0.015049 0.007283 0.000394 6.561423 3.159567 0.138025 0.000000 0.000000 0.000000 0.997715 1 4.400499165e-07 2.022599801e-05
83 0.015049 0.007280 0.000388 6.561423 3.159567 0.138025 0.000000 0.000000 0.000000 0.997698 1 5.299225450e-07 2.029701136e-05
83 0.015059 0.007282 0.000382 6.561423 3.159567 0.138025 0.000000 0.000000 0.000000 0.997680 1 4.090834409e-07 2.012494951e-05
83 0.015077 0.007288 0.000378 6.561423 3.159567 0.138025 0.000000 0.000000 0.000000 0.997660 1 4.810281098e-07 2.025719732e-05
83 0.015104 0.007299 0.000374 6.561423 3.159567 0.138025 0.000000 0.000000 0.000000 0.997641 1 5.040783435e-07 2.019689418e-05
83 0.015137 0.007313 0.000370 6.561423 3.159567 0.138025 0.000000 0.000000 0.000000 0.997624 1 4.100147635e-07 2.018292435e-05
83 0.015176 0.007330 0.000367 6.561423 3.159567 0.138025 0.000000 0.000000 0.000000 0.997611 1 4.079192877e-07 2.014008351e-05
83 0.015217 0.007348 0.000364 6.561423 3.159567 0.138025 0.000000 0.000000 0.000000 0.997603 1 4.610046744e-07 2.018990926e-05
84 0.015242 0.007314 0.000303 6.721691 3.157375 0.038872 0.000000 0.000000 0.000000 0.997662 1 4.221219569e-07 2.014194615e-05
84 0.015279 0.007319 0.000287 6.721691 3.157375 0.038872 0.000000 0.000000 0.000000 0.997666 1 4.470348358e-07 2.006790601e-05
84 0.015304 0.007320 0.000272 6.721691 3.157375 0.038872 0.000000 0.000000 0.000000 0.997691 1 4.752073437e-07 2.012006007e-05
84 0.015311 0.007313 0.000258 6.721691 3.157375 0.038872 0.000000 0.000000 0.000000 0.997722 1 7.289927453e-07 2.074008808e-05
84 0.015304 0.007301 0.000245 6.721691 3.157375 0.038872 0.000000 0.000000 0.000000 0.997745 1 3.881286830e-07 1.863413490e-05
84 0.015289 0.007285 0.000232 6.721691 3.157375 0.038872 0.000000 0.000000 0.000000 0.997758 1 4.519242793e-07 2.018595114e-05
84 0.015270 0.007268 0.000221 6.721691 3.157375 0.038872 0.000000 0.000000 0.000000 0.997762 1 4.419125617e-07 2.020807005e-05
84 0.015253 0.007253 0.000211 6.721691 3.157375 0.038872 0.000000 0.000000 0.000000 0.997760 1 4.589091986e-07 2.018385567e-05
84 0.015240 0.007240 0.000201 6.721691 3.157375 0.038872 0.000000 0.000000 0.000000 0.997753 1 9.690411389e-07 2.279318869e-05
84 0.015232 0.007230 0.000193 6.721691 3.157375 0.038872 0.000000 0.000000 0.000000 0.997745 1 4.679895937e-07 2.024509013e-05
84 0.015228 0.007222 0.000185 6.721691 3.157375 0.038872 0.000000 0.000000 0.000000 0.997737 1 5.718320608e-07 2.049794421e-05
84 0.015229 0.007217 0.000177 6.721691 3.157375 0.038872 0.000000 0.000000 0.000000 0.997730 1 4.039611667e-07 2.020108514e-05
84 0.015234 0.007215 0.000170 6.721691 3.157375 0.038872 0.000000 0.000000 0.000000 0.997721 1 5.401670933e-07 2.023484558e-05
84 0.015243 0.007214 0.000164 6.721691 3.157375 0.038872 0.000000 0.000000 0.000000 0.997712 1 4.200264812e-07 1.892494038e-05
84 0.015256 0.007217 0.000158 6.721691 3.157375 0.038872 0.000000 0.000000 0.000000 0.997702 1 4.570465535e-07 2.013915218e-05
84 0.015274 0.007221 0.000153 6.721691 3.157375 0.038872 0.000000 0.000000 0.000000 0.997691 1 4.109460860e-07 2.027093433e-05
84 0.015295 0.007228 0.000148 6.721691 3.157375 0.038872 0.000000 0.000000 0.000000 0.997682 1 4.149042070e-07 2.007815056e-05
84 0.015319 0.007235 0.000144 6.721691 3.157375 0.038872 0.000000 0.000000 0.000000 0.997676 1 4.579778761e-07 2.038595267e-05
84 0.015343 0.007244 0.000140 6.721691 3.157375 0.038872 0.000000 0.000000 0.000000 0.997675 1 4.521571100e-07 2.024881542e-05
84 0.015364 0.007251 0.000136 6.721691 3.157375 0.038872 0.000000 0.000000 0.000000 0.997680 1 7.371418178e-07 2.788007259e-05
85 0.015369 0.007218 0.000074 6.873606 3.175005 -0.058180 0.000000 0.000000 0.000000 0.997743 1 9.229406714e-07 2.840207890e-05
85 0.015377 0.007213 0.000058 6.873606 3.175005 -0.058180 0.000000 0.000000 0.000000 0.997756 1 7.131602615e-07 2.799904905e-05
85 0.015373 0.007203 0.000044 6.873606 3.175005 -0.058180 0.000000 0.000000 0.000000 0.997781 1 4.740431905e-07 2.016313374e-05
85 0.015356 0.007187 0.000031 6.873606 3.175005 -0.058180 0.000000 0.000000 0.000000 0.997810 1 4.488974810e-07 2.023507841e-05
85 0.015325 0.007165 0.000018 6.873606 3.175005 -0.058180 0.000000 0.000000 0.000000 0.997834 1 4.479661584e-07 2.023391426e-05
85 0.015286 0.007141 0.000007 6.873606 3.175005 -0.058180 0.000000 0.000000 0.000000 0.997851 1 1.001171768e-06 2.349494025e-05
85 0.015243 0.007115 -0.000003 6.873606 3.175005 -0.058180 0.000000 0.000000 0.000000 0.997860 1 4.060566425e-07 2.014404163e-05
85 0.015202 0.007090 -0.000012 6.873606 3.175005 -0.058180 0.000000 0.000000 0.000000 0.997862 1 4.849862307e-07 2.015195787e-05
85 0.015164 0.007067 -0.000021 6.873606 3.175005 -0.058180 0.000000 0.000000 0.000000 0.997858 1 4.509929568e-07 2.010096796e-05
85 0.015132 0.007048 -0.000029 6.873606 3.175005 -0.058180 0.000000 0.000000 0.000000 0.997851 1 4.710163921e-07 2.003391273e-05
85 0.015107 0.007031 -0.000036 6.873606 3.175005 -0.058180 0.000000 0.000000 0.000000 0.997843 1 4.658941180e-07 2.003693953e-05
85 0.015088 0.007019 -0.000043 6.873606 3.175005 -0.058180 0.000000 0.000000 0.000000 0.997833 1 4.810281098e-07 2.020807005e-05
85 0.015077 0.007010 -0.000049 6.873606 3.175005 -0.058180 0.000000 0.000000 0.000000 0.997820 1 4.549510777e-07 2.037198283e-05
85 0.015074 0.007005 -0.000055 6.873606 3.175005 -0.058180 0.000000 0.000000 0.000000 0.997805 1 4.128087312e-07 2.019992098e-05
85 0.015080 0.007005 -0.000061 6.873606 3.175005 -0.058180 0.000000 0.000000 0.000000 0.997788 1 4.139728844e-07 2.002995461e-05
85 0.015095 0.007009 -0.000066 6.873606 3.175005 -0.058180 0.000000 0.000000 0.000000 0.997770 1 4.570465535e-07 2.012914047e-05
85 0.015118 0.007016 -0.000071 6.873606 3.175005 -0.058180 0.000000 0.000000 0.000000 0.997752 1 4.509929568e-07 2.027885057e-05
85 0.015148 0.007028 -0.000076 6.873606 3.175005 -0.058180 0.000000 0.000000 0.000000 0.997737 1 6.221234798e-07 2.050399780e-05
85 0.015183 0.007042 -0.000080 6.873606 3.175005 -0.058180 0.000000 0.000000 0.000000 0.997726 1 4.828907549e-07 2.043601125e-05
85 0.015220 0.007056 -0.000084 6.873606 3.175005 -0.058180 0.000000 0.000000 0.000000 0.997718 1 7.601920515e-07 2.792989835e-05
86 0.015241 0.007014 -0.000146 7.037178 3.158593 -0.166731 0.000000 0.000000 0.000000 0.997774 1 7.061753422e-07 2.782698721e-05
86 0.015273 0.007015 -0.000163 7.037178 3.158593 -0.166731 0.000000 0.000000 0.000000 0.997778 1 7.629860193e-07 3.011594526e-05
86 0.015294 0.007012 -0.000179 7.037178 3.158593 -0.166731 0.000000 0.000000 0.000000 0.997802 1 1.142965630e-06 3.060093150e-05
86 0.015299 0.007003 -0.000193 7.037178 3.158593 -0.166731 0.000000 0.000000 0.000000 0.997831 1 7.159542292e-07 2.786214463e-05
86 0.015289 0.006988 -0.000206 7.037178 3.158593 -0.166731 0.000000 0.000000 0.000000 0.997853 1 2.309679985e-07 8.898088709e-06
86 0.015271 0.006971 -0.000218 7.037178 3.158593 -0.166731 0.000000 0.000000 0.000000 0.997866 1 2.381857485e-07 8.920906112e-06
86 0.015250 0.006952 -0.000228 7.037178 3.158593 -0.166731 0.000000 0.000000 0.000000 0.997870 1 4.949979484e-07 1.782714389e-05
86 0.015230 0.006935 -0.000238 7.037178 3.158593 -0.166731 0.000000 0.000000 0.000000 0.997869 1 4.710163921e-07 1.512095332e-05
86 0.015214 0.006920 -0.000247 7.037178 3.158593 -0.166731 0.000000 0.000000 0.000000 0.997863 1 3.129243851e-07 1.216190867e-05
86 0.015202 0.006908 -0.000255 7.037178 3.158593 -0.166731 0.000000 0.000000 0.000000 0.997856 1 7.478520274e-07 2.793292515e-05
86 0.015195 0.006898 -0.000263 7.037178 3.158593 -0.166731 0.000000 0.000000 0.000000 0.997849 1 7.320195436e-07 2.799183130e-05
86 0.015193 0.006891 -0.000271 7.037178 3.158593 -0.166731 0.000000 0.000000 0.000000 0.997843 1 4.759058356e-07 2.015498467e-05
86 0.015194 0.006886 -0.000278 7.037178 3.158593 -0.166731 0.000000 0.000000 0.000000 0.997836 1 4.048924893e-07 2.015498467e-05
86 0.015199 0.006883 -0.000284 7.037178 3.158593 -0.166731 0.000000 0.000000 0.000000 0.997828 1 4.370231181e-07 2.011400647e-05
86 0.015208 0.006883 -0.000290 7.037178 3.158593 -0.166731 0.000000 0.000000 0.000000 0.997819 1 8.270144463e-07 2.101110294e-05
86 0.015222 0.006885 -0.000296 7.037178 3.158593 -0.166731 0.000000 0.000000 0.000000 0.997809 1 4.100147635e-07 2.007395960e-05
86 0.015240 0.006888 -0.000301 7.037178 3.158593 -0.166731 0.000000 0.000000 0.000000 0.997801 1 7.690396160e-07 2.792780288e-05
86 0.015260 0.006894 -0.000306 7.037178 3.158593 -0.166731 0.000000 0.000000 0.000000 0.997795 1 7.199123502e-07 2.788496204e-05
86 0.015280 0.006899 -0.000311 7.037178 3.158593 -0.166731 0.000000 0.000000 0.000000 0.997795 1 7.359776646e-07 2.797204070e-05
86 0.015297 0.006904 -0.000315 7.037178 3.158593 -0.166731 0.000000 0.000000 0.000000 0.997800 1 1.174863428e-06 3.031198867e-05
87 0.015296 0.006863 -0.000377 7.191889 3.161900 -0.273418 0.000000 0.000000 0.000000 0.997861 1 7.508788258e-07 3.590388224e-05
87 0.015299 0.006854 -0.000393 7.191889 3.161900 -0.273418 0.000000 0.000000 0.000000 0.997873 1 1.559965312e-07 4.981877282e-06
87 0.015292 0.006841 -0.000407 7.191889 3.161900 -0.273418 0.000000 0.000000 0.000000 0.997897 1 4.209578037e-07 2.004299313e-05
87 0.015271 0.006822 -0.000420 7.191889 3.161900 -0.273418 0.000000 0.000000 0.000000 0.997924 1 4.458706826e-07 2.018595114e-05
87 0.015237 0.006799 -0.000431 7.191889 3.161900 -0.273418 0.000000 0.000000 0.000000 0.997948 1 4.488974810e-07 2.028513700e-05
87 0.015195 0.006773 -0.000441 7.191889 3.161900 -0.273418 0.000000 0.000000 0.000000 0.997964 1 4.461035132e-07 2.039386891e-05
87 0.015150 0.006746 -0.000450 7.191889 3.161900 -0.273418 0.000000 0.000000 0.000000 0.997972 1 4.169996828e-07 2.007791772e-05
87 0.015105 0.006720 -0.000458 7.191889 3.161900 -0.273418 0.000000 0.000000 0.000000 0.997974 1 4.288740456e-07 2.013705671e-05
87 0.015066 0.006696 -0.000465 7.191889 3.161900 -0.273418 0.000000 0.000000 0.000000 0.997970 1 8.358620107e-07 2.805399708e-05
87 0.015032 0.006676 -0.000472 7.191889 3.161900 -0.273418 0.000000 0.000000 0.000000 0.997963 1 7.329508662e-07 2.788379788e-05
87 0.015005 0.006659 -0.000479 7.191889 3.161900 -0.273418 0.000000 0.000000 0.000000 0.997955 1 4.142057151e-07 2.020807005e-05
87 0.014985 0.006645 -0.000485 7.191889 3.161900 -0.273418 0.000000 0.000000 0.000000 0.997945 1 5.930196494e-07 2.069701441e-05
87 0.014973 0.006636 -0.000491 7.191889 3.161900 -0.273418 0.000000 0.000000 0.000000 0.997933 1 4.519242793e-07 2.009910531e-05
87 0.014969 0.006630 -0.000497 7.191889 3.161900 -0.273418 0.000000 0.000000 0.000000 0.997918 1 4.139728844e-07 2.358504571e-05
87 0.014974 0.006629 -0.000503 7.191889 3.161900 -0.273418 0.000000 0.000000 0.000000 0.997902 1 4.500616342e-07 2.028001472e-05
87 0.014988 0.006631 -0.000508 7.191889 3.161900 -0.273418 0.000000 0.000000 0.000000 0.997885 1 4.549510777e-07 2.022203989e-05
87 0.015011 0.006638 -0.000514 7.191889 3.161900 -0.273418 0.000000 0.000000 0.000000 0.997867 1 1.103850082e-06 3.029895015e-05
87 0.015041 0.006648 -0.000519 7.191889 3.161900 -0.273418 0.000000 0.000000 0.000000 0.997852 1 4.339963198e-07 2.036709338e-05
87 0.015076 0.006661 -0.000525 7.191889 3.161900 -0.273418 0.000000 0.000000 0.000000 0.997842 1 4.428438842e-07 1.998292282e-05
87 0.015112 0.006674 -0.000530 7.191889 3.161900 -0.273418 0.000000 0.000000 0.000000 0.997834 1 4.479661584e-07 2.008792944e-05
88 0.015131 0.006625 -0.000592 7.358063 3.127962 -0.392082 0.000000 0.000000 0.000000 0.997887 1 4.738103598e-07 2.035987563e-05
88 0.015163 0.006624 -0.000610 7.358063 3.127962 -0.392082 0.000000 0.000000 0.000000 0.997890 1 4.339963198e-07 2.022995614e-05
88 0.015184 0.006619 -0.000627 7.358063 3.127962 -0.392082 0.000000 0.000000 0.000000 0.997913 1 4.190951586e-07 2.014893107e-05
88 0.015189 0.006609 -0.000641 7.358063 3.127962 -0.392082 0.000000 0.000000 0.000000 0.997939 1 4.479661584e-07 2.022809349e-05
88 0.015181 0.006593 -0.000653 7.358063 3.127962 -0.392082 0.000000 0.000000 0.000000 0.997959 1 4.118774086e-07 2.018711530e-05
88 0.015164 0.006576 -0.000664 7.358063 3.127962 -0.392082 0.000000 0.000000 0.000000 0.997970 1 4.710163921e-07 2.015498467e-05
88 0.015145 0.006558 -0.000674 7.358063 3.127962 -0.392082 0.000000 0.000000 0.000000 0.997974 1 4.169996828e-07 2.018199302e-05
88 0.015127 0.006541 -0.000684 7.358063 3.127962 -0.392082 0.000000 0.000000 0.000000 0.997971 1 7.348135114e-07 2.786889672e-05
88 0.015114 0.006527 -0.000692 7.358063 3.127962 -0.392082 0.000000 0.000000 0.000000 0.997965 1 1.018168405e-06 2.853199840e-05
88 0.015105 0.006515 -0.000701 7.358063 3.127962 -0.392082 0.000000 0.000000 0.000000 0.997958 1 4.321336746e-07 2.022599801e-05
88 0.015102 0.006506 -0.000708 7.358063 3.127962 -0.392082 0.000000 0.000000 0.000000 0.997950 1 5.448237062e-07 2.029608004e-05
88 0.015102 0.006500 -0.000716 7.358063 3.127962 -0.392082 0.000000 0.000000 0.000000 0.997944 1 4.179310054e-07 2.008792944e-05
88 0.015107 0.006496 -0.000723 7.358063 3.127962 -0.392082 0.000000 0.000000 0.000000 0.997936 1 4.158355296e-07 2.021482214e-05
88 0.015115 0.006494 -0.000730 7.358063 3.127962 -0.392082 0.000000 0.000000 0.000000 0.997928 1 6.549526006e-07 2.101808786e-05
88 0.015128 0.006494 -0.000736 7.358063 3.127962 -0.392082 0.000000 0.000000 0.000000 0.997919 1 4.118774086e-07 2.019596286e-05
88 0.015145 0.006496 -0.000742 7.358063 3.127962 -0.392082 0.000000 0.000000 0.000000 0.997910 1 4.540197551e-07 2.000899985e-05
88 0.015166 0.006501 -0.000749 7.358063 3.127962 -0.392082 0.000000 0.000000 0.000000 0.997901 1 4.549510777e-07 2.018199302e-05
88 0.015189 0.006507 -0.000754 7.358063 3.127962 -0.392082 0.000000 0.000000 0.000000 0.997896 1 4.370231181e-07 2.012890764e-05
88 0.015213 0.006513 -0.000760 7.358063 3.127962 -0.392082 0.000000 0.000000 0.000000 0.997895 1 4.582107067e-07 2.013891935e-05
88 0.015232 0.006518 -0.000765 7.358063 3.127962 -0.392082 0.000000 0.000000 0.000000 0.997900 1 4.391185939e-07 2.016499639e-05
89 0.015232 0.006471 -0.000827 7.514366 3.114484 -0.508829 0.000000 0.000000 0.000000 0.997957 1 8.910428733e-07 2.815620974e-05
89 0.015238 0.006461 -0.000843 7.514366 3.114484 -0.508829 0.000000 0.000000 0.000000 0.997969 1 6.100162864e-07 2.293009311e-05
89 0.015233 0.006448 -0.000858 7.514366 3.114484 -0.508829 0.000000 0.000000 0.000000 0.997991 1 9.101349860e-07 2.171099186e-05
89 0.015214 0.006430 -0.000870 7.514366 3.114484 -0.508829 0.000000 0.000000 0.000000 0.998017 1 4.768371582e-07 2.023391426e-05
89 0.015183 0.006407 -0.000880 7.514366 3.114484 -0.508829 0.000000 0.000000 0.000000 0.998039 1 7.289927453e-07 2.789800055e-05
89 0.015143 0.006382 -0.000889 7.514366 3.114484 -0.508829 0.000000 0.000000 0.000000 0.998054 1 9.979121387e-07 2.846703865e-05
89 0.015100 0.006356 -0.000896 7.514366 3.114484 -0.508829 0.000000 0.000000 0.000000 0.998062 1 7.699709386e-07 2.793991007e-05
89 0.015058 0.006331 -0.000903 7.514366 3.114484 -0.508829 0.000000 0.000000 0.000000 0.998064 1 8.111819625e-07 2.795900218e-05
89 0.015020 0.006308 -0.000909 7.514366 3.114484 -0.508829 0.000000 0.000000 0.000000 0.998061 1 6.470363587e-07 1.922179945e-05
89 0.014987 0.006288 -0.000915 7.514366 3.114484 -0.508829 0.000000 0.000000 0.000000 0.998054 1 4.591420293e-07 2.020015381e-05
89 0.014961 0.006272 -0.000921 7.514366 3.114484 -0.508829 0.000000 0.000000 0.000000 0.998047 1 9.781215340e-07 2.333312295e-05
89 0.014942 0.006259 -0.000927 7.514366 3.114484 -0.508829 0.000000 0.000000 0.000000 0.998038 1 4.621688277e-07 2.055289224e-05
89 0.014931 0.006249 -0.000933 7.514366 3.114484 -0.508829 0.000000 0.000000 0.000000 0.998026 1 4.509929568e-07 2.026790753e-05
89 0.014928 0.006243 -0.000939 7.514366 3.114484 -0.508829 0.000000 0.000000 0.000000 0.998013 1 5.159527063e-07 2.024602145e-05
89 0.014933 0.006241 -0.000945 7.514366 3.114484 -0.508829 0.000000 0.000000 0.000000 0.997998 1 4.470348358e-07 2.033310011e-05
89 0.014947 0.006242 -0.000951 7.514366 3.114484 -0.508829 0.000000 0.000000 0.000000 0.997982 1 4.370231181e-07 2.019084059e-05
89 0.014969 0.006248 -0.000957 7.514366 3.114484 -0.508829 0.000000 0.000000 0.000000 0.997965 1 4.139728844e-07 2.019689418e-05
89 0.014998 0.006257 -0.000963 7.514366 3.114484 -0.508829 0.000000 0.000000 0.000000 0.997951 1 5.580950528e-07 2.062902786e-05
89 0.015032 0.006268 -0.000970 7.514366 3.114484 -0.508829 0.000000 0.000000 0.000000 0.997941 1 4.582107067e-07 2.013216726e-05
89 0.015068 0.006280 -0.000976 7.514366 3.114484 -0.508829 0.000000 0.000000 0.000000 0.997935 1 5.748588592e-07 2.026790753e-05
90 0.015083 0.006222 -0.001039 7.680711 3.061051 -0.637794 0.000000 0.000000 0.000000 0.997984 1 4.209578037e-07 1.879292540e-05
90 0.015114 0.006218 -0.001058 7.680711 3.061051 -0.637794 0.000000 0.000000 0.000000 0.997987 1 4.051253200e-07 2.013379708e-05
90 0.015134 0.006211 -0.001075 7.680711 3.061051 -0.637794 0.000000 0.000000 0.000000 0.998010 1 1.005828381e-06 2.108095214e-05
90 0.015137 0.006199 -0.001089 7.680711 3.061051 -0.637794 0.000000 0.000000 0.000000 0.998035 1 4.260800779e-07 2.021295950e-05
90 0.015126 0.006182 -0.001101 7.680711 3.061051 -0.637794 0.000000 0.000000 0.000000 0.998055 1 4.449393600e-07 2.028606832e-05
90 0.015107 0.006162 -0.001111 7.680711 3.061051 -0.637794 0.000000 0.000000 0.000000 0.998067 1 4.509929568e-07 2.025300637e-05
90 0.015085 0.006143 -0.001120 7.680711 3.061051 -0.637794 0.000000 0.000000 0.000000 0.998072 1 4.519242793e-07 2.020318061e-05
90 0.015064 0.006124 -0.001129 7.680711 3.061051 -0.637794 0.000000 0.000000 0.000000 0.998070 1 1.034000888e-06 2.404116094e-05
90 0.015047 0.006108 -0.001137 7.680711 3.061051 -0.637794 0.000000 0.000000 0.000000 0.998065 1 4.498288035e-07 2.034194767e-05
90 0.015035 0.006095 -0.001144 7.680711 3.061051 -0.637794 0.000000 0.000000 0.000000 0.998059 1 6.360933185e-07 2.119992860e-05
90 0.015028 0.006084 -0.001152 7.680711 3.061051 -0.637794 0.000000 0.000000 0.000000 0.998052 1 4.530884326e-07 2.017500810e-05
90 0.015024 0.006075 -0.001159 7.680711 3.061051 -0.637794 0.000000 0.000000 0.000000 0.998047 1 4.558824003e-07 2.040294930e-05
90 0.015025 0.006069 -0.001166 7.680711 3.061051 -0.637794 0.000000 0.000000 0.000000 0.998040 1 4.158355296e-07 2.011097968e-05
90 0.015030 0.006065 -0.001172 7.680711 3.061051 -0.637794 0.000000 0.000000 0.000000 0.998032 1 4.530884326e-07 2.009607852e-05
90 0.015039 0.006062 -0.001179 7.680711 3.061051 -0.637794 0.000000 0.000000 0.000000 0.998024 1 8.409842849e-07 2.820091322e-05
90 0.015052 0.006063 -0.001186 7.680711 3.061051 -0.637794 0.000000 0.000000 0.000000 0.998016 1 7.648486644e-07 2.806307748e-05
90 0.015069 0.006064 -0.001192 7.680711 3.061051 -0.637794 0.000000 0.000000 0.000000 0.998008 1 5.920883268e-07 2.079992555e-05
90 0.015089 0.006068 -0.001198 7.680711 3.061051 -0.637794 0.000000 0.000000 0.000000 0.998003 1 4.330649972e-07 2.005486749e-05
90 0.015109 0.006071 -0.001204 7.680711 3.061051 -0.637794 0.000000 0.000000 0.000000 0.998003 1 4.030298442e-07 2.030399628e-05
90 0.015125 0.006074 -0.001209 7.680711 3.061051 -0.637794 0.000000 0.000000 0.000000 0.998007 1 1.185806468e-06 7.366598584e-05
91 0.015120 0.006018 -0.001272 7.836243 3.027099 -0.765177 0.000000 0.000000 0.000000 0.998061 1 4.530884326e-07 2.009607852e-05
91 0.015122 0.006006 -0.001288 7.836243 3.027099 -0.765177 0.000000 0.000000 0.000000 0.998073 1 6.959307939e-07 2.221297473e-05
91 0.015114 0.005990 -0.001302 7.836243 3.027099 -0.765177 0.000000 0.000000 0.000000 0.998094 1 4.640314728e-07 2.023391426e-05
91 0.015092 0.005970 -0.001313 7.836243 3.027099 -0.765177 0.000000 0.000000 0.000000 0.998118 1 4.358589649e-07 2.022087574e-05
91 0.015058 0.005946 -0.001322 7.836243 3.027099 -0.765177 0.000000 0.000000 0.000000 0.998139 1 1.129927114e-06 3.056298010e-05
91 0.015016 0.005920 -0.001329 7.836243 3.027099 -0.765177 0.000000 0.000000 0.000000 0.998154 1 7.499475032e-07 2.792896703e-05
91 0.014971 0.005893 -0.001335 7.836243 3.027099 -0.765177 0.000000 0.000000 0.000000 0.998161 1 5.029141903e-07 2.019084059e-05
91 0.014927 0.005868 -0.001341 7.836243 3.027099 -0.765177 0.000000 0.000000 0.000000 0.998162 1 4.111789167e-07 2.012285404e-05
91 0.014888 0.005845 -0.001346 7.836243 3.027099 -0.765177 0.000000 0.000000 0.000000 0.998159 1 4.409812391e-07 2.039200626e-05
91 0.014854 0.005825 -0.001351 7.836243 3.027099 -0.765177 0.000000 0.000000 0.000000 0.998153 1 4.100147635e-07 2.012797631e-05
91 0.014828 0.005808 -0.001356 7.836243 3.027099 -0.765177 0.000000 0.000000 0.000000 0.998145 1 4.330649972e-07 2.026115544e-05
91 0.014808 0.005794 -0.001361 7.836243 3.027099 -0.765177 0.000000 0.000000 0.000000 0.998136 1 4.770699888e-07 2.023205161e-05
91 0.014796 0.005784 -0.001367 7.836243 3.027099 -0.765177 0.000000 0.000000 0.000000 0.998125 1 4.009343684e-07 2.001808025e-05
91 0.014793 0.005777 -0.001372 7.836243 3.027099 -0.765177 0.000000 0.000000 0.000000 0.998112 1 8.880160749e-07 2.803187817e-05
91 0.014798 0.005774 -0.001378 7.836243 3.027099 -0.765177 0.000000 0.000000 0.000000 0.998097 1 7.350463420e-07 2.787099220e-05
91 0.014812 0.005775 -0.001385 7.836243 3.027099 -0.765177 0.000000 0.000000 0.000000 0.998082 1 2.349261194e-07 8.875038475e-06
91 0.014834 0.005780 -0.001392 7.836243 3.027099 -0.765177 0.000000 0.000000 0.000000 0.998066 1 7.750932127e-07 2.791988663e-05
91 0.014864 0.005787 -0.001399 7.836243 3.027099 -0.765177 0.000000 0.000000 0.000000 0.998052 1 6.740447134e-07 2.051191404e-05
91 0.014898 0.005797 -0.001406 7.836243 3.027099 -0.765177 0.000000 0.000000 0.000000 0.998042 1 3.888271749e-07 1.880899072e-05
91 0.014935 0.005808 -0.001414 7.836243 3.027099 -0.765177 0.000000 0.000000 0.000000 0.998035 1 4.498288035e-07 2.026418224e-05
92 0.014949 0.005744 -0.001478 7.999850 2.952080 -0.904565 0.000000 0.000000 0.000000 0.998081 1 4.169996828e-07 2.028513700e-05
92 0.014980 0.005738 -0.001498 7.999850 2.952080 -0.904565 0.000000 0.000000 0.000000 0.998084 1 1.098029315e-06 3.027520142e-05
92 0.015000 0.005729 -0.001515 7.999850 2.952080 -0.904565 0.000000 0.000000 0.000000 0.998105 1 7.271301001e-07 2.783886157e-05
92 0.015003 0.005715 -0.001529 7.999850 2.952080 -0.904565 0.000000 0.000000 0.000000 0.998130 1 5.208421499e-07 2.459809184e-05
92 0.014993 0.005698 -0.001541 7.999850 2.952080 -0.904565 0.000000 0.000000 0.000000 0.998150 1 4.509929568e-07 2.039386891e-05
92 0.014974 0.005678 -0.001551 7.999850 2.952080 -0.904565 0.000000 0.000000 0.000000 0.998161 1 4.479661584e-07 2.001505345e-05
92 0.014952 0.005658 -0.001559 7.999850 2.952080 -0.904565 0.000000 0.000000 0.000000 0.998165 1 4.158355296e-07 2.023600973e-05
92 0.014932 0.005640 -0.001567 7.999850 2.952080 -0.904565 0.000000 0.000000 0.000000 0.998162 1 4.479661584e-07 2.019293606e-05
92 0.014916 0.005624 -0.001575 7.999850 2.952080 -0.904565 0.000000 0.000000 0.000000 0.998157 1 4.169996828e-07 2.005207352e-05
92 0.014905 0.005611 -0.001582 7.999850 2.952080 -0.904565 0.000000 0.000000 0.000000 0.998150 1 4.370231181e-07 2.010306343e-05
92 0.014899 0.005600 -0.001589 7.999850 2.952080 -0.904565 0.000000 0.000000 0.000000 0.998144 1 5.608890206e-07 2.016709186e-05
92 0.014897 0.005592 -0.001596 7.999850 2.952080 -0.904565 0.000000 0.000000 0.000000 0.998137 1 4.558824003e-07 2.003205009e-05
92 0.014900 0.005585 -0.001604 7.999850 2.952080 -0.904565 0.000000 0.000000 0.000000 0.998130 1 7.390044630e-07 2.788705751e-05
92 0.014907 0.005581 -0.001611 7.999850 2.952080 -0.904565 0.000000 0.000000 0.000000 0.998123 1 8.151400834e-07 2.092495561e-05
92 0.014919 0.005579 -0.001618 7.999850 2.952080 -0.904565 0.000000 0.000000 0.000000 0.998114 1 4.139728844e-07 2.021598630e-05
92 0.014935 0.005580 -0.001625 7.999850 2.952080 -0.904565 0.000000 0.000000 0.000000 0.998105 1 8.461065590e-07 2.808496356e-05
92 0.014954 0.005582 -0.001632 7.999850 2.952080 -0.904565 0.000000 0.000000 0.000000 0.998098 1 4.121102393e-07 1.884601079e-05
92 0.014977 0.005585 -0.001639 7.999850 2.952080 -0.904565 0.000000 0.000000 0.000000 0.998093 1 4.328321666e-07 2.022297122e-05
92 0.014999 0.005589 -0.001646 7.999850 2.952080 -0.904565 0.000000 0.000000 0.000000 0.998092 1 1.139938831e-06 3.037811257e-05
92 0.015018 0.005592 -0.001652 7.999850 2.952080 -0.904565 0.000000 0.000000 0.000000 0.998096 1 4.069879651e-07 2.005277202e-05
93 0.015012 0.005528 -0.001716 8.151839 2.895189 -1.042740 0.000000 0.000000 0.000000 0.998146 1 7.869675756e-07 2.624117769e-05
93 0.015017 0.005515 -0.001732 8.151839 2.895189 -1.042740 0.000000 0.000000 0.000000 0.998156 1 7.480848581e-07 2.822093666e-05
93 0.015012 0.005499 -0.001746 8.151839 2.895189 -1.042740 0.000000 0.000000 0.000000 0.998176 1 4.139728844e-07 2.008210868e-05
93 0.014993 0.005480 -0.001757 8.151839 2.895189 -1.042740 0.000000 0.000000 0.000000 0.998198 1 4.409812391e-07 2.024811693e-05
93 0.014963 0.005457 -0.001766 8.151839 2.895189 -1.042740 0.000000 0.000000 0.000000 0.998216 1 7.350463420e-07 3.271899186e-05
93 0.014926 0.005433 -0.001772 8.151839 2.895189 -1.042740 0.000000 0.000000 0.000000 0.998229 1 6.160698831e-07 2.050003968e-05
93 0.014886 0.005408 -0.001778 8.151839 2.895189 -1.042740 0.000000 0.000000 0.000000 0.998235 1 4.610046744e-07 2.002599649e-05
93 0.014847 0.005385 -0.001783 8.151839 2.895189 -1.042740 0.000000 0.000000 0.000000 0.998235 1 4.379544407e-07 2.000294626e-05
93 0.014813 0.005365 -0.001787 8.151839 2.895189 -1.042740 0.000000 0.000000 0.000000 0.998231 1 5.010515451e-07 2.007908188e-05
93 0.014785 0.005347 -0.001792 8.151839 2.895189 -1.042740 0.000000 0.000000 0.000000 0.998224 1 4.440080374e-07 2.023391426e-05
93 0.014764 0.005332 -0.001797 8.151839 2.895189 -1.042740 0.000000 0.000000 0.000000 0.998216 1 4.549510777e-07 2.030609176e-05
93 0.014750 0.005320 -0.001802 8.151839 2.895189 -1.042740 0.000000 0.000000 0.000000 0.998207 1 4.530884326e-07 2.027698793e-05
93 0.014744 0.005312 -0.001808 8.151839 2.895189 -1.042740 0.000000 0.000000 0.000000 0.998196 1 6.791669875e-07 2.205511555e-05
93 0.014745 0.005306 -0.001814 8.151839 2.895189 -1.042740 0.000000 0.000000 0.000000 0.998183 1 4.090834409e-07 2.020294778e-05
93 0.014756 0.005305 -0.001821 8.151839 2.895189 -1.042740 0.000000 0.000000 0.000000 0.998168 1 4.169996828e-07 2.015102655e-05
93 0.014775 0.005307 -0.001828 8.151839 2.895189 -1.042740 0.000000 0.000000 0.000000 0.998153 1 6.260816008e-07 2.121203579e-05
93 0.014802 0.005312 -0.001837 8.151839 2.895189 -1.042740 0.000000 0.000000 0.000000 0.998137 1 4.160683602e-07 2.006907016e-05
93 0.014836 0.005320 -0.001845 8.151839 2.895189 -1.042740 0.000000 0.000000 0.000000 0.998124 1 7.809139788e-07 2.846703865e-05
93 0.014875 0.005330 -0.001854 8.151839 2.895189 -1.042740 0.000000 0.000000 0.000000 0.998113 1 4.200264812e-07 2.014706843e-05
93 0.014917 0.005341 -0.001863 8.151839 2.895189 -1.042740 0.000000 0.000000 0.000000 0.998106 1 6.309710443e-07 2.035521902e-05
94 0.014933 0.005269 -0.001931 8.309310 2.796181 -1.192647 0.000000 0.000000 0.000000 0.998148 1 5.040783435e-07 1.895893365e-05
94 0.014968 0.005262 -0.001952 8.309310 2.796181 -1.192647 0.000000 0.000000 0.000000 0.998150 1 4.391185939e-07 1.869397238e-05
94 0.014993 0.005253 -0.001971 8.309310 2.796181 -1.192647 0.000000 0.000000 0.000000 0.998170 1 4.910398275e-07 2.011889592e-05
94 0.015001 0.005240 -0.001986 8.309310 2.796181 -1.192647 0.000000 0.000000 0.000000 0.998194 1 3.939494491e-07 1.879711635e-05
94 0.014994 0.005223 -0.001998 8.309310 2.796181 -1.192647 0.000000 0.000000 0.000000 0.998212 1 4.258472472e-07 2.004904673e-05
94 0.014979 0.005204 -0.002008 8.309310 2.796181 -1.192647 0.000000 0.000000 0.000000 0.998224 1 4.821922630e-07 2.005300485e-05
94 0.014960 0.005185 -0.002016 8.309310 2.796181 -1.192647 0.000000 0.000000 0.000000 0.998227 1 4.370231181e-07 2.004718408e-05
94 0.014943 0.005168 -0.002023 8.309310 2.796181 -1.192647 0.000000 0.000000 0.000000 0.998226 1 7.338821888e-06 2.723606303e-05
94 0.014929 0.005152 -0.002031 8.309310 2.796181 -1.192647 0.000000 0.000000 0.000000 0.998221 1 4.470348358e-07 2.031400800e-05
94 0.014920 0.005139 -0.002038 8.309310 2.796181 -1.192647 0.000000 0.000000 0.000000 0.998215 1 4.188623279e-07 2.021994442e-05
94 0.014915 0.005129 -0.002045 8.309310 2.796181 -1.192647 0.000000 0.000000 0.000000 0.998209 1 3.860332072e-07 1.880805939e-05
94 0.014914 0.005120 -0.002053 8.309310 2.796181 -1.192647 0.000000 0.000000 0.000000 0.998204 1 4.640314728e-07 1.772493124e-05
94 0.014917 0.005113 -0.002060 8.309310 2.796181 -1.192647 0.000000 0.000000 0.000000 0.998198 1 1.049134880e-06 3.016018309e-05
94 0.014924 0.005108 -0.002067 8.309310 2.796181 -1.192647 0.000000 0.000000 0.000000 0.998191 1 7.089693099e-07 2.782000229e-05
94 0.014935 0.005105 -0.002074 8.309310 2.796181 -1.192647 0.000000 0.000000 0.000000 0.998183 1 4.589091986e-07 2.004904673e-05
94 0.014950 0.005104 -0.002082 8.309310 2.796181 -1.192647 0.000000 0.000000 0.000000 0.998175 1 4.670582712e-07 2.007000148e-05
94 0.014969 0.005105 -0.002089 8.309310 2.796181 -1.192647 0.000000 0.000000 0.000000 0.998169 1 4.188623279e-07 2.017710358e-05
94 0.014989 0.005107 -0.002097 8.309310 2.796181 -1.192647 0.000000 0.000000 0.000000 0.998164 1 5.459878594e-07 2.030306496e-05
94 0.015010 0.005109 -0.002104 8.309310 2.796181 -1.192647 0.000000 0.000000 0.000000 0.998164 1 7.059425116e-07 2.783094533e-05
94 0.015028 0.005110 -0.002110 8.309310 2.796181 -1.192647 0.000000 0.000000 0.000000 0.998169 1 8.731149137e-07 2.827798016e-05
95 0.015017 0.005038 -0.002177 8.452865 2.716275 -1.341079 0.000000 0.000000 0.000000 0.998215 1 4.710163921e-07 2.012914047e-05
95 0.015020 0.005022 -0.002194 8.452865 2.716275 -1.341079 0.000000 0.000000 0.000000 0.998225 1 6.980262697e-07 2.051820047e-05
95 0.015012 0.005005 -0.002207 8.452865 2.716275 -1.341079 0.000000 0.000000 0.000000 0.998245 1 4.561152309e-07 2.030096948e-05
95 0.014990 0.004984 -0.002217 8.452865 2.716275 -1.341079 0.000000 0.000000 0.000000 0.998267 1 4.549510777e-07 2.026790753e-05
95 0.014957 0.004960 -0.002224 8.452865 2.716275 -1.341079 0.000000 0.000000 0.000000 0.998285 1 5.429610610e-07 1.682690345e-05
95 0.014916 0.004935 -0.002229 8.452865 2.716275 -1.341079 0.000000 0.000000 0.000000 0.998298 1 2.020969987e-07 8.838949725e-06
95 0.014873 0.004910 -0.002233 8.452865 2.716275 -1.341079 0.000000 0.000000 0.000000 0.998305 1 4.479661584e-07 2.004904673e-05
95 0.014830 0.004887 -0.002236 8.452865 2.716275 -1.341079 0.000000 0.000000 0.000000 0.998305 1 5.078036338e-07 2.028979361e-05
95 0.014792 0.004865 -0.002239 8.452865 2.716275 -1.341079 0.000000 0.000000 0.000000 0.998302 1 5.331821740e-07 2.028211020e-05
95 0.014761 0.004846 -0.002242 8.452865 2.716275 -1.341079 0.000000 0.000000 0.000000 0.998296 1 6.011687219e-07 2.057105303e-05
95 0.014736 0.004830 -0.002246 8.452865 2.716275 -1.341079 0.000000 0.000000 0.000000 0.998289 1 4.088506103e-07 2.013286576e-05
95 0.014718 0.004817 -0.002250 8.452865 2.716275 -1.341079 0.000000 0.000000 0.000000 0.998281 1 4.479661584e-07 2.011889592e-05
95 0.014707 0.004807 -0.002255 8.452865 2.716275 -1.341079 0.000000 0.000000 0.000000 0.998270 1 4.088506103e-07 1.998897642e-05
95 0.014705 0.004800 -0.002260 8.452865 2.716275 -1.341079 0.000000 0.000000 0.000000 0.998258 1 4.440080374e-07 2.004695125e-05
95 0.014711 0.004796 -0.002267 8.452865 2.716275 -1.341079 0.000000 0.000000 0.000000 0.998245 1 4.509929568e-07 2.037407830e-05
95 0.014726 0.004796 -0.002275 8.452865 2.716275 -1.341079 0.000000 0.000000 0.000000 0.998230 1 1.969747245e-07 8.276896551e-06
95 0.014749 0.004798 -0.002283 8.452865 2.716275 -1.341079 0.000000 0.000000 0.000000 0.998216 1 4.479661584e-07 2.004485577e-05
95 0.014779 0.004804 -0.002292 8.452865 2.716275 -1.341079 0.000000 0.000000 0.000000 0.998203 1 4.321336746e-07 2.020411193e-05
95 0.014814 0.004811 -0.002302 8.452865 2.716275 -1.341079 0.000000 0.000000 0.000000 0.998194 1 4.000030458e-07 2.005696297e-05
95 0.014852 0.004819 -0.002311 8.452865 2.716275 -1.341079 0.000000 0.000000 0.000000 0.998187 1 4.009343684e-07 2.005207352e-05
96 0.014862 0.004737 -0.002382 8.598380 2.594508 -1.500683 0.000000 0.000000 0.000000 0.998224 1 4.409812391e-07 2.027698793e-05
96 0.014894 0.004728 -0.002404 8.598380 2.594508 -1.500683 0.000000 0.000000 0.000000 0.998226 1 7.499475032e-07 2.106698230e-05
96 0.014915 0.004716 -0.002423 8.598380 2.594508 -1.500683 0.000000 0.000000 0.000000 0.998245 1 4.789326340e-07 2.015498467e-05
96 0.014919 0.004701 -0.002437 8.598380 2.594508 -1.500683 0.000000 0.000000 0.000000 0.998269 1 4.270114005e-07 2.020807005e-05
96 0.014910 0.004683 -0.002448 8.598380 2.594508 -1.500683 0.000000 0.000000 0.000000 0.998287 1 4.339963198e-07 2.011796460e-05
96 0.014892 0.004663 -0.002457 8.598380 2.594508 -1.500683 0.000000 0.000000 0.000000 0.998297 1 4.400499165e-07 2.018688247e-05
96 0.014871 0.004644 -0.002464 8.598380 2.594508 -1.500683 0.000000 0.000000 0.000000 0.998301 1 1.124106348e-06 2.350518480e-05
96 0.014851 0.004626 -0.002471 8.598380 2.594508 -1.500683 0.000000 0.000000 0.000000 0.998300 1 4.079192877e-07 2.002785914e-05
96 0.014834 0.004609 -0.002477 8.598380 2.594508 -1.500683 0.000000 0.000000 0.000000 0.998296 1 4.931353033e-07 2.022809349e-05
96 0.014822 0.004596 -0.002484 8.598380 2.594508 -1.500683 0.000000 0.000000 0.000000 0.998290 1 4.030298442e-07 2.024392597e-05
96 0.014815 0.004584 -0.002491 8.598380 2.594508 -1.500683 0.000000 0.000000 0.000000 0.998284 1 4.800967872e-07 2.010911703e-05
96 0.014812 0.004574 -0.002497 8.598380 2.594508 -1.500683 0.000000 0.000000 0.000000 0.998279 1 4.351604730e-07 2.010399476e-05
96 0.014813 0.004567 -0.002504 8.598380 2.594508 -1.500683 0.000000 0.000000 0.000000 0.998273 1 4.000030458e-07 1.995218918e-05
96 0.014818 0.004561 -0.002511 8.598380 2.594508 -1.500683 0.000000 0.000000 0.000000 0.998267 1 8.030328900e-07 2.052681521e-05
96 0.014827 0.004557 -0.002519 8.598380 2.594508 -1.500683 0.000000 0.000000 0.000000 0.998259 1 4.060566425e-07 2.019107342e-05
96 0.014841 0.004554 -0.002526 8.598380 2.594508 -1.500683 0.000000 0.000000 0.000000 0.998252 1 5.119945854e-07 2.021994442e-05
96 0.014858 0.004554 -0.002534 8.598380 2.594508 -1.500683 0.000000 0.000000 0.000000 0.998245 1 3.830064088e-07 2.021901309e-05
96 0.014877 0.004554 -0.002542 8.598380 2.594508 -1.500683 0.000000 0.000000 0.000000 0.998241 1 4.000030458e-07 2.009584568e-05
96 0.014896 0.004555 -0.002550 8.598380 2.594508 -1.500683 0.000000 0.000000 0.000000 0.998241 1 6.710179150e-07 2.657785080e-05
96 0.014912 0.004555 -0.002556 8.598380 2.594508 -1.500683 0.000000 0.000000 0.000000 0.998246 1 3.809109330e-07 2.016499639e-05
97 0.014898 0.004473 -0.002627 8.728696 2.491339 -1.658854 0.000000 0.000000 0.000000 0.998287 1 5.480833352e-07 2.023414709e-05
97 0.014899 0.004457 -0.002643 8.728696 2.491339 -1.658854 0.000000 0.000000 0.000000 0.998297 1 4.100147635e-07 2.017710358e-05
97 0.014890 0.004438 -0.002655 8.728696 2.491339 -1.658854 0.000000 0.000000 0.000000 0.998316 1 4.479661584e-07 2.032192424e-05
97 0.014867 0.004417 -0.002665 8.728696 2.491339 -1.658854 0.000000 0.000000 0.000000 0.998337 1 9.958166629e-07 2.353102900e-05
97 0.014833 0.004394 -0.002671 8.728696 2.491339 -1.658854 0.000000 0.000000 0.000000 0.998355 1 4.519242793e-07 2.025114372e-05
97 0.014792 0.004370 -0.002674 8.728696 2.491339 -1.658854 0.000000 0.000000 0.000000 0.998367 1 5.378387868e-07 2.037407830e-05
97 0.014748 0.004346 -0.002676 8.728696 2.491339 -1.658854 0.000000 0.000000 0.000000 0.998373 1 4.470348358e-07 2.014404163e-05
97 0.014706 0.004324 -0.002678 8.728696 2.491339 -1.658854 0.000000 0.000000 0.000000 0.998373 1 3.089662641e-07 1.132092439e-05
97 0.014668 0.004303 -0.002680 8.728696 2.491339 -1.658854 0.000000 0.000000 0.000000 0.998370 1 2.218876034e-07 1.007108949e-05
97 0.014636 0.004285 -0.002682 8.728696 2.491339 -1.658854 0.000000 0.000000 0.000000 0.998364 1 3.380700946e-07 1.662690192e-05
97 0.014611 0.004270 -0.002685 8.728696 2.491339 -1.658854 0.000000 0.000000 0.000000 0.998357 1 5.608890206e-07 1.505715773e-05
97 0.014593 0.004257 -0.002689 8.728696 2.491339 -1.658854 0.000000 0.000000 0.000000 0.998349 1 3.399327397e-07 1.657195389e-05
97 0.014582 0.004247 -0.002693 8.728696 2.491339 -1.658854 0.000000 0.000000 0.000000 0.998339 1 4.081521183e-07 2.026790753e-05
97 0.014580 0.004240 -0.002699 8.728696 2.491339 -1.658854 0.000000 0.000000 0.000000 0.998328 1 4.540197551e-07 2.009002492e-05
97 0.014586 0.004235 -0.002705 8.728696 2.491339 -1.658854 0.000000 0.000000 0.000000 0.998315 1 4.139728844e-07 1.999200322e-05
97 0.014600 0.004234 -0.002713 8.728696 2.491339 -1.658854 0.000000 0.000000 0.000000 0.998301 1 8.710194379e-07 2.105790190e-05
97 0.014623 0.004235 -0.002722 8.728696 2.491339 -1.658854 0.000000 0.000000 0.000000 0.998287 1 4.158355296e-07 2.024602145e-05
97 0.014653 0.004239 -0.002732 8.728696 2.491339 -1.658854 0.000000 0.000000 0.000000 0.998275 1 5.818437785e-07 2.025999129e-05
97 0.014688 0.004245 -0.002743 8.728696 2.491339 -1.658854 0.000000 0.000000 0.000000 0.998266 1 4.509929568e-07 2.021295950e-05
97 0.014725 0.004251 -0.002754 8.728696 2.491339 -1.658854 0.000000 0.000000 0.000000 0.998259 1 4.121102393e-07 2.010515891e-05
98 0.014732 0.004160 -0.002830 8.857520 2.346236 -1.827700 0.000000 0.000000 0.000000 0.998291 1 1.179985702e-06 2.431496978e-05
98 0.014763 0.004148 -0.002852 8.857520 2.346236 -1.827700 0.000000 0.000000 0.000000 0.998293 1 4.169996828e-07 2.017198130e-05
98 0.014785 0.004136 -0.002872 8.857520 2.346236 -1.827700 0.000000 0.000000 0.000000 0.998311 1 5.511101335e-07 2.027791925e-05
98 0.014790 0.004120 -0.002886 8.857520 2.346236 -1.827700 0.000000 0.000000 0.000000 0.998332 1 3.088032827e-06 2.276897430e-05
98 0.014782 0.004103 -0.002897 8.857520 2.346236 -1.827700 0.000000 0.000000 0.000000 0.998349 1 4.330649972e-07 2.007186413e-05
98 0.014766 0.004084 -0.002906 8.857520 2.346236 -1.827700 0.000000 0.000000 0.000000 0.998359 1 4.009343684e-07 2.046395093e-05
98 0.014747 0.004066 -0.002913 8.857520 2.346236 -1.827700 0.000000 0.000000 0.000000 0.998362 1 4.840549082e-07 2.023903653e-05
98 0.014729 0.004049 -0.002919 8.857520 2.346236 -1.827700 0.000000 0.000000 0.000000 0.998360 1 6.000045687e-07 2.024881542e-05
98 0.014715 0.004034 -0.002926 8.857520 2.346236 -1.827700 0.000000 0.000000 0.000000 0.998355 1 4.270114005e-07 2.016010694e-05
98 0.014707 0.004021 -0.002932 8.857520 2.346236 -1.827700 0.000000 0.000000 0.000000 0.998349 1 4.488974810e-07 2.017198130e-05
98 0.014703 0.004010 -0.002939 8.857520 2.346236 -1.827700 0.000000 0.000000 0.000000 0.998343 1 4.321336746e-07 2.009118907e-05
98 0.014703 0.004001 -0.002947 8.857520 2.346236 -1.827700 0.000000 0.000000 0.000000 0.998338 1 4.409812391e-07 2.008397132e-05
98 0.014707 0.003994 -0.002954 8.857520 2.346236 -1.827700 0.000000 0.000000 0.000000 0.998331 1 7.930211723e-07 2.148584463e-05
98 0.014715 0.003989 -0.002962 8.857520 2.346236 -1.827700 0.000000 0.000000 0.000000 0.998324 1 4.689209163e-07 2.044811845e-05
98 0.014728 0.003985 -0.002970 8.857520 2.346236 -1.827700 0.000000 0.000000 0.000000 0.998317 1 4.360917956e-07 2.017896622e-05
98 0.014744 0.003983 -0.002979 8.857520 2.346236 -1.827700 0.000000 0.000000 0.000000 0.998310 1 4.100147635e-07 2.006208524e-05
98 0.014764 0.003983 -0.002988 8.857520 2.346236 -1.827700 0.000000 0.000000 0.000000 0.998303 1 4.079192877e-07 2.002203837e-05
98 0.014787 0.003983 -0.002997 8.857520 2.346236 -1.827700 0.000000 0.000000 0.000000 0.998299 1 1.008855179e-06 2.312497236e-05
98 0.014809 0.003984 -0.003006 8.857520 2.346236 -1.827700 0.000000 0.000000 0.000000 0.998299 1 4.300381988e-07 2.030492760e-05
98 0.014827 0.003984 -0.003014 8.857520 2.346236 -1.827700 0.000000 0.000000 0.000000 0.998303 1 4.810281098e-07 2.019596286e-05
99 0.014812 0.003893 -0.003091 8.969194 2.221816 -1.994508 0.000000 0.000000 0.000000 0.998339 1 4.139728844e-07 2.010911703e-05
99 0.014816 0.003877 -0.003107 8.969194 2.221816 -1.994508 0.000000 0.000000 0.000000 0.998349 1 4.509929568e-07 2.012588084e-05
99 0.014809 0.003859 -0.003120 8.969194 2.221816 -1.994508 0.000000 0.000000 0.000000 0.998366 1 4.391185939e-07 1.914915629e-05
99 0.014789 0.003840 -0.003129 8.969194 2.221816 -1.994508 0.000000 0.000000 0.000000 0.998386 1 4.689209163e-07 2.027489245e-05
99 0.014758 0.003818 -0.003134 8.969194 2.221816 -1.994508 0.000000 0.000000 0.000000 0.998403 1 6.710179150e-07 2.061412670e-05
99 0.014719 0.003796 -0.003137 8.969194 2.221816 -1.994508 0.000000 0.000000 0.000000 0.998415 1 4.179310054e-07 2.023088746e-05
99 0.014678 0.003775 -0.003138 8.969194 2.221816 -1.994508 0.000000 0.000000 0.000000 0.998421 1 4.509929568e-07 2.025999129e-05
99 0.014638 0.003754 -0.003139 8.969194 2.221816 -1.994508 0.000000 0.000000 0.000000 0.998422 1 4.139728844e-07 2.017500810e-05
99 0.014602 0.003735 -0.003140 8.969194 2.221816 -1.994508 0.000000 0.000000 0.000000 0.998419 1 4.281755537e-07 2.012006007e-05
99 0.014572 0.003719 -0.003142 8.969194 2.221816 -1.994508 0.000000 0.000000 0.000000 0.998413 1 8.409842849e-07 2.110912465e-05
99 0.014548 0.003705 -0.003144 8.969194 2.221816 -1.994508 0.000000 0.000000 0.000000 0.998406 1 4.020985216e-07 2.046395093e-05
99 0.014532 0.003693 -0.003147 8.969194 2.221816 -1.994508 0.000000 0.000000 0.000000 0.998399 1 4.039611667e-07 2.004415728e-05
99 0.014522 0.003683 -0.003152 8.969194 2.221816 -1.994508 0.000000 0.000000 0.000000 0.998390 1 4.400499165e-07 2.021505497e-05
99 0.014520 0.003676 -0.003157 8.969194 2.221816 -1.994508 0.000000 0.000000 0.000000 0.998379 1 4.561152309e-07 2.016383223e-05
99 0.014526 0.003671 -0.003164 8.969194 2.221816 -1.994508 0.000000 0.000000 0.000000 0.998366 1 9.560026228e-07 2.340995707e-05
99 0.014541 0.003670 -0.003172 8.969194 2.221816 -1.994508 0.000000 0.000000 0.000000 0.998353 1 4.719477147e-07 2.022902481e-05
99 0.014564 0.003670 -0.003182 8.969194 2.221816 -1.994508 0.000000 0.000000 0.000000 0.998340 1 6.351619959e-07 2.030516043e-05
99 0.014593 0.003672 -0.003193 8.969194 2.221816 -1.994508 0.000000 0.000000 0.000000 0.998328 1 4.300381988e-07 1.997803338e-05
99 0.014628 0.003677 -0.003205 8.969194 2.221816 -1.994508 0.000000 0.000000 0.000000 0.998320 1 4.661269486e-07 2.005300485e-05
99 0.014664 0.003682 -0.003217 8.969194 2.221816 -1.994508 0.000000 0.000000 0.000000 0.998314 1 4.100147635e-07 2.027419396e-05
100 0.014667 0.003578 -0.003300 9.075675 2.055321 -2.171528 0.000000 0.000000 0.000000 0.998340 1 4.330649972e-07 2.025999129e-05
100 0.014698 0.003565 -0.003324 9.075675 2.055321 -2.171528 0.000000 0.000000 0.000000 0.998342 1 5.199108273e-07 2.014799975e-05
100 0.014718 0.003552 -0.003343 9.075675 2.055321 -2.171528 0.000000 0.000000 0.000000 0.998360 1 4.300381988e-07 2.209492959e-05
100 0.014722 0.003536 -0.003358 9.075675 2.055321 -2.171528 0.000000 0.000000 0.000000 0.998382 1 4.139728844e-07 2.007395960e-05
100 0.014713 0.003518 -0.003369 9.075675 2.055321 -2.171528 0.000000 0.000000 0.000000 0.998399 1 4.179310054e-07 2.023507841e-05
100 0.014695 0.003500 -0.003376 9.075675 2.055321 -2.171528 0.000000 0.000000 0.000000 0.998409 1 4.421453923e-07 2.013100311e-05
100 0.014673 0.003482 -0.003382 9.075675 2.055321 -2.171528 0.000000 0.000000 0.000000 0.998413 1 4.530884326e-07 1.201312989e-05
100 0.014653 0.003465 -0.003387 9.075675 2.055321 -2.171528 0.000000 0.000000 0.000000 0.998412 1 2.740416676e-07 1.333979890e-05
100 0.014636 0.003450 -0.003392 9.075675 2.055321 -2.171528 0.000000 0.000000 0.000000 0.998408 1 4.291068763e-07 1.998408698e-05
100 0.014623 0.003437 -0.003397 9.075675 2.055321 -2.171528 0.000000 0.000000 0.000000 0.998403 1 4.391185939e-07 2.019898966e-05
100 0.014615 0.003425 -0.003403 9.075675 2.055321 -2.171528 0.000000 0.000000 0.000000 0.998398 1 4.160683602e-07 2.021621913e-05
100 0.014611 0.003415 -0.003409 9.075675 2.055321 -2.171528 0.000000 0.000000 0.000000 0.998393 1 1.007923856e-06 2.310681157e-05
100 0.014611 0.003407 -0.003416 9.075675 2.055321 -2.171528 0.000000 0.000000 0.000000 0.998388 1 4.079192877e-07 2.011284232e-05
100 0.014615 0.003401 -0.003423 9.075675 2.055321 -2.171528 0.000000 0.000000 0.000000 0.998381 1 4.339963198e-07 2.007116564e-05
100 0.014624 0.003395 -0.003431 9.075675 2.055321 -2.171528 0.000000 0.000000 0.000000 0.998375 1 5.259644240e-07 2.027000301e-05
100 0.014636 0.003392 -0.003439 9.075675 2.055321 -2.171528 0.000000 0.000000 0.000000 0.998368 1 4.118774086e-07 1.997104846e-05
100 0.014652 0.003389 -0.003448 9.075675 2.055321 -2.171528 0.000000 0.000000 0.000000 0.998362 1 4.339963198e-07 2.054707147e-05
100 0.014670 0.003388 -0.003456 9.075675 2.055321 -2.171528 0.000000 0.000000 0.000000 0.998359 1 4.020985216e-07 2.663116902e-05
100 0.014687 0.003387 -0.003465 9.075675 2.055321 -2.171528 0.000000 0.000000 0.000000 0.998359 1 6.910413504e-07 2.053100616e-05
100 0.014702 0.003386 -0.003472 9.075675 2.055321 -2.171528 0.000000 0.000000 0.000000 0.998363 1 4.339963198e-07 2.001482062e-05
101 0.014679 0.003282 -0.003558 9.163197 1.910284 -2.346139 0.000000 0.000000 0.000000 0.998394 1 6.400514394e-07 2.018199302e-05
101 0.014679 0.003265 -0.003573 9.163197 1.910284 -2.346139 0.000000 0.000000 0.000000 0.998404 1 3.990717232e-07 2.010795288e-05
101 0.014668 0.003247 -0.003585 9.163197 1.910284 -2.346139 0.000000 0.000000 0.000000 0.998421 1 4.139728844e-07 2.018315718e-05
101 0.014645 0.003228 -0.003592 9.163197 1.910284 -2.346139 0.000000 0.000000 0.000000 0.998440 1 7.408671081e-07 2.119690180e-05
101 0.014611 0.003207 -0.003595 9.163197 1.910284 -2.346139 0.000000 0.000000 0.000000 0.998457 1 4.721805453e-07 2.024206333e-05
101 0.014570 0.003186 -0.003596 9.163197 1.910284 -2.346139 0.000000 0.000000 0.000000 0.998468 1 4.980247468e-07 2.022995614e-05
101 0.014527 0.003166 -0.003595 9.163197 1.910284 -2.346139 0.000000 0.000000 0.000000 0.998473 1 4.060566425e-07 2.020108514e-05
101 0.014485 0.003147 -0.003594 9.163197 1.910284 -2.346139 0.000000 0.000000 0.000000 0.998474 1 4.570465535e-07 2.021715045e-05
101 0.014448 0.003129 -0.003593 9.163197 1.910284 -2.346139 0.000000 0.000000 0.000000 0.998470 1 7.001217455e-07 2.181390300e-05
101 0.014417 0.003114 -0.003594 9.163197 1.910284 -2.346139 0.000000 0.000000 0.000000 0.998465 1 4.540197551e-07 2.017593943e-05
101 0.014393 0.003100 -0.003595 9.163197 1.910284 -2.346139 0.000000 0.000000 0.000000 0.998458 1 8.728820831e-07 2.824491821e-05
101 0.014375 0.003089 -0.003597 9.163197 1.910284 -2.346139 0.000000 0.000000 0.000000 0.998451 1 8.100178093e-07 2.798996866e-05
101 0.014365 0.003080 -0.003601 9.163197 1.910284 -2.346139 0.000000 0.000000 0.000000 0.998441 1 7.611233741e-07 2.825516276e-05
101 0.014363 0.003073 -0.003607 9.163197 1.910284 -2.346139 0.000000 0.000000 0.000000 0.998430 1 4.160683602e-07 2.644304186e-05
101 0.014369 0.003068 -0.003614 9.163197 1.910284 -2.346139 0.000000 0.000000 0.000000 0.998418 1 8.731149137e-07 2.843979746e-05
101 0.014384 0.003066 -0.003622 9.163197 1.910284 -2.346139 0.000000 0.000000 0.000000 0.998405 1 2.388842404e-07 8.976086974e-06
101 0.014407 0.003065 -0.003633 9.163197 1.910284 -2.346139 0.000000 0.000000 0.000000 0.998392 1 2.370215952e-07 8.882023394e-06
101 0.014436 0.003067 -0.003645 9.163197 1.910284 -2.346139 0.000000 0.000000 0.000000 0.998381 1 9.071081877e-07 2.863584086e-05
101 0.014471 0.003069 -0.003658 9.163197 1.910284 -2.346139 0.000000 0.000000 0.000000 0.998372 1 7.720664144e-07 2.832501195e-05
101 0.014508 0.003073 -0.003671 9.163197 1.910284 -2.346139 0.000000 0.000000 0.000000 0.998365 1 7.997732610e-07 3.096996807e-05
102 0.014507 0.002956 -0.003766 9.242011 1.725886 -2.529904 0.000000 0.000000 0.000000 0.998386 1 9.469222277e-07 2.857809886e-05
102 0.014539 0.002943 -0.003791 9.242011 1.725886 -2.529904 0.000000 0.000000 0.000000 0.998387 1 7.390044630e-07 2.856692299e-05
102 0.014561 0.002929 -0.003811 9.242011 1.725886 -2.529904 0.000000 0.000000 0.000000 0.998405 1 6.679911166e-07 2.032518387e-05
102 0.014566 0.002914 -0.003826 9.242011 1.725886 -2.529904 0.000000 0.000000 0.000000 0.998426 1 4.400499165e-07 2.027698793e-05
102 0.014558 0.002897 -0.003836 9.242011 1.725886 -2.529904 0.000000 0.000000 0.000000 0.998443 1 4.731118679e-07 3.160093911e-05
102 0.014540 0.002880 -0.003843 9.242011 1.725886 -2.529904 0.000000 0.000000 0.000000 0.998453 1 1.055188477e-06 2.359808423e-05
102 0.014520 0.002864 -0.003848 9.242011 1.725886 -2.529904 0.000000 0.000000 0.000000 0.998456 1 4.661269486e-07 2.020294778e-05
102 0.014501 0.002849 -0.003852 9.242011 1.725886 -2.529904 0.000000 0.000000 0.000000 0.998455 1 4.749745131e-07 2.036616206e-05
102 0.014485 0.002835 -0.003857 9.242011 1.725886 -2.529904 0.000000 0.000000 0.000000 0.998451 1 5.010515451e-07 2.021598630e-05
102 0.014474 0.002823 -0.003862 9.242011 1.725886 -2.529904 0.000000 0.000000 0.000000 0.998446 1 4.379544407e-07 2.016988583e-05
102 0.014468 0.002812 -0.003868 9.242011 1.725886 -2.529904 0.000000 0.000000 0.000000 0.998440 1 4.139728844e-07 1.991796307e-05
102 0.014465 0.002804 -0.003875 9.242011 1.725886 -2.529904 0.000000 0.000000 0.000000 0.998435 1 4.768371582e-07 2.032099292e-05
102 0.014467 0.002796 -0.003882 9.242011 1.725886 -2.529904 0.000000 0.000000 0.000000 0.998430 1 6.980262697e-07 2.046604641e-05
102 0.014473 0.002790 -0.003890 9.242011 1.725886 -2.529904 0.000000 0.000000 0.000000 0.998423 1 4.109460860e-07 2.026814036e-05
102 0.014484 0.002785 -0.003898 9.242011 1.725886 -2.529904 0.000000 0.000000 0.000000 0.998416 1 7.948838174e-07 2.811709419e-05
102 0.014498 0.002782 -0.003907 9.242011 1.725886 -2.529904 0.000000 0.000000 0.000000 0.998409 1 7.359776646e-07 2.811709419e-05
102 0.014516 0.002779 -0.003917 9.242011 1.725886 -2.529904 0.000000 0.000000 0.000000 0.998403 1 4.458706826e-07 2.176384442e-05
102 0.014536 0.002778 -0.003927 9.242011 1.725886 -2.529904 0.000000 0.000000 0.000000 0.998400 1 5.341134965e-07 2.014311031e-05
102 0.014556 0.002777 -0.003936 9.242011 1.725886 -2.529904 0.000000 0.000000 0.000000 0.998400 1 4.619359970e-07 2.018315718e-05
102 0.014573 0.002775 -0.003944 9.242011 1.725886 -2.529904 0.000000 0.000000 0.000000 0.998404 1 4.640314728e-07 2.018106170e-05
103 0.014547 0.002656 -0.004045 9.300776 1.563782 -2.710835 0.000000 0.000000 0.000000 0.998429 1 1.150183380e-07 4.949979484e-06
103 0.014549 0.002640 -0.004061 9.300776 1.563782 -2.710835 0.000000 0.000000 0.000000 0.998437 1 7.499475032e-07 2.795108594e-05
103 0.014542 0.002624 -0.004073 9.300776 1.563782 -2.710835 0.000000 0.000000 0.000000 0.998453 1 1.921784133e-06 8.592801169e-05
103 0.014523 0.002607 -0.004080 9.300776 1.563782 -2.710835 0.000000 0.000000 0.000000 0.998471 1 4.591420293e-07 2.015195787e-05
103 0.014493 0.002590 -0.004083 9.300776 1.563782 -2.710835 0.000000 0.000000 0.000000 0.998486 1 3.611203283e-07 1.767510548e-05
103 0.014457 0.002572 -0.004083 9.300776 1.563782 -2.710835 0.000000 0.000000 0.000000 0.998496 1 4.158355296e-07 2.031703480e-05
103 0.014419 0.002555 -0.004082 9.300776 1.563782 -2.710835 0.000000 0.000000 0.000000 0.998501 1 4.789326340e-07 2.014683560e-05
103 0.014382 0.002538 -0.004081 9.300776 1.563782 -2.710835 0.000000 0.000000 0.000000 0.998501 1 4.430767149e-07 2.020807005e-05
103 0.014350 0.002524 -0.004080 9.300776 1.563782 -2.710835 0.000000 0.000000 0.000000 0.998497 1 4.030298442e-07 2.007884905e-05
103 0.014324 0.002511 -0.004080 9.300776 1.563782 -2.710835 0.000000 0.000000 0.000000 0.998491 1 8.910428733e-07 2.222089097e-05
103 0.014304 0.002500 -0.004082 9.300776 1.563782 -2.710835 0.000000 0.000000 0.000000 0.998485 1 4.719477147e-07 2.011586912e-05
103 0.014290 0.002490 -0.004084 9.300776 1.563782 -2.710835 0.000000 0.000000 0.000000 0.998477 1 4.828907549e-07 2.028397284e-05
103 0.014284 0.002482 -0.004089 9.300776 1.563782 -2.710835 0.000000 0.000000 0.000000 0.998468 1 4.079192877e-07 2.006022260e-05
103 0.014285 0.002476 -0.004095 9.300776 1.563782 -2.710835 0.000000 0.000000 0.000000 0.998458 1 4.719477147e-07 2.024788409e-05
103 0.014295 0.002472 -0.004103 9.300776 1.563782 -2.710835 0.000000 0.000000 0.000000 0.998446 1 8.458737284e-07 2.099294215e-05
103 0.014312 0.002470 -0.004113 9.300776 1.563782 -2.710835 0.000000 0.000000 0.000000 0.998433 1 4.139728844e-07 2.014404163e-05
103 0.014337 0.002469 -0.004125 9.300776 1.563782 -2.710835 0.000000 0.000000 0.000000 0.998420 1 7.238704711e-07 2.701696940e-05
103 0.014369 0.002470 -0.004138 9.300776 1.563782 -2.710835 0.000000 0.000000 0.000000 0.998409 1 4.009343684e-07 2.009188756e-05
103 0.014406 0.002472 -0.004153 9.300776 1.563782 -2.710835 0.000000 0.000000 0.000000 0.998400 1 4.048924893e-07 2.036383376e-05
103 0.014445 0.002475 -0.004168 9.300776 1.563782 -2.710835 0.000000 0.000000 0.000000 0.998394 1 9.760260582e-07 2.304301597e-05
104 0.014439 0.002337 -0.004282 9.347676 1.364101 -2.900078 0.000000 0.000000 0.000000 0.998408 1 4.868488759e-07 2.055801451e-05
104 0.014473 0.002324 -0.004308 9.347676 1.364101 -2.900078 0.000000 0.000000 0.000000 0.998410 1 4.400499165e-07 2.032704651e-05
104 0.014497 0.002311 -0.004329 9.347676 1.364101 -2.900078 0.000000 0.000000 0.000000 0.998427 1 5.371402949e-07 2.058106475e-05
104 0.014505 0.002297 -0.004345 9.347676 1.364101 -2.900078 0.000000 0.000000 0.000000 0.998448 1 4.491303116e-07 2.019503154e-05
104 0.014498 0.002282 -0.004354 9.347676 1.364101 -2.900078 0.000000 0.000000 0.000000 0.998464 1 4.330649972e-07 2.044602297e-05
104 0.014483 0.002267 -0.004361 9.347676 1.364101 -2.900078 0.000000 0.000000 0.000000 0.998474 1 4.030298442e-07 1.993193291e-05
104 0.014464 0.002253 -0.004365 9.347676 1.364101 -2.900078 0.000000 0.000000 0.000000 0.998478 1 6.409827620e-07 4.224199802e-05
104 0.014446 0.002239 -0.004369 9.347676 1.364101 -2.900078 0.000000 0.000000 0.000000 0.998477 1 4.081521183e-07 2.017407678e-05
104 0.014431 0.002227 -0.004373 9.347676 1.364101 -2.900078 0.000000 0.000000 0.000000 0.998473 1 4.509929568e-07 2.018501982e-05
104 0.014421 0.002216 -0.004378 9.347676 1.364101 -2.900078 0.000000 0.000000 0.000000 0.998468 1 4.409812391e-07 2.035684884e-05
104 0.014415 0.002207 -0.004383 9.347676 1.364101 -2.900078 0.000000 0.000000 0.000000 0.998464 1 4.100147635e-07 2.023018897e-05
104 0.014413 0.002198 -0.004389 9.347676 1.364101 -2.900078 0.000000 0.000000 0.000000 0.998459 1 9.459909052e-07 2.118013799e-05
104 0.014414 0.002191 -0.004396 9.347676 1.364101 -2.900078 0.000000 0.000000 0.000000 0.998454 1 4.679895937e-07 2.192799002e-05
104 0.014420 0.002185 -0.004404 9.347676 1.364101 -2.900078 0.000000 0.000000 0.000000 0.998447 1 4.079192877e-07 2.000993118e-05
104 0.014430 0.002181 -0.004412 9.347676 1.364101 -2.900078 0.000000 0.000000 0.000000 0.998441 1 4.470348358e-07 2.029887401e-05
104 0.014443 0.002177 -0.004421 9.347676 1.364101 -2.900078 0.000000 0.000000 0.000000 0.998435 1 7.709022611e-07 2.804701217e-05
104 0.014460 0.002174 -0.004431 9.347676 1.364101 -2.900078 0.000000 0.000000 0.000000 0.998429 1 1.044943929e-06 3.001093864e-05
104 0.014479 0.002172 -0.004441 9.347676 1.364101 -2.900078 0.000000 0.000000 0.000000 0.998426 1 4.868488759e-07 2.025300637e-05
104 0.014497 0.002170 -0.004451 9.347676 1.364101 -2.900078 0.000000 0.000000 0.000000 0.998426 1 7.208436728e-07 2.032006159e-05
104 0.014512 0.002168 -0.004459 9.347676 1.364101 -2.900078 0.000000 0.000000 0.000000 0.998430 1 4.449393600e-07 2.032192424e-05
105 0.014478 0.002027 -0.004585 9.373058 1.192529 -3.084961 0.000000 0.000000 0.000000 0.998450 1 4.910398275e-07 2.016895451e-05
105 0.014479 0.002013 -0.004599 9.373058 1.192529 -3.084961 0.000000 0.000000 0.000000 0.998459 1 4.440080374e-07 2.011703327e-05
105 0.014470 0.001999 -0.004609 9.373058 1.192529 -3.084961 0.000000 0.000000 0.000000 0.998475 1 4.230532795e-07 2.010306343e-05
105 0.014449 0.001984 -0.004614 9.373058 1.192529 -3.084961 0.000000 0.000000 0.000000 0.998493 1 6.768386811e-07 2.070097253e-05
105 0.014418 0.001969 -0.004615 9.373058 1.192529 -3.084961 0.000000 0.000000 0.000000 0.998508 1 4.509929568e-07 2.022203989e-05
105 0.014380 0.001954 -0.004612 9.373058 1.192529 -3.084961 0.000000 0.000000 0.000000 0.998519 1 5.781184882e-07 2.051005140e-05
105 0.014339 0.001939 -0.004608 9.373058 1.192529 -3.084961 0.000000 0.000000 0.000000 0.998524 1 4.400499165e-07 2.030888572e-05
105 0.014300 0.001925 -0.004604 9.373058 1.192529 -3.084961 0.000000 0.000000 0.000000 0.998524 1 7.981434464e-07 3.004400060e-05
105 0.014265 0.001913 -0.004600 9.373058 1.192529 -3.084961 0.000000 0.000000 0.000000 0.998521 1 3.650784492e-07 1.077912748e-05
105 0.014236 0.001901 -0.004598 9.373058 1.192529 -3.084961 0.000000 0.000000 0.000000 0.998516 1 3.101304173e-07 1.218402758e-05
105 0.014214 0.001892 -0.004597 9.373058 1.192529 -3.084961 0.000000 0.000000 0.000000 0.998510 1 5.010515451e-07 2.017314546e-05
105 0.014198 0.001883 -0.004598 9.373058 1.192529 -3.084961 0.000000 0.000000 0.000000 0.998503 1 4.540197551e-07 2.027093433e-05
105 0.014188 0.001876 -0.004601 9.373058 1.192529 -3.084961 0.000000 0.000000 0.000000 0.998494 1 4.468020052e-07 2.162205055e-05
105 0.014187 0.001870 -0.004606 9.373058 1.192529 -3.084961 0.000000 0.000000 0.000000 0.998484 1 1.011881977e-06 2.317503095e-05
105 0.014193 0.001866 -0.004613 9.373058 1.192529 -3.084961 0.000000 0.000000 0.000000 0.998473 1 4.488974810e-07 2.026511356e-05
105 0.014207 0.001863 -0.004622 9.373058 1.192529 -3.084961 0.000000 0.000000 0.000000 0.998461 1 5.089677870e-07 2.022902481e-05
105 0.014229 0.001862 -0.004633 9.373058 1.192529 -3.084961 0.000000 0.000000 0.000000 0.998448 1 4.530884326e-07 2.028583549e-05
105 0.014258 0.001862 -0.004647 9.373058 1.192529 -3.084961 0.000000 0.000000 0.000000 0.998437 1 1.119915396e-07 4.902947694e-06
105 0.014292 0.001862 -0.004661 9.373058 1.192529 -3.084961 0.000000 0.000000 0.000000 0.998429 1 3.438908607e-07 1.665414311e-05
105 0.014328 0.001863 -0.004676 9.373058 1.192529 -3.084961 0.000000 0.000000 0.000000 0.998423 1 7.669441402e-07 2.822489478e-05
106 0.014310 0.001698 -0.004820 9.383895 0.988105 -3.276783 0.000000 0.000000 0.000000 0.998430 1 8.700881153e-07 2.811197191e-05
106 0.014343 0.001687 -0.004845 9.383895 0.988105 -3.276783 0.000000 0.000000 0.000000 0.998432 1 7.338821888e-07 2.799113281e-05
106 0.014365 0.001676 -0.004865 9.383895 0.988105 -3.276783 0.000000 0.000000 0.000000 0.998449 1 7.378403097e-07 2.825190313e-05
106 0.014371 0.001664 -0.004879 9.383895 0.988105 -3.276783 0.000000 0.000000 0.000000 0.998470 1 7.359776646e-07 2.807215787e-05
106 0.014363 0.001651 -0.004887 9.383895 0.988105 -3.276783 0.000000 0.000000 0.000000 0.998486 1 7.378403097e-07 2.806191333e-05
106 0.014347 0.001639 -0.004891 9.383895 0.988105 -3.276783 0.000000 0.000000 0.000000 0.998496 1 9.781215340e-07 2.837483771e-05
106 0.014327 0.001627 -0.004893 9.383895 0.988105 -3.276783 0.000000 0.000000 0.000000 0.998500 1 7.071066648e-07 2.794782631e-05
106 0.014307 0.001616 -0.004895 9.383895 0.988105 -3.276783 0.000000 0.000000 0.000000 0.998499 1 8.121132851e-07 2.806680277e-05
106 0.014291 0.001606 -0.004897 9.383895 0.988105 -3.276783 0.000000 0.000000 0.000000 0.998496 1 7.629860193e-07 2.838880755e-05
106 0.014280 0.001597 -0.004900 9.383895 0.988105 -3.276783 0.000000 0.000000 0.000000 0.998491 1 7.359776646e-07 2.853409387e-05
106 0.014272 0.001589 -0.004904 9.383895 0.988105 -3.276783 0.000000 0.000000 0.000000 0.998486 1 1.111999154e-06 3.060186282e-05
106 0.014269 0.001582 -0.004909 9.383895 0.988105 -3.276783 0.000000 0.000000 0.000000 0.998482 1 7.080379874e-07 2.813898027e-05
106 0.014269 0.001576 -0.004915 9.383895 0.988105 -3.276783 0.000000 0.000000 0.000000 0.998477 1 4.589091986e-07 2.011493780e-05
106 0.014274 0.001571 -0.004922 9.383895 0.988105 -3.276783 0.000000 0.000000 0.000000 0.998471 1 4.169996828e-07 2.658716403e-05
106 0.014282 0.001566 -0.004929 9.383895 0.988105 -3.276783 0.000000 0.000000 0.000000 0.998464 1 8.000060916e-07 2.830894664e-05
106 0.014295 0.001563 -0.004938 9.383895 0.988105 -3.276783 0.000000 0.000000 0.000000 0.998458 1 7.590278983e-07 2.783094533e-05
106 0.014311 0.001560 -0.004948 9.383895 0.988105 -3.276783 0.000000 0.000000 0.000000 0.998452 1 7.050111890e-07 2.786982805e-05
106 0.014328 0.001558 -0.004958 9.383895 0.988105 -3.276783 0.000000 0.000000 0.000000 0.998449 1 9.078066796e-07 2.869009040e-05
106 0.014346 0.001556 -0.004967 9.383895 0.988105 -3.276783 0.000000 0.000000 0.000000 0.998450 1 7.029157132e-07 2.810615115e-05
106 0.014360 0.001554 -0.004976 9.383895 0.988105 -3.276783 0.000000 0.000000 0.000000 0.998454 1 6.039626896e-07 2.038292587e-05
107 0.014313 0.001381 -0.005144 9.373780 0.814054 -3.463433 0.000000 0.000000 0.000000 0.998467 1 4.388857633e-07 2.018688247e-05
107 0.014315 0.001370 -0.005155 9.373780 0.814054 -3.463433 0.000000 0.000000 0.000000 0.998476 1 4.400499165e-07 2.009095624e-05
107 0.014306 0.001360 -0.005163 9.373780 0.814054 -3.463433 0.000000 0.000000 0.000000 0.998492 1 7.769558579e-07 2.080597915e-05
107 0.014286 0.001349 -0.005164 9.373780 0.814054 -3.463433 0.000000 0.000000 0.000000 0.998510 1 4.470348358e-07 2.018595114e-05
107 0.014255 0.001338 -0.005162 9.373780 0.814054 -3.463433 0.000000 0.000000 0.000000 0.998525 1 4.519242793e-07 2.018199302e-05
107 0.014218 0.001327 -0.005156 9.373780 0.814054 -3.463433 0.000000 0.000000 0.000000 0.998535 1 4.069879651e-07 2.020085230e-05
107 0.014178 0.001317 -0.005149 9.373780 0.814054 -3.463433 0.000000 0.000000 0.000000 0.998540 1 5.210749805e-07 2.034194767e-05
107 0.014140 0.001307 -0.005142 9.373780 0.814054 -3.463433 0.000000 0.000000 0.000000 0.998540 1 1.027015969e-06 2.332404256e-05
107 0.014106 0.001298 -0.005136 9.373780 0.814054 -3.463433 0.000000 0.000000 0.000000 0.998537 1 4.009343684e-07 2.019084059e-05
107 0.014078 0.001290 -0.005131 9.373780 0.814054 -3.463433 0.000000 0.000000 0.000000 0.998532 1 7.760245353e-07 2.062297426e-05
107 0.014057 0.001283 -0.005129 9.373780 0.814054 -3.463433 0.000000 0.000000 0.000000 0.998525 1 4.428438842e-07 2.178503200e-05
107 0.014041 0.001277 -0.005128 9.373780 0.814054 -3.463433 0.000000 0.000000 0.000000 0.998518 1 4.020985216e-07 2.029887401e-05
107 0.014033 0.001271 -0.005129 9.373780 0.814054 -3.463433 0.000000 0.000000 0.000000 0.998510 1 4.570465535e-07 2.029119059e-05
107 0.014032 0.001267 -0.005133 9.373780 0.814054 -3.463433 0.000000 0.000000 0.000000 0.998500 1 4.530884326e-07 2.021691762e-05
107 0.014039 0.001264 -0.005140 9.373780 0.814054 -3.463433 0.000000 0.000000 0.000000 0.998489 1 7.350463420e-07 2.053589560e-05
107 0.014054 0.001262 -0.005149 9.373780 0.814054 -3.463433 0.000000 0.000000 0.000000 0.998477 1 4.190951586e-07 2.011307515e-05
107 0.014076 0.001261 -0.005161 9.373780 0.814054 -3.463433 0.000000 0.000000 0.000000 0.998464 1 4.030298442e-07 2.004089765e-05
107 0.014105 0.001260 -0.005174 9.373780 0.814054 -3.463433 0.000000 0.000000 0.000000 0.998453 1 4.451721907e-07 2.002110705e-05
107 0.014139 0.001261 -0.005190 9.373780 0.814054 -3.463433 0.000000 0.000000 0.000000 0.998445 1 4.719477147e-07 2.030702308e-05
107 0.014175 0.001261 -0.005206 9.373780 0.814054 -3.463433 0.000000 0.000000 0.000000 0.998439 1 8.190982044e-07 2.081296407e-05
108 0.014144 0.001052 -0.005402 9.347746 0.611433 -3.655729 0.000000 0.000000 0.000000 0.998440 1 4.330649972e-07 2.022390254e-05
108 0.014178 0.001045 -0.005426 9.347746 0.611433 -3.655729 0.000000 0.000000 0.000000 0.998441 1 4.069879651e-07 2.014916390e-05
108 0.014203 0.001037 -0.005444 9.347746 0.611433 -3.655729 0.000000 0.000000 0.000000 0.998457 1 4.079192877e-07 2.006394789e-05
108 0.014211 0.001029 -0.005456 9.347746 0.611433 -3.655729 0.000000 0.000000 0.000000 0.998477 1 5.059409887e-07 2.028979361e-05
108 0.014207 0.001021 -0.005462 9.347746 0.611433 -3.655729 0.000000 0.000000 0.000000 0.998493 1 1.139938831e-06 2.367212437e-05
108 0.014193 0.001013 -0.005464 9.347746 0.611433 -3.655729 0.000000 0.000000 0.000000 0.998502 1 4.060566425e-07 2.016616054e-05
108 0.014177 0.001006 -0.005464 9.347746 0.611433 -3.655729 0.000000 0.000000 0.000000 0.998505 1 4.880130291e-07 2.023414709e-05
108 0.014161 0.000999 -0.005465 9.347746 0.611433 -3.655729 0.000000 0.000000 0.000000 0.998504 1 4.072207958e-07 2.046488225e-05
108 0.014149 0.000992 -0.005465 9.347746 0.611433 -3.655729 0.000000 0.000000 0.000000 0.998500 1 4.121102393e-07 2.010492608e-05
108 0.014142 0.000987 -0.005468 9.347746 0.611433 -3.655729 0.000000 0.000000 0.000000 0.998495 1 5.480833352e-07 2.038083039e-05
108 0.014138 0.000982 -0.005471 9.347746 0.611433 -3.655729 0.000000 0.000000 0.000000 0.998489 1 4.339963198e-07 1.998804510e-05
108 0.014139 0.000977 -0.005476 9.347746 0.611433 -3.655729 0.000000 0.000000 0.000000 0.998485 1 6.889458746e-07 2.046884038e-05
108 0.014143 0.000974 -0.005482 9.347746 0.611433 -3.655729 0.000000 0.000000 0.000000 0.998479 1 4.728790373e-07 2.023205161e-05
108 0.014152 0.000971 -0.005489 9.347746 0.611433 -3.655729 0.000000 0.000000 0.000000 0.998473 1 3.511086106e-07 1.359684393e-05
108 0.014164 0.000968 -0.005497 9.347746 0.611433 -3.655729 0.000000 0.000000 0.000000 0.998466 1 2.889428288e-07 1.412886195e-05
108 0.014180 0.000966 -0.005507 9.347746 0.611433 -3.655729 0.000000 0.000000 0.000000 0.998459 1 2.509914339e-07 1.120008528e-05
108 0.014199 0.000964 -0.005517 9.347746 0.611433 -3.655729 0.000000 0.000000 0.000000 0.998454 1 9.790528566e-07 2.107908949e-05
108 0.014220 0.000963 -0.005528 9.347746 0.611433 -3.655729 0.000000 0.000000 0.000000 0.998450 1 4.949979484e-07 2.012704499e-05
108 0.014241 0.000962 -0.005539 9.347746 0.611433 -3.655729 0.000000 0.000000 0.000000 0.998451 1 5.569308996e-07 2.025696449e-05
108 0.014258 0.000960 -0.005548 9.347746 0.611433 -3.655729 0.000000 0.000000 0.000000 0.998455 1 4.810281098e-07 2.029212192e-05
109 0.014194 0.000727 -0.005805 9.302180 0.443676 -3.841296 0.000000 0.000000 0.000000 0.998462 1 5.320180207e-07 2.162088640e-05
109 0.014200 0.000724 -0.005812 9.302180 0.443676 -3.841296 0.000000 0.000000 0.000000 0.998470 1 1.138076186e-06 2.473685890e-05
109 0.014197 0.000720 -0.005814 9.302180 0.443676 -3.841296 0.000000 0.000000 0.000000 0.998486 1 5.098991096e-07 2.029584721e-05
109 0.014181 0.000716 -0.005812 9.302180 0.443676 -3.841296 0.000000 0.000000 0.000000 0.998504 1 4.640314728e-07 2.025789581e-05
109 0.014154 0.000711 -0.005804 9.302180 0.443676 -3.841296 0.000000 0.000000 0.000000 0.998519 1 4.370231181e-07 2.027396113e-05
109 0.014121 0.000707 -0.005794 9.302180 0.443676 -3.841296 0.000000 0.000000 0.000000 0.998529 1 4.319008440e-07 2.015079372e-05
109 0.014085 0.000703 -0.005782 9.302180 0.443676 -3.841296 0.000000 0.000000 0.000000 0.998533 1 4.370231181e-07 2.019898966e-05
109 0.014051 0.000699 -0.005770 9.302180 0.443676 -3.841296 0.000000 0.000000 0.000000 0.998534 1 4.519242793e-07 2.022599801e-05
109 0.014021 0.000695 -0.005760 9.302180 0.443676 -3.841296 0.000000 0.000000 0.000000 0.998531 1 7.769558579e-07 4.149484448e-05
109 0.013996 0.000692 -0.005752 9.302180 0.443676 -3.841296 0.000000 0.000000 0.000000 0.998525 1 4.381872714e-07 2.006301656e-05
109 0.013976 0.000689 -0.005746 9.302180 0.443676 -3.841296 0.000000 0.000000 0.000000 0.998519 1 4.398170859e-07 2.166396007e-05
109 0.013963 0.000687 -0.005743 9.302180 0.443676 -3.841296 0.000000 0.000000 0.000000 0.998513 1 3.990717232e-07 2.016406506e-05
109 0.013957 0.000685 -0.005742 9.302180 0.443676 -3.841296 0.000000 0.000000 0.000000 0.998504 1 4.100147635e-07 2.005905844e-05
109 0.013958 0.000683 -0.005744 9.302180 0.443676 -3.841296 0.000000 0.000000 0.000000 0.998494 1 7.979106158e-07 2.057198435e-05
109 0.013966 0.000682 -0.005749 9.302180 0.443676 -3.841296 0.000000 0.000000 0.000000 0.998483 1 4.600733519e-07 2.025812864e-05
109 0.013981 0.000682 -0.005757 9.302180 0.443676 -3.841296 0.000000 0.000000 0.000000 0.998471 1 4.509929568e-07 2.030795440e-05
109 0.014004 0.000682 -0.005767 9.302180 0.443676 -3.841296 0.000000 0.000000 0.000000 0.998459 1 4.421453923e-07 2.016010694e-05
109 0.014034 0.000682 -0.005781 9.302180 0.443676 -3.841296 0.000000 0.000000 0.000000 0.998449 1 4.849862307e-07 2.044416033e-05
109 0.014068 0.000683 -0.005796 9.302180 0.443676 -3.841296 0.000000 0.000000 0.000000 0.998440 1 1.105945557e-06 2.343696542e-05
109 0.014104 0.000684 -0.005812 9.302180 0.443676 -3.841296 0.000000 0.000000 0.000000 0.998434 1 4.740431905e-07 1.996406354e-05
110 0.014044 0.000387 -0.005824 9.240252 0.250758 -3.838944 0.000000 0.000000 0.000000 0.998429 1 5.150213838e-07 2.054800279e-05
110 0.014081 0.000388 -0.005840 9.240252 0.250758 -3.838944 0.000000 0.000000 0.000000 0.998430 1 4.689209163e-07 2.020201646e-05
110 0.014107 0.000388 -0.005852 9.240252 0.250758 -3.838944 0.000000 0.000000 0.000000 0.998447 1 4.011671990e-07 1.988396980e-05
110 0.014118 0.000388 -0.005857 9.240252 0.250758 -3.838944 0.000000 0.000000 0.000000 0.998468 1 4.519242793e-07 2.033100463e-05
110 0.014114 0.000388 -0.005856 9.240252 0.250758 -3.838944 0.000000 0.000000 0.000000 0.998484 1 5.811452866e-07 2.036197111e-05
110 0.014101 0.000387 -0.005851 9.240252 0.250758 -3.838944 0.000000 0.000000 0.000000 0.998494 1 8.461065590e-07 2.233404666e-05
110 0.014085 0.000386 -0.005845 9.240252 0.250758 -3.838944 0.000000 0.000000 0.000000 0.998498 1 4.509929568e-07 2.010003664e-05
110 0.014069 0.000385 -0.005839 9.240252 0.250758 -3.838944 0.000000 0.000000 0.000000 0.998498 1 4.109460860e-07 2.010492608e-05
110 0.014055 0.000385 -0.005834 9.240252 0.250758 -3.838944 0.000000 0.000000 0.000000 0.998495 1 4.540197551e-07 2.023414709e-05
110 0.014046 0.000384 -0.005830 9.240252 0.250758 -3.838944 0.000000 0.000000 0.000000 0.998490 1 4.069879651e-07 2.010283060e-05
110 0.014041 0.000384 -0.005828 9.240252 0.250758 -3.838944 0.000000 0.000000 0.000000 0.998485 1 7.508788258e-07 2.031680197e-05
110 0.014039 0.000384 -0.005828 9.240252 0.250758 -3.838944 0.000000 0.000000 0.000000 0.998481 1 4.768371582e-07 2.013402991e-05
110 0.014040 0.000383 -0.005829 9.240252 0.250758 -3.838944 0.000000 0.000000 0.000000 0.998476 1 4.831235856e-07 2.173800021e-05
110 0.014046 0.000383 -0.005832 9.240252 0.250758 -3.838944 0.000000 0.000000 0.000000 0.998470 1 4.100147635e-07 2.148887143e-05
110 0.014056 0.000383 -0.005836 9.240252 0.250758 -3.838944 0.000000 0.000000 0.000000 0.998464 1 4.449393600e-07 2.002506517e-05
110 0.014069 0.000384 -0.005842 9.240252 0.250758 -3.838944 0.000000 0.000000 0.000000 0.998458 1 9.611248970e-07 2.305489033e-05
110 0.014085 0.000384 -0.005849 9.240252 0.250758 -3.838944 0.000000 0.000000 0.000000 0.998452 1 4.780013114e-07 2.013286576e-05
110 0.014103 0.000384 -0.005856 9.240252 0.250758 -3.838944 0.000000 0.000000 0.000000 0.998449 1 4.160683602e-07 2.017198130e-05
110 0.014120 0.000385 -0.005864 9.240252 0.250758 -3.838944 0.000000 0.000000 0.000000 0.998450 1 4.628673196e-07 2.007884905e-05
110 0.014134 0.000385 -0.005870 9.240252 0.250758 -3.838944 0.000000 0.000000 0.000000 0.998454 1 4.060566425e-07 1.998804510e-05
111 0.014016 -0.000005 -0.006708 9.160909 0.094641 -4.159715 0.000000 0.000000 0.000000 0.998455 1 5.369074643e-07 2.018106170e-05
111 0.014023 0.000007 -0.006685 9.160909 0.094641 -4.159715 0.000000 0.000000 0.000000 0.998464 1 4.461035132e-07 2.002995461e-05
111 0.014021 0.000017 -0.006660 9.160909 0.094641 -4.159715 0.000000 0.000000 0.000000 0.998480 1 5.757901818e-07 2.039386891e-05
111 0.014007 0.000027 -0.006631 9.160909 0.094641 -4.159715 0.000000 0.000000 0.000000 0.998498 1 4.491303116e-07 2.012099139e-05
111 0.013982 0.000036 -0.006599 9.160909 0.094641 -4.159715 0.000000 0.000000 0.000000 0.998513 1 4.030298442e-07 2.009281889e-05
111 0.013950 0.000044 -0.006565 9.160909 0.094641 -4.159715 0.000000 0.000000 0.000000 0.998523 1 4.549510777e-07 2.018385567e-05
111 0.013916 0.000051 -0.006532 9.160909 0.094641 -4.159715 0.000000 0.000000 0.000000 0.998527 1 4.519242793e-07 2.673198469e-05
111 0.013883 0.000058 -0.006501 9.160909 0.094641 -4.159715 0.000000 0.000000 0.000000 0.998527 1 1.011183485e-06 2.281507477e-05
111 0.013854 0.000064 -0.006472 9.160909 0.094641 -4.159715 0.000000 0.000000 0.000000 0.998524 1 4.661269486e-07 2.188282087e-05
111 0.013831 0.000070 -0.006448 9.160909 0.094641 -4.159715 0.000000 0.000000 0.000000 0.998518 1 1.201406121e-07 5.056150258e-06
111 0.013813 0.000076 -0.006427 9.160909 0.094641 -4.159715 0.000000 0.000000 0.000000 0.998512 1 1.098960638e-07 4.934147000e-06
111 0.013802 0.000081 -0.006410 9.160909 0.094641 -4.159715 0.000000 0.000000 0.000000 0.998505 1 1.280568540e-07 4.953937605e-06
111 0.013797 0.000085 -0.006397 9.160909 0.094641 -4.159715 0.000000 0.000000 0.000000 0.998496 1 1.037959009e-06 2.809287980e-05
111 0.013800 0.000090 -0.006388 9.160909 0.094641 -4.159715 0.000000 0.000000 0.000000 0.998486 1 8.109491318e-07 2.820114605e-05
111 0.013810 0.000094 -0.006383 9.160909 0.094641 -4.159715 0.000000 0.000000 0.000000 0.998475 1 7.930211723e-07 2.158991992e-05
111 0.013827 0.000098 -0.006382 9.160909 0.094641 -4.159715 0.000000 0.000000 0.000000 0.998463 1 4.721805453e-07 2.041412517e-05
111 0.013852 0.000102 -0.006385 9.160909 0.094641 -4.159715 0.000000 0.000000 0.000000 0.998450 1 4.121102393e-07 2.018292435e-05
111 0.013883 0.000105 -0.006392 9.160909 0.094641 -4.159715 0.000000 0.000000 0.000000 0.998439 1 4.190951586e-07 2.017198130e-05
111 0.013918 0.000108 -0.006402 9.160909 0.094641 -4.159715 0.000000 0.000000 0.000000 0.998430 1 4.749745131e-07 2.024415880e-05
111 0.013957 0.000111 -0.006413 9.160909 0.094641 -4.159715 0.000000 0.000000 0.000000 0.998424 1 5.462206900e-07 2.043601125e-05
112 0.013813 -0.000438 -0.007062 9.066356 -0.081764 -4.346311 0.000000 0.000000 0.000000 0.998411 1 4.440080374e-07 2.017593943e-05
112 0.013859 -0.000415 -0.007051 9.066356 -0.081764 -4.346311 0.000000 0.000000 0.000000 0.998413 1 5.769543350e-07 2.017407678e-05
112 0.013894 -0.000393 -0.007036 9.066356 -0.081764 -4.346311 0.000000 0.000000 0.000000 0.998429 1 4.169996828e-07 1.994892955e-05
112 0.013913 -0.000372 -0.007016 9.066356 -0.081764 -4.346311 0.000000 0.000000 0.000000 0.998450 1 4.721805453e-07 2.159108408e-05
112 0.013917 -0.000353 -0.006991 9.066356 -0.081764 -4.346311 0.000000 0.000000 0.000000 0.998467 1 9.180512279e-07 2.140505239e-05
112 0.013911 -0.000336 -0.006964 9.066356 -0.081764 -4.346311 0.000000 0.000000 0.000000 0.998477 1 4.880130291e-07 2.029910684e-05
112 0.013901 -0.000319 -0.006936 9.066356 -0.081764 -4.346311 0.000000 0.000000 0.000000 0.998482 1 4.349276423e-07 2.019410022e-05
112 0.013890 -0.000304 -0.006910 9.066356 -0.081764 -4.346311 0.000000 0.000000 0.000000 0.998481 1 4.309695214e-07 2.023577690e-05
112 0.013882 -0.000291 -0.006887 9.066356 -0.081764 -4.346311 0.000000 0.000000 0.000000 0.998479 1 9.941868484e-07 3.320397809e-05
112 0.013877 -0.000278 -0.006867 9.066356 -0.081764 -4.346311 0.000000 0.000000 0.000000 0.998474 1 1.034000888e-06 2.294685692e-05
112 0.013875 -0.000266 -0.006850 9.066356 -0.081764 -4.346311 0.000000 0.000000 0.000000 0.998470 1 4.430767149e-07 2.003507689e-05
112 0.013877 -0.000255 -0.006835 9.066356 -0.081764 -4.346311 0.000000 0.000000 0.000000 0.998466 1 4.468020052e-07 2.000294626e-05
112 0.013881 -0.000245 -0.006823 9.066356 -0.081764 -4.346311 0.000000 0.000000 0.000000 0.998461 1 5.019828677e-07 2.195383422e-05
112 0.013889 -0.000236 -0.006814 9.066356 -0.081764 -4.346311 0.000000 0.000000 0.000000 0.998455 1 4.831235856e-07 2.176710404e-05
112 0.013900 -0.000228 -0.006807 9.066356 -0.081764 -4.346311 0.000000 0.000000 0.000000 0.998449 1 4.500616342e-07 2.017407678e-05
112 0.013915 -0.000220 -0.006803 9.066356 -0.081764 -4.346311 0.000000 0.000000 0.000000 0.998443 1 4.600733519e-07 2.022809349e-05
112 0.013933 -0.000213 -0.006802 9.066356 -0.081764 -4.346311 0.000000 0.000000 0.000000 0.998438 1 6.458722055e-07 2.038781531e-05
112 0.013952 -0.000206 -0.006801 9.066356 -0.081764 -4.346311 0.000000 0.000000 0.000000 0.998435 1 4.549510777e-07 2.024811693e-05
112 0.013970 -0.000200 -0.006801 9.066356 -0.081764 -4.346311 0.000000 0.000000 0.000000 0.998436 1 5.008187145e-07 2.007186413e-05
112 0.013984 -0.000195 -0.006800 9.066356 -0.081764 -4.346311 0.000000 0.000000 0.000000 0.998441 1 4.509929568e-07 2.027116716e-05
113 0.013726 -0.000778 -0.007654 8.957387 -0.219058 -4.524438 0.000000 0.000000 0.000000 0.998434 1 4.048924893e-07 2.009607852e-05
113 0.013746 -0.000745 -0.007608 8.957387 -0.219058 -4.524438 0.000000 0.000000 0.000000 0.998443 1 8.190982044e-07 2.096407115e-05
113 0.013755 -0.000714 -0.007562 8.957387 -0.219058 -4.524438 0.000000 0.000000 0.000000 0.998459 1 4.158355296e-07 2.006487921e-05
113 0.013752 -0.000684 -0.007513 8.957387 -0.219058 -4.524438 0.000000 0.000000 0.000000 0.998476 1 3.620516509e-07 2.263905481e-05
113 0.013739 -0.000657 -0.007463 8.957387 -0.219058 -4.524438 0.000000 0.000000 0.000000 0.998491 1 3.648456186e-07 1.655402593e-05
113 0.013718 -0.000632 -0.007412 8.957387 -0.219058 -4.524438 0.000000 0.000000 0.000000 0.998500 1 4.780013114e-07 2.021109685e-05
113 0.013694 -0.000609 -0.007363 8.957387 -0.219058 -4.524438 0.000000 0.000000 0.000000 0.998504 1 1.001171768e-06 2.425420098e-05
113 0.013672 -0.000587 -0.007317 8.957387 -0.219058 -4.524438 0.000000 0.000000 0.000000 0.998503 1 4.011671990e-07 2.017198130e-05
113 0.013653 -0.000567 -0.007276 8.957387 -0.219058 -4.524438 0.000000 0.000000 0.000000 0.998500 1 5.441252142e-07 2.013379708e-05
113 0.013638 -0.000549 -0.007240 8.957387 -0.219058 -4.524438 0.000000 0.000000 0.000000 0.998494 1 4.409812391e-07 2.001319081e-05
113 0.013630 -0.000532 -0.007208 8.957387 -0.219058 -4.524438 0.000000 0.000000 0.000000 0.998487 1 4.761386663e-07 2.008187585e-05
113 0.013626 -0.000517 -0.007182 8.957387 -0.219058 -4.524438 0.000000 0.000000 0.000000 0.998480 1 5.029141903e-07 2.020807005e-05
113 0.013629 -0.000503 -0.007160 8.957387 -0.219058 -4.524438 0.000000 0.000000 0.000000 0.998471 1 5.688052624e-07 2.022692934e-05
113 0.013639 -0.000490 -0.007144 8.957387 -0.219058 -4.524438 0.000000 0.000000 0.000000 0.998460 1 4.700850695e-07 2.012401819e-05
113 0.013655 -0.000478 -0.007132 8.957387 -0.219058 -4.524438 0.000000 0.000000 0.000000 0.998449 1 5.220063031e-07 2.023694105e-05
113 0.013678 -0.000468 -0.007126 8.957387 -0.219058 -4.524438 0.000000 0.000000 0.000000 0.998436 1 5.050096661e-07 2.031913027e-05
113 0.013708 -0.000458 -0.007125 8.957387 -0.219058 -4.524438 0.000000 0.000000 0.000000 0.998423 1 4.880130291e-07 2.020807005e-05
113 0.013745 -0.000450 -0.007127 8.957387 -0.219058 -4.524438 0.000000 0.000000 0.000000 0.998412 1 4.761386663e-07 2.019898966e-05
113 0.013785 -0.000442 -0.007134 8.957387 -0.219058 -4.524438 0.000000 0.000000 0.000000 0.998403 1 7.229391485e-07 2.107606269e-05
113 0.013828 -0.000435 -0.007142 8.957387 -0.219058 -4.524438 0.000000 0.000000 0.000000 0.998396 1 4.509929568e-07 2.017198130e-05
114 0.013568 -0.001018 -0.007908 8.835104 -0.375363 -4.705301 0.000000 0.000000 0.000000 0.998376 1 6.479676813e-07 2.039899118e-05
114 0.013629 -0.000987 -0.007888 8.835104 -0.375363 -4.705301 0.000000 0.000000 0.000000 0.998377 1 5.420297384e-07 2.043182030e-05
114 0.013678 -0.000957 -0.007865 8.835104 -0.375363 -4.705301 0.000000 0.000000 0.000000 0.998394 1 4.367902875e-07 2.017221414e-05
114 0.013709 -0.000930 -0.007837 8.835104 -0.375363 -4.705301 0.000000 0.000000 0.000000 0.998416 1 9.720679373e-07 2.312893048e-05
114 0.013724 -0.000904 -0.007804 8.835104 -0.375363 -4.705301 0.000000 0.000000 0.000000 0.998433 1 4.481989890e-07 2.012285404e-05
114 0.013729 -0.000879 -0.007769 8.835104 -0.375363 -4.705301 0.000000 0.000000 0.000000 0.998444 1 5.878973752e-07 1.678895205e-05
114 0.013728 -0.000856 -0.007733 8.835104 -0.375363 -4.705301 0.000000 0.000000 0.000000 0.998448 1 3.459863365e-07 1.571909525e-05
114 0.013727 -0.000835 -0.007700 8.835104 -0.375363 -4.705301 0.000000 0.000000 0.000000 0.998447 1 1.189764589e-07 5.024019629e-06
114 0.013728 -0.000816 -0.007670 8.835104 -0.375363 -4.705301 0.000000 0.000000 0.000000 0.998444 1 1.091975719e-07 4.949048162e-06
114 0.013731 -0.000798 -0.007645 8.835104 -0.375363 -4.705301 0.000000 0.000000 0.000000 0.998439 1 5.119945854e-07 2.031284384e-05
114 0.013737 -0.000782 -0.007622 8.835104 -0.375363 -4.705301 0.000000 0.000000 0.000000 0.998434 1 5.469191819e-07 2.043205313e-05
114 0.013746 -0.000767 -0.007604 8.835104 -0.375363 -4.705301 0.000000 0.000000 0.000000 0.998430 1 4.649627954e-07 2.019805834e-05
114 0.013758 -0.000754 -0.007588 8.835104 -0.375363 -4.705301 0.000000 0.000000 0.000000 0.998424 1 4.239846021e-07 2.014799975e-05
114 0.013773 -0.000741 -0.007576 8.835104 -0.375363 -4.705301 0.000000 0.000000 0.000000 0.998418 1 4.051253200e-07 2.031610347e-05
114 0.013791 -0.000730 -0.007567 8.835104 -0.375363 -4.705301 0.000000 0.000000 0.000000 0.998411 1 4.491303116e-07 2.034800127e-05
114 0.013812 -0.000720 -0.007561 8.835104 -0.375363 -4.705301 0.000000 0.000000 0.000000 0.998405 1 8.489005268e-07 2.102088183e-05
114 0.013836 -0.000711 -0.007558 8.835104 -0.375363 -4.705301 0.000000 0.000000 0.000000 0.998400 1 4.200264812e-07 2.019596286e-05
114 0.013860 -0.000702 -0.007557 8.835104 -0.375363 -4.705301 0.000000 0.000000 0.000000 0.998397 1 5.289912224e-07 2.011680044e-05
114 0.013884 -0.000694 -0.007556 8.835104 -0.375363 -4.705301 0.000000 0.000000 0.000000 0.998397 1 4.500616342e-07 2.008699812e-05
114 0.013903 -0.000687 -0.007554 8.835104 -0.375363 -4.705301 0.000000 0.000000 0.000000 0.998402 1 4.770699888e-07 2.016499639e-05
115 0.013492 -0.001268 -0.008544 8.702002 -0.489879 -4.876649 0.000000 0.000000 0.000000 0.998388 1 1.064036041e-06 2.328492701e-05
115 0.013531 -0.001231 -0.008489 8.702002 -0.489879 -4.876649 0.000000 0.000000 0.000000 0.998397 1 4.030298442e-07 2.006418072e-05
115 0.013557 -0.001196 -0.008434 8.702002 -0.489879 -4.876649 0.000000 0.000000 0.000000 0.998414 1 4.258472472e-07 2.009700984e-05
115 0.013569 -0.001164 -0.008377 8.702002 -0.489879 -4.876649 0.000000 0.000000 0.000000 0.998432 1 4.309695214e-07 2.028606832e-05
115 0.013569 -0.001133 -0.008317 8.702002 -0.489879 -4.876649 0.000000 0.000000 0.000000 0.998447 1 4.169996828e-07 1.881597564e-05
115 0.013560 -0.001104 -0.008258 8.702002 -0.489879 -4.876649 0.000000 0.000000 0.000000 0.998458 1 4.069879651e-07 2.023787238e-05
115 0.013547 -0.001077 -0.008200 8.702002 -0.489879 -4.876649 0.000000 0.000000 0.000000 0.998462 1 4.980247468e-07 2.048490569e-05
115 0.013534 -0.001052 -0.008146 8.702002 -0.489879 -4.876649 0.000000 0.000000 0.000000 0.998462 1 5.559995770e-07 1.804018393e-05
115 0.013524 -0.001029 -0.008097 8.702002 -0.489879 -4.876649 0.000000 0.000000 0.000000 0.998459 1 4.470348358e-07 1.880410127e-05
115 0.013517 -0.001008 -0.008053 8.702002 -0.489879 -4.876649 0.000000 0.000000 0.000000 0.998453 1 4.260800779e-07 2.006511204e-05
115 0.013515 -0.000989 -0.008015 8.702002 -0.489879 -4.876649 0.000000 0.000000 0.000000 0.998447 1 4.430767149e-07 2.016499639e-05
115 0.013517 -0.000972 -0.007983 8.702002 -0.489879 -4.876649 0.000000 0.000000 0.000000 0.998440 1 4.100147635e-07 2.005114220e-05
115 0.013525 -0.000956 -0.007955 8.702002 -0.489879 -4.876649 0.000000 0.000000 0.000000 0.998431 1 8.740462363e-07 2.105999738e-05
115 0.013538 -0.000942 -0.007934 8.702002 -0.489879 -4.876649 0.000000 0.000000 0.000000 0.998421 1 4.121102393e-07 2.011912875e-05
115 0.013558 -0.000929 -0.007918 8.702002 -0.489879 -4.876649 0.000000 0.000000 0.000000 0.998410 1 5.010515451e-07 2.217292786e-05
115 0.013584 -0.000918 -0.007908 8.702002 -0.489879 -4.876649 0.000000 0.000000 0.000000 0.998398 1 4.731118679e-07 2.177781425e-05
115 0.013616 -0.000908 -0.007904 8.702002 -0.489879 -4.876649 0.000000 0.000000 0.000000 0.998385 1 4.828907549e-07 2.008001320e-05
115 0.013654 -0.000899 -0.007904 8.702002 -0.489879 -4.876649 0.000000 0.000000 0.000000 0.998374 1 9.520445019e-07 2.317107283e-05
115 0.013696 -0.000891 -0.007908 8.702002 -0.489879 -4.876649 0.000000 0.000000 0.000000 0.998365 1 4.700850695e-07 2.010306343e-05
115 0.013740 -0.000885 -0.007915 8.702002 -0.489879 -4.876649 0.000000 0.000000 0.000000 0.998358 1 5.781184882e-07 2.024392597e-05
116 0.013337 -0.001466 -0.008811 8.557746 -0.618203 -5.049330 0.000000 0.000000 0.000000 0.998330 1 3.990717232e-07 2.019898966e-05
116 0.013411 -0.001433 -0.008782 8.557746 -0.618203 -5.049330 0.000000 0.000000 0.000000 0.998331 1 4.030298442e-07 2.012192272e-05
116 0.013472 -0.001402 -0.008751 8.557746 -0.618203 -5.049330 0.000000 0.000000 0.000000 0.998349 1 4.649627954e-07 2.000108361e-05
116 0.013514 -0.001372 -0.008715 8.557746 -0.618203 -5.049330 0.000000 0.000000 0.000000 0.998371 1 4.509929568e-07 2.024299465e-05
116 0.013540 -0.001343 -0.008673 8.557746 -0.618203 -5.049330 0.000000 0.000000 0.000000 0.998389 1 6.989575922e-07 2.045813017e-05
116 0.013555 -0.001316 -0.008629 8.557746 -0.618203 -5.049330 0.000000 0.000000 0.000000 0.998400 1 4.619359970e-07 2.026092261e-05
116 0.013563 -0.001291 -0.008586 8.557746 -0.618203 -5.049330 0.000000 0.000000 0.000000 0.998405 1 4.051253200e-07 2.006697468e-05
116 0.013570 -0.001267 -0.008545 8.557746 -0.618203 -5.049330 0.000000 0.000000 0.000000 0.998405 1 3.781169653e-07 1.878500916e-05
116 0.013577 -0.001246 -0.008507 8.557746 -0.618203 -5.049330 0.000000 0.000000 0.000000 0.998402 1 5.878973752e-07 2.018711530e-05
116 0.013585 -0.001226 -0.008474 8.557746 -0.618203 -5.049330 0.000000 0.000000 0.000000 0.998398 1 8.221250027e-07 3.892788664e-05
116 0.013596 -0.001208 -0.008445 8.557746 -0.618203 -5.049330 0.000000 0.000000 0.000000 0.998394 1 4.451721907e-07 2.019107342e-05
116 0.013609 -0.001192 -0.008421 8.557746 -0.618203 -5.049330 0.000000 0.000000 0.000000 0.998390 1 4.500616342e-07 2.001109533e-05
116 0.013624 -0.001177 -0.008399 8.557746 -0.618203 -5.049330 0.000000 0.000000 0.000000 0.998385 1 4.027970135e-07 2.002506517e-05
116 0.013641 -0.001163 -0.008382 8.557746 -0.618203 -5.049330 0.000000 0.000000 0.000000 0.998379 1 6.449408829e-07 3.092386760e-05
116 0.013661 -0.001151 -0.008368 8.557746 -0.618203 -5.049330 0.000000 0.000000 0.000000 0.998373 1 7.320195436e-07 2.815504558e-05
116 0.013684 -0.001140 -0.008358 8.557746 -0.618203 -5.049330 0.000000 0.000000 0.000000 0.998367 1 4.509929568e-07 2.026511356e-05
116 0.013708 -0.001130 -0.008350 8.557746 -0.618203 -5.049330 0.000000 0.000000 0.000000 0.998362 1 4.349276423e-07 2.020900138e-05
116 0.013733 -0.001121 -0.008345 8.557746 -0.618203 -5.049330 0.000000 0.000000 0.000000 0.998359 1 4.458706826e-07 2.044206485e-05
116 0.013757 -0.001113 -0.008340 8.557746 -0.618203 -5.049330 0.000000 0.000000 0.000000 0.998360 1 4.039611667e-07 2.009188756e-05
116 0.013776 -0.001105 -0.008335 8.557746 -0.618203 -5.049330 0.000000 0.000000 0.000000 0.998365 1 4.728790373e-07 2.006418072e-05
117 0.013142 -0.001684 -0.009586 8.406600 -0.704280 -5.211779 0.000000 0.000000 0.000000 0.998343 1 4.030298442e-07 2.015312202e-05
117 0.013200 -0.001644 -0.009511 8.406600 -0.704280 -5.211779 0.000000 0.000000 0.000000 0.998353 1 1.669395715e-07 5.068024620e-06
117 0.013243 -0.001606 -0.009436 8.406600 -0.704280 -5.211779 0.000000 0.000000 0.000000 0.998371 1 1.259613782e-07 4.942063242e-06
117 0.013271 -0.001570 -0.009359 8.406600 -0.704280 -5.211779 0.000000 0.000000 0.000000 0.998389 1 1.857988536e-07 9.072013199e-06
117 0.013286 -0.001536 -0.009281 8.406600 -0.704280 -5.211779 0.000000 0.000000 0.000000 0.998405 1 2.090819180e-07 9.616138414e-06
117 0.013291 -0.001504 -0.009204 8.406600 -0.704280 -5.211779 0.000000 0.000000 0.000000 0.998416 1 4.691537470e-07 2.166186459e-05
117 0.013291 -0.001474 -0.009130 8.406600 -0.704280 -5.211779 0.000000 0.000000 0.000000 0.998421 1 7.809139788e-07 2.107513137e-05
117 0.013290 -0.001446 -0.009061 8.406600 -0.704280 -5.211779 0.000000 0.000000 0.000000 0.998421 1 4.500616342e-07 1.971307211e-05
117 0.013290 -0.001421 -0.008997 8.406600 -0.704280 -5.211779 0.000000 0.000000 0.000000 0.998417 1 4.309695214e-07 1.957896166e-05
117 0.013293 -0.001397 -0.008941 8.406600 -0.704280 -5.211779 0.000000 0.000000 0.000000 0.998412 1 4.239846021e-07 1.982413232e-05
117 0.013299 -0.001376 -0.008891 8.406600 -0.704280 -5.211779 0.000000 0.000000 0.000000 0.998405 1 5.068723112e-07 2.034404315e-05
117 0.013310 -0.001357 -0.008848 8.406600 -0.704280 -5.211779 0.000000 0.000000 0.000000 0.998398 1 1.013046131e-06 2.338900231e-05
117 0.013325 -0.001339 -0.008812 8.406600 -0.704280 -5.211779 0.000000 0.000000 0.000000 0.998389 1 4.000030458e-07 2.010702156e-05
117 0.013346 -0.001324 -0.008782 8.406600 -0.704280 -5.211779 0.000000 0.000000 0.000000 0.998378 1 5.410984159e-07 2.032890916e-05
117 0.013372 -0.001310 -0.008759 8.406600 -0.704280 -5.211779 0.000000 0.000000 0.000000 0.998367 1 4.610046744e-07 2.029491588e-05
117 0.013404 -0.001298 -0.008743 8.406600 -0.704280 -5.211779 0.000000 0.000000 0.000000 0.998354 1 4.121102393e-07 2.034101635e-05
117 0.013442 -0.001288 -0.008733 8.406600 -0.704280 -5.211779 0.000000 0.000000 0.000000 0.998341 1 4.349276423e-07 2.003693953e-05
117 0.013485 -0.001279 -0.008729 8.406600 -0.704280 -5.211779 0.000000 0.000000 0.000000 0.998329 1 4.561152309e-07 2.002203837e-05
117 0.013532 -0.001272 -0.008730 8.406600 -0.704280 -5.211779 0.000000 0.000000 0.000000 0.998320 1 5.129259080e-07 2.015195787e-05
117 0.013580 -0.001265 -0.008733 8.406600 -0.704280 -5.211779 0.000000 0.000000 0.000000 0.998313 1 4.058238119e-07 2.750405110e-05
118 0.012997 -0.001845 -0.009830 8.246994 -0.804108 -5.375300 0.000000 0.000000 0.000000 0.998276 1 4.998873919e-07 2.020597458e-05
118 0.013091 -0.001810 -0.009786 8.246994 -0.804108 -5.375300 0.000000 0.000000 0.000000 0.998278 1 4.039611667e-07 1.999107189e-05
118 0.013171 -0.001777 -0.009742 8.246994 -0.804108 -5.375300 0.000000 0.000000 0.000000 0.998296 1 4.789326340e-07 2.002110705e-05
118 0.013231 -0.001745 -0.009692 8.246994 -0.804108 -5.375300 0.000000 0.000000 0.000000 0.998318 1 7.818453014e-07 2.081994899e-05
118 0.013274 -0.001714 -0.009638 8.246994 -0.804108 -5.375300 0.000000 0.000000 0.000000 0.998335 1 4.419125617e-07 2.015894279e-05
118 0.013305 -0.001685 -0.009582 8.246994 -0.804108 -5.375300 0.000000 0.000000 0.000000 0.998346 1 4.388857633e-07 2.013496123e-05
118 0.013328 -0.001657 -0.009528 8.246994 -0.804108 -5.375300 0.000000 0.000000 0.000000 0.998351 1 4.530884326e-07 2.326280810e-05
118 0.013349 -0.001632 -0.009477 8.246994 -0.804108 -5.375300 0.000000 0.000000 0.000000 0.998350 1 4.810281098e-07 2.023903653e-05
118 0.013370 -0.001609 -0.009431 8.246994 -0.804108 -5.375300 0.000000 0.000000 0.000000 0.998347 1 9.930226952e-07 2.312194556e-05
118 0.013392 -0.001587 -0.009390 8.246994 -0.804108 -5.375300 0.000000 0.000000 0.000000 0.998342 1 4.749745131e-07 2.035312355e-05
118 0.013415 -0.001568 -0.009354 8.246994 -0.804108 -5.375300 0.000000 0.000000 0.000000 0.998337 1 5.760230124e-07 2.566305920e-05
118 0.013440 -0.001550 -0.009323 8.246994 -0.804108 -5.375300 0.000000 0.000000 0.000000 0.998332 1 4.789326340e-07 2.017500810e-05
118 0.013466 -0.001534 -0.009297 8.246994 -0.804108 -5.375300 0.000000 0.000000 0.000000 0.998327 1 4.100147635e-07 2.010003664e-05
118 0.013494 -0.001520 -0.009275 8.246994 -0.804108 -5.375300 0.000000 0.000000 0.000000 0.998320 1 4.142057151e-07 2.012401819e-05
118 0.013524 -0.001507 -0.009258 8.246994 -0.804108 -5.375300 0.000000 0.000000 0.000000 0.998313 1 4.430767149e-07 2.020620741e-05
118 0.013556 -0.001496 -0.009245 8.246994 -0.804108 -5.375300 0.000000 0.000000 0.000000 0.998307 1 4.770699888e-07 2.027698793e-05
118 0.013589 -0.001486 -0.009235 8.246994 -0.804108 -5.375300 0.000000 0.000000 0.000000 0.998301 1 4.251487553e-07 2.018618397e-05
118 0.013623 -0.001477 -0.009228 8.246994 -0.804108 -5.375300 0.000000 0.000000 0.000000 0.998298 1 4.579778761e-07 2.008909360e-05
118 0.013654 -0.001468 -0.009222 8.246994 -0.804108 -5.375300 0.000000 0.000000 0.000000 0.998299 1 3.951136023e-07 2.004299313e-05
118 0.013681 -0.001460 -0.009214 8.246994 -0.804108 -5.375300 0.000000 0.000000 0.000000 0.998304 1 4.111789167e-07 2.027698793e-05
119 0.012689 -0.002037 -0.010966 8.084457 -0.861190 -5.527797 0.000000 0.000000 0.000000 0.998271 1 9.729992598e-07 2.149585634e-05
119 0.012785 -0.001995 -0.010855 8.084457 -0.861190 -5.527797 0.000000 0.000000 0.000000 0.998282 1 4.209578037e-07 2.030818723e-05
119 0.012864 -0.001954 -0.010747 8.084457 -0.861190 -5.527797 0.000000 0.000000 0.000000 0.998300 1 4.360917956e-07 2.011889592e-05
119 0.012924 -0.001916 -0.010638 8.084457 -0.861190 -5.527797 0.000000 0.000000 0.000000 0.998320 1 3.788154572e-07 1.891097054e-05
119 0.012969 -0.001879 -0.010530 8.084457 -0.861190 -5.527797 0.000000 0.000000 0.000000 0.998337 1 7.860362530e-07 2.706097439e-05
119 0.013001 -0.001844 -0.010425 8.084457 -0.861190 -5.527797 0.000000 0.000000 0.000000 0.998348 1 1.083128154e-06 2.889893949e-05
119 0.013026 -0.001812 -0.010324 8.084457 -0.861190 -5.527797 0.000000 0.000000 0.000000 0.998353 1 7.338821888e-07 2.686702646e-05
119 0.013048 -0.001781 -0.010230 8.084457 -0.861190 -5.527797 0.000000 0.000000 0.000000 0.998354 1 8.079223335e-07 2.690008841e-05
119 0.013069 -0.001754 -0.010143 8.084457 -0.861190 -5.527797 0.000000 0.000000 0.000000 0.998350 1 4.018656909e-07 1.952191815e-05
119 0.013091 -0.001728 -0.010066 8.084457 -0.861190 -5.527797 0.000000 0.000000 0.000000 0.998345 1 4.649627954e-07 1.957709901e-05
119 0.013116 -0.001705 -0.009997 8.084457 -0.861190 -5.527797 0.000000 0.000000 0.000000 0.998339 1 4.309695214e-07 1.945882104e-05
119 0.013142 -0.001684 -0.009936 8.084457 -0.861190 -5.527797 0.000000 0.000000 0.000000 0.998332 1 4.540197551e-07 1.957500353e-05
119 0.013172 -0.001666 -0.009883 8.084457 -0.861190 -5.527797 0.000000 0.000000 0.000000 0.998323 1 5.569308996e-07 1.995800994e-05
119 0.013206 -0.001649 -0.009839 8.084457 -0.861190 -5.527797 0.000000 0.000000 0.000000 0.998312 1 4.051253200e-07 1.938780770e-05
119 0.013243 -0.001634 -0.009802 8.084457 -0.861190 -5.527797 0.000000 0.000000 0.000000 0.998300 1 4.819594324e-07 2.018804662e-05
119 0.013286 -0.001622 -0.009774 8.084457 -0.861190 -5.527797 0.000000 0.000000 0.000000 0.998288 1 4.079192877e-07 2.005300485e-05
119 0.013333 -0.001611 -0.009753 8.084457 -0.861190 -5.527797 0.000000 0.000000 0.000000 0.998275 1 1.050066203e-07 4.944158718e-06
119 0.013385 -0.001602 -0.009740 8.084457 -0.861190 -5.527797 0.000000 0.000000 0.000000 0.998263 1 2.919696271e-07 8.990056813e-06
119 0.013439 -0.001594 -0.009731 8.084457 -0.861190 -5.527797 0.000000 0.000000 0.000000 0.998253 1 1.031439751e-07 4.995148629e-06
119 0.013494 -0.001587 -0.009727 8.084457 -0.861190 -5.527797 0.000000 0.000000 0.000000 0.998247 1 2.651941031e-07 1.174909994e-05
120 0.012640 -0.002166 -0.011166 7.915592 -0.932072 -5.681153 0.000000 0.000000 0.000000 0.998200 1 2.607703209e-07 1.270603389e-05
120 0.012763 -0.002129 -0.011094 7.915592 -0.932072 -5.681153 0.000000 0.000000 0.000000 0.998203 1 4.081521183e-07 2.008513547e-05
120 0.012870 -0.002093 -0.011022 7.915592 -0.932072 -5.681153 0.000000 0.000000 0.000000 0.998222 1 6.819609553e-07 2.110586502e-05
120 0.012954 -0.002059 -0.010945 7.915592 -0.932072 -5.681153 0.000000 0.000000 0.000000 0.998246 1 4.491303116e-07 2.021715045e-05
120 0.013019 -0.002025 -0.010865 7.915592 -0.932072 -5.681153 0.000000 0.000000 0.000000 0.998265 1 4.791654646e-07 2.019898966e-05
120 0.013069 -0.001993 -0.010784 7.915592 -0.932072 -5.681153 0.000000 0.000000 0.000000 0.998278 1 4.400499165e-07 1.994799823e-05
120 0.013110 -0.001963 -0.010705 7.915592 -0.932072 -5.681153 0.000000 0.000000 0.000000 0.998283 1 4.139728844e-07 2.017198130e-05
120 0.013146 -0.001935 -0.010632 7.915592 -0.932072 -5.681153 0.000000 0.000000 0.000000 0.998284 1 4.691537470e-07 2.166279592e-05
120 0.013181 -0.001910 -0.010565 7.915592 -0.932072 -5.681153 0.000000 0.000000 0.000000 0.998281 1 4.081521183e-07 2.027000301e-05
120 0.013215 -0.001886 -0.010504 7.915592 -0.932072 -5.681153 0.000000 0.000000 0.000000 0.998276 1 7.741618901e-07 2.051796764e-05
120 0.013250 -0.001865 -0.010451 7.915592 -0.932072 -5.681153 0.000000 0.000000 0.000000 0.998272 1 4.421453923e-07 2.009212039e-05
120 0.013284 -0.001845 -0.010403 7.915592 -0.932072 -5.681153 0.000000 0.000000 0.000000 0.998267 1 4.079192877e-07 2.012401819e-05
120 0.013319 -0.001828 -0.010361 7.915592 -0.932072 -5.681153 0.000000 0.000000 0.000000 0.998262 1 4.100147635e-07 2.015801147e-05
120 0.013355 -0.001812 -0.010325 7.915592 -0.932072 -5.681153 0.000000 0.000000 0.000000 0.998256 1 4.419125617e-07 2.013822086e-05
120 0.013392 -0.001798 -0.010295 7.915592 -0.932072 -5.681153 0.000000 0.000000 0.000000 0.998249 1 9.099021554e-07 2.120598219e-05
120 0.013430 -0.001786 -0.010270 7.915592 -0.932072 -5.681153 0.000000 0.000000 0.000000 0.998243 1 4.051253200e-07 2.020597458e-05
120 0.013469 -0.001775 -0.010249 7.915592 -0.932072 -5.681153 0.000000 0.000000 0.000000 0.998237 1 4.880130291e-07 2.036406659e-05
120 0.013508 -0.001765 -0.010232 7.915592 -0.932072 -5.681153 0.000000 0.000000 0.000000 0.998234 1 4.479661584e-07 1.965602860e-05
120 0.013544 -0.001755 -0.010217 7.915592 -0.932072 -5.681153 0.000000 0.000000 0.000000 0.998235 1 4.139728844e-07 1.962808892e-05
120 0.013575 -0.001747 -0.010201 7.915592 -0.932072 -5.681153 0.000000 0.000000 0.000000 0.998240 1 1.028878614e-06 2.283905633e-05
121 0.012359 -0.002133 -0.012123 7.746687 -0.962501 -5.823355 0.000000 0.000000 0.000000 0.998198 1 6.079208106e-07 1.950887963e-05
121 0.012478 -0.002102 -0.011995 7.746687 -0.962501 -5.823355 0.000000 0.000000 0.000000 0.998210 1 4.239846021e-07 1.943693496e-05
121 0.012579 -0.002072 -0.011870 7.746687 -0.962501 -5.823355 0.000000 0.000000 0.000000 0.998229 1 4.498288035e-07 1.956406049e-05
121 0.012659 -0.002043 -0.011745 7.746687 -0.962501 -5.823355 0.000000 0.000000 0.000000 0.998250 1 3.990717232e-07 1.956499182e-05
121 0.012722 -0.002014 -0.011621 7.746687 -0.962501 -5.823355 0.000000 0.000000 0.000000 0.998267 1 4.060566425e-07 1.940107904e-05
121 0.012772 -0.001987 -0.011500 7.746687 -0.962501 -5.823355 0.000000 0.000000 0.000000 0.998279 1 5.159527063e-07 1.954101026e-05
121 0.012813 -0.001961 -0.011385 7.746687 -0.962501 -5.823355 0.000000 0.000000 0.000000 0.998285 1 6.670597941e-07 1.965602860e-05
121 0.012849 -0.001938 -0.011277 7.746687 -0.962501 -5.823355 0.000000 0.000000 0.000000 0.998285 1 4.160683602e-07 1.931306906e-05
121 0.012883 -0.001916 -0.011178 7.746687 -0.962501 -5.823355 0.000000 0.000000 0.000000 0.998282 1 4.100147635e-07 1.937802881e-05
121 0.012918 -0.001896 -0.011090 7.746687 -0.962501 -5.823355 0.000000 0.000000 0.000000 0.998276 1 4.428438842e-07 1.931097358e-05
121 0.012954 -0.001878 -0.011010 7.746687 -0.962501 -5.823355 0.000000 0.000000 0.000000 0.998270 1 4.009343684e-07 1.948187128e-05
121 0.012991 -0.001862 -0.010940 7.746687 -0.962501 -5.823355 0.000000 0.000000 0.000000 0.998262 1 6.600748748e-07 2.003205009e-05
121 0.013030 -0.001848 -0.010880 7.746687 -0.962501 -5.823355 0.000000 0.000000 0.000000 0.998253 1 4.321336746e-07 1.954589970e-05
121 0.013072 -0.001835 -0.010828 7.746687 -0.962501 -5.823355 0.000000 0.000000 0.000000 0.998242 1 5.220063031e-07 1.961481757e-05
121 0.013118 -0.001825 -0.010786 7.746687 -0.962501 -5.823355 0.000000 0.000000 0.000000 0.998230 1 4.128087312e-07 1.951307058e-05
121 0.013168 -0.001816 -0.010752 7.746687 -0.962501 -5.823355 0.000000 0.000000 0.000000 0.998217 1 5.729962140e-07 2.144789323e-05
121 0.013223 -0.001809 -0.010727 7.746687 -0.962501 -5.823355 0.000000 0.000000 0.000000 0.998203 1 9.839423001e-07 2.291402780e-05
121 0.013281 -0.001803 -0.010710 7.746687 -0.962501 -5.823355 0.000000 0.000000 0.000000 0.998190 1 4.700850695e-07 1.959106885e-05
121 0.013341 -0.001799 -0.010700 7.746687 -0.962501 -5.823355 0.000000 0.000000 0.000000 0.998181 1 5.050096661e-07 1.944601536e-05
121 0.013401 -0.001796 -0.010694 7.746687 -0.962501 -5.823355 0.000000 0.000000 0.000000 0.998173 1 4.139728844e-07 2.551311627e-05
122 0.012170 -0.002322 -0.012628 7.574031 -1.005623 -5.965963 0.000000 0.000000 0.000000 0.998116 1 4.740431905e-07 1.946906559e-05
122 0.012332 -0.002289 -0.012522 7.574031 -1.005623 -5.965963 0.000000 0.000000 0.000000 0.998119 1 4.540197551e-07 1.947488636e-05
122 0.012473 -0.002258 -0.012417 7.574031 -1.005623 -5.965963 0.000000 0.000000 0.000000 0.998140 1 4.358589649e-07 1.945300028e-05
122 0.012589 -0.002227 -0.012309 7.574031 -1.005623 -5.965963 0.000000 0.000000 0.000000 0.998165 1 7.131602615e-07 2.028606832e-05
122 0.012683 -0.002197 -0.012199 7.574031 -1.005623 -5.965963 0.000000 0.000000 0.000000 0.998186 1 4.470348358e-07 2.021715045e-05
122 0.012759 -0.002167 -0.012089 7.574031 -1.005623 -5.965963 0.000000 0.000000 0.000000 0.998199 1 5.799811333e-07 2.030283213e-05
122 0.012825 -0.002140 -0.011984 7.574031 -1.005623 -5.965963 0.000000 0.000000 0.000000 0.998204 1 4.020985216e-07 2.032495104e-05
122 0.012885 -0.002114 -0.011887 7.574031 -1.005623 -5.965963 0.000000 0.000000 0.000000 0.998204 1 4.400499165e-07 2.005300485e-05
122 0.012941 -0.002090 -0.011797 7.574031 -1.005623 -5.965963 0.000000 0.000000 0.000000 0.998201 1 8.319038898e-07 2.686702646e-05
122 0.012995 -0.002069 -0.011717 7.574031 -1.005623 -5.965963 0.000000 0.000000 0.000000 0.998195 1 4.321336746e-07 2.024113201e-05
122 0.013049 -0.002050 -0.011645 7.574031 -1.005623 -5.965963 0.000000 0.000000 0.000000 0.998190 1 6.149057299e-07 2.053705975e-05
122 0.013101 -0.002032 -0.011581 7.574031 -1.005623 -5.965963 0.000000 0.000000 0.000000 0.998185 1 5.050096661e-07 2.011703327e-05
122 0.013153 -0.002017 -0.011525 7.574031 -1.005623 -5.965963 0.000000 0.000000 0.000000 0.998178 1 4.258472472e-07 2.026488073e-05
122 0.013205 -0.002003 -0.011477 7.574031 -1.005623 -5.965963 0.000000 0.000000 0.000000 0.998171 1 9.420327842e-07 2.300203778e-05
122 0.013257 -0.001991 -0.011435 7.574031 -1.005623 -5.965963 0.000000 0.000000 0.000000 0.998164 1 4.169996828e-07 1.960899681e-05
122 0.013310 -0.001980 -0.011400 7.574031 -1.005623 -5.965963 0.000000 0.000000 0.000000 0.998156 1 3.180466592e-07 1.434702426e-05
122 0.013362 -0.001970 -0.011371 7.574031 -1.005623 -5.965963 0.000000 0.000000 0.000000 0.998150 1 2.628657967e-07 1.135980710e-05
122 0.013413 -0.001962 -0.011346 7.574031 -1.005623 -5.965963 0.000000 0.000000 0.000000 0.998146 1 4.949979484e-07 1.638382673e-05
122 0.013461 -0.001955 -0.011324 7.574031 -1.005623 -5.965963 0.000000 0.000000 0.000000 0.998147 1 4.142057151e-07 1.451792195e-05
122 0.013504 -0.001947 -0.011302 7.574031 -1.005623 -5.965963 0.000000 0.000000 0.000000 0.998152 1 7.690396160e-07 2.740300260e-05
123 0.012197 -0.002083 -0.013218 7.403822 -1.011522 -6.097574 0.000000 0.000000 0.000000 0.998102 1 5.690380931e-07 1.979921944e-05
123 0.012336 -0.002070 -0.013089 7.403822 -1.011522 -6.097574 0.000000 0.000000 0.000000 0.998113 1 4.151370376e-07 1.940689981e-05
123 0.012456 -0.002057 -0.012963 7.403822 -1.011522 -6.097574 0.000000 0.000000 0.000000 0.998132 1 5.080364645e-07 1.947092824e-05
123 0.012555 -0.002043 -0.012836 7.403822 -1.011522 -6.097574 0.000000 0.000000 0.000000 0.998153 1 4.589091986e-07 1.961598173e-05
123 0.012635 -0.002029 -0.012710 7.403822 -1.011522 -6.097574 0.000000 0.000000 0.000000 0.998171 1 5.071051419e-07 2.089515328e-05
123 0.012701 -0.002015 -0.012588 7.403822 -1.011522 -6.097574 0.000000 0.000000 0.000000 0.998182 1 7.678754628e-07 2.024113201e-05
123 0.012758 -0.002001 -0.012471 7.403822 -1.011522 -6.097574 0.000000 0.000000 0.000000 0.998187 1 4.139728844e-07 1.947791316e-05
123 0.012809 -0.001988 -0.012361 7.403822 -1.011522 -6.097574 0.000000 0.000000 0.000000 0.998187 1 4.840549082e-07 1.959083602e-05
123 0.012857 -0.001976 -0.012262 7.403822 -1.011522 -6.097574 0.000000 0.000000 0.000000 0.998183 1 4.589091986e-07 1.941900700e-05
123 0.012905 -0.001966 -0.012173 7.403822 -1.011522 -6.097574 0.000000 0.000000 0.000000 0.998177 1 4.330649972e-07 1.946603879e-05
123 0.012953 -0.001957 -0.012093 7.403822 -1.011522 -6.097574 0.000000 0.000000 0.000000 0.998169 1 1.120846719e-06 2.392707393e-05
123 0.013002 -0.001949 -0.012024 7.403822 -1.011522 -6.097574 0.000000 0.000000 0.000000 0.998161 1 4.479661584e-07 1.949397847e-05
123 0.013052 -0.001943 -0.011964 7.403822 -1.011522 -6.097574 0.000000 0.000000 0.000000 0.998151 1 5.250331014e-07 2.179690637e-05
123 0.013104 -0.001938 -0.011914 7.403822 -1.011522 -6.097574 0.000000 0.000000 0.000000 0.998139 1 4.109460860e-07 1.922505908e-05
123 0.013160 -0.001934 -0.011874 7.403822 -1.011522 -6.097574 0.000000 0.000000 0.000000 0.998126 1 4.728790373e-07 1.958408393e-05
123 0.013219 -0.001932 -0.011843 7.403822 -1.011522 -6.097574 0.000000 0.000000 0.000000 0.998112 1 4.468020052e-07 1.944787800e-05
123 0.013282 -0.001931 -0.011821 7.403822 -1.011522 -6.097574 0.000000 0.000000 0.000000 0.998098 1 4.270114005e-07 1.958594657e-05
123 0.013348 -0.001931 -0.011808 7.403822 -1.011522 -6.097574 0.000000 0.000000 0.000000 0.998084 1 7.469207048e-07 1.993705519e-05
123 0.013416 -0.001932 -0.011801 7.403822 -1.011522 -6.097574 0.000000 0.000000 0.000000 0.998074 1 4.449393600e-07 1.938198693e-05
123 0.013483 -0.001933 -0.011798 7.403822 -1.011522 -6.097574 0.000000 0.000000 0.000000 0.998066 1 4.020985216e-07 1.939013600e-05
124 0.012175 -0.002217 -0.013736 7.231843 -1.029860 -6.229373 0.000000 0.000000 0.000000 0.997999 1 4.579778761e-07 1.960108057e-05
124 0.012351 -0.002205 -0.013638 7.231843 -1.029860 -6.229373 0.000000 0.000000 0.000000 0.998002 1 4.090834409e-07 1.958804205e-05
124 0.012507 -0.002193 -0.013542 7.231843 -1.029860 -6.229373 0.000000 0.000000 0.000000 0.998024 1 6.929039955e-07 1.995381899e-05
124 0.012635 -0.002179 -0.013440 7.231843 -1.029860 -6.229373 0.000000 0.000000 0.000000 0.998051 1 4.100147635e-07 1.955800690e-05
124 0.012741 -0.002165 -0.013334 7.231843 -1.029860 -6.229373 0.000000 0.000000 0.000000 0.998072 1 4.391185939e-07 1.959106885e-05
124 0.012829 -0.002151 -0.013228 7.231843 -1.029860 -6.229373 0.000000 0.000000 0.000000 0.998086 1 4.158355296e-07 1.952494495e-05
124 0.012904 -0.002137 -0.013126 7.231843 -1.029860 -6.229373 0.000000 0.000000 0.000000 0.998092 1 4.051253200e-07 1.968489960e-05
124 0.012973 -0.002123 -0.013030 7.231843 -1.029860 -6.229373 0.000000 0.000000 0.000000 0.998092 1 9.899958968e-07 2.345000394e-05
124 0.013037 -0.002111 -0.012943 7.231843 -1.029860 -6.229373 0.000000 0.000000 0.000000 0.998089 1 4.109460860e-07 2.019689418e-05
124 0.013099 -0.002101 -0.012865 7.231843 -1.029860 -6.229373 0.000000 0.000000 0.000000 0.998084 1 4.640314728e-07 1.969397999e-05
124 0.013159 -0.002091 -0.012795 7.231843 -1.029860 -6.229373 0.000000 0.000000 0.000000 0.998078 1 4.069879651e-07 1.945812255e-05
124 0.013217 -0.002083 -0.012733 7.231843 -1.029860 -6.229373 0.000000 0.000000 0.000000 0.998073 1 4.349276423e-07 2.095405944e-05
124 0.013274 -0.002075 -0.012678 7.231843 -1.029860 -6.229373 0.000000 0.000000 0.000000 0.998067 1 4.069879651e-07 1.949421130e-05
124 0.013331 -0.002069 -0.012631 7.231843 -1.029860 -6.229373 0.000000 0.000000 0.000000 0.998060 1 4.069879651e-07 1.944997348e-05
124 0.013387 -0.002064 -0.012592 7.231843 -1.029860 -6.229373 0.000000 0.000000 0.000000 0.998052 1 5.080364645e-07 1.958315261e-05
124 0.013443 -0.002060 -0.012558 7.231843 -1.029860 -6.229373 0.000000 0.000000 0.000000 0.998045 1 4.929024726e-07 1.952890307e-05
124 0.013499 -0.002057 -0.012531 7.231843 -1.029860 -6.229373 0.000000 0.000000 0.000000 0.998038 1 4.270114005e-07 1.933216117e-05
124 0.013553 -0.002054 -0.012508 7.231843 -1.029860 -6.229373 0.000000 0.000000 0.000000 0.998035 1 4.521571100e-07 1.954706386e-05
124 0.013604 -0.002052 -0.012488 7.231843 -1.029860 -6.229373 0.000000 0.000000 0.000000 0.998036 1 4.319008440e-07 1.959805377e-05
124 0.013648 -0.002049 -0.012467 7.231843 -1.029860 -6.229373 0.000000 0.000000 0.000000 0.998041 1 8.919741958e-07 2.049398609e-05
125 0.012268 -0.001921 -0.014383 7.063949 -1.012366 -6.349918 0.000000 0.000000 0.000000 0.997983 1 5.138572305e-07 1.969607547e-05
125 0.012417 -0.001930 -0.014259 7.063949 -1.012366 -6.349918 0.000000 0.000000 0.000000 0.997995 1 4.169996828e-07 1.945788972e-05
125 0.012545 -0.001937 -0.014136 7.063949 -1.012366 -6.349918 0.000000 0.000000 0.000000 0.998017 1 5.150213838e-07 1.957500353e-05
125 0.012650 -0.001941 -0.014011 7.063949 -1.012366 -6.349918 0.000000 0.000000 0.000000 0.998040 1 4.181638360e-07 1.936382614e-05
125 0.012737 -0.001944 -0.013886 7.063949 -1.012366 -6.349918 0.000000 0.000000 0.000000 0.998059 1 1.209089532e-06 2.264510840e-05
125 0.012807 -0.001945 -0.013762 7.063949 -1.012366 -6.349918 0.000000 0.000000 0.000000 0.998072 1 4.000030458e-07 1.945905387e-05
125 0.012868 -0.001945 -0.013643 7.063949 -1.012366 -6.349918 0.000000 0.000000 0.000000 0.998078 1 5.487818271e-07 1.953984611e-05
125 0.012922 -0.001945 -0.013532 7.063949 -1.012366 -6.349918 0.000000 0.000000 0.000000 0.998079 1 4.728790373e-07 1.977989450e-05
125 0.012972 -0.001945 -0.013430 7.063949 -1.012366 -6.349918 0.000000 0.000000 0.000000 0.998076 1 5.089677870e-07 1.966487616e-05
125 0.013021 -0.001945 -0.013338 7.063949 -1.012366 -6.349918 0.000000 0.000000 0.000000 0.998070 1 4.949979484e-07 2.862396650e-05
125 0.013070 -0.001946 -0.013257 7.063949 -1.012366 -6.349918 0.000000 0.000000 0.000000 0.998063 1 2.188608050e-07 9.391922504e-06
125 0.013119 -0.001948 -0.013185 7.063949 -1.012366 -6.349918 0.000000 0.000000 0.000000 0.998056 1 5.399342626e-07 1.637800597e-05
125 0.013170 -0.001950 -0.013123 7.063949 -1.012366 -6.349918 0.000000 0.000000 0.000000 0.998046 1 3.078021109e-07 1.443689689e-05
125 0.013222 -0.001952 -0.013071 7.063949 -1.012366 -6.349918 0.000000 0.000000 0.000000 0.998035 1 4.500616342e-07 1.823995262e-05
125 0.013276 -0.001956 -0.013029 7.063949 -1.012366 -6.349918 0.000000 0.000000 0.000000 0.998022 1 4.540197551e-07 1.940201037e-05
125 0.013334 -0.001960 -0.012997 7.063949 -1.012366 -6.349918 0.000000 0.000000 0.000000 0.998008 1 2.128072083e-07 9.114155546e-06
125 0.013395 -0.001965 -0.012974 7.063949 -1.012366 -6.349918 0.000000 0.000000 0.000000 0.997993 1 4.980247468e-07 1.956499182e-05
125 0.013460 -0.001971 -0.012960 7.063949 -1.012366 -6.349918 0.000000 0.000000 0.000000 0.997980 1 4.868488759e-07 1.974194311e-05
125 0.013525 -0.001977 -0.012953 7.063949 -1.012366 -6.349918 0.000000 0.000000 0.000000 0.997970 1 4.270114005e-07 1.949304715e-05
125 0.013590 -0.001983 -0.012950 7.063949 -1.012366 -6.349918 0.000000 0.000000 0.000000 0.997962 1 4.831235856e-07 1.948187128e-05
126 0.012218 -0.002006 -0.014887 6.895629 -1.006968 -6.470456 0.000000 0.000000 0.000000 0.997888 1 4.449393600e-07 1.961784437e-05
126 0.012398 -0.002015 -0.014793 6.895629 -1.006968 -6.470456 0.000000 0.000000 0.000000 0.997891 1 1.024920493e-06 2.433103509e-05
126 0.012557 -0.002023 -0.014699 6.895629 -1.006968 -6.470456 0.000000 0.000000 0.000000 0.997914 1 4.509929568e-07 1.943088137e-05
126 0.012689 -0.002028 -0.014598 6.895629 -1.006968 -6.470456 0.000000 0.000000 0.000000 0.997943 1 4.831235856e-07 1.944089308e-05
126 0.012797 -0.002030 -0.014493 6.895629 -1.006968 -6.470456 0.000000 0.000000 0.000000 0.997966 1 4.351604730e-07 1.960992813e-05
126 0.012886 -0.002031 -0.014386 6.895629 -1.006968 -6.470456 0.000000 0.000000 0.000000 0.997980 1 4.121102393e-07 1.930701546e-05
126 0.012964 -0.002030 -0.014283 6.895629 -1.006968 -6.470456 0.000000 0.000000 0.000000 0.997987 1 4.139728844e-07 1.942296512e-05
126 0.013035 -0.002030 -0.014186 6.895629 -1.006968 -6.470456 0.000000 0.000000 0.000000 0.997987 1 4.279427230e-07 1.934589818e-05
126 0.013101 -0.002030 -0.014097 6.895629 -1.006968 -6.470456 0.000000 0.000000 0.000000 0.997983 1 7.478520274e-07 1.987488940e-05
126 0.013164 -0.002030 -0.014018 6.895629 -1.006968 -6.470456 0.000000 0.000000 0.000000 0.997978 1 4.130415618e-07 1.950701699e-05
126 0.013226 -0.002031 -0.013948 6.895629 -1.006968 -6.470456 0.000000 0.000000 0.000000 0.997972 1 4.309695214e-07 1.957593486e-05
126 0.013286 -0.002032 -0.013887 6.895629 -1.006968 -6.470456 0.000000 0.000000 0.000000 0.997966 1 4.118774086e-07 1.933402382e-05
126 0.013345 -0.002034 -0.013833 6.895629 -1.006968 -6.470456 0.000000 0.000000 0.000000 0.997959 1 4.011671990e-07 1.936801709e-05
126 0.013403 -0.002036 -0.013787 6.895629 -1.006968 -6.470456 0.000000 0.000000 0.000000 0.997951 1 8.810311556e-07 2.020294778e-05
126 0.013462 -0.002038 -0.013748 6.895629 -1.006968 -6.470456 0.000000 0.000000 0.000000 0.997943 1 4.470348358e-07 1.940899529e-05
126 0.013519 -0.002041 -0.013717 6.895629 -1.006968 -6.470456 0.000000 0.000000 0.000000 0.997935 1 5.739275366e-07 1.951702870e-05
126 0.013577 -0.002044 -0.013691 6.895629 -1.006968 -6.470456 0.000000 0.000000 0.000000 0.997928 1 4.121102393e-07 1.966091804e-05
126 0.013633 -0.002048 -0.013671 6.895629 -1.006968 -6.470456 0.000000 0.000000 0.000000 0.997924 1 5.131587386e-07 1.944415271e-05
126 0.013685 -0.002051 -0.013652 6.895629 -1.006968 -6.470456 0.000000 0.000000 0.000000 0.997925 1 9.869690984e-07 2.245395444e-05
126 0.013732 -0.002054 -0.013633 6.895629 -1.006968 -6.470456 0.000000 0.000000 0.000000 0.997930 1 4.800967872e-07 1.924694516e-05
127 0.012304 -0.001660 -0.015550 6.732805 -0.968821 -6.579986 0.000000 0.000000 0.000000 0.997864 1 5.150213838e-07 1.957314089e-05
127 0.012461 -0.001691 -0.015432 6.732805 -0.968821 -6.579986 0.000000 0.000000 0.000000 0.997877 1 4.300381988e-07 1.939805225e-05
127 0.012595 -0.001718 -0.015314 6.732805 -0.968821 -6.579986 0.000000 0.000000 0.000000 0.997900 1 1.820735633e-07 7.415888831e-06
127 0.012707 -0.001742 -0.015192 6.732805 -0.968821 -6.579986 0.000000 0.000000 0.000000 0.997924 1 1.620501280e-07 6.349990144e-06
127 0.012799 -0.001761 -0.015068 6.732805 -0.968821 -6.579986 0.000000 0.000000 0.000000 0.997944 1 2.339947969e-07 9.424053133e-06
127 0.012875 -0.001779 -0.014945 6.732805 -0.968821 -6.579986 0.000000 0.000000 0.000000 0.997958 1 7.599592209e-07 1.971609890e-05
127 0.012939 -0.001794 -0.014827 6.732805 -0.968821 -6.579986 0.000000 0.000000 0.000000 0.997965 1 4.540197551e-07 1.957989298e-05
127 0.012998 -0.001807 -0.014716 6.732805 -0.968821 -6.579986 0.000000 0.000000 0.000000 0.997966 1 6.440095603e-07 2.109701745e-05
127 0.013052 -0.001820 -0.014615 6.732805 -0.968821 -6.579986 0.000000 0.000000 0.000000 0.997962 1 4.030298442e-07 1.947302371e-05
127 0.013105 -0.001832 -0.014524 6.732805 -0.968821 -6.579986 0.000000 0.000000 0.000000 0.997956 1 4.300381988e-07 1.946301199e-05
127 0.013158 -0.001844 -0.014443 6.732805 -0.968821 -6.579986 0.000000 0.000000 0.000000 0.997949 1 8.009374142e-07 2.048816532e-05
127 0.013210 -0.001855 -0.014372 6.732805 -0.968821 -6.579986 0.000000 0.000000 0.000000 0.997941 1 4.060566425e-07 1.949188299e-05
127 0.013263 -0.001866 -0.014312 6.732805 -0.968821 -6.579986 0.000000 0.000000 0.000000 0.997930 1 4.251487553e-07 1.951190643e-05
127 0.013318 -0.001877 -0.014262 6.732805 -0.968821 -6.579986 0.000000 0.000000 0.000000 0.997918 1 4.491303116e-07 1.966510899e-05
127 0.013376 -0.001889 -0.014222 6.732805 -0.968821 -6.579986 0.000000 0.000000 0.000000 0.997905 1 5.068723112e-07 1.961202361e-05
127 0.013436 -0.001900 -0.014193 6.732805 -0.968821 -6.579986 0.000000 0.000000 0.000000 0.997890 1 1.228880137e-06 2.276012674e-05
127 0.013500 -0.001912 -0.014174 6.732805 -0.968821 -6.579986 0.000000 0.000000 0.000000 0.997874 1 4.370231181e-07 1.952610910e-05
127 0.013566 -0.001924 -0.014163 6.732805 -0.968821 -6.579986 0.000000 0.000000 0.000000 0.997860 1 4.780013114e-07 1.946510747e-05
127 0.013634 -0.001936 -0.014160 6.732805 -0.968821 -6.579986 0.000000 0.000000 0.000000 0.997850 1 5.401670933e-07 3.022188321e-05
127 0.013702 -0.001947 -0.014162 6.732805 -0.968821 -6.579986 0.000000 0.000000 0.000000 0.997842 1 4.319008440e-07 1.948000863e-05
128 0.013638 -0.001940 -0.011546 6.570790 -0.942487 5.877027 0.000000 0.000000 0.000000 0.997778 1 5.050096661e-07 2.779811621e-05
128 0.013712 -0.001951 -0.009655 6.570790 -0.942487 5.877027 0.000000 0.000000 0.000000 0.997780 1 4.929024726e-07 2.326117828e-05
128 0.013774 -0.001961 -0.007914 6.570790 -0.942487 5.877027 0.000000 0.000000 0.000000 0.997802 1 7.161870599e-07 1.977197826e-05
128 0.013818 -0.001969 -0.006320 6.570790 -0.942487 5.877027 0.000000 0.000000 0.000000 0.997829 1 4.691537470e-07 1.958501525e-05
128 0.013845 -0.001974 -0.004859 6.570790 -0.942487 5.877027 0.000000 0.000000 0.000000 0.997851 1 1.881271601e-07 8.270842955e-06
128 0.013862 -0.001977 -0.003518 6.570790 -0.942487 5.877027 0.000000 0.000000 0.000000 0.997864 1 3.648456186e-07 1.219287515e-05
128 0.013874 -0.001980 -0.002284 6.570790 -0.942487 5.877027 0.000000 0.000000 0.000000 0.997869 1 1.159496605e-07 5.429144949e-06
128 0.013884 -0.001982 -0.001145 6.570790 -0.942487 5.877027 0.000000 0.000000 0.000000 0.997868 1 1.429580152e-07 6.093876436e-06
128 0.013894 -0.001984 -0.000093 6.570790 -0.942487 5.877027 0.000000 0.000000 0.000000 0.997863 1 1.240987331e-07 4.820059985e-06
128 0.013907 -0.001987 0.000881 6.570790 -0.942487 5.877027 0.000000 0.000000 0.000000 0.997857 1 2.400483936e-07 8.001923561e-06
128 0.013923 -0.001990 0.001784 6.570790 -0.942487 5.877027 0.000000 0.000000 0.000000 0.997850 1 1.320149750e-07 6.919959560e-06
128 0.013940 -0.001993 0.002620 6.570790 -0.942487 5.877027 0.000000 0.000000 0.000000 0.997843 1 1.359730959e-07 7.136957720e-06
128 0.013960 -0.001996 0.003395 6.570790 -0.942487 5.877027 0.000000 0.000000 0.000000 0.997836 1 4.521571100e-07 9.350012988e-06
128 0.013983 -0.002000 0.004114 6.570790 -0.942487 5.877027 0.000000 0.000000 0.000000 0.997827 1 1.820735633e-07 8.139992133e-06
128 0.014008 -0.002004 0.004782 6.570790 -0.942487 5.877027 0.000000 0.000000 0.000000 0.997818 1 2.018641680e-07 7.319031283e-06
128 0.014036 -0.002008 0.005402 6.570790 -0.942487 5.877027 0.000000 0.000000 0.000000 0.997809 1 2.121087164e-07 8.175149560e-06
128 0.014066 -0.002013 0.005979 6.570790 -0.942487 5.877027 0.000000 0.000000 0.000000 0.997802 1 1.499429345e-07 7.942086086e-06
128 0.014096 -0.002018 0.006514 6.570790 -0.942487 5.877027 0.000000 0.000000 0.000000 0.997797 1 1.890584826e-07 7.870141417e-06
128 0.014125 -0.002022 0.007008 6.570790 -0.942487 5.877027 0.000000 0.000000 0.000000 0.997798 1 1.639127731e-07 7.985159755e-06
128 0.014150 -0.002026 0.007463 6.570790 -0.942487 5.877027 0.000000 0.000000 0.000000 0.997803 1 2.391170710e-07 8.035916835e-06
129 0.012879 -0.001440 0.007197 6.415023 -0.884943 5.778782 0.000000 0.000000 0.000000 0.997731 1 1.720618457e-07 8.023111150e-06
129 0.013005 -0.001483 0.007648 6.415023 -0.884943 5.778782 0.000000 0.000000 0.000000 0.997745 1 2.079177648e-07 8.572125807e-06
129 0.013111 -0.001522 0.008057 6.415023 -0.884943 5.778782 0.000000 0.000000 0.000000 0.997769 1 2.388842404e-07 7.258960977e-06
129 0.013196 -0.001556 0.008422 6.415023 -0.884943 5.778782 0.000000 0.000000 0.000000 0.997794 1 1.022126526e-07 4.768837243e-06
129 0.013263 -0.001585 0.008749 6.415023 -0.884943 5.778782 0.000000 0.000000 0.000000 0.997816 1 5.378387868e-07 1.343199983e-05
129 0.013316 -0.001611 0.009042 6.415023 -0.884943 5.778782 0.000000 0.000000 0.000000 0.997831 1 3.022141755e-07 1.305318438e-05
129 0.013360 -0.001635 0.009309 6.415023 -0.884943 5.778782 0.000000 0.000000 0.000000 0.997839 1 3.981404006e-07 1.945090480e-05
129 0.013398 -0.001656 0.009553 6.415023 -0.884943 5.778782 0.000000 0.000000 0.000000 0.997840 1 4.661269486e-07 1.950003207e-05
129 0.013434 -0.001676 0.009779 6.415023 -0.884943 5.778782 0.000000 0.000000 0.000000 0.997836 1 4.130415618e-07 1.946603879e-05
129 0.013470 -0.001694 0.009990 6.415023 -0.884943 5.778782 0.000000 0.000000 0.000000 0.997830 1 1.037027687e-06 2.225884236e-05
129 0.013507 -0.001712 0.010188 6.415023 -0.884943 5.778782 0.000000 0.000000 0.000000 0.997822 1 4.030298442e-07 1.940084621e-05
129 0.013545 -0.001729 0.010375 6.415023 -0.884943 5.778782 0.000000 0.000000 0.000000 0.997813 1 7.168855518e-07 1.976313069e-05
129 0.013585 -0.001745 0.010551 6.415023 -0.884943 5.778782 0.000000 0.000000 0.000000 0.997802 1 4.561152309e-07 1.942110248e-05
129 0.013628 -0.001761 0.010719 6.415023 -0.884943 5.778782 0.000000 0.000000 0.000000 0.997790 1 4.700850695e-07 1.964694820e-05
129 0.013674 -0.001777 0.010881 6.415023 -0.884943 5.778782 0.000000 0.000000 0.000000 0.997776 1 4.421453923e-07 1.952610910e-05
129 0.013724 -0.001792 0.011036 6.415023 -0.884943 5.778782 0.000000 0.000000 0.000000 0.997761 1 4.679895937e-07 1.934519969e-05
129 0.013777 -0.001807 0.011186 6.415023 -0.884943 5.778782 0.000000 0.000000 0.000000 0.997745 1 6.400514394e-07 1.972890459e-05
129 0.013834 -0.001822 0.011332 6.415023 -0.884943 5.778782 0.000000 0.000000 0.000000 0.997731 1 4.561152309e-07 1.938501373e-05
129 0.013893 -0.001837 0.011472 6.415023 -0.884943 5.778782 0.000000 0.000000 0.000000 0.997719 1 4.130415618e-07 1.943507232e-05
129 0.013952 -0.001851 0.011605 6.415023 -0.884943 5.778782 0.000000 0.000000 0.000000 0.997711 1 4.780013114e-07 1.950981095e-05
130 0.012038 -0.001434 0.010624 6.258735 -0.854440 5.675714 0.000000 0.000000 0.000000 0.997613 1 5.520414561e-07 1.952191815e-05
130 0.012260 -0.001480 0.010848 6.258735 -0.854440 5.675714 0.000000 0.000000 0.000000 0.997619 1 9.650830179e-07 3.979611211e-05
130 0.012457 -0.001522 0.011047 6.258735 -0.854440 5.675714 0.000000 0.000000 0.000000 0.997646 1 4.610046744e-07 1.954799518e-05
130 0.012623 -0.001559 0.011217 6.258735 -0.854440 5.675714 0.000000 0.000000 0.000000 0.997680 1 5.301553756e-07 1.976499334e-05
130 0.012761 -0.001590 0.011360 6.258735 -0.854440 5.675714 0.000000 0.000000 0.000000 0.997708 1 4.090834409e-07 1.971889287e-05
130 0.012877 -0.001618 0.011481 6.258735 -0.854440 5.675714 0.000000 0.000000 0.000000 0.997728 1 9.988434613e-08 4.809815437e-06
130 0.012977 -0.001642 0.011587 6.258735 -0.854440 5.675714 0.000000 0.000000 0.000000 0.997740 1 5.760230124e-07 1.004990190e-05
130 0.013065 -0.001664 0.011681 6.258735 -0.854440 5.675714 0.000000 0.000000 0.000000 0.997745 1 2.328306437e-07 8.553965017e-06
130 0.013145 -0.001684 0.011766 6.258735 -0.854440 5.675714 0.000000 0.000000 0.000000 0.997746 1 1.012114808e-06 2.242508344e-05
130 0.013219 -0.001703 0.011845 6.258735 -0.854440 5.675714 0.000000 0.000000 0.000000 0.997745 1 4.160683602e-07 1.946091652e-05
130 0.013288 -0.001720 0.011919 6.258735 -0.854440 5.675714 0.000000 0.000000 0.000000 0.997744 1 4.009343684e-07 1.956685446e-05
130 0.013352 -0.001736 0.011987 6.258735 -0.854440 5.675714 0.000000 0.000000 0.000000 0.997743 1 4.640314728e-07 1.963088289e-05
130 0.013412 -0.001751 0.012051 6.258735 -0.854440 5.675714 0.000000 0.000000 0.000000 0.997740 1 4.509929568e-07 1.938012429e-05
130 0.013470 -0.001765 0.012111 6.258735 -0.854440 5.675714 0.000000 0.000000 0.000000 0.997736 1 5.380716175e-07 1.960410737e-05
130 0.013524 -0.001778 0.012169 6.258735 -0.854440 5.675714 0.000000 0.000000 0.000000 0.997733 1 4.440080374e-07 1.952098683e-05
130 0.013576 -0.001790 0.012223 6.258735 -0.854440 5.675714 0.000000 0.000000 0.000000 0.997729 1 4.309695214e-07 1.937104389e-05
130 0.013626 -0.001802 0.012275 6.258735 -0.854440 5.675714 0.000000 0.000000 0.000000 0.997727 1 4.009343684e-07 1.931888983e-05
130 0.013672 -0.001813 0.012323 6.258735 -0.854440 5.675714 0.000000 0.000000 0.000000 0.997728 1 4.470348358e-07 1.952797174e-05
130 0.013713 -0.001822 0.012366 6.258735 -0.854440 5.675714 0.000000 0.000000 0.000000 0.997734 1 7.690396160e-07 2.016290091e-05
130 0.013746 -0.001831 0.012402 6.258735 -0.854440 5.675714 0.000000 0.000000 0.000000 0.997745 1 4.521571100e-07 1.942715608e-05
131 0.012122 -0.001249 0.011558 6.105730 -0.809334 5.578608 0.000000 0.000000 0.000000 0.997670 1 6.081536412e-07 1.985882409e-05
131 0.012279 -0.001298 0.011665 6.105730 -0.809334 5.578608 0.000000 0.000000 0.000000 0.997689 1 4.658941180e-07 1.573585905e-05
131 0.012413 -0.001341 0.011753 6.105730 -0.809334 5.578608 0.000000 0.000000 0.000000 0.997718 1 7.830094546e-07 2.731592394e-05
131 0.012522 -0.001379 0.011821 6.105730 -0.809334 5.578608 0.000000 0.000000 0.000000 0.997746 1 5.480833352e-07 1.831003465e-05
131 0.012611 -0.001412 0.011873 6.105730 -0.809334 5.578608 0.000000 0.000000 0.000000 0.997771 1 5.380716175e-07 1.965207048e-05
131 0.012683 -0.001442 0.011912 6.105730 -0.809334 5.578608 0.000000 0.000000 0.000000 0.997788 1 4.519242793e-07 1.958105713e-05
131 0.012744 -0.001468 0.011942 6.105730 -0.809334 5.578608 0.000000 0.000000 0.000000 0.997796 1 5.101319402e-07 1.951702870e-05
131 0.012798 -0.001492 0.011969 6.105730 -0.809334 5.578608 0.000000 0.000000 0.000000 0.997797 1 4.610046744e-07 1.951702870e-05
131 0.012849 -0.001515 0.011994 6.105730 -0.809334 5.578608 0.000000 0.000000 0.000000 0.997793 1 5.499459803e-07 2.097594552e-05
131 0.012899 -0.001536 0.012020 6.105730 -0.809334 5.578608 0.000000 0.000000 0.000000 0.997786 1 4.509929568e-07 2.149399370e-05
131 0.012949 -0.001556 0.012048 6.105730 -0.809334 5.578608 0.000000 0.000000 0.000000 0.997777 1 5.641486496e-07 1.981086098e-05
131 0.012999 -0.001575 0.012077 6.105730 -0.809334 5.578608 0.000000 0.000000 0.000000 0.997767 1 4.121102393e-07 1.964601688e-05
131 0.013051 -0.001593 0.012110 6.105730 -0.809334 5.578608 0.000000 0.000000 0.000000 0.997754 1 4.631001502e-07 1.942086965e-05
131 0.013106 -0.001611 0.012145 6.105730 -0.809334 5.578608 0.000000 0.000000 0.000000 0.997740 1 4.470348358e-07 1.954194158e-05
131 0.013163 -0.001628 0.012184 6.105730 -0.809334 5.578608 0.000000 0.000000 0.000000 0.997724 1 4.109460860e-07 1.944997348e-05
131 0.013224 -0.001645 0.012228 6.105730 -0.809334 5.578608 0.000000 0.000000 0.000000 0.997707 1 7.199123502e-07 2.000201494e-05
131 0.013289 -0.001662 0.012276 6.105730 -0.809334 5.578608 0.000000 0.000000 0.000000 0.997689 1 4.980247468e-07 1.941598020e-05
131 0.013357 -0.001679 0.012327 6.105730 -0.809334 5.578608 0.000000 0.000000 0.000000 0.997672 1 4.169996828e-07 1.938710921e-05
131 0.013426 -0.001695 0.012382 6.105730 -0.809334 5.578608 0.000000 0.000000 0.000000 0.997658 1 4.440080374e-07 1.957896166e-05
131 0.013496 -0.001711 0.012437 6.105730 -0.809334 5.578608 0.000000 0.000000 0.000000 0.997647 1 5.038455129e-07 1.952401362e-05
132 0.011593 -0.001264 0.011395 5.956345 -0.778742 5.480164 0.000000 0.000000 0.000000 0.997543 1 1.013046131e-06 2.251309343e-05
132 0.011826 -0.001314 0.011554 5.956345 -0.778742 5.480164 0.000000 0.000000 0.000000 0.997547 1 3.988388926e-07 1.931795850e-05
132 0.012034 -0.001359 0.011693 5.956345 -0.778742 5.480164 0.000000 0.000000 0.000000 0.997575 1 4.770699888e-07 1.974101178e-05
132 0.012210 -0.001399 0.011808 5.956345 -0.778742 5.480164 0.000000 0.000000 0.000000 0.997611 1 4.360917956e-07 1.951213926e-05
132 0.012358 -0.001433 0.011899 5.956345 -0.778742 5.480164 0.000000 0.000000 0.000000 0.997641 1 4.391185939e-07 1.961784437e-05
132 0.012482 -0.001463 0.011973 5.956345 -0.778742 5.480164 0.000000 0.000000 0.000000 0.997663 1 4.749745131e-07 1.955800690e-05
132 0.012589 -0.001490 0.012034 5.956345 -0.778742 5.480164 0.000000 0.000000 0.000000 0.997675 1 4.430767149e-07 2.005603164e-05
132 0.012684 -0.001515 0.012086 5.956345 -0.778742 5.480164 0.000000 0.000000 0.000000 0.997681 1 6.030313671e-07 2.048304304e-05
132 0.012770 -0.001537 0.012134 5.956345 -0.778742 5.480164 0.000000 0.000000 0.000000 0.997683 1 4.328321666e-07 2.018501982e-05
132 0.012849 -0.001558 0.012177 5.956345 -0.778742 5.480164 0.000000 0.000000 0.000000 0.997683 1 2.901069820e-07 1.230882481e-05
132 0.012923 -0.001577 0.012217 5.956345 -0.778742 5.480164 0.000000 0.000000 0.000000 0.997682 1 2.349261194e-07 1.048599370e-05
132 0.012991 -0.001594 0.012255 5.956345 -0.778742 5.480164 0.000000 0.000000 0.000000 0.997681 1 1.038424671e-07 4.916917533e-06
132 0.013055 -0.001611 0.012290 5.956345 -0.778742 5.480164 0.000000 0.000000 0.000000 0.997679 1 9.150244296e-07 1.820106991e-05
132 0.013115 -0.001626 0.012324 5.956345 -0.778742 5.480164 0.000000 0.000000 0.000000 0.997675 1 4.330649972e-07 1.707300544e-05
132 0.013172 -0.001640 0.012357 5.956345 -0.778742 5.480164 0.000000 0.000000 0.000000 0.997672 1 5.271285772e-07 1.946394332e-05
132 0.013227 -0.001654 0.012389 5.956345 -0.778742 5.480164 0.000000 0.000000 0.000000 0.997668 1 4.030298442e-07 1.940713264e-05
132 0.013278 -0.001666 0.012419 5.956345 -0.778742 5.480164 0.000000 0.000000 0.000000 0.997666 1 4.109460860e-07 1.943809912e-05
132 0.013326 -0.001678 0.012448 5.956345 -0.778742 5.480164 0.000000 0.000000 0.000000 0.997667 1 1.079868525e-06 2.239900641e-05
132 0.013368 -0.001688 0.012472 5.956345 -0.778742 5.480164 0.000000 0.000000 0.000000 0.997674 1 4.079192877e-07 1.949211583e-05
132 0.013403 -0.001697 0.012491 5.956345 -0.778742 5.480164 0.000000 0.000000 0.000000 0.997685 1 4.698522389e-07 1.941807568e-05
133 0.012172 -0.001116 0.011870 5.811768 -0.724188 5.391096 0.000000 0.000000 0.000000 0.997613 1 4.079192877e-07 1.937896013e-05
133 0.012298 -0.001163 0.011942 5.811768 -0.724188 5.391096 0.000000 0.000000 0.000000 0.997633 1 4.072207958e-07 1.928396523e-05
133 0.012404 -0.001204 0.011999 5.811768 -0.724188 5.391096 0.000000 0.000000 0.000000 0.997661 1 4.391185939e-07 2.109888010e-05
133 0.012488 -0.001241 0.012039 5.811768 -0.724188 5.391096 0.000000 0.000000 0.000000 0.997689 1 4.388857633e-07 1.940899529e-05
133 0.012554 -0.001273 0.012066 5.811768 -0.724188 5.391096 0.000000 0.000000 0.000000 0.997713 1 6.901100278e-07 2.135080285e-05
133 0.012606 -0.001302 0.012082 5.811768 -0.724188 5.391096 0.000000 0.000000 0.000000 0.997729 1 4.121102393e-07 1.940689981e-05
133 0.012650 -0.001328 0.012092 5.811768 -0.724188 5.391096 0.000000 0.000000 0.000000 0.997736 1 9.988434613e-08 4.783971235e-06
133 0.012689 -0.001352 0.012101 5.811768 -0.724188 5.391096 0.000000 0.000000 0.000000 0.997736 1 3.830064088e-07 1.812097616e-05
133 0.012726 -0.001374 0.012110 5.811768 -0.724188 5.391096 0.000000 0.000000 0.000000 0.997730 1 4.079192877e-07 1.938315108e-05
133 0.012764 -0.001395 0.012122 5.811768 -0.724188 5.391096 0.000000 0.000000 0.000000 0.997720 1 8.950009942e-07 2.069794573e-05
133 0.012804 -0.001415 0.012138 5.811768 -0.724188 5.391096 0.000000 0.000000 0.000000 0.997709 1 4.079192877e-07 1.935893670e-05
133 0.012847 -0.001435 0.012157 5.811768 -0.724188 5.391096 0.000000 0.000000 0.000000 0.997697 1 5.771871656e-07 1.957709901e-05
133 0.012892 -0.001453 0.012180 5.811768 -0.724188 5.391096 0.000000 0.000000 0.000000 0.997682 1 4.100147635e-07 1.947605051e-05
133 0.012940 -0.001471 0.012208 5.811768 -0.724188 5.391096 0.000000 0.000000 0.000000 0.997665 1 4.668254405e-07 1.953798346e-05
133 0.012993 -0.001488 0.012242 5.811768 -0.724188 5.391096 0.000000 0.000000 0.000000 0.997647 1 1.044012606e-06 2.246303484e-05
133 0.013051 -0.001506 0.012280 5.811768 -0.724188 5.391096 0.000000 0.000000 0.000000 0.997627 1 4.009343684e-07 1.955800690e-05
133 0.013113 -0.001523 0.012325 5.811768 -0.724188 5.391096 0.000000 0.000000 0.000000 0.997606 1 5.648471415e-07 2.043391578e-05
133 0.013179 -0.001539 0.012374 5.811768 -0.724188 5.391096 0.000000 0.000000 0.000000 0.997587 1 4.151370376e-07 2.013402991e-05
133 0.013249 -0.001556 0.012427 5.811768 -0.724188 5.391096 0.000000 0.000000 0.000000 0.997570 1 2.470333129e-07 8.890870959e-06
133 0.013319 -0.001572 0.012482 5.811768 -0.724188 5.391096 0.000000 0.000000 0.000000 0.997557 1 2.468004823e-07 8.981907740e-06
134 0.011742 -0.000999 0.011662 5.671813 -0.683484 5.300859 0.000000 0.000000 0.000000 0.997450 1 6.931368262e-07 2.481206320e-05
134 0.011951 -0.001056 0.011804 5.671813 -0.683484 5.300859 0.000000 0.000000 0.000000 0.997452 1 8.211936802e-07 2.820603549e-05
134 0.012138 -0.001108 0.011930 5.671813 -0.683484 5.300859 0.000000 0.000000 0.000000 0.997480 1 4.058238119e-07 2.003996633e-05
134 0.012294 -0.001154 0.012031 5.671813 -0.683484 5.300859 0.000000 0.000000 0.000000 0.997518 1 8.419156075e-07 2.838694490e-05
134 0.012423 -0.001195 0.012110 5.671813 -0.683484 5.300859 0.000000 0.000000 0.000000 0.997550 1 7.338821888e-07 2.786400728e-05
134 0.012531 -0.001231 0.012172 5.671813 -0.683484 5.300859 0.000000 0.000000 0.000000 0.997572 1 4.100147635e-07 2.022692934e-05
134 0.012623 -0.001264 0.012223 5.671813 -0.683484 5.300859 0.000000 0.000000 0.000000 0.997584 1 6.649643183e-07 2.080993727e-05
134 0.012705 -0.001293 0.012266 5.671813 -0.683484 5.300859 0.000000 0.000000 0.000000 0.997590 1 4.349276423e-07 3.099208698e-05
134 0.012778 -0.001320 0.012305 5.671813 -0.683484 5.300859 0.000000 0.000000 0.000000 0.997591 1 4.151370376e-07 2.004113048e-05
134 0.012847 -0.001345 0.012341 5.671813 -0.683484 5.300859 0.000000 0.000000 0.000000 0.997590 1 4.030298442e-07 2.021598630e-05
134 0.012911 -0.001369 0.012375 5.671813 -0.683484 5.300859 0.000000 0.000000 0.000000 0.997588 1 4.391185939e-07 2.020900138e-05
134 0.012970 -0.001390 0.012407 5.671813 -0.683484 5.300859 0.000000 0.000000 0.000000 0.997587 1 1.000007614e-06 2.299901098e-05
134 0.013026 -0.001410 0.012437 5.671813 -0.683484 5.300859 0.000000 0.000000 0.000000 0.997584 1 4.128087312e-07 2.017780207e-05
134 0.013079 -0.001429 0.012466 5.671813 -0.683484 5.300859 0.000000 0.000000 0.000000 0.997580 1 6.470363587e-07 2.030492760e-05
134 0.013130 -0.001446 0.012495 5.671813 -0.683484 5.300859 0.000000 0.000000 0.000000 0.997576 1 4.940666258e-07 2.005579881e-05
134 0.013178 -0.001463 0.012523 5.671813 -0.683484 5.300859 0.000000 0.000000 0.000000 0.997572 1 4.111789167e-07 2.017687075e-05
134 0.013224 -0.001478 0.012551 5.671813 -0.683484 5.300859 0.000000 0.000000 0.000000 0.997570 1 4.530884326e-07 2.022599801e-05
134 0.013267 -0.001492 0.012576 5.671813 -0.683484 5.300859 0.000000 0.000000 0.000000 0.997571 1 4.461035132e-07 2.021621913e-05
134 0.013305 -0.001505 0.012598 5.671813 -0.683484 5.300859 0.000000 0.000000 0.000000 0.997578 1 5.110632628e-07 2.031307667e-05
134 0.013336 -0.001516 0.012614 5.671813 -0.683484 5.300859 0.000000 0.000000 0.000000 0.997590 1 5.241017789e-07 2.024602145e-05
135 0.012373 -0.000936 0.012154 5.536380 -0.619214 5.220262 0.000000 0.000000 0.000000 0.997518 1 4.759058356e-07 2.028001472e-05
135 0.012474 -0.000982 0.012212 5.536380 -0.619214 5.220262 0.000000 0.000000 0.000000 0.997539 1 4.060566425e-07 2.018408850e-05
135 0.012555 -0.001023 0.012254 5.536380 -0.619214 5.220262 0.000000 0.000000 0.000000 0.997569 1 4.421453923e-07 2.049980685e-05
135 0.012617 -0.001059 0.012281 5.536380 -0.619214 5.220262 0.000000 0.000000 0.000000 0.997599 1 8.500646800e-07 2.083089203e-05
135 0.012663 -0.001091 0.012294 5.536380 -0.619214 5.220262 0.000000 0.000000 0.000000 0.997625 1 4.870817065e-07 2.014799975e-05
135 0.012696 -0.001120 0.012298 5.536380 -0.619214 5.220262 0.000000 0.000000 0.000000 0.997642 1 4.430767149e-07 2.034986392e-05
135 0.012721 -0.001146 0.012297 5.536380 -0.619214 5.220262 0.000000 0.000000 0.000000 0.997650 1 4.149042070e-07 2.014311031e-05
135 0.012743 -0.001169 0.012294 5.536380 -0.619214 5.220262 0.000000 0.000000 0.000000 0.997649 1 4.901085049e-07 2.015498467e-05
135 0.012766 -0.001192 0.012294 5.536380 -0.619214 5.220262 0.000000 0.000000 0.000000 0.997643 1 5.529727787e-07 1.325597987e-05
135 0.012790 -0.001212 0.012297 5.536380 -0.619214 5.220262 0.000000 0.000000 0.000000 0.997633 1 3.010500222e-07 1.347786747e-05
135 0.012817 -0.001232 0.012304 5.536380 -0.619214 5.220262 0.000000 0.000000 0.000000 0.997621 1 5.939509720e-07 2.019200474e-05
135 0.012847 -0.001251 0.012316 5.536380 -0.619214 5.220262 0.000000 0.000000 0.000000 0.997608 1 4.121102393e-07 2.024392597e-05
135 0.012881 -0.001269 0.012332 5.536380 -0.619214 5.220262 0.000000 0.000000 0.000000 0.997592 1 4.309695214e-07 2.001994289e-05
135 0.012920 -0.001287 0.012355 5.536380 -0.619214 5.220262 0.000000 0.000000 0.000000 0.997574 1 4.649627954e-07 2.008210868e-05
135 0.012964 -0.001304 0.012383 5.536380 -0.619214 5.220262 0.000000 0.000000 0.000000 0.997554 1 4.558824003e-07 2.026814036e-05
135 0.013013 -0.001321 0.012417 5.536380 -0.619214 5.220262 0.000000 0.000000 0.000000 0.997533 1 6.530899554e-07 2.053193748e-05
135 0.013068 -0.001337 0.012458 5.536380 -0.619214 5.220262 0.000000 0.000000 0.000000 0.997510 1 4.731118679e-07 2.025905997e-05
135 0.013128 -0.001353 0.012504 5.536380 -0.619214 5.220262 0.000000 0.000000 0.000000 0.997489 1 4.470348358e-07 2.031493932e-05
135 0.013192 -0.001369 0.012554 5.536380 -0.619214 5.220262 0.000000 0.000000 0.000000 0.997472 1 4.169996828e-07 2.012588084e-05
135 0.013257 -0.001385 0.012607 5.536380 -0.619214 5.220262 0.000000 0.000000 0.000000 0.997458 1 4.500616342e-07 2.035684884e-05
136 0.012160 -0.000810 0.012076 5.405912 -0.567200 5.138910 0.000000 0.000000 0.000000 0.997353 1 8.419156075e-07 2.118293196e-05
136 0.012326 -0.000863 0.012194 5.405912 -0.567200 5.138910 0.000000 0.000000 0.000000 0.997353 1 4.339963198e-07 2.009887248e-05
136 0.012473 -0.000912 0.012297 5.405912 -0.567200 5.138910 0.000000 0.000000 0.000000 0.997382 1 4.351604730e-07 2.025300637e-05
136 0.012593 -0.000955 0.012377 5.405912 -0.567200 5.138910 0.000000 0.000000 0.000000 0.997421 1 4.328321666e-07 2.018385567e-05
136 0.012689 -0.000993 0.012437 5.405912 -0.567200 5.138910 0.000000 0.000000 0.000000 0.997453 1 4.570465535e-07 2.018990926e-05
136 0.012766 -0.001027 0.012482 5.405912 -0.567200 5.138910 0.000000 0.000000 0.000000 0.997476 1 1.111999154e-06 2.287700772e-05
136 0.012831 -0.001058 0.012516 5.405912 -0.567200 5.138910 0.000000 0.000000 0.000000 0.997489 1 4.840549082e-07 2.011517063e-05
136 0.012887 -0.001086 0.012545 5.405912 -0.567200 5.138910 0.000000 0.000000 0.000000 0.997494 1 4.409812391e-07 2.011307515e-05
136 0.012937 -0.001112 0.012570 5.405912 -0.567200 5.138910 0.000000 0.000000 0.000000 0.997495 1 4.440080374e-07 2.027489245e-05
136 0.012984 -0.001136 0.012594 5.405912 -0.567200 5.138910 0.000000 0.000000 0.000000 0.997493 1 4.060566425e-07 1.998804510e-05
136 0.013028 -0.001158 0.012616 5.405912 -0.567200 5.138910 0.000000 0.000000 0.000000 0.997492 1 4.081521183e-07 1.891702414e-05
136 0.013069 -0.001178 0.012638 5.405912 -0.567200 5.138910 0.000000 0.000000 0.000000 0.997490 1 4.048924893e-07 2.022599801e-05
136 0.013108 -0.001197 0.012659 5.405912 -0.567200 5.138910 0.000000 0.000000 0.000000 0.997487 1 7.499475032e-07 2.055801451e-05
136 0.013146 -0.001215 0.012679 5.405912 -0.567200 5.138910 0.000000 0.000000 0.000000 0.997482 1 4.149042070e-07 2.020504326e-05
136 0.013183 -0.001231 0.012700 5.405912 -0.567200 5.138910 0.000000 0.000000 0.000000 0.997478 1 3.059394658e-07 1.415004954e-05
136 0.013218 -0.001247 0.012721 5.405912 -0.567200 5.138910 0.000000 0.000000 0.000000 0.997474 1 3.681052476e-07 1.775589772e-05
136 0.013252 -0.001261 0.012741 5.405912 -0.567200 5.138910 0.000000 0.000000 0.000000 0.997472 1 1.969747245e-07 9.173061699e-06
136 0.013284 -0.001274 0.012761 5.405912 -0.567200 5.138910 0.000000 0.000000 0.000000 0.997473 1 9.289942682e-07 2.122507431e-05
136 0.013312 -0.001286 0.012777 5.405912 -0.567200 5.138910 0.000000 0.000000 0.000000 0.997480 1 4.479661584e-07 2.012914047e-05
136 0.013333 -0.001297 0.012788 5.405912 -0.567200 5.138910 0.000000 0.000000 0.000000 0.997492 1 4.069879651e-07 2.010003664e-05
137 0.012547 -0.000716 0.012436 5.279574 -0.493892 5.066754 0.000000 0.000000 0.000000 0.997419 1 4.470348358e-07 2.005300485e-05
137 0.012626 -0.000759 0.012481 5.279574 -0.493892 5.066754 0.000000 0.000000 0.000000 0.997441 1 3.618188202e-07 1.762597822e-05
137 0.012687 -0.000797 0.012511 5.279574 -0.493892 5.066754 0.000000 0.000000 0.000000 0.997473 1 1.077773049e-06 2.315011807e-05
137 0.012730 -0.000831 0.012527 5.279574 -0.493892 5.066754 0.000000 0.000000 0.000000 0.997504 1 4.291068763e-07 1.999316737e-05
137 0.012758 -0.000861 0.012530 5.279574 -0.493892 5.066754 0.000000 0.000000 0.000000 0.997531 1 4.179310054e-07 1.493701711e-05
137 0.012775 -0.000888 0.012524 5.279574 -0.493892 5.066754 0.000000 0.000000 0.000000 0.997549 1 3.960449249e-07 1.908303238e-05
137 0.012786 -0.000913 0.012514 5.279574 -0.493892 5.066754 0.000000 0.000000 0.000000 0.997556 1 4.509929568e-07 2.179411240e-05
137 0.012794 -0.000936 0.012504 5.279574 -0.493892 5.066754 0.000000 0.000000 0.000000 0.997556 1 4.179310054e-07 2.016196959e-05
137 0.012804 -0.000957 0.012496 5.279574 -0.493892 5.066754 0.000000 0.000000 0.000000 0.997548 1 4.759058356e-07 2.984888852e-05
137 0.012818 -0.000976 0.012493 5.279574 -0.493892 5.066754 0.000000 0.000000 0.000000 0.997537 1 5.990732461e-07 2.032192424e-05
137 0.012835 -0.000995 0.012495 5.279574 -0.493892 5.066754 0.000000 0.000000 0.000000 0.997524 1 4.288740456e-07 2.013822086e-05
137 0.012856 -0.001013 0.012501 5.279574 -0.493892 5.066754 0.000000 0.000000 0.000000 0.997510 1 4.169996828e-07 2.000783570e-05
137 0.012882 -0.001030 0.012514 5.279574 -0.493892 5.066754 0.000000 0.000000 0.000000 0.997493 1 4.048924893e-07 2.013682388e-05
137 0.012914 -0.001046 0.012533 5.279574 -0.493892 5.066754 0.000000 0.000000 0.000000 0.997473 1 4.461035132e-07 1.998199150e-05
137 0.012952 -0.001062 0.012558 5.279574 -0.493892 5.066754 0.000000 0.000000 0.000000 0.997451 1 8.349306881e-07 2.104695886e-05
137 0.012996 -0.001078 0.012591 5.279574 -0.493892 5.066754 0.000000 0.000000 0.000000 0.997428 1 4.819594324e-07 2.030492760e-05
137 0.013046 -0.001093 0.012630 5.279574 -0.493892 5.066754 0.000000 0.000000 0.000000 0.997404 1 8.430797607e-07 2.802093513e-05
137 0.013102 -0.001108 0.012675 5.279574 -0.493892 5.066754 0.000000 0.000000 0.000000 0.997381 1 4.139728844e-07 1.996196806e-05
137 0.013162 -0.001123 0.012725 5.279574 -0.493892 5.066754 0.000000 0.000000 0.000000 0.997362 1 4.309695214e-07 2.023787238e-05
137 0.013224 -0.001137 0.012777 5.279574 -0.493892 5.066754 0.000000 0.000000 0.000000 0.997347 1 1.024222001e-06 2.324092202e-05
138 0.012377 -0.000561 0.012398 5.158402 -0.433211 4.993598 0.000000 0.000000 0.000000 0.997240 1 4.549510777e-07 2.006907016e-05
138 0.012521 -0.000610 0.012506 5.158402 -0.433211 4.993598 0.000000 0.000000 0.000000 0.997239 1 5.979090929e-07 2.032704651e-05
138 0.012648 -0.000654 0.012599 5.158402 -0.433211 4.993598 0.000000 0.000000 0.000000 0.997267 1 4.430767149e-07 1.993589103e-05
138 0.012750 -0.000694 0.012671 5.158402 -0.433211 4.993598 0.000000 0.000000 0.000000 0.997306 1 4.980247468e-07 2.032378688e-05
138 0.012831 -0.000730 0.012724 5.158402 -0.433211 4.993598 0.000000 0.000000 0.000000 0.997339 1 4.509929568e-07 2.029514872e-05
138 0.012895 -0.000762 0.012762 5.158402 -0.433211 4.993598 0.000000 0.000000 0.000000 0.997361 1 4.300381988e-07 2.029794268e-05
138 0.012947 -0.000791 0.012791 5.158402 -0.433211 4.993598 0.000000 0.000000 0.000000 0.997374 1 8.188653737e-07 2.065813169e-05
138 0.012992 -0.000818 0.012815 5.158402 -0.433211 4.993598 0.000000 0.000000 0.000000 0.997379 1 4.079192877e-07 2.010003664e-05
138 0.013032 -0.000842 0.012836 5.158402 -0.433211 4.993598 0.000000 0.000000 0.000000 0.997379 1 4.761386663e-07 2.029794268e-05
138 0.013070 -0.000865 0.012855 5.158402 -0.433211 4.993598 0.000000 0.000000 0.000000 0.997378 1 4.488974810e-07 2.020597458e-05
138 0.013105 -0.000886 0.012874 5.158402 -0.433211 4.993598 0.000000 0.000000 0.000000 0.997376 1 5.487818271e-07 2.010399476e-05
138 0.013138 -0.000905 0.012892 5.158402 -0.433211 4.993598 0.000000 0.000000 0.000000 0.997375 1 8.589122444e-07 2.063205466e-05
138 0.013170 -0.000923 0.012909 5.158402 -0.433211 4.993598 0.000000 0.000000 0.000000 0.997372 1 4.610046744e-07 2.007209696e-05
138 0.013201 -0.000939 0.012926 5.158402 -0.433211 4.993598 0.000000 0.000000 0.000000 0.997368 1 4.619359970e-07 2.007791772e-05
138 0.013230 -0.000955 0.012944 5.158402 -0.433211 4.993598 0.000000 0.000000 0.000000 0.997364 1 5.271285772e-07 2.022390254e-05
138 0.013260 -0.000969 0.012962 5.158402 -0.433211 4.993598 0.000000 0.000000 0.000000 0.997360 1 4.130415618e-07 2.004695125e-05
138 0.013288 -0.000983 0.012979 5.158402 -0.433211 4.993598 0.000000 0.000000 0.000000 0.997358 1 1.139007509e-06 2.326816320e-05
138 0.013314 -0.000995 0.012996 5.158402 -0.433211 4.993598 0.000000 0.000000 0.000000 0.997359 1 5.250331014e-07 2.025812864e-05
138 0.013336 -0.001007 0.013009 5.158402 -0.433211 4.993598 0.000000 0.000000 0.000000 0.997367 1 4.100147635e-07 2.031004988e-05
138 0.013352 -0.001017 0.013017 5.158402 -0.433211 4.993598 0.000000 0.000000 0.000000 0.997381 1 4.309695214e-07 1.998292282e-05
139 0.012699 -0.000435 0.012748 5.040939 -0.351016 4.930050 0.000000 0.000000 0.000000 0.997306 1 4.039611667e-07 2.025999129e-05
139 0.012762 -0.000474 0.012785 5.040939 -0.351016 4.930050 0.000000 0.000000 0.000000 0.997329 1 4.069879651e-07 2.015405335e-05
139 0.012809 -0.000509 0.012808 5.040939 -0.351016 4.930050 0.000000 0.000000 0.000000 0.997362 1 4.130415618e-07 2.015708014e-05
139 0.012839 -0.000541 0.012815 5.040939 -0.351016 4.930050 0.000000 0.000000 0.000000 0.997396 1 6.279442459e-07 2.049794421e-05
139 0.012855 -0.000569 0.012811 5.040939 -0.351016 4.930050 0.000000 0.000000 0.000000 0.997424 1 4.118774086e-07 2.023414709e-05
139 0.012861 -0.000594 0.012798 5.040939 -0.351016 4.930050 0.000000 0.000000 0.000000 0.997443 1 4.449393600e-07 2.002087422e-05
139 0.012861 -0.000617 0.012781 5.040939 -0.351016 4.930050 0.000000 0.000000 0.000000 0.997451 1 4.130415618e-07 2.010492608e-05
139 0.012860 -0.000639 0.012765 5.040939 -0.351016 4.930050 0.000000 0.000000 0.000000 0.997450 1 4.710163921e-07 2.025696449e-05
139 0.012861 -0.000659 0.012752 5.040939 -0.351016 4.930050 0.000000 0.000000 0.000000 0.997442 1 8.330680430e-07 2.113101073e-05
139 0.012866 -0.000677 0.012743 5.040939 -0.351016 4.930050 0.000000 0.000000 0.000000 0.997430 1 4.530884326e-07 2.015591599e-05
139 0.012876 -0.000695 0.012740 5.040939 -0.351016 4.930050 0.000000 0.000000 0.000000 0.997416 1 4.121102393e-07 1.761899330e-05
139 0.012891 -0.000711 0.012744 5.040939 -0.351016 4.930050 0.000000 0.000000 0.000000 0.997400 1 3.108289093e-07 1.555820927e-05
139 0.012911 -0.000727 0.012753 5.040939 -0.351016 4.930050 0.000000 0.000000 0.000000 0.997382 1 5.757901818e-07 2.062483691e-05
139 0.012937 -0.000742 0.012769 5.040939 -0.351016 4.930050 0.000000 0.000000 0.000000 0.997361 1 1.048902050e-06 2.805795521e-05
139 0.012970 -0.000757 0.012792 5.040939 -0.351016 4.930050 0.000000 0.000000 0.000000 0.997338 1 7.089693099e-07 2.831709571e-05
139 0.013010 -0.000771 0.012823 5.040939 -0.351016 4.930050 0.000000 0.000000 0.000000 0.997313 1 9.110663086e-07 3.661890514e-05
139 0.013057 -0.000784 0.012861 5.040939 -0.351016 4.930050 0.000000 0.000000 0.000000 0.997288 1 7.550697774e-07 2.829311416e-05
139 0.013109 -0.000798 0.012905 5.040939 -0.351016 4.930050 0.000000 0.000000 0.000000 0.997263 1 7.429625839e-07 2.819090150e-05
139 0.013167 -0.000810 0.012955 5.040939 -0.351016 4.930050 0.000000 0.000000 0.000000 0.997243 1 7.359776646e-07 2.791616134e-05
139 0.013227 -0.000823 0.013008 5.040939 -0.351016 4.930050 0.000000 0.000000 0.000000 0.997226 1 4.437752068e-07 2.009002492e-05
140 0.012536 -0.000245 0.012727 4.928522 -0.283434 4.864599 0.000000 0.000000 0.000000 0.997116 1 7.029157132e-07 2.052215859e-05
140 0.012666 -0.000289 0.012828 4.928522 -0.283434 4.864599 0.000000 0.000000 0.000000 0.997115 1 4.081521183e-07 2.007512376e-05
140 0.012780 -0.000329 0.012915 4.928522 -0.283434 4.864599 0.000000 0.000000 0.000000 0.997146 1 4.048924893e-07 2.026185393e-05
140 0.012870 -0.000365 0.012981 4.928522 -0.283434 4.864599 0.000000 0.000000 0.000000 0.997188 1 4.970934242e-07 2.027396113e-05
140 0.012938 -0.000398 0.013027 4.928522 -0.283434 4.864599 0.000000 0.000000 0.000000 0.997224 1 5.101319402e-07 2.021691762e-05
140 0.012990 -0.000428 0.013058 4.928522 -0.283434 4.864599 0.000000 0.000000 0.000000 0.997248 1 4.679895937e-07 2.028211020e-05
140 0.013030 -0.000455 0.013080 4.928522 -0.283434 4.864599 0.000000 0.000000 0.000000 0.997262 1 4.561152309e-07 2.003484406e-05
140 0.013065 -0.000479 0.013097 4.928522 -0.283434 4.864599 0.000000 0.000000 0.000000 0.997267 1 6.209593266e-07 2.041901462e-05
140 0.013096 -0.000502 0.013113 4.928522 -0.283434 4.864599 0.000000 0.000000 0.000000 0.997267 1 4.810281098e-07 2.016406506e-05
140 0.013125 -0.000523 0.013127 4.928522 -0.283434 4.864599 0.000000 0.000000 0.000000 0.997265 1 5.210749805e-07 2.027302980e-05
140 0.013153 -0.000542 0.013141 4.928522 -0.283434 4.864599 0.000000 0.000000 0.000000 0.997263 1 9.818468243e-07 2.325000241e-05
140 0.013179 -0.000560 0.013155 4.928522 -0.283434 4.864599 0.000000 0.000000 0.000000 0.997261 1 5.089677870e-07 2.037384547e-05
140 0.013204 -0.000577 0.013168 4.928522 -0.283434 4.864599 0.000000 0.000000 0.000000 0.997258 1 6.791669875e-07 2.036103979e-05
140 0.013229 -0.000592 0.013182 4.928522 -0.283434 4.864599 0.000000 0.000000 0.000000 0.997253 1 4.090834409e-07 1.998199150e-05
140 0.013254 -0.000607 0.013197 4.928522 -0.283434 4.864599 0.000000 0.000000 0.000000 0.997248 1 4.579778761e-07 2.052914351e-05
140 0.013279 -0.000620 0.013213 4.928522 -0.283434 4.864599 0.000000 0.000000 0.000000 0.997244 1 4.637986422e-07 2.025696449e-05
140 0.013303 -0.000633 0.013229 4.928522 -0.283434 4.864599 0.000000 0.000000 0.000000 0.997241 1 4.097819328e-07 2.013309859e-05
140 0.013326 -0.000644 0.013244 4.928522 -0.283434 4.864599 0.000000 0.000000 0.000000 0.997242 1 4.570465535e-07 2.036103979e-05
140 0.013345 -0.000655 0.013256 4.928522 -0.283434 4.864599 0.000000 0.000000 0.000000 0.997250 1 4.780013114e-07 2.004695125e-05
140 0.013358 -0.000664 0.013262 4.928522 -0.283434 4.864599 0.000000 0.000000 0.000000 0.997264 1 4.451721907e-07 2.175406553e-05
141 0.012780 -0.000082 0.013043 4.819013 -0.196899 4.808089 0.000000 0.000000 0.000000 0.997186 1 5.578622222e-07 2.193194814e-05
141 0.012835 -0.000118 0.013076 4.819013 -0.196899 4.808089 0.000000 0.000000 0.000000 0.997210 1 4.160683602e-07 2.011610195e-05
141 0.012875 -0.000151 0.013095 4.819013 -0.196899 4.808089 0.000000 0.000000 0.000000 0.997245 1 7.939524949e-07 2.702302299e-05
141 0.012899 -0.000181 0.013100 4.819013 -0.196899 4.808089 0.000000 0.000000 0.000000 0.997280 1 4.041939974e-07 2.012099139e-05
141 0.012909 -0.000208 0.013092 4.819013 -0.196899 4.808089 0.000000 0.000000 0.000000 0.997309 1 4.190951586e-07 2.005579881e-05
141 0.012909 -0.000232 0.013076 4.819013 -0.196899 4.808089 0.000000 0.000000 0.000000 0.997329 1 4.640314728e-07 2.030399628e-05
141 0.012904 -0.000255 0.013056 4.819013 -0.196899 4.808089 0.000000 0.000000 0.000000 0.997337 1 4.251487553e-07 2.040294930e-05
141 0.012899 -0.000275 0.013037 4.819013 -0.196899 4.808089 0.000000 0.000000 0.000000 0.997335 1 1.074047759e-06 2.324907109e-05
141 0.012896 -0.000295 0.013021 4.819013 -0.196899 4.808089 0.000000 0.000000 0.000000 0.997327 1 4.151370376e-07 2.036290243e-05
141 0.012897 -0.000313 0.013011 4.819013 -0.196899 4.808089 0.000000 0.000000 0.000000 0.997314 1 5.739275366e-07 2.023507841e-05
141 0.012904 -0.000329 0.013006 4.819013 -0.196899 4.808089 0.000000 0.000000 0.000000 0.997299 1 4.440080374e-07 2.019898966e-05
141 0.012916 -0.000345 0.013008 4.819013 -0.196899 4.808089 0.000000 0.000000 0.000000 0.997282 1 4.139728844e-07 2.026511356e-05
141 0.012934 -0.000360 0.013016 4.819013 -0.196899 4.808089 0.000000 0.000000 0.000000 0.997263 1 4.370231181e-07 1.995288767e-05
141 0.012958 -0.000374 0.013032 4.819013 -0.196899 4.808089 0.000000 0.000000 0.000000 0.997240 1 4.358589649e-07 2.018618397e-05
141 0.012989 -0.000387 0.013055 4.819013 -0.196899 4.808089 0.000000 0.000000 0.000000 0.997216 1 7.068738341e-07 2.034497447e-05
141 0.013028 -0.000400 0.013086 4.819013 -0.196899 4.808089 0.000000 0.000000 0.000000 0.997189 1 5.019828677e-07 2.040388063e-05
141 0.013073 -0.000412 0.013125 4.819013 -0.196899 4.808089 0.000000 0.000000 0.000000 0.997162 1 4.118774086e-07 2.011912875e-05
141 0.013125 -0.000423 0.013170 4.819013 -0.196899 4.808089 0.000000 0.000000 0.000000 0.997136 1 4.158355296e-07 1.905602403e-05
141 0.013182 -0.000434 0.013221 4.819013 -0.196899 4.808089 0.000000 0.000000 0.000000 0.997114 1 4.409812391e-07 2.023996785e-05
141 0.013242 -0.000445 0.013276 4.819013 -0.196899 4.808089 0.000000 0.000000 0.000000 0.997096 1 6.579793990e-07 2.110493369e-05
142 0.012664 0.000135 0.013069 4.714811 -0.123548 4.750069 0.000000 0.000000 0.000000 0.996980 1 5.210749805e-07 2.012006007e-05
142 0.012786 0.000096 0.013168 4.714811 -0.123548 4.750069 0.000000 0.000000 0.000000 0.996979 1 7.709022611e-07 2.075405791e-05
142 0.012892 0.000060 0.013254 4.714811 -0.123548 4.750069 0.000000 0.000000 0.000000 0.997011 1 4.700850695e-07 2.017104998e-05
142 0.012976 0.000028 0.013317 4.714811 -0.123548 4.750069 0.000000 0.000000 0.000000 0.997056 1 4.360917956e-07 2.017011866e-05
142 0.013037 -0.000002 0.013361 4.714811 -0.123548 4.750069 0.000000 0.000000 0.000000 0.997093 1 1.134118065e-06 3.056786954e-05
142 0.013083 -0.000030 0.013389 4.714811 -0.123548 4.750069 0.000000 0.000000 0.000000 0.997118 1 1.444946975e-06 6.831390783e-05
142 0.013119 -0.000055 0.013409 4.714811 -0.123548 4.750069 0.000000 0.000000 0.000000 0.997132 1 2.058222890e-07 9.794021025e-06
142 0.013149 -0.000078 0.013425 4.714811 -0.123548 4.750069 0.000000 0.000000 0.000000 0.997137 1 1.699663699e-07 8.466886356e-06
142 0.013175 -0.000099 0.013438 4.714811 -0.123548 4.750069 0.000000 0.000000 0.000000 0.997137 1 4.491303116e-07 2.004997805e-05
142 0.013201 -0.000118 0.013451 4.714811 -0.123548 4.750069 0.000000 0.000000 0.000000 0.997135 1 3.799796104e-07 1.907907426e-05
142 0.013225 -0.000137 0.013463 4.714811 -0.123548 4.750069 0.000000 0.000000 0.000000 0.997132 1 4.321336746e-07 2.039596438e-05
142 0.013248 -0.000153 0.013476 4.714811 -0.123548 4.750069 0.000000 0.000000 0.000000 0.997130 1 4.470348358e-07 2.006883733e-05
142 0.013270 -0.000169 0.013489 4.714811 -0.123548 4.750069 0.000000 0.000000 0.000000 0.997126 1 4.479661584e-07 2.018688247e-05
142 0.013293 -0.000183 0.013502 4.714811 -0.123548 4.750069 0.000000 0.000000 0.000000 0.997121 1 4.940666258e-07 2.009002492e-05
142 0.013315 -0.000196 0.013516 4.714811 -0.123548 4.750069 0.000000 0.000000 0.000000 0.997116 1 4.451721907e-07 2.011400647e-05
142 0.013338 -0.000209 0.013531 4.714811 -0.123548 4.750069 0.000000 0.000000 0.000000 0.997111 1 4.458706826e-07 2.047908492e-05
142 0.013360 -0.000220 0.013547 4.714811 -0.123548 4.750069 0.000000 0.000000 0.000000 0.997108 1 7.830094546e-07 2.054800279e-05
142 0.013382 -0.000231 0.013561 4.714811 -0.123548 4.750069 0.000000 0.000000 0.000000 0.997109 1 4.109460860e-07 2.013402991e-05
142 0.013399 -0.000240 0.013573 4.714811 -0.123548 4.750069 0.000000 0.000000 0.000000 0.997117 1 4.631001502e-07 2.011400647e-05
142 0.013411 -0.000249 0.013579 4.714811 -0.123548 4.750069 0.000000 0.000000 0.000000 0.997132 1 4.540197551e-07 2.025207505e-05
143 0.012898 0.000334 0.013407 4.612769 -0.032355 4.700800 0.000000 0.000000 0.000000 0.997050 1 4.498288035e-07 2.012006007e-05
143 0.012948 0.000301 0.013437 4.612769 -0.032355 4.700800 0.000000 0.000000 0.000000 0.997075 1 1.128064469e-06 2.315198071e-05
143 0.012983 0.000270 0.013454 4.612769 -0.032355 4.700800 0.000000 0.000000 0.000000 0.997110 1 4.160683602e-07 2.011912875e-05
143 0.013003 0.000242 0.013457 4.612769 -0.032355 4.700800 0.000000 0.000000 0.000000 0.997146 1 7.068738341e-07 2.048001625e-05
143 0.013009 0.000217 0.013448 4.612769 -0.032355 4.700800 0.000000 0.000000 0.000000 0.997175 1 4.060566425e-07 2.012192272e-05
143 0.013007 0.000193 0.013431 4.612769 -0.032355 4.700800 0.000000 0.000000 0.000000 0.997194 1 4.027970135e-07 2.023787238e-05
143 0.013000 0.000171 0.013410 4.612769 -0.032355 4.700800 0.000000 0.000000 0.000000 0.997201 1 4.430767149e-07 2.028094605e-05
143 0.012994 0.000151 0.013391 4.612769 -0.032355 4.700800 0.000000 0.000000 0.000000 0.997198 1 4.027970135e-07 2.016685903e-05
143 0.012990 0.000132 0.013376 4.612769 -0.032355 4.700800 0.000000 0.000000 0.000000 0.997188 1 5.490146577e-07 2.025510184e-05
143 0.012992 0.000115 0.013367 4.612769 -0.032355 4.700800 0.000000 0.000000 0.000000 0.997173 1 4.079192877e-07 2.012006007e-05
143 0.012999 0.000099 0.013365 4.612769 -0.032355 4.700800 0.000000 0.000000 0.000000 0.997155 1 4.020985216e-07 2.017291263e-05
143 0.013012 0.000085 0.013369 4.612769 -0.032355 4.700800 0.000000 0.000000 0.000000 0.997136 1 4.190951586e-07 1.889397390e-05
143 0.013032 0.000071 0.013381 4.612769 -0.032355 4.700800 0.000000 0.000000 0.000000 0.997114 1 4.530884326e-07 2.024415880e-05
143 0.013058 0.000058 0.013400 4.612769 -0.032355 4.700800 0.000000 0.000000 0.000000 0.997089 1 8.239876479e-07 2.098712139e-05
143 0.013092 0.000047 0.013427 4.612769 -0.032355 4.700800 0.000000 0.000000 0.000000 0.997061 1 4.770699888e-07 2.165208571e-05
143 0.013134 0.000036 0.013463 4.612769 -0.032355 4.700800 0.000000 0.000000 0.000000 0.997032 1 4.749745131e-07 2.002296969e-05
143 0.013183 0.000025 0.013507 4.612769 -0.032355 4.700800 0.000000 0.000000 0.000000 0.997001 1 4.000030458e-07 2.038502134e-05
143 0.013238 0.000016 0.013558 4.612769 -0.032355 4.700800 0.000000 0.000000 0.000000 0.996972 1 4.079192877e-07 2.009002492e-05
143 0.013299 0.000007 0.013615 4.612769 -0.032355 4.700800 0.000000 0.000000 0.000000 0.996948 1 1.035165042e-06 2.505886368e-05
143 0.013364 -0.000001 0.013676 4.612769 -0.032355 4.700800 0.000000 0.000000 0.000000 0.996927 1 4.060566425e-07 2.012192272e-05
144 0.012869 0.000581 0.013528 4.516342 0.044825 4.649516 0.000000 0.000000 0.000000 0.996805 1 4.440080374e-07 2.015498467e-05
144 0.012991 0.000548 0.013631 4.516342 0.044825 4.649516 0.000000 0.000000 0.000000 0.996802 1 4.109460860e-07 2.022599801e-05
144 0.013097 0.000517 0.013721 4.516342 0.044825 4.649516 0.000000 0.000000 0.000000 0.996835 1 4.400499165e-07 1.999503002e-05
144 0.013180 0.000488 0.013788 4.516342 0.044825 4.649516 0.000000 0.000000 0.000000 0.996881 1 4.470348358e-07 2.010399476e-05
144 0.013242 0.000461 0.013835 4.516342 0.044825 4.649516 0.000000 0.000000 0.000000 0.996920 1 4.321336746e-07 2.020015381e-05
144 0.013288 0.000436 0.013867 4.516342 0.044825 4.649516 0.000000 0.000000 0.000000 0.996947 1 5.529727787e-07 2.045789734e-05
144 0.013323 0.000413 0.013889 4.516342 0.044825 4.649516 0.000000 0.000000 0.000000 0.996962 1 4.079192877e-07 1.998711377e-05
144 0.013352 0.000392 0.013906 4.516342 0.044825 4.649516 0.000000 0.000000 0.000000 0.996968 1 4.919711500e-07 2.039805986e-05
144 0.013379 0.000372 0.013920 4.516342 0.044825 4.649516 0.000000 0.000000 0.000000 0.996968 1 4.151370376e-07 1.992797479e-05
144 0.013403 0.000354 0.013934 4.516342 0.044825 4.649516 0.000000 0.000000 0.000000 0.996966 1 4.169996828e-07 1.997500658e-05
144 0.013426 0.000337 0.013948 4.516342 0.044825 4.649516 0.000000 0.000000 0.000000 0.996964 1 8.619390428e-07 2.116104588e-05
144 0.013448 0.000322 0.013961 4.516342 0.044825 4.649516 0.000000 0.000000 0.000000 0.996963 1 4.468020052e-07 2.012006007e-05
144 0.013470 0.000307 0.013974 4.516342 0.044825 4.649516 0.000000 0.000000 0.000000 0.996959 1 4.169996828e-07 2.009980381e-05
144 0.013491 0.000294 0.013987 4.516342 0.044825 4.649516 0.000000 0.000000 0.000000 0.996955 1 4.610046744e-07 2.002995461e-05
144 0.013512 0.000282 0.014001 4.516342 0.044825 4.649516 0.000000 0.000000 0.000000 0.996950 1 4.128087312e-07 2.025603317e-05
144 0.013533 0.000271 0.014016 4.516342 0.044825 4.649516 0.000000 0.000000 0.000000 0.996946 1 1.044943929e-06 2.338993363e-05
144 0.013553 0.000261 0.014031 4.516342 0.044825 4.649516 0.000000 0.000000 0.000000 0.996943 1 4.109460860e-07 2.004811540e-05
144 0.013573 0.000251 0.014044 4.516342 0.044825 4.649516 0.000000 0.000000 0.000000 0.996945 1 4.819594324e-07 2.003903501e-05
144 0.013588 0.000242 0.014055 4.516342 0.044825 4.649516 0.000000 0.000000 0.000000 0.996954 1 4.051253200e-07 2.000690438e-05
144 0.013598 0.000234 0.014060 4.516342 0.044825 4.649516 0.000000 0.000000 0.000000 0.996971 1 4.819594324e-07 2.017803490e-05
145 0.013127 0.000820 0.013920 4.420460 0.140052 4.607110 0.000000 0.000000 0.000000 0.996883 1 4.088506103e-07 2.002203837e-05
145 0.013173 0.000790 0.013950 4.420460 0.140052 4.607110 0.000000 0.000000 0.000000 0.996908 1 7.250346243e-07 2.801185474e-05
145 0.013204 0.000762 0.013965 4.420460 0.140052 4.607110 0.000000 0.000000 0.000000 0.996946 1 2.838205546e-07 8.985167369e-06
145 0.013219 0.000737 0.013965 4.420460 0.140052 4.607110 0.000000 0.000000 0.000000 0.996985 1 2.419110388e-07 1.174095087e-05
145 0.013221 0.000712 0.013953 4.420460 0.140052 4.607110 0.000000 0.000000 0.000000 0.997018 1 7.399357855e-07 2.819602378e-05
145 0.013213 0.000689 0.013931 4.420460 0.140052 4.607110 0.000000 0.000000 0.000000 0.997041 1 4.088506103e-07 1.864996739e-05
145 0.013201 0.000668 0.013906 4.420460 0.140052 4.607110 0.000000 0.000000 0.000000 0.997051 1 3.750901669e-07 1.661200076e-05
145 0.013188 0.000649 0.013882 4.420460 0.140052 4.607110 0.000000 0.000000 0.000000 0.997050 1 4.949979484e-07 2.040201798e-05
145 0.013178 0.000630 0.013861 4.420460 0.140052 4.607110 0.000000 0.000000 0.000000 0.997040 1 4.579778761e-07 2.029002644e-05
145 0.013174 0.000614 0.013846 4.420460 0.140052 4.607110 0.000000 0.000000 0.000000 0.997026 1 4.370231181e-07 2.017617226e-05
145 0.013175 0.000599 0.013839 4.420460 0.140052 4.607110 0.000000 0.000000 0.000000 0.997008 1 4.479661584e-07 2.022809349e-05
145 0.013183 0.000585 0.013838 4.420460 0.140052 4.607110 0.000000 0.000000 0.000000 0.996988 1 4.631001502e-07 2.012797631e-05
145 0.013197 0.000573 0.013846 4.420460 0.140052 4.607110 0.000000 0.000000 0.000000 0.996966 1 9.539071470e-07 2.311682329e-05
145 0.013218 0.000562 0.013861 4.420460 0.140052 4.607110 0.000000 0.000000 0.000000 0.996940 1 4.710163921e-07 2.004997805e-05
145 0.013247 0.000551 0.013885 4.420460 0.140052 4.607110 0.000000 0.000000 0.000000 0.996911 1 4.209578037e-07 2.015987411e-05
145 0.013284 0.000543 0.013917 4.420460 0.140052 4.607110 0.000000 0.000000 0.000000 0.996880 1 4.440080374e-07 2.029398456e-05
145 0.013329 0.000535 0.013959 4.420460 0.140052 4.607110 0.000000 0.000000 0.000000 0.996848 1 4.530884326e-07 2.025300637e-05
145 0.013381 0.000528 0.014008 4.420460 0.140052 4.607110 0.000000 0.000000 0.000000 0.996818 1 4.530884326e-07 2.020108514e-05
145 0.013439 0.000521 0.014063 4.420460 0.140052 4.607110 0.000000 0.000000 0.000000 0.996792 1 4.889443517e-07 2.167397179e-05
145 0.013501 0.000516 0.014123 4.420460 0.140052 4.607110 0.000000 0.000000 0.000000 0.996770 1 6.319023669e-07 2.042297274e-05
146 0.013056 0.001106 0.014015 4.330161 0.221956 4.562850 0.000000 0.000000 0.000000 0.996640 1 4.861503839e-07 2.007791772e-05
146 0.013173 0.001078 0.014119 4.330161 0.221956 4.562850 0.000000 0.000000 0.000000 0.996631 1 4.828907549e-07 2.019596286e-05
146 0.013278 0.001053 0.014211 4.330161 0.221956 4.562850 0.000000 0.000000 0.000000 0.996658 1 4.041939974e-07 2.178293653e-05
146 0.013361 0.001028 0.014281 4.330161 0.221956 4.562850 0.000000 0.000000 0.000000 0.996708 1 4.430767149e-07 2.008210868e-05
146 0.013421 0.001005 0.014329 4.330161 0.221956 4.562850 0.000000 0.000000 0.000000 0.996752 1 5.471520126e-07 1.640501432e-05
146 0.013465 0.000983 0.014360 4.330161 0.221956 4.562850 0.000000 0.000000 0.000000 0.996783 1 4.239846021e-07 1.756218262e-05
146 0.013497 0.000962 0.014381 4.330161 0.221956 4.562850 0.000000 0.000000 0.000000 0.996800 1 4.970934242e-07 2.014799975e-05
146 0.013523 0.000943 0.014396 4.330161 0.221956 4.562850 0.000000 0.000000 0.000000 0.996808 1 4.728790373e-07 2.020900138e-05
146 0.013546 0.000925 0.014409 4.330161 0.221956 4.562850 0.000000 0.000000 0.000000 0.996809 1 4.118774086e-07 2.015288919e-05
146 0.013567 0.000908 0.014421 4.330161 0.221956 4.562850 0.000000 0.000000 0.000000 0.996806 1 7.329508662e-07 2.089398913e-05
146 0.013588 0.000893 0.014433 4.330161 0.221956 4.562850 0.000000 0.000000 0.000000 0.996804 1 4.160683602e-07 2.011004835e-05
146 0.013607 0.000879 0.014445 4.330161 0.221956 4.562850 0.000000 0.000000 0.000000 0.996802 1 4.479661584e-07 2.022599801e-05
146 0.013626 0.000866 0.014457 4.330161 0.221956 4.562850 0.000000 0.000000 0.000000 0.996798 1 5.038455129e-07 2.196501009e-05
146 0.013646 0.000854 0.014470 4.330161 0.221956 4.562850 0.000000 0.000000 0.000000 0.996793 1 4.428438842e-07 2.025696449e-05
146 0.013665 0.000843 0.014483 4.330161 0.221956 4.562850 0.000000 0.000000 0.000000 0.996788 1 4.470348358e-07 2.025091089e-05
146 0.013685 0.000833 0.014498 4.330161 0.221956 4.562850 0.000000 0.000000 0.000000 0.996782 1 4.440080374e-07 2.027000301e-05
146 0.013705 0.000824 0.014513 4.330161 0.221956 4.562850 0.000000 0.000000 0.000000 0.996779 1 4.780013114e-07 2.175988629e-05
146 0.013724 0.000816 0.014527 4.330161 0.221956 4.562850 0.000000 0.000000 0.000000 0.996779 1 4.130415618e-07 2.001295798e-05
146 0.013740 0.000808 0.014539 4.330161 0.221956 4.562850 0.000000 0.000000 0.000000 0.996787 1 4.689209163e-07 2.162694000e-05
146 0.013750 0.000800 0.014545 4.330161 0.221956 4.562850 0.000000 0.000000 0.000000 0.996803 1 4.109460860e-07 2.016313374e-05
147 0.013310 0.001390 0.014432 4.240321 0.320098 4.527033 0.000000 0.000000 0.000000 0.993995 1 8.679926395e-07 2.069887705e-05
147 0.013356 0.001364 0.014464 4.240321 0.320098 4.527033 0.000000 0.000000 0.000000 0.996732 1 4.980247468e-07 2.007000148e-05
147 0.013388 0.001339 0.014482 4.240321 0.320098 4.527033 0.000000 0.000000 0.000000 0.996770 1 4.339963198e-07 2.020015381e-05
147 0.013404 0.001315 0.014485 4.240321 0.320098 4.527033 0.000000 0.000000 0.000000 0.996812 1 4.470348358e-07 2.026418224e-05
147 0.013406 0.001292 0.014474 4.240321 0.320098 4.527033 0.000000 0.000000 0.000000 0.996849 1 4.351604730e-07 2.038804814e-05
147 0.013397 0.001270 0.014452 4.240321 0.320098 4.527033 0.000000 0.000000 0.000000 0.996875 1 4.100147635e-07 2.005696297e-05
147 0.013383 0.001249 0.014425 4.240321 0.320098 4.527033 0.000000 0.000000 0.000000 0.996888 1 1.052161679e-06 2.317200415e-05
147 0.013368 0.001229 0.014399 4.240321 0.320098 4.527033 0.000000 0.000000 0.000000 0.996889 1 4.400499165e-07 2.003298141e-05
147 0.013356 0.001211 0.014376 4.240321 0.320098 4.527033 0.000000 0.000000 0.000000 0.996880 1 4.419125617e-07 2.007395960e-05
147 0.013349 0.001195 0.014360 4.240321 0.320098 4.527033 0.000000 0.000000 0.000000 0.996864 1 4.160683602e-07 2.020713873e-05
147 0.013348 0.001181 0.014351 4.240321 0.320098 4.527033 0.000000 0.000000 0.000000 0.996845 1 4.370231181e-07 2.044183202e-05
147 0.013354 0.001168 0.014349 4.240321 0.320098 4.527033 0.000000 0.000000 0.000000 0.996825 1 4.121102393e-07 2.002599649e-05
147 0.013367 0.001157 0.014356 4.240321 0.320098 4.527033 0.000000 0.000000 0.000000 0.996800 1 4.481989890e-07 2.024997957e-05
147 0.013387 0.001147 0.014371 4.240321 0.320098 4.527033 0.000000 0.000000 0.000000 0.996773 1 9.108334780e-07 2.834782936e-05
147 0.013416 0.001138 0.014395 4.240321 0.320098 4.527033 0.000000 0.000000 0.000000 0.996742 1 7.548369467e-07 2.874899656e-05
147 0.013453 0.001132 0.014429 4.240321 0.320098 4.527033 0.000000 0.000000 0.000000 0.996709 1 7.099006325e-07 2.787704580e-05
147 0.013498 0.001126 0.014472 4.240321 0.320098 4.527033 0.000000 0.000000 0.000000 0.996674 1 3.990717232e-07 1.762714237e-05
147 0.013550 0.001122 0.014524 4.240321 0.320098 4.527033 0.000000 0.000000 0.000000 0.996640 1 2.488959581e-07 8.872942999e-06
147 0.013610 0.001119 0.014582 4.240321 0.320098 4.527033 0.000000 0.000000 0.000000 0.996610 1 2.421438694e-07 8.887145668e-06
147 0.013673 0.001116 0.014646 4.240321 0.320098 4.527033 0.000000 0.000000 0.000000 0.996586 1 2.239830792e-07 8.876901120e-06
147 0.013739 0.001115 0.014713 4.240321 0.320098 4.527033 0.000000 0.000000 0.000000 0.996563 1 4.540197551e-07 1.697102562e-05
148 0.013389 0.001692 0.014683 4.156077 0.405462 4.489494 0.000000 0.000000 0.000000 0.996430 1 2.370215952e-07 1.017586328e-05
148 0.013497 0.001673 0.014784 4.156077 0.405462 4.489494 0.000000 0.000000 0.000000 0.996450 1 4.470348358e-07 2.007698640e-05
148 0.013585 0.001654 0.014863 4.156077 0.405462 4.489494 0.000000 0.000000 0.000000 0.996501 1 7.250346243e-07 2.097222023e-05
148 0.013650 0.001635 0.014919 4.156077 0.405462 4.489494 0.000000 0.000000 0.000000 0.996549 1 4.109460860e-07 2.022809349e-05
148 0.013696 0.001616 0.014955 4.156077 0.405462 4.489494 0.000000 0.000000 0.000000 0.996585 1 4.488974810e-07 2.017919905e-05
148 0.013731 0.001598 0.014980 4.156077 0.405462 4.489494 0.000000 0.000000 0.000000 0.996606 1 4.440080374e-07 2.037081867e-05
148 0.013758 0.001581 0.014998 4.156077 0.405462 4.489494 0.000000 0.000000 0.000000 0.996615 1 4.309695214e-07 2.008187585e-05
148 0.013781 0.001565 0.015013 4.156077 0.405462 4.489494 0.000000 0.000000 0.000000 0.996617 1 4.770699888e-07 2.048909664e-05
148 0.013803 0.001550 0.015026 4.156077 0.405462 4.489494 0.000000 0.000000 0.000000 0.996615 1 4.470348358e-07 2.001388930e-05
148 0.013823 0.001536 0.015040 4.156077 0.405462 4.489494 0.000000 0.000000 0.000000 0.996613 1 6.018672138e-07 2.033915371e-05
148 0.013843 0.001524 0.015053 4.156077 0.405462 4.489494 0.000000 0.000000 0.000000 0.996611 1 4.589091986e-07 2.028583549e-05
148 0.013862 0.001512 0.015066 4.156077 0.405462 4.489494 0.000000 0.000000 0.000000 0.996608 1 4.570465535e-07 2.018199302e-05
148 0.013882 0.001502 0.015080 4.156077 0.405462 4.489494 0.000000 0.000000 0.000000 0.996602 1 4.060566425e-07 1.877988689e-05
148 0.013901 0.001493 0.015094 4.156077 0.405462 4.489494 0.000000 0.000000 0.000000 0.996597 1 5.050096661e-07 2.030492760e-05
148 0.013921 0.001484 0.015109 4.156077 0.405462 4.489494 0.000000 0.000000 0.000000 0.996591 1 4.949979484e-07 2.017896622e-05
148 0.013940 0.001476 0.015125 4.156077 0.405462 4.489494 0.000000 0.000000 0.000000 0.996587 1 4.849862307e-07 2.030585892e-05
148 0.013959 0.001469 0.015141 4.156077 0.405462 4.489494 0.000000 0.000000 0.000000 0.996587 1 4.561152309e-07 2.016895451e-05
148 0.013976 0.001462 0.015154 4.156077 0.405462 4.489494 0.000000 0.000000 0.000000 0.996593 1 4.500616342e-07 2.014008351e-05
148 0.013987 0.001456 0.015162 4.156077 0.405462 4.489494 0.000000 0.000000 0.000000 0.996608 1 4.549510777e-07 2.009700984e-05
148 0.013992 0.001449 0.015163 4.156077 0.405462 4.489494 0.000000 0.000000 0.000000 0.996629 1 5.248002708e-07 2.082716674e-05
149 0.013615 0.002026 0.015105 4.071430 0.505719 4.459960 0.000000 0.000000 0.000000 0.996529 1 4.100147635e-07 2.025603317e-05
149 0.013648 0.002004 0.015127 4.071430 0.505719 4.459960 0.000000 0.000000 0.000000 0.996566 1 4.540197551e-07 2.025114372e-05
149 0.013666 0.001983 0.015133 4.071430 0.505719 4.459960 0.000000 0.000000 0.000000 0.996611 1 5.040783435e-07 2.019992098e-05
149 0.013669 0.001961 0.015123 4.071430 0.505719 4.459960 0.000000 0.000000 0.000000 0.996652 1 5.059409887e-07 2.032401972e-05
149 0.013660 0.001940 0.015102 4.071430 0.505719 4.459960 0.000000 0.000000 0.000000 0.996684 1 4.679895937e-07 2.025905997e-05
149 0.013644 0.001919 0.015075 4.071430 0.505719 4.459960 0.000000 0.000000 0.000000 0.996701 1 4.810281098e-07 2.014497295e-05
149 0.013627 0.001900 0.015046 4.071430 0.505719 4.459960 0.000000 0.000000 0.000000 0.996704 1 4.661269486e-07 2.631987445e-05
149 0.013612 0.001882 0.015020 4.071430 0.505719 4.459960 0.000000 0.000000 0.000000 0.996697 1 5.178153515e-07 2.019084059e-05
149 0.013602 0.001866 0.015001 4.071430 0.505719 4.459960 0.000000 0.000000 0.000000 0.996682 1 8.239876479e-07 2.806796692e-05
149 0.013598 0.001852 0.014989 4.071430 0.505719 4.459960 0.000000 0.000000 0.000000 0.996663 1 7.338821888e-07 2.785399556e-05
149 0.013601 0.001840 0.014985 4.071430 0.505719 4.459960 0.000000 0.000000 0.000000 0.996641 1 7.641501725e-07 2.799718641e-05
149 0.013611 0.001829 0.014989 4.071430 0.505719 4.459960 0.000000 0.000000 0.000000 0.996617 1 7.611233741e-07 2.793013118e-05
149 0.013628 0.001821 0.015002 4.071430 0.505719 4.459960 0.000000 0.000000 0.000000 0.996588 1 7.359776646e-07 2.818182111e-05
149 0.013654 0.001814 0.015025 4.071430 0.505719 4.459960 0.000000 0.000000 0.000000 0.996556 1 7.979106158e-07 2.810591832e-05
149 0.013688 0.001809 0.015057 4.071430 0.505719 4.459960 0.000000 0.000000 0.000000 0.996522 1 7.320195436e-07 2.788309939e-05
149 0.013731 0.001806 0.015099 4.071430 0.505719 4.459960 0.000000 0.000000 0.000000 0.996485 1 7.350463420e-07 2.789101563e-05
149 0.013782 0.001805 0.015150 4.071430 0.505719 4.459960 0.000000 0.000000 0.000000 0.996449 1 8.710194379e-07 2.876319923e-05
149 0.013840 0.001805 0.015209 4.071430 0.505719 4.459960 0.000000 0.000000 0.000000 0.996417 1 7.050111890e-07 2.785911784e-05
149 0.013902 0.001806 0.015274 4.071430 0.505719 4.459960 0.000000 0.000000 0.000000 0.996390 1 4.919711500e-07 2.006301656e-05
149 0.013967 0.001808 0.015342 4.071430 0.505719 4.459960 0.000000 0.000000 0.000000 0.996366 1 4.319008440e-07 2.010399476e-05
150 0.013647 0.002392 0.015344 3.992699 0.592735 4.428520 0.000000 0.000000 0.000000 0.996221 1 4.810281098e-07 2.009910531e-05
150 0.013756 0.002380 0.015449 3.992699 0.592735 4.428520 0.000000 0.000000 0.000000 0.996238 1 4.509929568e-07 2.017710358e-05
150 0.013844 0.002367 0.015532 3.992699 0.592735 4.428520 0.000000 0.000000 0.000000 0.996291 1 4.989560694e-07 2.028606832e-05
150 0.013909 0.002353 0.015591 3.992699 0.592735 4.428520 0.000000 0.000000 0.000000 0.996342 1 4.870817065e-07 2.034683712e-05
150 0.013956 0.002338 0.015630 3.992699 0.592735 4.428520 0.000000 0.000000 0.000000 0.996381 1 4.570465535e-07 2.044206485e-05
150 0.013990 0.002322 0.015656 3.992699 0.592735 4.428520 0.000000 0.000000 0.000000 0.996404 1 3.830064088e-07 1.905392855e-05
150 0.014016 0.002307 0.015674 3.992699 0.592735 4.428520 0.000000 0.000000 0.000000 0.996415 1 4.440080374e-07 2.063089050e-05
150 0.014038 0.002293 0.015689 3.992699 0.592735 4.428520 0.000000 0.000000 0.000000 0.996417 1 4.740431905e-07 2.036988735e-05
150 0.014059 0.002280 0.015703 3.992699 0.592735 4.428520 0.000000 0.000000 0.000000 0.996415 1 8.898787200e-07 2.095289528e-05
150 0.014079 0.002268 0.015717 3.992699 0.592735 4.428520 0.000000 0.000000 0.000000 0.996412 1 4.260800779e-07 2.029794268e-05
150 0.014098 0.002258 0.015731 3.992699 0.592735 4.428520 0.000000 0.000000 0.000000 0.996410 1 4.980247468e-07 2.027698793e-05
150 0.014117 0.002248 0.015744 3.992699 0.592735 4.428520 0.000000 0.000000 0.000000 0.996407 1 4.891771823e-07 2.165697515e-05
150 0.014135 0.002239 0.015757 3.992699 0.592735 4.428520 0.000000 0.000000 0.000000 0.996402 1 2.430751920e-07 1.170299947e-05
150 0.014154 0.002231 0.015772 3.992699 0.592735 4.428520 0.000000 0.000000 0.000000 0.996397 1 3.478489816e-07 1.077796333e-05
150 0.014172 0.002223 0.015787 3.992699 0.592735 4.428520 0.000000 0.000000 0.000000 0.996391 1 2.530869097e-07 1.118308865e-05
150 0.014191 0.002217 0.015803 3.992699 0.592735 4.428520 0.000000 0.000000 0.000000 0.996387 1 8.549541235e-07 2.822210081e-05
150 0.014210 0.002211 0.015818 3.992699 0.592735 4.428520 0.000000 0.000000 0.000000 0.996386 1 7.071066648e-07 2.788915299e-05
150 0.014226 0.002206 0.015832 3.992699 0.592735 4.428520 0.000000 0.000000 0.000000 0.996392 1 7.199123502e-07 2.785399556e-05
150 0.014237 0.002200 0.015840 3.992699 0.592735 4.428520 0.000000 0.000000 0.000000 0.996408 1 7.469207048e-07 2.786121331e-05
150 0.014242 0.002194 0.015842 3.992699 0.592735 4.428520 0.000000 0.000000 0.000000 0.996430 1 4.488974810e-07 2.002110705e-05
151 0.013886 0.002773 0.015811 3.912760 0.694098 4.405092 0.000000 0.000000 0.000000 0.996322 1 1.039123163e-06 2.317293547e-05
151 0.013919 0.002755 0.015834 3.912760 0.694098 4.405092 0.000000 0.000000 0.000000 0.996362 1 4.500616342e-07 1.999689266e-05
151 0.013935 0.002736 0.015840 3.912760 0.694098 4.405092 0.000000 0.000000 0.000000 0.996411 1 6.051268429e-07 2.035801299e-05
151 0.013936 0.002716 0.015829 3.912760 0.694098 4.405092 0.000000 0.000000 0.000000 0.996455 1 3.860332072e-07 1.879804768e-05
151 0.013925 0.002695 0.015806 3.912760 0.694098 4.405092 0.000000 0.000000 0.000000 0.996489 1 4.128087312e-07 2.011610195e-05
151 0.013907 0.002674 0.015776 3.912760 0.694098 4.405092 0.000000 0.000000 0.000000 0.996508 1 1.257052645e-06 6.430014037e-05
151 0.013887 0.002655 0.015744 3.912760 0.694098 4.405092 0.000000 0.000000 0.000000 0.996512 1 4.328321666e-07 2.024415880e-05
151 0.013869 0.002637 0.015716 3.912760 0.694098 4.405092 0.000000 0.000000 0.000000 0.996506 1 4.719477147e-07 2.022809349e-05
151 0.013856 0.002621 0.015694 3.912760 0.694098 4.405092 0.000000 0.000000 0.000000 0.996491 1 4.039611667e-07 2.007000148e-05
151 0.013850 0.002608 0.015679 3.912760 0.694098 4.405092 0.000000 0.000000 0.000000 0.996471 1 7.359776646e-07 3.341003321e-05
151 0.013850 0.002596 0.015673 3.912760 0.694098 4.405092 0.000000 0.000000 0.000000 0.996449 1 1.034000888e-06 3.000604920e-05
151 0.013858 0.002587 0.015675 3.912760 0.694098 4.405092 0.000000 0.000000 0.000000 0.996424 1 7.371418178e-07 2.783001401e-05
151 0.013873 0.002580 0.015687 3.912760 0.694098 4.405092 0.000000 0.000000 0.000000 0.996394 1 8.409842849e-07 2.812710591e-05
151 0.013897 0.002575 0.015708 3.912760 0.694098 4.405092 0.000000 0.000000 0.000000 0.996361 1 7.369089872e-07 2.790102735e-05
151 0.013929 0.002572 0.015740 3.912760 0.694098 4.405092 0.000000 0.000000 0.000000 0.996324 1 7.478520274e-07 2.784701064e-05
151 0.013970 0.002571 0.015782 3.912760 0.694098 4.405092 0.000000 0.000000 0.000000 0.996286 1 6.998889148e-07 2.780696377e-05
151 0.014020 0.002573 0.015833 3.912760 0.694098 4.405092 0.000000 0.000000 0.000000 0.996248 1 7.059425116e-07 2.778298222e-05
151 0.014076 0.002577 0.015893 3.912760 0.694098 4.405092 0.000000 0.000000 0.000000 0.996215 1 8.367933333e-07 2.629100345e-05
151 0.014138 0.002581 0.015959 3.912760 0.694098 4.405092 0.000000 0.000000 0.000000 0.996187 1 7.471535355e-07 3.406195901e-05
151 0.014202 0.002587 0.016028 3.912760 0.694098 4.405092 0.000000 0.000000 0.000000 0.996162 1 4.819594324e-07 2.026720904e-05
152 0.013900 0.003178 0.016057 3.837945 0.783070 4.379507 0.000000 0.000000 0.000000 0.996003 1 4.100147635e-07 2.010306343e-05
152 0.014009 0.003174 0.016167 3.837945 0.783070 4.379507 0.000000 0.000000 0.000000 0.996017 1 4.339963198e-07 2.021179534e-05
152 0.014099 0.003168 0.016256 3.837945 0.783070 4.379507 0.000000 0.000000 0.000000 0.996072 1 5.089677870e-07 2.027000301e-05
152 0.014165 0.003159 0.016318 3.837945 0.783070 4.379507 0.000000 0.000000 0.000000 0.996129 1 4.200264812e-07 2.012704499e-05
152 0.014211 0.003148 0.016358 3.837945 0.783070 4.379507 0.000000 0.000000 0.000000 0.996171 1 4.488974810e-07 2.008187585e-05
152 0.014243 0.003135 0.016384 3.837945 0.783070 4.379507 0.000000 0.000000 0.000000 0.996197 1 4.109460860e-07 2.017291263e-05
152 0.014268 0.003123 0.016403 3.837945 0.783070 4.379507 0.000000 0.000000 0.000000 0.996208 1 7.851049304e-07 2.795411274e-05
152 0.014290 0.003111 0.016418 3.837945 0.783070 4.379507 0.000000 0.000000 0.000000 0.996210 1 1.091975719e-06 2.966099419e-05
152 0.014310 0.003100 0.016432 3.837945 0.783070 4.379507 0.000000 0.000000 0.000000 0.996208 1 4.060566425e-07 2.032611519e-05
152 0.014329 0.003090 0.016446 3.837945 0.783070 4.379507 0.000000 0.000000 0.000000 0.996204 1 5.019828677e-07 2.009980381e-05
152 0.014348 0.003081 0.016461 3.837945 0.783070 4.379507 0.000000 0.000000 0.000000 0.996200 1 5.450565368e-07 2.005300485e-05
152 0.014367 0.003073 0.016475 3.837945 0.783070 4.379507 0.000000 0.000000 0.000000 0.996196 1 4.260800779e-07 2.013589256e-05
152 0.014386 0.003066 0.016491 3.837945 0.783070 4.379507 0.000000 0.000000 0.000000 0.996190 1 5.308538675e-07 2.038013190e-05
152 0.014405 0.003060 0.016507 3.837945 0.783070 4.379507 0.000000 0.000000 0.000000 0.996183 1 5.231704563e-07 2.025393769e-05
152 0.014425 0.003055 0.016524 3.837945 0.783070 4.379507 0.000000 0.000000 0.000000 0.996176 1 4.519242793e-07 2.006604336e-05
152 0.014445 0.003050 0.016542 3.837945 0.783070 4.379507 0.000000 0.000000 0.000000 0.996171 1 4.139728844e-07 1.988187432e-05
152 0.014465 0.003046 0.016560 3.837945 0.783070 4.379507 0.000000 0.000000 0.000000 0.996168 1 4.118774086e-07 2.005998977e-05
152 0.014483 0.003043 0.016577 3.837945 0.783070 4.379507 0.000000 0.000000 0.000000 0.996173 1 4.880130291e-07 2.025999129e-05
152 0.014496 0.003039 0.016589 3.837945 0.783070 4.379507 0.000000 0.000000 0.000000 0.996188 1 4.698522389e-07 2.001388930e-05
152 0.014503 0.003034 0.016593 3.837945 0.783070 4.379507 0.000000 0.000000 0.000000 0.996210 1 5.380716175e-07 2.064998262e-05
153 0.014158 0.003617 0.016583 3.761316 0.886377 4.362093 0.000000 0.000000 0.000000 0.996086 1 4.118774086e-07 2.007815056e-05
153 0.014195 0.003604 0.016614 3.761316 0.886377 4.362093 0.000000 0.000000 0.000000 0.996124 1 4.549510777e-07 2.010515891e-05
153 0.014217 0.003589 0.016627 3.761316 0.886377 4.362093 0.000000 0.000000 0.000000 0.996175 1 4.540197551e-07 2.057198435e-05
153 0.014222 0.003572 0.016623 3.761316 0.886377 4.362093 0.000000 0.000000 0.000000 0.996223 1 4.128087312e-07 2.009910531e-05
153 0.014214 0.003553 0.016604 3.761316 0.886377 4.362093 0.000000 0.000000 0.000000 0.996262 1 7.380731404e-07 2.621603198e-05
153 0.014198 0.003534 0.016576 3.761316 0.886377 4.362093 0.000000 0.000000 0.000000 0.996285 1 5.748588592e-07 2.038897946e-05
153 0.014179 0.003515 0.016545 3.761316 0.886377 4.362093 0.000000 0.000000 0.000000 0.996293 1 4.179310054e-07 1.886184327e-05
153 0.014162 0.003498 0.016517 3.761316 0.886377 4.362093 0.000000 0.000000 0.000000 0.996287 1 3.348104656e-07 1.501990482e-05
153 0.014149 0.003482 0.016495 3.761316 0.886377 4.362093 0.000000 0.000000 0.000000 0.996272 1 5.010515451e-07 1.951796003e-05
153 0.014142 0.003469 0.016481 3.761316 0.886377 4.362093 0.000000 0.000000 0.000000 0.996251 1 2.519227564e-07 1.228810288e-05
153 0.014143 0.003459 0.016475 3.761316 0.886377 4.362093 0.000000 0.000000 0.000000 0.996228 1 1.918524504e-07 8.591916412e-06
153 0.014150 0.003451 0.016479 3.761316 0.886377 4.362093 0.000000 0.000000 0.000000 0.996201 1 4.479661584e-07 2.013915218e-05
153 0.014166 0.003446 0.016492 3.761316 0.886377 4.362093 0.000000 0.000000 0.000000 0.996169 1 4.470348358e-07 2.013798803e-05
153 0.014190 0.003443 0.016515 3.761316 0.886377 4.362093 0.000000 0.000000 0.000000 0.996134 1 4.430767149e-07 2.017617226e-05
153 0.014224 0.003443 0.016549 3.761316 0.886377 4.362093 0.000000 0.000000 0.000000 0.996095 1 4.421453923e-07 2.029794268e-05
153 0.014266 0.003446 0.016594 3.761316 0.886377 4.362093 0.000000 0.000000 0.000000 0.996054 1 4.160683602e-07 2.004788257e-05
153 0.014317 0.003452 0.016650 3.761316 0.886377 4.362093 0.000000 0.000000 0.000000 0.996012 1 5.590263754e-07 2.024509013e-05
153 0.014376 0.003460 0.016714 3.761316 0.886377 4.362093 0.000000 0.000000 0.000000 0.995974 1 4.700850695e-07 2.012588084e-05
153 0.014440 0.003469 0.016785 3.761316 0.886377 4.362093 0.000000 0.000000 0.000000 0.995943 1 6.998889148e-07 2.081086859e-05
153 0.014507 0.003480 0.016860 3.761316 0.886377 4.362093 0.000000 0.000000 0.000000 0.995916 1 4.360917956e-07 2.029002644e-05
154 0.014225 0.004078 0.016922 3.690423 0.976885 4.342712 0.000000 0.000000 0.000000 0.995739 1 4.158355296e-07 2.899300307e-05
154 0.014340 0.004084 0.017043 3.690423 0.976885 4.342712 0.000000 0.000000 0.000000 0.995749 1 6.300397217e-07 2.084090374e-05
154 0.014435 0.004088 0.017143 3.690423 0.976885 4.342712 0.000000 0.000000 0.000000 0.995804 1 4.440080374e-07 2.014194615e-05
154 0.014506 0.004086 0.017214 3.690423 0.976885 4.342712 0.000000 0.000000 0.000000 0.995865 1 4.051253200e-07 2.031587064e-05
154 0.014556 0.004080 0.017262 3.690423 0.976885 4.342712 0.000000 0.000000 0.000000 0.995911 1 3.748573363e-07 1.883483492e-05
154 0.014593 0.004072 0.017295 3.690423 0.976885 4.342712 0.000000 0.000000 0.000000 0.995939 1 4.158355296e-07 1.997500658e-05
154 0.014621 0.004064 0.017318 3.690423 0.976885 4.342712 0.000000 0.000000 0.000000 0.995952 1 4.470348358e-07 2.000690438e-05
154 0.014644 0.004055 0.017338 3.690423 0.976885 4.342712 0.000000 0.000000 0.000000 0.995955 1 4.631001502e-07 2.000504173e-05
154 0.014667 0.004047 0.017356 3.690423 0.976885 4.342712 0.000000 0.000000 0.000000 0.995952 1 5.119945854e-07 2.005510032e-05
154 0.014688 0.004040 0.017374 3.690423 0.976885 4.342712 0.000000 0.000000 0.000000 0.995947 1 4.069879651e-07 2.227094956e-05
154 0.014710 0.004034 0.017392 3.690423 0.976885 4.342712 0.000000 0.000000 0.000000 0.995944 1 4.488974810e-07 2.016709186e-05
154 0.014730 0.004029 0.017410 3.690423 0.976885 4.342712 0.000000 0.000000 0.000000 0.995940 1 4.509929568e-07 2.016802318e-05
154 0.014750 0.004024 0.017428 3.690423 0.976885 4.342712 0.000000 0.000000 0.000000 0.995934 1 7.268972695e-07 2.784701064e-05
154 0.014771 0.004021 0.017447 3.690423 0.976885 4.342712 0.000000 0.000000 0.000000 0.995927 1 1.020031050e-06 2.862000838e-05
154 0.014792 0.004018 0.017466 3.690423 0.976885 4.342712 0.000000 0.000000 0.000000 0.995920 1 7.080379874e-07 2.788798884e-05
154 0.014814 0.004015 0.017487 3.690423 0.976885 4.342712 0.000000 0.000000 0.000000 0.995914 1 7.150229067e-07 2.788705751e-05
154 0.014835 0.004014 0.017508 3.690423 0.976885 4.342712 0.000000 0.000000 0.000000 0.995910 1 4.291068763e-07 2.013798803e-05
154 0.014854 0.004012 0.017527 3.690423 0.976885 4.342712 0.000000 0.000000 0.000000 0.995915 1 4.458706826e-07 2.012983896e-05
154 0.014869 0.004010 0.017541 3.690423 0.976885 4.342712 0.000000 0.000000 0.000000 0.995930 1 1.169042662e-06 3.048800863e-05
154 0.014877 0.004006 0.017547 3.690423 0.976885 4.342712 0.000000 0.000000 0.000000 0.995954 1 4.509929568e-07 2.017384395e-05
155 0.014543 0.004592 0.017564 3.616975 1.080454 4.331070 0.000000 0.000000 0.000000 0.995814 1 8.281785995e-07 2.843001857e-05
155 0.014583 0.004585 0.017600 3.616975 1.080454 4.331070 0.000000 0.000000 0.000000 0.995857 1 7.431954145e-07 2.790195867e-05
155 0.014606 0.004574 0.017616 3.616975 1.080454 4.331070 0.000000 0.000000 0.000000 0.995911 1 4.991889000e-07 2.229306847e-05
155 0.014612 0.004559 0.017613 3.616975 1.080454 4.331070 0.000000 0.000000 0.000000 0.995964 1 4.130415618e-07 2.024997957e-05
155 0.014604 0.004542 0.017595 3.616975 1.080454 4.331070 0.000000 0.000000 0.000000 0.996006 1 4.530884326e-07 2.033403143e-05
155 0.014587 0.004523 0.017567 3.616975 1.080454 4.331070 0.000000 0.000000 0.000000 0.996033 1 4.889443517e-07 2.019898966e-05
155 0.014567 0.004504 0.017535 3.616975 1.080454 4.331070 0.000000 0.000000 0.000000 0.996042 1 4.139728844e-07 2.022203989e-05
155 0.014548 0.004487 0.017505 3.616975 1.080454 4.331070 0.000000 0.000000 0.000000 0.996038 1 4.549510777e-07 2.021202818e-05
155 0.014533 0.004472 0.017481 3.616975 1.080454 4.331070 0.000000 0.000000 0.000000 0.996023 1 3.988388926e-07 2.003391273e-05
155 0.014525 0.004459 0.017465 3.616975 1.080454 4.331070 0.000000 0.000000 0.000000 0.996002 1 4.528556019e-07 2.034986392e-05
155 0.014524 0.004450 0.017458 3.616975 1.080454 4.331070 0.000000 0.000000 0.000000 0.995979 1 5.559995770e-07 2.021295950e-05
155 0.014529 0.004443 0.017460 3.616975 1.080454 4.331070 0.000000 0.000000 0.000000 0.995951 1 4.449393600e-07 2.012518235e-05
155 0.014543 0.004439 0.017471 3.616975 1.080454 4.331070 0.000000 0.000000 0.000000 0.995919 1 4.479661584e-07 2.008397132e-05
155 0.014566 0.004438 0.017494 3.616975 1.080454 4.331070 0.000000 0.000000 0.000000 0.995882 1 5.310866982e-07 2.050190233e-05
155 0.014597 0.004441 0.017528 3.616975 1.080454 4.331070 0.000000 0.000000 0.000000 0.995841 1 4.558824003e-07 2.009700984e-05
155 0.014638 0.004447 0.017573 3.616975 1.080454 4.331070 0.000000 0.000000 0.000000 0.995798 1 1.118984073e-06 3.039394505e-05
155 0.014688 0.004456 0.017629 3.616975 1.080454 4.331070 0.000000 0.000000 0.000000 0.995755 1 7.129274309e-07 2.784584649e-05
155 0.014745 0.004468 0.017695 3.616975 1.080454 4.331070 0.000000 0.000000 0.000000 0.995716 1 4.419125617e-07 2.009002492e-05
155 0.014808 0.004482 0.017767 3.616975 1.080454 4.331070 0.000000 0.000000 0.000000 0.995684 1 4.149042070e-07 2.007791772e-05
155 0.014874 0.004497 0.017843 3.616975 1.080454 4.331070 0.000000 0.000000 0.000000 0.995657 1 4.421453923e-07 2.008699812e-05
156 0.014596 0.005101 0.017928 3.548455 1.172157 4.317273 0.000000 0.000000 0.000000 0.995458 1 4.500616342e-07 2.023600973e-05
156 0.014713 0.005118 0.018058 3.548455 1.172157 4.317273 0.000000 0.000000 0.000000 0.995465 1 4.440080374e-07 2.031493932e-05
156 0.014811 0.005131 0.018165 3.548455 1.172157 4.317273 0.000000 0.000000 0.000000 0.995522 1 4.740431905e-07 2.024206333e-05
156 0.014884 0.005137 0.018243 3.548455 1.172157 4.317273 0.000000 0.000000 0.000000 0.995587 1 4.719477147e-07 2.167094499e-05
156 0.014936 0.005137 0.018295 3.548455 1.172157 4.317273 0.000000 0.000000 0.000000 0.995638 1 8.761417121e-07 3.028614447e-05
156 0.014972 0.005133 0.018330 3.548455 1.172157 4.317273 0.000000 0.000000 0.000000 0.995670 1 7.757917047e-07 2.791103907e-05
156 0.014999 0.005128 0.018354 3.548455 1.172157 4.317273 0.000000 0.000000 0.000000 0.995686 1 2.409797162e-07 8.896924555e-06
156 0.015022 0.005122 0.018374 3.548455 1.172157 4.317273 0.000000 0.000000 0.000000 0.995690 1 7.848720998e-07 2.799602225e-05
156 0.015043 0.005117 0.018392 3.548455 1.172157 4.317273 0.000000 0.000000 0.000000 0.995688 1 7.341150194e-07 2.783304080e-05
156 0.015064 0.005112 0.018410 3.548455 1.172157 4.317273 0.000000 0.000000 0.000000 0.995684 1 7.450580597e-07 2.795597538e-05
156 0.015083 0.005108 0.018428 3.548455 1.172157 4.317273 0.000000 0.000000 0.000000 0.995681 1 4.498288035e-07 2.038315870e-05
156 0.015102 0.005105 0.018445 3.548455 1.172157 4.317273 0.000000 0.000000 0.000000 0.995678 1 5.420297384e-07 2.035289072e-05
156 0.015121 0.005102 0.018462 3.548455 1.172157 4.317273 0.000000 0.000000 0.000000 0.995673 1 1.047039405e-06 2.306094393e-05
156 0.015140 0.005100 0.018481 3.548455 1.172157 4.317273 0.000000 0.000000 0.000000 0.995666 1 4.309695214e-07 2.025091089e-05
156 0.015160 0.005099 0.018500 3.548455 1.172157 4.317273 0.000000 0.000000 0.000000 0.995658 1 4.940666258e-07 2.025091089e-05
156 0.015180 0.005099 0.018520 3.548455 1.172157 4.317273 0.000000 0.000000 0.000000 0.995651 1 4.640314728e-07 2.012192272e-05
156 0.015200 0.005099 0.018540 3.548455 1.172157 4.317273 0.000000 0.000000 0.000000 0.995648 1 4.521571100e-07 2.033892088e-05
156 0.015218 0.005099 0.018559 3.548455 1.172157 4.317273 0.000000 0.000000 0.000000 0.995651 1 4.330649972e-07 2.000713721e-05
156 0.015233 0.005098 0.018573 3.548455 1.172157 4.317273 0.000000 0.000000 0.000000 0.995667 1 4.551839083e-07 2.000993118e-05
156 0.015240 0.005095 0.018579 3.548455 1.172157 4.317273 0.000000 0.000000 0.000000 0.995692 1 4.868488759e-07 2.026301809e-05
157 0.014901 0.005682 0.018610 3.476415 1.277675 4.311798 0.000000 0.000000 0.000000 0.995529 1 4.139728844e-07 2.017407678e-05
157 0.014945 0.005682 0.018655 3.476415 1.277675 4.311798 0.000000 0.000000 0.000000 0.995569 1 7.310882211e-07 2.794293687e-05
157 0.014971 0.005677 0.018679 3.476415 1.277675 4.311798 0.000000 0.000000 0.000000 0.995627 1 7.059425116e-07 2.783094533e-05
157 0.014980 0.005667 0.018682 3.476415 1.277675 4.311798 0.000000 0.000000 0.000000 0.995685 1 4.561152309e-07 2.019712701e-05
157 0.014974 0.005653 0.018666 3.476415 1.277675 4.311798 0.000000 0.000000 0.000000 0.995734 1 5.289912224e-07 2.041389234e-05
157 0.014958 0.005635 0.018639 3.476415 1.277675 4.311798 0.000000 0.000000 0.000000 0.995766 1 4.139728844e-07 2.033100463e-05
157 0.014937 0.005617 0.018607 3.476415 1.277675 4.311798 0.000000 0.000000 0.000000 0.995780 1 4.181638360e-07 2.003391273e-05
157 0.014917 0.005600 0.018575 3.476415 1.277675 4.311798 0.000000 0.000000 0.000000 0.995778 1 4.349276423e-07 2.006790601e-05
157 0.014900 0.005585 0.018549 3.476415 1.277675 4.311798 0.000000 0.000000 0.000000 0.995763 1 4.610046744e-07 2.005300485e-05
157 0.014890 0.005573 0.018531 3.476415 1.277675 4.311798 0.000000 0.000000 0.000000 0.995741 1 1.115025952e-06 2.345512621e-05
157 0.014888 0.005564 0.018523 3.476415 1.277675 4.311798 0.000000 0.000000 0.000000 0.995715 1 4.451721907e-07 2.016080543e-05
157 0.014892 0.005559 0.018524 3.476415 1.277675 4.311798 0.000000 0.000000 0.000000 0.995686 1 4.060566425e-07 2.007000148e-05
157 0.014905 0.005557 0.018537 3.476415 1.277675 4.311798 0.000000 0.000000 0.000000 0.995651 1 4.319008440e-07 2.007815056e-05
157 0.014928 0.005559 0.018561 3.476415 1.277675 4.311798 0.000000 0.000000 0.000000 0.995611 1 5.068723112e-07 2.033798955e-05
157 0.014960 0.005565 0.018597 3.476415 1.277675 4.311798 0.000000 0.000000 0.000000 0.995566 1 4.540197551e-07 2.018106170e-05
157 0.015002 0.005575 0.018645 3.476415 1.277675 4.311798 0.000000 0.000000 0.000000 0.995519 1 4.430767149e-07 2.026814036e-05
157 0.015053 0.005590 0.018706 3.476415 1.277675 4.311798 0.000000 0.000000 0.000000 0.995471 1 4.868488759e-07 2.028001472e-05
157 0.015113 0.005607 0.018778 3.476415 1.277675 4.311798 0.000000 0.000000 0.000000 0.995427 1 3.920868039e-07 1.881597564e-05
157 0.015179 0.005627 0.018857 3.476415 1.277675 4.311798 0.000000 0.000000 0.000000 0.995390 1 5.038455129e-07 2.017198130e-05
157 0.015249 0.005649 0.018941 3.476415 1.277675 4.311798 0.000000 0.000000 0.000000 0.995359 1 3.960449249e-07 2.003414556e-05
158 0.014970 0.006259 0.019050 3.409828 1.370576 4.304032 0.000000 0.000000 0.000000 0.995131 1 4.519242793e-07 2.006604336e-05
158 0.015098 0.006292 0.019199 3.409828 1.370576 4.304032 0.000000 0.000000 0.000000 0.995127 1 4.051253200e-07 2.594897524e-05
158 0.015208 0.006319 0.019327 3.409828 1.370576 4.304032 0.000000 0.000000 0.000000 0.995180 1 4.349276423e-07 2.009700984e-05
158 0.015291 0.006337 0.019423 3.409828 1.370576 4.304032 0.000000 0.000000 0.000000 0.995251 1 4.540197551e-07 2.013798803e-05
158 0.015352 0.006346 0.019489 3.409828 1.370576 4.304032 0.000000 0.000000 0.000000 0.995309 1 4.218891263e-07 1.869699918e-05
158 0.015395 0.006350 0.019536 3.409828 1.370576 4.304032 0.000000 0.000000 0.000000 0.995347 1 4.691537470e-07 2.015195787e-05
158 0.015428 0.006351 0.019569 3.409828 1.370576 4.304032 0.000000 0.000000 0.000000 0.995366 1 5.939509720e-07 2.045393921e-05
158 0.015456 0.006351 0.019597 3.409828 1.370576 4.304032 0.000000 0.000000 0.000000 0.995372 1 4.018656909e-07 2.041691914e-05
158 0.015481 0.006350 0.019622 3.409828 1.370576 4.304032 0.000000 0.000000 0.000000 0.995370 1 4.169996828e-07 1.900992356e-05
158 0.015505 0.006350 0.019646 3.409828 1.370576 4.304032 0.000000 0.000000 0.000000 0.995365 1 3.958120942e-07 1.884088852e-05
158 0.015529 0.006351 0.019670 3.409828 1.370576 4.304032 0.000000 0.000000 0.000000 0.995361 1 4.528556019e-07 2.039107494e-05
158 0.015551 0.006351 0.019693 3.409828 1.370576 4.304032 0.000000 0.000000 0.000000 0.995359 1 4.039611667e-07 1.863995567e-05
158 0.015573 0.006352 0.019716 3.409828 1.370576 4.304032 0.000000 0.000000 0.000000 0.995353 1 4.200264812e-07 1.884787343e-05
158 0.015595 0.006354 0.019739 3.409828 1.370576 4.304032 0.000000 0.000000 0.000000 0.995346 1 4.461035132e-07 1.885415986e-05
158 0.015618 0.006356 0.019763 3.409828 1.370576 4.304032 0.000000 0.000000 0.000000 0.995338 1 4.181638360e-07 1.874985173e-05
158 0.015640 0.006359 0.019788 3.409828 1.370576 4.304032 0.000000 0.000000 0.000000 0.995330 1 4.239846021e-07 2.025905997e-05
158 0.015663 0.006363 0.019813 3.409828 1.370576 4.304032 0.000000 0.000000 0.000000 0.995325 1 3.941822797e-07 1.884088852e-05
158 0.015684 0.006366 0.019837 3.409828 1.370576 4.304032 0.000000 0.000000 0.000000 0.995327 1 4.509929568e-07 2.020504326e-05
158 0.015702 0.006369 0.019856 3.409828 1.370576 4.304032 0.000000 0.000000 0.000000 0.995340 1 6.731133908e-07 3.098091111e-05
158 0.015712 0.006369 0.019867 3.409828 1.370576 4.304032 0.000000 0.000000 0.000000 0.995366 1 5.310866982e-07 2.023205161e-05
159 0.015371 0.006956 0.019919 3.339453 1.475776 4.304214 0.000000 0.000000 0.000000 0.995177 1 3.899913281e-07 1.414702274e-05
159 0.015422 0.006966 0.019976 3.339453 1.475776 4.304214 0.000000 0.000000 0.000000 0.995219 1 3.648456186e-07 1.654913649e-05
159 0.015455 0.006969 0.020011 3.339453 1.475776 4.304214 0.000000 0.000000 0.000000 0.995281 1 4.819594324e-07 1.859804615e-05
159 0.015469 0.006965 0.020022 3.339453 1.475776 4.304214 0.000000 0.000000 0.000000 0.995346 1 1.044943929e-06 3.019301221e-05
159 0.015466 0.006954 0.020013 3.339453 1.475776 4.304214 0.000000 0.000000 0.000000 0.995401 1 5.851034075e-07 2.019596286e-05
159 0.015452 0.006938 0.019988 3.339453 1.475776 4.304214 0.000000 0.000000 0.000000 0.995440 1 4.288740456e-07 2.028117888e-05
159 0.015432 0.006921 0.019956 3.339453 1.475776 4.304214 0.000000 0.000000 0.000000 0.995458 1 4.419125617e-07 2.008699812e-05
159 0.015411 0.006904 0.019925 3.339453 1.475776 4.304214 0.000000 0.000000 0.000000 0.995459 1 4.300381988e-07 2.020504326e-05
159 0.015393 0.006889 0.019897 3.339453 1.475776 4.304214 0.000000 0.000000 0.000000 0.995447 1 4.328321666e-07 2.038083039e-05
159 0.015382 0.006877 0.019878 3.339453 1.475776 4.304214 0.000000 0.000000 0.000000 0.995426 1 4.130415618e-07 2.011097968e-05
159 0.015377 0.006869 0.019868 3.339453 1.475776 4.304214 0.000000 0.000000 0.000000 0.995400 1 4.719477147e-07 2.115895040e-05
159 0.015380 0.006865 0.019868 3.339453 1.475776 4.304214 0.000000 0.000000 0.000000 0.995370 1 4.391185939e-07 2.003507689e-05
159 0.015392 0.006864 0.019879 3.339453 1.475776 4.304214 0.000000 0.000000 0.000000 0.995334 1 5.338806659e-07 1.894519664e-05
159 0.015412 0.006869 0.019902 3.339453 1.475776 4.304214 0.000000 0.000000 0.000000 0.995293 1 4.600733519e-07 2.005603164e-05
159 0.015442 0.006878 0.019938 3.339453 1.475776 4.304214 0.000000 0.000000 0.000000 0.995246 1 4.530884326e-07 2.018990926e-05
159 0.015482 0.006891 0.019988 3.339453 1.475776 4.304214 0.000000 0.000000 0.000000 0.995197 1 4.970934242e-07 2.031191252e-05
159 0.015533 0.006910 0.020050 3.339453 1.475776 4.304214 0.000000 0.000000 0.000000 0.995146 1 4.328321666e-07 1.878198236e-05
159 0.015592 0.006932 0.020124 3.339453 1.475776 4.304214 0.000000 0.000000 0.000000 0.995099 1 4.430767149e-07 2.036592923e-05
159 0.015657 0.006958 0.020206 3.339453 1.475776 4.304214 0.000000 0.000000 0.000000 0.995059 1 4.030298442e-07 1.885904931e-05
159 0.015726 0.006986 0.020293 3.339453 1.475776 4.304214 0.000000 0.000000 0.000000 0.995028 1 4.759058356e-07 2.031004988e-05
160 0.015448 0.007601 0.020430 3.274518 1.568115 4.301778 0.000000 0.000000 0.000000 0.994769 1 1.131091267e-06 3.038207069e-05
160 0.015579 0.007648 0.020591 3.274518 1.568115 4.301778 0.000000 0.000000 0.000000 0.994767 1 4.989560694e-07 2.050399780e-05
160 0.015691 0.007688 0.020730 3.274518 1.568115 4.301778 0.000000 0.000000 0.000000 0.994824 1 4.251487553e-07 2.013216726e-05
160 0.015777 0.007715 0.020834 3.274518 1.568115 4.301778 0.000000 0.000000 0.000000 0.994900 1 4.100147635e-07 1.893378794e-05
160 0.015839 0.007733 0.020907 3.274518 1.568115 4.301778 0.000000 0.000000 0.000000 0.994961 1 4.591420293e-07 2.010585740e-05
160 0.015884 0.007743 0.020958 3.274518 1.568115 4.301778 0.000000 0.000000 0.000000 0.995001 1 4.540197551e-07 2.020597458e-05
160 0.015918 0.007749 0.020996 3.274518 1.568115 4.301778 0.000000 0.000000 0.000000 0.995021 1 4.398170859e-07 2.042390406e-05
160 0.015947 0.007753 0.021027 3.274518 1.568115 4.301778 0.000000 0.000000 0.000000 0.995027 1 4.591420293e-07 2.024509013e-05
160 0.015973 0.007756 0.021055 3.274518 1.568115 4.301778 0.000000 0.000000 0.000000 0.995026 1 4.980247468e-07 2.015801147e-05
160 0.015997 0.007760 0.021082 3.274518 1.568115 4.301778 0.000000 0.000000 0.000000 0.995022 1 4.670582712e-07 2.732500434e-05
160 0.016021 0.007764 0.021108 3.274518 1.568115 4.301778 0.000000 0.000000 0.000000 0.995019 1 4.339963198e-07 2.017291263e-05
160 0.016044 0.007767 0.021133 3.274518 1.568115 4.301778 0.000000 0.000000 0.000000 0.995017 1 4.880130291e-07 2.017803490e-05
160 0.016065 0.007771 0.021157 3.274518 1.568115 4.301778 0.000000 0.000000 0.000000 0.995013 1 6.851973012e-06 2.648611553e-05
160 0.016087 0.007775 0.021181 3.274518 1.568115 4.301778 0.000000 0.000000 0.000000 0.995006 1 4.540197551e-07 2.017407678e-05
160 0.016108 0.007780 0.021206 3.274518 1.568115 4.301778 0.000000 0.000000 0.000000 0.994999 1 4.838220775e-07 2.016895451e-05
160 0.016130 0.007786 0.021231 3.274518 1.568115 4.301778 0.000000 0.000000 0.000000 0.994991 1 4.579778761e-07 2.025905997e-05
160 0.016151 0.007791 0.021256 3.274518 1.568115 4.301778 0.000000 0.000000 0.000000 0.994987 1 5.909241736e-07 2.019107342e-05
160 0.016172 0.007796 0.021280 3.274518 1.568115 4.301778 0.000000 0.000000 0.000000 0.994989 1 6.279442459e-07 2.121482976e-05
160 0.016188 0.007800 0.021298 3.274518 1.568115 4.301778 0.000000 0.000000 0.000000 0.995005 1 5.308538675e-07 2.029910684e-05
160 0.016197 0.007801 0.021308 3.274518 1.568115 4.301778 0.000000 0.000000 0.000000 0.995033 1 4.509929568e-07 2.021202818e-05
161 0.015840 0.008386 0.021374 3.203865 1.674402 4.308054 0.000000 0.000000 0.000000 0.994806 1 4.498288035e-07 2.022087574e-05
161 0.015896 0.008407 0.021444 3.203865 1.674402 4.308054 0.000000 0.000000 0.000000 0.994849 1 7.408671081e-07 2.805516124e-05
161 0.015934 0.008419 0.021489 3.203865 1.674402 4.308054 0.000000 0.000000 0.000000 0.994915 1 6.791669875e-07 2.596387640e-05
161 0.015951 0.008421 0.021508 3.203865 1.674402 4.308054 0.000000 0.000000 0.000000 0.994987 1 5.569308996e-07 2.165208571e-05
161 0.015951 0.008415 0.021502 3.203865 1.674402 4.308054 0.000000 0.000000 0.000000 0.995050 1 4.610046744e-07 2.021319233e-05
161 0.015937 0.008401 0.021480 3.203865 1.674402 4.308054 0.000000 0.000000 0.000000 0.995095 1 4.491303116e-07 2.005114220e-05
161 0.015916 0.008385 0.021448 3.203865 1.674402 4.308054 0.000000 0.000000 0.000000 0.995118 1 7.671769708e-07 2.127210610e-05
161 0.015895 0.008369 0.021415 3.203865 1.674402 4.308054 0.000000 0.000000 0.000000 0.995120 1 4.309695214e-07 2.003600821e-05
161 0.015876 0.008354 0.021387 3.203865 1.674402 4.308054 0.000000 0.000000 0.000000 0.995107 1 4.100147635e-07 1.998106018e-05
161 0.015864 0.008343 0.021368 3.203865 1.674402 4.308054 0.000000 0.000000 0.000000 0.995083 1 4.549510777e-07 2.020807005e-05
161 0.015859 0.008337 0.021359 3.203865 1.674402 4.308054 0.000000 0.000000 0.000000 0.995054 1 4.179310054e-07 2.033007331e-05
161 0.015863 0.008335 0.021361 3.203865 1.674402 4.308054 0.000000 0.000000 0.000000 0.995020 1 4.158355296e-07 2.013798803e-05
161 0.015875 0.008338 0.021375 3.203865 1.674402 4.308054 0.000000 0.000000 0.000000 0.994980 1 4.169996828e-07 2.014311031e-05
161 0.015898 0.008347 0.021403 3.203865 1.674402 4.308054 0.000000 0.000000 0.000000 0.994933 1 4.081521183e-07 2.011680044e-05
161 0.015931 0.008361 0.021445 3.203865 1.674402 4.308054 0.000000 0.000000 0.000000 0.994880 1 1.010950655e-06 2.342090011e-05
161 0.015975 0.008381 0.021503 3.203865 1.674402 4.308054 0.000000 0.000000 0.000000 0.994823 1 4.461035132e-07 1.995498314e-05
161 0.016030 0.008407 0.021575 3.203865 1.674402 4.308054 0.000000 0.000000 0.000000 0.994766 1 8.088536561e-07 3.488315269e-05
161 0.016094 0.008439 0.021660 3.203865 1.674402 4.308054 0.000000 0.000000 0.000000 0.994711 1 4.149042070e-07 1.884810627e-05
161 0.016166 0.008474 0.021755 3.203865 1.674402 4.308054 0.000000 0.000000 0.000000 0.994666 1 2.288725227e-07 8.861068636e-06
161 0.016242 0.008512 0.021856 3.203865 1.674402 4.308054 0.000000 0.000000 0.000000 0.994629 1 2.360902727e-07 8.863862604e-06
162 0.015951 0.009131 0.022015 3.139092 1.767687 4.311559 0.000000 0.000000 0.000000 0.994320 1 5.341134965e-07 2.019805834e-05
162 0.016099 0.009203 0.022210 3.139092 1.767687 4.311559 0.000000 0.000000 0.000000 0.994304 1 4.118774086e-07 2.031703480e-05
162 0.016230 0.009267 0.022383 3.139092 1.767687 4.311559 0.000000 0.000000 0.000000 0.994354 1 4.328321666e-07 2.011400647e-05
162 0.016334 0.009315 0.022518 3.139092 1.767687 4.311559 0.000000 0.000000 0.000000 0.994438 1 4.200264812e-07 2.012006007e-05
162 0.016410 0.009349 0.022617 3.139092 1.767687 4.311559 0.000000 0.000000 0.000000 0.994509 1 4.128087312e-07 2.014101483e-05
162 0.016467 0.009373 0.022689 3.139092 1.767687 4.311559 0.000000 0.000000 0.000000 0.994556 1 4.181638360e-07 2.014194615e-05
162 0.016511 0.009390 0.022744 3.139092 1.767687 4.311559 0.000000 0.000000 0.000000 0.994581 1 9.380746633e-07 2.843001857e-05
162 0.016548 0.009404 0.022790 3.139092 1.767687 4.311559 0.000000 0.000000 0.000000 0.994588 1 7.299240679e-07 2.787890844e-05
162 0.016582 0.009416 0.022832 3.139092 1.767687 4.311559 0.000000 0.000000 0.000000 0.994587 1 4.291068763e-07 2.012681216e-05
162 0.016615 0.009429 0.022872 3.139092 1.767687 4.311559 0.000000 0.000000 0.000000 0.994581 1 4.600733519e-07 2.030283213e-05
162 0.016646 0.009441 0.022910 3.139092 1.767687 4.311559 0.000000 0.000000 0.000000 0.994577 1 4.470348358e-07 2.016616054e-05
162 0.016675 0.009452 0.022947 3.139092 1.767687 4.311559 0.000000 0.000000 0.000000 0.994575 1 6.889458746e-07 2.160598524e-05
162 0.016703 0.009463 0.022982 3.139092 1.767687 4.311559 0.000000 0.000000 0.000000 0.994570 1 4.139728844e-07 2.015987411e-05
162 0.016730 0.009474 0.023016 3.139092 1.767687 4.311559 0.000000 0.000000 0.000000 0.994563 1 8.551869541e-07 2.118689008e-05
162 0.016757 0.009485 0.023050 3.139092 1.767687 4.311559 0.000000 0.000000 0.000000 0.994555 1 4.419125617e-07 2.028699964e-05
162 0.016784 0.009496 0.023085 3.139092 1.767687 4.311559 0.000000 0.000000 0.000000 0.994546 1 4.491303116e-07 2.034008503e-05
162 0.016811 0.009508 0.023119 3.139092 1.767687 4.311559 0.000000 0.000000 0.000000 0.994540 1 5.029141903e-07 2.017687075e-05
162 0.016836 0.009519 0.023152 3.139092 1.767687 4.311559 0.000000 0.000000 0.000000 0.994540 1 4.770699888e-07 2.011912875e-05
162 0.016858 0.009528 0.023180 3.139092 1.767687 4.311559 0.000000 0.000000 0.000000 0.994554 1 4.752073437e-07 2.030190080e-05
162 0.016873 0.009534 0.023198 3.139092 1.767687 4.311559 0.000000 0.000000 0.000000 0.994583 1 4.379544407e-07 2.028606832e-05
163 0.016494 0.010113 0.023271 3.068343 1.873727 4.323540 0.000000 0.000000 0.000000 0.994570 1 9.029172361e-07 2.061598934e-05
163 0.016564 0.010153 0.023368 3.068343 1.873727 4.323540 0.000000 0.000000 0.000000 0.994345 1 4.249159247e-07 2.043414861e-05
163 0.016616 0.010182 0.023439 3.068343 1.873727 4.323540 0.000000 0.000000 0.000000 0.994413 1 3.851018846e-07 1.756707206e-05
163 0.016646 0.010198 0.023479 3.068343 1.873727 4.323540 0.000000 0.000000 0.000000 0.994493 1 1.189764589e-07 4.958827049e-06
163 0.016656 0.010201 0.023491 3.068343 1.873727 4.323540 0.000000 0.000000 0.000000 0.994567 1 1.110602170e-07 4.943925887e-06
163 0.016649 0.010195 0.023480 3.068343 1.873727 4.323540 0.000000 0.000000 0.000000 0.994622 1 1.268927008e-07 5.000038072e-06
163 0.016633 0.010183 0.023456 3.068343 1.873727 4.323540 0.000000 0.000000 0.000000 0.994655 1 1.101288944e-07 6.539979950e-06
163 0.016614 0.010169 0.023427 3.068343 1.873727 4.323540 0.000000 0.000000 0.000000 0.994663 1 4.179310054e-07 1.760409214e-05
163 0.016596 0.010157 0.023401 3.068343 1.873727 4.323540 0.000000 0.000000 0.000000 0.994654 1 1.027015969e-06 2.327701077e-05
163 0.016584 0.010148 0.023383 3.068343 1.873727 4.323540 0.000000 0.000000 0.000000 0.994631 1 4.069879651e-07 2.023600973e-05
163 0.016580 0.010143 0.023376 3.068343 1.873727 4.323540 0.000000 0.000000 0.000000 0.994601 1 8.300412446e-07 2.817902714e-05
163 0.016583 0.010144 0.023379 3.068343 1.873727 4.323540 0.000000 0.000000 0.000000 0.994566 1 7.790513337e-07 2.797599882e-05
163 0.016595 0.010150 0.023396 3.068343 1.873727 4.323540 0.000000 0.000000 0.000000 0.994524 1 7.310882211e-07 3.452110104e-05
163 0.016618 0.010162 0.023426 3.068343 1.873727 4.323540 0.000000 0.000000 0.000000 0.994474 1 7.320195436e-07 2.789008431e-05
163 0.016651 0.010182 0.023472 3.068343 1.873727 4.323540 0.000000 0.000000 0.000000 0.994418 1 7.448252290e-07 2.791197039e-05
163 0.016695 0.010208 0.023534 3.068343 1.873727 4.323540 0.000000 0.000000 0.000000 0.994357 1 1.037959009e-06 2.365210094e-05
163 0.016751 0.010241 0.023612 3.068343 1.873727 4.323540 0.000000 0.000000 0.000000 0.994293 1 4.130415618e-07 2.020504326e-05
163 0.016818 0.010281 0.023705 3.068343 1.873727 4.323540 0.000000 0.000000 0.000000 0.994233 1 4.190951586e-07 1.997803338e-05
163 0.016892 0.010325 0.023810 3.068343 1.873727 4.323540 0.000000 0.000000 0.000000 0.994181 1 4.370231181e-07 2.015102655e-05
163 0.016972 0.010373 0.023921 3.068343 1.873727 4.323540 0.000000 0.000000 0.000000 0.994141 1 4.731118679e-07 2.016592771e-05
164 0.016662 0.010994 0.024100 3.003802 1.965938 4.332516 0.000000 0.000000 0.000000 0.993862 1 1.436099410e-06 2.905796282e-05
164 0.016824 0.011093 0.024328 3.003802 1.965938 4.332516 0.000000 0.000000 0.000000 0.993748 1 7.029157132e-07 2.794899046e-05
164 0.016969 0.011182 0.024533 3.003802 1.965938 4.332516 0.000000 0.000000 0.000000 0.993798 1 8.780043572e-07 2.071191557e-05
164 0.017086 0.011252 0.024696 3.003802 1.965938 4.332516 0.000000 0.000000 0.000000 0.993889 1 4.759058356e-07 1.878500916e-05
164 0.017173 0.011304 0.024818 3.003802 1.965938 4.332516 0.000000 0.000000 0.000000 0.993966 1 7.210765034e-07 3.300909884e-05
164 0.017239 0.011342 0.024909 3.003802 1.965938 4.332516 0.000000 0.000000 0.000000 0.994020 1 8.768402040e-07 2.863188274e-05
164 0.017290 0.011372 0.024980 3.003802 1.965938 4.332516 0.000000 0.000000 0.000000 0.994048 1 8.719507605e-07 2.100295387e-05
164 0.017334 0.011396 0.025040 3.003802 1.965938 4.332516 0.000000 0.000000 0.000000 0.994057 1 4.998873919e-07 2.041109838e-05
164 0.017374 0.011418 0.025095 3.003802 1.965938 4.332516 0.000000 0.000000 0.000000 0.994056 1 4.339963198e-07 2.030003816e-05
164 0.017412 0.011439 0.025146 3.003802 1.965938 4.332516 0.000000 0.000000 0.000000 0.994051 1 4.440080374e-07 1.873401925e-05
164 0.017447 0.011459 0.025195 3.003802 1.965938 4.332516 0.000000 0.000000 0.000000 0.994047 1 4.370231181e-07 1.886696555e-05
164 0.017481 0.011478 0.025241 3.003802 1.965938 4.332516 0.000000 0.000000 0.000000 0.994047 1 4.430767149e-07 2.008909360e-05
164 0.017512 0.011495 0.025284 3.003802 1.965938 4.332516 0.000000 0.000000 0.000000 0.994045 1 2.731103450e-07 7.456168532e-06
164 0.017541 0.011512 0.025324 3.003802 1.965938 4.332516 0.000000 0.000000 0.000000 0.994040 1 1.599546522e-07 7.791910321e-06
164 0.017570 0.011528 0.025364 3.003802 1.965938 4.332516 0.000000 0.000000 0.000000 0.994033 1 4.500616342e-07 2.002995461e-05
164 0.017598 0.011545 0.025403 3.003802 1.965938 4.332516 0.000000 0.000000 0.000000 0.994025 1 4.570465535e-07 2.046907321e-05
164 0.017626 0.011561 0.025441 3.003802 1.965938 4.332516 0.000000 0.000000 0.000000 0.994019 1 4.158355296e-07 2.011586912e-05
164 0.017652 0.011576 0.025477 3.003802 1.965938 4.332516 0.000000 0.000000 0.000000 0.994020 1 6.831251085e-07 2.079410478e-05
164 0.017674 0.011589 0.025508 3.003802 1.965938 4.332516 0.000000 0.000000 0.000000 0.994035 1 4.339963198e-07 1.996103674e-05
164 0.017689 0.011597 0.025529 3.003802 1.965938 4.332516 0.000000 0.000000 0.000000 0.994067 1 4.631001502e-07 2.000899985e-05
165 0.017288 0.012173 0.025621 2.931921 2.071202 4.350615 0.000000 0.000000 0.000000 0.994504 1 7.851049304e-07 2.063391730e-05
165 0.017370 0.012234 0.025745 2.931921 2.071202 4.350615 0.000000 0.000000 0.000000 0.993763 1 4.118774086e-07 2.014799975e-05
165 0.017431 0.012280 0.025838 2.931921 2.071202 4.350615 0.000000 0.000000 0.000000 0.993843 1 1.038890332e-06 2.514501102e-05
165 0.017467 0.012308 0.025894 2.931921 2.071202 4.350615 0.000000 0.000000 0.000000 0.993936 1 4.149042070e-07 2.008001320e-05
165 0.017480 0.012320 0.025915 2.931921 2.071202 4.350615 0.000000 0.000000 0.000000 0.994021 1 5.159527063e-07 2.025207505e-05
165 0.017475 0.012319 0.025910 2.931921 2.071202 4.350615 0.000000 0.000000 0.000000 0.994087 1 5.050096661e-07 2.000806853e-05
165 0.017459 0.012309 0.025887 2.931921 2.071202 4.350615 0.000000 0.000000 0.000000 0.994126 1 4.530884326e-07 2.030096948e-05
165 0.017439 0.012297 0.025859 2.931921 2.071202 4.350615 0.000000 0.000000 0.000000 0.994137 1 4.540197551e-07 2.019200474e-05
165 0.017421 0.012286 0.025833 2.931921 2.071202 4.350615 0.000000 0.000000 0.000000 0.994128 1 5.171168596e-07 2.023205161e-05
165 0.017408 0.012278 0.025816 2.931921 2.071202 4.350615 0.000000 0.000000 0.000000 0.994103 1 5.541369319e-07 2.031587064e-05
165 0.017403 0.012276 0.025809 2.931921 2.071202 4.350615 0.000000 0.000000 0.000000 0.994070 1 5.119945854e-07 2.046115696e-05
165 0.017406 0.012280 0.025815 2.931921 2.071202 4.350615 0.000000 0.000000 0.000000 0.994031 1 4.780013114e-07 2.043601125e-05
165 0.017419 0.012290 0.025836 2.931921 2.071202 4.350615 0.000000 0.000000 0.000000 0.993984 1 4.011671990e-07 2.025207505e-05
165 0.017443 0.012308 0.025872 2.931921 2.071202 4.350615 0.000000 0.000000 0.000000 0.993927 1 4.859175533e-07 2.009002492e-05
165 0.017479 0.012335 0.025926 2.931921 2.071202 4.350615 0.000000 0.000000 0.000000 0.993862 1 9.580980986e-07 2.104998566e-05
165 0.017528 0.012370 0.025999 2.931921 2.071202 4.350615 0.000000 0.000000 0.000000 0.993792 1 4.309695214e-07 2.016406506e-05
165 0.017588 0.012414 0.026090 2.931921 2.071202 4.350615 0.000000 0.000000 0.000000 0.993719 1 5.220063031e-07 2.022297122e-05
165 0.017661 0.012466 0.026198 2.931921 2.071202 4.350615 0.000000 0.000000 0.000000 0.993651 1 4.400499165e-07 2.026115544e-05
165 0.017742 0.012524 0.026319 2.931921 2.071202 4.350615 0.000000 0.000000 0.000000 0.993593 1 4.158355296e-07 2.017989755e-05
165 0.017828 0.012585 0.026447 2.931921 2.071202 4.350615 0.000000 0.000000 0.000000 0.993548 1 1.231906936e-06 2.303207293e-05
165 0.017916 0.012649 0.026579 2.931921 2.071202 4.350615 0.000000 0.000000 0.000000 0.993506 1 4.710163921e-07 2.012494951e-05
166 0.017677 0.013346 0.026925 2.866285 2.163260 4.365227 0.000000 0.000000 0.000000 0.993050 1 5.760230124e-07 2.018804662e-05
166 0.017845 0.013473 0.027181 2.866285 2.163260 4.365227 0.000000 0.000000 0.000000 0.993099 1 4.679895937e-07 2.014008351e-05
166 0.017981 0.013575 0.027388 2.866285 2.163260 4.365227 0.000000 0.000000 0.000000 0.993203 1 5.289912224e-07 2.008886077e-05
166 0.018085 0.013653 0.027546 2.866285 2.163260 4.365227 0.000000 0.000000 0.000000 0.993293 1 5.620531738e-07 2.043903805e-05
166 0.018165 0.013713 0.027667 2.866285 2.163260 4.365227 0.000000 0.000000 0.000000 0.993353 1 4.151370376e-07 2.013100311e-05
166 0.018229 0.013761 0.027764 2.866285 2.163260 4.365227 0.000000 0.000000 0.000000 0.993384 1 6.540212780e-07 2.060201950e-05
166 0.018284 0.013802 0.027848 2.866285 2.163260 4.365227 0.000000 0.000000 0.000000 0.993391 1 4.330649972e-07 2.015498467e-05
166 0.018335 0.013841 0.027926 2.866285 2.163260 4.365227 0.000000 0.000000 0.000000 0.993387 1 4.360917956e-07 2.026208676e-05
166 0.018384 0.013877 0.028000 2.866285 2.163260 4.365227 0.000000 0.000000 0.000000 0.993378 1 4.351604730e-07 2.020411193e-05
166 0.018431 0.013912 0.028071 2.866285 2.163260 4.365227 0.000000 0.000000 0.000000 0.993371 1 4.689209163e-07 2.012890764e-05
166 0.018475 0.013946 0.028138 2.866285 2.163260 4.365227 0.000000 0.000000 0.000000 0.993368 1 7.841736078e-07 2.078502439e-05
166 0.018516 0.013977 0.028201 2.866285 2.163260 4.365227 0.000000 0.000000 0.000000 0.993364 1 4.461035132e-07 2.006301656e-05
166 0.018556 0.014006 0.028261 2.866285 2.163260 4.365227 0.000000 0.000000 0.000000 0.993357 1 4.579778761e-07 2.016103826e-05
166 0.018594 0.014035 0.028320 2.866285 2.163260 4.365227 0.000000 0.000000 0.000000 0.993347 1 4.142057151e-07 2.025184222e-05
166 0.018632 0.014064 0.028377 2.866285 2.163260 4.365227 0.000000 0.000000 0.000000 0.993336 1 4.759058356e-07 2.025999129e-05
166 0.018669 0.014092 0.028434 2.866285 2.163260 4.365227 0.000000 0.000000 0.000000 0.993327 1 9.981449693e-07 3.543379717e-05
166 0.018705 0.014118 0.028488 2.866285 2.163260 4.365227 0.000000 0.000000 0.000000 0.993326 1 6.430782378e-07 2.039992251e-05
166 0.018736 0.014142 0.028535 2.866285 2.163260 4.365227 0.000000 0.000000 0.000000 0.993339 1 5.741603673e-07 2.025300637e-05
166 0.018760 0.014160 0.028571 2.866285 2.163260 4.365227 0.000000 0.000000 0.000000 0.993373 1 4.151370376e-07 2.008117735e-05
166 0.018772 0.014169 0.028590 2.866285 2.163260 4.365227 0.000000 0.000000 0.000000 0.993419 1 4.388857633e-07 2.025999129e-05
167 0.018426 0.014820 0.028837 2.792576 2.268139 4.389214 0.000000 0.000000 0.000000 0.992947 1 4.519242793e-07 2.003111877e-05
167 0.018514 0.014903 0.028985 2.792576 2.268139 4.389214 0.000000 0.000000 0.000000 0.993030 1 4.528556019e-07 2.016895451e-05
167 0.018575 0.014962 0.029090 2.792576 2.268139 4.389214 0.000000 0.000000 0.000000 0.993135 1 5.771871656e-07 2.026418224e-05
167 0.018609 0.014999 0.029150 2.792576 2.268139 4.389214 0.000000 0.000000 0.000000 0.993236 1 4.561152309e-07 2.025300637e-05
167 0.018620 0.015017 0.029175 2.792576 2.268139 4.389214 0.000000 0.000000 0.000000 0.993319 1 4.640314728e-07 2.020783722e-05
167 0.018616 0.015022 0.029176 2.792576 2.268139 4.389214 0.000000 0.000000 0.000000 0.993372 1 4.379544407e-07 2.014404163e-05
167 0.018605 0.015020 0.029165 2.792576 2.268139 4.389214 0.000000 0.000000 0.000000 0.993392 1 2.470333129e-07 1.085596159e-05
167 0.018593 0.015018 0.029153 2.792576 2.268139 4.389214 0.000000 0.000000 0.000000 0.993385 1 3.720633686e-07 1.504900865e-05
167 0.018587 0.015019 0.029148 2.792576 2.268139 4.389214 0.000000 0.000000 0.000000 0.993360 1 3.438908607e-07 1.662410796e-05
167 0.018588 0.015026 0.029155 2.792576 2.268139 4.389214 0.000000 0.000000 0.000000 0.993322 1 4.901085049e-07 2.004695125e-05
167 0.018598 0.015040 0.029175 2.792576 2.268139 4.389214 0.000000 0.000000 0.000000 0.993278 1 4.109460860e-07 2.034497447e-05
167 0.018617 0.015060 0.029210 2.792576 2.268139 4.389214 0.000000 0.000000 0.000000 0.993224 1 4.370231181e-07 2.004695125e-05
167 0.018648 0.015090 0.029263 2.792576 2.268139 4.389214 0.000000 0.000000 0.000000 0.993159 1 1.025851816e-06 2.304697409e-05
167 0.018692 0.015130 0.029336 2.792576 2.268139 4.389214 0.000000 0.000000 0.000000 0.993083 1 4.530884326e-07 2.021202818e-05
167 0.018750 0.015181 0.029430 2.792576 2.268139 4.389214 0.000000 0.000000 0.000000 0.993000 1 4.211906344e-07 2.013891935e-05
167 0.018822 0.015243 0.029546 2.792576 2.268139 4.389214 0.000000 0.000000 0.000000 0.992913 1 4.121102393e-07 2.021691762e-05
167 0.018907 0.015315 0.029682 2.792576 2.268139 4.389214 0.000000 0.000000 0.000000 0.992829 1 4.500616342e-07 2.015009522e-05
167 0.019001 0.015396 0.029834 2.792576 2.268139 4.389214 0.000000 0.000000 0.000000 0.992758 1 4.419125617e-07 2.014497295e-05
167 0.019102 0.015480 0.029995 2.792576 2.268139 4.389214 0.000000 0.000000 0.000000 0.992702 1 1.869630069e-07 8.326023817e-06
167 0.019206 0.015567 0.030160 2.792576 2.268139 4.389214 0.000000 0.000000 0.000000 0.992654 1 5.920883268e-07 2.025905997e-05
168 0.018947 0.016295 0.030566 2.725296 2.359245 4.409802 0.000000 0.000000 0.000000 0.992028 1 4.537869245e-07 2.013612539e-05
168 0.019158 0.016486 0.030915 2.725296 2.359245 4.409802 0.000000 0.000000 0.000000 0.992065 1 4.570465535e-07 1.996196806e-05
168 0.019335 0.016647 0.031208 2.725296 2.359245 4.409802 0.000000 0.000000 0.000000 0.992177 1 4.151370376e-07 2.008304000e-05
168 0.019475 0.016775 0.031440 2.725296 2.359245 4.409802 0.000000 0.000000 0.000000 0.992282 1 4.160683602e-07 2.003205009e-05
168 0.019586 0.016877 0.031625 2.725296 2.359245 4.409802 0.000000 0.000000 0.000000 0.992355 1 8.121132851e-07 2.053403296e-05
168 0.019677 0.016962 0.031777 2.725296 2.359245 4.409802 0.000000 0.000000 0.000000 0.992393 1 4.151370376e-07 2.019107342e-05
168 0.019756 0.017036 0.031910 2.725296 2.359245 4.409802 0.000000 0.000000 0.000000 0.992403 1 4.819594324e-07 2.019410022e-05
168 0.019830 0.017105 0.032033 2.725296 2.359245 4.409802 0.000000 0.000000 0.000000 0.992398 1 4.800967872e-07 2.000806853e-05
168 0.019899 0.017170 0.032150 2.725296 2.359245 4.409802 0.000000 0.000000 0.000000 0.992388 1 4.519242793e-07 2.040294930e-05
168 0.019965 0.017231 0.032261 2.725296 2.359245 4.409802 0.000000 0.000000 0.000000 0.992380 1 1.036794856e-06 2.350797877e-05
168 0.020027 0.017289 0.032364 2.725296 2.359245 4.409802 0.000000 0.000000 0.000000 0.992379 1 4.160683602e-07 2.010003664e-05
168 0.020084 0.017342 0.032460 2.725296 2.359245 4.409802 0.000000 0.000000 0.000000 0.992379 1 4.600733519e-07 2.037198283e-05
168 0.020137 0.017391 0.032549 2.725296 2.359245 4.409802 0.000000 0.000000 0.000000 0.992374 1 4.530884326e-07 2.011307515e-05
168 0.020188 0.017438 0.032633 2.725296 2.359245 4.409802 0.000000 0.000000 0.000000 0.992367 1 4.479661584e-07 2.005998977e-05
168 0.020236 0.017483 0.032714 2.725296 2.359245 4.409802 0.000000 0.000000 0.000000 0.992357 1 4.598405212e-07 2.016499639e-05
168 0.020283 0.017526 0.032792 2.725296 2.359245 4.409802 0.000000 0.000000 0.000000 0.992348 1 4.039611667e-07 2.015591599e-05
168 0.020327 0.017567 0.032866 2.725296 2.359245 4.409802 0.000000 0.000000 0.000000 0.992347 1 6.270129234e-07 2.666097134e-05
168 0.020367 0.017604 0.032932 2.725296 2.359245 4.409802 0.000000 0.000000 0.000000 0.992360 1 4.691537470e-07 2.016103826e-05
168 0.020398 0.017633 0.032984 2.725296 2.359245 4.409802 0.000000 0.000000 0.000000 0.992396 1 4.428438842e-07 2.020993270e-05
168 0.020417 0.017651 0.033016 2.725296 2.359245 4.409802 0.000000 0.000000 0.000000 0.992450 1 5.068723112e-07 2.025905997e-05
169 0.020045 0.018329 0.033321 2.649251 2.462247 4.439951 0.000000 0.000000 0.000000 0.991779 1 4.118774086e-07 2.014893107e-05
169 0.020168 0.018466 0.033548 2.649251 2.462247 4.439951 0.000000 0.000000 0.000000 0.991876 1 9.029172361e-07 3.623799421e-05
169 0.020258 0.018571 0.033718 2.649251 2.462247 4.439951 0.000000 0.000000 0.000000 0.992004 1 4.139728844e-07 2.004182898e-05
169 0.020314 0.018643 0.033831 2.649251 2.462247 4.439951 0.000000 0.000000 0.000000 0.992132 1 5.189795047e-07 2.021598630e-05
169 0.020342 0.018688 0.033894 2.649251 2.462247 4.439951 0.000000 0.000000 0.000000 0.992238 1 4.519242793e-07 2.004392445e-05
169 0.020350 0.018712 0.033923 2.649251 2.462247 4.439951 0.000000 0.000000 0.000000 0.992310 1 4.358589649e-07 2.008699812e-05
169 0.020348 0.018725 0.033933 2.649251 2.462247 4.439951 0.000000 0.000000 0.000000 0.992342 1 1.006992534e-06 2.294802107e-05
169 0.020343 0.018735 0.033938 2.649251 2.462247 4.439951 0.000000 0.000000 0.000000 0.992339 1 4.661269486e-07 2.019316889e-05
169 0.020342 0.018748 0.033949 2.649251 2.462247 4.439951 0.000000 0.000000 0.000000 0.992311 1 5.741603673e-07 2.047116868e-05
169 0.020349 0.018766 0.033971 2.649251 2.462247 4.439951 0.000000 0.000000 0.000000 0.992268 1 5.159527063e-07 2.013612539e-05
169 0.020365 0.018792 0.034008 2.649251 2.462247 4.439951 0.000000 0.000000 0.000000 0.992216 1 4.800967872e-07 2.015195787e-05
169 0.020392 0.018828 0.034062 2.649251 2.462247 4.439951 0.000000 0.000000 0.000000 0.992153 1 4.649627954e-07 2.039503306e-05
169 0.020431 0.018874 0.034137 2.649251 2.462247 4.439951 0.000000 0.000000 0.000000 0.992073 1 4.419125617e-07 2.018501982e-05
169 0.020485 0.018933 0.034236 2.649251 2.462247 4.439951 0.000000 0.000000 0.000000 0.991980 1 7.040798664e-07 2.060807310e-05
169 0.020555 0.019006 0.034360 2.649251 2.462247 4.439951 0.000000 0.000000 0.000000 0.991877 1 4.549510777e-07 2.020807005e-05
169 0.020642 0.019094 0.034512 2.649251 2.462247 4.439951 0.000000 0.000000 0.000000 0.991768 1 4.528556019e-07 2.006115392e-05
169 0.020743 0.019196 0.034689 2.649251 2.462247 4.439951 0.000000 0.000000 0.000000 0.991663 1 4.169996828e-07 2.015312202e-05
169 0.020857 0.019308 0.034886 2.649251 2.462247 4.439951 0.000000 0.000000 0.000000 0.991572 1 4.370231181e-07 2.029212192e-05
169 0.020979 0.019426 0.035094 2.649251 2.462247 4.439951 0.000000 0.000000 0.000000 0.991502 1 7.210765034e-07 2.095010132e-05
169 0.021103 0.019548 0.035308 2.649251 2.462247 4.439951 0.000000 0.000000 0.000000 0.991443 1 4.768371582e-07 2.004508860e-05
170 0.020848 0.020345 0.035838 2.580872 2.550496 4.465772 0.000000 0.000000 0.000000 0.990550 1 4.239846021e-07 2.010795288e-05
170 0.021118 0.020632 0.036323 2.580872 2.550496 4.465772 0.000000 0.000000 0.000000 0.990592 1 1.171138138e-07 4.950910807e-06
170 0.021347 0.020877 0.036736 2.580872 2.550496 4.465772 0.000000 0.000000 0.000000 0.990722 1 2.500601113e-07 1.228391193e-05
170 0.021534 0.021078 0.037074 2.580872 2.550496 4.465772 0.000000 0.000000 0.000000 0.990839 1 4.840549082e-07 1.152395271e-05
170 0.021687 0.021244 0.037353 2.580872 2.550496 4.465772 0.000000 0.000000 0.000000 0.990917 1 2.318993211e-07 1.124897972e-05
170 0.021817 0.021387 0.037592 2.580872 2.550496 4.465772 0.000000 0.000000 0.000000 0.990954 1 5.208421499e-07 2.028793097e-05
170 0.021934 0.021516 0.037806 2.580872 2.550496 4.465772 0.000000 0.000000 0.000000 0.990957 1 4.388857633e-07 2.008490264e-05
170 0.022043 0.021637 0.038006 2.580872 2.550496 4.465772 0.000000 0.000000 0.000000 0.990944 1 4.279427230e-07 2.033100463e-05
170 0.022147 0.021750 0.038196 2.580872 2.550496 4.465772 0.000000 0.000000 0.000000 0.990930 1 4.640314728e-07 2.020900138e-05
170 0.022245 0.021858 0.038376 2.580872 2.550496 4.465772 0.000000 0.000000 0.000000 0.990920 1 4.479661584e-07 2.022390254e-05
170 0.022337 0.021958 0.038543 2.580872 2.550496 4.465772 0.000000 0.000000 0.000000 0.990920 1 5.690380931e-07 2.028001472e-05
170 0.022421 0.022050 0.038697 2.580872 2.550496 4.465772 0.000000 0.000000 0.000000 0.990923 1 4.421453923e-07 2.030516043e-05
170 0.022498 0.022134 0.038838 2.580872 2.550496 4.465772 0.000000 0.000000 0.000000 0.990923 1 4.449393600e-07 2.014194615e-05
170 0.022570 0.022213 0.038969 2.580872 2.550496 4.465772 0.000000 0.000000 0.000000 0.990918 1 4.069879651e-07 2.017011866e-05
170 0.022637 0.022287 0.039093 2.580872 2.550496 4.465772 0.000000 0.000000 0.000000 0.990911 1 4.300381988e-07 2.003088593e-05
170 0.022701 0.022356 0.039209 2.580872 2.550496 4.465772 0.000000 0.000000 0.000000 0.990905 1 7.920898497e-07 2.094404772e-05
170 0.022760 0.022421 0.039317 2.580872 2.550496 4.465772 0.000000 0.000000 0.000000 0.990906 1 4.530884326e-07 2.011191100e-05
170 0.022813 0.022479 0.039414 2.580872 2.550496 4.465772 0.000000 0.000000 0.000000 0.990925 1 4.449393600e-07 2.008304000e-05
170 0.022855 0.022525 0.039491 2.580872 2.550496 4.465772 0.000000 0.000000 0.000000 0.990971 1 4.060566425e-07 1.997500658e-05
170 0.022882 0.022557 0.039542 2.580872 2.550496 4.465772 0.000000 0.000000 0.000000 0.991040 1 4.130415618e-07 2.009398304e-05
171 0.022479 0.023280 0.039929 2.501380 2.651690 4.501963 0.000000 0.000000 0.000000 0.989974 1 7.669441402e-07 2.243905328e-05
171 0.022667 0.023522 0.040308 2.501380 2.651690 4.501963 0.000000 0.000000 0.000000 0.990090 1 4.249159247e-07 2.024602145e-05
171 0.022814 0.023717 0.040610 2.501380 2.651690 4.501963 0.000000 0.000000 0.000000 0.990247 1 4.130415618e-07 2.025999129e-05
171 0.022918 0.023863 0.040831 2.501380 2.651690 4.501963 0.000000 0.000000 0.000000 0.990412 1 4.309695214e-07 2.023484558e-05
171 0.022984 0.023966 0.040982 2.501380 2.651690 4.501963 0.000000 0.000000 0.000000 0.990554 1 4.051253200e-07 2.010399476e-05
171 0.023022 0.024037 0.041080 2.501380 2.651690 4.501963 0.000000 0.000000 0.000000 0.990654 1 4.589091986e-07 2.017500810e-05
171 0.023043 0.024088 0.041146 2.501380 2.651690 4.501963 0.000000 0.000000 0.000000 0.990704 1 4.388857633e-07 2.025393769e-05
171 0.023059 0.024130 0.041199 2.501380 2.651690 4.501963 0.000000 0.000000 0.000000 0.990706 1 4.710163921e-07 2.039014362e-05
171 0.023076 0.024173 0.041253 2.501380 2.651690 4.501963 0.000000 0.000000 0.000000 0.990674 1 5.529727787e-07 2.032006159e-05
171 0.023101 0.024222 0.041320 2.501380 2.651690 4.501963 0.000000 0.000000 0.000000 0.990619 1 4.521571100e-07 2.023600973e-05
171 0.023136 0.024280 0.041403 2.501380 2.651690 4.501963 0.000000 0.000000 0.000000 0.990552 1 4.549510777e-07 2.014194615e-05
171 0.023183 0.024348 0.041505 2.501380 2.651690 4.501963 0.000000 0.000000 0.000000 0.990471 1 4.549510777e-07 2.025510184e-05
171 0.023244 0.024430 0.041631 2.501380 2.651690 4.501963 0.000000 0.000000 0.000000 0.990368 1 7.629860193e-07 2.099806443e-05
171 0.023322 0.024529 0.041788 2.501380 2.651690 4.501963 0.000000 0.000000 0.000000 0.990244 1 4.230532795e-07 1.879804768e-05
171 0.023420 0.024648 0.041979 2.501380 2.651690 4.501963 0.000000 0.000000 0.000000 0.990102 1 4.798639566e-07 1.996103674e-05
171 0.023539 0.024788 0.042206 2.501380 2.651690 4.501963 0.000000 0.000000 0.000000 0.989951 1 5.571637303e-07 2.022110857e-05
171 0.023678 0.024948 0.042468 2.501380 2.651690 4.501963 0.000000 0.000000 0.000000 0.989803 1 4.658941180e-07 2.018990926e-05
171 0.023833 0.025124 0.042758 2.501380 2.651690 4.501963 0.000000 0.000000 0.000000 0.989674 1 6.000045687e-07 2.060015686e-05
171 0.023997 0.025309 0.043065 2.501380 2.651690 4.501963 0.000000 0.000000 0.000000 0.989574 1 4.679895937e-07 2.018501982e-05
171 0.024167 0.025499 0.043379 2.501380 2.651690 4.501963 0.000000 0.000000 0.000000 0.989490 1 4.689209163e-07 2.028094605e-05
172 0.023899 0.026383 0.044049 2.431171 2.736563 4.532666 0.000000 0.000000 0.000000 0.988001 1 4.288740456e-07 2.004695125e-05
172 0.024306 0.026881 0.044847 2.431171 2.736563 4.532666 0.000000 0.000000 0.000000 0.988009 1 4.749745131e-07 2.031004988e-05
172 0.024664 0.027321 0.045551 2.431171 2.736563 4.532666 0.000000 0.000000 0.000000 0.988153 1 4.419125617e-07 2.385699190e-05
172 0.024967 0.027697 0.046150 2.431171 2.736563 4.532666 0.000000 0.000000 0.000000 0.988292 1 4.139728844e-07 2.008513547e-05
172 0.025226 0.028019 0.046663 2.431171 2.736563 4.532666 0.000000 0.000000 0.000000 0.988380 1 4.360917956e-07 2.024695277e-05
172 0.025454 0.028305 0.047117 2.431171 2.736563 4.532666 0.000000 0.000000 0.000000 0.988414 1 4.540197551e-07 2.020085230e-05
172 0.025664 0.028567 0.047533 2.431171 2.736563 4.532666 0.000000 0.000000 0.000000 0.988402 1 4.540197551e-07 2.024020068e-05
172 0.025862 0.028815 0.047927 2.431171 2.736563 4.532666 0.000000 0.000000 0.000000 0.988365 1 4.090834409e-07 2.011610195e-05
172 0.026053 0.029052 0.048304 2.431171 2.736563 4.532666 0.000000 0.000000 0.000000 0.988328 1 5.438923836e-07 2.014404163e-05
172 0.026234 0.029277 0.048664 2.431171 2.736563 4.532666 0.000000 0.000000 0.000000 0.988303 1 5.268957466e-07 3.134692088e-05
172 0.026405 0.029489 0.049001 2.431171 2.736563 4.532666 0.000000 0.000000 0.000000 0.988294 1 4.270114005e-07 2.005486749e-05
172 0.026562 0.029684 0.049312 2.431171 2.736563 4.532666 0.000000 0.000000 0.000000 0.988296 1 4.519242793e-07 2.012681216e-05
172 0.026708 0.029865 0.049600 2.431171 2.736563 4.532666 0.000000 0.000000 0.000000 0.988296 1 4.260800779e-07 2.007395960e-05
172 0.026843 0.030032 0.049866 2.431171 2.736563 4.532666 0.000000 0.000000 0.000000 0.988291 1 4.179310054e-07 2.017104998e-05
172 0.026968 0.030187 0.050114 2.431171 2.736563 4.532666 0.000000 0.000000 0.000000 0.988283 1 6.919726729e-07 2.343091182e-05
172 0.027086 0.030332 0.050346 2.431171 2.736563 4.532666 0.000000 0.000000 0.000000 0.988274 1 4.521571100e-07 1.998711377e-05
172 0.027196 0.030468 0.050563 2.431171 2.736563 4.532666 0.000000 0.000000 0.000000 0.988271 1 4.698522389e-07 2.010515891e-05
172 0.027296 0.030592 0.050760 2.431171 2.736563 4.532666 0.000000 0.000000 0.000000 0.988287 1 3.960449249e-07 1.671304926e-05
172 0.027382 0.030699 0.050931 2.431171 2.736563 4.532666 0.000000 0.000000 0.000000 0.988338 1 4.740431905e-07 2.003298141e-05
172 0.027448 0.030783 0.051063 2.431171 2.736563 4.532666 0.000000 0.000000 0.000000 0.988423 1 4.840549082e-07 2.027116716e-05
173 0.027004 0.031582 0.051571 2.348607 2.834190 4.574689 0.000000 0.000000 0.000000 0.986362 1 4.351604730e-07 1.886999235e-05
173 0.027378 0.032111 0.052378 2.348607 2.834190 4.574689 0.000000 0.000000 0.000000 0.986499 1 5.098991096e-07 2.036918886e-05
173 0.027691 0.032560 0.053061 2.348607 2.834190 4.574689 0.000000 0.000000 0.000000 0.986702 1 4.381872714e-07 1.999107189e-05
173 0.027940 0.032926 0.053613 2.348607 2.834190 4.574689 0.000000 0.000000 0.000000 0.986936 1 4.537869245e-07 2.018501982e-05
173 0.028128 0.033215 0.054043 2.348607 2.834190 4.574689 0.000000 0.000000 0.000000 0.987151 1 4.430767149e-07 2.016383223e-05
173 0.028269 0.033440 0.054374 2.348607 2.834190 4.574689 0.000000 0.000000 0.000000 0.987310 1 4.349276423e-07 2.009700984e-05
173 0.028377 0.033623 0.054638 2.348607 2.834190 4.574689 0.000000 0.000000 0.000000 0.987396 1 5.979090929e-07 2.033798955e-05
173 0.028469 0.033781 0.054865 2.348607 2.834190 4.574689 0.000000 0.000000 0.000000 0.987410 1 4.461035132e-07 2.151005901e-05
173 0.028557 0.033932 0.055083 2.348607 2.834190 4.574689 0.000000 0.000000 0.000000 0.987363 1 4.481989890e-07 2.164207399e-05
173 0.028652 0.034087 0.055310 2.348607 2.834190 4.574689 0.000000 0.000000 0.000000 0.987272 1 5.147885531e-07 2.031796612e-05
173 0.028759 0.034254 0.055556 2.348607 2.834190 4.574689 0.000000 0.000000 0.000000 0.987158 1 4.449393600e-07 2.015894279e-05
173 0.028880 0.034434 0.055827 2.348607 2.834190 4.574689 0.000000 0.000000 0.000000 0.987024 1 8.328352123e-07 2.230796963e-05
173 0.029019 0.034634 0.056131 2.348607 2.834190 4.574689 0.000000 0.000000 0.000000 0.986851 1 4.509929568e-07 2.019712701e-05
173 0.029183 0.034862 0.056481 2.348607 2.834190 4.574689 0.000000 0.000000 0.000000 0.986638 1 4.821922630e-07 2.032401972e-05
173 0.029377 0.035123 0.056886 2.348607 2.834190 4.574689 0.000000 0.000000 0.000000 0.986387 1 4.500616342e-07 2.013705671e-05
173 0.029604 0.035422 0.057354 2.348607 2.834190 4.574689 0.000000 0.000000 0.000000 0.986110 1 4.309695214e-07 2.020201646e-05
173 0.029865 0.035760 0.057885 2.348607 2.834190 4.574689 0.000000 0.000000 0.000000 0.985830 1 4.339963198e-07 2.024904825e-05
173 0.030153 0.036130 0.058470 2.348607 2.834190 4.574689 0.000000 0.000000 0.000000 0.985575 1 3.899913281e-07 2.062716521e-05
173 0.030462 0.036522 0.059090 2.348607 2.834190 4.574689 0.000000 0.000000 0.000000 0.985366 1 4.579778761e-07 2.014404163e-05
173 0.030779 0.036923 0.059728 2.348607 2.834190 4.574689 0.000000 0.000000 0.000000 0.985199 1 4.498288035e-07 2.016779035e-05
174 0.030617 0.038124 0.060880 2.277841 2.913117 4.609623 0.000000 0.000000 0.000000 0.981865 1 4.731118679e-07 2.060411498e-05
174 0.031453 0.039273 0.062655 2.277841 2.913117 4.609623 0.000000 0.000000 0.000000 0.981759 1 4.798639566e-07 2.036406659e-05
174 0.032220 0.040326 0.064283 2.277841 2.913117 4.609623 0.000000 0.000000 0.000000 0.981873 1 4.838220775e-07 2.026814036e-05
174 0.032906 0.041272 0.065742 2.277841 2.913117 4.609623 0.000000 0.000000 0.000000 0.981976 1 5.459878594e-07 2.028606832e-05
174 0.033530 0.042132 0.067070 2.277841 2.913117 4.609623 0.000000 0.000000 0.000000 0.981989 1 4.179310054e-07 1.998106018e-05
174 0.034112 0.042934 0.068309 2.277841 2.913117 4.609623 0.000000 0.000000 0.000000 0.981915 1 5.469191819e-07 2.034706995e-05
174 0.034670 0.043701 0.069493 2.277841 2.913117 4.609623 0.000000 0.000000 0.000000 0.981773 1 4.549510777e-07 2.006790601e-05
174 0.035214 0.044445 0.070644 2.277841 2.913117 4.609623 0.000000 0.000000 0.000000 0.981598 1 4.561152309e-07 2.001295798e-05
174 0.035744 0.045169 0.071766 2.277841 2.913117 4.609623 0.000000 0.000000 0.000000 0.981444 1 1.515028998e-06 3.145099618e-05
174 0.036257 0.045867 0.072848 2.277841 2.913117 4.609623 0.000000 0.000000 0.000000 0.981338 1 7.089693099e-07 2.765003592e-05
174 0.036744 0.046528 0.073873 2.277841 2.913117 4.609623 0.000000 0.000000 0.000000 0.981284 1 8.619390428e-07 2.822512761e-05
174 0.037199 0.047146 0.074831 2.277841 2.913117 4.609623 0.000000 0.000000 0.000000 0.981261 1 1.122010872e-06 2.357596532e-05
174 0.037622 0.047720 0.075722 2.277841 2.913117 4.609623 0.000000 0.000000 0.000000 0.981246 1 4.901085049e-07 2.002203837e-05
174 0.038016 0.048253 0.076550 2.277841 2.913117 4.609623 0.000000 0.000000 0.000000 0.981228 1 4.479661584e-07 2.025300637e-05
174 0.038383 0.048751 0.077322 2.277841 2.913117 4.609623 0.000000 0.000000 0.000000 0.981203 1 1.089880243e-06 2.302206121e-05
174 0.038727 0.049217 0.078046 2.277841 2.913117 4.609623 0.000000 0.000000 0.000000 0.981164 1 6.768386811e-07 2.033100463e-05
174 0.039053 0.049657 0.078730 2.277841 2.913117 4.609623 0.000000 0.000000 0.000000 0.981120 1 4.118774086e-07 1.899199560e-05
174 0.039359 0.050071 0.079373 2.277841 2.913117 4.609623 0.000000 0.000000 0.000000 0.981102 1 5.029141903e-07 2.020504326e-05
174 0.039641 0.050452 0.079964 2.277841 2.913117 4.609623 0.000000 0.000000 0.000000 0.981129 1 4.640314728e-07 2.025603317e-05
174 0.039890 0.050790 0.080489 2.277841 2.913117 4.609623 0.000000 0.000000 0.000000 0.981216 1 4.142057151e-07 2.024904825e-05
175 0.039704 0.052249 0.081965 2.193888 3.003916 4.656092 0.000000 0.000000 0.000000 0.974264 1 9.050127119e-07 2.140412107e-05
175 0.040995 0.054179 0.084881 2.193888 3.003916 4.656092 0.000000 0.000000 0.000000 0.974257 1 4.000030458e-07 2.029910684e-05
175 0.042175 0.055945 0.087548 2.193888 3.003916 4.656092 0.000000 0.000000 0.000000 0.974391 1 4.018656909e-07 1.876102760e-05
175 0.043230 0.057528 0.089939 2.193888 3.003916 4.656092 0.000000 0.000000 0.000000 0.974630 1 3.778841347e-07 1.875590533e-05
175 0.044163 0.058933 0.092057 2.193888 3.003916 4.656092 0.000000 0.000000 0.000000 0.974864 1 4.519242793e-07 2.028793097e-05
175 0.044995 0.060190 0.093951 2.193888 3.003916 4.656092 0.000000 0.000000 0.000000 0.974974 1 1.105014235e-06 2.313707955e-05
175 0.045759 0.061346 0.095693 2.193888 3.003916 4.656092 0.000000 0.000000 0.000000 0.974916 1 4.051253200e-07 2.015684731e-05
175 0.046493 0.062451 0.097358 2.193888 3.003916 4.656092 0.000000 0.000000 0.000000 0.974669 1 1.569278538e-07 5.016801879e-06
175 0.047229 0.063552 0.099023 2.193888 3.003916 4.656092 0.000000 0.000000 0.000000 0.974233 1 4.111789167e-07 1.997617073e-05
175 0.047997 0.064689 0.100745 2.193888 3.003916 4.656092 0.000000 0.000000 0.000000 0.973656 1 4.069879651e-07 2.008792944e-05
175 0.048811 0.065883 0.102559 2.193888 3.003916 4.656092 0.000000 0.000000 0.000000 0.972999 1 4.249159247e-07 2.340995707e-05
175 0.049681 0.067148 0.104485 2.193888 3.003916 4.656092 0.000000 0.000000 0.000000 0.972251 1 4.449393600e-07 2.008001320e-05
175 0.050627 0.068510 0.106565 2.193888 3.003916 4.656092 0.000000 0.000000 0.000000 0.971314 1 4.041939974e-07 1.750001684e-05
175 0.051682 0.070017 0.108873 2.193888 3.003916 4.656092 0.000000 0.000000 0.000000 0.970107 1 3.040768206e-07 1.483107917e-05
175 0.052890 0.071727 0.111497 2.193888 3.003916 4.656092 0.000000 0.000000 0.000000 0.968581 1 2.500601113e-07 1.002917998e-05
175 0.054293 0.073702 0.114533 2.193888 3.003916 4.656092 0.000000 0.000000 0.000000 0.966724 1 2.200249583e-07 9.089009836e-06
175 0.055929 0.075991 0.118059 2.193888 3.003916 4.656092 0.000000 0.000000 0.000000 0.964583 1 3.401655704e-07 1.658988185e-05
175 0.057820 0.078625 0.122120 2.193888 3.003916 4.656092 0.000000 0.000000 0.000000 0.962256 1 7.359776646e-07 2.058711834e-05
175 0.059964 0.081603 0.126718 2.193888 3.003916 4.656092 0.000000 0.000000 0.000000 0.959873 1 4.339963198e-07 2.002785914e-05
175 0.062345 0.084902 0.131813 2.193888 3.003916 4.656092 0.000000 0.000000 0.000000 0.957491 1 4.149042070e-07 2.036802471e-05
176 0.063581 0.088721 0.136812 2.126273 3.070691 4.690753 0.000000 0.000000 0.000000 0.954009 1 4.530884326e-07 2.017687075e-05
176 0.066304 0.092893 0.143086 2.126273 3.070691 4.690753 0.000000 0.000000 0.000000 0.952988 1 4.451721907e-07 2.011191100e-05
176 0.068983 0.096981 0.149241 2.126273 3.070691 4.690753 0.000000 0.000000 0.000000 0.951987 1 9.958166629e-07 2.251705155e-05
176 0.071618 0.100989 0.155279 2.126273 3.070691 4.690753 0.000000 0.000000 0.000000 0.951006 1 4.000030458e-07 2.014217898e-05
176 0.074208 0.104918 0.161204 2.126273 3.070691 4.690753 0.000000 0.000000 0.000000 0.950045 1 4.959292710e-07 2.009700984e-05
176 0.076755 0.108770 0.167015 2.126273 3.070691 4.690753 0.000000 0.000000 0.000000 0.949102 1 4.018656909e-07 1.996895298e-05
176 0.079259 0.112545 0.172717 2.126273 3.070691 4.690753 0.000000 0.000000 0.000000 0.948178 1 4.020985216e-07 2.018106170e-05
176 0.081720 0.116246 0.178309 2.126273 3.070691 4.690753 0.000000 0.000000 0.000000 0.947273 1 4.069879651e-07 1.996802166e-05
176 0.084137 0.119874 0.183794 2.126273 3.070691 4.690753 0.000000 0.000000 0.000000 0.946385 1 4.088506103e-07 1.996103674e-05
176 0.086513 0.123430 0.189175 2.126273 3.070691 4.690753 0.000000 0.000000 0.000000 0.945514 1 4.000030458e-07 2.013402991e-05
176 0.088846 0.126916 0.194452 2.126273 3.070691 4.690753 0.000000 0.000000 0.000000 0.944661 1 4.430767149e-07 2.036616206e-05
176 0.091138 0.130333 0.199627 2.126273 3.070691 4.690753 0.000000 0.000000 0.000000 0.943825 1 4.430767149e-07 1.999503002e-05
176 0.093389 0.133683 0.204703 2.126273 3.070691 4.690753 0.000000 0.000000 0.000000 0.943005 1 3.990717232e-07 2.010795288e-05
176 0.095600 0.136966 0.209682 2.126273 3.070691 4.690753 0.000000 0.000000 0.000000 0.942202 1 5.590263754e-07 2.037896775e-05
176 0.097770 0.140185 0.214564 2.126273 3.070691 4.690753 0.000000 0.000000 0.000000 0.941414 1 9.839423001e-07 2.108188346e-05
176 0.099901 0.143340 0.219351 2.126273 3.070691 4.690753 0.000000 0.000000 0.000000 0.940642 1 3.809109330e-07 1.987582073e-05
176 0.101993 0.146433 0.224046 2.126273 3.070691 4.690753 0.000000 0.000000 0.000000 0.939885 1 8.910428733e-07 2.804212272e-05
176 0.104047 0.149465 0.228650 2.126273 3.070691 4.690753 0.000000 0.000000 0.000000 0.939143 1 7.071066648e-07 2.780905925e-05
176 0.106062 0.152437 0.233165 2.126273 3.070691 4.690753 0.000000 0.000000 0.000000 0.938416 1 3.809109330e-07 2.015987411e-05
176 0.108040 0.155350 0.237592 2.126273 3.070691 4.690753 0.000000 0.000000 0.000000 0.937703 1 1.074047759e-06 2.341298386e-05
177 0.107829 0.158206 0.240780 2.042700 3.150511 4.738327 0.000000 0.000000 0.000000 0.938600 1 6.128102541e-07 2.027908340e-05
177 0.109241 0.161005 0.244772 2.042700 3.150511 4.738327 0.000000 0.000000 0.000000 0.937932 1 4.230532795e-07 2.031191252e-05
177 0.110647 0.163749 0.248697 2.042700 3.150511 4.738327 0.000000 0.000000 0.000000 0.937277 1 4.279427230e-07 2.023694105e-05
177 0.112047 0.166439 0.252557 2.042700 3.150511 4.738327 0.000000 0.000000 0.000000 0.936636 1 4.561152309e-07 2.016592771e-05
177 0.113439 0.169076 0.256351 2.042700 3.150511 4.738327 0.000000 0.000000 0.000000 0.936007 1 4.239846021e-07 2.017198130e-05
177 0.114821 0.171661 0.260080 2.042700 3.150511 4.738327 0.000000 0.000000 0.000000 0.935390 1 5.390029401e-07 2.016988583e-05
177 0.116193 0.174195 0.263744 2.042700 3.150511 4.738327 0.000000 0.000000 0.000000 0.934786 1 4.300381988e-07 2.015894279e-05
177 0.117554 0.176678 0.267344 2.042700 3.150511 4.738327 0.000000 0.000000 0.000000 0.934193 1 3.699678928e-07 2.052797936e-05
177 0.118902 0.179113 0.270881 2.042700 3.150511 4.738327 0.000000 0.000000 0.000000 0.933613 1 5.241017789e-07 2.026511356e-05
177 0.120236 0.181500 0.274356 2.042700 3.150511 4.738327 0.000000 0.000000 0.000000 0.933043 1 4.228204489e-07 2.005184069e-05
177 0.121556 0.183839 0.277768 2.042700 3.150511 4.738327 0.000000 0.000000 0.000000 0.932485 1 5.809124559e-07 2.013309859e-05
177 0.122862 0.186133 0.281119 2.042700 3.150511 4.738327 0.000000 0.000000 0.000000 0.931938 1 5.690380931e-07 1.463014632e-05
177 0.124152 0.188381 0.284409 2.042700 3.150511 4.738327 0.000000 0.000000 0.000000 0.931402 1 3.280583769e-07 1.406599768e-05
177 0.125426 0.190584 0.287640 2.042700 3.150511 4.738327 0.000000 0.000000 0.000000 0.930876 1 5.119945854e-07 2.022203989e-05
177 0.126684 0.192744 0.290812 2.042700 3.150511 4.738327 0.000000 0.000000 0.000000 0.930361 1 4.679895937e-07 2.016196959e-05
177 0.127925 0.194862 0.293925 2.042700 3.150511 4.738327 0.000000 0.000000 0.000000 0.929856 1 5.469191819e-07 2.032401972e-05
177 0.129149 0.196938 0.296981 2.042700 3.150511 4.738327 0.000000 0.000000 0.000000 0.929361 1 1.305015758e-06 3.037904389e-05
177 0.130356 0.198972 0.299981 2.042700 3.150511 4.738327 0.000000 0.000000 0.000000 0.928876 1 8.009374142e-07 2.793595195e-05
177 0.131546 0.200967 0.302924 2.042700 3.150511 4.738327 0.000000 0.000000 0.000000 0.928400 1 5.101319402e-07 2.043298446e-05
177 0.132718 0.202922 0.305813 2.042700 3.150511 4.738327 0.000000 0.000000 0.000000 0.927934 1 4.628673196e-07 2.007302828e-05
178 0.131644 0.204839 0.307888 2.001780 3.169412 4.748623 0.000000 0.000000 0.000000 0.927909 1 4.759058356e-07 2.017803490e-05
178 0.132656 0.206717 0.310627 2.001780 3.169412 4.748623 0.000000 0.000000 0.000000 0.927463 1 4.328321666e-07 1.902016811e-05
178 0.133658 0.208559 0.313317 2.001780 3.169412 4.748623 0.000000 0.000000 0.000000 0.927027 1 5.040783435e-07 2.023600973e-05
178 0.134650 0.210364 0.315957 2.001780 3.169412 4.748623 0.000000 0.000000 0.000000 0.926599 1 6.479676813e-07 2.028513700e-05
178 0.135630 0.212134 0.318549 2.001780 3.169412 4.748623 0.000000 0.000000 0.000000 0.926179 1 3.599561751e-07 1.870980486e-05
178 0.136599 0.213869 0.321093 2.001780 3.169412 4.748623 0.000000 0.000000 0.000000 0.925768 1 4.901085049e-07 2.051587217e-05
178 0.137556 0.215569 0.323590 2.001780 3.169412 4.748623 0.000000 0.000000 0.000000 0.925365 1 4.661269486e-07 2.002785914e-05
178 0.138501 0.217236 0.326040 2.001780 3.169412 4.748623 0.000000 0.000000 0.000000 0.924969 1 2.488959581e-07 8.892035112e-06
178 0.139433 0.218870 0.328445 2.001780 3.169412 4.748623 0.000000 0.000000 0.000000 0.924582 1 3.539025784e-07 9.139999747e-06
178 0.140353 0.220472 0.330805 2.001780 3.169412 4.748623 0.000000 0.000000 0.000000 0.924202 1 2.339947969e-07 8.878065273e-06
178 0.141260 0.222042 0.333120 2.001780 3.169412 4.748623 0.000000 0.000000 0.000000 0.923830 1 2.540182322e-07 9.971903637e-06
178 0.142153 0.223581 0.335392 2.001780 3.169412 4.748623 0.000000 0.000000 0.000000 0.923465 1 2.940651029e-07 1.117400825e-05
178 0.143034 0.225090 0.337621 2.001780 3.169412 4.748623 0.000000 0.000000 0.000000 0.923107 1 7.071066648e-07 2.786889672e-05
178 0.143901 0.226568 0.339808 2.001780 3.169412 4.748623 0.000000 0.000000 0.000000 0.922757 1 1.266831532e-06 3.016297705e-05
178 0.144755 0.228018 0.341954 2.001780 3.169412 4.748623 0.000000 0.000000 0.000000 0.922413 1 7.201451808e-07 2.787611447e-05
178 0.145596 0.229439 0.344058 2.001780 3.169412 4.748623 0.000000 0.000000 0.000000 0.922076 1 8.139759302e-07 2.812896855e-05
178 0.146423 0.230832 0.346122 2.001780 3.169412 4.748623 0.000000 0.000000 0.000000 0.921746 1 7.050111890e-07 2.788007259e-05
178 0.147237 0.232198 0.348147 2.001780 3.169412 4.748623 0.000000 0.000000 0.000000 0.921422 1 5.778856575e-07 2.005207352e-05
178 0.148038 0.233536 0.350133 2.001780 3.169412 4.748623 0.000000 0.000000 0.000000 0.921104 1 4.512257874e-07 2.032704651e-05
178 0.148825 0.234849 0.352081 2.001780 3.169412 4.748623 0.000000 0.000000 0.000000 0.920793 1 4.321336746e-07 2.011610195e-05
179 0.147256 0.236135 0.353119 1.959474 3.195283 4.765536 0.000000 0.000000 0.000000 0.921132 1 7.618218660e-07 2.058804967e-05
179 0.147841 0.237396 0.354927 1.959474 3.195283 4.765536 0.000000 0.000000 0.000000 0.920835 1 5.119945854e-07 2.017198130e-05
179 0.148425 0.238632 0.356704 1.959474 3.195283 4.765536 0.000000 0.000000 0.000000 0.920545 1 4.488974810e-07 2.016406506e-05
179 0.149008 0.239843 0.358449 1.959474 3.195283 4.765536 0.000000 0.000000 0.000000 0.920260 1 4.570465535e-07 2.001877874e-05
179 0.149588 0.241031 0.360164 1.959474 3.195283 4.765536 0.000000 0.000000 0.000000 0.919981 1 4.679895937e-07 2.150493674e-05
179 0.150165 0.242195 0.361847 1.959474 3.195283 4.765536 0.000000 0.000000 0.000000 0.919707 1 7.059425116e-07 2.073706128e-05
179 0.150739 0.243336 0.363501 1.959474 3.195283 4.765536 0.000000 0.000000 0.000000 0.919438 1 5.369074643e-07 2.036499791e-05
179 0.151308 0.244455 0.365125 1.959474 3.195283 4.765536 0.000000 0.000000 0.000000 0.919175 1 4.468020052e-07 2.016592771e-05
179 0.151873 0.245552 0.366719 1.959474 3.195283 4.765536 0.000000 0.000000 0.000000 0.918917 1 3.729946911e-07 1.999805681e-05
179 0.152433 0.246627 0.368284 1.959474 3.195283 4.765536 0.000000 0.000000 0.000000 0.918664 1 3.930181265e-07 2.031004988e-05
179 0.152988 0.247680 0.369820 1.959474 3.195283 4.765536 0.000000 0.000000 0.000000 0.918417 1 1.103151590e-06 2.343300730e-05
179 0.153537 0.248713 0.371328 1.959474 3.195283 4.765536 0.000000 0.000000 0.000000 0.918174 1 4.260800779e-07 2.018804662e-05
179 0.154079 0.249726 0.372808 1.959474 3.195283 4.765536 0.000000 0.000000 0.000000 0.917936 1 6.090849638e-07 1.543504186e-05
179 0.154616 0.250718 0.374261 1.959474 3.195283 4.765536 0.000000 0.000000 0.000000 0.917702 1 4.388857633e-07 1.585693099e-05
179 0.155146 0.251691 0.375686 1.959474 3.195283 4.765536 0.000000 0.000000 0.000000 0.917473 1 5.161855370e-07 2.025393769e-05
179 0.155670 0.252645 0.377085 1.959474 3.195283 4.765536 0.000000 0.000000 0.000000 0.917249 1 3.699678928e-07 2.020294778e-05
179 0.156186 0.253580 0.378458 1.959474 3.195283 4.765536 0.000000 0.000000 0.000000 0.917029 1 3.830064088e-07 2.002087422e-05
179 0.156696 0.254496 0.379805 1.959474 3.195283 4.765536 0.000000 0.000000 0.000000 0.916814 1 6.300397217e-07 2.024602145e-05
179 0.157198 0.255395 0.381126 1.959474 3.195283 4.765536 0.000000 0.000000 0.000000 0.916602 1 4.910398275e-07 2.017011866e-05
179 0.157694 0.256275 0.382422 1.959474 3.195283 4.765536 0.000000 0.000000 0.000000 0.916395 1 4.570465535e-07 2.037989907e-05
180 0.156840 0.255010 0.380529 1.903183 3.193984 4.780081 0.000000 0.000000 0.000000 0.916659 1 5.338806659e-07 2.024089918e-05
180 0.156993 0.255898 0.381944 1.903183 3.193984 4.780081 0.000000 0.000000 0.000000 0.916450 1 4.209578037e-07 1.998082735e-05
180 0.157165 0.256769 0.383327 1.903183 3.193984 4.780081 0.000000 0.000000 0.000000 0.916245 1 8.540228009e-07 2.119108103e-05
180 0.157353 0.257622 0.384677 1.903183 3.193984 4.780081 0.000000 0.000000 0.000000 0.916044 1 4.740431905e-07 2.037780359e-05
180 0.157556 0.258459 0.385997 1.903183 3.193984 4.780081 0.000000 0.000000 0.000000 0.915847 1 4.731118679e-07 2.017500810e-05
180 0.157772 0.259279 0.387286 1.903183 3.193984 4.780081 0.000000 0.000000 0.000000 0.915655 1 6.218906492e-07 2.038013190e-05
180 0.157999 0.260083 0.388547 1.903183 3.193984 4.780081 0.000000 0.000000 0.000000 0.915465 1 4.190951586e-07 2.010585740e-05
180 0.158236 0.260871 0.389779 1.903183 3.193984 4.780081 0.000000 0.000000 0.000000 0.915280 1 1.162989065e-06 2.325186506e-05
180 0.158482 0.261643 0.390985 1.903183 3.193984 4.780081 0.000000 0.000000 0.000000 0.915098 1 4.058238119e-07 1.996196806e-05
180 0.158735 0.262401 0.392163 1.903183 3.193984 4.780081 0.000000 0.000000 0.000000 0.914920 1 6.789341569e-07 2.051191404e-05
180 0.158994 0.263143 0.393316 1.903183 3.193984 4.780081 0.000000 0.000000 0.000000 0.914745 1 3.820750862e-07 2.006697468e-05
180 0.159259 0.263871 0.394443 1.903183 3.193984 4.780081 0.000000 0.000000 0.000000 0.914574 1 4.519242793e-07 2.001901157e-05
180 0.159528 0.264584 0.395546 1.903183 3.193984 4.780081 0.000000 0.000000 0.000000 0.914406 1 4.428438842e-07 1.878198236e-05
180 0.159801 0.265283 0.396626 1.903183 3.193984 4.780081 0.000000 0.000000 0.000000 0.914242 1 4.549510777e-07 2.033403143e-05
180 0.160076 0.265968 0.397682 1.903183 3.193984 4.780081 0.000000 0.000000 0.000000 0.914081 1 4.891771823e-07 2.013193443e-05
180 0.160354 0.266640 0.398715 1.903183 3.193984 4.780081 0.000000 0.000000 0.000000 0.913922 1 5.008187145e-07 2.020597458e-05
180 0.160633 0.267299 0.399727 1.903183 3.193984 4.780081 0.000000 0.000000 0.000000 0.913767 1 1.119915396e-07 4.931120202e-06
180 0.160913 0.267945 0.400717 1.903183 3.193984 4.780081 0.000000 0.000000 0.000000 0.913616 1 1.192092896e-07 4.981178790e-06
180 0.161194 0.268577 0.401686 1.903183 3.193984 4.780081 0.000000 0.000000 0.000000 0.913467 1 5.071051419e-07 2.018990926e-05
180 0.161475 0.269198 0.402635 1.903183 3.193984 4.780081 0.000000 0.000000 0.000000 0.913321 1 1.170206815e-06 2.319295891e-05
181 0.160438 0.267596 0.400256 1.921283 3.168008 4.759837 0.000000 0.000000 0.000000 1.000000 0 6.689224392e-07 2.049887553e-05
181 0.160968 0.268236 0.401356 1.921283 3.168008 4.759837 0.000000 0.000000 0.000000 0.912838 1 7.459893823e-07 2.817111090e-05
181 0.161480 0.268863 0.402426 1.921283 3.168008 4.759837 0.000000 0.000000 0.000000 0.912689 1 7.101334631e-07 2.788193524e-05
181 0.161974 0.269478 0.403467 1.921283 3.168008 4.759837 0.000000 0.000000 0.000000 0.912544 1 4.721805453e-07 1.775496639e-05
181 0.162451 0.270080 0.404481 1.921283 3.168008 4.759837 0.000000 0.000000 0.000000 0.912401 1 1.640990376e-06 3.087683581e-05
181 0.162913 0.270671 0.405469 1.921283 3.168008 4.759837 0.000000 0.000000 0.000000 0.912260 1 7.329508662e-07 2.792896703e-05
181 0.163359 0.271250 0.406432 1.921283 3.168008 4.759837 0.000000 0.000000 0.000000 0.912123 1 6.998889148e-07 2.054707147e-05
181 0.163791 0.271818 0.407370 1.921283 3.168008 4.759837 0.000000 0.000000 0.000000 0.911989 1 5.459878594e-07 2.021109685e-05
181 0.164210 0.272374 0.408285 1.921283 3.168008 4.759837 0.000000 0.000000 0.000000 0.911857 1 7.050111890e-07 2.782908268e-05
181 0.164616 0.272920 0.409178 1.921283 3.168008 4.759837 0.000000 0.000000 0.000000 0.911727 1 7.050111890e-07 2.782000229e-05
181 0.165009 0.273454 0.410048 1.921283 3.168008 4.759837 0.000000 0.000000 0.000000 0.911600 1 4.388857633e-07 2.043298446e-05
181 0.165391 0.273978 0.410898 1.921283 3.168008 4.759837 0.000000 0.000000 0.000000 0.911476 1 6.181653589e-07 1.923786476e-05
181 0.165761 0.274492 0.411727 1.921283 3.168008 4.759837 0.000000 0.000000 0.000000 0.911354 1 3.899913281e-07 1.903506927e-05
181 0.166121 0.274996 0.412537 1.921283 3.168008 4.759837 0.000000 0.000000 0.000000 0.911235 1 5.098991096e-07 2.025812864e-05
181 0.166471 0.275489 0.413327 1.921283 3.168008 4.759837 0.000000 0.000000 0.000000 0.911118 1 3.851018846e-07 1.885299571e-05
181 0.166811 0.275973 0.414100 1.921283 3.168008 4.759837 0.000000 0.000000 0.000000 0.911003 1 4.810281098e-07 2.028699964e-05
181 0.167141 0.276447 0.414854 1.921283 3.168008 4.759837 0.000000 0.000000 0.000000 0.910890 1 1.450069249e-06 2.912105992e-05
181 0.167463 0.276912 0.415591 1.921283 3.168008 4.759837 0.000000 0.000000 0.000000 0.910780 1 6.700865924e-07 2.044904977e-05
181 0.167776 0.277368 0.416311 1.921283 3.168008 4.759837 0.000000 0.000000 0.000000 0.910672 1 4.200264812e-07 2.012704499e-05
181 0.168080 0.277815 0.417015 1.921283 3.168008 4.759837 0.000000 0.000000 0.000000 0.910566 1 4.142057151e-07 2.022786066e-05
181 0.168377 0.278253 0.417704 1.921283 3.168008 4.759837 0.000000 0.000000 0.000000 0.910462 1 4.530884326e-07 2.000504173e-05
182 0.166914 0.276462 0.415254 1.852355 3.162195 4.785528 0.000000 0.000000 0.000000 0.910723 1 5.899928510e-07 2.653407864e-05
182 0.166805 0.276927 0.416198 1.852355 3.162195 4.785528 0.000000 0.000000 0.000000 0.910613 1 5.071051419e-07 2.032099292e-05
182 0.166719 0.277382 0.417110 1.852355 3.162195 4.785528 0.000000 0.000000 0.000000 0.910504 1 4.130415618e-07 2.009281889e-05
182 0.166655 0.277829 0.417991 1.852355 3.162195 4.785528 0.000000 0.000000 0.000000 0.910398 1 3.830064088e-07 1.999107189e-05
182 0.166611 0.278267 0.418843 1.852355 3.162195 4.785528 0.000000 0.000000 0.000000 0.910294 1 3.848690540e-07 2.014404163e-05
182 0.166585 0.278696 0.419667 1.852355 3.162195 4.785528 0.000000 0.000000 0.000000 0.910192 1 3.830064088e-07 1.997593790e-05
182 0.166575 0.279116 0.420465 1.852355 3.162195 4.785528 0.000000 0.000000 0.000000 0.910092 1 3.799796104e-07 1.994194463e-05
182 0.166580 0.279529 0.421238 1.852355 3.162195 4.785528 0.000000 0.000000 0.000000 0.909994 1 6.100162864e-07 2.032285556e-05
182 0.166599 0.279933 0.421987 1.852355 3.162195 4.785528 0.000000 0.000000 0.000000 0.909898 1 4.470348358e-07 2.036895603e-05
182 0.166630 0.280329 0.422713 1.852355 3.162195 4.785528 0.000000 0.000000 0.000000 0.909804 1 5.119945854e-07 2.036802471e-05
182 0.166671 0.280717 0.423418 1.852355 3.162195 4.785528 0.000000 0.000000 0.000000 0.909712 1 4.919711500e-07 1.894007437e-05
182 0.166723 0.281098 0.424103 1.852355 3.162195 4.785528 0.000000 0.000000 0.000000 0.909621 1 3.809109330e-07 2.003787085e-05
182 0.166783 0.281471 0.424767 1.852355 3.162195 4.785528 0.000000 0.000000 0.000000 0.909533 1 7.059425116e-07 2.080085687e-05
182 0.166851 0.281837 0.425413 1.852355 3.162195 4.785528 0.000000 0.000000 0.000000 0.909446 1 4.540197551e-07 2.024788409e-05
182 0.166926 0.282196 0.426041 1.852355 3.162195 4.785528 0.000000 0.000000 0.000000 0.909360 1 4.780013114e-07 2.016313374e-05
182 0.167007 0.282547 0.426651 1.852355 3.162195 4.785528 0.000000 0.000000 0.000000 0.909277 1 4.158355296e-07 2.006301656e-05
182 0.167094 0.282892 0.427245 1.852355 3.162195 4.785528 0.000000 0.000000 0.000000 0.909195 1 3.830064088e-07 1.997291110e-05
182 0.167186 0.283229 0.427823 1.852355 3.162195 4.785528 0.000000 0.000000 0.000000 0.909115 1 5.068723112e-07 1.009693369e-05
182 0.167282 0.283560 0.428386 1.852355 3.162195 4.785528 0.000000 0.000000 0.000000 0.909036 1 2.249144018e-07 8.848961443e-06
182 0.167381 0.283885 0.428934 1.852355 3.162195 4.785528 0.000000 0.000000 0.000000 0.908959 1 4.400499165e-07 2.002809197e-05
183 0.166588 0.281950 0.426293 1.892596 3.117424 4.754507 0.000000 0.000000 0.000000 0.908118 1 3.818422556e-07 2.009794116e-05
183 0.167157 0.282306 0.427122 1.892596 3.117424 4.754507 0.000000 0.000000 0.000000 0.908032 1 7.399357855e-07 2.780905925e-05
183 0.167694 0.282656 0.427919 1.892596 3.117424 4.754507 0.000000 0.000000 0.000000 0.907948 1 7.099006325e-07 2.800114453e-05
183 0.168203 0.282998 0.428685 1.892596 3.117424 4.754507 0.000000 0.000000 0.000000 0.907865 1 4.398170859e-07 2.003693953e-05
183 0.168684 0.283334 0.429422 1.892596 3.117424 4.754507 0.000000 0.000000 0.000000 0.907784 1 1.141801476e-06 2.848799340e-05
183 0.169139 0.283663 0.430132 1.892596 3.117424 4.754507 0.000000 0.000000 0.000000 0.907705 1 7.029157132e-07 2.785911784e-05
183 0.169571 0.283985 0.430815 1.892596 3.117424 4.754507 0.000000 0.000000 0.000000 0.907627 1 7.161870599e-07 2.783793025e-05
183 0.169981 0.284301 0.431474 1.892596 3.117424 4.754507 0.000000 0.000000 0.000000 0.907551 1 7.241033018e-07 2.069002949e-05
183 0.170371 0.284611 0.432110 1.892596 3.117424 4.754507 0.000000 0.000000 0.000000 0.907476 1 4.819594324e-07 2.029002644e-05
183 0.170741 0.284915 0.432725 1.892596 3.117424 4.754507 0.000000 0.000000 0.000000 0.907403 1 9.089708328e-07 2.101506107e-05
183 0.171094 0.285213 0.433318 1.892596 3.117424 4.754507 0.000000 0.000000 0.000000 0.907331 1 4.658941180e-07 2.025999129e-05
183 0.171429 0.285505 0.433892 1.892596 3.117424 4.754507 0.000000 0.000000 0.000000 0.907261 1 3.990717232e-07 2.031517215e-05
183 0.171749 0.285791 0.434447 1.892596 3.117424 4.754507 0.000000 0.000000 0.000000 0.907192 1 4.179310054e-07 2.007116564e-05
183 0.172054 0.286072 0.434984 1.892596 3.117424 4.754507 0.000000 0.000000 0.000000 0.907124 1 3.799796104e-07 2.013286576e-05
183 0.172346 0.286347 0.435505 1.892596 3.117424 4.754507 0.000000 0.000000 0.000000 0.907058 1 1.753913239e-06 3.124098293e-05
183 0.172625 0.286616 0.436009 1.892596 3.117424 4.754507 0.000000 0.000000 0.000000 0.906993 1 7.050111890e-07 2.787192352e-05
183 0.172891 0.286880 0.436498 1.892596 3.117424 4.754507 0.000000 0.000000 0.000000 0.906929 1 7.329508662e-07 2.796505578e-05
183 0.173146 0.287139 0.436973 1.892596 3.117424 4.754507 0.000000 0.000000 0.000000 0.906867 1 7.201451808e-07 2.796994522e-05
183 0.173391 0.287393 0.437433 1.892596 3.117424 4.754507 0.000000 0.000000 0.000000 0.906806 1 7.981434464e-07 2.796808258e-05
183 0.173626 0.287642 0.437881 1.892596 3.117424 4.754507 0.000000 0.000000 0.000000 0.906746 1 7.080379874e-07 2.776784822e-05
184 0.172061 0.285611 0.435131 1.824078 3.108661 4.785340 0.000000 0.000000 0.000000 0.906974 1 7.180497050e-07 2.785911784e-05
184 0.171884 0.285895 0.435916 1.824078 3.108661 4.785340 0.000000 0.000000 0.000000 0.906905 1 9.799841791e-07 2.832803875e-05
184 0.171730 0.286173 0.436666 1.824078 3.108661 4.785340 0.000000 0.000000 0.000000 0.906838 1 8.209608495e-07 7.555796765e-05
184 0.171597 0.286446 0.437383 1.824078 3.108661 4.785340 0.000000 0.000000 0.000000 0.906772 1 5.559995770e-07 2.016499639e-05
184 0.171484 0.286714 0.438068 1.824078 3.108661 4.785340 0.000000 0.000000 0.000000 0.906707 1 3.909226507e-07 2.034893259e-05
184 0.171388 0.286976 0.438725 1.824078 3.108661 4.785340 0.000000 0.000000 0.000000 0.906644 1 3.771856427e-07 2.007698640e-05
184 0.171308 0.287233 0.439354 1.824078 3.108661 4.785340 0.000000 0.000000 0.000000 0.906582 1 4.949979484e-07 2.028001472e-05
184 0.171243 0.287485 0.439957 1.824078 3.108661 4.785340 0.000000 0.000000 0.000000 0.906521 1 4.151370376e-07 2.025021240e-05
184 0.171192 0.287732 0.440536 1.824078 3.108661 4.785340 0.000000 0.000000 0.000000 0.906461 1 4.400499165e-07 2.019689418e-05
184 0.171153 0.287975 0.441093 1.824078 3.108661 4.785340 0.000000 0.000000 0.000000 0.906402 1 4.139728844e-07 2.010911703e-05
184 0.171125 0.288212 0.441628 1.824078 3.108661 4.785340 0.000000 0.000000 0.000000 0.906345 1 4.689209163e-07 2.033403143e-05
184 0.171107 0.288445 0.442142 1.824078 3.108661 4.785340 0.000000 0.000000 0.000000 0.906289 1 7.490161806e-07 2.150703222e-05
184 0.171098 0.288673 0.442638 1.824078 3.108661 4.785340 0.000000 0.000000 0.000000 0.906234 1 4.339963198e-07 2.021505497e-05
184 0.171098 0.288897 0.443115 1.824078 3.108661 4.785340 0.000000 0.000000 0.000000 0.906180 1 5.979090929e-07 2.035498619e-05
184 0.171105 0.289116 0.443576 1.824078 3.108661 4.785340 0.000000 0.000000 0.000000 0.906127 1 4.682224244e-07 2.028397284e-05
184 0.171118 0.289331 0.444020 1.824078 3.108661 4.785340 0.000000 0.000000 0.000000 0.906075 1 4.700850695e-07 2.020900138e-05
184 0.171139 0.289541 0.444449 1.824078 3.108661 4.785340 0.000000 0.000000 0.000000 0.906024 1 3.799796104e-07 2.005789429e-05
184 0.171164 0.289748 0.444864 1.824078 3.108661 4.785340 0.000000 0.000000 0.000000 0.905974 1 5.390029401e-07 2.063880675e-05
184 0.171195 0.289950 0.445264 1.824078 3.108661 4.785340 0.000000 0.000000 0.000000 0.905925 1 1.126900315e-06 2.340204082e-05
184 0.171230 0.290149 0.445652 1.824078 3.108661 4.785340 0.000000 0.000000 0.000000 0.905877 1 3.920868039e-07 2.025999129e-05
185 0.170357 0.288048 0.442769 1.868712 3.058966 4.755163 0.000000 0.000000 0.000000 0.904864 1 7.471535355e-07 2.813385800e-05
185 0.170933 0.288284 0.443520 1.868712 3.058966 4.755163 0.000000 0.000000 0.000000 0.904806 1 7.089693099e-07 2.821721137e-05
185 0.171472 0.288516 0.444235 1.868712 3.058966 4.755163 0.000000 0.000000 0.000000 0.904749 1 5.089677870e-07 2.356409095e-05
185 0.171978 0.288742 0.444915 1.868712 3.058966 4.755163 0.000000 0.000000 0.000000 0.904693 1 9.068753570e-07 3.275484778e-05
185 0.172453 0.288965 0.445563 1.868712 3.058966 4.755163 0.000000 0.000000 0.000000 0.904639 1 3.939494491e-07 2.015102655e-05
185 0.172900 0.289182 0.446181 1.868712 3.058966 4.755163 0.000000 0.000000 0.000000 0.904585 1 4.551839083e-07 2.019992098e-05
185 0.173319 0.289396 0.446771 1.868712 3.058966 4.755163 0.000000 0.000000 0.000000 0.904533 1 3.811437637e-07 2.026394941e-05
185 0.173714 0.289605 0.447334 1.868712 3.058966 4.755163 0.000000 0.000000 0.000000 0.904481 1 4.579778761e-07 2.054101788e-05
185 0.174086 0.289811 0.447873 1.868712 3.058966 4.755163 0.000000 0.000000 0.000000 0.904431 1 1.110136509e-06 2.361997031e-05
185 0.174436 0.290012 0.448388 1.868712 3.058966 4.755163 0.000000 0.000000 0.000000 0.904381 1 4.260800779e-07 2.023996785e-05
185 0.174767 0.290209 0.448882 1.868712 3.058966 4.755163 0.000000 0.000000 0.000000 0.904333 1 4.901085049e-07 2.032006159e-05
185 0.175079 0.290402 0.449355 1.868712 3.058966 4.755163 0.000000 0.000000 0.000000 0.904286 1 4.509929568e-07 2.044113353e-05
185 0.175373 0.290592 0.449809 1.868712 3.058966 4.755163 0.000000 0.000000 0.000000 0.904239 1 4.419125617e-07 2.016895451e-05
185 0.175652 0.290777 0.450245 1.868712 3.058966 4.755163 0.000000 0.000000 0.000000 0.904193 1 4.179310054e-07 2.048700117e-05
185 0.175916 0.290959 0.450664 1.868712 3.058966 4.755163 0.000000 0.000000 0.000000 0.904149 1 3.990717232e-07 2.017687075e-05
185 0.176165 0.291138 0.451067 1.868712 3.058966 4.755163 0.000000 0.000000 0.000000 0.904105 1 1.095002517e-06 2.728519030e-05
185 0.176402 0.291313 0.451455 1.868712 3.058966 4.755163 0.000000 0.000000 0.000000 0.904062 1 1.122942194e-06 2.292799763e-05
185 0.176627 0.291484 0.451829 1.868712 3.058966 4.755163 0.000000 0.000000 0.000000 0.904020 1 7.471535355e-07 2.015801147e-05
185 0.176840 0.291653 0.452189 1.868712 3.058966 4.755163 0.000000 0.000000 0.000000 0.903978 1 3.990717232e-07 1.947395504e-05
185 0.177043 0.291817 0.452536 1.868712 3.058966 4.755163 0.000000 0.000000 0.000000 0.903938 1 1.261010766e-06 2.303486690e-05
186 0.175483 0.289670 0.449552 1.797635 3.049936 4.793049 0.000000 0.000000 0.000000 0.904183 1 8.468050510e-07 2.048700117e-05
186 0.175238 0.289874 0.450309 1.797635 3.049936 4.793049 0.000000 0.000000 0.000000 0.904132 1 3.781169653e-07 1.936987974e-05
186 0.175019 0.290074 0.451026 1.797635 3.049936 4.793049 0.000000 0.000000 0.000000 0.904083 1 5.119945854e-07 1.950794831e-05
186 0.174823 0.290269 0.451705 1.797635 3.049936 4.793049 0.000000 0.000000 0.000000 0.904035 1 4.200264812e-07 1.937500201e-05
186 0.174649 0.290462 0.452350 1.797635 3.049936 4.793049 0.000000 0.000000 0.000000 0.903988 1 4.379544407e-07 1.954589970e-05
186 0.174495 0.290650 0.452962 1.797635 3.049936 4.793049 0.000000 0.000000 0.000000 0.903941 1 1.702923328e-06 2.938904800e-05
186 0.174358 0.290835 0.453545 1.797635 3.049936 4.793049 0.000000 0.000000 0.000000 0.903896 1 5.471520126e-07 1.957593486e-05
186 0.174239 0.291015 0.454099 1.797635 3.049936 4.793049 0.000000 0.000000 0.000000 0.903851 1 6.021000445e-07 1.968280412e-05
186 0.174135 0.291193 0.454627 1.797635 3.049936 4.793049 0.000000 0.000000 0.000000 0.903807 1 4.561152309e-07 1.936382614e-05
186 0.174045 0.291367 0.455130 1.797635 3.049936 4.793049 0.000000 0.000000 0.000000 0.903765 1 5.110632628e-07 1.957686618e-05
186 0.173967 0.291537 0.455610 1.797635 3.049936 4.793049 0.000000 0.000000 0.000000 0.903723 1 4.139728844e-07 1.929490827e-05
186 0.173902 0.291704 0.456068 1.797635 3.049936 4.793049 0.000000 0.000000 0.000000 0.903681 1 6.589107215e-07 2.466700971e-05
186 0.173847 0.291868 0.456507 1.797635 3.049936 4.793049 0.000000 0.000000 0.000000 0.903641 1 5.408655852e-07 1.976196654e-05
186 0.173801 0.292029 0.456926 1.797635 3.049936 4.793049 0.000000 0.000000 0.000000 0.903601 1 4.810281098e-07 1.933798194e-05
186 0.173765 0.292186 0.457327 1.797635 3.049936 4.793049 0.000000 0.000000 0.000000 0.903563 1 3.550667316e-07 1.809094101e-05
186 0.173737 0.292340 0.457712 1.797635 3.049936 4.793049 0.000000 0.000000 0.000000 0.903525 1 4.719477147e-07 1.945393160e-05
186 0.173716 0.292491 0.458081 1.797635 3.049936 4.793049 0.000000 0.000000 0.000000 0.903487 1 3.811437637e-07 1.918990165e-05
186 0.173702 0.292640 0.458435 1.797635 3.049936 4.793049 0.000000 0.000000 0.000000 0.903451 1 6.160698831e-07 1.980806701e-05
186 0.173694 0.292785 0.458775 1.797635 3.049936 4.793049 0.000000 0.000000 0.000000 0.903415 1 4.749745131e-07 1.807697117e-05
186 0.173691 0.292927 0.459102 1.797635 3.049936 4.793049 0.000000 0.000000 0.000000 0.903380 1 5.259644240e-07 1.946697012e-05
187 0.172664 0.290747 0.456014 1.841895 2.999639 4.767281 0.000000 0.000000 0.000000 0.902306 1 5.329493433e-07 1.933099702e-05
187 0.173227 0.290929 0.456771 1.841895 2.999639 4.767281 0.000000 0.000000 0.000000 0.902260 1 5.238689482e-07 1.923507079e-05
187 0.173753 0.291108 0.457486 1.841895 2.999639 4.767281 0.000000 0.000000 0.000000 0.902216 1 1.835869625e-06 2.939114347e-05
187 0.174246 0.291284 0.458162 1.841895 2.999639 4.767281 0.000000 0.000000 0.000000 0.902172 1 7.019843906e-07 2.622813918e-05
187 0.174706 0.291456 0.458803 1.841895 2.999639 4.767281 0.000000 0.000000 0.000000 0.902128 1 7.729977369e-07 2.670986578e-05
187 0.175137 0.291625 0.459409 1.841895 2.999639 4.767281 0.000000 0.000000 0.000000 0.902086 1 7.168855518e-07 2.631288953e-05
187 0.175541 0.291790 0.459985 1.841895 2.999639 4.767281 0.000000 0.000000 0.000000 0.902045 1 7.420312613e-07 2.633803524e-05
187 0.175919 0.291952 0.460531 1.841895 2.999639 4.767281 0.000000 0.000000 0.000000 0.902004 1 3.790482879e-07 1.923297532e-05
187 0.176275 0.292111 0.461050 1.841895 2.999639 4.767281 0.000000 0.000000 0.000000 0.901964 1 4.940666258e-07 1.941784285e-05
187 0.176608 0.292267 0.461543 1.841895 2.999639 4.767281 0.000000 0.000000 0.000000 0.901925 1 4.149042070e-07 2.552382648e-05
187 0.176921 0.292419 0.462013 1.841895 2.999639 4.767281 0.000000 0.000000 0.000000 0.901887 1 4.789326340e-07 1.927791163e-05
187 0.177216 0.292569 0.462460 1.841895 2.999639 4.767281 0.000000 0.000000 0.000000 0.901850 1 3.790482879e-07 1.921085641e-05
187 0.177493 0.292716 0.462887 1.841895 2.999639 4.767281 0.000000 0.000000 0.000000 0.901813 1 3.820750862e-07 1.934403554e-05
187 0.177754 0.292860 0.463294 1.841895 2.999639 4.767281 0.000000 0.000000 0.000000 0.901777 1 4.239846021e-07 1.924810931e-05
187 0.178000 0.293001 0.463683 1.841895 2.999639 4.767281 0.000000 0.000000 0.000000 0.901742 1 7.038470358e-07 2.686982043e-05
187 0.178232 0.293139 0.464054 1.841895 2.999639 4.767281 0.000000 0.000000 0.000000 0.901707 1 4.300381988e-07 1.928699203e-05
187 0.178451 0.293274 0.464410 1.841895 2.999639 4.767281 0.000000 0.000000 0.000000 0.901673 1 8.379574865e-07 2.655317076e-05
187 0.178658 0.293407 0.464751 1.841895 2.999639 4.767281 0.000000 0.000000 0.000000 0.901640 1 7.487833500e-07 2.639018930e-05
187 0.178853 0.293537 0.465077 1.841895 2.999639 4.767281 0.000000 0.000000 0.000000 0.901607 1 7.338821888e-07 2.634897828e-05
187 0.179039 0.293665 0.465390 1.841895 2.999639 4.767281 0.000000 0.000000 0.000000 0.901575 1 8.940696716e-07 2.712919377e-05
188 0.177496 0.291465 0.462267 1.772582 2.989679 4.810334 0.000000 0.000000 0.000000 0.901800 1 4.670582712e-07 1.932308078e-05
188 0.177235 0.291633 0.463053 1.772582 2.989679 4.810334 0.000000 0.000000 0.000000 0.901758 1 5.210749805e-07 1.976895146e-05
188 0.177001 0.291799 0.463794 1.772582 2.989679 4.810334 0.000000 0.000000 0.000000 0.901716 1 3.781169653e-07 1.926207915e-05
188 0.176790 0.291961 0.464493 1.772582 2.989679 4.810334 0.000000 0.000000 0.000000 0.901676 1 3.997702152e-07 1.926789992e-05
188 0.176600 0.292119 0.465153 1.772582 2.989679 4.810334 0.000000 0.000000 0.000000 0.901636 1 4.239846021e-07 1.936778426e-05
188 0.176431 0.292275 0.465777 1.772582 2.989679 4.810334 0.000000 0.000000 0.000000 0.901597 1 3.790482879e-07 1.946394332e-05
188 0.176280 0.292427 0.466368 1.772582 2.989679 4.810334 0.000000 0.000000 0.000000 0.901558 1 7.511116564e-07 1.990515739e-05
188 0.176146 0.292577 0.466927 1.772582 2.989679 4.810334 0.000000 0.000000 0.000000 0.901521 1 3.990717232e-07 1.922203228e-05
188 0.176027 0.292723 0.467457 1.772582 2.989679 4.810334 0.000000 0.000000 0.000000 0.901484 1 4.689209163e-07 1.941993833e-05
188 0.175922 0.292867 0.467959 1.772582 2.989679 4.810334 0.000000 0.000000 0.000000 0.901448 1 4.160683602e-07 1.937407069e-05
188 0.175830 0.293008 0.468436 1.772582 2.989679 4.810334 0.000000 0.000000 0.000000 0.901412 1 3.839377314e-07 1.934403554e-05
188 0.175750 0.293146 0.468890 1.772582 2.989679 4.810334 0.000000 0.000000 0.000000 0.901378 1 7.189810276e-07 1.997989602e-05
188 0.175681 0.293281 0.469321 1.772582 2.989679 4.810334 0.000000 0.000000 0.000000 0.901344 1 4.239846021e-07 1.926906407e-05
188 0.175622 0.293414 0.469731 1.772582 2.989679 4.810334 0.000000 0.000000 0.000000 0.901310 1 3.809109330e-07 1.919199713e-05
188 0.175571 0.293544 0.470122 1.772582 2.989679 4.810334 0.000000 0.000000 0.000000 0.901278 1 3.809109330e-07 1.935800537e-05
188 0.175529 0.293671 0.470495 1.772582 2.989679 4.810334 0.000000 0.000000 0.000000 0.901246 1 4.770699888e-07 1.940596849e-05
188 0.175495 0.293796 0.470851 1.772582 2.989679 4.810334 0.000000 0.000000 0.000000 0.901214 1 4.649627954e-07 1.977500506e-05
188 0.175467 0.293919 0.471192 1.772582 2.989679 4.810334 0.000000 0.000000 0.000000 0.901183 1 3.820750862e-07 1.923600212e-05
188 0.175446 0.294039 0.471517 1.772582 2.989679 4.810334 0.000000 0.000000 0.000000 0.901153 1 3.781169653e-07 1.924904063e-05
188 0.175430 0.294157 0.471828 1.772582 2.989679 4.810334 0.000000 0.000000 0.000000 0.901124 1 4.470348358e-07 1.815101132e-05
189 0.174394 0.291944 0.468680 1.816601 2.936775 4.788980 0.000000 0.000000 0.000000 0.899909 1 3.799796104e-07 1.937290654e-05
189 0.174968 0.292103 0.469508 1.816601 2.936775 4.788980 0.000000 0.000000 0.000000 0.899868 1 4.419125617e-07 1.926510595e-05
189 0.175504 0.292259 0.470287 1.816601 2.936775 4.788980 0.000000 0.000000 0.000000 0.899828 1 4.239846021e-07 1.812004484e-05
189 0.176005 0.292412 0.471020 1.816601 2.936775 4.788980 0.000000 0.000000 0.000000 0.899789 1 5.040783435e-07 1.946487464e-05
189 0.176472 0.292562 0.471711 1.816601 2.936775 4.788980 0.000000 0.000000 0.000000 0.899750 1 3.781169653e-07 1.922692172e-05
189 0.176909 0.292709 0.472364 1.816601 2.936775 4.788980 0.000000 0.000000 0.000000 0.899713 1 5.040783435e-07 1.933285967e-05
189 0.177317 0.292853 0.472979 1.816601 2.936775 4.788980 0.000000 0.000000 0.000000 0.899676 1 3.818422556e-07 1.934100874e-05
189 0.177699 0.292994 0.473561 1.816601 2.936775 4.788980 0.000000 0.000000 0.000000 0.899640 1 7.329508662e-07 2.634897828e-05
189 0.178056 0.293132 0.474111 1.816601 2.936775 4.788980 0.000000 0.000000 0.000000 0.899605 1 9.359791875e-07 2.007279545e-05
189 0.178391 0.293268 0.474632 1.816601 2.936775 4.788980 0.000000 0.000000 0.000000 0.899570 1 5.920883268e-07 1.960806549e-05
189 0.178705 0.293401 0.475125 1.816601 2.936775 4.788980 0.000000 0.000000 0.000000 0.899536 1 4.721805453e-07 1.944112591e-05
189 0.179000 0.293531 0.475593 1.816601 2.936775 4.788980 0.000000 0.000000 0.000000 0.899503 1 4.679895937e-07 1.958408393e-05
189 0.179277 0.293659 0.476037 1.816601 2.936775 4.788980 0.000000 0.000000 0.000000 0.899470 1 4.428438842e-07 1.534307376e-05
189 0.179536 0.293784 0.476459 1.816601 2.936775 4.788980 0.000000 0.000000 0.000000 0.899438 1 1.569977030e-06 2.881186083e-05
189 0.179781 0.293906 0.476860 1.816601 2.936775 4.788980 0.000000 0.000000 0.000000 0.899406 1 2.249144018e-07 8.367933333e-06
189 0.180010 0.294027 0.477241 1.816601 2.936775 4.788980 0.000000 0.000000 0.000000 0.899376 1 7.271301001e-07 2.632103860e-05
189 0.180227 0.294145 0.477605 1.816601 2.936775 4.788980 0.000000 0.000000 0.000000 0.899345 1 7.699709386e-07 2.645514905e-05
189 0.180431 0.294260 0.477951 1.816601 2.936775 4.788980 0.000000 0.000000 0.000000 0.899316 1 7.071066648e-07 2.630916424e-05
189 0.180623 0.294374 0.478282 1.816601 2.936775 4.788980 0.000000 0.000000 0.000000 0.899287 1 4.100147635e-07 1.932610758e-05
189 0.180805 0.294485 0.478598 1.816601 2.936775 4.788980 0.000000 0.000000 0.000000 0.899258 1 4.540197551e-07 1.931283623e-05
190 0.179305 0.292259 0.475356 1.750989 2.923761 4.834385 0.000000 0.000000 0.000000 0.899382 1 4.561152309e-07 1.944089308e-05
190 0.179068 0.292412 0.476215 1.750989 2.923761 4.834385 0.000000 0.000000 0.000000 0.899343 1 3.818422556e-07 1.927488483e-05
190 0.178854 0.292562 0.477023 1.750989 2.923761 4.834385 0.000000 0.000000 0.000000 0.899304 1 4.488974810e-07 1.935288310e-05
190 0.178662 0.292709 0.477782 1.750989 2.923761 4.834385 0.000000 0.000000 0.000000 0.899267 1 3.820750862e-07 1.920200884e-05
190 0.178489 0.292853 0.478498 1.750989 2.923761 4.834385 0.000000 0.000000 0.000000 0.899230 1 3.911554813e-07 1.943996176e-05
190 0.178335 0.292994 0.479171 1.750989 2.923761 4.834385 0.000000 0.000000 0.000000 0.899193 1 5.669426173e-07 1.982203685e-05
190 0.178198 0.293132 0.479807 1.750989 2.923761 4.834385 0.000000 0.000000 0.000000 0.899158 1 4.160683602e-07 1.931306906e-05
190 0.178075 0.293268 0.480406 1.750989 2.923761 4.834385 0.000000 0.000000 0.000000 0.899123 1 7.338821888e-07 2.635805868e-05
190 0.177967 0.293401 0.480972 1.750989 2.923761 4.834385 0.000000 0.000000 0.000000 0.899089 1 7.390044630e-07 2.628704533e-05
190 0.177872 0.293531 0.481508 1.750989 2.923761 4.834385 0.000000 0.000000 0.000000 0.899055 1 7.099006325e-07 2.625002526e-05
190 0.177788 0.293659 0.482014 1.750989 2.923761 4.834385 0.000000 0.000000 0.000000 0.899022 1 1.576030627e-06 2.861698158e-05
190 0.177716 0.293784 0.482494 1.750989 2.923761 4.834385 0.000000 0.000000 0.000000 0.898990 1 4.430767149e-07 1.930096187e-05
190 0.177653 0.293907 0.482948 1.750989 2.923761 4.834385 0.000000 0.000000 0.000000 0.898959 1 4.190951586e-07 1.806579530e-05
190 0.177599 0.294027 0.483379 1.750989 2.923761 4.834385 0.000000 0.000000 0.000000 0.898928 1 4.400499165e-07 1.934403554e-05
190 0.177553 0.294145 0.483789 1.750989 2.923761 4.834385 0.000000 0.000000 0.000000 0.898897 1 4.419125617e-07 1.938804053e-05
190 0.177515 0.294260 0.484178 1.750989 2.923761 4.834385 0.000000 0.000000 0.000000 0.898868 1 4.249159247e-07 1.807417721e-05
190 0.177484 0.294374 0.484548 1.750989 2.923761 4.834385 0.000000 0.000000 0.000000 0.898839 1 4.780013114e-07 1.930794679e-05
190 0.177459 0.294485 0.484900 1.750989 2.923761 4.834385 0.000000 0.000000 0.000000 0.898810 1 4.169996828e-07 1.920503564e-05
190 0.177440 0.294594 0.485236 1.750989 2.923761 4.834385 0.000000 0.000000 0.000000 0.898782 1 4.449393600e-07 1.954799518e-05
190 0.177426 0.294700 0.485556 1.750989 2.923761 4.834385 0.000000 0.000000 0.000000 0.898755 1 4.179310054e-07 1.931493171e-05
191 0.176253 0.292465 0.482214 1.793617 2.872122 4.817909 0.000000 0.000000 0.000000 0.897519 1 3.820750862e-07 1.937500201e-05
191 0.176837 0.292613 0.483109 1.793617 2.872122 4.817909 0.000000 0.000000 0.000000 0.897480 1 3.960449249e-07 1.917988993e-05
191 0.177381 0.292759 0.483949 1.793617 2.872122 4.817909 0.000000 0.000000 0.000000 0.897442 1 7.948838174e-07 2.632802352e-05
191 0.177889 0.292902 0.484738 1.793617 2.872122 4.817909 0.000000 0.000000 0.000000 0.897405 1 5.289912224e-07 1.941295341e-05
191 0.178363 0.293042 0.485480 1.793617 2.872122 4.817909 0.000000 0.000000 0.000000 0.897368 1 6.540212780e-07 1.959106885e-05
191 0.178806 0.293180 0.486179 1.793617 2.872122 4.817909 0.000000 0.000000 0.000000 0.897332 1 4.388857633e-07 1.934403554e-05
191 0.179219 0.293314 0.486837 1.793617 2.872122 4.817909 0.000000 0.000000 0.000000 0.897297 1 5.608890206e-07 1.943996176e-05
191 0.179605 0.293446 0.487458 1.793617 2.872122 4.817909 0.000000 0.000000 0.000000 0.897262 1 5.920883268e-07 1.994497143e-05
191 0.179967 0.293576 0.488043 1.793617 2.872122 4.817909 0.000000 0.000000 0.000000 0.897229 1 3.960449249e-07 1.929700375e-05
191 0.180305 0.293703 0.488596 1.793617 2.872122 4.817909 0.000000 0.000000 0.000000 0.897195 1 4.479661584e-07 1.937896013e-05
191 0.180622 0.293827 0.489118 1.793617 2.872122 4.817909 0.000000 0.000000 0.000000 0.897163 1 3.809109330e-07 1.953006722e-05
191 0.180918 0.293949 0.489612 1.793617 2.872122 4.817909 0.000000 0.000000 0.000000 0.897131 1 4.719477147e-07 1.941109076e-05
191 0.181197 0.294068 0.490080 1.793617 2.872122 4.817909 0.000000 0.000000 0.000000 0.897100 1 4.530884326e-07 1.924810931e-05
191 0.181458 0.294185 0.490524 1.793617 2.872122 4.817909 0.000000 0.000000 0.000000 0.897069 1 5.059409887e-07 1.933309250e-05
191 0.181703 0.294300 0.490944 1.793617 2.872122 4.817909 0.000000 0.000000 0.000000 0.897039 1 5.748588592e-07 1.949095167e-05
191 0.181934 0.294413 0.491343 1.793617 2.872122 4.817909 0.000000 0.000000 0.000000 0.897010 1 4.400499165e-07 1.918594353e-05
191 0.182151 0.294523 0.491723 1.793617 2.872122 4.817909 0.000000 0.000000 0.000000 0.896981 1 4.689209163e-07 1.937593333e-05
191 0.182355 0.294631 0.492083 1.793617 2.872122 4.817909 0.000000 0.000000 0.000000 0.896952 1 3.811437637e-07 1.926394179e-05
191 0.182547 0.294737 0.492427 1.793617 2.872122 4.817909 0.000000 0.000000 0.000000 0.896925 1 4.130415618e-07 1.940410584e-05
191 0.182728 0.294841 0.492754 1.793617 2.872122 4.817909 0.000000 0.000000 0.000000 0.896897 1 7.289927453e-07 1.958687790e-05
192 0.181274 0.292597 0.489305 1.721701 2.862395 4.873244 0.000000 0.000000 0.000000 0.897136 1 4.949979484e-07 1.939199865e-05
192 0.180956 0.292743 0.490234 1.721701 2.862395 4.873244 0.000000 0.000000 0.000000 0.897098 1 4.130415618e-07 1.928815618e-05
192 0.180667 0.292886 0.491105 1.721701 2.862395 4.873244 0.000000 0.000000 0.000000 0.897060 1 3.781169653e-07 1.931609586e-05
192 0.180406 0.293027 0.491924 1.721701 2.862395 4.873244 0.000000 0.000000 0.000000 0.897023 1 3.809109330e-07 1.925299875e-05
192 0.180169 0.293165 0.492693 1.721701 2.862395 4.873244 0.000000 0.000000 0.000000 0.896987 1 7.220078260e-07 2.108607441e-05
192 0.179956 0.293299 0.493416 1.721701 2.862395 4.873244 0.000000 0.000000 0.000000 0.896952 1 4.379544407e-07 1.937290654e-05
192 0.179763 0.293432 0.494097 1.721701 2.862395 4.873244 0.000000 0.000000 0.000000 0.896917 1 5.119945854e-07 1.937802881e-05
192 0.179590 0.293561 0.494739 1.721701 2.862395 4.873244 0.000000 0.000000 0.000000 0.896883 1 4.388857633e-07 1.931283623e-05
192 0.179435 0.293689 0.495344 1.721701 2.862395 4.873244 0.000000 0.000000 0.000000 0.896850 1 1.171138138e-07 4.773959517e-06
192 0.179295 0.293813 0.495914 1.721701 2.862395 4.873244 0.000000 0.000000 0.000000 0.896817 1 1.089647412e-07 4.749977961e-06
192 0.179171 0.293935 0.496453 1.721701 2.862395 4.873244 0.000000 0.000000 0.000000 0.896785 1 1.909211278e-07 9.651994333e-06
192 0.179061 0.294055 0.496962 1.721701 2.862395 4.873244 0.000000 0.000000 0.000000 0.896753 1 5.359761417e-07 1.951213926e-05
192 0.178963 0.294172 0.497444 1.721701 2.862395 4.873244 0.000000 0.000000 0.000000 0.896723 1 4.149042070e-07 1.932401210e-05
192 0.178877 0.294287 0.497900 1.721701 2.862395 4.873244 0.000000 0.000000 0.000000 0.896692 1 4.291068763e-07 1.809000969e-05
192 0.178801 0.294400 0.498333 1.721701 2.862395 4.873244 0.000000 0.000000 0.000000 0.896663 1 3.539025784e-07 1.508207060e-05
192 0.178735 0.294511 0.498743 1.721701 2.862395 4.873244 0.000000 0.000000 0.000000 0.896634 1 4.530884326e-07 1.918990165e-05
192 0.178678 0.294619 0.499132 1.721701 2.862395 4.873244 0.000000 0.000000 0.000000 0.896605 1 6.030313671e-07 1.954194158e-05
192 0.178629 0.294725 0.499502 1.721701 2.862395 4.873244 0.000000 0.000000 0.000000 0.896577 1 4.160683602e-07 1.935102046e-05
192 0.178588 0.294830 0.499854 1.721701 2.862395 4.873244 0.000000 0.000000 0.000000 0.896550 1 5.948822945e-07 1.948885620e-05
192 0.178553 0.294932 0.500189 1.721701 2.862395 4.873244 0.000000 0.000000 0.000000 0.896523 1 4.540197551e-07 1.945300028e-05
193 0.177301 0.292685 0.496710 1.764709 2.808048 4.860146 0.000000 0.000000 0.000000 0.895122 1 6.000045687e-07 1.952494495e-05
193 0.177902 0.292830 0.497719 1.764709 2.808048 4.860146 0.000000 0.000000 0.000000 0.895083 1 1.020962372e-06 2.180505544e-05
193 0.178462 0.292971 0.498664 1.764709 2.808048 4.860146 0.000000 0.000000 0.000000 0.895045 1 5.529727787e-07 1.936103217e-05
193 0.178984 0.293110 0.499551 1.764709 2.808048 4.860146 0.000000 0.000000 0.000000 0.895008 1 5.038455129e-07 1.943297684e-05
193 0.179471 0.293246 0.500383 1.764709 2.808048 4.860146 0.000000 0.000000 0.000000 0.894972 1 4.279427230e-07 1.929001883e-05
193 0.179925 0.293379 0.501165 1.764709 2.808048 4.860146 0.000000 0.000000 0.000000 0.894936 1 4.270114005e-07 1.921900548e-05
193 0.180349 0.293510 0.501899 1.764709 2.808048 4.860146 0.000000 0.000000 0.000000 0.894901 1 4.121102393e-07 1.931213774e-05
193 0.180746 0.293638 0.502591 1.764709 2.808048 4.860146 0.000000 0.000000 0.000000 0.894867 1 4.188623279e-07 1.941411756e-05
193 0.181116 0.293764 0.503241 1.764709 2.808048 4.860146 0.000000 0.000000 0.000000 0.894833 1 4.458706826e-07 2.842489630e-05
193 0.181462 0.293887 0.503854 1.764709 2.808048 4.860146 0.000000 0.000000 0.000000 0.894800 1 4.260800779e-07 1.939991489e-05
193 0.181787 0.294008 0.504433 1.764709 2.808048 4.860146 0.000000 0.000000 0.000000 0.894768 1 4.139728844e-07 1.922110096e-05
193 0.182090 0.294126 0.504978 1.764709 2.808048 4.860146 0.000000 0.000000 0.000000 0.894736 1 4.169996828e-07 1.925998367e-05
193 0.182375 0.294242 0.505493 1.764709 2.808048 4.860146 0.000000 0.000000 0.000000 0.894705 1 5.790498108e-07 1.937313937e-05
193 0.182641 0.294356 0.505981 1.764709 2.808048 4.860146 0.000000 0.000000 0.000000 0.894675 1 2.931337804e-07 1.003779471e-05
193 0.182892 0.294467 0.506442 1.764709 2.808048 4.860146 0.000000 0.000000 0.000000 0.894645 1 1.690350473e-07 7.857102901e-06
193 0.183127 0.294576 0.506878 1.764709 2.808048 4.860146 0.000000 0.000000 0.000000 0.894616 1 1.799780875e-07 8.305069059e-06
193 0.183348 0.294683 0.507292 1.764709 2.808048 4.860146 0.000000 0.000000 0.000000 0.894587 1 9.592622519e-08 4.783971235e-06
193 0.183556 0.294788 0.507685 1.764709 2.808048 4.860146 0.000000 0.000000 0.000000 0.894559 1 2.959277481e-07 1.054396853e-05
193 0.183751 0.294891 0.508057 1.764709 2.808048 4.860146 0.000000 0.000000 0.000000 0.894531 1 7.210765034e-07 2.057198435e-05
193 0.183936 0.294992 0.508412 1.764709 2.808048 4.860146 0.000000 0.000000 0.000000 0.894504 1 4.209578037e-07 1.920294017e-05
194 0.182485 0.292744 0.504891 1.696279 2.794449 4.918329 0.000000 0.000000 0.000000 0.894596 1 6.579793990e-07 1.946697012e-05
194 0.182204 0.292887 0.505939 1.696279 2.794449 4.918329 0.000000 0.000000 0.000000 0.894557 1 5.289912224e-07 1.940899529e-05
194 0.181950 0.293028 0.506921 1.696279 2.794449 4.918329 0.000000 0.000000 0.000000 0.894519 1 6.451737136e-07 1.969584264e-05
194 0.181720 0.293165 0.507841 1.696279 2.794449 4.918329 0.000000 0.000000 0.000000 0.894482 1 6.118789315e-07 1.938710921e-05
194 0.181512 0.293300 0.508704 1.696279 2.794449 4.918329 0.000000 0.000000 0.000000 0.894446 1 4.319008440e-07 1.929700375e-05
194 0.181326 0.293433 0.509515 1.696279 2.794449 4.918329 0.000000 0.000000 0.000000 0.894410 1 6.251502782e-07 1.955009066e-05
194 0.181158 0.293562 0.510276 1.696279 2.794449 4.918329 0.000000 0.000000 0.000000 0.894376 1 3.951136023e-07 1.922296360e-05
194 0.181007 0.293689 0.510992 1.696279 2.794449 4.918329 0.000000 0.000000 0.000000 0.894341 1 4.791654646e-07 1.943693496e-05
194 0.180873 0.293814 0.511666 1.696279 2.794449 4.918329 0.000000 0.000000 0.000000 0.894308 1 4.270114005e-07 1.944601536e-05
194 0.180753 0.293936 0.512301 1.696279 2.794449 4.918329 0.000000 0.000000 0.000000 0.894275 1 4.488974810e-07 1.935684122e-05
194 0.180647 0.294056 0.512899 1.696279 2.794449 4.918329 0.000000 0.000000 0.000000 0.894243 1 7.410999388e-07 1.975218765e-05
194 0.180553 0.294173 0.513463 1.696279 2.794449 4.918329 0.000000 0.000000 0.000000 0.894211 1 4.849862307e-07 1.940806396e-05
194 0.180470 0.294288 0.513995 1.696279 2.794449 4.918329 0.000000 0.000000 0.000000 0.894180 1 5.059409887e-07 1.949910074e-05
194 0.180397 0.294401 0.514498 1.696279 2.794449 4.918329 0.000000 0.000000 0.000000 0.894150 1 4.570465535e-07 1.928000711e-05
194 0.180335 0.294512 0.514974 1.696279 2.794449 4.918329 0.000000 0.000000 0.000000 0.894120 1 3.979075700e-07 1.933681779e-05
194 0.180280 0.294620 0.515424 1.696279 2.794449 4.918329 0.000000 0.000000 0.000000 0.894091 1 1.260777935e-06 2.270890400e-05
194 0.180234 0.294726 0.515851 1.696279 2.794449 4.918329 0.000000 0.000000 0.000000 0.894063 1 4.949979484e-07 1.973891631e-05
194 0.180195 0.294830 0.516255 1.696279 2.794449 4.918329 0.000000 0.000000 0.000000 0.894035 1 6.461050361e-07 1.961411908e-05
194 0.180162 0.294932 0.516639 1.696279 2.794449 4.918329 0.000000 0.000000 0.000000 0.894007 1 4.549510777e-07 1.937500201e-05
194 0.180136 0.295032 0.517004 1.696279 2.794449 4.918329 0.000000 0.000000 0.000000 0.893980 1 5.189795047e-07 1.939595677e-05
195 0.178830 0.292779 0.513368 1.742848 2.734374 4.904279 0.000000 0.000000 0.000000 0.892270 1 4.661269486e-07 1.799617894e-05
195 0.179519 0.292921 0.514527 1.742848 2.734374 4.904279 0.000000 0.000000 0.000000 0.892231 1 5.310866982e-07 1.945300028e-05
195 0.180160 0.293061 0.515612 1.742848 2.734374 4.904279 0.000000 0.000000 0.000000 0.892193 1 1.250300556e-07 6.472924724e-06
195 0.180758 0.293198 0.516627 1.742848 2.734374 4.904279 0.000000 0.000000 0.000000 0.892155 1 1.247972250e-07 4.759989679e-06
195 0.181314 0.293332 0.517579 1.742848 2.734374 4.904279 0.000000 0.000000 0.000000 0.892118 1 5.760230124e-07 2.577807754e-05
195 0.181832 0.293464 0.518471 1.742848 2.734374 4.904279 0.000000 0.000000 0.000000 0.892082 1 3.548339009e-07 1.772399992e-05
195 0.182316 0.293593 0.519308 1.742848 2.734374 4.904279 0.000000 0.000000 0.000000 0.892047 1 3.210734576e-07 1.351092942e-05
195 0.182766 0.293719 0.520094 1.742848 2.734374 4.904279 0.000000 0.000000 0.000000 0.892012 1 8.598435670e-07 2.025603317e-05
195 0.183187 0.293843 0.520832 1.742848 2.734374 4.904279 0.000000 0.000000 0.000000 0.891978 1 4.281755537e-07 1.949002035e-05
195 0.183580 0.293965 0.521526 1.742848 2.734374 4.904279 0.000000 0.000000 0.000000 0.891944 1 5.548354238e-07 1.954520121e-05
195 0.183948 0.294084 0.522180 1.742848 2.734374 4.904279 0.000000 0.000000 0.000000 0.891912 1 4.430767149e-07 1.932797022e-05
195 0.184291 0.294201 0.522795 1.742848 2.734374 4.904279 0.000000 0.000000 0.000000 0.891879 1 4.719477147e-07 1.950399019e-05
195 0.184612 0.294315 0.523375 1.742848 2.734374 4.904279 0.000000 0.000000 0.000000 0.891848 1 1.295004040e-06 2.274592407e-05
195 0.184913 0.294428 0.523922 1.742848 2.734374 4.904279 0.000000 0.000000 0.000000 0.891817 1 4.519242793e-07 1.937011257e-05
195 0.185194 0.294538 0.524439 1.742848 2.734374 4.904279 0.000000 0.000000 0.000000 0.891787 1 6.400514394e-07 3.676209599e-05
195 0.185458 0.294645 0.524927 1.742848 2.734374 4.904279 0.000000 0.000000 0.000000 0.891757 1 5.809124559e-07 1.939502545e-05
195 0.185706 0.294751 0.525389 1.742848 2.734374 4.904279 0.000000 0.000000 0.000000 0.891728 1 4.700850695e-07 1.942296512e-05
195 0.185938 0.294855 0.525826 1.742848 2.734374 4.904279 0.000000 0.000000 0.000000 0.891700 1 5.038455129e-07 1.939199865e-05
195 0.186157 0.294956 0.526240 1.742848 2.734374 4.904279 0.000000 0.000000 0.000000 0.891672 1 4.700850695e-07 1.951213926e-05
195 0.186362 0.295056 0.526632 1.742848 2.734374 4.904279 0.000000 0.000000 0.000000 0.891644 1 6.831251085e-07 1.992890611e-05
196 0.185004 0.292797 0.522858 1.674959 2.717026 4.965455 0.000000 0.000000 0.000000 0.891577 1 4.959292710e-07 1.936289482e-05
196 0.184745 0.292939 0.524059 1.674959 2.717026 4.965455 0.000000 0.000000 0.000000 0.891538 1 4.961621016e-07 1.939502545e-05
196 0.184511 0.293079 0.525182 1.674959 2.717026 4.965455 0.000000 0.000000 0.000000 0.891500 1 4.579778761e-07 1.945393160e-05
196 0.184301 0.293215 0.526234 1.674959 2.717026 4.965455 0.000000 0.000000 0.000000 0.891462 1 5.210749805e-07 1.951586455e-05
196 0.184111 0.293349 0.527219 1.674959 2.717026 4.965455 0.000000 0.000000 0.000000 0.891425 1 8.170027286e-07 1.985486597e-05
196 0.183940 0.293480 0.528142 1.674959 2.717026 4.965455 0.000000 0.000000 0.000000 0.891388 1 5.648471415e-07 1.937896013e-05
196 0.183787 0.293609 0.529008 1.674959 2.717026 4.965455 0.000000 0.000000 0.000000 0.891353 1 5.089677870e-07 1.950887963e-05
196 0.183651 0.293735 0.529821 1.674959 2.717026 4.965455 0.000000 0.000000 0.000000 0.891318 1 5.248002708e-07 1.948000863e-05
196 0.183529 0.293859 0.530584 1.674959 2.717026 4.965455 0.000000 0.000000 0.000000 0.891284 1 5.359761417e-07 1.943693496e-05
196 0.183422 0.293980 0.531302 1.674959 2.717026 4.965455 0.000000 0.000000 0.000000 0.891250 1 7.830094546e-07 2.012006007e-05
196 0.183326 0.294099 0.531977 1.674959 2.717026 4.965455 0.000000 0.000000 0.000000 0.891217 1 4.698522389e-07 1.937709749e-05
196 0.183243 0.294216 0.532613 1.674959 2.717026 4.965455 0.000000 0.000000 0.000000 0.891185 1 5.390029401e-07 1.959619112e-05
196 0.183169 0.294330 0.533212 1.674959 2.717026 4.965455 0.000000 0.000000 0.000000 0.891153 1 4.298053682e-07 1.938501373e-05
196 0.183106 0.294442 0.533776 1.674959 2.717026 4.965455 0.000000 0.000000 0.000000 0.891123 1 4.628673196e-07 1.933099702e-05
196 0.183051 0.294551 0.534309 1.674959 2.717026 4.965455 0.000000 0.000000 0.000000 0.891092 1 4.807952791e-07 1.946697012e-05
196 0.183004 0.294659 0.534813 1.674959 2.717026 4.965455 0.000000 0.000000 0.000000 0.891062 1 4.218891263e-07 1.921504736e-05
196 0.182965 0.294764 0.535289 1.674959 2.717026 4.965455 0.000000 0.000000 0.000000 0.891033 1 6.819609553e-07 1.954007894e-05
196 0.182932 0.294868 0.535740 1.674959 2.717026 4.965455 0.000000 0.000000 0.000000 0.891005 1 5.988404155e-07 1.945998520e-05
196 0.182906 0.294969 0.536166 1.674959 2.717026 4.965455 0.000000 0.000000 0.000000 0.890977 1 5.040783435e-07 1.941993833e-05
196 0.182885 0.295068 0.536571 1.674959 2.717026 4.965455 0.000000 0.000000 0.000000 0.890949 1 4.940666258e-07 1.931097358e-05
197 0.181414 0.292804 0.532639 1.723788 2.651825 4.950132 0.000000 0.000000 0.000000 1.000000 0 6.239861250e-07 1.623714343e-05
197 0.182192 0.292946 0.533975 1.723788 2.651825 4.950132 0.000000 0.000000 0.000000 0.888869 1 8.349306881e-07 2.039596438e-05
197 0.182916 0.293086 0.535224 1.723788 2.651825 4.950132 0.000000 0.000000 0.000000 0.888830 1 4.249159247e-07 1.934496686e-05
197 0.183589 0.293222 0.536392 1.723788 2.651825 4.950132 0.000000 0.000000 0.000000 0.888791 1 6.151385605e-07 1.946790144e-05
197 0.184215 0.293356 0.537485 1.723788 2.651825 4.950132 0.000000 0.000000 0.000000 0.888753 1 5.799811333e-07 2.087606117e-05
197 0.184798 0.293487 0.538508 1.723788 2.651825 4.950132 0.000000 0.000000 0.000000 0.888716 1 4.831235856e-07 1.942482777e-05
197 0.185342 0.293616 0.539466 1.723788 2.651825 4.950132 0.000000 0.000000 0.000000 0.888680 1 1.112930477e-06 2.262112685e-05
197 0.185848 0.293742 0.540364 1.723788 2.651825 4.950132 0.000000 0.000000 0.000000 0.888644 1 3.951136023e-07 1.925905235e-05
197 0.186320 0.293865 0.541207 1.723788 2.651825 4.950132 0.000000 0.000000 0.000000 0.888609 1 6.041955203e-07 1.950189471e-05
197 0.186760 0.293986 0.541998 1.723788 2.651825 4.950132 0.000000 0.000000 0.000000 0.888575 1 3.948807716e-07 1.943204552e-05
197 0.187171 0.294105 0.542741 1.723788 2.651825 4.950132 0.000000 0.000000 0.000000 0.888541 1 4.300381988e-07 1.946394332e-05
197 0.187555 0.294222 0.543440 1.723788 2.651825 4.950132 0.000000 0.000000 0.000000 0.888508 1 4.149042070e-07 1.826183870e-05
197 0.187914 0.294336 0.544097 1.723788 2.651825 4.950132 0.000000 0.000000 0.000000 0.888476 1 3.948807716e-07 1.941295341e-05
197 0.188249 0.294447 0.544716 1.723788 2.651825 4.950132 0.000000 0.000000 0.000000 0.888444 1 5.478505045e-07 1.969118603e-05
197 0.188563 0.294557 0.545299 1.723788 2.651825 4.950132 0.000000 0.000000 0.000000 0.888413 1 4.731118679e-07 1.931516454e-05
197 0.188856 0.294665 0.545850 1.723788 2.651825 4.950132 0.000000 0.000000 0.000000 0.888382 1 4.561152309e-07 1.924601384e-05
197 0.189132 0.294770 0.546369 1.723788 2.651825 4.950132 0.000000 0.000000 0.000000 0.888353 1 4.419125617e-07 1.929304563e-05
197 0.189389 0.294873 0.546860 1.723788 2.651825 4.950132 0.000000 0.000000 0.000000 0.888323 1 5.159527063e-07 1.941598020e-05
197 0.189631 0.294974 0.547324 1.723788 2.651825 4.950132 0.000000 0.000000 0.000000 0.888295 1 4.919711500e-07 1.531280577e-05
197 0.189858 0.295074 0.547763 1.723788 2.651825 4.950132 0.000000 0.000000 0.000000 0.888266 1 2.849847078e-07 8.865958080e-06
198 0.188536 0.292809 0.543770 1.658310 2.629672 5.012531 0.000000 0.000000 0.000000 1.000000 0 3.341119736e-07 7.692025974e-06
198 0.188327 0.292951 0.545145 1.658310 2.629672 5.012531 0.000000 0.000000 0.000000 0.887932 1 1.429580152e-07 6.720190868e-06
198 0.188139 0.293090 0.546430 1.658310 2.629672 5.012531 0.000000 0.000000 0.000000 0.887892 1 1.699663699e-07 7.631955668e-06
198 0.187970 0.293227 0.547631 1.658310 2.629672 5.012531 0.000000 0.000000 0.000000 0.887853 1 6.728805602e-07 1.976080239e-05
198 0.187820 0.293361 0.548755 1.658310 2.629672 5.012531 0.000000 0.000000 0.000000 0.887815 1 4.719477147e-07 1.911795698e-05
198 0.187685 0.293492 0.549807 1.658310 2.629672 5.012531 0.000000 0.000000 0.000000 0.887777 1 5.450565368e-07 1.936894841e-05
198 0.187566 0.293620 0.550792 1.658310 2.629672 5.012531 0.000000 0.000000 0.000000 0.887741 1 4.731118679e-07 1.927092671e-05
198 0.187461 0.293746 0.551716 1.658310 2.629672 5.012531 0.000000 0.000000 0.000000 0.887705 1 4.840549082e-07 1.923600212e-05
198 0.187368 0.293870 0.552582 1.658310 2.629672 5.012531 0.000000 0.000000 0.000000 0.887669 1 4.849862307e-07 1.913704909e-05
198 0.187287 0.293991 0.553395 1.658310 2.629672 5.012531 0.000000 0.000000 0.000000 0.887635 1 5.390029401e-07 1.918198541e-05
198 0.187216 0.294109 0.554159 1.658310 2.629672 5.012531 0.000000 0.000000 0.000000 0.887601 1 5.729962140e-07 1.969211735e-05
198 0.187155 0.294226 0.554877 1.658310 2.629672 5.012531 0.000000 0.000000 0.000000 0.887568 1 4.689209163e-07 1.912401058e-05
198 0.187103 0.294340 0.555553 1.658310 2.629672 5.012531 0.000000 0.000000 0.000000 0.887535 1 4.840549082e-07 1.518195495e-05
198 0.187059 0.294451 0.556188 1.658310 2.629672 5.012531 0.000000 0.000000 0.000000 0.887503 1 3.278255463e-07 1.276796684e-05
198 0.187022 0.294561 0.556788 1.658310 2.629672 5.012531 0.000000 0.000000 0.000000 0.887472 1 4.789326340e-07 1.931795850e-05
198 0.186993 0.294668 0.557353 1.658310 2.629672 5.012531 0.000000 0.000000 0.000000 0.887441 1 9.520445019e-07 2.032495104e-05
198 0.186969 0.294773 0.557886 1.658310 2.629672 5.012531 0.000000 0.000000 0.000000 0.887411 1 4.339963198e-07 1.933798194e-05
198 0.186951 0.294877 0.558390 1.658310 2.629672 5.012531 0.000000 0.000000 0.000000 0.887381 1 4.048924893e-07 1.916103065e-05
198 0.186938 0.294978 0.558866 1.658310 2.629672 5.012531 0.000000 0.000000 0.000000 0.887353 1 4.339963198e-07 1.929490827e-05
198 0.186930 0.295077 0.559317 1.658310 2.629672 5.012531 0.000000 0.000000 0.000000 0.887324 1 3.981404006e-07 1.915218309e-05
199 0.185437 0.292813 0.555242 1.707694 2.556853 4.994378 0.000000 0.000000 0.000000 1.000000 0 7.909256965e-07 2.162694000e-05
199 0.186310 0.292955 0.556805 1.707694 2.556853 4.994378 0.000000 0.000000 0.000000 0.884739 1 4.558824003e-07 1.925812103e-05
199 0.187122 0.293094 0.558263 1.707694 2.556853 4.994378 0.000000 0.000000 0.000000 0.884698 1 6.370246410e-07 1.877499744e-05
199 0.187877 0.293230 0.559624 1.707694 2.556853 4.994378 0.000000 0.000000 0.000000 0.884658 1 3.990717232e-07 1.948699355e-05
199 0.188579 0.293364 0.560897 1.707694 2.556853 4.994378 0.000000 0.000000 0.000000 0.884619 1 4.649627954e-07 1.931400038e-05
199 0.189232 0.293495 0.562086 1.707694 2.556853 4.994378 0.000000 0.000000 0.000000 0.884580 1 4.908069968e-07 1.921295188e-05
199 0.189840 0.293623 0.563198 1.707694 2.556853 4.994378 0.000000 0.000000 0.000000 0.884543 1 4.789326340e-07 1.922599040e-05
199 0.190406 0.293749 0.564240 1.707694 2.556853 4.994378 0.000000 0.000000 0.000000 0.884506 1 5.601905286e-07 1.930398867e-05
199 0.190933 0.293872 0.565215 1.707694 2.556853 4.994378 0.000000 0.000000 0.000000 0.884469 1 4.898756742e-07 1.919199713e-05
199 0.191424 0.293993 0.566129 1.707694 2.556853 4.994378 0.000000 0.000000 0.000000 0.884434 1 4.679895937e-07 1.947791316e-05
199 0.191883 0.294112 0.566986 1.707694 2.556853 4.994378 0.000000 0.000000 0.000000 0.884399 1 5.390029401e-07 1.934100874e-05
199 0.192310 0.294228 0.567791 1.707694 2.556853 4.994378 0.000000 0.000000 0.000000 0.884365 1 8.211936802e-07 2.007093281e-05
199 0.192709 0.294342 0.568546 1.707694 2.556853 4.994378 0.000000 0.000000 0.000000 0.884331 1 8.160714060e-07 2.005486749e-05
199 0.193082 0.294454 0.569257 1.707694 2.556853 4.994378 0.000000 0.000000 0.000000 0.884298 1 3.948807716e-07 1.920596696e-05
199 0.193430 0.294563 0.569925 1.707694 2.556853 4.994378 0.000000 0.000000 0.000000 0.884266 1 4.880130291e-07 1.910701394e-05
199 0.193756 0.294671 0.570554 1.707694 2.556853 4.994378 0.000000 0.000000 0.000000 0.884235 1 5.189795047e-07 1.917500049e-05
199 0.194061 0.294776 0.571147 1.707694 2.556853 4.994378 0.000000 0.000000 0.000000 0.884204 1 4.591420293e-07 1.932890154e-05
199 0.194347 0.294879 0.571705 1.707694 2.556853 4.994378 0.000000 0.000000 0.000000 0.884173 1 9.830109775e-07 2.228794619e-05
199 0.194614 0.294980 0.572233 1.707694 2.556853 4.994378 0.000000 0.000000 0.000000 0.884144 1 4.989560694e-07 1.927604899e-05
199 0.194865 0.295079 0.572731 1.707694 2.556853 4.994378 0.000000 0.000000 0.000000 0.884115 1 6.870832294e-07 1.929397695e-05
199 0.195100 0.295176 0.573202 1.707694 2.556853 4.994378 0.000000 0.000000 0.000000 0.884086 1 4.300381988e-07 1.904694363e-05
200 0.193465 0.292952 0.570067 1.648806 2.525359 5.050181 0.000000 0.000000 0.000000 0.883302 1 4.861503839e-07 1.918501221e-05
200 0.193387 0.293091 0.571558 1.648806 2.525359 5.050181 0.000000 0.000000 0.000000 0.883261 1 4.558824003e-07 1.909001730e-05
200 0.193320 0.293228 0.572951 1.648806 2.525359 5.050181 0.000000 0.000000 0.000000 0.883220 1 7.350463420e-07 2.631009556e-05
200 0.193263 0.293361 0.574252 1.648806 2.525359 5.050181 0.000000 0.000000 0.000000 0.883181 1 9.648501873e-07 2.666912042e-05
200 0.193216 0.293492 0.575468 1.648806 2.525359 5.050181 0.000000 0.000000 0.000000 0.883142 1 7.050111890e-07 2.623186447e-05
200 0.193177 0.293621 0.576605 1.648806 2.525359 5.050181 0.000000 0.000000 0.000000 0.883103 1 4.528556019e-07 1.916289330e-05
200 0.193146 0.293747 0.577670 1.648806 2.525359 5.050181 0.000000 0.000000 0.000000 0.883066 1 4.139728844e-07 1.787999645e-05
200 0.193122 0.293870 0.578667 1.648806 2.525359 5.050181 0.000000 0.000000 0.000000 0.883029 1 4.309695214e-07 1.916592009e-05
200 0.193105 0.293991 0.579602 1.648806 2.525359 5.050181 0.000000 0.000000 0.000000 0.882993 1 5.259644240e-07 1.918012276e-05
200 0.193093 0.294110 0.580479 1.648806 2.525359 5.050181 0.000000 0.000000 0.000000 0.882958 1 4.128087312e-07 1.901201904e-05
200 0.193087 0.294226 0.581302 1.648806 2.525359 5.050181 0.000000 0.000000 0.000000 0.882923 1 4.670582712e-07 1.932098530e-05
200 0.193086 0.294340 0.582075 1.648806 2.525359 5.050181 0.000000 0.000000 0.000000 0.882889 1 4.349276423e-07 1.915800385e-05
200 0.193088 0.294452 0.582801 1.648806 2.525359 5.050181 0.000000 0.000000 0.000000 0.882856 1 4.239846021e-07 1.917593181e-05
200 0.193095 0.294561 0.583485 1.648806 2.525359 5.050181 0.000000 0.000000 0.000000 0.882823 1 1.459848136e-07 4.988163710e-06
200 0.193106 0.294669 0.584128 1.648806 2.525359 5.050181 0.000000 0.000000 0.000000 0.882791 1 9.685754776e-08 4.722038284e-06
200 0.193119 0.294774 0.584734 1.648806 2.525359 5.050181 0.000000 0.000000 0.000000 0.882760 1 1.168809831e-07 4.770001397e-06
200 0.193136 0.294877 0.585306 1.648806 2.525359 5.050181 0.000000 0.000000 0.000000 0.882729 1 1.289881766e-07 4.762085155e-06
200 0.193155 0.294978 0.585845 1.648806 2.525359 5.050181 0.000000 0.000000 0.000000 0.882699 1 3.390014172e-07 1.421920024e-05
200 0.193176 0.295077 0.586355 1.648806 2.525359 5.050181 0.000000 0.000000 0.000000 0.882670 1 3.478489816e-07 1.696101390e-05
200 0.193200 0.295175 0.586837 1.648806 2.525359 5.050181 0.000000 0.000000 0.000000 0.882641 1 3.948807716e-07 1.936894841e-05
201 0.192439 0.292946 0.583640 1.696086 2.447645 5.028222 0.000000 0.000000 0.000000 0.879599 1 4.139728844e-07 1.942599192e-05
201 0.193347 0.293085 0.585323 1.696086 2.447645 5.028222 0.000000 0.000000 0.000000 0.879556 1 4.339963198e-07 1.943204552e-05
201 0.194191 0.293221 0.586892 1.696086 2.447645 5.028222 0.000000 0.000000 0.000000 0.879514 1 3.960449249e-07 1.929211430e-05
201 0.194975 0.293355 0.588357 1.696086 2.447645 5.028222 0.000000 0.000000 0.000000 0.879473 1 3.951136023e-07 1.936615445e-05
201 0.195705 0.293486 0.589725 1.696086 2.447645 5.028222 0.000000 0.000000 0.000000 0.879433 1 3.960449249e-07 1.928000711e-05
201 0.196383 0.293615 0.591003 1.696086 2.447645 5.028222 0.000000 0.000000 0.000000 0.879394 1 1.051928848e-06 2.725096419e-05
201 0.197015 0.293741 0.592198 1.696086 2.447645 5.028222 0.000000 0.000000 0.000000 0.879355 1 7.150229067e-07 2.631591633e-05
201 0.197602 0.293865 0.593315 1.696086 2.447645 5.028222 0.000000 0.000000 0.000000 0.879317 1 7.539056242e-07 1.976080239e-05
201 0.198150 0.293986 0.594362 1.696086 2.447645 5.028222 0.000000 0.000000 0.000000 0.879280 1 4.570465535e-07 1.936987974e-05
201 0.198660 0.294105 0.595342 1.696086 2.447645 5.028222 0.000000 0.000000 0.000000 0.879243 1 4.919711500e-07 1.940084621e-05
201 0.199136 0.294221 0.596261 1.696086 2.447645 5.028222 0.000000 0.000000 0.000000 0.879208 1 5.329493433e-07 1.985300332e-05
201 0.199580 0.294335 0.597123 1.696086 2.447645 5.028222 0.000000 0.000000 0.000000 0.879173 1 4.558824003e-07 1.937011257e-05
201 0.199994 0.294447 0.597931 1.696086 2.447645 5.028222 0.000000 0.000000 0.000000 0.879138 1 5.799811333e-07 1.943600364e-05
201 0.200381 0.294557 0.598691 1.696086 2.447645 5.028222 0.000000 0.000000 0.000000 0.879105 1 6.039626896e-07 1.951796003e-05
201 0.200742 0.294664 0.599406 1.696086 2.447645 5.028222 0.000000 0.000000 0.000000 0.879072 1 5.220063031e-07 1.945602708e-05
201 0.201080 0.294769 0.600078 1.696086 2.447645 5.028222 0.000000 0.000000 0.000000 0.879039 1 5.268957466e-07 1.939106733e-05
201 0.201396 0.294873 0.600710 1.696086 2.447645 5.028222 0.000000 0.000000 0.000000 0.879007 1 4.831235856e-07 1.941504888e-05
201 0.201692 0.294974 0.601306 1.696086 2.447645 5.028222 0.000000 0.000000 0.000000 0.878976 1 1.111067832e-06 2.266513184e-05
201 0.201969 0.295073 0.601869 1.696086 2.447645 5.028222 0.000000 0.000000 0.000000 0.878946 1 5.220063031e-07 1.952494495e-05
201 0.202228 0.295170 0.602399 1.696086 2.447645 5.028222 0.000000 0.000000 0.000000 0.878916 1 5.348119885e-07 1.959386282e-05
202 0.200612 0.292937 0.598975 1.634311 2.411923 5.083848 0.000000 0.000000 0.000000 0.877819 1 5.709007382e-07 1.956196502e-05
202 0.200543 0.293076 0.600689 1.634311 2.411923 5.083848 0.000000 0.000000 0.000000 0.877775 1 5.450565368e-07 1.941807568e-05
202 0.200486 0.293213 0.602289 1.634311 2.411923 5.083848 0.000000 0.000000 0.000000 0.877733 1 9.499490261e-07 2.677715383e-05
202 0.200438 0.293347 0.603782 1.634311 2.411923 5.083848 0.000000 0.000000 0.000000 0.877691 1 7.378403097e-07 2.628983930e-05
202 0.200398 0.293478 0.605176 1.634311 2.411923 5.083848 0.000000 0.000000 0.000000 0.877650 1 8.270144463e-07 2.654385753e-05
202 0.200367 0.293607 0.606479 1.634311 2.411923 5.083848 0.000000 0.000000 0.000000 0.877610 1 1.057051122e-06 2.214894630e-05
202 0.200344 0.293733 0.607697 1.634311 2.411923 5.083848 0.000000 0.000000 0.000000 0.877571 1 5.310866982e-07 1.944601536e-05
202 0.200327 0.293857 0.608837 1.634311 2.411923 5.083848 0.000000 0.000000 0.000000 0.877532 1 1.024920493e-06 2.846214920e-05
202 0.200316 0.293978 0.609904 1.634311 2.411923 5.083848 0.000000 0.000000 0.000000 0.877494 1 4.910398275e-07 1.937407069e-05
202 0.200311 0.294097 0.610904 1.634311 2.411923 5.083848 0.000000 0.000000 0.000000 0.877457 1 9.599607438e-07 2.671498805e-05
202 0.200310 0.294214 0.611841 1.634311 2.411923 5.083848 0.000000 0.000000 0.000000 0.877421 1 7.140915841e-07 2.629705705e-05
202 0.200314 0.294328 0.612720 1.634311 2.411923 5.083848 0.000000 0.000000 0.000000 0.877385 1 5.699694157e-07 1.946603879e-05
202 0.200323 0.294440 0.613545 1.634311 2.411923 5.083848 0.000000 0.000000 0.000000 0.877350 1 5.229376256e-07 1.977104694e-05
202 0.200335 0.294550 0.614320 1.634311 2.411923 5.083848 0.000000 0.000000 0.000000 0.877316 1 5.250331014e-07 1.954403706e-05
202 0.200350 0.294657 0.615049 1.634311 2.411923 5.083848 0.000000 0.000000 0.000000 0.877283 1 7.241033018e-07 1.992098987e-05
202 0.200368 0.294763 0.615735 1.634311 2.411923 5.083848 0.000000 0.000000 0.000000 0.877250 1 5.180481821e-07 1.953099854e-05
202 0.200389 0.294866 0.616381 1.634311 2.411923 5.083848 0.000000 0.000000 0.000000 0.877218 1 4.910398275e-07 1.928489655e-05
202 0.200413 0.294967 0.616990 1.634311 2.411923 5.083848 0.000000 0.000000 0.000000 0.877186 1 5.092006177e-07 1.939013600e-05
202 0.200438 0.295067 0.617564 1.634311 2.411923 5.083848 0.000000 0.000000 0.000000 0.877155 1 6.759073585e-07 2.564210445e-05
202 0.200466 0.295164 0.618105 1.634311 2.411923 5.083848 0.000000 0.000000 0.000000 0.877125 1 6.731133908e-07 1.998012885e-05
203 0.199629 0.292931 0.614745 1.679747 2.326511 5.054013 0.000000 0.000000 0.000000 0.873335 1 4.919711500e-07 1.963297836e-05
203 0.200642 0.293070 0.616709 1.679747 2.326511 5.054013 0.000000 0.000000 0.000000 0.873290 1 5.159527063e-07 1.950096339e-05
203 0.201583 0.293207 0.618539 1.679747 2.326511 5.054013 0.000000 0.000000 0.000000 0.873246 1 5.229376256e-07 1.938198693e-05
203 0.202458 0.293341 0.620246 1.679747 2.326511 5.054013 0.000000 0.000000 0.000000 0.873202 1 7.399357855e-07 2.634082921e-05
203 0.203270 0.293473 0.621839 1.679747 2.326511 5.054013 0.000000 0.000000 0.000000 0.873160 1 9.820796549e-07 2.768193372e-05
203 0.204026 0.293602 0.623325 1.679747 2.326511 5.054013 0.000000 0.000000 0.000000 0.873118 1 5.071051419e-07 1.948303543e-05
203 0.204729 0.293728 0.624713 1.679747 2.326511 5.054013 0.000000 0.000000 0.000000 0.873078 1 5.210749805e-07 1.953798346e-05
203 0.205383 0.293852 0.626010 1.679747 2.326511 5.054013 0.000000 0.000000 0.000000 0.873038 1 5.199108273e-07 1.933588646e-05
203 0.205992 0.293973 0.627222 1.679747 2.326511 5.054013 0.000000 0.000000 0.000000 0.872998 1 7.350463420e-07 2.629705705e-05
203 0.206559 0.294092 0.628356 1.679747 2.326511 5.054013 0.000000 0.000000 0.000000 0.872960 1 7.050111890e-07 2.632313408e-05
203 0.207087 0.294209 0.629418 1.679747 2.326511 5.054013 0.000000 0.000000 0.000000 0.872922 1 4.519242793e-07 1.604785211e-05
203 0.207580 0.294323 0.630413 1.679747 2.326511 5.054013 0.000000 0.000000 0.000000 0.872885 1 7.320195436e-07 2.647982910e-05
203 0.208039 0.294435 0.631346 1.679747 2.326511 5.054013 0.000000 0.000000 0.000000 0.872849 1 5.559995770e-07 1.968909055e-05
203 0.208468 0.294545 0.632220 1.679747 2.326511 5.054013 0.000000 0.000000 0.000000 0.872814 1 4.940666258e-07 1.947488636e-05
203 0.208868 0.294653 0.633041 1.679747 2.326511 5.054013 0.000000 0.000000 0.000000 0.872779 1 5.341134965e-07 1.953798346e-05
203 0.209242 0.294758 0.633813 1.679747 2.326511 5.054013 0.000000 0.000000 0.000000 0.872745 1 5.429610610e-07 1.943111420e-05
203 0.209591 0.294862 0.634538 1.679747 2.326511 5.054013 0.000000 0.000000 0.000000 0.872711 1 9.529758245e-07 2.678204328e-05
203 0.209918 0.294963 0.635220 1.679747 2.326511 5.054013 0.000000 0.000000 0.000000 0.872679 1 4.819594324e-07 1.955800690e-05
203 0.210224 0.295063 0.635862 1.679747 2.326511 5.054013 0.000000 0.000000 0.000000 0.872646 1 8.170027286e-07 2.017803490e-05
203 0.210511 0.295160 0.636468 1.679747 2.326511 5.054013 0.000000 0.000000 0.000000 0.872615 1 4.791654646e-07 1.943996176e-05
204 0.208936 0.292927 0.632972 1.624393 2.281816 5.098059 0.000000 0.000000 0.000000 0.870855 1 5.369074643e-07 1.952797174e-05
204 0.209004 0.293066 0.634936 1.624393 2.281816 5.098059 0.000000 0.000000 0.000000 0.870809 1 7.569324225e-07 1.999503002e-05
204 0.209072 0.293203 0.636767 1.624393 2.281816 5.098059 0.000000 0.000000 0.000000 0.870764 1 4.959292710e-07 1.962715760e-05
204 0.209141 0.293337 0.638475 1.624393 2.281816 5.098059 0.000000 0.000000 0.000000 0.870720 1 4.780013114e-07 1.933914609e-05
204 0.209211 0.293469 0.640068 1.624393 2.281816 5.098059 0.000000 0.000000 0.000000 0.870677 1 4.980247468e-07 1.939502545e-05
204 0.209280 0.293598 0.641556 1.624393 2.281816 5.098059 0.000000 0.000000 0.000000 0.870634 1 5.010515451e-07 1.930794679e-05
204 0.209349 0.293724 0.642946 1.624393 2.281816 5.098059 0.000000 0.000000 0.000000 0.870593 1 4.980247468e-07 1.944298856e-05
204 0.209418 0.293848 0.644245 1.624393 2.281816 5.098059 0.000000 0.000000 0.000000 0.870552 1 5.299225450e-07 1.940014772e-05
204 0.209486 0.293970 0.645460 1.624393 2.281816 5.098059 0.000000 0.000000 0.000000 0.870512 1 5.520414561e-07 1.964601688e-05
204 0.209555 0.294089 0.646597 1.624393 2.281816 5.098059 0.000000 0.000000 0.000000 0.870473 1 5.660112947e-07 2.095103264e-05
204 0.209623 0.294205 0.647662 1.624393 2.281816 5.098059 0.000000 0.000000 0.000000 0.870434 1 5.180481821e-07 1.960503869e-05
204 0.209690 0.294320 0.648660 1.624393 2.281816 5.098059 0.000000 0.000000 0.000000 0.870396 1 5.150213838e-07 1.949188299e-05
204 0.209757 0.294432 0.649596 1.624393 2.281816 5.098059 0.000000 0.000000 0.000000 0.870360 1 4.828907549e-07 1.935986802e-05
204 0.209823 0.294542 0.650474 1.624393 2.281816 5.098059 0.000000 0.000000 0.000000 0.870323 1 6.249174476e-07 1.956801862e-05
204 0.209889 0.294650 0.651299 1.624393 2.281816 5.098059 0.000000 0.000000 0.000000 0.870288 1 5.238689482e-07 1.960108057e-05
204 0.209954 0.294755 0.652074 1.624393 2.281816 5.098059 0.000000 0.000000 0.000000 0.870253 1 5.438923836e-07 1.946906559e-05
204 0.210019 0.294859 0.652803 1.624393 2.281816 5.098059 0.000000 0.000000 0.000000 0.870219 1 4.670582712e-07 1.949514262e-05
204 0.210082 0.294960 0.653489 1.624393 2.281816 5.098059 0.000000 0.000000 0.000000 0.870186 1 5.469191819e-07 2.585002221e-05
204 0.210145 0.295060 0.654135 1.624393 2.281816 5.098059 0.000000 0.000000 0.000000 0.870153 1 5.580950528e-07 1.998688094e-05
204 0.210207 0.295157 0.654744 1.624393 2.281816 5.098059 0.000000 0.000000 0.000000 0.870121 1 4.679895937e-07 1.961318776e-05
205 0.209307 0.292919 0.651181 1.667301 2.186362 5.055061 0.000000 0.000000 0.000000 0.865220 1 5.760230124e-07 1.949397847e-05
205 0.210496 0.293059 0.653509 1.667301 2.186362 5.055061 0.000000 0.000000 0.000000 0.865171 1 5.268957466e-07 1.943414100e-05
205 0.211599 0.293196 0.655676 1.667301 2.186362 5.055061 0.000000 0.000000 0.000000 0.865124 1 5.140900612e-07 1.947884448e-05
205 0.212623 0.293331 0.657695 1.667301 2.186362 5.055061 0.000000 0.000000 0.000000 0.865078 1 4.780013114e-07 1.945788972e-05
205 0.213574 0.293462 0.659577 1.667301 2.186362 5.055061 0.000000 0.000000 0.000000 0.865033 1 4.600733519e-07 1.818197779e-05
205 0.214458 0.293591 0.661331 1.667301 2.186362 5.055061 0.000000 0.000000 0.000000 0.864989 1 6.470363587e-07 1.979107037e-05
205 0.215280 0.293718 0.662967 1.667301 2.186362 5.055061 0.000000 0.000000 0.000000 0.864945 1 4.521571100e-07 1.817196608e-05
205 0.216044 0.293842 0.664494 1.667301 2.186362 5.055061 0.000000 0.000000 0.000000 0.864902 1 4.929024726e-07 1.817289740e-05
205 0.216755 0.293963 0.665920 1.667301 2.186362 5.055061 0.000000 0.000000 0.000000 0.864861 1 4.821922630e-07 1.822900958e-05
205 0.217416 0.294083 0.667253 1.667301 2.186362 5.055061 0.000000 0.000000 0.000000 0.864820 1 7.110647857e-07 2.696481533e-05
205 0.218032 0.294199 0.668499 1.667301 2.186362 5.055061 0.000000 0.000000 0.000000 0.864780 1 1.074979082e-06 2.108002082e-05
205 0.218605 0.294314 0.669664 1.667301 2.186362 5.055061 0.000000 0.000000 0.000000 0.864740 1 5.159527063e-07 1.939013600e-05
205 0.219139 0.294426 0.670755 1.667301 2.186362 5.055061 0.000000 0.000000 0.000000 0.864702 1 5.671754479e-07 1.939106733e-05
205 0.219637 0.294536 0.671777 1.667301 2.186362 5.055061 0.000000 0.000000 0.000000 0.864664 1 5.119945854e-07 1.957709901e-05
205 0.220102 0.294644 0.672735 1.667301 2.186362 5.055061 0.000000 0.000000 0.000000 0.864627 1 5.660112947e-07 1.942785457e-05
205 0.220536 0.294750 0.673634 1.667301 2.186362 5.055061 0.000000 0.000000 0.000000 0.864590 1 1.065898687e-06 2.269120887e-05
205 0.220941 0.294854 0.674477 1.667301 2.186362 5.055061 0.000000 0.000000 0.000000 0.864555 1 4.980247468e-07 1.813215204e-05
205 0.221319 0.294955 0.675270 1.667301 2.186362 5.055061 0.000000 0.000000 0.000000 0.864520 1 4.910398275e-07 1.936010085e-05
205 0.221672 0.295055 0.676015 1.667301 2.186362 5.055061 0.000000 0.000000 0.000000 0.864486 1 5.329493433e-07 1.939712092e-05
205 0.222003 0.295152 0.676715 1.667301 2.186362 5.055061 0.000000 0.000000 0.000000 0.864452 1 5.171168596e-07 1.950492151e-05
206 0.220409 0.292910 0.672771 1.608122 2.137909 5.091469 0.000000 0.000000 0.000000 0.862168 1 5.569308996e-07 1.957290806e-05
206 0.220508 0.293050 0.675011 1.608122 2.137909 5.091469 0.000000 0.000000 0.000000 0.862119 1 5.378387868e-07 1.936778426e-05
206 0.220606 0.293187 0.677098 1.608122 2.137909 5.091469 0.000000 0.000000 0.000000 0.862071 1 4.889443517e-07 1.807999797e-05
206 0.220701 0.293322 0.679043 1.608122 2.137909 5.091469 0.000000 0.000000 0.000000 0.862024 1 5.320180207e-07 1.943693496e-05
206 0.220795 0.293453 0.680857 1.608122 2.137909 5.091469 0.000000 0.000000 0.000000 0.861977 1 1.301523298e-07 4.753936082e-06
206 0.220888 0.293583 0.682549 1.608122 2.137909 5.091469 0.000000 0.000000 0.000000 0.861932 1 1.378357410e-07 4.805857316e-06
206 0.220979 0.293709 0.684129 1.608122 2.137909 5.091469 0.000000 0.000000 0.000000 0.861887 1 5.429610610e-07 1.961900853e-05
206 0.221068 0.293833 0.685604 1.608122 2.137909 5.091469 0.000000 0.000000 0.000000 0.861844 1 2.190936357e-07 6.232876331e-06
206 0.221156 0.293955 0.686983 1.608122 2.137909 5.091469 0.000000 0.000000 0.000000 0.861801 1 1.289881766e-07 4.808884114e-06
206 0.221242 0.294075 0.688273 1.608122 2.137909 5.091469 0.000000 0.000000 0.000000 0.861759 1 4.861503839e-07 1.714797691e-05
206 0.221327 0.294192 0.689480 1.608122 2.137909 5.091469 0.000000 0.000000 0.000000 0.861718 1 4.998873919e-07 1.971307211e-05
206 0.221410 0.294306 0.690609 1.608122 2.137909 5.091469 0.000000 0.000000 0.000000 0.861677 1 4.938337952e-07 1.936103217e-05
206 0.221492 0.294419 0.691668 1.608122 2.137909 5.091469 0.000000 0.000000 0.000000 0.861638 1 8.821953088e-07 2.058292739e-05
206 0.221573 0.294529 0.692660 1.608122 2.137909 5.091469 0.000000 0.000000 0.000000 0.861599 1 6.419140846e-07 1.955195330e-05
206 0.221652 0.294637 0.693592 1.608122 2.137909 5.091469 0.000000 0.000000 0.000000 0.861561 1 5.029141903e-07 1.945998520e-05
206 0.221729 0.294743 0.694466 1.608122 2.137909 5.091469 0.000000 0.000000 0.000000 0.861524 1 5.471520126e-07 1.960503869e-05
206 0.221805 0.294847 0.695287 1.608122 2.137909 5.091469 0.000000 0.000000 0.000000 0.861487 1 4.889443517e-07 1.954310574e-05
206 0.221880 0.294948 0.696060 1.608122 2.137909 5.091469 0.000000 0.000000 0.000000 0.861452 1 4.791654646e-07 1.961202361e-05
206 0.221953 0.295048 0.696787 1.608122 2.137909 5.091469 0.000000 0.000000 0.000000 0.861417 1 5.378387868e-07 1.924904063e-05
206 0.222025 0.295146 0.697471 1.608122 2.137909 5.091469 0.000000 0.000000 0.000000 0.861382 1 5.248002708e-07 1.918990165e-05
207 0.220995 0.292903 0.693585 1.647820 2.036543 5.032917 0.000000 0.000000 0.000000 0.855310 1 5.241017789e-07 1.787999645e-05
207 0.222339 0.293043 0.696259 1.647820 2.036543 5.032917 0.000000 0.000000 0.000000 0.855259 1 5.001202226e-07 1.906417310e-05
207 0.223585 0.293181 0.698746 1.647820 2.036543 5.032917 0.000000 0.000000 0.000000 0.855208 1 4.938337952e-07 1.936499029e-05
207 0.224743 0.293315 0.701062 1.647820 2.036543 5.032917 0.000000 0.000000 0.000000 0.855158 1 5.119945854e-07 1.908000559e-05
207 0.225817 0.293447 0.703219 1.647820 2.036543 5.032917 0.000000 0.000000 0.000000 0.855110 1 7.580965757e-07 1.984089613e-05
207 0.226815 0.293577 0.705228 1.647820 2.036543 5.032917 0.000000 0.000000 0.000000 0.855062 1 5.140900612e-07 1.918408088e-05
207 0.227742 0.293704 0.707101 1.647820 2.036543 5.032917 0.000000 0.000000 0.000000 0.855015 1 5.019828677e-07 1.900712959e-05
207 0.228604 0.293828 0.708849 1.647820 2.036543 5.032917 0.000000 0.000000 0.000000 0.854969 1 5.641486496e-07 1.918198541e-05
207 0.229405 0.293950 0.710479 1.647820 2.036543 5.032917 0.000000 0.000000 0.000000 0.854924 1 4.859175533e-07 1.899711788e-05
207 0.230151 0.294069 0.712001 1.647820 2.036543 5.032917 0.000000 0.000000 0.000000 0.854880 1 8.158385754e-07 2.076686360e-05
207 0.230844 0.294186 0.713423 1.647820 2.036543 5.032917 0.000000 0.000000 0.000000 0.854837 1 5.129259080e-07 1.907814294e-05
207 0.231490 0.294301 0.714753 1.647820 2.036543 5.032917 0.000000 0.000000 0.000000 0.854794 1 5.138572305e-07 1.919292845e-05
207 0.232091 0.294414 0.715996 1.647820 2.036543 5.032917 0.000000 0.000000 0.000000 0.854753 1 5.299225450e-07 1.912098378e-05
207 0.232651 0.294524 0.717160 1.647820 2.036543 5.032917 0.000000 0.000000 0.000000 0.854712 1 5.250331014e-07 1.923297532e-05
207 0.233174 0.294632 0.718249 1.647820 2.036543 5.032917 0.000000 0.000000 0.000000 0.854672 1 5.289912224e-07 1.911399886e-05
207 0.233661 0.294738 0.719271 1.647820 2.036543 5.032917 0.000000 0.000000 0.000000 0.854633 1 5.208421499e-07 1.913984306e-05
207 0.234115 0.294842 0.720228 1.647820 2.036543 5.032917 0.000000 0.000000 0.000000 0.854595 1 5.650799721e-07 1.901085488e-05
207 0.234540 0.294944 0.721127 1.647820 2.036543 5.032917 0.000000 0.000000 0.000000 0.854557 1 4.731118679e-07 1.765717752e-05
207 0.234936 0.295044 0.721971 1.647820 2.036543 5.032917 0.000000 0.000000 0.000000 0.854521 1 4.610046744e-07 2.478016540e-05
207 0.235307 0.295141 0.722764 1.647820 2.036543 5.032917 0.000000 0.000000 0.000000 0.854484 1 5.098991096e-07 1.788116060e-05
208 0.233675 0.292899 0.718610 1.590310 1.983957 5.053850 0.000000 0.000000 0.000000 0.851477 1 4.919711500e-07 1.774705015e-05
208 0.233872 0.293039 0.721082 1.590310 1.983957 5.053850 0.000000 0.000000 0.000000 0.851424 1 5.769543350e-07 1.913681626e-05
208 0.234061 0.293177 0.723385 1.590310 1.983957 5.053850 0.000000 0.000000 0.000000 0.851372 1 5.199108273e-07 1.906184480e-05
208 0.234242 0.293311 0.725530 1.590310 1.983957 5.053850 0.000000 0.000000 0.000000 0.851321 1 5.620531738e-07 1.897988841e-05
208 0.234415 0.293443 0.727530 1.590310 1.983957 5.053850 0.000000 0.000000 0.000000 0.851271 1 5.220063031e-07 1.900410280e-05
208 0.234580 0.293573 0.729396 1.590310 1.983957 5.053850 0.000000 0.000000 0.000000 0.851222 1 5.408655852e-07 1.915800385e-05
208 0.234739 0.293700 0.731137 1.590310 1.983957 5.053850 0.000000 0.000000 0.000000 0.851173 1 8.689239621e-07 2.094707452e-05
208 0.234892 0.293824 0.732762 1.590310 1.983957 5.053850 0.000000 0.000000 0.000000 0.851126 1 4.859175533e-07 1.903506927e-05
208 0.235038 0.293946 0.734281 1.590310 1.983957 5.053850 0.000000 0.000000 0.000000 0.851080 1 6.568152457e-07 1.923483796e-05
208 0.235179 0.294066 0.735701 1.590310 1.983957 5.053850 0.000000 0.000000 0.000000 0.851035 1 5.380716175e-07 1.909094863e-05
208 0.235314 0.294183 0.737029 1.590310 1.983957 5.053850 0.000000 0.000000 0.000000 0.850990 1 4.579778761e-07 2.729496919e-05
208 0.235445 0.294298 0.738272 1.590310 1.983957 5.053850 0.000000 0.000000 0.000000 0.850947 1 4.798639566e-07 1.917197369e-05
208 0.235570 0.294410 0.739436 1.590310 1.983957 5.053850 0.000000 0.000000 0.000000 0.850904 1 4.901085049e-07 1.921202056e-05
208 0.235691 0.294521 0.740527 1.590310 1.983957 5.053850 0.000000 0.000000 0.000000 0.850863 1 4.880130291e-07 1.899409108e-05
208 0.235808 0.294629 0.741550 1.590310 1.983957 5.053850 0.000000 0.000000 0.000000 0.850822 1 5.329493433e-07 1.900899224e-05
208 0.235921 0.294735 0.742510 1.590310 1.983957 5.053850 0.000000 0.000000 0.000000 0.850781 1 4.800967872e-07 1.905299723e-05
208 0.236030 0.294839 0.743412 1.590310 1.983957 5.053850 0.000000 0.000000 0.000000 0.850742 1 5.438923836e-07 1.912494190e-05
208 0.236135 0.294941 0.744259 1.590310 1.983957 5.053850 0.000000 0.000000 0.000000 0.850703 1 4.949979484e-07 1.896405593e-05
208 0.236237 0.295041 0.745057 1.590310 1.983957 5.053850 0.000000 0.000000 0.000000 0.850666 1 6.339978427e-07 1.931702718e-05
208 0.236336 0.295138 0.745807 1.590310 1.983957 5.053850 0.000000 0.000000 0.000000 0.850629 1 5.541369319e-07 1.918198541e-05
209 0.235212 0.292892 0.741548 1.632025 1.870336 4.966311 0.000000 0.000000 0.000000 0.842457 1 3.229361027e-07 9.987037629e-06
209 0.236900 0.293032 0.744701 1.632025 1.870336 4.966311 0.000000 0.000000 0.000000 0.842401 1 2.579763532e-07 9.457813576e-06
209 0.238465 0.293169 0.747633 1.632025 1.870336 4.966311 0.000000 0.000000 0.000000 0.842346 1 1.299194992e-07 4.668952897e-06
209 0.239917 0.293304 0.750361 1.632025 1.870336 4.966311 0.000000 0.000000 0.000000 0.842291 1 3.059394658e-07 6.052898243e-06
209 0.241264 0.293436 0.752899 1.632025 1.870336 4.966311 0.000000 0.000000 0.000000 0.842238 1 1.320149750e-07 4.696892574e-06
209 0.242513 0.293566 0.755263 1.632025 1.870336 4.966311 0.000000 0.000000 0.000000 0.842186 1 2.090819180e-07 1.220102422e-05
209 0.243673 0.293693 0.757464 1.632025 1.870336 4.966311 0.000000 0.000000 0.000000 0.842135 1 1.860316843e-07 6.941845641e-06
209 0.244751 0.293818 0.759515 1.632025 1.870336 4.966311 0.000000 0.000000 0.000000 0.842085 1 4.929024726e-07 1.909211278e-05
209 0.245751 0.293940 0.761428 1.632025 1.870336 4.966311 0.000000 0.000000 0.000000 0.842036 1 5.061738193e-07 1.897593029e-05
209 0.246681 0.294059 0.763212 1.632025 1.870336 4.966311 0.000000 0.000000 0.000000 0.841988 1 5.410984159e-07 1.907581463e-05
209 0.247545 0.294177 0.764877 1.632025 1.870336 4.966311 0.000000 0.000000 0.000000 0.841941 1 5.359761417e-07 1.919618808e-05
209 0.248349 0.294292 0.766431 1.632025 1.870336 4.966311 0.000000 0.000000 0.000000 0.841895 1 5.331821740e-07 1.901993528e-05
209 0.249097 0.294404 0.767884 1.632025 1.870336 4.966311 0.000000 0.000000 0.000000 0.841849 1 5.920883268e-07 1.918012276e-05
209 0.249792 0.294515 0.769242 1.632025 1.870336 4.966311 0.000000 0.000000 0.000000 0.841805 1 5.241017789e-07 1.906207763e-05
209 0.250440 0.294623 0.770513 1.632025 1.870336 4.966311 0.000000 0.000000 0.000000 0.841761 1 5.508773029e-07 1.918803900e-05
209 0.251044 0.294729 0.771702 1.632025 1.870336 4.966311 0.000000 0.000000 0.000000 0.841719 1 6.211921573e-07 1.939013600e-05
