9 0.429222 0.009143 -0.051933 0.429222 0.009143 -0.051933 0.000000 0.000000 0.000000 -1.000000 1 4.131696187e-05 1.925569959e-04
10 0.430441 0.009590 -0.038904 0.431872 0.009605 0.150927 0.000000 0.000000 0.000000 -1.000000 1 1.134700142e-05 3.277882934e-05
10 0.430551 0.009592 -0.024309 0.431872 0.009605 0.150927 0.000000 0.000000 0.000000 -1.000000 1 1.144479029e-05 3.883102909e-05
10 0.430653 0.009593 -0.010836 0.431872 0.009605 0.150927 0.000000 0.000000 0.000000 -1.000000 1 1.140101813e-05 3.296392970e-05
10 0.430746 0.009594 0.001601 0.431872 0.009605 0.150927 0.000000 0.000000 0.000000 -1.000000 1 1.841201447e-05 5.510007031e-05
10 0.430833 0.009594 0.013081 0.431872 0.009605 0.150927 0.000000 0.000000 0.000000 -1.000000 1 1.387507655e-05 3.883591853e-05
10 0.430913 0.009595 0.023680 0.431872 0.009605 0.150927 0.000000 0.000000 0.000000 -1.000000 1 1.146108843e-05 3.288593143e-05
10 0.430986 0.009596 0.033463 0.431872 0.009605 0.150927 0.000000 0.000000 0.000000 -1.000000 1 1.191580668e-05 3.360700794e-05
10 0.431054 0.009597 0.042494 0.431872 0.009605 0.150927 0.000000 0.000000 0.000000 -1.000000 1 1.141289249e-05 3.300607204e-05
10 0.431117 0.009597 0.050831 0.431872 0.009605 0.150927 0.000000 0.000000 0.000000 -1.000000 1 1.148693264e-05 3.282097168e-05
10 0.431175 0.009598 0.058526 0.431872 0.009605 0.150927 0.000000 0.000000 0.000000 -1.000000 1 2.064509317e-05 5.712709390e-05
10 0.431229 0.009599 0.065631 0.431872 0.009605 0.150927 0.000000 0.000000 0.000000 -1.000000 1 2.111005597e-05 4.200008698e-05
10 0.431278 0.009599 0.072188 0.431872 0.009605 0.150927 0.000000 0.000000 0.000000 -1.000000 1 1.244922169e-05 3.672693856e-05
10 0.431324 0.009600 0.078242 0.431872 0.009605 0.150927 0.000000 0.000000 0.000000 -1.000000 1 1.136888750e-05 3.285100684e-05
10 0.431366 0.009600 0.083831 0.431872 0.009605 0.150927 0.000000 0.000000 0.000000 -1.000000 1 1.158588566e-05 3.266287968e-05
10 0.431405 0.009600 0.088989 0.431872 0.009605 0.150927 0.000000 0.000000 0.000000 -1.000000 1 1.177191734e-05 3.422307782e-05
10 0.431441 0.009601 0.093751 0.431872 0.009605 0.150927 0.000000 0.000000 0.000000 -1.000000 1 1.166597940e-05 3.303401172e-05
10 0.431474 0.009601 0.098147 0.431872 0.009605 0.150927 0.000000 0.000000 0.000000 -1.000000 1 1.258100383e-05 3.597489558e-05
10 0.431504 0.009601 0.102205 0.431872 0.009605 0.150927 0.000000 0.000000 0.000000 -1.000000 1 1.151603647e-05 3.374600783e-05
10 0.431533 0.009602 0.105951 0.431872 0.009605 0.150927 0.000000 0.000000 0.000000 -1.000000 1 1.164502464e-05 3.228592686e-05
10 0.431559 0.009602 0.109409 0.431872 0.009605 0.150927 0.000000 0.000000 0.000000 -1.000000 1 1.146900468e-05 3.262120299e-05
11 0.440278 0.014198 0.124152 0.571911 0.089487 0.727854 0.000000 0.000000 0.000000 -1.000000 1 1.418194734e-05 3.914115950e-05
11 0.450398 0.019840 0.141443 0.571911 0.089487 0.727854 0.000000 0.000000 0.000000 -1.000000 1 1.201499254e-05 3.337906674e-05
11 0.459741 0.025195 0.158393 0.571911 0.089487 0.727854 0.000000 0.000000 0.000000 -1.000000 1 1.138378866e-05 3.462401219e-05
11 0.468365 0.030138 0.175009 0.571911 0.089487 0.727854 0.000000 0.000000 0.000000 -1.000000 1 1.244107261e-05 4.011113197e-05
11 0.476326 0.034701 0.191296 0.571911 0.089487 0.727854 0.000000 0.000000 0.000000 -1.000000 1 1.128506847e-05 3.297999501e-05
11 0.483675 0.038913 0.207262 0.571911 0.089487 0.727854 0.000000 0.000000 0.000000 -1.000000 1 1.170602627e-05 3.286008723e-05
11 0.490459 0.042801 0.222913 0.571911 0.089487 0.727854 0.000000 0.000000 0.000000 -1.000000 1 1.977011561e-05 5.426094867e-05
11 0.496721 0.046391 0.238255 0.571911 0.089487 0.727854 0.000000 0.000000 0.000000 -1.000000 1 1.145899296e-05 3.382004797e-05
11 0.502502 0.049704 0.253293 0.571911 0.089487 0.727854 0.000000 0.000000 0.000000 -1.000000 1 1.181405969e-05 3.375182860e-05
11 0.507838 0.052763 0.268035 0.571911 0.089487 0.727854 0.000000 0.000000 0.000000 -1.000000 1 1.156795770e-05 3.335205838e-05
11 0.512764 0.055586 0.282486 0.571911 0.089487 0.727854 0.000000 0.000000 0.000000 -1.000000 1 8.588889614e-06 2.408307046e-05
11 0.517312 0.058193 0.296652 0.571911 0.089487 0.727854 0.000000 0.000000 0.000000 -1.000000 1 7.623108104e-06 2.165208571e-05
11 0.521510 0.060599 0.310538 0.571911 0.089487 0.727854 0.000000 0.000000 0.000000 -1.000000 1 2.766028047e-06 8.026836440e-06
11 0.525385 0.062820 0.324149 0.571911 0.089487 0.727854 0.000000 0.000000 0.000000 -1.000000 1 6.749993190e-06 1.976289786e-05
11 0.528962 0.064870 0.337492 0.571911 0.089487 0.727854 0.000000 0.000000 0.000000 -1.000000 1 7.224967703e-06 2.157501876e-05
11 0.532264 0.066763 0.350572 0.571911 0.089487 0.727854 0.000000 0.000000 0.000000 -1.000000 1 1.145387068e-05 3.303703852e-05
11 0.535312 0.068510 0.363393 0.571911 0.089487 0.727854 0.000000 0.000000 0.000000 -1.000000 1 1.210113987e-05 3.759283572e-05
11 0.538126 0.070123 0.375962 0.571911 0.089487 0.727854 0.000000 0.000000 0.000000 -1.000000 1 1.130998135e-05 3.371993080e-05
11 0.540723 0.071612 0.388282 0.571911 0.089487 0.727854 0.000000 0.000000 0.000000 -1.000000 1 1.390604302e-05 3.820401616e-05
11 0.543121 0.072986 0.400359 0.571911 0.089487 0.727854 0.000000 0.000000 0.000000 -1.000000 1 1.156819053e-05 3.286800347e-05
12 0.549554 0.076836 0.412197 0.637512 0.141557 0.892092 0.000000 0.000000 0.000000 -1.000000 1 1.233397052e-05 3.539910540e-05
12 0.556316 0.081242 0.423802 0.637512 0.141557 0.892092 0.000000 0.000000 0.000000 -1.000000 1 1.266505569e-05 3.526802175e-05
12 0.562559 0.085561 0.435178 0.637512 0.141557 0.892092 0.000000 0.000000 0.000000 -1.000000 1 1.143803820e-05 3.388803452e-05
12 0.568321 0.089789 0.446329 0.637512 0.141557 0.892092 0.000000 0.000000 0.000000 -1.000000 1 1.630000770e-05 4.382990301e-05
12 0.573641 0.093769 0.457260 0.637512 0.141557 0.892092 0.000000 0.000000 0.000000 -1.000000 1 1.195794903e-05 3.305403516e-05
12 0.578552 0.097443 0.467975 0.637512 0.141557 0.892092 0.000000 0.000000 0.000000 -1.000000 1 1.146807335e-05 3.403215669e-05
12 0.583085 0.100835 0.478478 0.637512 0.141557 0.892092 0.000000 0.000000 0.000000 -1.000000 1 1.146807335e-05 3.417115659e-05
12 0.587269 0.103966 0.488774 0.637512 0.141557 0.892092 0.000000 0.000000 0.000000 -1.000000 1 1.166504808e-05 3.287196159e-05
12 0.591132 0.106856 0.498867 0.637512 0.141557 0.892092 0.000000 0.000000 0.000000 -1.000000 1 1.130998135e-05 3.368104808e-05
12 0.594698 0.109524 0.508761 0.637512 0.141557 0.892092 0.000000 0.000000 0.000000 -1.000000 1 1.377612352e-05 4.555005580e-05
12 0.597990 0.111987 0.518459 0.637512 0.141557 0.892092 0.000000 0.000000 0.000000 -1.000000 1 3.085937351e-06 8.741160855e-06
12 0.601028 0.114260 0.527966 0.637512 0.141557 0.892092 0.000000 0.000000 0.000000 -1.000000 1 4.491070285e-06 1.333793625e-05
12 0.603833 0.116359 0.537285 0.637512 0.141557 0.892092 0.000000 0.000000 0.000000 -1.000000 1 1.367111690e-05 4.056491889e-05
12 0.606423 0.118296 0.546421 0.637512 0.141557 0.892092 0.000000 0.000000 0.000000 -1.000000 1 7.822178304e-06 2.182601020e-05
12 0.608813 0.120084 0.555375 0.637512 0.141557 0.892092 0.000000 0.000000 0.000000 -1.000000 1 1.018703915e-05 2.859509550e-05
12 0.611019 0.121735 0.564153 0.637512 0.141557 0.892092 0.000000 0.000000 0.000000 -1.000000 1 1.174001954e-05 3.364915028e-05
12 0.613056 0.123259 0.572758 0.637512 0.141557 0.892092 0.000000 0.000000 0.000000 -1.000000 1 1.146597788e-05 3.392808139e-05
12 0.614936 0.124666 0.581193 0.637512 0.141557 0.892092 0.000000 0.000000 0.000000 -1.000000 1 2.822140232e-06 7.994938642e-06
12 0.616672 0.125965 0.589461 0.637512 0.141557 0.892092 0.000000 0.000000 0.000000 -1.000000 1 2.762069926e-06 7.910188287e-06
12 0.618274 0.127163 0.597566 0.637512 0.141557 0.892092 0.000000 0.000000 0.000000 -1.000000 1 9.461073205e-06 2.617994323e-05
13 0.621462 0.129895 0.605512 0.661561 0.205082 0.986371 0.000000 0.000000 0.000000 -1.000000 1 1.442991197e-05 3.954395652e-05
13 0.624545 0.133254 0.613300 0.661561 0.205082 0.986371 0.000000 0.000000 0.000000 -1.000000 1 1.123081893e-05 3.228709102e-05
13 0.627391 0.136546 0.620934 0.661561 0.205082 0.986371 0.000000 0.000000 0.000000 -1.000000 1 1.151789911e-05 3.280793317e-05
13 0.630018 0.139773 0.628418 0.661561 0.205082 0.986371 0.000000 0.000000 0.000000 -1.000000 1 1.124199480e-05 3.267009743e-05
13 0.632443 0.142936 0.635754 0.661561 0.205082 0.986371 0.000000 0.000000 0.000000 -1.000000 1 1.140404493e-05 3.278395161e-05
13 0.634682 0.146037 0.642945 0.661561 0.205082 0.986371 0.000000 0.000000 0.000000 -1.000000 1 1.125689596e-05 3.255112097e-05
13 0.636748 0.149076 0.649994 0.661561 0.205082 0.986371 0.000000 0.000000 0.000000 -1.000000 1 1.126900315e-05 3.246404231e-05
13 0.638656 0.152056 0.656904 0.661561 0.205082 0.986371 0.000000 0.000000 0.000000 -1.000000 1 1.134607010e-05 3.384100273e-05
13 0.640417 0.154977 0.663678 0.661561 0.205082 0.986371 0.000000 0.000000 0.000000 -1.000000 1 1.123384573e-05 3.264099360e-05
13 0.642043 0.157840 0.670318 0.661561 0.205082 0.986371 0.000000 0.000000 0.000000 -1.000000 1 1.130485907e-05 3.322516568e-05
13 0.643543 0.160646 0.676827 0.661561 0.205082 0.986371 0.000000 0.000000 0.000000 -1.000000 1 1.135305502e-05 3.218394704e-05
13 0.644929 0.163398 0.683207 0.661561 0.205082 0.986371 0.000000 0.000000 0.000000 -1.000000 1 1.082196832e-05 3.250990994e-05
13 0.646207 0.166094 0.689461 0.661561 0.205082 0.986371 0.000000 0.000000 0.000000 -1.000000 1 5.768146366e-06 1.732888632e-05
13 0.647388 0.168738 0.695592 0.661561 0.205082 0.986371 0.000000 0.000000 0.000000 -1.000000 1 5.193985999e-06 1.565599814e-05
13 0.648478 0.171330 0.701602 0.661561 0.205082 0.986371 0.000000 0.000000 0.000000 -1.000000 1 5.342997611e-06 1.547788270e-05
13 0.649484 0.173869 0.707493 0.661561 0.205082 0.986371 0.000000 0.000000 0.000000 -1.000000 1 2.840068191e-06 8.150003850e-06
13 0.650412 0.176269 0.713268 0.661561 0.205082 0.986371 0.000000 0.000000 0.000000 -1.000000 1 1.014699228e-05 2.946797758e-05
13 0.651269 0.178484 0.718929 0.661561 0.205082 0.986371 0.000000 0.000000 0.000000 -1.000000 1 1.624599099e-05 4.915706813e-05
13 0.652061 0.180529 0.724478 0.661561 0.205082 0.986371 0.000000 0.000000 0.000000 -1.000000 1 6.048008800e-06 1.708115451e-05
13 0.652791 0.182417 0.729917 0.661561 0.205082 0.986371 0.000000 0.000000 0.000000 -1.000000 1 7.350929081e-06 2.004578710e-05
14 0.649754 0.184576 0.735249 0.650745 0.254048 1.059968 0.000000 0.000000 0.000000 -1.000000 1 6.102956831e-06 1.915800385e-05
14 0.649830 0.186855 0.740476 0.650745 0.254048 1.059968 0.000000 0.000000 0.000000 -1.000000 1 4.508998245e-06 1.290091313e-05
14 0.649901 0.189088 0.745600 0.650745 0.254048 1.059968 0.000000 0.000000 0.000000 -1.000000 1 4.885951057e-06 1.470092684e-05
14 0.649966 0.191278 0.750622 0.650745 0.254048 1.059968 0.000000 0.000000 0.000000 -1.000000 1 5.444977432e-06 1.561990939e-05
14 0.650026 0.193424 0.755546 0.650745 0.254048 1.059968 0.000000 0.000000 0.000000 -1.000000 1 3.447989002e-06 9.706011042e-06
14 0.650081 0.195528 0.760372 0.650745 0.254048 1.059968 0.000000 0.000000 0.000000 -1.000000 1 3.012130037e-06 8.701113984e-06
14 0.650132 0.197591 0.765103 0.650745 0.254048 1.059968 0.000000 0.000000 0.000000 -1.000000 1 2.795830369e-06 7.979106158e-06
14 0.650179 0.199613 0.769740 0.650745 0.254048 1.059968 0.000000 0.000000 0.000000 -1.000000 1 2.746004611e-06 7.936032489e-06
14 0.650223 0.201595 0.774286 0.650745 0.254048 1.059968 0.000000 0.000000 0.000000 -1.000000 1 4.193047062e-06 1.217308454e-05
14 0.650263 0.203537 0.778742 0.650745 0.254048 1.059968 0.000000 0.000000 0.000000 -1.000000 1 4.699919373e-06 1.301406883e-05
14 0.650300 0.205442 0.783111 0.650745 0.254048 1.059968 0.000000 0.000000 0.000000 -1.000000 1 4.551839083e-06 1.318519935e-05
14 0.650334 0.207309 0.787393 0.650745 0.254048 1.059968 0.000000 0.000000 0.000000 -1.000000 1 4.581175745e-06 1.337402500e-05
14 0.650366 0.209139 0.791590 0.650745 0.254048 1.059968 0.000000 0.000000 0.000000 -1.000000 1 4.962086678e-06 1.427601092e-05
14 0.650395 0.210932 0.795705 0.650745 0.254048 1.059968 0.000000 0.000000 0.000000 -1.000000 1 2.142903395e-05 5.913898349e-05
14 0.650422 0.212691 0.799738 0.650745 0.254048 1.059968 0.000000 0.000000 0.000000 -1.000000 1 2.429098822e-05 7.107690908e-05
14 0.650447 0.214414 0.803692 0.650745 0.254048 1.059968 0.000000 0.000000 0.000000 -1.000000 1 1.627299935e-05 4.828209057e-05
14 0.650470 0.216104 0.807567 0.650745 0.254048 1.059968 0.000000 0.000000 0.000000 -1.000000 1 7.142079994e-06 2.175709233e-05
14 0.650491 0.217760 0.811366 0.650745 0.254048 1.059968 0.000000 0.000000 0.000000 -1.000000 1 9.194947779e-06 3.378884867e-05
14 0.650511 0.219384 0.815090 0.650745 0.254048 1.059968 0.000000 0.000000 0.000000 -1.000000 1 5.376990885e-06 1.857080497e-05
14 0.650529 0.220976 0.818741 0.650745 0.254048 1.059968 0.000000 0.000000 0.000000 -1.000000 1 4.749977961e-06 1.824600622e-05
15 0.645590 0.222536 0.818383 0.611937 0.308895 1.049035 0.000000 0.000000 0.000000 -1.000000 1 5.318084732e-06 2.050190233e-05
15 0.643003 0.224065 0.821969 0.611937 0.308895 1.049035 0.000000 0.000000 0.000000 -1.000000 1 4.238914698e-06 1.843506470e-05
15 0.640614 0.225564 0.825483 0.611937 0.308895 1.049035 0.000000 0.000000 0.000000 -1.000000 1 4.643108696e-06 1.860200427e-05
15 0.638410 0.227034 0.828929 0.611937 0.308895 1.049035 0.000000 0.000000 0.000000 -1.000000 1 1.134397462e-05 4.557007924e-05
15 0.636374 0.228475 0.832306 0.611937 0.308895 1.049035 0.000000 0.000000 0.000000 -1.000000 1 1.013302244e-05 4.032603465e-05
15 0.634495 0.229887 0.835617 0.611937 0.308895 1.049035 0.000000 0.000000 0.000000 -1.000000 1 3.780005500e-06 1.526088454e-05
15 0.632761 0.231271 0.838862 0.611937 0.308895 1.049035 0.000000 0.000000 0.000000 -1.000000 1 6.107846275e-06 3.723311238e-05
15 0.631160 0.232628 0.842043 0.611937 0.308895 1.049035 0.000000 0.000000 0.000000 -1.000000 1 1.110904850e-05 3.789993934e-05
15 0.629682 0.233958 0.845162 0.611937 0.308895 1.049035 0.000000 0.000000 0.000000 -1.000000 1 1.196004450e-05 7.913913578e-05
15 0.628318 0.235262 0.848219 0.611937 0.308895 1.049035 0.000000 0.000000 0.000000 -1.000000 1 6.611924618e-06 2.657785080e-05
15 0.627058 0.236540 0.851215 0.611937 0.308895 1.049035 0.000000 0.000000 0.000000 -1.000000 1 5.396082997e-06 2.179294825e-05
15 0.625896 0.237793 0.854153 0.611937 0.308895 1.049035 0.000000 0.000000 0.000000 -1.000000 1 2.043298446e-05 1.137729269e-04
15 0.624823 0.239021 0.857032 0.611937 0.308895 1.049035 0.000000 0.000000 0.000000 -1.000000 1 6.178859621e-06 2.526910976e-05
15 0.623832 0.240225 0.859855 0.611937 0.308895 1.049035 0.000000 0.000000 0.000000 -1.000000 1 6.444985047e-06 2.583395690e-05
15 0.622917 0.241405 0.862622 0.611937 0.308895 1.049035 0.000000 0.000000 0.000000 -1.000000 1 6.860122085e-06 2.862606198e-05
15 0.622073 0.242561 0.865334 0.611937 0.308895 1.049035 0.000000 0.000000 0.000000 -1.000000 1 5.659880117e-06 2.348516136e-05
15 0.621294 0.243695 0.867992 0.611937 0.308895 1.049035 0.000000 0.000000 0.000000 -1.000000 1 6.309011951e-06 2.612289973e-05
15 0.620574 0.244807 0.870599 0.611937 0.308895 1.049035 0.000000 0.000000 0.000000 -1.000000 1 1.025199890e-05 4.098401405e-05
15 0.619910 0.245897 0.873153 0.611937 0.308895 1.049035 0.000000 0.000000 0.000000 -1.000000 1 1.195212826e-05 4.760804586e-05
15 0.619297 0.246965 0.875658 0.611937 0.308895 1.049035 0.000000 0.000000 0.000000 -1.000000 1 1.130602323e-05 4.684994929e-05
16 0.613780 0.248013 0.878112 0.563314 0.374712 1.053467 0.000000 0.000000 0.000000 -1.000000 1 9.733950719e-06 3.895419650e-05
16 0.609900 0.249039 0.880519 0.563314 0.374712 1.053467 0.000000 0.000000 0.000000 -1.000000 1 1.048599370e-05 4.338100553e-05
16 0.606318 0.250045 0.882878 0.563314 0.374712 1.053467 0.000000 0.000000 0.000000 -1.000000 1 1.014093868e-05 4.200194962e-05
16 0.603012 0.251031 0.885190 0.563314 0.374712 1.053467 0.000000 0.000000 0.000000 -1.000000 1 3.599096090e-06 1.466693357e-05
16 0.599960 0.251998 0.887457 0.563314 0.374712 1.053467 0.000000 0.000000 0.000000 -1.000000 1 2.815853804e-06 1.144316047e-05
16 0.597142 0.252946 0.889679 0.563314 0.374712 1.053467 0.000000 0.000000 0.000000 -1.000000 1 3.142980859e-06 1.244200394e-05
16 0.594541 0.253875 0.891857 0.563314 0.374712 1.053467 0.000000 0.000000 0.000000 -1.000000 1 2.821907401e-06 1.167086884e-05
16 0.592141 0.254785 0.893992 0.563314 0.374712 1.053467 0.000000 0.000000 0.000000 -1.000000 1 2.771150321e-06 1.133815385e-05
16 0.589924 0.255678 0.896084 0.563314 0.374712 1.053467 0.000000 0.000000 0.000000 -1.000000 1 3.268942237e-06 1.267390326e-05
16 0.587878 0.256553 0.898136 0.563314 0.374712 1.053467 0.000000 0.000000 0.000000 -1.000000 1 2.885004506e-06 1.160590909e-05
16 0.585990 0.257411 0.900147 0.563314 0.374712 1.053467 0.000000 0.000000 0.000000 -1.000000 1 2.782093361e-06 1.135398634e-05
16 0.584246 0.258251 0.902118 0.563314 0.374712 1.053467 0.000000 0.000000 0.000000 -1.000000 1 2.771848813e-06 1.124292612e-05
16 0.582637 0.259076 0.904051 0.563314 0.374712 1.053467 0.000000 0.000000 0.000000 -1.000000 1 8.984003216e-06 3.650807776e-05
16 0.581152 0.259884 0.905945 0.563314 0.374712 1.053467 0.000000 0.000000 0.000000 -1.000000 1 9.979121387e-06 4.027201794e-05
16 0.579780 0.260676 0.907802 0.563314 0.374712 1.053467 0.000000 0.000000 0.000000 -1.000000 1 1.657404937e-05 1.139380038e-04
16 0.578514 0.261452 0.909622 0.563314 0.374712 1.053467 0.000000 0.000000 0.000000 -1.000000 1 1.474609599e-05 6.541307084e-05
16 0.577346 0.262213 0.911407 0.563314 0.374712 1.053467 0.000000 0.000000 0.000000 -1.000000 1 4.871049896e-06 1.983717084e-05
16 0.576267 0.262959 0.913156 0.563314 0.374712 1.053467 0.000000 0.000000 0.000000 -1.000000 1 1.153815538e-05 4.572281614e-05
16 0.575271 0.263690 0.914870 0.563314 0.374712 1.053467 0.000000 0.000000 0.000000 -1.000000 1 2.789078280e-06 1.129787415e-05
16 0.574352 0.264407 0.916551 0.563314 0.374712 1.053467 0.000000 0.000000 0.000000 -1.000000 1 1.127994619e-05 5.059014075e-05
17 0.575647 0.265082 0.914254 0.595121 0.416028 0.968042 0.000000 0.000000 0.000000 -1.000000 1 1.759594306e-05 1.069561113e-04
17 0.577145 0.265771 0.915947 0.595121 0.416028 0.968042 0.000000 0.000000 0.000000 -1.000000 1 1.204502769e-05 7.631490007e-05
17 0.578527 0.266447 0.917606 0.595121 0.416028 0.968042 0.000000 0.000000 0.000000 -1.000000 1 1.170183532e-05 4.539499059e-05
17 0.579803 0.267109 0.919233 0.595121 0.416028 0.968042 0.000000 0.000000 0.000000 -1.000000 1 1.125712879e-05 4.465202801e-05
17 0.580980 0.267759 0.920827 0.595121 0.416028 0.968042 0.000000 0.000000 0.000000 -1.000000 1 1.128902659e-05 3.619492054e-05
17 0.582068 0.268395 0.922390 0.595121 0.416028 0.968042 0.000000 0.000000 0.000000 -1.000000 1 1.899898052e-05 6.614718586e-05
17 0.583071 0.269019 0.923923 0.595121 0.416028 0.968042 0.000000 0.000000 0.000000 -1.000000 1 1.134397462e-05 3.570993431e-05
17 0.583998 0.269631 0.925425 0.595121 0.416028 0.968042 0.000000 0.000000 0.000000 -1.000000 1 1.168996096e-05 3.573601134e-05
17 0.584853 0.270231 0.926897 0.595121 0.416028 0.968042 0.000000 0.000000 0.000000 -1.000000 1 1.132814214e-05 3.455998376e-05
17 0.585642 0.270818 0.928340 0.595121 0.416028 0.968042 0.000000 0.000000 0.000000 -1.000000 1 1.132115722e-05 3.522913903e-05
17 0.586371 0.271394 0.929755 0.595121 0.416028 0.968042 0.000000 0.000000 0.000000 -1.000000 1 1.131999306e-05 3.423797898e-05
17 0.587044 0.271959 0.931142 0.595121 0.416028 0.968042 0.000000 0.000000 0.000000 -1.000000 1 1.140497625e-05 3.431295045e-05
17 0.587665 0.272513 0.932501 0.595121 0.416028 0.968042 0.000000 0.000000 0.000000 -1.000000 1 1.155794598e-05 3.386009485e-05
17 0.588238 0.273055 0.933834 0.595121 0.416028 0.968042 0.000000 0.000000 0.000000 -1.000000 1 1.125899144e-05 3.350595944e-05
17 0.588767 0.273587 0.935140 0.595121 0.416028 0.968042 0.000000 0.000000 0.000000 -1.000000 1 1.127202995e-05 3.378698602e-05
17 0.589256 0.274109 0.936421 0.595121 0.416028 0.968042 0.000000 0.000000 0.000000 -1.000000 1 1.126504503e-05 3.533693962e-05
17 0.589707 0.274620 0.937676 0.595121 0.416028 0.968042 0.000000 0.000000 0.000000 -1.000000 1 1.148879528e-05 3.471085802e-05
17 0.590123 0.275121 0.938906 0.595121 0.416028 0.968042 0.000000 0.000000 0.000000 -1.000000 1 1.359288581e-05 3.862008452e-05
17 0.590507 0.275612 0.940112 0.595121 0.416028 0.968042 0.000000 0.000000 0.000000 -1.000000 1 1.164013520e-05 3.674603067e-05
17 0.590862 0.276094 0.941295 0.595121 0.416028 0.968042 0.000000 0.000000 0.000000 -1.000000 1 1.251394860e-05 3.506289795e-05
18 0.592107 0.276566 0.935824 0.611966 0.456018 0.885119 0.000000 0.000000 0.000000 -1.000000 1 1.150788739e-05 3.317208029e-05
18 0.593634 0.277028 0.931925 0.611966 0.456018 0.885119 0.000000 0.000000 0.000000 -1.000000 1 5.685957149e-06 1.731002703e-05
18 0.595044 0.277482 0.928327 0.611966 0.456018 0.885119 0.000000 0.000000 0.000000 -1.000000 1 9.442912415e-06 2.549006604e-05
18 0.596345 0.277926 0.925005 0.611966 0.456018 0.885119 0.000000 0.000000 0.000000 -1.000000 1 5.521113053e-06 1.611793414e-05
18 0.597546 0.278362 0.921938 0.611966 0.456018 0.885119 0.000000 0.000000 0.000000 -1.000000 1 1.147901639e-05 4.157703370e-05
18 0.598655 0.278789 0.919107 0.611966 0.456018 0.885119 0.000000 0.000000 0.000000 -1.000000 1 1.166411676e-05 3.349804319e-05
18 0.599678 0.279208 0.916494 0.611966 0.456018 0.885119 0.000000 0.000000 0.000000 -1.000000 1 1.158309169e-05 3.478699364e-05
18 0.600623 0.279619 0.914082 0.611966 0.456018 0.885119 0.000000 0.000000 0.000000 -1.000000 1 1.150998287e-05 3.335904330e-05
18 0.601495 0.280021 0.911855 0.611966 0.456018 0.885119 0.000000 0.000000 0.000000 -1.000000 1 1.128809527e-05 3.309897147e-05
18 0.602271 0.280415 0.909800 0.611966 0.456018 0.885119 0.000000 0.000000 0.000000 -1.000000 1 1.161987893e-05 3.507593647e-05
18 0.602857 0.280802 0.907902 0.611966 0.456018 0.885119 0.000000 0.000000 0.000000 -1.000000 1 1.135002822e-05 3.301003017e-05
18 0.603273 0.281181 0.906151 0.611966 0.456018 0.885119 0.000000 0.000000 0.000000 -1.000000 1 1.139310189e-05 3.297394142e-05
18 0.603549 0.281552 0.904534 0.611966 0.456018 0.885119 0.000000 0.000000 0.000000 -1.000000 1 1.127598807e-05 3.419094719e-05
18 0.603700 0.281916 0.903041 0.611966 0.456018 0.885119 0.000000 0.000000 0.000000 -1.000000 1 1.142895781e-05 4.114210606e-05
18 0.603733 0.282273 0.901663 0.611966 0.456018 0.885119 0.000000 0.000000 0.000000 -1.000000 1 1.159985550e-05 3.473903053e-05
18 0.603648 0.282623 0.900391 0.611966 0.456018 0.885119 0.000000 0.000000 0.000000 -1.000000 1 1.156609505e-05 3.442517482e-05
18 0.603448 0.282966 0.899217 0.611966 0.456018 0.885119 0.000000 0.000000 0.000000 -1.000000 1 1.157214865e-05 3.959005699e-05
18 0.603142 0.283302 0.898133 0.611966 0.456018 0.885119 0.000000 0.000000 0.000000 -1.000000 1 1.141289249e-05 3.315508366e-05
18 0.602741 0.283632 0.897133 0.611966 0.456018 0.885119 0.000000 0.000000 0.000000 -1.000000 1 1.151394099e-05 3.356300294e-05
18 0.602266 0.283955 0.896209 0.611966 0.456018 0.885119 0.000000 0.000000 0.000000 -1.000000 1 1.518591307e-05 4.288996570e-05
19 0.602574 0.283086 0.884277 0.707639 0.431522 0.646825 0.000000 0.000000 0.000000 -1.000000 1 1.152791083e-05 3.463099711e-05
19 0.602007 0.283420 0.866021 0.707639 0.431522 0.646825 0.000000 0.000000 0.000000 -1.000000 1 1.166900620e-05 3.347010352e-05
19 0.601428 0.283747 0.849169 0.707639 0.431522 0.646825 0.000000 0.000000 0.000000 -1.000000 1 1.144618727e-05 3.336300142e-05
19 0.600829 0.284067 0.833612 0.707639 0.431522 0.646825 0.000000 0.000000 0.000000 -1.000000 1 1.677498221e-05 4.025897942e-05
19 0.600200 0.284382 0.819252 0.707639 0.431522 0.646825 0.000000 0.000000 0.000000 -1.000000 1 1.166388392e-05 3.480189480e-05
19 0.599531 0.284690 0.805995 0.707639 0.431522 0.646825 0.000000 0.000000 0.000000 -1.000000 1 1.207296737e-05 3.539095633e-05
19 0.598815 0.284992 0.793758 0.707639 0.431522 0.646825 0.000000 0.000000 0.000000 -1.000000 1 1.149391755e-05 3.397604451e-05
19 0.598047 0.285287 0.782462 0.707639 0.431522 0.646825 0.000000 0.000000 0.000000 -1.000000 1 1.113489270e-05 3.358512186e-05
19 0.597223 0.285578 0.772034 0.707639 0.431522 0.646825 0.000000 0.000000 0.000000 -1.000000 1 1.162290573e-05 3.441190347e-05
19 0.596349 0.285862 0.762408 0.707639 0.431522 0.646825 0.000000 0.000000 0.000000 -1.000000 1 1.162989065e-05 3.362703137e-05
19 0.595439 0.286141 0.753522 0.707639 0.431522 0.646825 0.000000 0.000000 0.000000 -1.000000 1 1.153699122e-05 3.342004493e-05
19 0.594511 0.286414 0.745319 0.707639 0.431522 0.646825 0.000000 0.000000 0.000000 -1.000000 1 1.211999916e-05 3.553787246e-05
19 0.593571 0.286682 0.737747 0.707639 0.431522 0.646825 0.000000 0.000000 0.000000 -1.000000 1 9.489012882e-06 2.748914994e-05
19 0.592618 0.286945 0.730757 0.707639 0.431522 0.646825 0.000000 0.000000 0.000000 -1.000000 1 1.130392775e-05 3.348896280e-05
19 0.591649 0.287202 0.724304 0.707639 0.431522 0.646825 0.000000 0.000000 0.000000 -1.000000 1 1.130090095e-05 3.343098797e-05
19 0.590658 0.287455 0.718348 0.707639 0.431522 0.646825 0.000000 0.000000 0.000000 -1.000000 1 1.149601303e-05 3.421702422e-05
19 0.589641 0.287702 0.712849 0.707639 0.431522 0.646825 0.000000 0.000000 0.000000 -1.000000 1 1.412886195e-05 3.973208368e-05
19 0.588593 0.287944 0.707773 0.707639 0.431522 0.646825 0.000000 0.000000 0.000000 -1.000000 1 1.145782880e-05 3.337394446e-05
19 0.587508 0.288182 0.703087 0.707639 0.431522 0.646825 0.000000 0.000000 0.000000 -1.000000 1 1.120497473e-05 3.380607814e-05
19 0.586385 0.288415 0.698762 0.707639 0.431522 0.646825 0.000000 0.000000 0.000000 -1.000000 1 1.129694283e-05 3.425893374e-05
20 0.586078 0.287458 0.690136 0.740614 0.433203 0.591456 0.000000 0.000000 0.000000 -1.000000 1 1.147389412e-05 3.873114474e-05
20 0.584880 0.287706 0.682550 0.740614 0.433203 0.591456 0.000000 0.000000 0.000000 -1.000000 1 1.156213693e-05 3.294390626e-05
20 0.583670 0.287948 0.675546 0.740614 0.433203 0.591456 0.000000 0.000000 0.000000 -1.000000 1 2.848915756e-06 8.399831131e-06
20 0.582451 0.288186 0.669081 0.740614 0.433203 0.591456 0.000000 0.000000 0.000000 -1.000000 1 1.187296584e-05 3.358302638e-05
20 0.581217 0.288419 0.663113 0.740614 0.433203 0.591456 0.000000 0.000000 0.000000 -1.000000 1 1.147901639e-05 3.329501487e-05
20 0.579968 0.288648 0.657603 0.740614 0.433203 0.591456 0.000000 0.000000 0.000000 -1.000000 1 1.074280590e-05 3.197602928e-05
20 0.578702 0.288872 0.652517 0.740614 0.433203 0.591456 0.000000 0.000000 0.000000 -1.000000 1 8.450122550e-06 2.523208968e-05
20 0.577422 0.289092 0.647822 0.740614 0.433203 0.591456 0.000000 0.000000 0.000000 -1.000000 1 2.909917384e-06 8.374918252e-06
20 0.576134 0.289307 0.643487 0.740614 0.433203 0.591456 0.000000 0.000000 0.000000 -1.000000 1 3.220047802e-06 9.191920981e-06
20 0.574846 0.289518 0.639485 0.740614 0.433203 0.591456 0.000000 0.000000 0.000000 -1.000000 1 2.854038030e-06 8.254079148e-06
20 0.573566 0.289725 0.635791 0.740614 0.433203 0.591456 0.000000 0.000000 0.000000 -1.000000 1 3.412133083e-06 9.943032637e-06
20 0.572301 0.289928 0.632381 0.740614 0.433203 0.591456 0.000000 0.000000 0.000000 -1.000000 1 3.810971975e-06 1.116190106e-05
20 0.571055 0.290127 0.629232 0.740614 0.433203 0.591456 0.000000 0.000000 0.000000 -1.000000 1 1.119100489e-05 3.268988803e-05
20 0.569828 0.290322 0.626325 0.740614 0.433203 0.591456 0.000000 0.000000 0.000000 -1.000000 1 1.265387982e-05 3.389781341e-05
20 0.568621 0.290513 0.623641 0.740614 0.433203 0.591456 0.000000 0.000000 0.000000 -1.000000 1 7.452908903e-06 2.238084562e-05
20 0.567437 0.290700 0.621163 0.740614 0.433203 0.591456 0.000000 0.000000 0.000000 -1.000000 1 2.834945917e-06 8.396105841e-06
20 0.566278 0.290884 0.618875 0.740614 0.433203 0.591456 0.000000 0.000000 0.000000 -1.000000 1 2.823071554e-06 8.279923350e-06
20 0.565144 0.291064 0.616763 0.740614 0.433203 0.591456 0.000000 0.000000 0.000000 -1.000000 1 5.198176950e-06 1.510512084e-05
20 0.564040 0.291240 0.614812 0.740614 0.433203 0.591456 0.000000 0.000000 0.000000 -1.000000 1 5.762092769e-06 1.696916297e-05
20 0.562960 0.291413 0.613010 0.740614 0.433203 0.591456 0.000000 0.000000 0.000000 -1.000000 1 1.077214256e-05 3.196299076e-05
21 0.562938 0.289576 0.602451 0.802519 0.391415 0.402677 0.000000 0.000000 0.000000 -1.000000 1 8.163042367e-06 2.311402932e-05
21 0.562843 0.287841 0.587083 0.802519 0.391415 0.402677 0.000000 0.000000 0.000000 -1.000000 1 6.861053407e-06 2.041598782e-05
21 0.562644 0.286264 0.572898 0.802519 0.391415 0.402677 0.000000 0.000000 0.000000 -1.000000 1 2.836110070e-06 8.341157809e-06
21 0.562346 0.284823 0.559802 0.802519 0.391415 0.402677 0.000000 0.000000 0.000000 -1.000000 1 2.872897312e-06 8.478062227e-06
21 0.561952 0.283506 0.547714 0.802519 0.391415 0.402677 0.000000 0.000000 0.000000 -1.000000 1 5.400972441e-06 1.686601900e-05
21 0.561463 0.282304 0.536554 0.802519 0.391415 0.402677 0.000000 0.000000 0.000000 -1.000000 1 1.151603647e-05 3.336695954e-05
21 0.560878 0.281209 0.526252 0.802519 0.391415 0.402677 0.000000 0.000000 0.000000 -1.000000 1 1.706997864e-05 4.128389992e-05
21 0.560202 0.280207 0.516742 0.802519 0.391415 0.402677 0.000000 0.000000 0.000000 -1.000000 1 2.563907765e-05 6.852182560e-05
21 0.559440 0.279284 0.507963 0.802519 0.391415 0.402677 0.000000 0.000000 0.000000 -1.000000 1 1.126597635e-05 3.413995728e-05
21 0.558598 0.278421 0.499859 0.802519 0.391415 0.402677 0.000000 0.000000 0.000000 -1.000000 1 1.150695607e-05 3.417395055e-05
21 0.557685 0.277597 0.492377 0.802519 0.391415 0.402677 0.000000 0.000000 0.000000 -1.000000 1 1.458101906e-05 4.168506712e-05
21 0.556712 0.276792 0.485470 0.802519 0.391415 0.402677 0.000000 0.000000 0.000000 -1.000000 1 1.140101813e-05 3.323587589e-05
21 0.555689 0.275992 0.479094 0.802519 0.391415 0.402677 0.000000 0.000000 0.000000 -1.000000 1 1.137214713e-05 3.419397399e-05
21 0.554620 0.275200 0.473207 0.802519 0.391415 0.402677 0.000000 0.000000 0.000000 -1.000000 1 1.146411523e-05 3.387616016e-05
21 0.553500 0.274425 0.467773 0.802519 0.391415 0.402677 0.000000 0.000000 0.000000 -1.000000 1 1.216097735e-05 3.571109846e-05
21 0.552323 0.273676 0.462757 0.802519 0.391415 0.402677 0.000000 0.000000 0.000000 -1.000000 1 1.139496453e-05 3.680610098e-05
21 0.551082 0.272959 0.458125 0.802519 0.391415 0.402677 0.000000 0.000000 0.000000 -1.000000 1 1.137703657e-05 3.439304419e-05
21 0.549774 0.272271 0.453849 0.802519 0.391415 0.402677 0.000000 0.000000 0.000000 -1.000000 1 1.120613888e-05 3.507197835e-05
21 0.548402 0.271599 0.449900 0.802519 0.391415 0.402677 0.000000 0.000000 0.000000 -1.000000 1 1.128297299e-05 3.413902596e-05
21 0.546981 0.270929 0.446255 0.802519 0.391415 0.402677 0.000000 0.000000 0.000000 -1.000000 1 1.139892265e-05 3.447895870e-05
22 0.542728 0.269044 0.444376 0.782048 0.375734 0.405558 0.000000 0.000000 0.000000 -1.000000 1 1.154700294e-05 3.541610204e-05
22 0.541568 0.268028 0.441376 0.782048 0.375734 0.405558 0.000000 0.000000 0.000000 -1.000000 1 1.148600131e-05 3.555882722e-05
22 0.540364 0.267023 0.438607 0.782048 0.375734 0.405558 0.000000 0.000000 0.000000 -1.000000 1 1.359893940e-05 3.966712393e-05
22 0.539112 0.266048 0.436049 0.782048 0.375734 0.405558 0.000000 0.000000 0.000000 -1.000000 1 1.156493090e-05 3.624497913e-05
22 0.537807 0.265120 0.433688 0.782048 0.375734 0.405558 0.000000 0.000000 0.000000 -1.000000 1 1.151510514e-05 3.536604345e-05
22 0.536445 0.264260 0.431507 0.782048 0.375734 0.405558 0.000000 0.000000 0.000000 -1.000000 1 1.157401130e-05 3.606197424e-05
22 0.535019 0.263503 0.429491 0.782048 0.375734 0.405558 0.000000 0.000000 0.000000 -1.000000 1 8.470145985e-06 2.623395994e-05
22 0.533524 0.262874 0.427629 0.782048 0.375734 0.405558 0.000000 0.000000 0.000000 -1.000000 1 2.136896364e-05 6.319698878e-05
22 0.531966 0.262384 0.425908 0.782048 0.375734 0.405558 0.000000 0.000000 0.000000 -1.000000 1 1.157703809e-05 3.891601227e-05
22 0.530359 0.262021 0.424316 0.782048 0.375734 0.405558 0.000000 0.000000 0.000000 -1.000000 1 4.277797416e-06 1.500593498e-05
22 0.528719 0.261761 0.422845 0.782048 0.375734 0.405558 0.000000 0.000000 0.000000 -1.000000 1 3.864988685e-06 1.491489820e-05
22 0.527064 0.261579 0.421484 0.782048 0.375734 0.405558 0.000000 0.000000 0.000000 -1.000000 1 2.825865522e-06 1.064618118e-05
22 0.525402 0.261450 0.420225 0.782048 0.375734 0.405558 0.000000 0.000000 0.000000 -1.000000 1 2.779066563e-06 1.096096821e-05
22 0.523738 0.261371 0.419060 0.782048 0.375734 0.405558 0.000000 0.000000 0.000000 -1.000000 1 1.924321987e-05 5.181413144e-05
22 0.522068 0.261356 0.417983 0.782048 0.375734 0.405558 0.000000 0.000000 0.000000 -1.000000 1 4.279892892e-06 1.687603071e-05
22 0.520386 0.261428 0.416984 0.782048 0.375734 0.405558 0.000000 0.000000 0.000000 -1.000000 1 4.462897778e-06 1.844204962e-05
22 0.518687 0.261606 0.416058 0.782048 0.375734 0.405558 0.000000 0.000000 0.000000 -1.000000 1 1.158798113e-05 4.513887689e-05
22 0.516970 0.261906 0.415199 0.782048 0.375734 0.405558 0.000000 0.000000 0.000000 -1.000000 1 1.135608181e-05 4.472187720e-05
22 0.515237 0.262329 0.414400 0.782048 0.375734 0.405558 0.000000 0.000000 0.000000 -1.000000 1 9.367940947e-06 3.708503209e-05
22 0.513494 0.262863 0.413656 0.782048 0.375734 0.405558 0.000000 0.000000 0.000000 -1.000000 1 1.153699122e-05 4.730210640e-05
23 0.512800 0.260582 0.408319 0.796250 0.297985 0.322699 0.000000 0.000000 0.000000 -1.000000 1 1.143896952e-05 4.581012763e-05
23 0.512979 0.255794 0.401669 0.796250 0.297985 0.322699 0.000000 0.000000 0.000000 -1.000000 1 1.157703809e-05 4.684901796e-05
23 0.512976 0.251406 0.395529 0.796250 0.297985 0.322699 0.000000 0.000000 0.000000 -1.000000 1 1.006084494e-05 3.954488784e-05
23 0.512805 0.247380 0.389861 0.796250 0.297985 0.322699 0.000000 0.000000 0.000000 -1.000000 1 1.129298471e-05 4.566204734e-05
23 0.512475 0.243685 0.384627 0.796250 0.297985 0.322699 0.000000 0.000000 0.000000 -1.000000 1 2.098199911e-05 7.458799519e-05
23 0.511992 0.240296 0.379794 0.796250 0.297985 0.322699 0.000000 0.000000 0.000000 -1.000000 1 2.835877240e-06 1.136399806e-05
23 0.511362 0.237188 0.375331 0.796250 0.297985 0.322699 0.000000 0.000000 0.000000 -1.000000 1 1.165503636e-05 4.581408575e-05
23 0.510590 0.234336 0.371208 0.796250 0.297985 0.322699 0.000000 0.000000 0.000000 -1.000000 1 1.144898124e-05 4.684808664e-05
23 0.509687 0.231717 0.367399 0.796250 0.297985 0.322699 0.000000 0.000000 0.000000 -1.000000 1 1.132488251e-05 4.633003846e-05
23 0.508670 0.229302 0.363881 0.796250 0.297985 0.322699 0.000000 0.000000 0.000000 -1.000000 1 1.633516513e-05 5.087582394e-05
23 0.507558 0.227059 0.360630 0.796250 0.297985 0.322699 0.000000 0.000000 0.000000 -1.000000 1 1.152604818e-05 4.579895176e-05
23 0.506372 0.224968 0.357627 0.796250 0.297985 0.322699 0.000000 0.000000 0.000000 -1.000000 1 1.182500273e-05 4.715798423e-05
23 0.505124 0.223020 0.354853 0.796250 0.297985 0.322699 0.000000 0.000000 0.000000 -1.000000 1 1.155911013e-05 4.609394819e-05
23 0.503819 0.221218 0.352288 0.796250 0.297985 0.322699 0.000000 0.000000 0.000000 -1.000000 1 1.580012031e-05 5.514197983e-05
23 0.502456 0.219555 0.349918 0.796250 0.297985 0.322699 0.000000 0.000000 0.000000 -1.000000 1 9.320909157e-06 3.768387251e-05
23 0.501035 0.218024 0.347726 0.796250 0.297985 0.322699 0.000000 0.000000 0.000000 -1.000000 1 7.702969015e-06 3.062095493e-05
23 0.499556 0.216617 0.345698 0.796250 0.297985 0.322699 0.000000 0.000000 0.000000 -1.000000 1 1.323898323e-05 5.076802336e-05
23 0.498015 0.215318 0.343822 0.796250 0.297985 0.322699 0.000000 0.000000 0.000000 -1.000000 1 1.168204471e-05 5.508190952e-05
23 0.496413 0.214102 0.342085 0.796250 0.297985 0.322699 0.000000 0.000000 0.000000 -1.000000 1 1.237494871e-05 4.938105121e-05
23 0.494757 0.212939 0.340476 0.796250 0.297985 0.322699 0.000000 0.000000 0.000000 -1.000000 1 1.158891246e-05 4.747509956e-05
24 0.490609 0.209917 0.337457 0.781028 0.247358 0.321159 0.000000 0.000000 0.000000 -1.000000 1 1.151999459e-05 4.578917287e-05
24 0.490002 0.205693 0.336090 0.781028 0.247358 0.321159 0.000000 0.000000 0.000000 -1.000000 1 1.320312731e-05 4.982599057e-05
24 0.489290 0.201728 0.334829 0.781028 0.247358 0.321159 0.000000 0.000000 0.000000 -1.000000 1 1.169997267e-05 4.593213089e-05
24 0.488477 0.198026 0.333666 0.781028 0.247358 0.321159 0.000000 0.000000 0.000000 -1.000000 1 1.135794446e-05 4.559685476e-05
24 0.487563 0.194602 0.332591 0.781028 0.247358 0.321159 0.000000 0.000000 0.000000 -1.000000 1 1.133000478e-05 4.576100037e-05
24 0.486542 0.191485 0.331595 0.781028 0.247358 0.321159 0.000000 0.000000 0.000000 -1.000000 1 1.169694588e-05 4.585203715e-05
24 0.485413 0.188700 0.330671 0.781028 0.247358 0.321159 0.000000 0.000000 0.000000 -1.000000 1 1.149298623e-05 4.557683133e-05
24 0.484180 0.186254 0.329811 0.781028 0.247358 0.321159 0.000000 0.000000 0.000000 -1.000000 1 4.498986527e-06 1.811701804e-05
24 0.482853 0.184133 0.329008 0.781028 0.247358 0.321159 0.000000 0.000000 0.000000 -1.000000 1 2.874061465e-06 1.143198460e-05
24 0.481452 0.182309 0.328259 0.781028 0.247358 0.321159 0.000000 0.000000 0.000000 -1.000000 1 2.806074917e-06 1.110997982e-05
24 0.479995 0.180742 0.327558 0.781028 0.247358 0.321159 0.000000 0.000000 0.000000 -1.000000 1 2.881977707e-06 1.153186895e-05
24 0.478501 0.179389 0.326904 0.781028 0.247358 0.321159 0.000000 0.000000 0.000000 -1.000000 1 2.844026312e-06 1.114280894e-05
24 0.476985 0.178209 0.326292 0.781028 0.247358 0.321159 0.000000 0.000000 0.000000 -1.000000 1 2.865912393e-06 1.124292612e-05
24 0.475452 0.177179 0.325720 0.781028 0.247358 0.321159 0.000000 0.000000 0.000000 -1.000000 1 8.658971637e-06 3.371597268e-05
24 0.473903 0.176288 0.325184 0.781028 0.247358 0.321159 0.000000 0.000000 0.000000 -1.000000 1 9.425915778e-06 3.826990724e-05
24 0.472335 0.175541 0.324680 0.781028 0.247358 0.321159 0.000000 0.000000 0.000000 -1.000000 1 1.158891246e-05 4.659593105e-05
24 0.470745 0.174946 0.324204 0.781028 0.247358 0.321159 0.000000 0.000000 0.000000 -1.000000 1 1.147994772e-05 4.432001151e-05
24 0.469132 0.174513 0.323751 0.781028 0.247358 0.321159 0.000000 0.000000 0.000000 -1.000000 1 1.141801476e-05 4.614610225e-05
24 0.467496 0.174239 0.323320 0.781028 0.247358 0.321159 0.000000 0.000000 0.000000 -1.000000 1 1.449114643e-05 5.260203034e-05
24 0.465843 0.174106 0.322906 0.781028 0.247358 0.321159 0.000000 0.000000 0.000000 -1.000000 1 1.159915701e-05 4.376913421e-05
25 0.464841 0.171210 0.318225 0.809405 0.167802 0.247293 0.000000 0.000000 0.000000 -1.000000 1 1.252698712e-05 4.822411574e-05
25 0.464504 0.165155 0.312509 0.809405 0.167802 0.247293 0.000000 0.000000 0.000000 -1.000000 1 1.150486059e-05 4.297099076e-05
25 0.464016 0.159580 0.307239 0.809405 0.167802 0.247293 0.000000 0.000000 0.000000 -1.000000 1 2.847053111e-06 1.028599218e-05
25 0.463389 0.154441 0.302381 0.809405 0.167802 0.247293 0.000000 0.000000 0.000000 -1.000000 1 2.888031304e-06 9.394949302e-06
25 0.462627 0.149703 0.297901 0.809405 0.167802 0.247293 0.000000 0.000000 0.000000 -1.000000 1 9.467126802e-06 3.092689440e-05
25 0.461734 0.145340 0.293769 0.809405 0.167802 0.247293 0.000000 0.000000 0.000000 -1.000000 1 5.130190402e-06 1.621316187e-05
25 0.460712 0.141326 0.289957 0.809405 0.167802 0.247293 0.000000 0.000000 0.000000 -1.000000 1 5.715992302e-06 1.968001015e-05
25 0.459565 0.137643 0.286439 0.809405 0.167802 0.247293 0.000000 0.000000 0.000000 -1.000000 1 5.182111636e-06 1.835799776e-05
25 0.458304 0.134263 0.283191 0.809405 0.167802 0.247293 0.000000 0.000000 0.000000 -1.000000 1 5.095032975e-06 1.763878390e-05
25 0.456944 0.131157 0.280193 0.809405 0.167802 0.247293 0.000000 0.000000 0.000000 -1.000000 1 2.979068086e-06 8.583068848e-06
25 0.455505 0.128295 0.277425 0.809405 0.167802 0.247293 0.000000 0.000000 0.000000 -1.000000 1 3.160908818e-06 9.197974578e-06
25 0.454006 0.125656 0.274870 0.809405 0.167802 0.247293 0.000000 0.000000 0.000000 -1.000000 1 2.819113433e-06 8.190050721e-06
25 0.452458 0.123230 0.272511 0.809405 0.167802 0.247293 0.000000 0.000000 0.000000 -1.000000 1 2.867076546e-06 8.288072422e-06
25 0.450867 0.121016 0.270332 0.809405 0.167802 0.247293 0.000000 0.000000 0.000000 -1.000000 1 2.858927473e-06 8.648028597e-06
25 0.449233 0.119006 0.268317 0.809405 0.167802 0.247293 0.000000 0.000000 0.000000 -1.000000 1 4.727859050e-06 1.426297240e-05
25 0.447553 0.117189 0.266453 0.809405 0.167802 0.247293 0.000000 0.000000 0.000000 -1.000000 1 4.308996722e-06 1.254305243e-05
25 0.445827 0.115554 0.264726 0.809405 0.167802 0.247293 0.000000 0.000000 0.000000 -1.000000 1 2.824934199e-06 8.175848052e-06
25 0.444050 0.114084 0.263127 0.809405 0.167802 0.247293 0.000000 0.000000 0.000000 -1.000000 1 1.368508674e-05 3.516697325e-05
25 0.442221 0.112755 0.261644 0.809405 0.167802 0.247293 0.000000 0.000000 0.000000 -1.000000 1 1.119286753e-05 3.324192949e-05
25 0.440343 0.111537 0.260269 0.809405 0.167802 0.247293 0.000000 0.000000 0.000000 -1.000000 1 1.144991256e-05 3.277789801e-05
26 0.436276 0.108672 0.261080 0.803910 0.121966 0.269229 0.000000 0.000000 0.000000 -1.000000 1 1.149112359e-05 3.376812674e-05
26 0.435045 0.104342 0.261444 0.803910 0.121966 0.269229 0.000000 0.000000 0.000000 -1.000000 1 1.150602475e-05 3.260886297e-05
26 0.433740 0.100297 0.261789 0.803910 0.121966 0.269229 0.000000 0.000000 0.000000 -1.000000 1 1.151906326e-05 3.300909884e-05
26 0.432366 0.096539 0.262116 0.803910 0.121966 0.269229 0.000000 0.000000 0.000000 -1.000000 1 1.107598655e-05 3.275997005e-05
26 0.430919 0.093095 0.262422 0.803910 0.121966 0.269229 0.000000 0.000000 0.000000 -1.000000 1 1.149717718e-05 3.238790669e-05
26 0.429393 0.089981 0.262705 0.803910 0.121966 0.269229 0.000000 0.000000 0.000000 -1.000000 1 1.163501292e-05 3.318511881e-05
26 0.427787 0.087208 0.262963 0.803910 0.121966 0.269229 0.000000 0.000000 0.000000 -1.000000 1 1.678196713e-05 4.889396951e-05
26 0.426099 0.084770 0.263196 0.803910 0.121966 0.269229 0.000000 0.000000 0.000000 -1.000000 1 1.037493348e-05 2.912594937e-05
26 0.424340 0.082652 0.263403 0.803910 0.121966 0.269229 0.000000 0.000000 0.000000 -1.000000 1 6.977003068e-06 1.961621456e-05
26 0.422523 0.080816 0.263586 0.803910 0.121966 0.269229 0.000000 0.000000 0.000000 -1.000000 1 1.141009852e-05 3.282702528e-05
26 0.420668 0.079219 0.263747 0.803910 0.121966 0.269229 0.000000 0.000000 0.000000 -1.000000 1 9.434996173e-06 2.738391049e-05
26 0.418792 0.077814 0.263890 0.803910 0.121966 0.269229 0.000000 0.000000 0.000000 -1.000000 1 8.357921615e-06 2.461089753e-05
26 0.416909 0.076561 0.264017 0.803910 0.121966 0.269229 0.000000 0.000000 0.000000 -1.000000 1 1.921807416e-05 6.028404459e-05
26 0.415025 0.075430 0.264131 0.803910 0.121966 0.269229 0.000000 0.000000 0.000000 -1.000000 1 1.133605838e-05 3.302120604e-05
26 0.413138 0.074413 0.264231 0.803910 0.121966 0.269229 0.000000 0.000000 0.000000 -1.000000 1 1.197098754e-05 3.361003473e-05
26 0.411243 0.073509 0.264318 0.803910 0.121966 0.269229 0.000000 0.000000 0.000000 -1.000000 1 1.143896952e-05 3.327592276e-05
26 0.409334 0.072727 0.264390 0.803910 0.121966 0.269229 0.000000 0.000000 0.000000 -1.000000 1 1.167505980e-05 3.318395466e-05
26 0.407405 0.072073 0.264447 0.803910 0.121966 0.269229 0.000000 0.000000 0.000000 -1.000000 1 1.138914376e-05 3.221607767e-05
26 0.405453 0.071550 0.264489 0.803910 0.121966 0.269229 0.000000 0.000000 0.000000 -1.000000 1 1.126294956e-05 3.263982944e-05
26 0.403480 0.071147 0.264514 0.803910 0.121966 0.269229 0.000000 0.000000 0.000000 -1.000000 1 1.887115650e-05 5.543092266e-05
27 0.401743 0.069136 0.261471 0.805474 0.078576 0.243968 0.000000 0.000000 0.000000 -1.000000 1 1.138797961e-05 3.262213431e-05
27 0.400152 0.065740 0.259790 0.805474 0.078576 0.243968 0.000000 0.000000 0.000000 -1.000000 1 7.621943951e-06 2.224696800e-05
27 0.398509 0.062620 0.258249 0.805474 0.078576 0.243968 0.000000 0.000000 0.000000 -1.000000 1 6.852904335e-06 1.943600364e-05
27 0.396814 0.059746 0.256838 0.805474 0.078576 0.243968 0.000000 0.000000 0.000000 -1.000000 1 4.363944754e-06 1.263502054e-05
27 0.395065 0.057105 0.255543 0.805474 0.078576 0.243968 0.000000 0.000000 0.000000 -1.000000 1 1.311791129e-05 3.713206388e-05
27 0.393259 0.054688 0.254356 0.805474 0.078576 0.243968 0.000000 0.000000 0.000000 -1.000000 1 1.989002340e-05 5.421997048e-05
27 0.391397 0.052484 0.253265 0.805474 0.078576 0.243968 0.000000 0.000000 0.000000 -1.000000 1 1.138704829e-05 3.268592991e-05
27 0.389482 0.050478 0.252262 0.805474 0.078576 0.243968 0.000000 0.000000 0.000000 -1.000000 1 1.192605123e-05 3.451900557e-05
27 0.387520 0.048654 0.251340 0.805474 0.078576 0.243968 0.000000 0.000000 0.000000 -1.000000 1 2.817949280e-06 8.080853149e-06
27 0.385523 0.046999 0.250491 0.805474 0.078576 0.243968 0.000000 0.000000 0.000000 -1.000000 1 2.393289469e-05 6.935303099e-05
27 0.383505 0.045500 0.249710 0.805474 0.078576 0.243968 0.000000 0.000000 0.000000 -1.000000 1 1.154001802e-05 3.336300142e-05
27 0.381481 0.044145 0.248990 0.805474 0.078576 0.243968 0.000000 0.000000 0.000000 -1.000000 1 1.402501948e-05 4.028016701e-05
27 0.379460 0.042933 0.248327 0.805474 0.078576 0.243968 0.000000 0.000000 0.000000 -1.000000 1 1.201406121e-05 3.320793621e-05
27 0.377445 0.041866 0.247713 0.805474 0.078576 0.243968 0.000000 0.000000 0.000000 -1.000000 1 1.147389412e-05 3.313994966e-05
27 0.375432 0.040940 0.247144 0.805474 0.078576 0.243968 0.000000 0.000000 0.000000 -1.000000 1 1.138402149e-05 3.363494761e-05
27 0.373417 0.040151 0.246614 0.805474 0.078576 0.243968 0.000000 0.000000 0.000000 -1.000000 1 1.156190410e-05 3.389990889e-05
27 0.371396 0.039493 0.246120 0.805474 0.078576 0.243968 0.000000 0.000000 0.000000 -1.000000 1 1.140497625e-05 3.391806968e-05
27 0.369361 0.038959 0.245657 0.805474 0.078576 0.243968 0.000000 0.000000 0.000000 -1.000000 1 1.130206510e-05 3.250292502e-05
27 0.367310 0.038530 0.245223 0.805474 0.078576 0.243968 0.000000 0.000000 0.000000 -1.000000 1 1.131696627e-05 3.273412585e-05
27 0.365244 0.038183 0.244817 0.805474 0.078576 0.243968 0.000000 0.000000 0.000000 -1.000000 1 1.168297604e-05 3.391318023e-05
28 0.360753 0.036785 0.246546 0.798861 0.057905 0.269355 0.000000 0.000000 0.000000 -1.000000 1 1.151300967e-05 3.400398418e-05
28 0.358976 0.035047 0.247996 0.798861 0.057905 0.269355 0.000000 0.000000 0.000000 -1.000000 1 1.357402653e-05 3.756908700e-05
28 0.357180 0.033433 0.249342 0.798861 0.057905 0.269355 0.000000 0.000000 0.000000 -1.000000 1 1.140590757e-05 3.230385482e-05
28 0.355370 0.031960 0.250588 0.798861 0.057905 0.269355 0.000000 0.000000 0.000000 -1.000000 1 1.170416363e-05 3.385194577e-05
28 0.353544 0.030650 0.251739 0.798861 0.057905 0.269355 0.000000 0.000000 0.000000 -1.000000 1 1.124083064e-05 3.432692029e-05
28 0.351696 0.029523 0.252799 0.798861 0.057905 0.269355 0.000000 0.000000 0.000000 -1.000000 1 1.157703809e-05 3.263796680e-05
28 0.349821 0.028595 0.253771 0.798861 0.057905 0.269355 0.000000 0.000000 0.000000 -1.000000 1 1.262011938e-05 3.488291986e-05
28 0.347916 0.027869 0.254660 0.798861 0.057905 0.269355 0.000000 0.000000 0.000000 -1.000000 1 1.135095954e-05 3.206101246e-05
28 0.345984 0.027334 0.255469 0.798861 0.057905 0.269355 0.000000 0.000000 0.000000 -1.000000 1 1.207785681e-05 3.394600935e-05
28 0.344035 0.026963 0.256205 0.798861 0.057905 0.269355 0.000000 0.000000 0.000000 -1.000000 1 1.126900315e-05 3.292807378e-05
28 0.342081 0.026717 0.256874 0.798861 0.057905 0.269355 0.000000 0.000000 0.000000 -1.000000 1 2.880115062e-06 8.068047464e-06
28 0.340137 0.026561 0.257484 0.798861 0.057905 0.269355 0.000000 0.000000 0.000000 -1.000000 1 2.791872248e-06 8.335104212e-06
28 0.338210 0.026461 0.258041 0.798861 0.057905 0.269355 0.000000 0.000000 0.000000 -1.000000 1 9.083887562e-06 2.554012462e-05
28 0.336303 0.026393 0.258550 0.798861 0.057905 0.269355 0.000000 0.000000 0.000000 -1.000000 1 1.151813194e-05 3.421818838e-05
28 0.334415 0.026349 0.259014 0.798861 0.057905 0.269355 0.000000 0.000000 0.000000 -1.000000 1 1.171790063e-05 3.420305438e-05
28 0.332537 0.026335 0.259437 0.798861 0.057905 0.269355 0.000000 0.000000 0.000000 -1.000000 1 1.155096106e-05 3.241910599e-05
28 0.330661 0.026360 0.259821 0.798861 0.057905 0.269355 0.000000 0.000000 0.000000 -1.000000 1 1.144106500e-05 3.286008723e-05
28 0.328781 0.026438 0.260167 0.798861 0.057905 0.269355 0.000000 0.000000 0.000000 -1.000000 1 1.161498949e-05 3.410410136e-05
28 0.326893 0.026578 0.260476 0.798861 0.057905 0.269355 0.000000 0.000000 0.000000 -1.000000 1 1.194188371e-05 3.318116069e-05
28 0.324997 0.026778 0.260750 0.798861 0.057905 0.269355 0.000000 0.000000 0.000000 -1.000000 1 1.173396595e-05 3.449316137e-05
29 0.323174 0.026122 0.258451 0.804033 0.047795 0.266457 0.000000 0.000000 0.000000 -1.000000 1 6.640097126e-06 1.888303086e-05
29 0.321311 0.025687 0.258647 0.804033 0.047795 0.266457 0.000000 0.000000 0.000000 -1.000000 1 5.715992302e-06 1.671211794e-05
29 0.319449 0.025316 0.258827 0.804033 0.047795 0.266457 0.000000 0.000000 0.000000 -1.000000 1 2.804910764e-06 8.226837963e-06
29 0.317587 0.024988 0.258992 0.804033 0.047795 0.266457 0.000000 0.000000 0.000000 -1.000000 1 9.014038369e-06 2.784584649e-05
29 0.315721 0.024697 0.259143 0.804033 0.047795 0.266457 0.000000 0.000000 0.000000 -1.000000 1 5.182111636e-06 1.553492621e-05
29 0.313851 0.024449 0.259280 0.804033 0.047795 0.266457 0.000000 0.000000 0.000000 -1.000000 1 5.159992725e-06 1.551816240e-05
29 0.311976 0.024256 0.259402 0.804033 0.047795 0.266457 0.000000 0.000000 0.000000 -1.000000 1 5.024950951e-06 1.502805389e-05
29 0.310093 0.024131 0.259510 0.804033 0.047795 0.266457 0.000000 0.000000 0.000000 -1.000000 1 8.702045307e-06 2.495385706e-05
29 0.308207 0.024082 0.259603 0.804033 0.047795 0.266457 0.000000 0.000000 0.000000 -1.000000 1 1.005013473e-05 2.862000838e-05
29 0.306325 0.024110 0.259681 0.804033 0.047795 0.266457 0.000000 0.000000 0.000000 -1.000000 1 1.217098907e-05 3.384589218e-05
29 0.304457 0.024207 0.259745 0.804033 0.047795 0.266457 0.000000 0.000000 0.000000 -1.000000 1 1.205410808e-05 3.381585702e-05
29 0.302614 0.024364 0.259795 0.804033 0.047795 0.266457 0.000000 0.000000 0.000000 -1.000000 1 1.142406836e-05 3.297906369e-05
29 0.300803 0.024582 0.259833 0.804033 0.047795 0.266457 0.000000 0.000000 0.000000 -1.000000 1 1.654913649e-05 5.438504741e-05
29 0.299024 0.024869 0.259858 0.804033 0.047795 0.266457 0.000000 0.000000 0.000000 -1.000000 1 1.186109148e-05 3.265589476e-05
29 0.297275 0.025234 0.259869 0.804033 0.047795 0.266457 0.000000 0.000000 0.000000 -1.000000 1 1.144898124e-05 3.233994357e-05
29 0.295549 0.025682 0.259866 0.804033 0.047795 0.266457 0.000000 0.000000 0.000000 -1.000000 1 1.175305806e-05 3.277999349e-05
29 0.293840 0.026220 0.259848 0.804033 0.047795 0.266457 0.000000 0.000000 0.000000 -1.000000 1 1.168507151e-05 3.223097883e-05
29 0.292144 0.026846 0.259814 0.804033 0.047795 0.266457 0.000000 0.000000 0.000000 -1.000000 1 1.189997420e-05 3.286800347e-05
29 0.290456 0.027551 0.259766 0.804033 0.047795 0.266457 0.000000 0.000000 0.000000 -1.000000 1 1.130998135e-05 3.289803863e-05
29 0.288775 0.028309 0.259705 0.804033 0.047795 0.266457 0.000000 0.000000 0.000000 -1.000000 1 1.158006489e-05 3.285612911e-05
30 0.287089 0.028246 0.261438 0.823224 0.042766 0.281698 0.000000 0.000000 0.000000 -1.000000 1 1.999200322e-05 5.491799675e-05
30 0.285415 0.028661 0.262379 0.823224 0.042766 0.281698 0.000000 0.000000 0.000000 -1.000000 1 1.171580516e-05 3.315205686e-05
30 0.283753 0.029093 0.263237 0.823224 0.042766 0.281698 0.000000 0.000000 0.000000 -1.000000 1 1.168996096e-05 3.336812370e-05
30 0.282104 0.029554 0.264018 0.823224 0.042766 0.281698 0.000000 0.000000 0.000000 -1.000000 1 1.151091419e-05 3.267498687e-05
30 0.280467 0.030067 0.264725 0.823224 0.042766 0.281698 0.000000 0.000000 0.000000 -1.000000 1 1.166295260e-05 3.251712769e-05
30 0.278840 0.030657 0.265362 0.823224 0.042766 0.281698 0.000000 0.000000 0.000000 -1.000000 1 1.173000783e-05 3.366312012e-05
30 0.277219 0.031344 0.265931 0.823224 0.042766 0.281698 0.000000 0.000000 0.000000 -1.000000 1 1.159892417e-05 3.242981620e-05
30 0.275603 0.032139 0.266436 0.823224 0.042766 0.281698 0.000000 0.000000 0.000000 -1.000000 1 1.164781861e-05 3.258092329e-05
30 0.273993 0.033034 0.266880 0.823224 0.042766 0.281698 0.000000 0.000000 0.000000 -1.000000 1 1.143594272e-05 3.363005817e-05
30 0.272392 0.034005 0.267268 0.823224 0.042766 0.281698 0.000000 0.000000 0.000000 -1.000000 1 1.152604818e-05 3.276090138e-05
30 0.270807 0.035020 0.267607 0.823224 0.042766 0.281698 0.000000 0.000000 0.000000 -1.000000 1 1.152604818e-05 3.223004751e-05
30 0.269245 0.036046 0.267901 0.823224 0.042766 0.281698 0.000000 0.000000 0.000000 -1.000000 1 1.172302291e-05 3.322702833e-05
30 0.267707 0.037052 0.268156 0.823224 0.042766 0.281698 0.000000 0.000000 0.000000 -1.000000 1 1.370906830e-05 3.735395148e-05
30 0.266195 0.038019 0.268378 0.823224 0.042766 0.281698 0.000000 0.000000 0.000000 -1.000000 1 1.146295108e-05 3.249198198e-05
30 0.264703 0.038944 0.268569 0.823224 0.042766 0.281698 0.000000 0.000000 0.000000 -1.000000 1 1.143012196e-05 3.477907740e-05
30 0.263225 0.039841 0.268732 0.823224 0.042766 0.281698 0.000000 0.000000 0.000000 -1.000000 1 1.143291593e-05 3.300490789e-05
30 0.261757 0.040732 0.268867 0.823224 0.042766 0.281698 0.000000 0.000000 0.000000 -1.000000 1 1.164991409e-05 3.257300705e-05
30 0.260294 0.041640 0.268975 0.823224 0.042766 0.281698 0.000000 0.000000 0.000000 -1.000000 1 8.820090443e-06 2.846703865e-05
30 0.258835 0.042578 0.269057 0.823224 0.042766 0.281698 0.000000 0.000000 0.000000 -1.000000 1 5.362089723e-06 1.590000466e-05
30 0.257379 0.043549 0.269114 0.823224 0.042766 0.281698 0.000000 0.000000 0.000000 -1.000000 1 5.240784958e-06 1.596496440e-05
31 0.255995 0.045052 0.266615 0.853185 0.046315 0.279741 0.000000 0.000000 0.000000 -1.000000 1 5.226116627e-06 1.531909220e-05
31 0.254569 0.046374 0.266620 0.853185 0.046315 0.279741 0.000000 0.000000 0.000000 -1.000000 1 1.132092439e-05 3.416906111e-05
31 0.253157 0.047660 0.266605 0.853185 0.046315 0.279741 0.000000 0.000000 0.000000 -1.000000 1 1.332000829e-05 4.026689567e-05
31 0.251752 0.048896 0.266571 0.853185 0.046315 0.279741 0.000000 0.000000 0.000000 -1.000000 1 2.755504102e-05 7.595284842e-05
31 0.250351 0.050084 0.266523 0.853185 0.046315 0.279741 0.000000 0.000000 0.000000 -1.000000 1 1.167994924e-05 3.313389607e-05
31 0.248955 0.051243 0.266459 0.853185 0.046315 0.279741 0.000000 0.000000 0.000000 -1.000000 1 1.151999459e-05 3.302004188e-05
31 0.247565 0.052399 0.266381 0.853185 0.046315 0.279741 0.000000 0.000000 0.000000 -1.000000 1 1.601991244e-05 4.735891707e-05
31 0.246187 0.053576 0.266287 0.853185 0.046315 0.279741 0.000000 0.000000 0.000000 -1.000000 1 1.143198460e-05 3.310013562e-05
31 0.244825 0.054791 0.266178 0.853185 0.046315 0.279741 0.000000 0.000000 0.000000 -1.000000 1 1.124897972e-05 3.193598241e-05
31 0.243484 0.056045 0.266055 0.853185 0.046315 0.279741 0.000000 0.000000 0.000000 -1.000000 1 1.485599205e-05 9.519606829e-05
31 0.242173 0.057329 0.265917 0.853185 0.046315 0.279741 0.000000 0.000000 0.000000 -1.000000 1 1.143896952e-05 3.384682350e-05
31 0.240896 0.058631 0.265769 0.853185 0.046315 0.279741 0.000000 0.000000 0.000000 -1.000000 1 1.166202128e-05 3.258395009e-05
31 0.239658 0.059949 0.265609 0.853185 0.046315 0.279741 0.000000 0.000000 0.000000 -1.000000 1 1.143617555e-05 3.293901682e-05
31 0.238463 0.061300 0.265438 0.853185 0.046315 0.279741 0.000000 0.000000 0.000000 -1.000000 1 1.164898276e-05 3.246497363e-05
31 0.237312 0.062704 0.265254 0.853185 0.046315 0.279741 0.000000 0.000000 0.000000 -1.000000 1 8.651055396e-06 2.353196032e-05
31 0.236202 0.064177 0.265058 0.853185 0.046315 0.279741 0.000000 0.000000 0.000000 -1.000000 1 7.989816368e-06 2.301693894e-05
31 0.235132 0.065730 0.264847 0.853185 0.046315 0.279741 0.000000 0.000000 0.000000 -1.000000 1 1.180288382e-05 3.299512900e-05
31 0.234096 0.067363 0.264622 0.853185 0.046315 0.279741 0.000000 0.000000 0.000000 -1.000000 1 1.078401692e-05 3.111991100e-05
31 0.233087 0.069061 0.264384 0.853185 0.046315 0.279741 0.000000 0.000000 0.000000 -1.000000 1 6.438000128e-06 1.814612187e-05
31 0.232097 0.070798 0.264132 0.853185 0.046315 0.279741 0.000000 0.000000 0.000000 -1.000000 1 8.044997230e-06 2.358993515e-05
32 0.231016 0.071561 0.264870 0.899482 0.039536 0.282128 0.000000 0.000000 0.000000 -1.000000 1 1.615216024e-05 4.915497266e-05
32 0.230025 0.073076 0.264613 0.899482 0.039536 0.282128 0.000000 0.000000 0.000000 -1.000000 1 1.764995977e-05 5.274894647e-05
32 0.229042 0.074566 0.264352 0.899482 0.039536 0.282128 0.000000 0.000000 0.000000 -1.000000 1 1.133396290e-05 3.329780884e-05
32 0.228069 0.076041 0.264085 0.899482 0.039536 0.282128 0.000000 0.000000 0.000000 -1.000000 1 1.166900620e-05 3.441097215e-05
32 0.227107 0.077521 0.263813 0.899482 0.039536 0.282128 0.000000 0.000000 0.000000 -1.000000 1 1.145806164e-05 3.248988651e-05
32 0.226161 0.079033 0.263535 0.899482 0.039536 0.282128 0.000000 0.000000 0.000000 -1.000000 1 1.185899600e-05 3.348593600e-05
32 0.225230 0.080599 0.263248 0.899482 0.039536 0.282128 0.000000 0.000000 0.000000 -1.000000 1 1.143291593e-05 3.438303247e-05
32 0.224316 0.082231 0.262952 0.899482 0.039536 0.282128 0.000000 0.000000 0.000000 -1.000000 1 1.139799133e-05 3.428920172e-05
32 0.223419 0.083923 0.262646 0.899482 0.039536 0.282128 0.000000 0.000000 0.000000 -1.000000 1 1.153093763e-05 3.443285823e-05
32 0.222537 0.085654 0.262333 0.899482 0.039536 0.282128 0.000000 0.000000 0.000000 -1.000000 1 1.208414324e-05 3.429315984e-05
32 0.221669 0.087389 0.262013 0.899482 0.039536 0.282128 0.000000 0.000000 0.000000 -1.000000 1 1.117796637e-05 3.256299533e-05
32 0.220814 0.089097 0.261689 0.899482 0.039536 0.282128 0.000000 0.000000 0.000000 -1.000000 1 1.820106991e-05 4.995916970e-05
32 0.219970 0.090751 0.261364 0.899482 0.039536 0.282128 0.000000 0.000000 0.000000 -1.000000 1 1.148111187e-05 3.255088814e-05
32 0.219135 0.092340 0.261039 0.899482 0.039536 0.282128 0.000000 0.000000 0.000000 -1.000000 1 1.167715527e-05 3.386219032e-05
32 0.218308 0.093870 0.260715 0.899482 0.039536 0.282128 0.000000 0.000000 0.000000 -1.000000 1 1.133908518e-05 3.973697312e-05
32 0.217490 0.095364 0.260391 0.899482 0.039536 0.282128 0.000000 0.000000 0.000000 -1.000000 1 1.160218380e-05 3.285799176e-05
32 0.216685 0.096856 0.260067 0.899482 0.039536 0.282128 0.000000 0.000000 0.000000 -1.000000 1 1.148902811e-05 3.402796574e-05
32 0.215897 0.098377 0.259741 0.899482 0.039536 0.282128 0.000000 0.000000 0.000000 -1.000000 1 1.154001802e-05 3.283703700e-05
32 0.215131 0.099949 0.259410 0.899482 0.039536 0.282128 0.000000 0.000000 0.000000 -1.000000 1 1.161382534e-05 3.409688361e-05
32 0.214388 0.101575 0.259075 0.899482 0.039536 0.282128 0.000000 0.000000 0.000000 -1.000000 1 1.144409180e-05 3.257696517e-05
33 0.213655 0.103639 0.260341 0.956579 0.040529 0.290001 0.000000 0.000000 0.000000 -1.000000 1 1.202081330e-05 3.333296627e-05
33 0.213022 0.105870 0.260296 0.956579 0.040529 0.290001 0.000000 0.000000 0.000000 -1.000000 1 1.125503331e-05 3.213994205e-05
33 0.212405 0.108056 0.260216 0.956579 0.040529 0.290001 0.000000 0.000000 0.000000 -1.000000 1 1.130183227e-05 3.248592839e-05
33 0.211791 0.110188 0.260104 0.956579 0.040529 0.290001 0.000000 0.000000 0.000000 -1.000000 1 1.311185770e-05 3.660586663e-05
33 0.211178 0.112276 0.259963 0.956579 0.040529 0.290001 0.000000 0.000000 0.000000 -1.000000 1 1.165200956e-05 3.403401934e-05
33 0.210569 0.114338 0.259795 0.956579 0.040529 0.290001 0.000000 0.000000 0.000000 -1.000000 1 1.186598092e-05 3.267102875e-05
33 0.209973 0.116400 0.259602 0.956579 0.040529 0.290001 0.000000 0.000000 0.000000 -1.000000 1 1.167505980e-05 3.228709102e-05
33 0.209399 0.118489 0.259385 0.956579 0.040529 0.290001 0.000000 0.000000 0.000000 -1.000000 1 1.153303310e-05 3.224494867e-05
33 0.208856 0.120621 0.259144 0.956579 0.040529 0.290001 0.000000 0.000000 0.000000 -1.000000 1 1.738802530e-05 4.878896289e-05
33 0.208350 0.122794 0.258880 0.956579 0.040529 0.290001 0.000000 0.000000 0.000000 -1.000000 1 1.142406836e-05 3.342912532e-05
33 0.207882 0.124995 0.258596 0.956579 0.040529 0.290001 0.000000 0.000000 0.000000 -1.000000 1 1.142499968e-05 3.237696365e-05
33 0.207453 0.127205 0.258293 0.956579 0.040529 0.290001 0.000000 0.000000 0.000000 -1.000000 1 1.135887578e-05 3.236904740e-05
33 0.207066 0.129423 0.257974 0.956579 0.040529 0.290001 0.000000 0.000000 0.000000 -1.000000 1 1.165294088e-05 3.287615255e-05
33 0.206731 0.131668 0.257638 0.956579 0.040529 0.290001 0.000000 0.000000 0.000000 -1.000000 1 1.158611849e-05 3.243610263e-05
33 0.206457 0.133966 0.257286 0.956579 0.040529 0.290001 0.000000 0.000000 0.000000 -1.000000 1 1.628301106e-05 4.811910912e-05
33 0.206249 0.136339 0.256916 0.956579 0.040529 0.290001 0.000000 0.000000 0.000000 -1.000000 1 1.701992005e-05 5.134195089e-05
33 0.206111 0.138800 0.256529 0.956579 0.040529 0.290001 0.000000 0.000000 0.000000 -1.000000 1 1.606787555e-05 4.886509851e-05
33 0.206037 0.141349 0.256122 0.956579 0.040529 0.290001 0.000000 0.000000 0.000000 -1.000000 1 1.976895146e-05 5.429307930e-05
33 0.206015 0.143964 0.255698 0.956579 0.040529 0.290001 0.000000 0.000000 0.000000 -1.000000 1 1.138215885e-05 3.241491504e-05
33 0.206025 0.146607 0.255257 0.956579 0.040529 0.290001 0.000000 0.000000 0.000000 -1.000000 1 1.276307739e-05 3.628898412e-05
34 0.205917 0.147866 0.252296 1.018528 0.018106 0.288530 0.000000 0.000000 0.000000 -1.000000 1 1.361290924e-05 3.943103366e-05
34 0.205785 0.149769 0.251669 1.018528 0.018106 0.288530 0.000000 0.000000 0.000000 -1.000000 1 1.124897972e-05 3.329291940e-05
34 0.205645 0.151651 0.251054 1.018528 0.018106 0.288530 0.000000 0.000000 0.000000 -1.000000 1 1.642503776e-05 3.857701086e-05
34 0.205503 0.153515 0.250451 1.018528 0.018106 0.288530 0.000000 0.000000 0.000000 -1.000000 1 1.151603647e-05 3.284704871e-05
34 0.205369 0.155382 0.249857 1.018528 0.018106 0.288530 0.000000 0.000000 0.000000 -1.000000 1 1.146900468e-05 3.337208182e-05
34 0.205255 0.157279 0.249272 1.018528 0.018106 0.288530 0.000000 0.000000 0.000000 -1.000000 1 1.965393312e-05 5.575804971e-05
34 0.205169 0.159230 0.248692 1.018528 0.018106 0.288530 0.000000 0.000000 0.000000 -1.000000 1 1.140311360e-05 3.393180668e-05
34 0.205120 0.161246 0.248116 1.018528 0.018106 0.288530 0.000000 0.000000 0.000000 -1.000000 1 1.140986569e-05 3.309082240e-05
34 0.205105 0.163321 0.247543 1.018528 0.018106 0.288530 0.000000 0.000000 0.000000 -1.000000 1 1.124409027e-05 3.212690353e-05
34 0.205117 0.165429 0.246973 1.018528 0.018106 0.288530 0.000000 0.000000 0.000000 -1.000000 1 1.152697951e-05 3.258907236e-05
34 0.205142 0.167533 0.246405 1.018528 0.018106 0.288530 0.000000 0.000000 0.000000 -1.000000 1 1.147715375e-05 3.228685819e-05
34 0.205168 0.169598 0.245842 1.018528 0.018106 0.288530 0.000000 0.000000 0.000000 -1.000000 1 1.138588414e-05 3.352994099e-05
34 0.205189 0.171603 0.245284 1.018528 0.018106 0.288530 0.000000 0.000000 0.000000 -1.000000 1 1.168600284e-05 3.300700337e-05
34 0.205204 0.173542 0.244734 1.018528 0.018106 0.288530 0.000000 0.000000 0.000000 -1.000000 1 1.128599979e-05 3.300304525e-05
34 0.205221 0.175436 0.244190 1.018528 0.018106 0.288530 0.000000 0.000000 0.000000 -1.000000 1 3.700144589e-06 1.056399196e-05
34 0.205259 0.177322 0.243652 1.018528 0.018106 0.288530 0.000000 0.000000 0.000000 -1.000000 1 3.029126674e-06 8.801929653e-06
34 0.205339 0.179247 0.243118 1.018528 0.018106 0.288530 0.000000 0.000000 0.000000 -1.000000 1 5.081063136e-06 1.418800093e-05
34 0.205483 0.181255 0.242585 1.018528 0.018106 0.288530 0.000000 0.000000 0.000000 -1.000000 1 1.174397767e-05 3.460096195e-05
34 0.205706 0.183372 0.242052 1.018528 0.018106 0.288530 0.000000 0.000000 0.000000 -1.000000 1 1.170602627e-05 3.401399590e-05
34 0.206000 0.185581 0.241516 1.018528 0.018106 0.288530 0.000000 0.000000 0.000000 -1.000000 1 1.153605990e-05 3.232993186e-05
35 0.206210 0.187820 0.242835 1.098556 0.007476 0.307824 0.000000 0.000000 0.000000 -1.000000 1 1.168507151e-05 3.257417120e-05
35 0.206504 0.190034 0.243217 1.098556 0.007476 0.307824 0.000000 0.000000 0.000000 -1.000000 1 1.154397614e-05 3.443309106e-05
35 0.206801 0.192205 0.243524 1.098556 0.007476 0.307824 0.000000 0.000000 0.000000 -1.000000 1 1.245085150e-05 3.732205369e-05
35 0.207091 0.194334 0.243762 1.098556 0.007476 0.307824 0.000000 0.000000 0.000000 -1.000000 1 1.120497473e-05 3.348384053e-05
35 0.207367 0.196420 0.243937 1.098556 0.007476 0.307824 0.000000 0.000000 0.000000 -1.000000 1 2.088979818e-05 8.427584544e-05
35 0.207629 0.198465 0.244054 1.098556 0.007476 0.307824 0.000000 0.000000 0.000000 -1.000000 1 1.157494262e-05 3.239396028e-05
35 0.207886 0.200469 0.244116 1.098556 0.007476 0.307824 0.000000 0.000000 0.000000 -1.000000 1 1.616682857e-05 4.932004958e-05
35 0.208144 0.202434 0.244128 1.098556 0.007476 0.307824 0.000000 0.000000 0.000000 -1.000000 1 1.623295248e-05 4.789186642e-05
35 0.208409 0.204360 0.244093 1.098556 0.007476 0.307824 0.000000 0.000000 0.000000 -1.000000 1 1.617404632e-05 4.742993042e-05
35 0.208686 0.206249 0.244015 1.098556 0.007476 0.307824 0.000000 0.000000 0.000000 -1.000000 1 1.355004497e-05 3.943918273e-05
35 0.208976 0.208099 0.243900 1.098556 0.007476 0.307824 0.000000 0.000000 0.000000 -1.000000 1 1.202011481e-05 3.496999852e-05
35 0.209282 0.209914 0.243752 1.098556 0.007476 0.307824 0.000000 0.000000 0.000000 -1.000000 1 1.118495129e-05 3.239000216e-05
35 0.209611 0.211692 0.243573 1.098556 0.007476 0.307824 0.000000 0.000000 0.000000 -1.000000 1 1.167203300e-05 3.341794945e-05
35 0.209978 0.213436 0.243366 1.098556 0.007476 0.307824 0.000000 0.000000 0.000000 -1.000000 1 2.775108442e-06 7.966998965e-06
35 0.210394 0.215145 0.243132 1.098556 0.007476 0.307824 0.000000 0.000000 0.000000 -1.000000 1 6.805872545e-06 1.929095015e-05
35 0.210867 0.216820 0.242873 1.098556 0.007476 0.307824 0.000000 0.000000 0.000000 -1.000000 1 4.366971552e-06 1.294002868e-05
35 0.211397 0.218462 0.242589 1.098556 0.007476 0.307824 0.000000 0.000000 0.000000 -1.000000 1 4.411907867e-06 1.249718480e-05
35 0.211977 0.220072 0.242282 1.098556 0.007476 0.307824 0.000000 0.000000 0.000000 -1.000000 1 4.690140486e-06 1.300894655e-05
35 0.212591 0.221650 0.241954 1.098556 0.007476 0.307824 0.000000 0.000000 0.000000 -1.000000 1 5.631940439e-06 1.540803351e-05
35 0.213217 0.223197 0.241608 1.098556 0.007476 0.307824 0.000000 0.000000 0.000000 -1.000000 1 7.071997970e-06 2.021202818e-05
36 0.213294 0.223525 0.243328 1.167502 -0.022946 0.337249 0.000000 0.000000 0.000000 -1.000000 1 5.029141903e-06 1.409603283e-05
36 0.213778 0.225035 0.244643 1.167502 -0.022946 0.337249 0.000000 0.000000 0.000000 -1.000000 1 7.244059816e-06 2.030213363e-05
36 0.214278 0.226515 0.245820 1.167502 -0.022946 0.337249 0.000000 0.000000 0.000000 -1.000000 1 7.705995813e-06 2.179294825e-05
36 0.214822 0.227966 0.246867 1.167502 -0.022946 0.337249 0.000000 0.000000 0.000000 -1.000000 1 9.634066373e-06 2.727215178e-05
36 0.215427 0.229388 0.247794 1.167502 -0.022946 0.337249 0.000000 0.000000 0.000000 -1.000000 1 1.078308560e-05 3.044190817e-05
36 0.216098 0.230782 0.248610 1.167502 -0.022946 0.337249 0.000000 0.000000 0.000000 -1.000000 1 9.321840480e-06 2.661999315e-05
36 0.216838 0.232149 0.249322 1.167502 -0.022946 0.337249 0.000000 0.000000 0.000000 -1.000000 1 5.336944014e-06 1.510302536e-05
36 0.217641 0.233488 0.249937 1.167502 -0.022946 0.337249 0.000000 0.000000 0.000000 -1.000000 1 4.342058674e-06 1.215795055e-05
36 0.218495 0.234801 0.250464 1.167502 -0.022946 0.337249 0.000000 0.000000 0.000000 -1.000000 1 4.046829417e-06 1.126597635e-05
36 0.219383 0.236088 0.250911 1.167502 -0.022946 0.337249 0.000000 0.000000 0.000000 -1.000000 1 4.144851118e-06 1.208600588e-05
36 0.220285 0.237350 0.251284 1.167502 -0.022946 0.337249 0.000000 0.000000 0.000000 -1.000000 1 1.144292764e-05 3.310618922e-05
36 0.221184 0.238587 0.251593 1.167502 -0.022946 0.337249 0.000000 0.000000 0.000000 -1.000000 1 1.067086123e-05 2.923700958e-05
36 0.222069 0.239800 0.251843 1.167502 -0.022946 0.337249 0.000000 0.000000 0.000000 -1.000000 1 1.016003080e-05 2.854596823e-05
36 0.222941 0.240988 0.252041 1.167502 -0.022946 0.337249 0.000000 0.000000 0.000000 -1.000000 1 1.696101390e-05 5.184509791e-05
36 0.223809 0.242153 0.252189 1.167502 -0.022946 0.337249 0.000000 0.000000 0.000000 -1.000000 1 1.292582601e-05 4.009902477e-05
36 0.224695 0.243295 0.252291 1.167502 -0.022946 0.337249 0.000000 0.000000 0.000000 -1.000000 1 1.641386189e-05 4.833308049e-05
36 0.225619 0.244415 0.252349 1.167502 -0.022946 0.337249 0.000000 0.000000 0.000000 -1.000000 1 1.928186975e-05 5.855108611e-05
36 0.226603 0.245512 0.252363 1.167502 -0.022946 0.337249 0.000000 0.000000 0.000000 -1.000000 1 5.069887266e-06 1.515913755e-05
36 0.227655 0.246588 0.252337 1.167502 -0.022946 0.337249 0.000000 0.000000 0.000000 -1.000000 1 1.592608169e-05 4.889094271e-05
36 0.228749 0.247642 0.252273 1.167502 -0.022946 0.337249 0.000000 0.000000 0.000000 -1.000000 1 1.181196421e-05 3.321701661e-05
37 0.229600 0.247488 0.249631 1.257458 -0.067199 0.340240 0.000000 0.000000 0.000000 -1.000000 1 8.580973372e-06 2.445699647e-05
37 0.230658 0.248525 0.249309 1.257458 -0.067199 0.340240 0.000000 0.000000 0.000000 -1.000000 1 9.950017557e-06 2.841604874e-05
37 0.231685 0.249541 0.248974 1.257458 -0.067199 0.340240 0.000000 0.000000 0.000000 -1.000000 1 1.157098450e-05 3.286008723e-05
37 0.232676 0.250537 0.248626 1.257458 -0.067199 0.340240 0.000000 0.000000 0.000000 -1.000000 1 1.174514182e-05 3.337603994e-05
37 0.233631 0.251514 0.248267 1.257458 -0.067199 0.340240 0.000000 0.000000 0.000000 -1.000000 1 1.361384057e-05 3.444519825e-05
37 0.234550 0.252471 0.247897 1.257458 -0.067199 0.340240 0.000000 0.000000 0.000000 -1.000000 1 1.327088103e-05 3.429385833e-05
37 0.235441 0.253409 0.247516 1.257458 -0.067199 0.340240 0.000000 0.000000 0.000000 -1.000000 1 1.151696779e-05 3.265100531e-05
37 0.236322 0.254329 0.247124 1.257458 -0.067199 0.340240 0.000000 0.000000 0.000000 -1.000000 1 1.633912325e-05 4.921015352e-05
37 0.237201 0.255231 0.246721 1.257458 -0.067199 0.340240 0.000000 0.000000 0.000000 -1.000000 1 1.679407433e-05 5.029584281e-05
37 0.238079 0.256115 0.246309 1.257458 -0.067199 0.340240 0.000000 0.000000 0.000000 -1.000000 1 7.774913684e-06 2.196291462e-05
37 0.238954 0.256981 0.245889 1.257458 -0.067199 0.340240 0.000000 0.000000 0.000000 -1.000000 1 8.993083611e-06 2.505700104e-05
37 0.239826 0.257830 0.245464 1.257458 -0.067199 0.340240 0.000000 0.000000 0.000000 -1.000000 1 1.068017446e-05 3.163306974e-05
37 0.240706 0.258663 0.245034 1.257458 -0.067199 0.340240 0.000000 0.000000 0.000000 -1.000000 1 1.187599264e-05 3.410899080e-05
37 0.241618 0.259479 0.244598 1.257458 -0.067199 0.340240 0.000000 0.000000 0.000000 -1.000000 1 1.441198401e-05 3.991695121e-05
37 0.242586 0.260279 0.244156 1.257458 -0.067199 0.340240 0.000000 0.000000 0.000000 -1.000000 1 1.122080721e-05 3.357394598e-05
37 0.243625 0.261063 0.243706 1.257458 -0.067199 0.340240 0.000000 0.000000 0.000000 -1.000000 1 1.149298623e-05 3.280094825e-05
37 0.244738 0.261832 0.243246 1.257458 -0.067199 0.340240 0.000000 0.000000 0.000000 -1.000000 1 1.136586070e-05 3.278604709e-05
37 0.245920 0.262585 0.242776 1.257458 -0.067199 0.340240 0.000000 0.000000 0.000000 -1.000000 1 1.155887730e-05 3.390596248e-05
37 0.247152 0.263324 0.242297 1.257458 -0.067199 0.340240 0.000000 0.000000 0.000000 -1.000000 1 1.135701314e-05 3.290292807e-05
37 0.248405 0.264048 0.241809 1.257458 -0.067199 0.340240 0.000000 0.000000 0.000000 -1.000000 1 1.143384725e-05 3.392505459e-05
38 0.248815 0.263570 0.243739 1.322109 -0.109025 0.385010 0.000000 0.000000 0.000000 -1.000000 1 1.218798570e-05 3.350106999e-05
38 0.249785 0.264289 0.245978 1.322109 -0.109025 0.385010 0.000000 0.000000 0.000000 -1.000000 1 1.142290421e-05 3.273296170e-05
38 0.250789 0.264994 0.248011 1.322109 -0.109025 0.385010 0.000000 0.000000 0.000000 -1.000000 1 1.613004133e-05 4.839012399e-05
38 0.251857 0.265685 0.249852 1.322109 -0.109025 0.385010 0.000000 0.000000 0.000000 -1.000000 1 1.155515201e-05 3.372714855e-05
38 0.253007 0.266363 0.251513 1.322109 -0.109025 0.385010 0.000000 0.000000 0.000000 -1.000000 1 1.144804992e-05 3.258604556e-05
38 0.254249 0.267027 0.253006 1.322109 -0.109025 0.385010 0.000000 0.000000 0.000000 -1.000000 1 1.297984272e-05 3.684801050e-05
38 0.255589 0.267678 0.254342 1.322109 -0.109025 0.385010 0.000000 0.000000 0.000000 -1.000000 1 1.168111339e-05 3.290199675e-05
38 0.257023 0.268316 0.255529 1.322109 -0.109025 0.385010 0.000000 0.000000 0.000000 -1.000000 1 1.156702638e-05 3.297510557e-05
38 0.258537 0.268941 0.256578 1.322109 -0.109025 0.385010 0.000000 0.000000 0.000000 -1.000000 1 1.143198460e-05 3.248080611e-05
38 0.260105 0.269555 0.257500 1.322109 -0.109025 0.385010 0.000000 0.000000 0.000000 -1.000000 1 1.147692092e-05 3.275787458e-05
38 0.261697 0.270156 0.258306 1.322109 -0.109025 0.385010 0.000000 0.000000 0.000000 -1.000000 1 2.253800631e-05 6.784917787e-05
38 0.263288 0.270745 0.259007 1.322109 -0.109025 0.385010 0.000000 0.000000 0.000000 -1.000000 1 1.643598080e-05 4.970584996e-05
38 0.264859 0.271322 0.259613 1.322109 -0.109025 0.385010 0.000000 0.000000 0.000000 -1.000000 1 1.191301271e-05 3.442913294e-05
38 0.266410 0.271889 0.260131 1.322109 -0.109025 0.385010 0.000000 0.000000 0.000000 -1.000000 1 1.156493090e-05 3.288709559e-05
38 0.267960 0.272444 0.260568 1.322109 -0.109025 0.385010 0.000000 0.000000 0.000000 -1.000000 1 1.129508018e-05 3.325706348e-05
38 0.269539 0.272988 0.260927 1.322109 -0.109025 0.385010 0.000000 0.000000 0.000000 -1.000000 1 1.150206663e-05 3.240001388e-05
38 0.271180 0.273521 0.261211 1.322109 -0.109025 0.385010 0.000000 0.000000 0.000000 -1.000000 1 1.191417687e-05 3.339606337e-05
38 0.272914 0.274044 0.261421 1.322109 -0.109025 0.385010 0.000000 0.000000 0.000000 -1.000000 1 1.694797538e-05 5.103810690e-05
38 0.274751 0.274556 0.261560 1.322109 -0.109025 0.385010 0.000000 0.000000 0.000000 -1.000000 1 1.505995169e-05 4.620710388e-05
38 0.276643 0.275058 0.261634 1.322109 -0.109025 0.385010 0.000000 0.000000 0.000000 -1.000000 1 1.193606295e-05 3.355694935e-05
39 0.278143 0.274363 0.258768 1.397768 -0.172385 0.375490 0.000000 0.000000 0.000000 -1.000000 1 1.139496453e-05 3.279210068e-05
39 0.280088 0.274869 0.257556 1.397768 -0.172385 0.375490 0.000000 0.000000 0.000000 -1.000000 1 1.143012196e-05 3.346311860e-05
39 0.281971 0.275365 0.256380 1.397768 -0.172385 0.375490 0.000000 0.000000 0.000000 -1.000000 1 1.394911669e-05 4.095397890e-05
39 0.283796 0.275852 0.255239 1.397768 -0.172385 0.375490 0.000000 0.000000 0.000000 -1.000000 1 1.181499101e-05 3.343890421e-05
39 0.285571 0.276328 0.254129 1.397768 -0.172385 0.375490 0.000000 0.000000 0.000000 -1.000000 1 1.142290421e-05 3.218394704e-05
39 0.287308 0.276796 0.253046 1.397768 -0.172385 0.375490 0.000000 0.000000 0.000000 -1.000000 1 1.140683889e-05 3.239908256e-05
39 0.289017 0.277254 0.251989 1.397768 -0.172385 0.375490 0.000000 0.000000 0.000000 -1.000000 1 1.220195554e-05 3.535603173e-05
39 0.290718 0.277703 0.250952 1.397768 -0.172385 0.375490 0.000000 0.000000 0.000000 -1.000000 1 2.008210868e-05 5.454896018e-05
39 0.292424 0.278143 0.249933 1.397768 -0.172385 0.375490 0.000000 0.000000 0.000000 -1.000000 1 1.184409484e-05 3.350898623e-05
39 0.294131 0.278575 0.248932 1.397768 -0.172385 0.375490 0.000000 0.000000 0.000000 -1.000000 1 1.284899190e-05 3.657001071e-05
39 0.295829 0.278998 0.247947 1.397768 -0.172385 0.375490 0.000000 0.000000 0.000000 -1.000000 1 1.154094934e-05 3.273808397e-05
39 0.297513 0.279412 0.246980 1.397768 -0.172385 0.375490 0.000000 0.000000 0.000000 -1.000000 1 1.158402301e-05 3.310292959e-05
39 0.299193 0.279819 0.246028 1.397768 -0.172385 0.375490 0.000000 0.000000 0.000000 -1.000000 1 1.152697951e-05 3.371806815e-05
39 0.300905 0.280217 0.245090 1.397768 -0.172385 0.375490 0.000000 0.000000 0.000000 -1.000000 1 1.117284410e-05 3.393203951e-05
39 0.302684 0.280608 0.244161 1.397768 -0.172385 0.375490 0.000000 0.000000 0.000000 -1.000000 1 1.186295412e-05 3.397907130e-05
39 0.304559 0.280990 0.243236 1.397768 -0.172385 0.375490 0.000000 0.000000 0.000000 -1.000000 1 1.143501140e-05 3.220001236e-05
39 0.306540 0.281366 0.242310 1.397768 -0.172385 0.375490 0.000000 0.000000 0.000000 -1.000000 1 1.189205796e-05 3.341399133e-05
39 0.308625 0.281734 0.241382 1.397768 -0.172385 0.375490 0.000000 0.000000 0.000000 -1.000000 1 1.160218380e-05 3.352691419e-05
39 0.310793 0.282094 0.240449 1.397768 -0.172385 0.375490 0.000000 0.000000 0.000000 -1.000000 1 1.179799438e-05 3.426289186e-05
39 0.313011 0.282448 0.239512 1.397768 -0.172385 0.375490 0.000000 0.000000 0.000000 -1.000000 1 1.997896470e-05 5.452707410e-05
40 0.313991 0.281606 0.241089 1.447185 -0.217235 0.422437 0.000000 0.000000 0.000000 -1.000000 1 1.135817729e-05 3.287591971e-05
40 0.315834 0.281969 0.243029 1.447185 -0.217235 0.422437 0.000000 0.000000 0.000000 -1.000000 1 1.136795618e-05 3.221305087e-05
40 0.317717 0.282325 0.244766 1.447185 -0.217235 0.422437 0.000000 0.000000 0.000000 -1.000000 1 1.111696474e-05 3.272807226e-05
40 0.319676 0.282674 0.246311 1.447185 -0.217235 0.422437 0.000000 0.000000 0.000000 -1.000000 1 1.136888750e-05 3.347895108e-05
40 0.321736 0.283016 0.247673 1.447185 -0.217235 0.422437 0.000000 0.000000 0.000000 -1.000000 1 1.193000935e-05 3.295787610e-05
40 0.323916 0.283351 0.248862 1.447185 -0.217235 0.422437 0.000000 0.000000 0.000000 -1.000000 1 7.225899026e-06 2.060295083e-05
40 0.326228 0.283680 0.249884 1.447185 -0.217235 0.422437 0.000000 0.000000 0.000000 -1.000000 1 1.186504960e-05 3.260094672e-05
40 0.328677 0.284002 0.250746 1.447185 -0.217235 0.422437 0.000000 0.000000 0.000000 -1.000000 1 2.871034667e-06 7.946975529e-06
40 0.331245 0.284318 0.251457 1.447185 -0.217235 0.422437 0.000000 0.000000 0.000000 -1.000000 1 1.148413867e-05 3.357091919e-05
40 0.333898 0.284628 0.252026 1.447185 -0.217235 0.422437 0.000000 0.000000 0.000000 -1.000000 1 1.135980710e-05 3.313506022e-05
40 0.336595 0.284931 0.252465 1.447185 -0.217235 0.422437 0.000000 0.000000 0.000000 -1.000000 1 1.130299643e-05 3.478210419e-05
40 0.339301 0.285229 0.252786 1.447185 -0.217235 0.422437 0.000000 0.000000 0.000000 -1.000000 1 1.187599264e-05 3.374484368e-05
40 0.341988 0.285520 0.253000 1.447185 -0.217235 0.422437 0.000000 0.000000 0.000000 -1.000000 1 1.158798113e-05 3.284588456e-05
40 0.344655 0.285806 0.253116 1.447185 -0.217235 0.422437 0.000000 0.000000 0.000000 -1.000000 1 1.158984378e-05 3.236019984e-05
40 0.347335 0.286086 0.253138 1.447185 -0.217235 0.422437 0.000000 0.000000 0.000000 -1.000000 1 1.141009852e-05 3.188499250e-05
40 0.350078 0.286361 0.253069 1.447185 -0.217235 0.422437 0.000000 0.000000 0.000000 -1.000000 1 8.756062016e-06 2.618506551e-05
40 0.352938 0.286630 0.252907 1.447185 -0.217235 0.422437 0.000000 0.000000 0.000000 -1.000000 1 1.864205115e-05 5.546002649e-05
40 0.355964 0.286894 0.252650 1.447185 -0.217235 0.422437 0.000000 0.000000 0.000000 -1.000000 1 1.624994911e-05 5.674408749e-05
40 0.359174 0.287153 0.252297 1.447185 -0.217235 0.422437 0.000000 0.000000 0.000000 -1.000000 1 1.205806620e-05 3.649899736e-05
40 0.362499 0.287407 0.251856 1.447185 -0.217235 0.422437 0.000000 0.000000 0.000000 -1.000000 1 8.947914466e-06 2.714409493e-05
41 0.365204 0.286467 0.248310 1.495464 -0.286595 0.402481 0.000000 0.000000 0.000000 -1.000000 1 3.758119419e-06 1.055002213e-05
41 0.368755 0.286734 0.245847 1.495464 -0.286595 0.402481 0.000000 0.000000 0.000000 -1.000000 1 1.972401515e-05 5.934014916e-05
41 0.372216 0.286996 0.243447 1.495464 -0.286595 0.402481 0.000000 0.000000 0.000000 -1.000000 1 8.433125913e-06 2.358201891e-05
41 0.375603 0.287253 0.241104 1.495464 -0.286595 0.402481 0.000000 0.000000 0.000000 -1.000000 1 1.130695455e-05 3.262702376e-05
41 0.378947 0.287504 0.238813 1.495464 -0.286595 0.402481 0.000000 0.000000 0.000000 -1.000000 1 1.128995791e-05 3.200699575e-05
41 0.382277 0.287751 0.236567 1.495464 -0.286595 0.402481 0.000000 0.000000 0.000000 -1.000000 1 1.141917892e-05 3.239489160e-05
41 0.385623 0.287993 0.234361 1.495464 -0.286595 0.402481 0.000000 0.000000 0.000000 -1.000000 1 9.436858818e-06 2.776412293e-05
41 0.389014 0.288230 0.232188 1.495464 -0.286595 0.402481 0.000000 0.000000 0.000000 -1.000000 1 1.131789759e-05 3.364495933e-05
41 0.392475 0.288462 0.230042 1.495464 -0.286595 0.402481 0.000000 0.000000 0.000000 -1.000000 1 9.455019608e-06 2.315104939e-05
41 0.395993 0.288690 0.227918 1.495464 -0.286595 0.402481 0.000000 0.000000 0.000000 -1.000000 1 6.709014997e-06 1.876312308e-05
41 0.399535 0.288913 0.225815 1.495464 -0.286595 0.402481 0.000000 0.000000 0.000000 -1.000000 1 1.161894761e-05 3.239791840e-05
41 0.403072 0.289132 0.223732 1.495464 -0.286595 0.402481 0.000000 0.000000 0.000000 -1.000000 1 2.102600411e-05 5.750101991e-05
41 0.406614 0.289347 0.221669 1.495464 -0.286595 0.402481 0.000000 0.000000 0.000000 -1.000000 1 2.873130143e-06 8.050119504e-06
41 0.410215 0.289557 0.219618 1.495464 -0.286595 0.402481 0.000000 0.000000 0.000000 -1.000000 1 1.388206147e-05 3.829412162e-05
41 0.413936 0.289763 0.217574 1.495464 -0.286595 0.402481 0.000000 0.000000 0.000000 -1.000000 1 1.134700142e-05 3.229500726e-05
41 0.417834 0.289966 0.215526 1.495464 -0.286595 0.402481 0.000000 0.000000 0.000000 -1.000000 1 1.034396701e-05 3.127590753e-05
41 0.421939 0.290164 0.213468 1.495464 -0.286595 0.402481 0.000000 0.000000 0.000000 -1.000000 1 8.628005162e-06 2.627889626e-05
41 0.426268 0.290358 0.211393 1.495464 -0.286595 0.402481 0.000000 0.000000 0.000000 -1.000000 1 1.640594564e-05 4.953588359e-05
41 0.430815 0.290549 0.209295 1.495464 -0.286595 0.402481 0.000000 0.000000 0.000000 -1.000000 1 2.031284384e-05 5.519296974e-05
41 0.435532 0.290735 0.207172 1.495464 -0.286595 0.402481 0.000000 0.000000 0.000000 -1.000000 1 1.002405770e-05 2.879812382e-05
42 0.438279 0.289730 0.207676 1.518491 -0.328521 0.446400 0.000000 0.000000 0.000000 -1.000000 1 1.164805144e-05 3.264704719e-05
42 0.442578 0.289933 0.208236 1.518491 -0.328521 0.446400 0.000000 0.000000 0.000000 -1.000000 1 1.169997267e-05 3.262003884e-05
42 0.446971 0.290132 0.208604 1.518491 -0.328521 0.446400 0.000000 0.000000 0.000000 -1.000000 1 8.964911103e-06 2.614292316e-05
42 0.451535 0.290326 0.208789 1.518491 -0.328521 0.446400 0.000000 0.000000 0.000000 -1.000000 1 1.202290878e-05 3.494205885e-05
42 0.456345 0.290517 0.208793 1.518491 -0.328521 0.446400 0.000000 0.000000 0.000000 -1.000000 1 1.170416363e-05 3.255996853e-05
42 0.461446 0.290705 0.208615 1.518491 -0.328521 0.446400 0.000000 0.000000 0.000000 -1.000000 1 5.505047739e-06 1.612911001e-05
42 0.466876 0.290888 0.208255 1.518491 -0.328521 0.446400 0.000000 0.000000 0.000000 -1.000000 1 4.593981430e-06 1.244805753e-05
42 0.472651 0.291068 0.207712 1.518491 -0.328521 0.446400 0.000000 0.000000 0.000000 -1.000000 1 1.155096106e-05 3.213109449e-05
42 0.478753 0.291244 0.206985 1.518491 -0.328521 0.446400 0.000000 0.000000 0.000000 -1.000000 1 1.220987178e-05 3.319606185e-05
42 0.485131 0.291417 0.206078 1.518491 -0.328521 0.446400 0.000000 0.000000 0.000000 -1.000000 1 1.530000009e-05 4.254002124e-05
42 0.491723 0.291586 0.204999 1.518491 -0.328521 0.446400 0.000000 0.000000 0.000000 -1.000000 1 1.352303661e-05 3.694579937e-05
42 0.498481 0.291752 0.203757 1.518491 -0.328521 0.446400 0.000000 0.000000 0.000000 -1.000000 1 1.147296280e-05 3.193505108e-05
42 0.505356 0.291915 0.202362 1.518491 -0.328521 0.446400 0.000000 0.000000 0.000000 -1.000000 1 9.949086234e-06 2.749101259e-05
42 0.512353 0.292074 0.200823 1.518491 -0.328521 0.446400 0.000000 0.000000 0.000000 -1.000000 1 1.186714508e-05 3.295205534e-05
42 0.519553 0.292231 0.199146 1.518491 -0.328521 0.446400 0.000000 0.000000 0.000000 -1.000000 1 1.139892265e-05 3.236508928e-05
42 0.527096 0.292384 0.197331 1.518491 -0.328521 0.446400 0.000000 0.000000 0.000000 -1.000000 1 1.075398177e-05 3.009103239e-05
42 0.535131 0.292534 0.195377 1.518491 -0.328521 0.446400 0.000000 0.000000 0.000000 -1.000000 1 7.673865184e-06 2.237316221e-05
42 0.543794 0.292681 0.193281 1.518491 -0.328521 0.446400 0.000000 0.000000 0.000000 -1.000000 1 1.786509529e-05 5.343090743e-05
42 0.552799 0.292824 0.192183 1.518491 -0.328521 0.446400 0.000000 0.000000 0.000000 -1.000000 1 1.741689630e-05 5.153589882e-05
42 0.561630 0.292961 0.193370 1.518491 -0.328521 0.446400 0.000000 0.000000 0.000000 -1.000000 1 1.789117232e-05 5.215383135e-05
43 0.569080 0.291908 0.193441 1.523239 -0.408657 0.404470 0.000000 0.000000 0.000000 -1.000000 1 8.044997230e-06 2.260599285e-05
43 0.577590 0.292064 0.197205 1.523239 -0.408657 0.404470 0.000000 0.000000 0.000000 -1.000000 1 2.906192094e-06 7.975148037e-06
43 0.585931 0.292197 0.202098 1.523239 -0.408657 0.404470 0.000000 0.000000 0.000000 -1.000000 1 6.712041795e-06 1.884391531e-05
43 0.594106 0.292050 0.206975 1.523239 -0.408657 0.404470 0.000000 0.000000 0.000000 -1.000000 1 6.992835552e-06 1.956196502e-05
43 0.602119 0.291533 0.211481 1.523239 -0.408657 0.404470 0.000000 0.000000 0.000000 -1.000000 1 6.193993613e-06 1.754611731e-05
43 0.609974 0.290637 0.215660 1.523239 -0.408657 0.404470 0.000000 0.000000 0.000000 -1.000000 1 7.177935913e-06 2.001901157e-05
43 0.617674 0.289356 0.219553 1.523239 -0.408657 0.404470 0.000000 0.000000 0.000000 -1.000000 1 7.045920938e-06 1.996383071e-05
43 0.625223 0.287686 0.223196 1.523239 -0.408657 0.404470 0.000000 0.000000 0.000000 -1.000000 1 2.026581205e-05 5.380017683e-05
43 0.632622 0.285625 0.226622 1.523239 -0.408657 0.404470 0.000000 0.000000 0.000000 -1.000000 1 1.130485907e-05 3.208103590e-05
43 0.639875 0.283185 0.229856 1.523239 -0.408657 0.404470 0.000000 0.000000 0.000000 -1.000000 1 1.163501292e-05 3.250897862e-05
43 0.646984 0.280417 0.232910 1.523239 -0.408657 0.404470 0.000000 0.000000 0.000000 -1.000000 1 1.166714355e-05 3.226497211e-05
43 0.653954 0.277421 0.235782 1.523239 -0.408657 0.404470 0.000000 0.000000 0.000000 -1.000000 1 1.140497625e-05 3.194715828e-05
43 0.660786 0.274247 0.238477 1.523239 -0.408657 0.404470 0.000000 0.000000 0.000000 -1.000000 1 1.332815737e-05 3.557186574e-05
43 0.667483 0.270880 0.241021 1.523239 -0.408657 0.404470 0.000000 0.000000 0.000000 -1.000000 1 9.388197213e-06 2.603209578e-05
43 0.674047 0.267284 0.243442 1.523239 -0.408657 0.404470 0.000000 0.000000 0.000000 -1.000000 1 1.155305654e-05 3.265612759e-05
43 0.680482 0.263424 0.245766 1.523239 -0.408657 0.404470 0.000000 0.000000 0.000000 -1.000000 1 1.158402301e-05 3.240909427e-05
43 0.686791 0.259273 0.248014 1.523239 -0.408657 0.404470 0.000000 0.000000 0.000000 -1.000000 1 9.608920664e-06 2.673896961e-05
43 0.692974 0.254817 0.250205 1.523239 -0.408657 0.404470 0.000000 0.000000 0.000000 -1.000000 1 1.182314008e-05 3.488291986e-05
43 0.699036 0.250050 0.252352 1.523239 -0.408657 0.404470 0.000000 0.000000 0.000000 -1.000000 1 1.163291745e-05 3.313203342e-05
43 0.704977 0.244979 0.254463 1.523239 -0.408657 0.404470 0.000000 0.000000 0.000000 -1.000000 1 1.217890531e-05 3.330293112e-05
44 0.706842 0.239181 0.258060 1.487758 -0.464013 0.427770 0.000000 0.000000 0.000000 -1.000000 1 1.134886406e-05 3.322819248e-05
44 0.712629 0.233895 0.260867 1.487758 -0.464013 0.427770 0.000000 0.000000 0.000000 -1.000000 1 1.721386798e-05 5.202204920e-05
44 0.718303 0.228470 0.263549 1.487758 -0.464013 0.427770 0.000000 0.000000 0.000000 -1.000000 1 1.188111492e-05 3.289291635e-05
44 0.723864 0.222867 0.266130 1.487758 -0.464013 0.427770 0.000000 0.000000 0.000000 -1.000000 1 1.134094782e-05 3.179698251e-05
44 0.729316 0.216996 0.268646 1.487758 -0.464013 0.427770 0.000000 0.000000 0.000000 -1.000000 1 1.316284761e-05 3.772997297e-05
44 0.734660 0.210794 0.271127 1.487758 -0.464013 0.427770 0.000000 0.000000 0.000000 -1.000000 1 1.151510514e-05 3.328081220e-05
44 0.739898 0.204225 0.273592 1.487758 -0.464013 0.427770 0.000000 0.000000 0.000000 -1.000000 1 1.167808659e-05 3.280909732e-05
44 0.745033 0.197269 0.276058 1.487758 -0.464013 0.427770 0.000000 0.000000 0.000000 -1.000000 1 1.165084541e-05 3.353902139e-05
44 0.750067 0.189939 0.278528 1.487758 -0.464013 0.427770 0.000000 0.000000 0.000000 -1.000000 1 1.146807335e-05 3.366894089e-05
44 0.755001 0.182274 0.280999 1.487758 -0.464013 0.427770 0.000000 0.000000 0.000000 -1.000000 1 2.302392386e-05 6.777304225e-05
44 0.759838 0.174325 0.283463 1.487758 -0.464013 0.427770 0.000000 0.000000 0.000000 -1.000000 1 1.630699262e-05 4.953099415e-05
44 0.764580 0.166163 0.285908 1.487758 -0.464013 0.427770 0.000000 0.000000 0.000000 -1.000000 1 1.790793613e-05 5.146698095e-05
44 0.769227 0.157877 0.288315 1.487758 -0.464013 0.427770 0.000000 0.000000 0.000000 -1.000000 1 6.718095392e-06 1.906906255e-05
44 0.773783 0.149503 0.290679 1.487758 -0.464013 0.427770 0.000000 0.000000 0.000000 -1.000000 1 1.155491918e-05 3.494811244e-05
44 0.778250 0.141009 0.293013 1.487758 -0.464013 0.427770 0.000000 0.000000 0.000000 -1.000000 1 1.160497777e-05 3.221794032e-05
44 0.782628 0.132374 0.295433 1.487758 -0.464013 0.427770 0.000000 0.000000 0.000000 -1.000000 1 1.135002822e-05 3.350619227e-05
44 0.786920 0.123833 0.299358 1.487758 -0.464013 0.427770 0.000000 0.000000 0.000000 -1.000000 1 1.158798113e-05 3.271689638e-05
44 0.791127 0.115461 0.305633 1.487758 -0.464013 0.427770 0.000000 0.000000 0.000000 -1.000000 1 1.281709410e-05 3.494997509e-05
44 0.795251 0.107255 0.314420 1.487758 -0.464013 0.427770 0.000000 0.000000 0.000000 -1.000000 1 1.167319715e-05 3.236811608e-05
44 0.799294 0.099215 0.323135 1.487758 -0.464013 0.427770 0.000000 0.000000 0.000000 -1.000000 1 9.470852092e-06 2.710311674e-05
45 0.799296 0.091333 0.325531 1.385572 -0.589621 0.331206 0.000000 0.000000 0.000000 -1.000000 1 1.148111187e-05 3.254506737e-05
45 0.803258 0.083607 0.325967 1.385572 -0.589621 0.331206 0.000000 0.000000 0.000000 -1.000000 1 3.621913493e-06 1.025106758e-05
45 0.807142 0.076034 0.326370 1.385572 -0.589621 0.331206 0.000000 0.000000 0.000000 -1.000000 1 2.810033038e-06 7.807044312e-06
45 0.810950 0.068610 0.326742 1.385572 -0.589621 0.331206 0.000000 0.000000 0.000000 -1.000000 1 7.706228644e-06 2.133799717e-05
45 0.814682 0.061333 0.327085 1.385572 -0.589621 0.331206 0.000000 0.000000 0.000000 -1.000000 1 6.681075320e-06 1.905392855e-05
45 0.818341 0.054199 0.327402 1.385572 -0.589621 0.331206 0.000000 0.000000 0.000000 -1.000000 1 6.268033758e-06 1.765787601e-05
45 0.821927 0.047206 0.327694 1.385572 -0.589621 0.331206 0.000000 0.000000 0.000000 -1.000000 1 8.372124285e-06 2.350891009e-05
45 0.825443 0.040351 0.327964 1.385572 -0.589621 0.331206 0.000000 0.000000 0.000000 -1.000000 1 1.137400977e-05 3.023399040e-05
45 0.828889 0.033632 0.328214 1.385572 -0.589621 0.331206 0.000000 0.000000 0.000000 -1.000000 1 4.615169019e-06 1.316005364e-05
45 0.832267 0.027045 0.328444 1.385572 -0.589621 0.331206 0.000000 0.000000 0.000000 -1.000000 1 4.475004971e-06 1.328298822e-05
45 0.835579 0.020588 0.328656 1.385572 -0.589621 0.331206 0.000000 0.000000 0.000000 -1.000000 1 1.619500108e-05 4.930794239e-05
45 0.838825 0.014259 0.328852 1.385572 -0.589621 0.331206 0.000000 0.000000 0.000000 -1.000000 1 1.607602462e-05 4.819291644e-05
45 0.842007 0.008055 0.329033 1.385572 -0.589621 0.331206 0.000000 0.000000 0.000000 -1.000000 1 1.134909689e-05 3.169407137e-05
45 0.845126 0.001973 0.329200 1.385572 -0.589621 0.331206 0.000000 0.000000 0.000000 -1.000000 1 1.020403579e-05 2.890382893e-05
45 0.848184 -0.003989 0.329354 1.385572 -0.589621 0.331206 0.000000 0.000000 0.000000 -1.000000 1 1.045200042e-05 3.005703911e-05
45 0.851181 -0.009833 0.329497 1.385572 -0.589621 0.331206 0.000000 0.000000 0.000000 -1.000000 1 5.990965292e-06 1.699104905e-05
45 0.854119 -0.015562 0.329628 1.385572 -0.589621 0.331206 0.000000 0.000000 0.000000 -1.000000 1 6.121117622e-06 1.813285053e-05
45 0.856999 -0.021177 0.329749 1.385572 -0.589621 0.331206 0.000000 0.000000 0.000000 -1.000000 1 1.157098450e-05 3.489782102e-05
45 0.859822 -0.026682 0.329861 1.385572 -0.589621 0.331206 0.000000 0.000000 0.000000 -1.000000 1 1.675286330e-05 4.919711500e-05
45 0.862590 -0.032078 0.329965 1.385572 -0.589621 0.331206 0.000000 0.000000 0.000000 -1.000000 1 1.687509939e-05 5.056196824e-05
46 0.861342 -0.037368 0.324959 1.226039 -0.689909 0.225586 0.000000 0.000000 0.000000 -1.000000 1 1.039984636e-05 3.121001646e-05
46 0.864080 -0.042553 0.317319 1.226039 -0.689909 0.225586 0.000000 0.000000 0.000000 -1.000000 1 1.231301576e-05 3.654207103e-05
46 0.866763 -0.047635 0.310267 1.226039 -0.689909 0.225586 0.000000 0.000000 0.000000 -1.000000 1 1.052790321e-05 3.053690307e-05
46 0.869394 -0.052618 0.303756 1.226039 -0.689909 0.225586 0.000000 0.000000 0.000000 -1.000000 1 1.914403401e-05 5.146907642e-05
46 0.871972 -0.057502 0.297746 1.226039 -0.689909 0.225586 0.000000 0.000000 0.000000 -1.000000 1 1.120893285e-05 3.165891394e-05
46 0.874500 -0.062289 0.292198 1.226039 -0.689909 0.225586 0.000000 0.000000 0.000000 -1.000000 1 1.168297604e-05 3.219000064e-05
46 0.876977 -0.066982 0.287077 1.226039 -0.689909 0.225586 0.000000 0.000000 0.000000 -1.000000 1 1.133210026e-05 3.224215470e-05
46 0.879406 -0.071583 0.282349 1.226039 -0.689909 0.225586 0.000000 0.000000 0.000000 -1.000000 1 5.068024620e-06 1.430511475e-05
46 0.881787 -0.076092 0.277985 1.226039 -0.689909 0.225586 0.000000 0.000000 0.000000 -1.000000 1 5.060108379e-06 1.406902447e-05
46 0.884121 -0.080513 0.273956 1.226039 -0.689909 0.225586 0.000000 0.000000 0.000000 -1.000000 1 1.142499968e-05 3.260979429e-05
46 0.886408 -0.084846 0.270237 1.226039 -0.689909 0.225586 0.000000 0.000000 0.000000 -1.000000 1 1.186993904e-05 3.298604861e-05
46 0.888651 -0.089094 0.266805 1.226039 -0.689909 0.225586 0.000000 0.000000 0.000000 -1.000000 1 1.128413714e-05 3.205193207e-05
46 0.890849 -0.093258 0.263635 1.226039 -0.689909 0.225586 0.000000 0.000000 0.000000 -1.000000 1 7.952097803e-06 2.362299711e-05
46 0.893004 -0.097339 0.260710 1.226039 -0.689909 0.225586 0.000000 0.000000 0.000000 -1.000000 1 7.272930816e-06 2.081110142e-05
46 0.895117 -0.101340 0.258010 1.226039 -0.689909 0.225586 0.000000 0.000000 0.000000 -1.000000 1 1.135095954e-05 3.205402754e-05
46 0.897187 -0.105263 0.255517 1.226039 -0.689909 0.225586 0.000000 0.000000 0.000000 -1.000000 1 1.248391345e-05 3.543891944e-05
46 0.899217 -0.109107 0.253216 1.226039 -0.689909 0.225586 0.000000 0.000000 0.000000 -1.000000 1 1.063104719e-05 2.968404442e-05
46 0.901207 -0.112876 0.251091 1.226039 -0.689909 0.225586 0.000000 0.000000 0.000000 -1.000000 1 1.144199632e-05 3.231014125e-05
46 0.903157 -0.116570 0.249130 1.226039 -0.689909 0.225586 0.000000 0.000000 0.000000 -1.000000 1 1.645297743e-05 3.844616003e-05
46 0.905069 -0.120192 0.247320 1.226039 -0.689909 0.225586 0.000000 0.000000 0.000000 -1.000000 1 1.104502007e-05 3.113294952e-05
47 0.902983 -0.123741 0.240027 1.000907 -0.744348 0.083916 0.000000 0.000000 0.000000 -1.000000 1 1.532095484e-05 4.025502130e-05
47 0.904899 -0.127221 0.228025 1.000907 -0.744348 0.083916 0.000000 0.000000 0.000000 -1.000000 1 1.149903983e-05 3.267312422e-05
47 0.906776 -0.130632 0.216945 1.000907 -0.744348 0.083916 0.000000 0.000000 0.000000 -1.000000 1 1.145713031e-05 3.232597373e-05
47 0.908617 -0.133976 0.206717 1.000907 -0.744348 0.083916 0.000000 0.000000 0.000000 -1.000000 1 1.138099469e-05 3.298395313e-05
47 0.910421 -0.137253 0.197276 1.000907 -0.744348 0.083916 0.000000 0.000000 0.000000 -1.000000 1 1.141382381e-05 3.307801671e-05
47 0.912189 -0.140466 0.188560 1.000907 -0.744348 0.083916 0.000000 0.000000 0.000000 -1.000000 1 1.151394099e-05 3.255601041e-05
47 0.913923 -0.143616 0.180515 1.000907 -0.744348 0.083916 0.000000 0.000000 0.000000 -1.000000 1 1.183408312e-05 3.224285319e-05
47 0.915623 -0.146703 0.173088 1.000907 -0.744348 0.083916 0.000000 0.000000 0.000000 -1.000000 1 1.138704829e-05 3.267498687e-05
47 0.917288 -0.149730 0.166232 1.000907 -0.744348 0.083916 0.000000 0.000000 0.000000 -1.000000 1 1.148320735e-05 3.238790669e-05
47 0.918921 -0.152696 0.159903 1.000907 -0.744348 0.083916 0.000000 0.000000 0.000000 -1.000000 1 7.601920515e-06 2.147094347e-05
47 0.920522 -0.155605 0.154061 1.000907 -0.744348 0.083916 0.000000 0.000000 0.000000 -1.000000 1 5.793990567e-06 1.673819497e-05
47 0.922091 -0.158455 0.148668 1.000907 -0.744348 0.083916 0.000000 0.000000 0.000000 -1.000000 1 2.870103344e-06 8.141854778e-06
47 0.923629 -0.161250 0.143690 1.000907 -0.744348 0.083916 0.000000 0.000000 0.000000 -1.000000 1 1.716311090e-05 5.029211752e-05
47 0.925137 -0.163989 0.139094 1.000907 -0.744348 0.083916 0.000000 0.000000 0.000000 -1.000000 1 1.675100066e-05 4.949001595e-05
47 0.926615 -0.166674 0.134852 1.000907 -0.744348 0.083916 0.000000 0.000000 0.000000 -1.000000 1 1.353095286e-05 3.661517985e-05
47 0.928064 -0.169306 0.130935 1.000907 -0.744348 0.083916 0.000000 0.000000 0.000000 -1.000000 1 6.611924618e-06 2.236408181e-05
47 0.929484 -0.171887 0.127320 1.000907 -0.744348 0.083916 0.000000 0.000000 0.000000 -1.000000 1 1.155701466e-05 3.294297494e-05
47 0.930876 -0.174416 0.123983 1.000907 -0.744348 0.083916 0.000000 0.000000 0.000000 -1.000000 1 7.244059816e-06 1.982389949e-05
47 0.932241 -0.176895 0.120903 1.000907 -0.744348 0.083916 0.000000 0.000000 0.000000 -1.000000 1 5.075009540e-06 1.436099410e-05
47 0.933579 -0.179325 0.118059 1.000907 -0.744348 0.083916 0.000000 0.000000 0.000000 -1.000000 1 9.849900380e-06 2.807518467e-05
48 0.928197 -0.180520 0.118966 0.832732 -0.681469 0.149739 0.000000 0.000000 0.000000 -1.000000 1 1.143408008e-05 3.180396743e-05
48 0.920857 -0.182879 0.121332 0.832732 -0.681469 0.149739 0.000000 0.000000 0.000000 -1.000000 1 2.885935828e-06 8.016824722e-06
48 0.914082 -0.185191 0.123516 0.832732 -0.681469 0.149739 0.000000 0.000000 0.000000 -1.000000 1 9.373994544e-06 2.484093420e-05
48 0.907827 -0.187458 0.125532 0.832732 -0.681469 0.149739 0.000000 0.000000 0.000000 -1.000000 1 1.137494110e-05 3.247195855e-05
48 0.902054 -0.189679 0.127393 0.832732 -0.681469 0.149739 0.000000 0.000000 0.000000 -1.000000 1 6.705988199e-06 1.890514977e-05
48 0.896724 -0.191857 0.129111 0.832732 -0.681469 0.149739 0.000000 0.000000 0.000000 -1.000000 1 7.953029126e-06 2.221600153e-05
48 0.891804 -0.193992 0.130697 0.832732 -0.681469 0.149739 0.000000 0.000000 0.000000 -1.000000 1 1.148413867e-05 3.240793012e-05
48 0.887262 -0.196085 0.132161 0.832732 -0.681469 0.149739 0.000000 0.000000 0.000000 -1.000000 1 1.123617403e-05 3.160396591e-05
48 0.883070 -0.198137 0.133513 0.832732 -0.681469 0.149739 0.000000 0.000000 0.000000 -1.000000 1 7.675960660e-06 2.194987610e-05
48 0.879200 -0.200148 0.134760 0.832732 -0.681469 0.149739 0.000000 0.000000 0.000000 -1.000000 1 3.098044544e-06 8.245930076e-06
48 0.875627 -0.202119 0.135912 0.832732 -0.681469 0.149739 0.000000 0.000000 0.000000 -1.000000 1 2.785818651e-06 7.841968909e-06
48 0.872329 -0.204052 0.136975 0.832732 -0.681469 0.149739 0.000000 0.000000 0.000000 -1.000000 1 8.405884728e-06 2.541695721e-05
48 0.869285 -0.205946 0.137956 0.832732 -0.681469 0.149739 0.000000 0.000000 0.000000 -1.000000 1 9.901123121e-06 2.844282426e-05
48 0.866474 -0.207803 0.138862 0.832732 -0.681469 0.149739 0.000000 0.000000 0.000000 -1.000000 1 1.125596464e-05 3.204098903e-05
48 0.863880 -0.209623 0.139698 0.832732 -0.681469 0.149739 0.000000 0.000000 0.000000 -1.000000 1 2.026511356e-05 5.686818622e-05
48 0.861485 -0.211407 0.140470 0.832732 -0.681469 0.149739 0.000000 0.000000 0.000000 -1.000000 1 1.125806011e-05 3.186380491e-05
48 0.859275 -0.213156 0.141183 0.832732 -0.681469 0.149739 0.000000 0.000000 0.000000 -1.000000 1 1.234095544e-05 3.278604709e-05
48 0.857234 -0.214871 0.141841 0.832732 -0.681469 0.149739 0.000000 0.000000 0.000000 -1.000000 1 1.110299490e-05 3.192992881e-05
48 0.855350 -0.216552 0.142448 0.832732 -0.681469 0.149739 0.000000 0.000000 0.000000 -1.000000 1 8.401926607e-06 2.340506762e-05
48 0.853611 -0.218199 0.143009 0.832732 -0.681469 0.149739 0.000000 0.000000 0.000000 -1.000000 1 1.068203710e-05 2.974201925e-05
49 0.842673 -0.218626 0.139671 0.584556 -0.632487 0.083052 0.000000 0.000000 0.000000 -1.000000 1 5.980953574e-06 1.663807780e-05
49 0.822828 -0.220232 0.135318 0.584556 -0.632487 0.083052 0.000000 0.000000 0.000000 -1.000000 1 3.031920642e-06 8.550938219e-06
49 0.804508 -0.221807 0.131300 0.584556 -0.632487 0.083052 0.000000 0.000000 0.000000 -1.000000 1 2.909917384e-06 8.335104212e-06
49 0.787598 -0.223351 0.127590 0.584556 -0.632487 0.083052 0.000000 0.000000 0.000000 -1.000000 1 4.310859367e-06 1.238798723e-05
49 0.771987 -0.224864 0.124166 0.584556 -0.632487 0.083052 0.000000 0.000000 0.000000 -1.000000 1 4.397006705e-06 1.210905612e-05
49 0.757577 -0.226348 0.121005 0.584556 -0.632487 0.083052 0.000000 0.000000 0.000000 -1.000000 1 5.385838449e-06 1.745694317e-05
49 0.744274 -0.227802 0.118087 0.584556 -0.632487 0.083052 0.000000 0.000000 0.000000 -1.000000 1 4.667788744e-06 1.298193820e-05
49 0.731994 -0.229227 0.115393 0.584556 -0.632487 0.083052 0.000000 0.000000 0.000000 -1.000000 1 3.565102816e-06 1.023104414e-05
49 0.720659 -0.230624 0.112907 0.584556 -0.632487 0.083052 0.000000 0.000000 0.000000 -1.000000 1 2.887099981e-06 7.883878425e-06
49 0.710195 -0.231994 0.110612 0.584556 -0.632487 0.083052 0.000000 0.000000 0.000000 -1.000000 1 2.790940925e-06 7.841968909e-06
49 0.700535 -0.233337 0.108493 0.584556 -0.632487 0.083052 0.000000 0.000000 0.000000 -1.000000 1 2.929009497e-06 7.972819731e-06
49 0.691618 -0.234653 0.106537 0.584556 -0.632487 0.083052 0.000000 0.000000 0.000000 -1.000000 1 9.580049664e-06 2.836296335e-05
49 0.683387 -0.235943 0.104731 0.584556 -0.632487 0.083052 0.000000 0.000000 0.000000 -1.000000 1 5.555106327e-06 1.561013050e-05
49 0.675788 -0.237207 0.103064 0.584556 -0.632487 0.083052 0.000000 0.000000 0.000000 -1.000000 1 1.174095087e-05 3.220909275e-05
49 0.668774 -0.238447 0.101526 0.584556 -0.632487 0.083052 0.000000 0.000000 0.000000 -1.000000 1 1.132115722e-05 3.196392208e-05
49 0.662299 -0.239662 0.100106 0.584556 -0.632487 0.083052 0.000000 0.000000 0.000000 -1.000000 1 7.434980944e-06 2.089398913e-05
49 0.656322 -0.240854 0.098794 0.584556 -0.632487 0.083052 0.000000 0.000000 0.000000 -1.000000 1 9.095063433e-06 2.539088018e-05
49 0.650804 -0.242021 0.097584 0.584556 -0.632487 0.083052 0.000000 0.000000 0.000000 -1.000000 1 1.168600284e-05 3.209291026e-05
49 0.645711 -0.243166 0.096467 0.584556 -0.632487 0.083052 0.000000 0.000000 0.000000 -1.000000 1 1.174607314e-05 3.204192035e-05
49 0.641009 -0.244288 0.095435 0.584556 -0.632487 0.083052 0.000000 0.000000 0.000000 -1.000000 1 1.144502312e-05 3.272411413e-05
50 0.629766 -0.244200 0.099235 0.410201 -0.531389 0.205320 0.000000 0.000000 0.000000 -1.000000 1 5.122041330e-06 1.423899084e-05
50 0.612885 -0.245301 0.107391 0.410201 -0.531389 0.205320 0.000000 0.000000 0.000000 -1.000000 1 4.895962775e-06 1.404504292e-05
50 0.597302 -0.246381 0.114920 0.410201 -0.531389 0.205320 0.000000 0.000000 0.000000 -1.000000 1 1.121289097e-05 3.167707473e-05
50 0.582917 -0.247440 0.121871 0.410201 -0.531389 0.205320 0.000000 0.000000 0.000000 -1.000000 1 1.224316657e-05 3.375392407e-05
50 0.569638 -0.248478 0.128286 0.410201 -0.531389 0.205320 0.000000 0.000000 0.000000 -1.000000 1 1.055886969e-05 2.938997932e-05
50 0.557380 -0.249495 0.134209 0.410201 -0.531389 0.205320 0.000000 0.000000 0.000000 -1.000000 1 1.165294088e-05 3.223586828e-05
50 0.546064 -0.250492 0.139676 0.410201 -0.531389 0.205320 0.000000 0.000000 0.000000 -1.000000 1 1.166807488e-05 3.271386959e-05
50 0.535619 -0.251469 0.144723 0.410201 -0.531389 0.205320 0.000000 0.000000 0.000000 -1.000000 1 1.155398786e-05 3.225705586e-05
50 0.525976 -0.252427 0.149382 0.410201 -0.531389 0.205320 0.000000 0.000000 0.000000 -1.000000 1 2.186908387e-05 5.945516750e-05
50 0.517075 -0.253367 0.153683 0.410201 -0.531389 0.205320 0.000000 0.000000 0.000000 -1.000000 1 1.143710688e-05 3.203004599e-05
50 0.508858 -0.254287 0.157653 0.410201 -0.531389 0.205320 0.000000 0.000000 0.000000 -1.000000 1 1.189997420e-05 3.302004188e-05
50 0.501273 -0.255190 0.161318 0.410201 -0.531389 0.205320 0.000000 0.000000 0.000000 -1.000000 1 1.142802648e-05 3.243004903e-05
50 0.494271 -0.256074 0.164701 0.410201 -0.531389 0.205320 0.000000 0.000000 0.000000 -1.000000 1 1.125899144e-05 3.207009286e-05
50 0.487807 -0.256942 0.167824 0.410201 -0.531389 0.205320 0.000000 0.000000 0.000000 -1.000000 1 1.124595292e-05 3.516185097e-05
50 0.481841 -0.257792 0.170707 0.410201 -0.531389 0.205320 0.000000 0.000000 0.000000 -1.000000 1 1.121405512e-05 3.173598088e-05
50 0.476333 -0.258625 0.173368 0.410201 -0.531389 0.205320 0.000000 0.000000 0.000000 -1.000000 1 1.186598092e-05 3.334693611e-05
50 0.471248 -0.259442 0.175824 0.410201 -0.531389 0.205320 0.000000 0.000000 0.000000 -1.000000 1 1.159287058e-05 3.312807530e-05
50 0.466555 -0.260243 0.178092 0.410201 -0.531389 0.205320 0.000000 0.000000 0.000000 -1.000000 1 1.182896085e-05 3.252318129e-05
50 0.462222 -0.261028 0.180186 0.410201 -0.531389 0.205320 0.000000 0.000000 0.000000 -1.000000 1 1.160800457e-05 3.189197741e-05
50 0.458223 -0.261797 0.182118 0.410201 -0.531389 0.205320 0.000000 0.000000 0.000000 -1.000000 1 1.137889922e-05 3.268802539e-05
51 0.446714 -0.261363 0.179221 0.184958 -0.451070 0.112244 0.000000 0.000000 0.000000 -1.000000 1 1.376681030e-05 3.752205521e-05
51 0.426589 -0.262126 0.174072 0.184958 -0.451070 0.112244 0.000000 0.000000 0.000000 -1.000000 1 1.146784052e-05 3.286497667e-05
51 0.408011 -0.262874 0.169318 0.184958 -0.451070 0.112244 0.000000 0.000000 0.000000 -1.000000 1 1.733796671e-05 5.212891847e-05
51 0.390862 -0.263607 0.164930 0.184958 -0.451070 0.112244 0.000000 0.000000 0.000000 -1.000000 1 1.148390584e-05 3.322493285e-05
51 0.375032 -0.264325 0.160880 0.184958 -0.451070 0.112244 0.000000 0.000000 0.000000 -1.000000 1 1.157401130e-05 3.238604404e-05
51 0.360418 -0.265029 0.157140 0.184958 -0.451070 0.112244 0.000000 0.000000 0.000000 -1.000000 1 1.761922613e-05 5.300017074e-05
51 0.346928 -0.265720 0.153689 0.184958 -0.451070 0.112244 0.000000 0.000000 0.000000 -1.000000 1 9.207986295e-06 2.714805305e-05
51 0.334475 -0.266397 0.150502 0.184958 -0.451070 0.112244 0.000000 0.000000 0.000000 -1.000000 1 1.683295704e-05 4.915287718e-05
51 0.322980 -0.267060 0.147561 0.184958 -0.451070 0.112244 0.000000 0.000000 0.000000 -1.000000 1 1.602317207e-05 4.874705337e-05
51 0.312368 -0.267710 0.144845 0.184958 -0.451070 0.112244 0.000000 0.000000 0.000000 -1.000000 1 1.151394099e-05 3.295508213e-05
51 0.302572 -0.268348 0.142339 0.184958 -0.451070 0.112244 0.000000 0.000000 0.000000 -1.000000 1 1.170113683e-05 3.235880286e-05
51 0.293530 -0.268973 0.140025 0.184958 -0.451070 0.112244 0.000000 0.000000 0.000000 -1.000000 1 1.154793426e-05 3.247102723e-05
51 0.285182 -0.269585 0.137889 0.184958 -0.451070 0.112244 0.000000 0.000000 0.000000 -1.000000 1 1.167505980e-05 3.245216794e-05
51 0.277477 -0.270186 0.135917 0.184958 -0.451070 0.112244 0.000000 0.000000 0.000000 -1.000000 1 1.158192754e-05 3.254297189e-05
51 0.270364 -0.270774 0.134097 0.184958 -0.451070 0.112244 0.000000 0.000000 0.000000 -1.000000 1 1.158891246e-05 3.247102723e-05
51 0.263797 -0.271351 0.132417 0.184958 -0.451070 0.112244 0.000000 0.000000 0.000000 -1.000000 1 1.159613021e-05 3.195507452e-05
51 0.257736 -0.271917 0.130866 0.184958 -0.451070 0.112244 0.000000 0.000000 0.000000 -1.000000 1 1.152511686e-05 3.235694021e-05
51 0.252141 -0.272471 0.129434 0.184958 -0.451070 0.112244 0.000000 0.000000 0.000000 -1.000000 1 1.377495937e-05 3.772787750e-05
51 0.246975 -0.273015 0.128113 0.184958 -0.451070 0.112244 0.000000 0.000000 0.000000 -1.000000 1 1.176982187e-05 3.254809417e-05
51 0.242207 -0.273548 0.126893 0.184958 -0.451070 0.112244 0.000000 0.000000 0.000000 -1.000000 1 1.186691225e-05 3.252807073e-05
52 0.233782 -0.272882 0.128052 0.099054 -0.320800 0.132396 0.000000 0.000000 0.000000 -1.000000 1 1.147994772e-05 3.297207877e-05
52 0.223424 -0.273417 0.128386 0.099054 -0.320800 0.132396 0.000000 0.000000 0.000000 -1.000000 1 1.140590757e-05 3.265799023e-05
52 0.213862 -0.273942 0.128695 0.099054 -0.320800 0.132396 0.000000 0.000000 0.000000 -1.000000 1 1.981598325e-05 5.977298133e-05
52 0.205035 -0.274456 0.128979 0.099054 -0.320800 0.132396 0.000000 0.000000 0.000000 -1.000000 1 1.144502312e-05 3.197486512e-05
52 0.196887 -0.274961 0.129242 0.099054 -0.320800 0.132396 0.000000 0.000000 0.000000 -1.000000 1 1.174816862e-05 3.267196007e-05
52 0.189365 -0.275455 0.129484 0.099054 -0.320800 0.132396 0.000000 0.000000 0.000000 -1.000000 1 1.128693111e-05 3.188895062e-05
52 0.182422 -0.275940 0.129708 0.099054 -0.320800 0.132396 0.000000 0.000000 0.000000 -1.000000 1 1.754006371e-05 3.818213008e-05
52 0.176012 -0.276415 0.129915 0.099054 -0.320800 0.132396 0.000000 0.000000 0.000000 -1.000000 1 1.123594120e-05 3.159488551e-05
52 0.170095 -0.276880 0.130106 0.099054 -0.320800 0.132396 0.000000 0.000000 0.000000 -1.000000 1 1.147482544e-05 3.251293674e-05
52 0.164633 -0.277337 0.130282 0.099054 -0.320800 0.132396 0.000000 0.000000 0.000000 -1.000000 1 1.178006642e-05 3.289012238e-05
52 0.159591 -0.277784 0.130444 0.099054 -0.320800 0.132396 0.000000 0.000000 0.000000 -1.000000 1 1.146108843e-05 3.281701356e-05
52 0.154937 -0.278223 0.130594 0.099054 -0.320800 0.132396 0.000000 0.000000 0.000000 -1.000000 1 2.125790343e-05 4.180218093e-05
52 0.150640 -0.278653 0.130733 0.099054 -0.320800 0.132396 0.000000 0.000000 0.000000 -1.000000 1 1.145503484e-05 3.180489875e-05
52 0.146674 -0.279074 0.130861 0.099054 -0.320800 0.132396 0.000000 0.000000 0.000000 -1.000000 1 1.143617555e-05 3.382493742e-05
52 0.143013 -0.279487 0.130979 0.099054 -0.320800 0.132396 0.000000 0.000000 0.000000 -1.000000 1 1.309206709e-05 3.645895049e-05
52 0.139633 -0.279892 0.131088 0.099054 -0.320800 0.132396 0.000000 0.000000 0.000000 -1.000000 1 1.144013368e-05 3.207894042e-05
52 0.136513 -0.280289 0.131188 0.099054 -0.320800 0.132396 0.000000 0.000000 0.000000 -1.000000 1 1.164991409e-05 3.275694326e-05
52 0.133633 -0.280678 0.131281 0.099054 -0.320800 0.132396 0.000000 0.000000 0.000000 -1.000000 1 1.155002974e-05 3.179209307e-05
52 0.130975 -0.281060 0.131367 0.099054 -0.320800 0.132396 0.000000 0.000000 0.000000 -1.000000 1 1.229904592e-05 3.502890468e-05
52 0.128521 -0.281434 0.131446 0.099054 -0.320800 0.132396 0.000000 0.000000 0.000000 -1.000000 1 1.981202513e-05 5.369610153e-05
53 0.123454 -0.279114 0.127626 0.064156 -0.222234 0.061343 0.000000 0.000000 0.000000 -1.000000 1 1.159217209e-05 3.216601908e-05
53 0.118895 -0.274741 0.122530 0.064156 -0.222234 0.061343 0.000000 0.000000 0.000000 -1.000000 1 1.762085594e-05 5.265302025e-05
53 0.114686 -0.270704 0.117826 0.064156 -0.222234 0.061343 0.000000 0.000000 0.000000 -1.000000 1 1.139799133e-05 3.184215166e-05
53 0.110802 -0.266978 0.113483 0.064156 -0.222234 0.061343 0.000000 0.000000 0.000000 -1.000000 1 1.169508323e-05 3.366381861e-05
53 0.107215 -0.263537 0.109474 0.064156 -0.222234 0.061343 0.000000 0.000000 0.000000 -1.000000 1 1.153419726e-05 3.182305954e-05
53 0.103905 -0.260362 0.105774 0.064156 -0.222234 0.061343 0.000000 0.000000 0.000000 -1.000000 1 1.140497625e-05 3.212806769e-05
53 0.100849 -0.257430 0.102358 0.064156 -0.222234 0.061343 0.000000 0.000000 0.000000 -1.000000 1 1.200800762e-05 3.375089727e-05
53 0.098028 -0.254724 0.099204 0.064156 -0.222234 0.061343 0.000000 0.000000 0.000000 -1.000000 1 1.136213541e-05 3.267405555e-05
53 0.095424 -0.252226 0.096293 0.064156 -0.222234 0.061343 0.000000 0.000000 0.000000 -1.000000 1 1.141708344e-05 3.296881914e-05
53 0.093020 -0.249921 0.093606 0.064156 -0.222234 0.061343 0.000000 0.000000 0.000000 -1.000000 1 1.148111187e-05 3.248709254e-05
53 0.090800 -0.247792 0.091126 0.064156 -0.222234 0.061343 0.000000 0.000000 0.000000 -1.000000 1 1.129810698e-05 3.221002407e-05
53 0.088752 -0.245827 0.088836 0.064156 -0.222234 0.061343 0.000000 0.000000 0.000000 -1.000000 1 1.330813393e-05 3.721611574e-05
53 0.086861 -0.244013 0.086722 0.064156 -0.222234 0.061343 0.000000 0.000000 0.000000 -1.000000 1 1.165387221e-05 3.269803710e-05
53 0.085115 -0.242339 0.084771 0.064156 -0.222234 0.061343 0.000000 0.000000 0.000000 -1.000000 1 1.153093763e-05 3.262003884e-05
53 0.083504 -0.240793 0.082970 0.064156 -0.222234 0.061343 0.000000 0.000000 0.000000 -1.000000 1 1.128786243e-05 3.306893632e-05
53 0.082016 -0.239366 0.081307 0.064156 -0.222234 0.061343 0.000000 0.000000 0.000000 -1.000000 1 1.731398515e-05 5.014194176e-05
53 0.080643 -0.238049 0.079772 0.064156 -0.222234 0.061343 0.000000 0.000000 0.000000 -1.000000 1 1.970678568e-05 5.389284343e-05
53 0.079376 -0.236833 0.078355 0.064156 -0.222234 0.061343 0.000000 0.000000 0.000000 -1.000000 1 1.142895781e-05 3.286101855e-05
53 0.078206 -0.235710 0.077047 0.064156 -0.222234 0.061343 0.000000 0.000000 0.000000 -1.000000 1 1.142220572e-05 3.305985592e-05
53 0.077125 -0.234674 0.075840 0.064156 -0.222234 0.061343 0.000000 0.000000 0.000000 -1.000000 1 1.139310189e-05 3.184308298e-05
54 0.080172 -0.229848 0.078579 0.154884 -0.088493 0.143472 0.000000 0.000000 0.000000 -1.000000 1 1.140288077e-05 3.198999912e-05
54 0.085916 -0.219388 0.083568 0.154884 -0.088493 0.143472 0.000000 0.000000 0.000000 -1.000000 1 1.824088395e-05 3.866688348e-05
54 0.091218 -0.209334 0.088174 0.154884 -0.088493 0.143472 0.000000 0.000000 0.000000 -1.000000 1 8.095987141e-06 2.390099689e-05
54 0.096113 -0.200043 0.092425 0.154884 -0.088493 0.143472 0.000000 0.000000 0.000000 -1.000000 1 2.931104973e-06 8.244998753e-06
54 0.100632 -0.191467 0.096350 0.154884 -0.088493 0.143472 0.000000 0.000000 0.000000 -1.000000 1 2.769054845e-06 8.191913366e-06
54 0.104803 -0.183550 0.099973 0.154884 -0.088493 0.143472 0.000000 0.000000 0.000000 -1.000000 1 5.292007700e-06 1.609907486e-05
54 0.108653 -0.176241 0.103317 0.154884 -0.088493 0.143472 0.000000 0.000000 0.000000 -1.000000 1 5.407026038e-06 1.612212509e-05
54 0.112208 -0.169495 0.106404 0.154884 -0.088493 0.143472 0.000000 0.000000 0.000000 -1.000000 1 2.800952643e-06 8.078990504e-06
54 0.115489 -0.163267 0.109254 0.154884 -0.088493 0.143472 0.000000 0.000000 0.000000 -1.000000 1 2.919929102e-06 8.139992133e-06
54 0.118518 -0.157518 0.111885 0.154884 -0.088493 0.143472 0.000000 0.000000 0.000000 -1.000000 1 2.760905772e-06 8.075963706e-06
54 0.121314 -0.152211 0.114314 0.154884 -0.088493 0.143472 0.000000 0.000000 0.000000 -1.000000 1 2.856133506e-06 8.124159649e-06
54 0.123895 -0.147312 0.116555 0.154884 -0.088493 0.143472 0.000000 0.000000 0.000000 -1.000000 1 2.789078280e-06 7.834052667e-06
54 0.126277 -0.142790 0.118625 0.154884 -0.088493 0.143472 0.000000 0.000000 0.000000 -1.000000 1 2.774875611e-06 7.939990610e-06
54 0.128476 -0.138616 0.120535 0.154884 -0.088493 0.143472 0.000000 0.000000 0.000000 -1.000000 1 3.742985427e-06 1.038983464e-05
54 0.130507 -0.134762 0.122299 0.154884 -0.088493 0.143472 0.000000 0.000000 0.000000 -1.000000 1 2.742046490e-06 7.800990716e-06
54 0.132381 -0.131205 0.123926 0.154884 -0.088493 0.143472 0.000000 0.000000 0.000000 -1.000000 1 2.779997885e-06 7.954891771e-06
54 0.134111 -0.127921 0.125429 0.154884 -0.088493 0.143472 0.000000 0.000000 0.000000 -1.000000 1 2.753920853e-06 8.244067430e-06
54 0.135708 -0.124889 0.126816 0.154884 -0.088493 0.143472 0.000000 0.000000 0.000000 -1.000000 1 2.737855539e-06 7.904134691e-06
54 0.137182 -0.122091 0.128097 0.154884 -0.088493 0.143472 0.000000 0.000000 0.000000 -1.000000 1 2.791872248e-06 7.807975635e-06
54 0.138543 -0.119508 0.129279 0.154884 -0.088493 0.143472 0.000000 0.000000 0.000000 -1.000000 1 2.879183739e-06 8.396105841e-06
55 0.143217 -0.114733 0.126332 0.233499 0.016450 0.070277 0.000000 0.000000 0.000000 -1.000000 1 3.686873242e-06 1.011393033e-05
55 0.150158 -0.106545 0.122022 0.233499 0.016450 0.070277 0.000000 0.000000 0.000000 -1.000000 1 2.773944288e-06 7.780035958e-06
55 0.156565 -0.098519 0.118044 0.233499 0.016450 0.070277 0.000000 0.000000 0.000000 -1.000000 1 8.175149560e-06 2.177408896e-05
55 0.162480 -0.090651 0.114371 0.233499 0.016450 0.070277 0.000000 0.000000 0.000000 -1.000000 1 8.733011782e-06 2.427911386e-05
55 0.167940 -0.082939 0.110981 0.233499 0.016450 0.070277 0.000000 0.000000 0.000000 -1.000000 1 9.450828657e-06 2.647191286e-05
55 0.172981 -0.075400 0.107851 0.233499 0.016450 0.070277 0.000000 0.000000 0.000000 -1.000000 1 4.086876288e-06 1.124897972e-05
55 0.177634 -0.068338 0.104963 0.233499 0.016450 0.070277 0.000000 0.000000 0.000000 -1.000000 1 2.786051482e-06 7.927883416e-06
55 0.181929 -0.061819 0.102296 0.233499 0.016450 0.070277 0.000000 0.000000 0.000000 -1.000000 1 4.431931302e-06 1.266505569e-05
55 0.185894 -0.055802 0.099834 0.233499 0.016450 0.070277 0.000000 0.000000 0.000000 -1.000000 1 4.218891263e-06 1.185387373e-05
55 0.189554 -0.050247 0.097562 0.233499 0.016450 0.070277 0.000000 0.000000 0.000000 -1.000000 1 2.796063200e-06 7.751863450e-06
55 0.192932 -0.045119 0.095464 0.233499 0.016450 0.070277 0.000000 0.000000 0.000000 -1.000000 1 9.963987395e-06 1.974985935e-05
55 0.196051 -0.040385 0.093527 0.233499 0.016450 0.070277 0.000000 0.000000 0.000000 -1.000000 1 2.937857062e-06 8.421018720e-06
55 0.198930 -0.036016 0.091740 0.233499 0.016450 0.070277 0.000000 0.000000 0.000000 -1.000000 1 1.000892371e-05 2.808496356e-05
55 0.201588 -0.031982 0.090090 0.233499 0.016450 0.070277 0.000000 0.000000 0.000000 -1.000000 1 1.121591777e-05 3.194413148e-05
55 0.204042 -0.028258 0.088566 0.233499 0.016450 0.070277 0.000000 0.000000 0.000000 -1.000000 1 9.362818673e-06 2.662581392e-05
55 0.206306 -0.024821 0.087160 0.233499 0.016450 0.070277 0.000000 0.000000 0.000000 -1.000000 1 8.050119504e-06 2.218689770e-05
55 0.208397 -0.021648 0.085862 0.233499 0.016450 0.070277 0.000000 0.000000 0.000000 -1.000000 1 3.333901986e-06 9.392853826e-06
55 0.210327 -0.018719 0.084664 0.233499 0.016450 0.070277 0.000000 0.000000 0.000000 -1.000000 1 2.832850441e-06 7.926020771e-06
55 0.212108 -0.016015 0.083558 0.233499 0.016450 0.070277 0.000000 0.000000 0.000000 -1.000000 1 2.775806934e-06 8.053844795e-06
55 0.213753 -0.013519 0.082536 0.233499 0.016450 0.070277 0.000000 0.000000 0.000000 -1.000000 1 6.167916581e-06 1.780595630e-05
56 0.219377 -0.009635 0.084281 0.348411 0.108498 0.104462 0.000000 0.000000 0.000000 -1.000000 1 7.238937542e-06 2.036918886e-05
56 0.229298 -0.003522 0.085832 0.348411 0.108498 0.104462 0.000000 0.000000 0.000000 -1.000000 1 1.009297557e-05 2.787797712e-05
56 0.238455 0.002470 0.087265 0.348411 0.108498 0.104462 0.000000 0.000000 0.000000 -1.000000 1 3.738095984e-06 1.068809070e-05
56 0.246909 0.008344 0.088587 0.348411 0.108498 0.104462 0.000000 0.000000 0.000000 -1.000000 1 2.857064828e-06 7.978174835e-06
56 0.254713 0.014102 0.089807 0.348411 0.108498 0.104462 0.000000 0.000000 0.000000 -1.000000 1 5.272217095e-06 1.589395106e-05
56 0.261917 0.019747 0.090934 0.348411 0.108498 0.104462 0.000000 0.000000 0.000000 -1.000000 1 5.475012586e-06 1.574307680e-05
56 0.268567 0.025280 0.091974 0.348411 0.108498 0.104462 0.000000 0.000000 0.000000 -1.000000 1 5.078036338e-06 1.533492468e-05
56 0.274706 0.030703 0.092934 0.348411 0.108498 0.104462 0.000000 0.000000 0.000000 -1.000000 1 8.334172890e-06 2.638087608e-05
56 0.280372 0.036020 0.093820 0.348411 0.108498 0.104462 0.000000 0.000000 0.000000 -1.000000 1 5.028210580e-06 1.527997665e-05
56 0.285603 0.041232 0.094639 0.348411 0.108498 0.104462 0.000000 0.000000 0.000000 -1.000000 1 1.187506132e-05 3.525591455e-05
56 0.290432 0.046329 0.095394 0.348411 0.108498 0.104462 0.000000 0.000000 0.000000 -1.000000 1 9.694835171e-06 2.856203355e-05
56 0.294890 0.051108 0.096091 0.348411 0.108498 0.104462 0.000000 0.000000 0.000000 -1.000000 1 5.190959200e-06 1.496402547e-05
56 0.299005 0.055521 0.096735 0.348411 0.108498 0.104462 0.000000 0.000000 0.000000 -1.000000 1 5.339039490e-06 1.549697481e-05
56 0.302803 0.059594 0.097329 0.348411 0.108498 0.104462 0.000000 0.000000 0.000000 -1.000000 1 5.130888894e-06 1.494796015e-05
56 0.306310 0.063354 0.097877 0.348411 0.108498 0.104462 0.000000 0.000000 0.000000 -1.000000 1 5.153007805e-06 1.555704512e-05
56 0.309546 0.066825 0.098383 0.348411 0.108498 0.104462 0.000000 0.000000 0.000000 -1.000000 1 5.139037967e-06 1.528393477e-05
56 0.312535 0.070029 0.098851 0.348411 0.108498 0.104462 0.000000 0.000000 0.000000 -1.000000 1 5.165813491e-06 1.540617086e-05
56 0.315293 0.072986 0.099282 0.348411 0.108498 0.104462 0.000000 0.000000 0.000000 -1.000000 1 5.337176844e-06 1.542409882e-05
56 0.317839 0.075717 0.099680 0.348411 0.108498 0.104462 0.000000 0.000000 0.000000 -1.000000 1 5.206093192e-06 1.515098847e-05
56 0.320189 0.078237 0.100048 0.348411 0.108498 0.104462 0.000000 0.000000 0.000000 -1.000000 1 7.111113518e-06 2.113194205e-05
57 0.325426 0.081406 0.099761 0.430922 0.176409 0.103836 0.000000 0.000000 0.000000 -1.000000 1 5.963025615e-06 1.727486961e-05
57 0.333537 0.085721 0.100075 0.430922 0.176409 0.103836 0.000000 0.000000 0.000000 -1.000000 1 7.754191756e-06 2.252706327e-05
57 0.341024 0.089952 0.100364 0.430922 0.176409 0.103836 0.000000 0.000000 0.000000 -1.000000 1 6.309011951e-06 1.921388321e-05
57 0.347936 0.094099 0.100631 0.430922 0.176409 0.103836 0.000000 0.000000 0.000000 -1.000000 1 5.751149729e-06 1.714285463e-05
57 0.354316 0.098164 0.100877 0.430922 0.176409 0.103836 0.000000 0.000000 0.000000 -1.000000 1 7.994938642e-06 2.385582775e-05
57 0.360206 0.102148 0.101105 0.430922 0.176409 0.103836 0.000000 0.000000 0.000000 -1.000000 1 5.413079634e-06 1.587904990e-05
57 0.365643 0.106054 0.101315 0.430922 0.176409 0.103836 0.000000 0.000000 0.000000 -1.000000 1 9.028008208e-06 2.525816672e-05
57 0.370662 0.109883 0.101508 0.430922 0.176409 0.103836 0.000000 0.000000 0.000000 -1.000000 1 8.306000382e-06 2.396595664e-05
57 0.375295 0.113637 0.101687 0.430922 0.176409 0.103836 0.000000 0.000000 0.000000 -1.000000 1 7.631024346e-06 2.109003253e-05
57 0.379572 0.117316 0.101852 0.430922 0.176409 0.103836 0.000000 0.000000 0.000000 -1.000000 1 4.677101970e-06 1.364899799e-05
57 0.383520 0.120923 0.102005 0.430922 0.176409 0.103836 0.000000 0.000000 0.000000 -1.000000 1 1.145596616e-05 3.192201257e-05
57 0.387164 0.124458 0.102146 0.430922 0.176409 0.103836 0.000000 0.000000 0.000000 -1.000000 1 1.610000618e-05 3.526010551e-05
57 0.390529 0.127924 0.102276 0.430922 0.176409 0.103836 0.000000 0.000000 0.000000 -1.000000 1 1.050089486e-05 2.975994721e-05
57 0.393634 0.131321 0.102396 0.430922 0.176409 0.103836 0.000000 0.000000 0.000000 -1.000000 1 1.146690920e-05 3.217696212e-05
57 0.396501 0.134651 0.102506 0.430922 0.176409 0.103836 0.000000 0.000000 0.000000 -1.000000 1 1.154583879e-05 3.246613778e-05
57 0.399148 0.137857 0.102609 0.430922 0.176409 0.103836 0.000000 0.000000 0.000000 -1.000000 1 1.132395118e-05 3.674882464e-05
57 0.401590 0.140821 0.102703 0.430922 0.176409 0.103836 0.000000 0.000000 0.000000 -1.000000 1 1.367391087e-05 3.750482574e-05
57 0.403846 0.143557 0.102790 0.430922 0.176409 0.103836 0.000000 0.000000 0.000000 -1.000000 1 9.323935956e-06 2.691010013e-05
57 0.405927 0.146083 0.102870 0.430922 0.176409 0.103836 0.000000 0.000000 0.000000 -1.000000 1 7.673166692e-06 2.190307714e-05
57 0.407849 0.148415 0.102945 0.430922 0.176409 0.103836 0.000000 0.000000 0.000000 -1.000000 1 8.448958397e-06 2.415291965e-05
58 0.411515 0.150921 0.105139 0.469431 0.192526 0.120214 0.000000 0.000000 0.000000 -1.000000 1 1.145387068e-05 3.216485493e-05
58 0.415968 0.153864 0.106298 0.469431 0.192526 0.120214 0.000000 0.000000 0.000000 -1.000000 1 1.986790448e-05 5.327118561e-05
58 0.420078 0.156749 0.107368 0.469431 0.192526 0.120214 0.000000 0.000000 0.000000 -1.000000 1 1.114606857e-05 3.240397200e-05
58 0.423872 0.159500 0.108356 0.469431 0.192526 0.120214 0.000000 0.000000 0.000000 -1.000000 1 1.169298775e-05 3.231898881e-05
58 0.427375 0.162039 0.109268 0.469431 0.192526 0.120214 0.000000 0.000000 0.000000 -1.000000 1 1.173815690e-05 3.250408918e-05
58 0.430609 0.164383 0.110109 0.469431 0.192526 0.120214 0.000000 0.000000 0.000000 -1.000000 1 2.871965989e-06 8.183065802e-06
58 0.433593 0.166546 0.110886 0.469431 0.192526 0.120214 0.000000 0.000000 0.000000 -1.000000 1 2.792105079e-06 8.126022294e-06
58 0.436349 0.168544 0.111603 0.469431 0.192526 0.120214 0.000000 0.000000 0.000000 -1.000000 1 8.919974789e-06 2.448610030e-05
58 0.438892 0.170388 0.112265 0.469431 0.192526 0.120214 0.000000 0.000000 0.000000 -1.000000 1 1.782597974e-05 3.987690434e-05
58 0.441240 0.172090 0.112876 0.469431 0.192526 0.120214 0.000000 0.000000 0.000000 -1.000000 1 1.149089076e-05 3.257393837e-05
58 0.443408 0.173661 0.113441 0.469431 0.192526 0.120214 0.000000 0.000000 0.000000 -1.000000 1 1.129508018e-05 3.217905760e-05
58 0.445408 0.175111 0.113961 0.469431 0.192526 0.120214 0.000000 0.000000 0.000000 -1.000000 1 1.146714203e-05 3.285985440e-05
58 0.447255 0.176450 0.114442 0.469431 0.192526 0.120214 0.000000 0.000000 0.000000 -1.000000 1 1.126783900e-05 3.553112037e-05
58 0.448960 0.177686 0.114886 0.469431 0.192526 0.120214 0.000000 0.000000 0.000000 -1.000000 1 3.221095540e-05 5.582091399e-05
58 0.450534 0.178827 0.115295 0.469431 0.192526 0.120214 0.000000 0.000000 0.000000 -1.000000 1 1.149415039e-05 3.201491199e-05
58 0.451987 0.179880 0.115674 0.469431 0.192526 0.120214 0.000000 0.000000 0.000000 -1.000000 1 1.146388240e-05 3.270292655e-05
58 0.453328 0.180852 0.116023 0.469431 0.192526 0.120214 0.000000 0.000000 0.000000 -1.000000 1 1.142290421e-05 3.202399239e-05
58 0.454566 0.181750 0.116345 0.469431 0.192526 0.120214 0.000000 0.000000 0.000000 -1.000000 1 1.146597788e-05 3.210292198e-05
58 0.455709 0.182578 0.116642 0.469431 0.192526 0.120214 0.000000 0.000000 0.000000 -1.000000 1 2.006092109e-05 5.474989302e-05
58 0.456764 0.183343 0.116917 0.469431 0.192526 0.120214 0.000000 0.000000 0.000000 -1.000000 1 1.126201823e-05 3.268499859e-05
59 0.459225 0.184470 0.114776 0.491582 0.203623 0.111867 0.000000 0.000000 0.000000 -1.000000 1 1.169391908e-05 3.323704004e-05
59 0.461712 0.185943 0.114552 0.491582 0.203623 0.111867 0.000000 0.000000 0.000000 -1.000000 1 1.050205901e-05 3.039091825e-05
59 0.464009 0.187302 0.114346 0.491582 0.203623 0.111867 0.000000 0.000000 0.000000 -1.000000 1 1.616217196e-05 4.777684808e-05
59 0.466129 0.188557 0.114155 0.491582 0.203623 0.111867 0.000000 0.000000 0.000000 -1.000000 1 1.616496593e-05 4.864810035e-05
59 0.468086 0.189715 0.113979 0.491582 0.203623 0.111867 0.000000 0.000000 0.000000 -1.000000 1 1.153699122e-05 3.823894076e-05
59 0.469892 0.190784 0.113817 0.491582 0.203623 0.111867 0.000000 0.000000 0.000000 -1.000000 1 1.165014692e-05 3.328104503e-05
59 0.471560 0.191771 0.113667 0.491582 0.203623 0.111867 0.000000 0.000000 0.000000 -1.000000 1 1.150206663e-05 3.259605728e-05
59 0.473099 0.192683 0.113529 0.491582 0.203623 0.111867 0.000000 0.000000 0.000000 -1.000000 1 1.660292037e-05 4.945090041e-05
59 0.474520 0.193524 0.113401 0.491582 0.203623 0.111867 0.000000 0.000000 0.000000 -1.000000 1 1.646485180e-05 4.853890277e-05
59 0.475832 0.194300 0.113283 0.491582 0.203623 0.111867 0.000000 0.000000 0.000000 -1.000000 1 9.342096746e-06 2.761906944e-05
59 0.477043 0.195017 0.113174 0.491582 0.203623 0.111867 0.000000 0.000000 0.000000 -1.000000 1 7.465016097e-06 2.213893458e-05
59 0.478161 0.195679 0.113074 0.491582 0.203623 0.111867 0.000000 0.000000 0.000000 -1.000000 1 5.868962035e-06 1.799198799e-05
59 0.479193 0.196289 0.112981 0.491582 0.203623 0.111867 0.000000 0.000000 0.000000 -1.000000 1 5.688983947e-06 1.747300848e-05
59 0.480145 0.196853 0.112895 0.491582 0.203623 0.111867 0.000000 0.000000 0.000000 -1.000000 1 6.928807124e-06 2.116197720e-05
59 0.481025 0.197374 0.112816 0.491582 0.203623 0.111867 0.000000 0.000000 0.000000 -1.000000 1 1.667696051e-05 4.801014438e-05
59 0.481836 0.197854 0.112743 0.491582 0.203623 0.111867 0.000000 0.000000 0.000000 -1.000000 1 1.526507549e-05 4.252907820e-05
59 0.482586 0.198298 0.112676 0.491582 0.203623 0.111867 0.000000 0.000000 0.000000 -1.000000 1 1.023593359e-05 2.836016938e-05
59 0.483277 0.198707 0.112614 0.491582 0.203623 0.111867 0.000000 0.000000 0.000000 -1.000000 1 2.883840352e-06 8.086906746e-06
59 0.483916 0.199085 0.112557 0.491582 0.203623 0.111867 0.000000 0.000000 0.000000 -1.000000 1 2.811895683e-06 8.039874956e-06
59 0.484505 0.199434 0.112504 0.491582 0.203623 0.111867 0.000000 0.000000 0.000000 -1.000000 1 2.878950909e-06 8.079921827e-06
60 0.481670 0.198284 0.114532 0.473078 0.183832 0.126475 0.000000 0.000000 0.000000 -1.000000 1 2.799089998e-06 8.111121133e-06
60 0.481010 0.197173 0.115450 0.473078 0.183832 0.126475 0.000000 0.000000 0.000000 -1.000000 1 2.818182111e-06 8.028931916e-06
60 0.480400 0.196147 0.116298 0.473078 0.183832 0.126475 0.000000 0.000000 0.000000 -1.000000 1 2.921093255e-06 8.417060599e-06
60 0.479837 0.195200 0.117080 0.473078 0.183832 0.126475 0.000000 0.000000 0.000000 -1.000000 1 2.817017958e-06 8.056871593e-06
60 0.479317 0.194326 0.117802 0.473078 0.183832 0.126475 0.000000 0.000000 0.000000 -1.000000 1 4.155095667e-06 1.185084693e-05
60 0.478838 0.193519 0.118469 0.473078 0.183832 0.126475 0.000000 0.000000 0.000000 -1.000000 1 3.715977073e-06 1.080590300e-05
60 0.478395 0.192775 0.119085 0.473078 0.183832 0.126475 0.000000 0.000000 0.000000 -1.000000 1 9.963987395e-06 2.782722004e-05
60 0.477986 0.192087 0.119653 0.473078 0.183832 0.126475 0.000000 0.000000 0.000000 -1.000000 1 1.165596768e-05 3.929506056e-05
60 0.477609 0.191452 0.120177 0.473078 0.183832 0.126475 0.000000 0.000000 0.000000 -1.000000 1 1.133000478e-05 3.309315071e-05
60 0.477260 0.190867 0.120661 0.473078 0.183832 0.126475 0.000000 0.000000 0.000000 -1.000000 1 1.193513162e-05 3.366405144e-05
60 0.476939 0.190326 0.121108 0.473078 0.183832 0.126475 0.000000 0.000000 0.000000 -1.000000 1 1.190905459e-05 3.369897604e-05
60 0.476642 0.189827 0.121521 0.473078 0.183832 0.126475 0.000000 0.000000 0.000000 -1.000000 1 1.151184551e-05 3.306521103e-05
60 0.476368 0.189366 0.121902 0.473078 0.183832 0.126475 0.000000 0.000000 0.000000 -1.000000 1 1.950492151e-05 5.286606029e-05
60 0.476115 0.188940 0.122253 0.473078 0.183832 0.126475 0.000000 0.000000 0.000000 -1.000000 1 1.151906326e-05 3.296486102e-05
60 0.475882 0.188547 0.122578 0.473078 0.183832 0.126475 0.000000 0.000000 0.000000 -1.000000 1 1.162616536e-05 3.231409937e-05
60 0.475666 0.188185 0.122878 0.473078 0.183832 0.126475 0.000000 0.000000 0.000000 -1.000000 1 1.127994619e-05 3.615114838e-05
60 0.475467 0.187850 0.123154 0.473078 0.183832 0.126475 0.000000 0.000000 0.000000 -1.000000 1 1.159310341e-05 3.358395770e-05
60 0.475283 0.187541 0.123409 0.473078 0.183832 0.126475 0.000000 0.000000 0.000000 -1.000000 1 1.116818748e-05 3.196904436e-05
60 0.475114 0.187256 0.123645 0.473078 0.183832 0.126475 0.000000 0.000000 0.000000 -1.000000 1 1.154514030e-05 3.203097731e-05
60 0.474957 0.186993 0.123863 0.473078 0.183832 0.126475 0.000000 0.000000 0.000000 -1.000000 1 1.189787872e-05 3.347988240e-05
61 0.471641 0.185116 0.120099 0.459672 0.153855 0.052304 0.000000 0.000000 0.000000 -1.000000 1 1.183920540e-05 3.295997158e-05
61 0.470720 0.182712 0.114887 0.459672 0.153855 0.052304 0.000000 0.000000 0.000000 -1.000000 1 1.139007509e-05 3.228103742e-05
61 0.469871 0.180494 0.110075 0.459672 0.153855 0.052304 0.000000 0.000000 0.000000 -1.000000 1 1.153303310e-05 3.224308603e-05
61 0.469087 0.178446 0.105634 0.459672 0.153855 0.052304 0.000000 0.000000 0.000000 -1.000000 1 1.138309017e-05 3.229896538e-05
61 0.468363 0.176555 0.101534 0.459672 0.153855 0.052304 0.000000 0.000000 0.000000 -1.000000 1 1.828302629e-05 5.396711640e-05
61 0.467695 0.174810 0.097749 0.459672 0.153855 0.052304 0.000000 0.000000 0.000000 -1.000000 1 1.651397906e-05 4.947301932e-05
61 0.467078 0.173199 0.094255 0.459672 0.153855 0.052304 0.000000 0.000000 0.000000 -1.000000 1 1.616915688e-05 4.863785580e-05
61 0.466509 0.171712 0.091029 0.459672 0.153855 0.052304 0.000000 0.000000 0.000000 -1.000000 1 1.167389564e-05 3.282399848e-05
61 0.465983 0.170339 0.088052 0.459672 0.153855 0.052304 0.000000 0.000000 0.000000 -1.000000 1 1.148111187e-05 3.237510100e-05
61 0.465490 0.169070 0.085304 0.459672 0.153855 0.052304 0.000000 0.000000 0.000000 -1.000000 1 1.986999996e-05 5.868403241e-05
61 0.464926 0.167885 0.082765 0.459672 0.153855 0.052304 0.000000 0.000000 0.000000 -1.000000 1 1.160590909e-05 3.220792860e-05
61 0.464272 0.166772 0.080421 0.459672 0.153855 0.052304 0.000000 0.000000 0.000000 -1.000000 1 1.150392927e-05 3.230501898e-05
61 0.463543 0.165729 0.078256 0.459672 0.153855 0.052304 0.000000 0.000000 0.000000 -1.000000 1 1.148786396e-05 3.260909580e-05
61 0.462748 0.164749 0.076256 0.459672 0.153855 0.052304 0.000000 0.000000 0.000000 -1.000000 1 1.141102985e-05 3.193691373e-05
61 0.461890 0.163829 0.074409 0.459672 0.153855 0.052304 0.000000 0.000000 0.000000 -1.000000 1 1.174700446e-05 3.314088099e-05
61 0.460971 0.162965 0.072703 0.459672 0.153855 0.052304 0.000000 0.000000 0.000000 -1.000000 1 1.164502464e-05 4.065595567e-05
61 0.459990 0.162151 0.071126 0.459672 0.153855 0.052304 0.000000 0.000000 0.000000 -1.000000 1 2.888962626e-06 8.424045518e-06
61 0.458941 0.161384 0.069669 0.459672 0.153855 0.052304 0.000000 0.000000 0.000000 -1.000000 1 2.789078280e-06 7.895985618e-06
61 0.457820 0.160659 0.068322 0.459672 0.153855 0.052304 0.000000 0.000000 0.000000 -1.000000 1 1.147994772e-05 3.220699728e-05
61 0.456622 0.159970 0.067077 0.459672 0.153855 0.052304 0.000000 0.000000 0.000000 -1.000000 1 1.163315028e-05 3.342493437e-05
62 0.452110 0.157624 0.063220 0.416729 0.115094 0.020772 0.000000 0.000000 0.000000 -1.000000 1 2.790940925e-06 7.804948837e-06
62 0.449389 0.154354 0.059956 0.416729 0.115094 0.020772 0.000000 0.000000 0.000000 -1.000000 1 1.312093809e-05 3.709294833e-05
62 0.446878 0.151336 0.056944 0.416729 0.115094 0.020772 0.000000 0.000000 0.000000 -1.000000 1 1.132115722e-05 3.232597373e-05
62 0.444560 0.148550 0.054163 0.416729 0.115094 0.020772 0.000000 0.000000 0.000000 -1.000000 1 1.139612868e-05 3.251992166e-05
62 0.442421 0.145977 0.051595 0.416729 0.115094 0.020772 0.000000 0.000000 0.000000 -1.000000 1 1.158006489e-05 3.271992318e-05
62 0.440445 0.143603 0.049226 0.416729 0.115094 0.020772 0.000000 0.000000 0.000000 -1.000000 1 9.339069948e-06 2.742116340e-05
62 0.438622 0.141411 0.047038 0.416729 0.115094 0.020772 0.000000 0.000000 0.000000 -1.000000 1 1.181685366e-05 3.276113421e-05
62 0.436939 0.139388 0.045019 0.416729 0.115094 0.020772 0.000000 0.000000 0.000000 -1.000000 1 5.736947060e-06 1.600803807e-05
62 0.435385 0.137520 0.043154 0.416729 0.115094 0.020772 0.000000 0.000000 0.000000 -1.000000 1 4.237983376e-06 1.176795922e-05
62 0.433951 0.135796 0.041434 0.416729 0.115094 0.020772 0.000000 0.000000 0.000000 -1.000000 1 4.606787115e-06 1.332606189e-05
62 0.432627 0.134204 0.039845 0.416729 0.115094 0.020772 0.000000 0.000000 0.000000 -1.000000 1 1.070904545e-05 3.002514131e-05
62 0.431404 0.132735 0.038379 0.416729 0.115094 0.020772 0.000000 0.000000 0.000000 -1.000000 1 1.130579039e-05 3.153504804e-05
62 0.430276 0.131379 0.037025 0.416729 0.115094 0.020772 0.000000 0.000000 0.000000 -1.000000 1 1.142406836e-05 3.239698708e-05
62 0.429235 0.130127 0.035775 0.416729 0.115094 0.020772 0.000000 0.000000 0.000000 -1.000000 1 1.159589738e-05 3.275298513e-05
62 0.428273 0.128971 0.034622 0.416729 0.115094 0.020772 0.000000 0.000000 0.000000 -1.000000 1 1.123896800e-05 3.173295408e-05
62 0.427348 0.127901 0.033557 0.416729 0.115094 0.020772 0.000000 0.000000 0.000000 -1.000000 1 7.246853784e-06 2.058991231e-05
62 0.426377 0.126904 0.032572 0.416729 0.115094 0.020772 0.000000 0.000000 0.000000 -1.000000 1 8.963048458e-06 2.502417192e-05
62 0.425355 0.125974 0.031661 0.416729 0.115094 0.020772 0.000000 0.000000 0.000000 -1.000000 1 1.135491766e-05 3.196904436e-05
62 0.424285 0.125107 0.030818 0.416729 0.115094 0.020772 0.000000 0.000000 0.000000 -1.000000 1 1.947698183e-05 4.256307147e-05
62 0.423168 0.124298 0.030039 0.416729 0.115094 0.020772 0.000000 0.000000 0.000000 -1.000000 1 1.147715375e-05 3.165402450e-05
63 0.419058 0.121567 0.024814 0.394948 0.062762 -0.087755 0.000000 0.000000 0.000000 -1.000000 1 1.147389412e-05 3.242096864e-05
63 0.417204 0.117046 0.016159 0.394948 0.062762 -0.087755 0.000000 0.000000 0.000000 -1.000000 1 1.128204167e-05 3.311713226e-05
63 0.415493 0.112872 0.008170 0.394948 0.062762 -0.087755 0.000000 0.000000 0.000000 -1.000000 1 1.155491918e-05 3.296998329e-05
63 0.413913 0.109019 0.000795 0.394948 0.062762 -0.087755 0.000000 0.000000 0.000000 -1.000000 1 2.242694609e-05 6.672297604e-05
63 0.412455 0.105463 -0.006013 0.394948 0.062762 -0.087755 0.000000 0.000000 0.000000 -1.000000 1 6.216811016e-06 1.801783219e-05
63 0.411109 0.102180 -0.012298 0.394948 0.062762 -0.087755 0.000000 0.000000 0.000000 -1.000000 1 3.624008968e-06 9.941169992e-06
63 0.409867 0.099149 -0.018099 0.394948 0.062762 -0.087755 0.000000 0.000000 0.000000 -1.000000 1 3.787921742e-06 1.080380753e-05
63 0.408720 0.096352 -0.023454 0.394948 0.062762 -0.087755 0.000000 0.000000 0.000000 -1.000000 1 1.150299795e-05 3.226008266e-05
63 0.407622 0.093767 -0.028399 0.394948 0.062762 -0.087755 0.000000 0.000000 0.000000 -1.000000 1 1.152092591e-05 3.192410804e-05
63 0.406441 0.091372 -0.032964 0.394948 0.062762 -0.087755 0.000000 0.000000 0.000000 -1.000000 1 1.198495738e-05 3.249384463e-05
63 0.405183 0.089152 -0.037180 0.394948 0.062762 -0.087755 0.000000 0.000000 0.000000 -1.000000 1 1.000706106e-05 2.910685726e-05
63 0.403866 0.087095 -0.041074 0.394948 0.062762 -0.087755 0.000000 0.000000 0.000000 -1.000000 1 8.423114195e-06 2.377410419e-05
63 0.402504 0.085190 -0.044669 0.394948 0.062762 -0.087755 0.000000 0.000000 0.000000 -1.000000 1 1.693679951e-05 5.092308857e-05
63 0.401103 0.083425 -0.047989 0.394948 0.062762 -0.087755 0.000000 0.000000 0.000000 -1.000000 1 1.640710980e-05 4.920805804e-05
63 0.399665 0.081791 -0.051056 0.394948 0.062762 -0.087755 0.000000 0.000000 0.000000 -1.000000 1 1.066690311e-05 3.110291436e-05
63 0.398189 0.080279 -0.053887 0.394948 0.062762 -0.087755 0.000000 0.000000 0.000000 -1.000000 1 1.775706187e-05 5.219201557e-05
63 0.396671 0.078880 -0.056503 0.394948 0.062762 -0.087755 0.000000 0.000000 0.000000 -1.000000 1 1.151091419e-05 3.189686686e-05
63 0.395105 0.077585 -0.058919 0.394948 0.062762 -0.087755 0.000000 0.000000 0.000000 -1.000000 1 1.138402149e-05 3.217509948e-05
63 0.393486 0.076387 -0.061150 0.394948 0.062762 -0.087755 0.000000 0.000000 0.000000 -1.000000 1 1.134490594e-05 3.324309364e-05
63 0.391813 0.075276 -0.063212 0.394948 0.062762 -0.087755 0.000000 0.000000 0.000000 -1.000000 1 1.756311394e-05 5.046511069e-05
64 0.387180 0.072433 -0.067752 0.352761 0.011945 -0.130122 0.000000 0.000000 0.000000 -1.000000 1 1.975498162e-05 5.497015081e-05
64 0.384533 0.067782 -0.072547 0.352761 0.011945 -0.130122 0.000000 0.000000 0.000000 -1.000000 1 1.151394099e-05 3.380188718e-05
64 0.382091 0.063489 -0.076973 0.352761 0.011945 -0.130122 0.000000 0.000000 0.000000 -1.000000 1 1.020100899e-05 2.899207175e-05
64 0.379836 0.059527 -0.081060 0.352761 0.011945 -0.130122 0.000000 0.000000 0.000000 -1.000000 1 1.155305654e-05 3.297999501e-05
64 0.377754 0.055868 -0.084832 0.352761 0.011945 -0.130122 0.000000 0.000000 0.000000 -1.000000 1 1.149391755e-05 3.266707063e-05
64 0.375833 0.052491 -0.088314 0.352761 0.011945 -0.130122 0.000000 0.000000 0.000000 -1.000000 1 1.167994924e-05 3.284611739e-05
64 0.374059 0.049374 -0.091528 0.352761 0.011945 -0.130122 0.000000 0.000000 0.000000 -1.000000 1 1.069088466e-05 3.064400516e-05
64 0.372421 0.046496 -0.094495 0.352761 0.011945 -0.130122 0.000000 0.000000 0.000000 -1.000000 1 9.479001164e-06 2.602697350e-05
64 0.370910 0.043840 -0.097234 0.352761 0.011945 -0.130122 0.000000 0.000000 0.000000 -1.000000 1 7.482012734e-06 1.998501830e-05
64 0.369477 0.041387 -0.099763 0.352761 0.011945 -0.130122 0.000000 0.000000 0.000000 -1.000000 1 7.665017620e-06 2.132402733e-05
64 0.368018 0.039122 -0.102098 0.352761 0.011945 -0.130122 0.000000 0.000000 0.000000 -1.000000 1 8.546980098e-06 2.363091335e-05
64 0.366538 0.037031 -0.104254 0.352761 0.011945 -0.130122 0.000000 0.000000 0.000000 -1.000000 1 4.007015377e-06 1.136795618e-05
64 0.365048 0.035101 -0.106244 0.352761 0.011945 -0.130122 0.000000 0.000000 0.000000 -1.000000 1 1.956918277e-05 5.768798292e-05
64 0.363551 0.033318 -0.108082 0.352761 0.011945 -0.130122 0.000000 0.000000 0.000000 -1.000000 1 2.168514766e-05 4.261708818e-05
64 0.362043 0.031673 -0.109778 0.352761 0.011945 -0.130122 0.000000 0.000000 0.000000 -1.000000 1 6.058951840e-06 1.728301868e-05
64 0.360522 0.030154 -0.111344 0.352761 0.011945 -0.130122 0.000000 0.000000 0.000000 -1.000000 1 5.044974387e-06 1.437100582e-05
64 0.358982 0.028752 -0.112790 0.352761 0.011945 -0.130122 0.000000 0.000000 0.000000 -1.000000 1 5.776993930e-06 1.593003981e-05
64 0.357417 0.027459 -0.114125 0.352761 0.011945 -0.130122 0.000000 0.000000 0.000000 -1.000000 1 6.115995347e-06 1.707905903e-05
64 0.355824 0.026266 -0.115357 0.352761 0.011945 -0.130122 0.000000 0.000000 0.000000 -1.000000 1 2.837972715e-06 7.942086086e-06
64 0.354204 0.025167 -0.116494 0.352761 0.011945 -0.130122 0.000000 0.000000 0.000000 -1.000000 1 7.467111573e-06 2.705003135e-05
65 0.350036 0.022510 -0.120520 0.329928 -0.034850 -0.187506 0.000000 0.000000 0.000000 -1.000000 1 2.796994522e-06 7.887138054e-06
65 0.348490 0.018100 -0.125670 0.329928 -0.034850 -0.187506 0.000000 0.000000 0.000000 -1.000000 1 6.926013157e-06 1.994892955e-05
65 0.346987 0.014030 -0.130424 0.329928 -0.034850 -0.187506 0.000000 0.000000 0.000000 -1.000000 1 7.312977687e-06 2.179201692e-05
65 0.345457 0.010274 -0.134813 0.329928 -0.034850 -0.187506 0.000000 0.000000 0.000000 -1.000000 1 1.162290573e-05 3.226706758e-05
65 0.343902 0.006808 -0.138863 0.329928 -0.034850 -0.187506 0.000000 0.000000 0.000000 -1.000000 1 1.189508475e-05 4.195701331e-05
65 0.342321 0.003610 -0.142602 0.329928 -0.034850 -0.187506 0.000000 0.000000 0.000000 -1.000000 1 1.123291440e-05 3.128382377e-05
65 0.340714 0.000660 -0.146052 0.329928 -0.034850 -0.187506 0.000000 0.000000 0.000000 -1.000000 1 1.228507608e-05 3.411085345e-05
65 0.339079 -0.002062 -0.149235 0.329928 -0.034850 -0.187506 0.000000 0.000000 0.000000 -1.000000 1 1.224200241e-05 3.543100320e-05
65 0.337418 -0.004574 -0.152173 0.329928 -0.034850 -0.187506 0.000000 0.000000 0.000000 -1.000000 1 1.169508323e-05 3.192014992e-05
65 0.335738 -0.006891 -0.154883 0.329928 -0.034850 -0.187506 0.000000 0.000000 0.000000 -1.000000 1 1.301383600e-05 4.203198478e-05
65 0.334048 -0.009028 -0.157384 0.329928 -0.034850 -0.187506 0.000000 0.000000 0.000000 -1.000000 1 1.164991409e-05 3.223004751e-05
65 0.332359 -0.010999 -0.159690 0.329928 -0.034850 -0.187506 0.000000 0.000000 0.000000 -1.000000 1 1.162500121e-05 3.323913552e-05
65 0.330678 -0.012815 -0.161818 0.329928 -0.034850 -0.187506 0.000000 0.000000 0.000000 -1.000000 1 1.155911013e-05 3.290595487e-05
65 0.329008 -0.014488 -0.163781 0.329928 -0.034850 -0.187506 0.000000 0.000000 0.000000 -1.000000 1 1.171813346e-05 3.224797547e-05
65 0.327342 -0.016028 -0.165591 0.329928 -0.034850 -0.187506 0.000000 0.000000 0.000000 -1.000000 1 2.004695125e-05 5.493895151e-05
65 0.325677 -0.017444 -0.167261 0.329928 -0.034850 -0.187506 0.000000 0.000000 0.000000 -1.000000 1 1.132395118e-05 3.220699728e-05
65 0.324005 -0.018747 -0.168800 0.329928 -0.034850 -0.187506 0.000000 0.000000 0.000000 -1.000000 1 1.171883196e-05 3.291293979e-05
65 0.322320 -0.019945 -0.170219 0.329928 -0.034850 -0.187506 0.000000 0.000000 0.000000 -1.000000 1 1.162593253e-05 3.375392407e-05
65 0.320619 -0.021047 -0.171528 0.329928 -0.034850 -0.187506 0.000000 0.000000 0.000000 -1.000000 1 1.152209006e-05 3.178883344e-05
65 0.318903 -0.022061 -0.172733 0.329928 -0.034850 -0.187506 0.000000 0.000000 0.000000 -1.000000 1 1.131510362e-05 3.204005770e-05
66 0.314762 -0.024496 -0.175503 0.312066 -0.078897 -0.194023 0.000000 0.000000 0.000000 -1.000000 1 1.170090400e-05 3.224099055e-05
66 0.313166 -0.028652 -0.176912 0.312066 -0.078897 -0.194023 0.000000 0.000000 0.000000 -1.000000 1 1.152814366e-05 3.295694478e-05
66 0.311578 -0.032486 -0.178210 0.312066 -0.078897 -0.194023 0.000000 0.000000 0.000000 -1.000000 1 1.124292612e-05 3.175204620e-05
66 0.309990 -0.036023 -0.179405 0.312066 -0.078897 -0.194023 0.000000 0.000000 0.000000 -1.000000 1 1.135095954e-05 3.195484169e-05
66 0.308397 -0.039285 -0.180505 0.312066 -0.078897 -0.194023 0.000000 0.000000 0.000000 -1.000000 1 1.180591062e-05 3.215298057e-05
66 0.306796 -0.042292 -0.181518 0.312066 -0.078897 -0.194023 0.000000 0.000000 0.000000 -1.000000 1 1.135980710e-05 3.333506174e-05
66 0.305182 -0.045064 -0.182449 0.312066 -0.078897 -0.194023 0.000000 0.000000 0.000000 -1.000000 1 1.424783841e-05 3.998400643e-05
66 0.303553 -0.047620 -0.183305 0.312066 -0.078897 -0.194023 0.000000 0.000000 0.000000 -1.000000 1 1.149391755e-05 3.210594878e-05
66 0.301911 -0.049975 -0.184092 0.312066 -0.078897 -0.194023 0.000000 0.000000 0.000000 -1.000000 1 1.173187047e-05 3.361492418e-05
66 0.300265 -0.052147 -0.184815 0.312066 -0.078897 -0.194023 0.000000 0.000000 0.000000 -1.000000 1 1.162686385e-05 3.252597526e-05
66 0.298624 -0.054149 -0.185478 0.312066 -0.078897 -0.194023 0.000000 0.000000 0.000000 -1.000000 1 1.130392775e-05 3.186496906e-05
66 0.297000 -0.055996 -0.186088 0.312066 -0.078897 -0.194023 0.000000 0.000000 0.000000 -1.000000 1 1.947209239e-05 5.972618237e-05
66 0.295401 -0.057700 -0.186647 0.312066 -0.078897 -0.194023 0.000000 0.000000 0.000000 -1.000000 1 1.157703809e-05 3.855209798e-05
66 0.293830 -0.059275 -0.187160 0.312066 -0.078897 -0.194023 0.000000 0.000000 0.000000 -1.000000 1 1.169415191e-05 3.218604252e-05
66 0.292286 -0.060731 -0.187631 0.312066 -0.078897 -0.194023 0.000000 0.000000 0.000000 -1.000000 1 1.153210178e-05 3.364402801e-05
66 0.290764 -0.062079 -0.188061 0.312066 -0.078897 -0.194023 0.000000 0.000000 0.000000 -1.000000 1 1.142802648e-05 3.357999958e-05
66 0.289255 -0.063329 -0.188455 0.312066 -0.078897 -0.194023 0.000000 0.000000 0.000000 -1.000000 1 1.051882282e-05 2.966518514e-05
66 0.287754 -0.064488 -0.188815 0.312066 -0.078897 -0.194023 0.000000 0.000000 0.000000 -1.000000 1 1.028203405e-05 2.854503691e-05
66 0.286250 -0.065563 -0.189144 0.312066 -0.078897 -0.194023 0.000000 0.000000 0.000000 -1.000000 1 1.198193058e-05 3.309501335e-05
66 0.284738 -0.066558 -0.189443 0.312066 -0.078897 -0.194023 0.000000 0.000000 0.000000 -1.000000 1 1.168111339e-05 3.242003731e-05
67 0.280871 -0.068370 -0.187180 0.309292 -0.101083 -0.185708 0.000000 0.000000 0.000000 -1.000000 1 1.158914529e-05 3.183493391e-05
67 0.279540 -0.070862 -0.186987 0.309292 -0.101083 -0.185708 0.000000 0.000000 0.000000 -1.000000 1 1.129787415e-05 3.309408203e-05
67 0.278210 -0.073164 -0.186804 0.309292 -0.101083 -0.185708 0.000000 0.000000 0.000000 -1.000000 1 1.168996096e-05 3.296602517e-05
67 0.276886 -0.075292 -0.186631 0.309292 -0.101083 -0.185708 0.000000 0.000000 0.000000 -1.000000 1 1.803296618e-05 5.305698141e-05
67 0.275569 -0.077261 -0.186467 0.309292 -0.101083 -0.185708 0.000000 0.000000 0.000000 -1.000000 1 1.640710980e-05 4.913797602e-05
67 0.274259 -0.079085 -0.186311 0.309292 -0.101083 -0.185708 0.000000 0.000000 0.000000 -1.000000 1 1.157517545e-05 3.271992318e-05
67 0.272952 -0.080778 -0.186161 0.309292 -0.101083 -0.185708 0.000000 0.000000 0.000000 -1.000000 1 1.135491766e-05 3.337603994e-05
67 0.271647 -0.082350 -0.186019 0.309292 -0.101083 -0.185708 0.000000 0.000000 0.000000 -1.000000 1 1.110997982e-05 3.132084385e-05
67 0.270342 -0.083811 -0.185882 0.309292 -0.101083 -0.185708 0.000000 0.000000 0.000000 -1.000000 1 1.451210119e-05 3.922102042e-05
67 0.269038 -0.085168 -0.185752 0.309292 -0.101083 -0.185708 0.000000 0.000000 0.000000 -1.000000 1 1.148600131e-05 3.671296872e-05
67 0.267739 -0.086427 -0.185627 0.309292 -0.101083 -0.185708 0.000000 0.000000 0.000000 -1.000000 1 1.128995791e-05 3.368803300e-05
67 0.266450 -0.087593 -0.185507 0.309292 -0.101083 -0.185708 0.000000 0.000000 0.000000 -1.000000 1 1.144595444e-05 3.237207420e-05
67 0.265172 -0.088672 -0.185393 0.309292 -0.101083 -0.185708 0.000000 0.000000 0.000000 -1.000000 1 1.147086732e-05 3.330083564e-05
67 0.263906 -0.089669 -0.185284 0.309292 -0.101083 -0.185708 0.000000 0.000000 0.000000 -1.000000 1 1.147296280e-05 3.227894194e-05
67 0.262648 -0.090590 -0.185179 0.309292 -0.101083 -0.185708 0.000000 0.000000 0.000000 -1.000000 1 1.182104461e-05 3.196415491e-05
67 0.261393 -0.091441 -0.185079 0.309292 -0.101083 -0.185708 0.000000 0.000000 0.000000 -1.000000 1 6.936956197e-06 1.933798194e-05
67 0.260138 -0.092230 -0.184983 0.309292 -0.101083 -0.185708 0.000000 0.000000 0.000000 -1.000000 1 8.351868019e-06 2.380390652e-05
67 0.258881 -0.092964 -0.184890 0.309292 -0.101083 -0.185708 0.000000 0.000000 0.000000 -1.000000 1 6.380025297e-06 1.860782504e-05
67 0.257620 -0.093648 -0.184799 0.309292 -0.101083 -0.185708 0.000000 0.000000 0.000000 -1.000000 1 7.981900126e-06 2.265488729e-05
67 0.256355 -0.094288 -0.184712 0.309292 -0.101083 -0.185708 0.000000 0.000000 0.000000 -1.000000 1 1.144804992e-05 3.241817467e-05
68 0.255174 -0.095675 -0.181980 0.333151 -0.119724 -0.171638 0.000000 0.000000 0.000000 -1.000000 1 1.306692138e-05 3.585219383e-05
68 0.253951 -0.097628 -0.180963 0.333151 -0.119724 -0.171638 0.000000 0.000000 0.000000 -1.000000 1 1.141405664e-05 3.284704871e-05
68 0.252725 -0.099433 -0.180018 0.333151 -0.119724 -0.171638 0.000000 0.000000 0.000000 -1.000000 1 1.173303463e-05 3.335415386e-05
68 0.251487 -0.101101 -0.179139 0.333151 -0.119724 -0.171638 0.000000 0.000000 0.000000 -1.000000 1 1.155701466e-05 3.221188672e-05
68 0.250228 -0.102640 -0.178322 0.333151 -0.119724 -0.171638 0.000000 0.000000 0.000000 -1.000000 1 1.151999459e-05 3.253482282e-05
68 0.248944 -0.104063 -0.177560 0.333151 -0.119724 -0.171638 0.000000 0.000000 0.000000 -1.000000 1 1.996196806e-05 5.381088704e-05
68 0.247637 -0.105379 -0.176851 0.333151 -0.119724 -0.171638 0.000000 0.000000 0.000000 -1.000000 1 1.141894609e-05 3.178906627e-05
68 0.246306 -0.106597 -0.176189 0.333151 -0.119724 -0.171638 0.000000 0.000000 0.000000 -1.000000 1 7.719965652e-06 2.178107388e-05
68 0.244958 -0.107727 -0.175572 0.333151 -0.119724 -0.171638 0.000000 0.000000 0.000000 -1.000000 1 8.428934962e-06 2.361414954e-05
68 0.243601 -0.108777 -0.174997 0.333151 -0.119724 -0.171638 0.000000 0.000000 0.000000 -1.000000 1 1.181894913e-05 3.289803863e-05
68 0.242247 -0.109755 -0.174460 0.333151 -0.119724 -0.171638 0.000000 0.000000 0.000000 -1.000000 1 1.123105176e-05 3.168405965e-05
68 0.240907 -0.110667 -0.173958 0.333151 -0.119724 -0.171638 0.000000 0.000000 0.000000 -1.000000 1 1.142802648e-05 3.225402907e-05
68 0.239591 -0.111521 -0.173490 0.333151 -0.119724 -0.171638 0.000000 0.000000 0.000000 -1.000000 1 1.201406121e-05 3.418792039e-05
68 0.238307 -0.112327 -0.173054 0.333151 -0.119724 -0.171638 0.000000 0.000000 0.000000 -1.000000 1 1.149694435e-05 3.334879875e-05
68 0.237058 -0.113094 -0.172645 0.333151 -0.119724 -0.171638 0.000000 0.000000 0.000000 -1.000000 1 1.149601303e-05 3.211479634e-05
68 0.235841 -0.113831 -0.172263 0.333151 -0.119724 -0.171638 0.000000 0.000000 0.000000 -1.000000 1 1.138891093e-05 3.348104656e-05
68 0.234653 -0.114543 -0.171905 0.333151 -0.119724 -0.171638 0.000000 0.000000 0.000000 -1.000000 1 1.156283543e-05 3.252993338e-05
68 0.233487 -0.115234 -0.171568 0.333151 -0.119724 -0.171638 0.000000 0.000000 0.000000 -1.000000 1 1.364899799e-05 3.714510240e-05
68 0.232334 -0.115905 -0.171251 0.333151 -0.119724 -0.171638 0.000000 0.000000 0.000000 -1.000000 1 1.123989932e-05 3.161607310e-05
68 0.231187 -0.116554 -0.170953 0.333151 -0.119724 -0.171638 0.000000 0.000000 0.000000 -1.000000 1 1.209089532e-05 3.378000110e-05
69 0.229941 -0.116266 -0.172397 0.360150 -0.116855 -0.176185 0.000000 0.000000 0.000000 -1.000000 1 1.169112511e-05 3.416114487e-05
69 0.228798 -0.116803 -0.172273 0.360150 -0.116855 -0.176185 0.000000 0.000000 0.000000 -1.000000 1 1.139589585e-05 3.213202581e-05
69 0.227674 -0.117328 -0.172154 0.360150 -0.116855 -0.176185 0.000000 0.000000 0.000000 -1.000000 1 1.987116411e-05 5.358993076e-05
69 0.226585 -0.117849 -0.172038 0.360150 -0.116855 -0.176185 0.000000 0.000000 0.000000 -1.000000 1 1.148693264e-05 3.195297904e-05
69 0.225538 -0.118374 -0.171926 0.360150 -0.116855 -0.176185 0.000000 0.000000 0.000000 -1.000000 1 1.647695899e-05 4.956708290e-05
69 0.224536 -0.118909 -0.171818 0.360150 -0.116855 -0.176185 0.000000 0.000000 0.000000 -1.000000 1 1.142104156e-05 3.232806921e-05
69 0.223575 -0.119455 -0.171712 0.360150 -0.116855 -0.176185 0.000000 0.000000 0.000000 -1.000000 1 1.164502464e-05 3.276905045e-05
69 0.222651 -0.120010 -0.171608 0.360150 -0.116855 -0.176185 0.000000 0.000000 0.000000 -1.000000 1 1.140404493e-05 3.318721429e-05
69 0.221758 -0.120572 -0.171507 0.360150 -0.116855 -0.176185 0.000000 0.000000 0.000000 -1.000000 1 1.131091267e-05 3.197207116e-05
69 0.220891 -0.121132 -0.171409 0.360150 -0.116855 -0.176185 0.000000 0.000000 0.000000 -1.000000 1 1.193792559e-05 3.350805491e-05
69 0.220045 -0.121685 -0.171312 0.360150 -0.116855 -0.176185 0.000000 0.000000 0.000000 -1.000000 1 1.159217209e-05 3.350293264e-05
69 0.219217 -0.122221 -0.171219 0.360150 -0.116855 -0.176185 0.000000 0.000000 0.000000 -1.000000 1 1.124618575e-05 3.195600584e-05
69 0.218406 -0.122737 -0.171129 0.360150 -0.116855 -0.176185 0.000000 0.000000 0.000000 -1.000000 1 1.133210026e-05 3.294902854e-05
69 0.217606 -0.123228 -0.171042 0.360150 -0.116855 -0.176185 0.000000 0.000000 0.000000 -1.000000 1 1.367391087e-05 3.743404523e-05
69 0.216815 -0.123697 -0.170957 0.360150 -0.116855 -0.176185 0.000000 0.000000 0.000000 -1.000000 1 1.210905612e-05 3.385497257e-05
69 0.216030 -0.124146 -0.170875 0.360150 -0.116855 -0.176185 0.000000 0.000000 0.000000 -1.000000 1 1.151021570e-05 3.150687553e-05
69 0.215248 -0.124580 -0.170795 0.360150 -0.116855 -0.176185 0.000000 0.000000 0.000000 -1.000000 1 1.148693264e-05 3.216392361e-05
69 0.214470 -0.125006 -0.170717 0.360150 -0.116855 -0.176185 0.000000 0.000000 0.000000 -1.000000 1 1.139286906e-05 3.194413148e-05
69 0.213693 -0.125425 -0.170640 0.360150 -0.116855 -0.176185 0.000000 0.000000 0.000000 -1.000000 1 1.175585203e-05 3.320304677e-05
69 0.212914 -0.125836 -0.170565 0.360150 -0.116855 -0.176185 0.000000 0.000000 0.000000 -1.000000 1 1.415610313e-05 4.146993160e-05
70 0.212150 -0.125168 -0.167423 0.419433 -0.103281 -0.144914 0.000000 0.000000 0.000000 -1.000000 1 1.137284562e-05 3.173202276e-05
70 0.211368 -0.124996 -0.164999 0.419433 -0.103281 -0.144914 0.000000 0.000000 0.000000 -1.000000 1 1.135701314e-05 3.275321797e-05
70 0.210552 -0.124849 -0.162759 0.419433 -0.103281 -0.144914 0.000000 0.000000 0.000000 -1.000000 1 1.127202995e-05 3.200606443e-05
70 0.209697 -0.124721 -0.160689 0.419433 -0.103281 -0.144914 0.000000 0.000000 0.000000 -1.000000 1 1.125619747e-05 3.285519779e-05
70 0.208796 -0.124610 -0.158775 0.419433 -0.103281 -0.144914 0.000000 0.000000 0.000000 -1.000000 1 1.137889922e-05 3.199093044e-05
70 0.207850 -0.124519 -0.157006 0.419433 -0.103281 -0.144914 0.000000 0.000000 0.000000 -1.000000 1 1.143314876e-05 3.241817467e-05
70 0.206863 -0.124450 -0.155369 0.419433 -0.103281 -0.144914 0.000000 0.000000 0.000000 -1.000000 1 1.141498797e-05 3.277999349e-05
70 0.205842 -0.124405 -0.153855 0.419433 -0.103281 -0.144914 0.000000 0.000000 0.000000 -1.000000 1 1.138588414e-05 3.218208440e-05
70 0.204795 -0.124387 -0.152453 0.419433 -0.103281 -0.144914 0.000000 0.000000 0.000000 -1.000000 1 1.156702638e-05 3.274716437e-05
70 0.203734 -0.124398 -0.151155 0.419433 -0.103281 -0.144914 0.000000 0.000000 0.000000 -1.000000 1 1.156888902e-05 3.394414671e-05
70 0.202670 -0.124438 -0.149953 0.419433 -0.103281 -0.144914 0.000000 0.000000 0.000000 -1.000000 1 8.441973478e-06 2.423394471e-05
70 0.201617 -0.124505 -0.148841 0.419433 -0.103281 -0.144914 0.000000 0.000000 0.000000 -1.000000 1 1.753284596e-05 5.185999908e-05
70 0.200584 -0.124604 -0.147810 0.419433 -0.103281 -0.144914 0.000000 0.000000 0.000000 -1.000000 1 1.615588553e-05 4.914682359e-05
70 0.199582 -0.124740 -0.146855 0.419433 -0.103281 -0.144914 0.000000 0.000000 0.000000 -1.000000 1 7.851049304e-06 2.377689816e-05
70 0.198617 -0.124922 -0.145969 0.419433 -0.103281 -0.144914 0.000000 0.000000 0.000000 -1.000000 1 1.148693264e-05 2.019503154e-05
70 0.197690 -0.125156 -0.145147 0.419433 -0.103281 -0.144914 0.000000 0.000000 0.000000 -1.000000 1 1.139706001e-05 3.217300400e-05
70 0.196798 -0.125446 -0.144383 0.419433 -0.103281 -0.144914 0.000000 0.000000 0.000000 -1.000000 1 1.426483504e-05 3.833509982e-05
70 0.195937 -0.125790 -0.143671 0.419433 -0.103281 -0.144914 0.000000 0.000000 0.000000 -1.000000 1 1.129391603e-05 3.255601041e-05
70 0.195102 -0.126187 -0.143008 0.419433 -0.103281 -0.144914 0.000000 0.000000 0.000000 -1.000000 1 1.143082045e-05 3.397115506e-05
70 0.194285 -0.126627 -0.142389 0.419433 -0.103281 -0.144914 0.000000 0.000000 0.000000 -1.000000 1 1.139100641e-05 3.282586113e-05
71 0.193229 -0.125898 -0.144239 0.470198 -0.082994 -0.176779 0.000000 0.000000 0.000000 -1.000000 1 1.166202128e-05 3.242213279e-05
71 0.192234 -0.125427 -0.145796 0.470198 -0.082994 -0.176779 0.000000 0.000000 0.000000 -1.000000 1 1.157401130e-05 3.332714550e-05
71 0.191280 -0.125050 -0.147231 0.470198 -0.082994 -0.176779 0.000000 0.000000 0.000000 -1.000000 1 1.150788739e-05 3.194087185e-05
71 0.190380 -0.124774 -0.148554 0.470198 -0.082994 -0.176779 0.000000 0.000000 0.000000 -1.000000 1 1.189787872e-05 3.297301009e-05
71 0.189543 -0.124605 -0.149772 0.470198 -0.082994 -0.176779 0.000000 0.000000 0.000000 -1.000000 1 1.238798723e-05 3.431108780e-05
71 0.188768 -0.124543 -0.150893 0.470198 -0.082994 -0.176779 0.000000 0.000000 0.000000 -1.000000 1 1.163012348e-05 3.303890117e-05
71 0.188053 -0.124584 -0.151924 0.470198 -0.082994 -0.176779 0.000000 0.000000 0.000000 -1.000000 1 1.142290421e-05 3.228499554e-05
71 0.187392 -0.124717 -0.152870 0.470198 -0.082994 -0.176779 0.000000 0.000000 0.000000 -1.000000 1 1.149717718e-05 3.245100379e-05
71 0.186778 -0.124930 -0.153738 0.470198 -0.082994 -0.176779 0.000000 0.000000 0.000000 -1.000000 1 1.305900514e-05 3.684894182e-05
71 0.186201 -0.125204 -0.154535 0.470198 -0.082994 -0.176779 0.000000 0.000000 0.000000 -1.000000 1 1.150299795e-05 3.291689791e-05
71 0.185655 -0.125520 -0.155265 0.470198 -0.082994 -0.176779 0.000000 0.000000 0.000000 -1.000000 1 1.163803972e-05 3.225402907e-05
71 0.185130 -0.125862 -0.155934 0.470198 -0.082994 -0.176779 0.000000 0.000000 0.000000 -1.000000 1 1.130788587e-05 3.164890222e-05
71 0.184623 -0.126215 -0.156548 0.470198 -0.082994 -0.176779 0.000000 0.000000 0.000000 -1.000000 1 1.150509343e-05 3.410992213e-05
71 0.184129 -0.126571 -0.157110 0.470198 -0.082994 -0.176779 0.000000 0.000000 0.000000 -1.000000 1 1.976802014e-05 5.341088399e-05
71 0.183643 -0.126929 -0.157625 0.470198 -0.082994 -0.176779 0.000000 0.000000 0.000000 -1.000000 1 1.140194945e-05 3.219698556e-05
71 0.183164 -0.127290 -0.158096 0.470198 -0.082994 -0.176779 0.000000 0.000000 0.000000 -1.000000 1 2.211914398e-05 4.294607788e-05
71 0.182692 -0.127661 -0.158526 0.470198 -0.082994 -0.176779 0.000000 0.000000 0.000000 -1.000000 1 1.135794446e-05 3.393902443e-05
71 0.182226 -0.128047 -0.158918 0.470198 -0.082994 -0.176779 0.000000 0.000000 0.000000 -1.000000 1 1.128297299e-05 3.206706606e-05
71 0.181763 -0.128452 -0.159274 0.470198 -0.082994 -0.176779 0.000000 0.000000 0.000000 -1.000000 1 1.151417382e-05 3.401911817e-05
71 0.181300 -0.128868 -0.159598 0.470198 -0.082994 -0.176779 0.000000 0.000000 0.000000 -1.000000 1 1.691188663e-05 4.894286394e-05
72 0.180734 -0.128080 -0.157151 0.545874 -0.055745 -0.160912 0.000000 0.000000 0.000000 -1.000000 1 1.158379018e-05 3.279908560e-05
72 0.180107 -0.127526 -0.156152 0.545874 -0.055745 -0.160912 0.000000 0.000000 0.000000 -1.000000 1 1.133698970e-05 3.248290159e-05
72 0.179456 -0.127031 -0.155231 0.545874 -0.055745 -0.160912 0.000000 0.000000 0.000000 -1.000000 1 9.461073205e-06 2.634897828e-05
72 0.178773 -0.126586 -0.154383 0.545874 -0.055745 -0.160912 0.000000 0.000000 0.000000 -1.000000 1 9.971205145e-06 2.795387991e-05
72 0.178053 -0.126188 -0.153601 0.545874 -0.055745 -0.160912 0.000000 0.000000 0.000000 -1.000000 1 1.277192496e-05 3.686104901e-05
72 0.177297 -0.125839 -0.152879 0.545874 -0.055745 -0.160912 0.000000 0.000000 0.000000 -1.000000 1 1.158798113e-05 3.301887773e-05
72 0.176510 -0.125544 -0.152212 0.545874 -0.055745 -0.160912 0.000000 0.000000 0.000000 -1.000000 1 1.002498902e-05 2.764095552e-05
72 0.175700 -0.125305 -0.151596 0.545874 -0.055745 -0.160912 0.000000 0.000000 0.000000 -1.000000 1 1.138402149e-05 3.308686428e-05
72 0.174877 -0.125129 -0.151025 0.545874 -0.055745 -0.160912 0.000000 0.000000 0.000000 -1.000000 1 1.144898124e-05 3.180280328e-05
72 0.174051 -0.125016 -0.150497 0.545874 -0.055745 -0.160912 0.000000 0.000000 0.000000 -1.000000 1 1.177191734e-05 3.229407594e-05
72 0.173234 -0.124965 -0.150007 0.545874 -0.055745 -0.160912 0.000000 0.000000 0.000000 -1.000000 1 1.995195635e-05 5.759787746e-05
72 0.172433 -0.124973 -0.149553 0.545874 -0.055745 -0.160912 0.000000 0.000000 0.000000 -1.000000 1 1.153605990e-05 3.207102418e-05
72 0.171660 -0.125041 -0.149131 0.545874 -0.055745 -0.160912 0.000000 0.000000 0.000000 -1.000000 1 1.151091419e-05 3.342982382e-05
72 0.170926 -0.125180 -0.148738 0.545874 -0.055745 -0.160912 0.000000 0.000000 0.000000 -1.000000 1 1.121894456e-05 3.165192902e-05
72 0.170239 -0.125401 -0.148371 0.545874 -0.055745 -0.160912 0.000000 0.000000 0.000000 -1.000000 1 1.176912338e-05 3.271200694e-05
72 0.169602 -0.125713 -0.148027 0.545874 -0.055745 -0.160912 0.000000 0.000000 0.000000 -1.000000 1 1.150392927e-05 3.210990690e-05
72 0.169015 -0.126120 -0.147702 0.545874 -0.055745 -0.160912 0.000000 0.000000 0.000000 -1.000000 1 1.136795618e-05 3.342400305e-05
72 0.168476 -0.126622 -0.147395 0.545874 -0.055745 -0.160912 0.000000 0.000000 0.000000 -1.000000 1 1.159496605e-05 3.387709148e-05
72 0.167979 -0.127214 -0.147103 0.545874 -0.055745 -0.160912 0.000000 0.000000 0.000000 -1.000000 1 1.149484888e-05 3.348197788e-05
72 0.167516 -0.127884 -0.146824 0.545874 -0.055745 -0.160912 0.000000 0.000000 0.000000 -1.000000 1 1.174304634e-05 4.506995901e-05
73 0.166720 -0.127473 -0.149180 0.611442 -0.031301 -0.203483 0.000000 0.000000 0.000000 -1.000000 1 1.131510362e-05 3.208685666e-05
73 0.166040 -0.127557 -0.151764 0.611442 -0.031301 -0.203483 0.000000 0.000000 0.000000 -1.000000 1 1.160986722e-05 3.261584789e-05
73 0.165415 -0.127720 -0.154145 0.611442 -0.031301 -0.203483 0.000000 0.000000 0.000000 -1.000000 1 1.780595630e-05 5.324697122e-05
73 0.164863 -0.127982 -0.156338 0.611442 -0.031301 -0.203483 0.000000 0.000000 0.000000 -1.000000 1 1.628091559e-05 4.891888238e-05
73 0.164392 -0.128355 -0.158355 0.611442 -0.031301 -0.203483 0.000000 0.000000 0.000000 -1.000000 1 1.654890366e-05 4.824390635e-05
73 0.164006 -0.128844 -0.160209 0.611442 -0.031301 -0.203483 0.000000 0.000000 0.000000 -1.000000 1 1.155701466e-05 3.284611739e-05
73 0.163701 -0.129447 -0.161910 0.611442 -0.031301 -0.203483 0.000000 0.000000 0.000000 -1.000000 1 1.179403625e-05 3.302702680e-05
73 0.163471 -0.130154 -0.163471 0.611442 -0.031301 -0.203483 0.000000 0.000000 0.000000 -1.000000 1 1.045013778e-05 2.941209823e-05
73 0.163306 -0.130945 -0.164901 0.611442 -0.031301 -0.203483 0.000000 0.000000 0.000000 -1.000000 1 7.665017620e-06 2.153613605e-05
73 0.163192 -0.131798 -0.166209 0.611442 -0.031301 -0.203483 0.000000 0.000000 0.000000 -1.000000 1 9.209150448e-06 2.712709829e-05
73 0.163113 -0.132685 -0.167406 0.611442 -0.031301 -0.203483 0.000000 0.000000 0.000000 -1.000000 1 1.000100747e-05 2.993689850e-05
73 0.163057 -0.133582 -0.168499 0.611442 -0.031301 -0.203483 0.000000 0.000000 0.000000 -1.000000 1 1.376401633e-05 3.920192830e-05
73 0.163013 -0.134471 -0.169498 0.611442 -0.031301 -0.203483 0.000000 0.000000 0.000000 -1.000000 1 1.143408008e-05 3.239186481e-05
73 0.162975 -0.135342 -0.170410 0.611442 -0.031301 -0.203483 0.000000 0.000000 0.000000 -1.000000 1 1.164502464e-05 3.278185613e-05
73 0.162940 -0.136194 -0.171241 0.611442 -0.031301 -0.203483 0.000000 0.000000 0.000000 -1.000000 1 1.164898276e-05 3.213016316e-05
73 0.162908 -0.137035 -0.171999 0.611442 -0.031301 -0.203483 0.000000 0.000000 0.000000 -1.000000 1 1.142802648e-05 3.239698708e-05
73 0.162883 -0.137873 -0.172687 0.611442 -0.031301 -0.203483 0.000000 0.000000 0.000000 -1.000000 1 1.174816862e-05 3.323098645e-05
73 0.162864 -0.138720 -0.173313 0.611442 -0.031301 -0.203483 0.000000 0.000000 0.000000 -1.000000 1 1.134397462e-05 3.289710730e-05
73 0.162852 -0.139579 -0.173879 0.611442 -0.031301 -0.203483 0.000000 0.000000 0.000000 -1.000000 1 1.229601912e-05 3.485102206e-05
73 0.162840 -0.140445 -0.174391 0.611442 -0.031301 -0.203483 0.000000 0.000000 0.000000 -1.000000 1 1.349695958e-05 3.795907833e-05
74 0.162628 -0.140127 -0.172236 0.696978 0.002206 -0.195706 0.000000 0.000000 0.000000 -1.000000 1 1.159915701e-05 3.289803863e-05
74 0.162418 -0.140309 -0.171924 0.696978 0.002206 -0.195706 0.000000 0.000000 0.000000 -1.000000 1 1.239916310e-05 3.508501686e-05
74 0.162186 -0.140517 -0.171631 0.696978 0.002206 -0.195706 0.000000 0.000000 0.000000 -1.000000 1 1.149298623e-05 3.217090853e-05
74 0.161921 -0.140746 -0.171356 0.696978 0.002206 -0.195706 0.000000 0.000000 0.000000 -1.000000 1 1.161079854e-05 3.222003579e-05
74 0.161620 -0.140994 -0.171097 0.696978 0.002206 -0.195706 0.000000 0.000000 0.000000 -1.000000 1 1.957593486e-05 5.478900857e-05
74 0.161287 -0.141269 -0.170852 0.696978 0.002206 -0.195706 0.000000 0.000000 0.000000 -1.000000 1 1.146900468e-05 3.227218986e-05
74 0.160929 -0.141578 -0.170619 0.696978 0.002206 -0.195706 0.000000 0.000000 0.000000 -1.000000 1 1.176097430e-05 3.308709711e-05
74 0.160558 -0.141933 -0.170399 0.696978 0.002206 -0.195706 0.000000 0.000000 0.000000 -1.000000 1 1.122988760e-05 3.168918192e-05
74 0.160186 -0.142343 -0.170187 0.696978 0.002206 -0.195706 0.000000 0.000000 0.000000 -1.000000 1 1.153186895e-05 3.235205077e-05
74 0.159825 -0.142813 -0.169985 0.696978 0.002206 -0.195706 0.000000 0.000000 0.000000 -1.000000 1 1.157098450e-05 3.218185157e-05
74 0.159481 -0.143340 -0.169790 0.696978 0.002206 -0.195706 0.000000 0.000000 0.000000 -1.000000 1 1.012301072e-05 2.891803160e-05
74 0.159160 -0.143919 -0.169601 0.696978 0.002206 -0.195706 0.000000 0.000000 0.000000 -1.000000 1 1.143594272e-05 3.443099558e-05
74 0.158873 -0.144552 -0.169418 0.696978 0.002206 -0.195706 0.000000 0.000000 0.000000 -1.000000 1 1.149508171e-05 3.197393380e-05
74 0.158636 -0.145256 -0.169239 0.696978 0.002206 -0.195706 0.000000 0.000000 0.000000 -1.000000 1 1.161196269e-05 3.406195901e-05
74 0.158462 -0.146048 -0.169064 0.696978 0.002206 -0.195706 0.000000 0.000000 0.000000 -1.000000 1 1.137494110e-05 3.394088708e-05
74 0.158360 -0.146942 -0.168889 0.696978 0.002206 -0.195706 0.000000 0.000000 0.000000 -1.000000 1 1.636799425e-05 3.709713928e-05
74 0.158334 -0.147946 -0.168713 0.696978 0.002206 -0.195706 0.000000 0.000000 0.000000 -1.000000 1 1.969910227e-05 5.516898818e-05
74 0.158388 -0.149065 -0.168536 0.696978 0.002206 -0.195706 0.000000 0.000000 0.000000 -1.000000 1 1.146993600e-05 3.240094520e-05
74 0.158517 -0.150294 -0.168354 0.696978 0.002206 -0.195706 0.000000 0.000000 0.000000 -1.000000 1 4.897196777e-05 7.994682528e-05
74 0.158709 -0.151617 -0.168169 0.696978 0.002206 -0.195706 0.000000 0.000000 0.000000 -1.000000 1 1.159496605e-05 3.272411413e-05
75 0.158467 -0.151932 -0.170465 0.772836 0.029777 -0.235800 0.000000 0.000000 0.000000 -1.000000 1 1.151999459e-05 3.375415690e-05
75 0.158573 -0.153238 -0.172835 0.772836 0.029777 -0.235800 0.000000 0.000000 0.000000 -1.000000 1 1.442199573e-05 4.080403596e-05
75 0.158750 -0.154588 -0.175002 0.772836 0.029777 -0.235800 0.000000 0.000000 0.000000 -1.000000 1 1.143710688e-05 3.250385635e-05
75 0.159023 -0.156010 -0.176982 0.772836 0.029777 -0.235800 0.000000 0.000000 0.000000 -1.000000 1 1.167482696e-05 3.267405555e-05
75 0.159410 -0.157526 -0.178787 0.772836 0.029777 -0.235800 0.000000 0.000000 0.000000 -1.000000 1 1.169904135e-05 3.269617446e-05
75 0.159920 -0.159147 -0.180429 0.772836 0.029777 -0.235800 0.000000 0.000000 0.000000 -1.000000 1 9.706011042e-06 2.865097485e-05
75 0.160553 -0.160873 -0.181919 0.772836 0.029777 -0.235800 0.000000 0.000000 0.000000 -1.000000 1 7.397960871e-06 2.193497494e-05
75 0.161302 -0.162695 -0.183268 0.772836 0.029777 -0.235800 0.000000 0.000000 0.000000 -1.000000 1 1.093698665e-05 3.055110574e-05
75 0.162149 -0.164589 -0.184485 0.772836 0.029777 -0.235800 0.000000 0.000000 0.000000 -1.000000 1 1.140707172e-05 3.299093805e-05
75 0.163068 -0.166523 -0.185579 0.772836 0.029777 -0.235800 0.000000 0.000000 0.000000 -1.000000 1 1.139892265e-05 3.326009028e-05
75 0.164030 -0.168463 -0.186560 0.772836 0.029777 -0.235800 0.000000 0.000000 0.000000 -1.000000 1 1.166202128e-05 3.244099207e-05
75 0.165008 -0.170376 -0.187436 0.772836 0.029777 -0.235800 0.000000 0.000000 0.000000 -1.000000 1 1.146714203e-05 3.241398372e-05
75 0.165984 -0.172241 -0.188216 0.772836 0.029777 -0.235800 0.000000 0.000000 0.000000 -1.000000 1 1.134886406e-05 3.206287511e-05
75 0.166947 -0.174048 -0.188909 0.772836 0.029777 -0.235800 0.000000 0.000000 0.000000 -1.000000 1 1.195794903e-05 3.282004036e-05
75 0.167896 -0.175800 -0.189521 0.772836 0.029777 -0.235800 0.000000 0.000000 0.000000 -1.000000 1 1.150206663e-05 3.168103285e-05
75 0.168837 -0.177508 -0.190060 0.772836 0.029777 -0.235800 0.000000 0.000000 0.000000 -1.000000 1 1.128111035e-05 3.219582140e-05
75 0.169778 -0.179188 -0.190531 0.772836 0.029777 -0.235800 0.000000 0.000000 0.000000 -1.000000 1 1.148483716e-05 3.268802539e-05
75 0.170725 -0.180854 -0.190941 0.772836 0.029777 -0.235800 0.000000 0.000000 0.000000 -1.000000 1 1.180404797e-05 3.404705785e-05
75 0.171677 -0.182510 -0.191293 0.772836 0.029777 -0.235800 0.000000 0.000000 0.000000 -1.000000 1 1.276517287e-05 3.478210419e-05
75 0.172615 -0.184144 -0.191592 0.772836 0.029777 -0.235800 0.000000 0.000000 0.000000 -1.000000 1 1.142197289e-05 3.344495781e-05
76 0.173207 -0.184512 -0.189121 0.866793 0.072745 -0.226203 0.000000 0.000000 0.000000 -1.000000 1 1.160916872e-05 3.204890527e-05
76 0.173969 -0.185758 -0.188306 0.866793 0.072745 -0.226203 0.000000 0.000000 0.000000 -1.000000 1 1.134397462e-05 3.165192902e-05
76 0.174655 -0.186956 -0.187530 0.866793 0.072745 -0.226203 0.000000 0.000000 0.000000 -1.000000 1 1.123710535e-05 3.245007247e-05
76 0.175258 -0.188104 -0.186790 0.866793 0.072745 -0.226203 0.000000 0.000000 0.000000 -1.000000 1 1.124502160e-05 3.184494562e-05
76 0.175778 -0.189207 -0.186085 0.866793 0.072745 -0.226203 0.000000 0.000000 0.000000 -1.000000 1 1.593306661e-05 4.897289909e-05
76 0.176225 -0.190280 -0.185412 0.866793 0.072745 -0.226203 0.000000 0.000000 0.000000 -1.000000 1 6.310176104e-06 1.729698852e-05
76 0.176619 -0.191343 -0.184769 0.866793 0.072745 -0.226203 0.000000 0.000000 0.000000 -1.000000 1 7.226830348e-06 2.041598782e-05
76 0.176981 -0.192415 -0.184155 0.866793 0.072745 -0.226203 0.000000 0.000000 0.000000 -1.000000 1 1.142406836e-05 3.232108429e-05
76 0.177329 -0.193513 -0.183568 0.866793 0.072745 -0.226203 0.000000 0.000000 0.000000 -1.000000 1 1.151603647e-05 3.256089985e-05
76 0.177680 -0.194646 -0.183005 0.866793 0.072745 -0.226203 0.000000 0.000000 0.000000 -1.000000 1 1.154700294e-05 3.204983659e-05
76 0.178047 -0.195818 -0.182464 0.866793 0.072745 -0.226203 0.000000 0.000000 0.000000 -1.000000 1 1.749815419e-05 5.229818635e-05
76 0.178435 -0.197026 -0.181944 0.866793 0.072745 -0.226203 0.000000 0.000000 0.000000 -1.000000 1 1.656217501e-05 4.916591570e-05
76 0.178862 -0.198278 -0.181442 0.866793 0.072745 -0.226203 0.000000 0.000000 0.000000 -1.000000 1 1.743785106e-05 5.051610060e-05
76 0.179355 -0.199596 -0.180957 0.866793 0.072745 -0.226203 0.000000 0.000000 0.000000 -1.000000 1 1.639104448e-05 4.937406629e-05
76 0.179938 -0.201003 -0.180486 0.866793 0.072745 -0.226203 0.000000 0.000000 0.000000 -1.000000 1 1.337798312e-05 3.610807471e-05
76 0.180630 -0.202516 -0.180027 0.866793 0.072745 -0.226203 0.000000 0.000000 0.000000 -1.000000 1 1.460895874e-05 3.926991485e-05
76 0.181441 -0.204145 -0.179577 0.866793 0.072745 -0.226203 0.000000 0.000000 0.000000 -1.000000 1 1.147505827e-05 3.287498839e-05
76 0.182382 -0.205900 -0.179132 0.866793 0.072745 -0.226203 0.000000 0.000000 0.000000 -1.000000 1 1.200195402e-05 3.363611177e-05
76 0.183440 -0.207748 -0.178690 0.866793 0.072745 -0.226203 0.000000 0.000000 0.000000 -1.000000 1 1.141801476e-05 3.245519474e-05
76 0.184556 -0.209570 -0.178245 0.866793 0.072745 -0.226203 0.000000 0.000000 0.000000 -1.000000 1 1.184898429e-05 3.318698145e-05
77 0.185470 -0.211355 -0.180873 0.946546 0.097047 -0.293410 0.000000 0.000000 0.000000 -1.000000 1 1.167994924e-05 3.278697841e-05
77 0.186339 -0.213105 -0.184834 0.946546 0.097047 -0.293410 0.000000 0.000000 0.000000 -1.000000 1 1.166178845e-05 3.279279917e-05
77 0.187309 -0.214821 -0.188457 0.946546 0.097047 -0.293410 0.000000 0.000000 0.000000 -1.000000 1 1.200707629e-05 3.330316395e-05
77 0.188407 -0.216502 -0.191767 0.946546 0.097047 -0.293410 0.000000 0.000000 0.000000 -1.000000 1 1.136213541e-05 3.292900510e-05
77 0.189656 -0.218151 -0.194788 0.946546 0.097047 -0.293410 0.000000 0.000000 0.000000 -1.000000 1 1.173000783e-05 3.225007094e-05
77 0.191060 -0.219767 -0.197540 0.946546 0.097047 -0.293410 0.000000 0.000000 0.000000 -1.000000 1 1.137703657e-05 4.068086855e-05
77 0.192617 -0.221351 -0.200044 0.946546 0.097047 -0.293410 0.000000 0.000000 0.000000 -1.000000 1 1.147994772e-05 3.249594010e-05
77 0.194310 -0.222903 -0.202317 0.946546 0.097047 -0.293410 0.000000 0.000000 0.000000 -1.000000 1 1.174514182e-05 3.886921331e-05
77 0.196116 -0.224426 -0.204377 0.946546 0.097047 -0.293410 0.000000 0.000000 0.000000 -1.000000 1 1.135282218e-05 3.179605119e-05
77 0.198004 -0.225918 -0.206241 0.946546 0.097047 -0.293410 0.000000 0.000000 0.000000 -1.000000 1 2.332800068e-05 5.573779345e-05
77 0.199942 -0.227380 -0.207924 0.946546 0.097047 -0.293410 0.000000 0.000000 0.000000 -1.000000 1 1.776800491e-05 5.336501636e-05
77 0.201901 -0.228814 -0.209441 0.946546 0.097047 -0.293410 0.000000 0.000000 0.000000 -1.000000 1 5.848938599e-06 1.709791832e-05
77 0.203859 -0.230219 -0.210805 0.946546 0.097047 -0.293410 0.000000 0.000000 0.000000 -1.000000 1 2.482207492e-05 7.153302431e-05
77 0.205805 -0.231597 -0.212030 0.946546 0.097047 -0.293410 0.000000 0.000000 0.000000 -1.000000 1 8.644070476e-06 2.240482718e-05
77 0.207737 -0.232947 -0.213126 0.946546 0.097047 -0.293410 0.000000 0.000000 0.000000 -1.000000 1 2.800952643e-06 7.992843166e-06
77 0.209660 -0.234271 -0.214102 0.946546 0.097047 -0.293410 0.000000 0.000000 0.000000 -1.000000 1 2.749962732e-06 7.930910215e-06
77 0.211579 -0.235569 -0.214969 0.946546 0.097047 -0.293410 0.000000 0.000000 0.000000 -1.000000 1 2.852175385e-06 7.985159755e-06
77 0.213494 -0.236841 -0.215735 0.946546 0.097047 -0.293410 0.000000 0.000000 0.000000 -1.000000 1 2.807006240e-06 7.941853255e-06
77 0.215393 -0.238088 -0.216406 0.946546 0.097047 -0.293410 0.000000 0.000000 0.000000 -1.000000 1 5.450099707e-06 1.593888737e-05
77 0.217231 -0.239310 -0.216991 0.946546 0.097047 -0.293410 0.000000 0.000000 0.000000 -1.000000 1 5.535082892e-06 1.639896072e-05
78 0.218573 -0.239320 -0.214399 1.043016 0.158444 -0.273612 0.000000 0.000000 0.000000 -1.000000 1 5.187001079e-06 1.508998685e-05
78 0.220326 -0.240518 -0.212850 1.043016 0.158444 -0.273612 0.000000 0.000000 0.000000 -1.000000 1 5.187001079e-06 1.548090950e-05
78 0.221916 -0.241693 -0.211383 1.043016 0.158444 -0.273612 0.000000 0.000000 0.000000 -1.000000 1 5.202135071e-06 1.557799987e-05
78 0.223350 -0.242844 -0.209992 1.043016 0.158444 -0.273612 0.000000 0.000000 0.000000 -1.000000 1 5.142996088e-06 1.553399488e-05
78 0.224635 -0.243972 -0.208674 1.043016 0.158444 -0.273612 0.000000 0.000000 0.000000 -1.000000 1 5.803070962e-06 1.695402898e-05
78 0.225789 -0.245078 -0.207423 1.043016 0.158444 -0.273612 0.000000 0.000000 0.000000 -1.000000 1 5.287118256e-06 1.569301821e-05
78 0.226833 -0.246163 -0.206234 1.043016 0.158444 -0.273612 0.000000 0.000000 0.000000 -1.000000 1 5.163019523e-06 1.559709199e-05
78 0.227793 -0.247225 -0.205104 1.043016 0.158444 -0.273612 0.000000 0.000000 0.000000 -1.000000 1 5.099922419e-06 1.549790613e-05
78 0.228686 -0.248267 -0.204028 1.043016 0.158444 -0.273612 0.000000 0.000000 0.000000 -1.000000 1 5.108071491e-06 1.522782259e-05
78 0.229524 -0.249289 -0.203002 1.043016 0.158444 -0.273612 0.000000 0.000000 0.000000 -1.000000 1 8.006114513e-06 2.422812395e-05
78 0.230312 -0.250290 -0.202025 1.043016 0.158444 -0.273612 0.000000 0.000000 0.000000 -1.000000 1 2.817949280e-06 7.965136319e-06
78 0.231062 -0.251271 -0.201093 1.043016 0.158444 -0.273612 0.000000 0.000000 0.000000 -1.000000 1 3.487104550e-06 9.918818250e-06
78 0.231796 -0.252233 -0.200203 1.043016 0.158444 -0.273612 0.000000 0.000000 0.000000 -1.000000 1 3.125984222e-06 8.838018402e-06
78 0.232547 -0.253176 -0.199353 1.043016 0.158444 -0.273612 0.000000 0.000000 0.000000 -1.000000 1 2.863816917e-06 8.145114407e-06
78 0.233340 -0.254101 -0.198538 1.043016 0.158444 -0.273612 0.000000 0.000000 0.000000 -1.000000 1 2.885004506e-06 8.119037375e-06
78 0.234191 -0.255007 -0.197754 1.043016 0.158444 -0.273612 0.000000 0.000000 0.000000 -1.000000 1 5.182111636e-06 1.566600986e-05
78 0.235110 -0.255895 -0.196997 1.043016 0.158444 -0.273612 0.000000 0.000000 0.000000 -1.000000 1 5.352078006e-06 1.604808494e-05
78 0.236108 -0.256766 -0.196264 1.043016 0.158444 -0.273612 0.000000 0.000000 0.000000 -1.000000 1 5.085952580e-06 1.527299173e-05
78 0.237194 -0.257619 -0.195551 1.043016 0.158444 -0.273612 0.000000 0.000000 0.000000 -1.000000 1 5.139037967e-06 1.556193456e-05
78 0.238366 -0.258456 -0.194856 1.043016 0.158444 -0.273612 0.000000 0.000000 0.000000 -1.000000 1 5.306908861e-06 1.588789746e-05
79 0.239113 -0.259276 -0.198753 1.119001 0.159595 -0.407592 0.000000 0.000000 0.000000 -1.000000 1 7.844995707e-06 2.151890658e-05
79 0.239492 -0.260080 -0.207299 1.119001 0.159595 -0.407592 0.000000 0.000000 0.000000 -1.000000 1 1.337588765e-05 3.939121962e-05
79 0.240112 -0.260868 -0.215180 1.119001 0.159595 -0.407592 0.000000 0.000000 0.000000 -1.000000 1 1.608394086e-05 4.747300409e-05
79 0.241000 -0.261641 -0.222441 1.119001 0.159595 -0.407592 0.000000 0.000000 0.000000 -1.000000 1 1.120613888e-05 3.069406375e-05
79 0.242189 -0.262398 -0.229125 1.119001 0.159595 -0.407592 0.000000 0.000000 0.000000 -1.000000 1 1.157284714e-05 3.215298057e-05
79 0.243686 -0.263140 -0.235272 1.119001 0.159595 -0.407592 0.000000 0.000000 0.000000 -1.000000 1 1.073605381e-05 3.002397716e-05
79 0.245482 -0.263868 -0.240918 1.119001 0.159595 -0.407592 0.000000 0.000000 0.000000 -1.000000 1 1.684110612e-05 4.687206820e-05
79 0.247552 -0.264581 -0.246097 1.119001 0.159595 -0.407592 0.000000 0.000000 0.000000 -1.000000 1 1.134281047e-05 3.159209155e-05
79 0.249855 -0.265281 -0.250842 1.119001 0.159595 -0.407592 0.000000 0.000000 0.000000 -1.000000 1 1.007504761e-05 2.793408930e-05
79 0.252344 -0.265966 -0.255183 1.119001 0.159595 -0.407592 0.000000 0.000000 0.000000 -1.000000 1 1.190393232e-05 3.306102008e-05
79 0.254971 -0.266638 -0.259150 1.119001 0.159595 -0.407592 0.000000 0.000000 0.000000 -1.000000 1 1.152511686e-05 3.188895062e-05
79 0.257696 -0.267297 -0.262770 1.119001 0.159595 -0.407592 0.000000 0.000000 0.000000 -1.000000 1 1.123803668e-05 3.278907388e-05
79 0.260480 -0.267942 -0.266069 1.119001 0.159595 -0.407592 0.000000 0.000000 0.000000 -1.000000 1 1.615285873e-05 4.854495637e-05
79 0.263300 -0.268575 -0.269071 1.119001 0.159595 -0.407592 0.000000 0.000000 0.000000 -1.000000 1 1.793005504e-05 4.887720570e-05
79 0.266151 -0.269196 -0.271798 1.119001 0.159595 -0.407592 0.000000 0.000000 0.000000 -1.000000 1 1.140916720e-05 3.189104609e-05
79 0.269037 -0.269804 -0.274270 1.119001 0.159595 -0.407592 0.000000 0.000000 0.000000 -1.000000 1 1.650187187e-05 4.954100586e-05
79 0.271964 -0.270400 -0.276503 1.119001 0.159595 -0.407592 0.000000 0.000000 0.000000 -1.000000 1 1.658895053e-05 4.790280946e-05
79 0.274925 -0.270984 -0.278516 1.119001 0.159595 -0.407592 0.000000 0.000000 0.000000 -1.000000 1 8.546980098e-06 2.563605085e-05
79 0.277891 -0.271557 -0.280322 1.119001 0.159595 -0.407592 0.000000 0.000000 0.000000 -1.000000 1 1.749303192e-05 4.589511082e-05
79 0.280767 -0.272119 -0.281940 1.119001 0.159595 -0.407592 0.000000 0.000000 0.000000 -1.000000 1 1.159799285e-05 3.374298103e-05
80 0.283011 -0.271481 -0.279644 1.199324 0.243697 -0.370498 0.000000 0.000000 0.000000 -1.000000 1 1.677405089e-05 4.880479537e-05
80 0.285874 -0.272044 -0.277608 1.199324 0.243697 -0.370498 0.000000 0.000000 0.000000 -1.000000 1 1.657707617e-05 4.850095138e-05
80 0.288463 -0.272596 -0.275669 1.199324 0.243697 -0.370498 0.000000 0.000000 0.000000 -1.000000 1 1.159706153e-05 3.320490941e-05
80 0.290795 -0.273137 -0.273822 1.199324 0.243697 -0.370498 0.000000 0.000000 0.000000 -1.000000 1 5.462905392e-06 1.518707722e-05
80 0.292898 -0.273668 -0.272064 1.199324 0.243697 -0.370498 0.000000 0.000000 0.000000 -1.000000 1 1.177215017e-05 3.757909872e-05
80 0.294807 -0.274187 -0.270390 1.199324 0.243697 -0.370498 0.000000 0.000000 0.000000 -1.000000 1 1.166108996e-05 3.280397505e-05
80 0.296563 -0.274697 -0.268795 1.199324 0.243697 -0.370498 0.000000 0.000000 0.000000 -1.000000 1 1.169787720e-05 3.396510147e-05
80 0.298207 -0.275197 -0.267274 1.199324 0.243697 -0.370498 0.000000 0.000000 0.000000 -1.000000 1 1.151883043e-05 3.256509081e-05
80 0.299781 -0.275686 -0.265820 1.199324 0.243697 -0.370498 0.000000 0.000000 0.000000 -1.000000 1 1.362082548e-05 4.082988016e-05
80 0.301295 -0.276166 -0.264430 1.199324 0.243697 -0.370498 0.000000 0.000000 0.000000 -1.000000 1 1.153699122e-05 3.255996853e-05
80 0.302734 -0.276637 -0.263100 1.199324 0.243697 -0.370498 0.000000 0.000000 0.000000 -1.000000 1 1.207087189e-05 3.326311707e-05
80 0.304082 -0.277098 -0.261828 1.199324 0.243697 -0.370498 0.000000 0.000000 0.000000 -1.000000 1 1.151603647e-05 3.212410957e-05
80 0.305360 -0.277550 -0.260611 1.199324 0.243697 -0.370498 0.000000 0.000000 0.000000 -1.000000 1 1.634797081e-05 4.916009493e-05
80 0.306618 -0.277993 -0.259444 1.199324 0.243697 -0.370498 0.000000 0.000000 0.000000 -1.000000 1 1.634494402e-05 4.885904491e-05
80 0.307906 -0.278428 -0.258323 1.199324 0.243697 -0.370498 0.000000 0.000000 0.000000 -1.000000 1 1.179706305e-05 3.282097168e-05
80 0.309256 -0.278854 -0.257240 1.199324 0.243697 -0.370498 0.000000 0.000000 0.000000 -1.000000 1 1.327414066e-05 3.795302473e-05
80 0.310693 -0.279271 -0.256191 1.199324 0.243697 -0.370498 0.000000 0.000000 0.000000 -1.000000 1 1.159706153e-05 3.184494562e-05
80 0.312239 -0.279680 -0.255169 1.199324 0.243697 -0.370498 0.000000 0.000000 0.000000 -1.000000 1 1.146295108e-05 3.253482282e-05
80 0.313918 -0.280082 -0.254170 1.199324 0.243697 -0.370498 0.000000 0.000000 0.000000 -1.000000 1 1.055398025e-05 3.005703911e-05
80 0.315740 -0.280475 -0.253188 1.199324 0.243697 -0.370498 0.000000 0.000000 0.000000 -1.000000 1 1.170695759e-05 3.285799176e-05
81 0.316903 -0.280861 -0.257524 1.262777 0.222295 -0.541880 0.000000 0.000000 0.000000 -1.000000 1 2.390891314e-05 7.119099610e-05
81 0.317315 -0.281238 -0.268395 1.262777 0.222295 -0.541880 0.000000 0.000000 0.000000 -1.000000 1 1.162406988e-05 3.270898014e-05
81 0.318110 -0.281609 -0.278446 1.262777 0.222295 -0.541880 0.000000 0.000000 0.000000 -1.000000 1 1.173606142e-05 3.431597725e-05
81 0.319325 -0.281972 -0.287730 1.262777 0.222295 -0.541880 0.000000 0.000000 0.000000 -1.000000 1 1.163082197e-05 3.216788173e-05
81 0.321020 -0.282328 -0.296294 1.262777 0.222295 -0.541880 0.000000 0.000000 0.000000 -1.000000 1 1.175911166e-05 3.385916352e-05
81 0.323225 -0.282677 -0.304180 1.262777 0.222295 -0.541880 0.000000 0.000000 0.000000 -1.000000 1 1.158798113e-05 3.195810132e-05
81 0.325942 -0.283019 -0.311428 1.262777 0.222295 -0.541880 0.000000 0.000000 0.000000 -1.000000 1 1.143896952e-05 3.175903112e-05
81 0.329148 -0.283354 -0.318075 1.262777 0.222295 -0.541880 0.000000 0.000000 0.000000 -1.000000 1 1.188786700e-05 3.894208930e-05
81 0.332791 -0.283683 -0.324156 1.262777 0.222295 -0.541880 0.000000 0.000000 0.000000 -1.000000 1 1.189089380e-05 3.239605576e-05
81 0.336809 -0.284005 -0.329706 1.262777 0.222295 -0.541880 0.000000 0.000000 0.000000 -1.000000 1 1.690303907e-05 4.989211448e-05
81 0.341142 -0.284321 -0.334758 1.262777 0.222295 -0.541880 0.000000 0.000000 0.000000 -1.000000 1 2.565700561e-05 5.833501928e-05
81 0.345739 -0.284630 -0.339346 1.262777 0.222295 -0.541880 0.000000 0.000000 0.000000 -1.000000 1 5.149981007e-06 1.552700996e-05
81 0.350535 -0.284934 -0.343500 1.262777 0.222295 -0.541880 0.000000 0.000000 0.000000 -1.000000 1 4.337867722e-06 1.196190715e-05
81 0.355490 -0.285231 -0.347251 1.262777 0.222295 -0.541880 0.000000 0.000000 0.000000 -1.000000 1 2.820044756e-06 7.963040844e-06
81 0.360600 -0.285523 -0.350624 1.262777 0.222295 -0.541880 0.000000 0.000000 0.000000 -1.000000 1 1.675193198e-05 5.003088154e-05
81 0.365880 -0.285808 -0.353645 1.262777 0.222295 -0.541880 0.000000 0.000000 0.000000 -1.000000 1 1.159799285e-05 3.176205792e-05
81 0.371347 -0.286089 -0.356332 1.262777 0.222295 -0.541880 0.000000 0.000000 0.000000 -1.000000 1 1.150183380e-05 3.205006942e-05
81 0.377004 -0.286363 -0.358706 1.262777 0.222295 -0.541880 0.000000 0.000000 0.000000 -1.000000 1 1.512421295e-05 4.213699140e-05
81 0.382811 -0.286632 -0.360783 1.262777 0.222295 -0.541880 0.000000 0.000000 0.000000 -1.000000 1 1.142919064e-05 3.164797090e-05
81 0.388612 -0.286896 -0.362585 1.262777 0.222295 -0.541880 0.000000 0.000000 0.000000 -1.000000 1 1.173513010e-05 3.252993338e-05
82 0.393698 -0.285967 -0.359667 1.309512 0.329023 -0.478341 0.000000 0.000000 0.000000 -1.000000 1 1.154886559e-05 3.228010610e-05
82 0.399968 -0.286244 -0.355882 1.309512 0.329023 -0.478341 0.000000 0.000000 0.000000 -1.000000 1 1.137680374e-05 3.220397048e-05
82 0.405846 -0.286516 -0.352219 1.309512 0.329023 -0.478341 0.000000 0.000000 0.000000 -1.000000 1 1.130718738e-05 3.908504732e-05
82 0.411371 -0.286782 -0.348676 1.309512 0.329023 -0.478341 0.000000 0.000000 0.000000 -1.000000 1 1.156795770e-05 3.257603385e-05
82 0.416602 -0.287043 -0.345251 1.309512 0.329023 -0.478341 0.000000 0.000000 0.000000 -1.000000 1 1.211999916e-05 3.338116221e-05
82 0.421614 -0.287299 -0.341938 1.309512 0.329023 -0.478341 0.000000 0.000000 0.000000 -1.000000 1 1.153512858e-05 3.180513158e-05
82 0.426489 -0.287550 -0.338734 1.309512 0.329023 -0.478341 0.000000 0.000000 0.000000 -1.000000 1 1.613399945e-05 4.874914885e-05
82 0.431308 -0.287795 -0.335633 1.309512 0.329023 -0.478341 0.000000 0.000000 0.000000 -1.000000 1 1.153489575e-05 3.337790258e-05
82 0.436138 -0.288036 -0.332627 1.309512 0.329023 -0.478341 0.000000 0.000000 0.000000 -1.000000 1 1.155189238e-05 3.259698860e-05
82 0.441028 -0.288272 -0.329711 1.309512 0.329023 -0.478341 0.000000 0.000000 0.000000 -1.000000 1 1.792795956e-05 5.210889503e-05
82 0.445982 -0.288504 -0.326878 1.309512 0.329023 -0.478341 0.000000 0.000000 0.000000 -1.000000 1 1.149415039e-05 3.232993186e-05
82 0.450929 -0.288731 -0.324118 1.309512 0.329023 -0.478341 0.000000 0.000000 0.000000 -1.000000 1 1.235888340e-05 3.397301771e-05
82 0.455837 -0.288953 -0.321427 1.309512 0.329023 -0.478341 0.000000 0.000000 0.000000 -1.000000 1 1.170113683e-05 3.342702985e-05
82 0.460768 -0.289172 -0.318799 1.309512 0.329023 -0.478341 0.000000 0.000000 0.000000 -1.000000 1 1.196004450e-05 3.269803710e-05
82 0.465819 -0.289385 -0.316231 1.309512 0.329023 -0.478341 0.000000 0.000000 0.000000 -1.000000 1 1.989584416e-05 5.382392555e-05
82 0.471070 -0.289595 -0.313715 1.309512 0.329023 -0.478341 0.000000 0.000000 0.000000 -1.000000 1 1.160008833e-05 3.280793317e-05
82 0.476594 -0.289800 -0.311246 1.309512 0.329023 -0.478341 0.000000 0.000000 0.000000 -1.000000 1 1.267180778e-05 3.468198702e-05
82 0.482459 -0.290002 -0.308819 1.309512 0.329023 -0.478341 0.000000 0.000000 0.000000 -1.000000 1 1.162779517e-05 3.230897710e-05
82 0.488734 -0.290199 -0.306431 1.309512 0.329023 -0.478341 0.000000 0.000000 0.000000 -1.000000 1 1.175189391e-05 3.291293979e-05
82 0.495463 -0.290393 -0.304077 1.309512 0.329023 -0.478341 0.000000 0.000000 0.000000 -1.000000 1 1.172581688e-05 3.277207725e-05
83 0.501306 -0.290582 -0.306506 1.340599 0.316540 -0.631044 0.000000 0.000000 0.000000 -1.000000 1 1.151394099e-05 3.217789344e-05
83 0.506178 -0.290768 -0.314226 1.340599 0.316540 -0.631044 0.000000 0.000000 0.000000 -1.000000 1 1.700501889e-05 5.107396282e-05
83 0.511747 -0.290950 -0.321351 1.340599 0.316540 -0.631044 0.000000 0.000000 0.000000 -1.000000 1 1.627299935e-05 4.784180783e-05
83 0.518100 -0.291129 -0.327924 1.340599 0.316540 -0.631044 0.000000 0.000000 0.000000 -1.000000 1 1.644296572e-05 4.966091365e-05
83 0.525420 -0.291304 -0.333990 1.340599 0.316540 -0.631044 0.000000 0.000000 0.000000 -1.000000 1 1.618103124e-05 4.905415699e-05
83 0.533887 -0.291476 -0.339595 1.340599 0.316540 -0.631044 0.000000 0.000000 0.000000 -1.000000 1 1.223105937e-05 3.432598896e-05
83 0.543080 -0.291640 -0.346520 1.340599 0.316540 -0.631044 0.000000 0.000000 0.000000 -1.000000 1 5.406187847e-05 8.945795707e-05
83 0.552102 -0.291785 -0.357823 1.340599 0.316540 -0.631044 0.000000 0.000000 0.000000 -1.000000 1 1.427903771e-05 2.824910916e-05
83 0.560943 -0.291283 -0.370189 1.340599 0.316540 -0.631044 0.000000 0.000000 0.000000 -1.000000 1 2.079387195e-05 4.261685535e-05
83 0.569611 -0.289917 -0.381747 1.340599 0.316540 -0.631044 0.000000 0.000000 0.000000 -1.000000 1 2.078316174e-05 4.157307558e-05
83 0.578108 -0.287830 -0.392545 1.340599 0.316540 -0.631044 0.000000 0.000000 0.000000 -1.000000 1 2.055382356e-05 4.196306691e-05
83 0.586437 -0.285154 -0.402626 1.340599 0.316540 -0.631044 0.000000 0.000000 0.000000 -1.000000 1 2.817111090e-05 5.820905790e-05
83 0.594602 -0.282014 -0.412028 1.340599 0.316540 -0.631044 0.000000 0.000000 0.000000 -1.000000 1 2.099899575e-05 4.172511399e-05
83 0.602606 -0.278481 -0.420798 1.340599 0.316540 -0.631044 0.000000 0.000000 0.000000 -1.000000 1 1.005711965e-05 2.080784179e-05
83 0.610451 -0.274570 -0.428992 1.340599 0.316540 -0.631044 0.000000 0.000000 0.000000 -1.000000 1 9.397976100e-06 1.889793202e-05
83 0.618142 -0.270266 -0.436669 1.340599 0.316540 -0.631044 0.000000 0.000000 0.000000 -1.000000 1 2.079014666e-05 4.162103869e-05
83 0.625681 -0.265553 -0.443885 1.340599 0.316540 -0.631044 0.000000 0.000000 0.000000 -1.000000 1 2.077501267e-05 4.192395136e-05
83 0.633071 -0.260433 -0.450687 1.340599 0.316540 -0.631044 0.000000 0.000000 0.000000 -1.000000 1 9.782845154e-06 1.973100007e-05
83 0.640315 -0.254942 -0.457107 1.340599 0.316540 -0.631044 0.000000 0.000000 0.000000 -1.000000 1 2.115010284e-05 4.238099791e-05
83 0.647416 -0.249180 -0.463159 1.340599 0.316540 -0.631044 0.000000 0.000000 0.000000 -1.000000 1 2.104998566e-05 4.171091132e-05
84 0.650417 -0.242373 -0.462942 1.313053 0.435111 -0.544560 0.000000 0.000000 0.000000 -1.000000 1 1.753307879e-05 5.251611583e-05
84 0.657318 -0.235249 -0.460588 1.313053 0.435111 -0.544560 0.000000 0.000000 0.000000 -1.000000 1 1.693516970e-05 5.036592484e-05
84 0.664084 -0.228430 -0.458426 1.313053 0.435111 -0.544560 0.000000 0.000000 0.000000 -1.000000 1 1.718197018e-05 5.095405504e-05
84 0.670716 -0.221845 -0.456453 1.313053 0.435111 -0.544560 0.000000 0.000000 0.000000 -1.000000 1 1.691095531e-05 4.985602573e-05
84 0.677216 -0.215396 -0.454675 1.313053 0.435111 -0.544560 0.000000 0.000000 0.000000 -1.000000 1 1.675798558e-05 5.678087473e-05
84 0.683589 -0.208982 -0.453101 1.313053 0.435111 -0.544560 0.000000 0.000000 0.000000 -1.000000 1 1.154094934e-05 3.362493590e-05
84 0.689836 -0.202514 -0.451735 1.313053 0.435111 -0.544560 0.000000 0.000000 0.000000 -1.000000 1 1.162104309e-05 3.223214298e-05
84 0.695959 -0.195932 -0.450578 1.313053 0.435111 -0.544560 0.000000 0.000000 0.000000 -1.000000 1 1.133000478e-05 3.425101750e-05
84 0.701962 -0.189205 -0.449623 1.313053 0.435111 -0.544560 0.000000 0.000000 0.000000 -1.000000 1 1.041591167e-05 2.964609303e-05
84 0.707846 -0.182339 -0.448854 1.313053 0.435111 -0.544560 0.000000 0.000000 0.000000 -1.000000 1 9.458046407e-06 2.779602073e-05
84 0.713614 -0.175362 -0.448251 1.313053 0.435111 -0.544560 0.000000 0.000000 0.000000 -1.000000 1 1.154514030e-05 3.244285472e-05
84 0.719268 -0.168305 -0.447795 1.313053 0.435111 -0.544560 0.000000 0.000000 0.000000 -1.000000 1 1.132604666e-05 3.516115248e-05
84 0.724810 -0.161211 -0.447466 1.313053 0.435111 -0.544560 0.000000 0.000000 0.000000 -1.000000 1 1.139100641e-05 3.223400563e-05
84 0.730243 -0.154079 -0.447254 1.313053 0.435111 -0.544560 0.000000 0.000000 0.000000 -1.000000 1 1.183897257e-05 3.273901530e-05
84 0.735569 -0.146850 -0.447166 1.313053 0.435111 -0.544560 0.000000 0.000000 0.000000 -1.000000 1 1.130206510e-05 3.271200694e-05
84 0.740789 -0.139450 -0.447214 1.313053 0.435111 -0.544560 0.000000 0.000000 0.000000 -1.000000 1 1.114699990e-05 3.272807226e-05
84 0.745907 -0.131806 -0.447406 1.313053 0.435111 -0.544560 0.000000 0.000000 0.000000 -1.000000 1 1.154886559e-05 3.263307735e-05
84 0.750923 -0.123864 -0.447748 1.313053 0.435111 -0.544560 0.000000 0.000000 0.000000 -1.000000 1 1.136702485e-05 3.224285319e-05
84 0.755841 -0.115613 -0.448352 1.313053 0.435111 -0.544560 0.000000 0.000000 0.000000 -1.000000 1 2.094404772e-05 4.289881326e-05
84 0.760662 -0.107405 -0.451086 1.313053 0.435111 -0.544560 0.000000 0.000000 0.000000 -1.000000 1 2.039899118e-05 4.158215597e-05
85 0.761427 -0.099360 -0.457047 1.251457 0.460774 -0.620794 0.000000 0.000000 0.000000 -1.000000 1 2.273498103e-05 4.569115117e-05
85 0.766137 -0.091472 -0.464982 1.251457 0.460774 -0.620794 0.000000 0.000000 0.000000 -1.000000 1 2.091401257e-05 4.188483581e-05
85 0.770754 -0.083741 -0.475220 1.251457 0.460774 -0.620794 0.000000 0.000000 0.000000 -1.000000 1 2.085906453e-05 4.170392640e-05
85 0.775280 -0.076165 -0.485580 1.251457 0.460774 -0.620794 0.000000 0.000000 0.000000 -1.000000 1 2.058711834e-05 4.559801891e-05
85 0.779717 -0.068739 -0.495733 1.251457 0.460774 -0.620794 0.000000 0.000000 0.000000 -1.000000 1 1.190602779e-05 3.350200132e-05
85 0.784066 -0.061459 -0.505349 1.251457 0.460774 -0.620794 0.000000 0.000000 0.000000 -1.000000 1 3.193994053e-05 6.818003021e-05
85 0.788329 -0.054323 -0.514226 1.251457 0.460774 -0.620794 0.000000 0.000000 0.000000 -1.000000 1 2.030585892e-05 4.097796045e-05
85 0.792508 -0.047328 -0.522420 1.251457 0.460774 -0.620794 0.000000 0.000000 0.000000 -1.000000 1 2.083717845e-05 4.157796502e-05
85 0.796604 -0.040470 -0.529985 1.251457 0.460774 -0.620794 0.000000 0.000000 0.000000 -1.000000 1 2.040085383e-05 4.171603359e-05
85 0.800620 -0.033749 -0.536968 1.251457 0.460774 -0.620794 0.000000 0.000000 0.000000 -1.000000 1 2.073310316e-05 4.177913070e-05
85 0.804556 -0.027160 -0.543414 1.251457 0.460774 -0.620794 0.000000 0.000000 0.000000 -1.000000 1 2.067280002e-05 4.154094495e-05
85 0.808415 -0.020701 -0.549364 1.251457 0.460774 -0.620794 0.000000 0.000000 0.000000 -1.000000 1 2.093799412e-05 4.192884080e-05
85 0.812197 -0.014369 -0.554856 1.251457 0.460774 -0.620794 0.000000 0.000000 0.000000 -1.000000 1 2.104509622e-05 4.242081195e-05
85 0.815905 -0.008163 -0.559927 1.251457 0.460774 -0.620794 0.000000 0.000000 0.000000 -1.000000 1 2.061412670e-05 4.206504673e-05
85 0.819539 -0.002079 -0.564608 1.251457 0.460774 -0.620794 0.000000 0.000000 0.000000 -1.000000 1 2.095103264e-05 4.183594137e-05
85 0.823102 0.003885 -0.568928 1.251457 0.460774 -0.620794 0.000000 0.000000 0.000000 -1.000000 1 2.047698945e-05 4.160101525e-05
85 0.826594 0.009731 -0.572917 1.251457 0.460774 -0.620794 0.000000 0.000000 0.000000 -1.000000 1 2.068909816e-05 4.199286923e-05
85 0.830018 0.015462 -0.576600 1.251457 0.460774 -0.620794 0.000000 0.000000 0.000000 -1.000000 1 2.275709994e-05 4.847790115e-05
85 0.833374 0.021079 -0.579999 1.251457 0.460774 -0.620794 0.000000 0.000000 0.000000 -1.000000 1 1.936894841e-05 3.871903755e-05
85 0.836663 0.026586 -0.583137 1.251457 0.460774 -0.620794 0.000000 0.000000 0.000000 -1.000000 1 2.091494389e-05 4.215515219e-05
86 0.835928 0.031985 -0.580113 1.078849 0.553386 -0.512808 0.000000 0.000000 0.000000 -1.000000 1 1.168902963e-05 3.279093653e-05
86 0.839167 0.037276 -0.574939 1.078849 0.553386 -0.512808 0.000000 0.000000 0.000000 -1.000000 1 6.010988727e-06 1.726904884e-05
86 0.842342 0.042463 -0.570162 1.078849 0.553386 -0.512808 0.000000 0.000000 0.000000 -1.000000 1 2.047885209e-05 5.610496737e-05
86 0.845455 0.047547 -0.565752 1.078849 0.553386 -0.512808 0.000000 0.000000 0.000000 -1.000000 1 1.156306826e-05 3.309384920e-05
86 0.848506 0.052532 -0.561682 1.078849 0.553386 -0.512808 0.000000 0.000000 0.000000 -1.000000 1 1.009600237e-05 2.865307033e-05
86 0.851497 0.057417 -0.557924 1.078849 0.553386 -0.512808 0.000000 0.000000 0.000000 -1.000000 1 1.050112769e-05 3.040395677e-05
86 0.854429 0.062206 -0.554455 1.078849 0.553386 -0.512808 0.000000 0.000000 0.000000 -1.000000 1 1.798407175e-05 5.280203186e-05
86 0.857302 0.066901 -0.551253 1.078849 0.553386 -0.512808 0.000000 0.000000 0.000000 -1.000000 1 1.691607758e-05 4.991516471e-05
86 0.860120 0.071503 -0.548298 1.078849 0.553386 -0.512808 0.000000 0.000000 0.000000 -1.000000 1 7.180962712e-06 2.093100920e-05
86 0.862881 0.076014 -0.545569 1.078849 0.553386 -0.512808 0.000000 0.000000 0.000000 -1.000000 1 5.942070857e-06 1.729489304e-05
86 0.865588 0.080436 -0.543050 1.078849 0.553386 -0.512808 0.000000 0.000000 0.000000 -1.000000 1 5.295034498e-06 1.580687240e-05
86 0.868242 0.084771 -0.540725 1.078849 0.553386 -0.512808 0.000000 0.000000 0.000000 -1.000000 1 5.151843652e-06 1.547299325e-05
86 0.870843 0.089020 -0.538579 1.078849 0.553386 -0.512808 0.000000 0.000000 0.000000 -1.000000 1 5.356036127e-06 1.537892967e-05
86 0.873393 0.093185 -0.536597 1.078849 0.553386 -0.512808 0.000000 0.000000 0.000000 -1.000000 1 5.352078006e-06 1.605297439e-05
86 0.875893 0.097268 -0.534768 1.078849 0.553386 -0.512808 0.000000 0.000000 0.000000 -1.000000 1 2.222904004e-05 3.298418596e-05
86 0.878343 0.101271 -0.533080 1.078849 0.553386 -0.512808 0.000000 0.000000 0.000000 -1.000000 1 2.769986168e-06 8.214032277e-06
86 0.880745 0.105194 -0.531521 1.078849 0.553386 -0.512808 0.000000 0.000000 0.000000 -1.000000 1 2.787215635e-06 7.994007319e-06
86 0.883099 0.109040 -0.530083 1.078849 0.553386 -0.512808 0.000000 0.000000 0.000000 -1.000000 1 2.778833732e-06 7.801922038e-06
86 0.885407 0.112810 -0.528754 1.078849 0.553386 -0.512808 0.000000 0.000000 0.000000 -1.000000 1 6.041955203e-06 1.737684943e-05
86 0.887669 0.116506 -0.527528 1.078849 0.553386 -0.512808 0.000000 0.000000 0.000000 -1.000000 1 1.188414171e-05 3.311806358e-05
87 0.885156 0.120129 -0.520586 0.881606 0.619349 -0.388371 0.000000 0.000000 0.000000 -1.000000 1 8.170027286e-06 2.314615995e-05
87 0.884883 0.123680 -0.510420 0.881606 0.619349 -0.388371 0.000000 0.000000 0.000000 -1.000000 1 9.348848835e-06 2.634199336e-05
87 0.884631 0.127161 -0.501037 0.881606 0.619349 -0.388371 0.000000 0.000000 0.000000 -1.000000 1 6.869900972e-06 1.942482777e-05
87 0.884399 0.130573 -0.492375 0.881606 0.619349 -0.388371 0.000000 0.000000 0.000000 -1.000000 1 5.681999028e-06 1.598801464e-05
87 0.884184 0.133918 -0.484378 0.881606 0.619349 -0.388371 0.000000 0.000000 0.000000 -1.000000 1 6.627989933e-06 1.856894232e-05
87 0.883986 0.137197 -0.476997 0.881606 0.619349 -0.388371 0.000000 0.000000 0.000000 -1.000000 1 4.073139280e-06 1.160101965e-05
87 0.883803 0.140411 -0.470183 0.881606 0.619349 -0.388371 0.000000 0.000000 0.000000 -1.000000 1 1.180986874e-05 3.333017230e-05
87 0.883634 0.143562 -0.463893 0.881606 0.619349 -0.388371 0.000000 0.000000 0.000000 -1.000000 1 1.050485298e-05 3.062607720e-05
87 0.883478 0.146650 -0.458087 0.881606 0.619349 -0.388371 0.000000 0.000000 0.000000 -1.000000 1 1.185503788e-05 3.340304829e-05
87 0.883334 0.149678 -0.452726 0.881606 0.619349 -0.388371 0.000000 0.000000 0.000000 -1.000000 1 9.336974472e-06 2.643396147e-05
87 0.883201 0.152645 -0.447779 0.881606 0.619349 -0.388371 0.000000 0.000000 0.000000 -1.000000 1 7.538823411e-06 2.149795182e-05
87 0.883079 0.155555 -0.443211 0.881606 0.619349 -0.388371 0.000000 0.000000 0.000000 -1.000000 1 9.099021554e-06 2.504093572e-05
87 0.882965 0.158406 -0.438995 0.881606 0.619349 -0.388371 0.000000 0.000000 0.000000 -1.000000 1 8.017057553e-06 2.317503095e-05
87 0.882861 0.161202 -0.435103 0.881606 0.619349 -0.388371 0.000000 0.000000 0.000000 -1.000000 1 1.696194522e-05 5.142111331e-05
87 0.882764 0.163942 -0.431510 0.881606 0.619349 -0.388371 0.000000 0.000000 0.000000 -1.000000 1 1.131207682e-05 3.167404793e-05
87 0.882675 0.166628 -0.428193 0.881606 0.619349 -0.388371 0.000000 0.000000 0.000000 -1.000000 1 1.639896072e-05 5.000294186e-05
87 0.882593 0.169261 -0.425131 0.881606 0.619349 -0.388371 0.000000 0.000000 0.000000 -1.000000 1 1.976103522e-05 5.514593795e-05
87 0.882517 0.171842 -0.422305 0.881606 0.619349 -0.388371 0.000000 0.000000 0.000000 -1.000000 1 1.111603342e-05 3.178394400e-05
87 0.882447 0.174373 -0.419696 0.881606 0.619349 -0.388371 0.000000 0.000000 0.000000 -1.000000 1 1.618498936e-05 4.934193566e-05
87 0.882382 0.176853 -0.417288 0.881606 0.619349 -0.388371 0.000000 0.000000 0.000000 -1.000000 1 1.123896800e-05 3.195996396e-05
88 0.872851 0.178096 -0.409197 0.636310 0.597860 -0.248010 0.000000 0.000000 0.000000 -1.000000 1 1.162593253e-05 3.458303399e-05
88 0.854664 0.180503 -0.396804 0.636310 0.597860 -0.248010 0.000000 0.000000 0.000000 -1.000000 1 1.128693111e-05 3.243400715e-05
88 0.837876 0.182862 -0.385364 0.636310 0.597860 -0.248010 0.000000 0.000000 0.000000 -1.000000 1 1.127715223e-05 3.414484672e-05
88 0.822379 0.185174 -0.374804 0.636310 0.597860 -0.248010 0.000000 0.000000 0.000000 -1.000000 1 1.144199632e-05 3.371783532e-05
88 0.808073 0.187441 -0.365055 0.636310 0.597860 -0.248010 0.000000 0.000000 0.000000 -1.000000 1 1.140404493e-05 3.449199721e-05
88 0.794867 0.189664 -0.356057 0.636310 0.597860 -0.248010 0.000000 0.000000 0.000000 -1.000000 1 2.169609070e-05 5.873385817e-05
88 0.782677 0.191842 -0.347750 0.636310 0.597860 -0.248010 0.000000 0.000000 0.000000 -1.000000 1 1.143803820e-05 3.296812065e-05
88 0.771423 0.193977 -0.340081 0.636310 0.597860 -0.248010 0.000000 0.000000 0.000000 -1.000000 1 5.123903975e-06 1.510395668e-05
88 0.761035 0.196070 -0.333002 0.636310 0.597860 -0.248010 0.000000 0.000000 0.000000 -1.000000 1 2.843094990e-06 8.137896657e-06
88 0.751446 0.198122 -0.326468 0.636310 0.597860 -0.248010 0.000000 0.000000 0.000000 -1.000000 1 2.765096724e-06 7.971888408e-06
88 0.742594 0.200134 -0.320436 0.636310 0.597860 -0.248010 0.000000 0.000000 0.000000 -1.000000 1 2.868939191e-06 8.421950042e-06
88 0.734422 0.202105 -0.314867 0.636310 0.597860 -0.248010 0.000000 0.000000 0.000000 -1.000000 1 2.833083272e-06 8.120201528e-06
88 0.726879 0.204038 -0.309727 0.636310 0.597860 -0.248010 0.000000 0.000000 0.000000 -1.000000 1 2.781162038e-06 8.110888302e-06
88 0.719916 0.205932 -0.304982 0.636310 0.597860 -0.248010 0.000000 0.000000 0.000000 -1.000000 1 5.964189768e-06 1.841690391e-05
88 0.713488 0.207790 -0.300602 0.636310 0.597860 -0.248010 0.000000 0.000000 0.000000 -1.000000 1 3.239838406e-06 9.261071682e-06
88 0.707554 0.209610 -0.296558 0.636310 0.597860 -0.248010 0.000000 0.000000 0.000000 -1.000000 1 9.370036423e-06 2.830312587e-05
88 0.702076 0.211395 -0.292826 0.636310 0.597860 -0.248010 0.000000 0.000000 0.000000 -1.000000 1 1.052906737e-05 3.137788735e-05
88 0.697020 0.213144 -0.289380 0.636310 0.597860 -0.248010 0.000000 0.000000 0.000000 -1.000000 1 1.141987741e-05 3.258814104e-05
88 0.692352 0.214859 -0.286199 0.636310 0.597860 -0.248010 0.000000 0.000000 0.000000 -1.000000 1 1.137098297e-05 3.249407746e-05
88 0.688043 0.216540 -0.283263 0.636310 0.597860 -0.248010 0.000000 0.000000 0.000000 -1.000000 1 1.128413714e-05 4.149996676e-05
89 0.675856 0.216999 -0.277570 0.412224 0.518367 -0.216348 0.000000 0.000000 0.000000 -1.000000 1 1.174816862e-05 3.462191671e-05
89 0.655587 0.218638 -0.272864 0.412224 0.518367 -0.216348 0.000000 0.000000 0.000000 -1.000000 1 1.114397310e-05 3.363983706e-05
89 0.636876 0.220244 -0.268518 0.412224 0.518367 -0.216348 0.000000 0.000000 0.000000 -1.000000 1 1.124502160e-05 3.253505565e-05
89 0.619604 0.221819 -0.264507 0.412224 0.518367 -0.216348 0.000000 0.000000 0.000000 -1.000000 1 1.127505675e-05 3.244704567e-05
89 0.603660 0.223362 -0.260805 0.412224 0.518367 -0.216348 0.000000 0.000000 0.000000 -1.000000 1 1.007993706e-05 2.870988101e-05
89 0.588942 0.224875 -0.257387 0.412224 0.518367 -0.216348 0.000000 0.000000 0.000000 -1.000000 1 1.266598701e-05 3.574090078e-05
89 0.575355 0.226358 -0.254232 0.412224 0.518367 -0.216348 0.000000 0.000000 0.000000 -1.000000 1 1.133303158e-05 3.276881762e-05
89 0.562813 0.227812 -0.251319 0.412224 0.518367 -0.216348 0.000000 0.000000 0.000000 -1.000000 1 1.122686081e-05 4.108017311e-05
89 0.551235 0.229237 -0.248630 0.412224 0.518367 -0.216348 0.000000 0.000000 0.000000 -1.000000 1 9.459909052e-06 2.697901800e-05
89 0.540547 0.230635 -0.246148 0.412224 0.518367 -0.216348 0.000000 0.000000 0.000000 -1.000000 1 2.844026312e-06 8.209841326e-06
89 0.530681 0.232004 -0.243857 0.412224 0.518367 -0.216348 0.000000 0.000000 0.000000 -1.000000 1 1.437496394e-05 4.168879241e-05
89 0.521574 0.233346 -0.241742 0.412224 0.518367 -0.216348 0.000000 0.000000 0.000000 -1.000000 1 8.575851098e-06 2.588401549e-05
89 0.513167 0.234662 -0.239790 0.412224 0.518367 -0.216348 0.000000 0.000000 0.000000 -1.000000 1 7.190974429e-06 2.101995051e-05
89 0.505406 0.235952 -0.237988 0.412224 0.518367 -0.216348 0.000000 0.000000 0.000000 -1.000000 1 8.688075468e-06 2.612685785e-05
89 0.498242 0.237217 -0.236324 0.412224 0.518367 -0.216348 0.000000 0.000000 0.000000 -1.000000 1 1.145317219e-05 3.239116631e-05
89 0.491628 0.238456 -0.234788 0.412224 0.518367 -0.216348 0.000000 0.000000 0.000000 -1.000000 1 1.144711860e-05 4.177982919e-05
89 0.485523 0.239671 -0.233370 0.412224 0.518367 -0.216348 0.000000 0.000000 0.000000 -1.000000 1 1.791701652e-05 5.577108823e-05
89 0.479888 0.240862 -0.232062 0.412224 0.518367 -0.216348 0.000000 0.000000 0.000000 -1.000000 1 1.677498221e-05 4.979479127e-05
89 0.474686 0.242030 -0.230854 0.412224 0.518367 -0.216348 0.000000 0.000000 0.000000 -1.000000 1 1.129391603e-05 3.243703395e-05
89 0.469883 0.243174 -0.229738 0.412224 0.518367 -0.216348 0.000000 0.000000 0.000000 -1.000000 1 4.672212526e-06 1.337099820e-05
90 0.459098 0.243108 -0.230665 0.246691 0.405342 -0.231439 0.000000 0.000000 0.000000 -1.000000 1 5.065929145e-06 1.587299630e-05
90 0.442768 0.244231 -0.230725 0.246691 0.405342 -0.231439 0.000000 0.000000 0.000000 -1.000000 1 5.224021152e-06 1.482083462e-05
90 0.427693 0.245332 -0.230780 0.246691 0.405342 -0.231439 0.000000 0.000000 0.000000 -1.000000 1 1.933798194e-05 5.616201088e-05
90 0.413777 0.246412 -0.230830 0.246691 0.405342 -0.231439 0.000000 0.000000 0.000000 -1.000000 1 1.197005622e-05 3.300094977e-05
90 0.400930 0.247470 -0.230877 0.246691 0.405342 -0.231439 0.000000 0.000000 0.000000 -1.000000 1 1.153000630e-05 3.300909884e-05
90 0.389072 0.248507 -0.230920 0.246691 0.405342 -0.231439 0.000000 0.000000 0.000000 -1.000000 1 1.134700142e-05 3.296113573e-05
90 0.378125 0.249523 -0.230960 0.246691 0.405342 -0.231439 0.000000 0.000000 0.000000 -1.000000 1 1.133698970e-05 3.261794336e-05
90 0.368020 0.250520 -0.230997 0.246691 0.405342 -0.231439 0.000000 0.000000 0.000000 -1.000000 1 2.042902634e-05 5.547003821e-05
90 0.358692 0.251497 -0.231031 0.246691 0.405342 -0.231439 0.000000 0.000000 0.000000 -1.000000 1 1.122406684e-05 3.333715722e-05
90 0.350081 0.252454 -0.231063 0.246691 0.405342 -0.231439 0.000000 0.000000 0.000000 -1.000000 1 1.142686233e-05 3.316905349e-05
90 0.342132 0.253393 -0.231092 0.246691 0.405342 -0.231439 0.000000 0.000000 0.000000 -1.000000 1 1.127179712e-05 3.296905197e-05
90 0.334794 0.254313 -0.231118 0.246691 0.405342 -0.231439 0.000000 0.000000 0.000000 -1.000000 1 1.159892417e-05 3.288919106e-05
90 0.328020 0.255215 -0.231143 0.246691 0.405342 -0.231439 0.000000 0.000000 0.000000 -1.000000 1 1.082802191e-05 3.191898577e-05
90 0.321767 0.256099 -0.231166 0.246691 0.405342 -0.231439 0.000000 0.000000 0.000000 -1.000000 1 8.403090760e-06 2.400390804e-05
90 0.315995 0.256966 -0.231187 0.246691 0.405342 -0.231439 0.000000 0.000000 0.000000 -1.000000 1 7.119961083e-06 2.024392597e-05
90 0.310667 0.257816 -0.231206 0.246691 0.405342 -0.231439 0.000000 0.000000 0.000000 -1.000000 1 8.321832865e-06 2.383301035e-05
90 0.305748 0.258648 -0.231224 0.246691 0.405342 -0.231439 0.000000 0.000000 0.000000 -1.000000 1 1.144688576e-05 3.301003017e-05
90 0.301208 0.259465 -0.231241 0.246691 0.405342 -0.231439 0.000000 0.000000 0.000000 -1.000000 1 1.125596464e-05 3.221910447e-05
90 0.297016 0.260265 -0.231256 0.246691 0.405342 -0.231439 0.000000 0.000000 0.000000 -1.000000 1 9.206822142e-06 2.640509047e-05
90 0.293147 0.261049 -0.231270 0.246691 0.405342 -0.231439 0.000000 0.000000 0.000000 -1.000000 1 1.346692443e-05 3.970018588e-05
91 0.284989 0.260630 -0.235585 0.144650 0.278297 -0.349854 0.000000 0.000000 0.000000 -1.000000 1 1.149205491e-05 3.282399848e-05
91 0.274199 0.261408 -0.244370 0.144650 0.278297 -0.349854 0.000000 0.000000 0.000000 -1.000000 1 1.150602475e-05 3.241701052e-05
91 0.264239 0.262170 -0.252480 0.144650 0.278297 -0.349854 0.000000 0.000000 0.000000 -1.000000 1 1.152884215e-05 3.239605576e-05
91 0.255045 0.262916 -0.259967 0.144650 0.278297 -0.349854 0.000000 0.000000 0.000000 -1.000000 1 1.134397462e-05 3.270199522e-05
91 0.246557 0.263649 -0.266878 0.144650 0.278297 -0.349854 0.000000 0.000000 0.000000 -1.000000 1 2.092914656e-05 6.110500544e-05
91 0.238722 0.264366 -0.273257 0.144650 0.278297 -0.349854 0.000000 0.000000 0.000000 -1.000000 1 1.173489727e-05 3.425381146e-05
91 0.231490 0.265070 -0.279146 0.144650 0.278297 -0.349854 0.000000 0.000000 0.000000 -1.000000 1 1.168577000e-05 3.435788676e-05
91 0.224813 0.265759 -0.284582 0.144650 0.278297 -0.349854 0.000000 0.000000 0.000000 -1.000000 1 1.149508171e-05 3.273691982e-05
91 0.218650 0.266435 -0.289601 0.144650 0.278297 -0.349854 0.000000 0.000000 0.000000 -1.000000 1 1.121708192e-05 3.319699317e-05
91 0.212961 0.267098 -0.294233 0.144650 0.278297 -0.349854 0.000000 0.000000 0.000000 -1.000000 1 1.124083064e-05 3.292807378e-05
91 0.207709 0.267748 -0.298509 0.144650 0.278297 -0.349854 0.000000 0.000000 0.000000 -1.000000 1 1.143617555e-05 3.244099207e-05
91 0.202860 0.268384 -0.302457 0.144650 0.278297 -0.349854 0.000000 0.000000 0.000000 -1.000000 1 1.155817881e-05 3.290409222e-05
91 0.198385 0.269008 -0.306101 0.144650 0.278297 -0.349854 0.000000 0.000000 0.000000 -1.000000 1 1.125014387e-05 3.352877684e-05
91 0.194254 0.269620 -0.309465 0.144650 0.278297 -0.349854 0.000000 0.000000 0.000000 -1.000000 1 1.123407856e-05 3.243191168e-05
91 0.190440 0.270220 -0.312570 0.144650 0.278297 -0.349854 0.000000 0.000000 0.000000 -1.000000 1 1.133210026e-05 3.227801062e-05
91 0.186920 0.270808 -0.315437 0.144650 0.278297 -0.349854 0.000000 0.000000 0.000000 -1.000000 1 1.156306826e-05 3.362493590e-05
91 0.183670 0.271380 -0.318083 0.144650 0.278297 -0.349854 0.000000 0.000000 0.000000 -1.000000 1 1.903809607e-05 5.614897236e-05
91 0.180670 0.271912 -0.320525 0.144650 0.278297 -0.349854 0.000000 0.000000 0.000000 -1.000000 1 1.687509939e-05 5.019991659e-05
91 0.177900 0.272403 -0.322780 0.144650 0.278297 -0.349854 0.000000 0.000000 0.000000 -1.000000 1 1.135002822e-05 3.249105066e-05
91 0.175344 0.272856 -0.324862 0.144650 0.278297 -0.349854 0.000000 0.000000 0.000000 -1.000000 1 1.147412695e-05 3.278604709e-05
92 0.170776 0.269478 -0.330832 0.138206 0.166923 -0.473111 0.000000 0.000000 0.000000 -1.000000 1 1.138588414e-05 3.317790106e-05
92 0.168272 0.261593 -0.341771 0.138206 0.166923 -0.473111 0.000000 0.000000 0.000000 -1.000000 1 1.407484524e-05 3.810413182e-05
92 0.165960 0.254315 -0.351869 0.138206 0.166923 -0.473111 0.000000 0.000000 0.000000 -1.000000 1 1.143687405e-05 3.266707063e-05
92 0.163827 0.247596 -0.361190 0.138206 0.166923 -0.473111 0.000000 0.000000 0.000000 -1.000000 1 1.171696931e-05 3.262795508e-05
92 0.161857 0.241393 -0.369795 0.138206 0.166923 -0.473111 0.000000 0.000000 0.000000 -1.000000 1 1.157703809e-05 3.269105218e-05
92 0.160038 0.235668 -0.377738 0.138206 0.166923 -0.473111 0.000000 0.000000 0.000000 -1.000000 1 1.146201976e-05 3.399699926e-05
92 0.158360 0.230382 -0.385071 0.138206 0.166923 -0.473111 0.000000 0.000000 0.000000 -1.000000 1 1.138681546e-05 3.250385635e-05
92 0.156810 0.225503 -0.391840 0.138206 0.166923 -0.473111 0.000000 0.000000 0.000000 -1.000000 1 1.147296280e-05 3.279116936e-05
92 0.155380 0.221000 -0.398088 0.138206 0.166923 -0.473111 0.000000 0.000000 0.000000 -1.000000 1 1.093000174e-05 3.151712008e-05
92 0.154060 0.216842 -0.403856 0.138206 0.166923 -0.473111 0.000000 0.000000 0.000000 -1.000000 1 1.152209006e-05 3.295298666e-05
92 0.152841 0.213004 -0.409181 0.138206 0.166923 -0.473111 0.000000 0.000000 0.000000 -1.000000 1 1.163594425e-05 3.289198503e-05
92 0.151716 0.209461 -0.414096 0.138206 0.166923 -0.473111 0.000000 0.000000 0.000000 -1.000000 1 1.114001498e-05 3.203097731e-05
92 0.150677 0.206191 -0.418633 0.138206 0.166923 -0.473111 0.000000 0.000000 0.000000 -1.000000 1 1.116609201e-05 3.279908560e-05
92 0.149718 0.203172 -0.422822 0.138206 0.166923 -0.473111 0.000000 0.000000 0.000000 -1.000000 1 1.347903162e-05 3.793812357e-05
92 0.148833 0.200385 -0.426688 0.138206 0.166923 -0.473111 0.000000 0.000000 0.000000 -1.000000 1 1.145503484e-05 3.255298361e-05
92 0.148016 0.197812 -0.430258 0.138206 0.166923 -0.473111 0.000000 0.000000 0.000000 -1.000000 1 3.814930096e-06 1.110509038e-05
92 0.147262 0.195437 -0.433552 0.138206 0.166923 -0.473111 0.000000 0.000000 0.000000 -1.000000 1 4.484085366e-06 1.298799179e-05
92 0.146566 0.193245 -0.436594 0.138206 0.166923 -0.473111 0.000000 0.000000 0.000000 -1.000000 1 8.973991498e-06 2.670590766e-05
92 0.145923 0.191221 -0.439401 0.138206 0.166923 -0.473111 0.000000 0.000000 0.000000 -1.000000 1 1.372396946e-05 4.035397433e-05
92 0.145330 0.189353 -0.441993 0.138206 0.166923 -0.473111 0.000000 0.000000 0.000000 -1.000000 1 1.161615364e-05 3.434089012e-05
93 0.148573 0.184423 -0.447873 0.225734 -0.000063 -0.629522 0.000000 0.000000 0.000000 -1.000000 1 1.170788892e-05 3.309105523e-05
93 0.154506 0.174859 -0.458773 0.225734 -0.000063 -0.629522 0.000000 0.000000 0.000000 -1.000000 1 1.148297451e-05 3.313412890e-05
93 0.159982 0.165484 -0.469459 0.225734 -0.000063 -0.629522 0.000000 0.000000 0.000000 -1.000000 1 1.098983921e-05 3.074714914e-05
93 0.165037 0.156294 -0.479933 0.225734 -0.000063 -0.629522 0.000000 0.000000 0.000000 -1.000000 1 9.461073205e-06 2.693198621e-05
93 0.169704 0.147286 -0.490200 0.225734 -0.000063 -0.629522 0.000000 0.000000 0.000000 -1.000000 1 1.642992720e-05 4.831212573e-05
93 0.174012 0.138455 -0.500265 0.225734 -0.000063 -0.629522 0.000000 0.000000 0.000000 -1.000000 1 1.721899025e-05 5.093985237e-05
93 0.177988 0.129799 -0.510092 0.225734 -0.000063 -0.629522 0.000000 0.000000 0.000000 -1.000000 1 1.149717718e-05 3.272690810e-05
93 0.181659 0.121313 -0.519274 0.225734 -0.000063 -0.629522 0.000000 0.000000 0.000000 -1.000000 1 1.142499968e-05 3.272085451e-05
93 0.185048 0.112996 -0.527750 0.225734 -0.000063 -0.629522 0.000000 0.000000 0.000000 -1.000000 1 1.135305502e-05 3.279605880e-05
93 0.188176 0.104842 -0.535575 0.225734 -0.000063 -0.629522 0.000000 0.000000 0.000000 -1.000000 1 1.171091571e-05 3.375811502e-05
93 0.191064 0.096876 -0.542798 0.225734 -0.000063 -0.629522 0.000000 0.000000 0.000000 -1.000000 1 1.268810593e-05 3.516906872e-05
93 0.193729 0.089423 -0.549466 0.225734 -0.000063 -0.629522 0.000000 0.000000 0.000000 -1.000000 1 1.147389412e-05 3.376486711e-05
93 0.196190 0.082543 -0.555621 0.225734 -0.000063 -0.629522 0.000000 0.000000 0.000000 -1.000000 1 1.303316094e-05 3.910204396e-05
93 0.198461 0.076192 -0.561303 0.225734 -0.000063 -0.629522 0.000000 0.000000 0.000000 -1.000000 1 1.191394404e-05 3.591994755e-05
93 0.200558 0.070329 -0.566548 0.225734 -0.000063 -0.629522 0.000000 0.000000 0.000000 -1.000000 1 5.136942491e-06 1.574191265e-05
93 0.202494 0.064917 -0.571389 0.225734 -0.000063 -0.629522 0.000000 0.000000 0.000000 -1.000000 1 8.723931387e-06 2.760300413e-05
93 0.204281 0.059921 -0.575859 0.225734 -0.000063 -0.629522 0.000000 0.000000 0.000000 -1.000000 1 5.193985999e-06 1.568207517e-05
93 0.205930 0.055309 -0.579985 0.225734 -0.000063 -0.629522 0.000000 0.000000 0.000000 -1.000000 1 1.092604361e-05 3.286101855e-05
93 0.207453 0.051052 -0.583793 0.225734 -0.000063 -0.629522 0.000000 0.000000 0.000000 -1.000000 1 1.216796227e-05 3.549596295e-05
93 0.208858 0.047122 -0.587309 0.225734 -0.000063 -0.629522 0.000000 0.000000 0.000000 -1.000000 1 6.977003068e-06 2.012820914e-05
94 0.213948 0.042171 -0.592550 0.326109 -0.154741 -0.706663 0.000000 0.000000 0.000000 -1.000000 1 8.282950148e-06 2.456712537e-05
94 0.222571 0.035415 -0.600594 0.326109 -0.154741 -0.706663 0.000000 0.000000 0.000000 -1.000000 1 7.359078154e-06 2.095708624e-05
94 0.230532 0.028793 -0.608480 0.326109 -0.154741 -0.706663 0.000000 0.000000 0.000000 -1.000000 1 4.698988050e-06 1.301686279e-05
94 0.237880 0.022302 -0.616026 0.326109 -0.154741 -0.706663 0.000000 0.000000 0.000000 -1.000000 1 4.363013431e-06 1.281686127e-05
94 0.244663 0.015939 -0.622995 0.326109 -0.154741 -0.706663 0.000000 0.000000 0.000000 -1.000000 1 1.155794598e-05 3.372784704e-05
94 0.250925 0.009702 -0.629427 0.326109 -0.154741 -0.706663 0.000000 0.000000 0.000000 -1.000000 1 9.719980881e-06 2.904492430e-05
94 0.256706 0.003587 -0.635366 0.326109 -0.154741 -0.706663 0.000000 0.000000 0.000000 -1.000000 1 6.970949471e-06 2.002296969e-05
94 0.262042 -0.002406 -0.640847 0.326109 -0.154741 -0.706663 0.000000 0.000000 0.000000 -1.000000 1 7.824972272e-06 2.206978388e-05
94 0.266967 -0.008282 -0.645907 0.326109 -0.154741 -0.706663 0.000000 0.000000 0.000000 -1.000000 1 6.714137271e-06 1.903716475e-05
94 0.271514 -0.014041 -0.650578 0.326109 -0.154741 -0.706663 0.000000 0.000000 0.000000 -1.000000 1 1.146807335e-05 3.248499706e-05
94 0.275712 -0.019686 -0.654890 0.326109 -0.154741 -0.706663 0.000000 0.000000 0.000000 -1.000000 1 1.143803820e-05 3.261095844e-05
94 0.279587 -0.025221 -0.658871 0.326109 -0.154741 -0.706663 0.000000 0.000000 0.000000 -1.000000 1 4.347879440e-06 1.239893027e-05
94 0.283163 -0.030645 -0.662545 0.326109 -0.154741 -0.706663 0.000000 0.000000 0.000000 -1.000000 1 2.554384992e-05 7.386412472e-05
94 0.286465 -0.035963 -0.665937 0.326109 -0.154741 -0.706663 0.000000 0.000000 0.000000 -1.000000 1 1.067388803e-05 3.049685620e-05
94 0.289513 -0.041176 -0.669068 0.326109 -0.154741 -0.706663 0.000000 0.000000 0.000000 -1.000000 1 6.360001862e-06 1.775007695e-05
94 0.292327 -0.046286 -0.671959 0.326109 -0.154741 -0.706663 0.000000 0.000000 0.000000 -1.000000 1 7.008900866e-06 1.995405182e-05
94 0.294924 -0.051295 -0.674627 0.326109 -0.154741 -0.706663 0.000000 0.000000 0.000000 -1.000000 1 1.091207378e-05 3.121700138e-05
94 0.297322 -0.056205 -0.677090 0.326109 -0.154741 -0.706663 0.000000 0.000000 0.000000 -1.000000 1 1.180102117e-05 3.309804015e-05
94 0.299535 -0.061018 -0.679364 0.326109 -0.154741 -0.706663 0.000000 0.000000 0.000000 -1.000000 1 1.141312532e-05 3.285892308e-05
94 0.301578 -0.065736 -0.681463 0.326109 -0.154741 -0.706663 0.000000 0.000000 0.000000 -1.000000 1 1.154094934e-05 3.347895108e-05
95 0.308007 -0.070361 -0.684189 0.468150 -0.281252 -0.721776 0.000000 0.000000 0.000000 -1.000000 1 9.433832020e-06 2.730591223e-05
95 0.320319 -0.074894 -0.687079 0.468150 -0.281252 -0.721776 0.000000 0.000000 0.000000 -1.000000 1 1.066201366e-05 3.047892824e-05
95 0.331685 -0.079339 -0.689746 0.468150 -0.281252 -0.721776 0.000000 0.000000 0.000000 -1.000000 1 8.813105524e-06 2.550287172e-05
95 0.342177 -0.083695 -0.692209 0.468150 -0.281252 -0.721776 0.000000 0.000000 0.000000 -1.000000 1 1.132790931e-05 3.285007551e-05
95 0.351862 -0.087965 -0.694482 0.468150 -0.281252 -0.721776 0.000000 0.000000 0.000000 -1.000000 1 1.234491356e-05 3.571994603e-05
95 0.360803 -0.092151 -0.696581 0.468150 -0.281252 -0.721776 0.000000 0.000000 0.000000 -1.000000 1 9.913230315e-06 3.036600538e-05
95 0.369056 -0.096255 -0.698518 0.468150 -0.281252 -0.721776 0.000000 0.000000 0.000000 -1.000000 1 1.004594378e-05 3.233388998e-05
95 0.376675 -0.100277 -0.700306 0.468150 -0.281252 -0.721776 0.000000 0.000000 0.000000 -1.000000 1 1.140614040e-05 4.074093886e-05
95 0.383708 -0.104220 -0.701957 0.468150 -0.281252 -0.721776 0.000000 0.000000 0.000000 -1.000000 1 1.093116589e-05 4.184804857e-05
95 0.390200 -0.108085 -0.703480 0.468150 -0.281252 -0.721776 0.000000 0.000000 0.000000 -1.000000 1 1.995707862e-05 6.987294182e-05
95 0.396193 -0.111874 -0.704887 0.468150 -0.281252 -0.721776 0.000000 0.000000 0.000000 -1.000000 1 1.164106652e-05 4.549999721e-05
95 0.401725 -0.115588 -0.706186 0.468150 -0.281252 -0.721776 0.000000 0.000000 0.000000 -1.000000 1 2.858927473e-06 1.121987589e-05
95 0.406832 -0.119228 -0.707384 0.468150 -0.281252 -0.721776 0.000000 0.000000 0.000000 -1.000000 1 2.782791853e-06 1.132511534e-05
95 0.411547 -0.122797 -0.708491 0.468150 -0.281252 -0.721776 0.000000 0.000000 0.000000 -1.000000 1 5.425885320e-06 2.219690941e-05
95 0.415898 -0.126296 -0.709512 0.468150 -0.281252 -0.721776 0.000000 0.000000 0.000000 -1.000000 1 6.263842806e-06 2.503488213e-05
95 0.419916 -0.129725 -0.710455 0.468150 -0.281252 -0.721776 0.000000 0.000000 0.000000 -1.000000 1 1.151696779e-05 4.685600288e-05
95 0.423624 -0.133086 -0.711326 0.468150 -0.281252 -0.721776 0.000000 0.000000 0.000000 -1.000000 1 1.192302443e-05 4.685996100e-05
95 0.427048 -0.136382 -0.712129 0.468150 -0.281252 -0.721776 0.000000 0.000000 0.000000 -1.000000 1 1.136190258e-05 4.588300362e-05
95 0.430208 -0.139612 -0.712871 0.468150 -0.281252 -0.721776 0.000000 0.000000 0.000000 -1.000000 1 1.090602018e-05 4.361593165e-05
95 0.433125 -0.142778 -0.713555 0.468150 -0.281252 -0.721776 0.000000 0.000000 0.000000 -1.000000 1 1.128995791e-05 4.640594125e-05
96 0.439256 -0.145882 -0.709493 0.601129 -0.367749 -0.666966 0.000000 0.000000 0.000000 -1.000000 1 1.186807640e-05 4.715612158e-05
96 0.450327 -0.148925 -0.706224 0.601129 -0.367749 -0.666966 0.000000 0.000000 0.000000 -1.000000 1 1.341197640e-05 5.045416765e-05
96 0.461178 -0.151907 -0.703206 0.601129 -0.367749 -0.666966 0.000000 0.000000 0.000000 -1.000000 1 1.126993448e-05 4.646903835e-05
96 0.471788 -0.154831 -0.700419 0.601129 -0.367749 -0.666966 0.000000 0.000000 0.000000 -1.000000 1 1.158309169e-05 5.249888636e-05
96 0.481732 -0.157697 -0.697847 0.601129 -0.367749 -0.666966 0.000000 0.000000 0.000000 -1.000000 1 1.127785072e-05 4.614284262e-05
96 0.490912 -0.160506 -0.695473 0.601129 -0.367749 -0.666966 0.000000 0.000000 0.000000 -1.000000 1 1.290906221e-05 5.007884465e-05
96 0.499386 -0.163260 -0.693281 0.601129 -0.367749 -0.666966 0.000000 0.000000 0.000000 -1.000000 1 1.766183414e-05 6.307219155e-05
96 0.507208 -0.165959 -0.691258 0.601129 -0.367749 -0.666966 0.000000 0.000000 0.000000 -1.000000 1 1.125200652e-05 4.651001655e-05
96 0.514429 -0.168606 -0.689390 0.601129 -0.367749 -0.666966 0.000000 0.000000 0.000000 -1.000000 1 1.138797961e-05 4.621385597e-05
96 0.521095 -0.171200 -0.687666 0.601129 -0.367749 -0.666966 0.000000 0.000000 0.000000 -1.000000 1 1.131789759e-05 4.638405517e-05
96 0.527249 -0.173742 -0.686075 0.601129 -0.367749 -0.666966 0.000000 0.000000 0.000000 -1.000000 1 1.135002822e-05 5.740905181e-05
96 0.532929 -0.176235 -0.684606 0.601129 -0.367749 -0.666966 0.000000 0.000000 0.000000 -1.000000 1 1.147994772e-05 4.694308154e-05
96 0.538172 -0.178678 -0.683249 0.601129 -0.367749 -0.666966 0.000000 0.000000 0.000000 -1.000000 1 1.651397906e-05 1.266470645e-04
96 0.543013 -0.181073 -0.681998 0.601129 -0.367749 -0.666966 0.000000 0.000000 0.000000 -1.000000 1 1.154304482e-05 4.658987746e-05
96 0.547481 -0.183421 -0.680842 0.601129 -0.367749 -0.666966 0.000000 0.000000 0.000000 -1.000000 1 1.136981882e-05 4.672980867e-05
96 0.551606 -0.185723 -0.679775 0.601129 -0.367749 -0.666966 0.000000 0.000000 0.000000 -1.000000 1 1.261406578e-05 4.930701107e-05
96 0.555413 -0.187979 -0.678790 0.601129 -0.367749 -0.666966 0.000000 0.000000 0.000000 -1.000000 1 1.162500121e-05 4.634400830e-05
96 0.558928 -0.190190 -0.677881 0.601129 -0.367749 -0.666966 0.000000 0.000000 0.000000 -1.000000 1 1.120613888e-05 4.601222463e-05
96 0.562173 -0.192358 -0.677042 0.601129 -0.367749 -0.666966 0.000000 0.000000 0.000000 -1.000000 1 1.199799590e-05 5.451799370e-05
96 0.565168 -0.194483 -0.676267 0.601129 -0.367749 -0.666966 0.000000 0.000000 0.000000 -1.000000 1 1.167599112e-05 4.657101817e-05
97 0.570294 -0.196566 -0.673936 0.717660 -0.412098 -0.665356 0.000000 0.000000 0.000000 -1.000000 1 1.746206544e-05 1.274719834e-04
97 0.578777 -0.198608 -0.673276 0.717660 -0.412098 -0.665356 0.000000 0.000000 0.000000 -1.000000 1 1.143896952e-05 4.724110477e-05
97 0.587093 -0.200610 -0.672667 0.717660 -0.412098 -0.665356 0.000000 0.000000 0.000000 -1.000000 1 1.161382534e-05 4.796497524e-05
97 0.595245 -0.202572 -0.672105 0.717660 -0.412098 -0.665356 0.000000 0.000000 0.000000 -1.000000 1 1.595914364e-05 5.794712342e-05
97 0.603236 -0.204495 -0.671586 0.717660 -0.412098 -0.665356 0.000000 0.000000 0.000000 -1.000000 1 1.135189086e-05 4.635797814e-05
97 0.611069 -0.206381 -0.671107 0.717660 -0.412098 -0.665356 0.000000 0.000000 0.000000 -1.000000 1 1.133605838e-05 4.931888543e-05
97 0.618747 -0.208229 -0.670665 0.717660 -0.412098 -0.665356 0.000000 0.000000 0.000000 -1.000000 1 1.121708192e-05 4.606810398e-05
97 0.626252 -0.210041 -0.670257 0.717660 -0.412098 -0.665356 0.000000 0.000000 0.000000 -1.000000 1 1.146201976e-05 4.636403173e-05
97 0.633280 -0.211817 -0.669880 0.717660 -0.412098 -0.665356 0.000000 0.000000 0.000000 -1.000000 1 1.119589433e-05 4.698708653e-05
97 0.639767 -0.213558 -0.669532 0.717660 -0.412098 -0.665356 0.000000 0.000000 0.000000 -1.000000 1 1.150602475e-05 4.662410356e-05
97 0.645756 -0.215264 -0.669211 0.717660 -0.412098 -0.665356 0.000000 0.000000 0.000000 -1.000000 1 1.200614497e-05 4.511815496e-05
97 0.651284 -0.216937 -0.668915 0.717660 -0.412098 -0.665356 0.000000 0.000000 0.000000 -1.000000 1 9.441981092e-06 3.911112435e-05
97 0.656387 -0.218577 -0.668641 0.717660 -0.412098 -0.665356 0.000000 0.000000 0.000000 -1.000000 1 1.682294533e-05 1.140970271e-04
97 0.661098 -0.220184 -0.668388 0.717660 -0.412098 -0.665356 0.000000 0.000000 0.000000 -1.000000 1 5.163019523e-06 3.410899080e-05
97 0.665447 -0.221760 -0.668155 0.717660 -0.412098 -0.665356 0.000000 0.000000 0.000000 -1.000000 1 5.110865459e-06 2.609007061e-05
97 0.669461 -0.223305 -0.667940 0.717660 -0.412098 -0.665356 0.000000 0.000000 0.000000 -1.000000 1 6.156973541e-06 2.421089448e-05
97 0.673167 -0.224819 -0.667741 0.717660 -0.412098 -0.665356 0.000000 0.000000 0.000000 -1.000000 1 2.733897418e-06 8.352799341e-06
97 0.676588 -0.226303 -0.667558 0.717660 -0.412098 -0.665356 0.000000 0.000000 0.000000 -1.000000 1 1.068715937e-05 3.232597373e-05
97 0.679745 -0.227758 -0.667389 0.717660 -0.412098 -0.665356 0.000000 0.000000 0.000000 -1.000000 1 1.134979539e-05 3.732810728e-05
97 0.682660 -0.229184 -0.667232 0.717660 -0.412098 -0.665356 0.000000 0.000000 0.000000 -1.000000 1 1.236796379e-05 3.625499085e-05
98 0.686809 -0.230582 -0.661651 0.807885 -0.432889 -0.572216 0.000000 0.000000 0.000000 -1.000000 1 1.613702625e-05 4.359800369e-05
98 0.692992 -0.231953 -0.654775 0.807885 -0.432889 -0.572216 0.000000 0.000000 0.000000 -1.000000 1 1.132697798e-05 3.304705024e-05
98 0.699053 -0.233296 -0.648427 0.807885 -0.432889 -0.572216 0.000000 0.000000 0.000000 -1.000000 1 1.137913205e-05 3.270409070e-05
98 0.704994 -0.234613 -0.642568 0.807885 -0.432889 -0.572216 0.000000 0.000000 0.000000 -1.000000 1 1.129996963e-05 3.336812370e-05
98 0.710818 -0.235904 -0.637159 0.807885 -0.432889 -0.572216 0.000000 0.000000 0.000000 -1.000000 1 1.623411663e-05 5.767401308e-05
98 0.716528 -0.237169 -0.632166 0.807885 -0.432889 -0.572216 0.000000 0.000000 0.000000 -1.000000 1 1.140707172e-05 4.034000449e-05
98 0.722124 -0.238410 -0.627557 0.807885 -0.432889 -0.572216 0.000000 0.000000 0.000000 -1.000000 1 1.814798452e-05 1.019041520e-04
98 0.727610 -0.239626 -0.623302 0.807885 -0.432889 -0.572216 0.000000 0.000000 0.000000 -1.000000 1 1.788698137e-05 6.134412251e-05
98 0.732988 -0.240818 -0.619374 0.807885 -0.432889 -0.572216 0.000000 0.000000 0.000000 -1.000000 1 1.134700142e-05 3.333692439e-05
98 0.738259 -0.241986 -0.615749 0.807885 -0.432889 -0.572216 0.000000 0.000000 0.000000 -1.000000 1 1.174816862e-05 3.382400610e-05
98 0.743426 -0.243131 -0.612402 0.807885 -0.432889 -0.572216 0.000000 0.000000 0.000000 -1.000000 1 1.149205491e-05 3.380212002e-05
98 0.748380 -0.244254 -0.609312 0.807885 -0.432889 -0.572216 0.000000 0.000000 0.000000 -1.000000 1 1.134211197e-05 3.280397505e-05
98 0.752955 -0.245355 -0.606460 0.807885 -0.432889 -0.572216 0.000000 0.000000 0.000000 -1.000000 1 1.142686233e-05 3.234297037e-05
98 0.757178 -0.246433 -0.603827 0.807885 -0.432889 -0.572216 0.000000 0.000000 0.000000 -1.000000 1 8.297152817e-06 2.385093831e-05
98 0.761076 -0.247491 -0.601397 0.807885 -0.432889 -0.572216 0.000000 0.000000 0.000000 -1.000000 1 1.138611697e-05 3.425497562e-05
98 0.764675 -0.248528 -0.599153 0.807885 -0.432889 -0.572216 0.000000 0.000000 0.000000 -1.000000 1 1.135701314e-05 3.343913704e-05
98 0.767997 -0.249544 -0.597082 0.807885 -0.432889 -0.572216 0.000000 0.000000 0.000000 -1.000000 1 1.145293936e-05 3.310316242e-05
98 0.771064 -0.250540 -0.595170 0.807885 -0.432889 -0.572216 0.000000 0.000000 0.000000 -1.000000 1 1.974008046e-05 5.517294630e-05
98 0.773895 -0.251516 -0.593405 0.807885 -0.432889 -0.572216 0.000000 0.000000 0.000000 -1.000000 1 1.121498644e-05 3.270315938e-05
98 0.776508 -0.252474 -0.591776 0.807885 -0.432889 -0.572216 0.000000 0.000000 0.000000 -1.000000 1 1.747696660e-05 5.840999074e-05
99 0.779322 -0.253412 -0.593917 0.816420 -0.493155 -0.686223 0.000000 0.000000 0.000000 -1.000000 1 1.673703082e-05 5.561299622e-05
99 0.782174 -0.254332 -0.601014 0.816420 -0.493155 -0.686223 0.000000 0.000000 0.000000 -1.000000 1 1.997710206e-05 5.697901361e-05
99 0.784807 -0.255233 -0.607565 0.816420 -0.493155 -0.686223 0.000000 0.000000 0.000000 -1.000000 1 1.137610525e-05 3.296509385e-05
99 0.787238 -0.256117 -0.613612 0.816420 -0.493155 -0.686223 0.000000 0.000000 0.000000 -1.000000 1 1.156795770e-05 3.427406773e-05
99 0.789481 -0.256983 -0.619195 0.816420 -0.493155 -0.686223 0.000000 0.000000 0.000000 -1.000000 1 1.124106348e-05 3.464287147e-05
99 0.791552 -0.257833 -0.624348 0.816420 -0.493155 -0.686223 0.000000 0.000000 0.000000 -1.000000 1 1.140916720e-05 3.285310231e-05
99 0.793464 -0.258665 -0.629105 0.816420 -0.493155 -0.686223 0.000000 0.000000 0.000000 -1.000000 1 1.672003418e-05 5.605490878e-05
99 0.795229 -0.259481 -0.633497 0.816420 -0.493155 -0.686223 0.000000 0.000000 0.000000 -1.000000 1 1.645507291e-05 5.483301356e-05
99 0.796858 -0.260281 -0.637551 0.816420 -0.493155 -0.686223 0.000000 0.000000 0.000000 -1.000000 1 2.025603317e-05 5.618296564e-05
99 0.798362 -0.261065 -0.641293 0.816420 -0.493155 -0.686223 0.000000 0.000000 0.000000 -1.000000 1 1.958315261e-05 6.178487092e-05
99 0.799751 -0.261834 -0.644747 0.816420 -0.493155 -0.686223 0.000000 0.000000 0.000000 -1.000000 1 1.159915701e-05 3.361399285e-05
99 0.801032 -0.262587 -0.647936 0.816420 -0.493155 -0.686223 0.000000 0.000000 0.000000 -1.000000 1 1.124385744e-05 3.324588761e-05
99 0.802215 -0.263326 -0.650879 0.816420 -0.493155 -0.686223 0.000000 0.000000 0.000000 -1.000000 1 1.118495129e-05 3.296998329e-05
99 0.803307 -0.264050 -0.653597 0.816420 -0.493155 -0.686223 0.000000 0.000000 0.000000 -1.000000 1 1.146201976e-05 3.327196464e-05
99 0.804315 -0.264760 -0.656105 0.816420 -0.493155 -0.686223 0.000000 0.000000 0.000000 -1.000000 1 1.362687908e-05 3.956118599e-05
99 0.805246 -0.265456 -0.658421 0.816420 -0.493155 -0.686223 0.000000 0.000000 0.000000 -1.000000 1 1.122010872e-05 3.277184442e-05
99 0.806105 -0.266138 -0.660558 0.816420 -0.493155 -0.686223 0.000000 0.000000 0.000000 -1.000000 1 1.979316585e-05 5.599390715e-05
99 0.806898 -0.266806 -0.662531 0.816420 -0.493155 -0.686223 0.000000 0.000000 0.000000 -1.000000 1 1.109996811e-05 3.348197788e-05
99 0.807630 -0.267461 -0.664353 0.816420 -0.493155 -0.686223 0.000000 0.000000 0.000000 -1.000000 1 1.148506999e-05 3.357906826e-05
99 0.808306 -0.268104 -0.666034 0.816420 -0.493155 -0.686223 0.000000 0.000000 0.000000 -1.000000 1 1.115910709e-05 3.335787915e-05
100 0.810206 -0.267546 -0.661011 0.858526 -0.467934 -0.551954 0.000000 0.000000 0.000000 -1.000000 1 1.151906326e-05 3.360700794e-05
100 0.813908 -0.268186 -0.652626 0.858526 -0.467934 -0.551954 0.000000 0.000000 0.000000 -1.000000 1 1.176306978e-05 3.510317765e-05
100 0.817338 -0.268814 -0.644886 0.858526 -0.467934 -0.551954 0.000000 0.000000 0.000000 -1.000000 1 1.146295108e-05 3.300211392e-05
100 0.820505 -0.269430 -0.637741 0.858526 -0.467934 -0.551954 0.000000 0.000000 0.000000 -1.000000 1 1.136097126e-05 3.298488446e-05
100 0.823428 -0.270034 -0.631146 0.858526 -0.467934 -0.551954 0.000000 0.000000 0.000000 -1.000000 1 1.114211045e-05 3.319699317e-05
100 0.826126 -0.270625 -0.625057 0.858526 -0.467934 -0.551954 0.000000 0.000000 0.000000 -1.000000 1 1.170113683e-05 3.334903158e-05
100 0.828617 -0.271205 -0.619437 0.858526 -0.467934 -0.551954 0.000000 0.000000 0.000000 -1.000000 1 1.286691986e-05 3.674090840e-05
100 0.830917 -0.271774 -0.614248 0.858526 -0.467934 -0.551954 0.000000 0.000000 0.000000 -1.000000 1 1.145503484e-05 3.438000567e-05
100 0.833040 -0.272331 -0.609459 0.858526 -0.467934 -0.551954 0.000000 0.000000 0.000000 -1.000000 1 1.172092743e-05 3.866082989e-05
100 0.834999 -0.272877 -0.605038 0.858526 -0.467934 -0.551954 0.000000 0.000000 0.000000 -1.000000 1 1.138378866e-05 3.315205686e-05
100 0.836808 -0.273413 -0.600957 0.858526 -0.467934 -0.551954 0.000000 0.000000 0.000000 -1.000000 1 1.148809679e-05 3.341399133e-05
100 0.838478 -0.273937 -0.597189 0.858526 -0.467934 -0.551954 0.000000 0.000000 0.000000 -1.000000 1 2.375012264e-05 7.499381900e-05
100 0.840019 -0.274452 -0.593711 0.858526 -0.467934 -0.551954 0.000000 0.000000 0.000000 -1.000000 1 1.641688868e-05 5.570007488e-05
100 0.841442 -0.274956 -0.590501 0.858526 -0.467934 -0.551954 0.000000 0.000000 0.000000 -1.000000 1 1.122686081e-05 3.256322816e-05
100 0.842756 -0.275451 -0.587537 0.858526 -0.467934 -0.551954 0.000000 0.000000 0.000000 -1.000000 1 1.141522080e-05 3.271503374e-05
100 0.843968 -0.275935 -0.584802 0.858526 -0.467934 -0.551954 0.000000 0.000000 0.000000 -1.000000 1 1.148181036e-05 3.359303810e-05
100 0.845087 -0.276411 -0.582276 0.858526 -0.467934 -0.551954 0.000000 0.000000 0.000000 -1.000000 1 1.136399806e-05 3.344798461e-05
100 0.846121 -0.276876 -0.579945 0.858526 -0.467934 -0.551954 0.000000 0.000000 0.000000 -1.000000 1 1.131300814e-05 3.352202475e-05
100 0.847074 -0.277333 -0.577793 0.858526 -0.467934 -0.551954 0.000000 0.000000 0.000000 -1.000000 1 1.197191887e-05 3.422703594e-05
100 0.847955 -0.277780 -0.575806 0.858526 -0.467934 -0.551954 0.000000 0.000000 0.000000 -1.000000 1 1.150486059e-05 3.381795250e-05
101 0.843819 -0.278219 -0.577513 0.804755 -0.523021 -0.658910 0.000000 0.000000 0.000000 -1.000000 1 7.470138371e-06 2.193381079e-05
101 0.840816 -0.278649 -0.583771 0.804755 -0.523021 -0.658910 0.000000 0.000000 0.000000 -1.000000 1 8.341157809e-06 2.749892883e-05
101 0.838043 -0.279070 -0.589548 0.804755 -0.523021 -0.658910 0.000000 0.000000 0.000000 -1.000000 1 1.137889922e-05 3.272015601e-05
101 0.835484 -0.279484 -0.594881 0.804755 -0.523021 -0.658910 0.000000 0.000000 0.000000 -1.000000 1 1.350999810e-05 3.938493319e-05
101 0.833121 -0.279889 -0.599804 0.804755 -0.523021 -0.658910 0.000000 0.000000 0.000000 -1.000000 1 2.779997885e-06 8.027069271e-06
101 0.830941 -0.280286 -0.604348 0.804755 -0.523021 -0.658910 0.000000 0.000000 0.000000 -1.000000 1 7.098075002e-06 2.110493369e-05
101 0.828927 -0.280675 -0.608543 0.804755 -0.523021 -0.658910 0.000000 0.000000 0.000000 -1.000000 1 6.597023457e-06 1.986185089e-05
101 0.827069 -0.281056 -0.612415 0.804755 -0.523021 -0.658910 0.000000 0.000000 0.000000 -1.000000 1 1.079705544e-05 3.232900053e-05
101 0.825353 -0.281430 -0.615990 0.804755 -0.523021 -0.658910 0.000000 0.000000 0.000000 -1.000000 1 1.305015758e-05 3.670109436e-05
101 0.823770 -0.281797 -0.619290 0.804755 -0.523021 -0.658910 0.000000 0.000000 0.000000 -1.000000 1 1.138285734e-05 3.285612911e-05
101 0.822308 -0.282156 -0.622336 0.804755 -0.523021 -0.658910 0.000000 0.000000 0.000000 -1.000000 1 1.113186590e-05 3.291899338e-05
101 0.820958 -0.282509 -0.625148 0.804755 -0.523021 -0.658910 0.000000 0.000000 0.000000 -1.000000 1 1.140101813e-05 3.275694326e-05
101 0.819712 -0.282854 -0.627744 0.804755 -0.523021 -0.658910 0.000000 0.000000 0.000000 -1.000000 1 1.666182652e-05 5.645002238e-05
101 0.818562 -0.283193 -0.630140 0.804755 -0.523021 -0.658910 0.000000 0.000000 0.000000 -1.000000 1 1.138797961e-05 3.411900252e-05
101 0.817501 -0.283524 -0.632352 0.804755 -0.523021 -0.658910 0.000000 0.000000 0.000000 -1.000000 1 1.147901639e-05 3.259209916e-05
101 0.816521 -0.283850 -0.634394 0.804755 -0.523021 -0.658910 0.000000 0.000000 0.000000 -1.000000 1 9.553972632e-06 2.767797559e-05
101 0.815616 -0.284168 -0.636279 0.804755 -0.523021 -0.658910 0.000000 0.000000 0.000000 -1.000000 1 1.127901487e-05 3.282912076e-05
101 0.814781 -0.284481 -0.638019 0.804755 -0.523021 -0.658910 0.000000 0.000000 0.000000 -1.000000 1 1.132395118e-05 3.308802843e-05
101 0.814010 -0.284787 -0.639625 0.804755 -0.523021 -0.658910 0.000000 0.000000 0.000000 -1.000000 1 1.147692092e-05 3.410596400e-05
101 0.813299 -0.285088 -0.641108 0.804755 -0.523021 -0.658910 0.000000 0.000000 0.000000 -1.000000 1 1.141591929e-05 3.283796832e-05
102 0.814385 -0.284194 -0.636789 0.869685 -0.468062 -0.559318 0.000000 0.000000 0.000000 -1.000000 1 2.189981751e-05 6.145704538e-05
102 0.818049 -0.284506 -0.630833 0.869685 -0.468062 -0.559318 0.000000 0.000000 0.000000 -1.000000 1 1.134001650e-05 3.324798308e-05
102 0.821642 -0.284812 -0.625335 0.869685 -0.468062 -0.559318 0.000000 0.000000 0.000000 -1.000000 1 1.138006337e-05 3.326800652e-05
102 0.825163 -0.285112 -0.620259 0.869685 -0.468062 -0.559318 0.000000 0.000000 0.000000 -1.000000 1 1.185503788e-05 3.446289338e-05
102 0.828573 -0.285406 -0.615574 0.869685 -0.468062 -0.559318 0.000000 0.000000 0.000000 -1.000000 1 1.126481220e-05 3.272201866e-05
102 0.831734 -0.285694 -0.611249 0.869685 -0.468062 -0.559318 0.000000 0.000000 0.000000 -1.000000 1 1.351302490e-05 3.828899935e-05
102 0.834652 -0.285976 -0.607256 0.869685 -0.468062 -0.559318 0.000000 0.000000 0.000000 -1.000000 1 1.142104156e-05 3.382586874e-05
102 0.837345 -0.286253 -0.603570 0.869685 -0.468062 -0.559318 0.000000 0.000000 0.000000 -1.000000 1 1.134211197e-05 3.286707215e-05
102 0.839832 -0.286525 -0.600168 0.869685 -0.468062 -0.559318 0.000000 0.000000 0.000000 -1.000000 1 1.116492786e-05 3.402703442e-05
102 0.842127 -0.286791 -0.597027 0.869685 -0.468062 -0.559318 0.000000 0.000000 0.000000 -1.000000 1 1.163198613e-05 3.423402086e-05
102 0.844246 -0.287051 -0.594128 0.869685 -0.468062 -0.559318 0.000000 0.000000 0.000000 -1.000000 1 1.134583727e-05 3.332900815e-05
102 0.846202 -0.287307 -0.591452 0.869685 -0.468062 -0.559318 0.000000 0.000000 0.000000 -1.000000 1 1.160916872e-05 3.416487016e-05
102 0.848007 -0.287558 -0.588981 0.869685 -0.468062 -0.559318 0.000000 0.000000 0.000000 -1.000000 1 1.197401434e-05 3.492715769e-05
102 0.849674 -0.287803 -0.586700 0.869685 -0.468062 -0.559318 0.000000 0.000000 0.000000 -1.000000 1 1.144106500e-05 3.286520950e-05
102 0.851212 -0.288044 -0.584595 0.869685 -0.468062 -0.559318 0.000000 0.000000 0.000000 -1.000000 1 1.143594272e-05 3.327103332e-05
102 0.852633 -0.288280 -0.582652 0.869685 -0.468062 -0.559318 0.000000 0.000000 0.000000 -1.000000 1 1.145293936e-05 3.453902900e-05
102 0.853944 -0.288511 -0.580858 0.869685 -0.468062 -0.559318 0.000000 0.000000 0.000000 -1.000000 1 1.149508171e-05 3.443798050e-05
102 0.855154 -0.288738 -0.579202 0.869685 -0.468062 -0.559318 0.000000 0.000000 0.000000 -1.000000 1 1.842109486e-05 6.920588203e-05
102 0.856271 -0.288961 -0.577673 0.869685 -0.468062 -0.559318 0.000000 0.000000 0.000000 -1.000000 1 1.607392915e-05 5.360785872e-05
102 0.857303 -0.289179 -0.576262 0.869685 -0.468062 -0.559318 0.000000 0.000000 0.000000 -1.000000 1 5.975901149e-05 1.011339482e-04
103 0.854267 -0.289393 -0.576846 0.857781 -0.473781 -0.598778 0.000000 0.000000 0.000000 -1.000000 1 1.159287058e-05 3.285985440e-05
103 0.854537 -0.289602 -0.578532 0.857781 -0.473781 -0.598778 0.000000 0.000000 0.000000 -1.000000 1 1.147598960e-05 3.280118108e-05
103 0.854787 -0.289807 -0.580089 0.857781 -0.473781 -0.598778 0.000000 0.000000 0.000000 -1.000000 1 2.009421587e-05 5.577993579e-05
103 0.855017 -0.290009 -0.581526 0.857781 -0.473781 -0.598778 0.000000 0.000000 0.000000 -1.000000 1 1.133210026e-05 3.315997310e-05
103 0.855229 -0.290206 -0.582852 0.857781 -0.473781 -0.598778 0.000000 0.000000 0.000000 -1.000000 1 1.623295248e-05 5.508796312e-05
103 0.855425 -0.290399 -0.584076 0.857781 -0.473781 -0.598778 0.000000 0.000000 0.000000 -1.000000 1 1.615006477e-05 5.468004383e-05
103 0.855606 -0.290589 -0.585207 0.857781 -0.473781 -0.598778 0.000000 0.000000 0.000000 -1.000000 1 1.142919064e-05 3.300094977e-05
103 0.855774 -0.290774 -0.586250 0.857781 -0.473781 -0.598778 0.000000 0.000000 0.000000 -1.000000 1 1.137005165e-05 3.341306001e-05
103 0.855928 -0.290957 -0.587213 0.857781 -0.473781 -0.598778 0.000000 0.000000 0.000000 -1.000000 1 1.519196667e-05 3.685499541e-05
103 0.856070 -0.291135 -0.588103 0.857781 -0.473781 -0.598778 0.000000 0.000000 0.000000 -1.000000 1 1.213303767e-05 3.435998224e-05
103 0.856202 -0.291310 -0.588923 0.857781 -0.473781 -0.598778 0.000000 0.000000 0.000000 -1.000000 1 1.136795618e-05 3.273808397e-05
103 0.856323 -0.291482 -0.589681 0.857781 -0.473781 -0.598778 0.000000 0.000000 0.000000 -1.000000 1 1.142593101e-05 3.401003778e-05
103 0.856435 -0.291650 -0.590380 0.857781 -0.473781 -0.598778 0.000000 0.000000 0.000000 -1.000000 1 1.118401997e-05 3.431015648e-05
103 0.856539 -0.291815 -0.591026 0.857781 -0.473781 -0.598778 0.000000 0.000000 0.000000 -1.000000 1 1.146597788e-05 3.344495781e-05
103 0.856634 -0.291976 -0.591622 0.857781 -0.473781 -0.598778 0.000000 0.000000 0.000000 -1.000000 1 1.898198389e-05 6.050802767e-05
103 0.856722 -0.292135 -0.592172 0.857781 -0.473781 -0.598778 0.000000 0.000000 0.000000 -1.000000 1 1.643900760e-05 5.395011976e-05
103 0.856804 -0.292290 -0.592680 0.857781 -0.473781 -0.598778 0.000000 0.000000 0.000000 -1.000000 1 1.694587991e-05 5.483697169e-05
103 0.856879 -0.292442 -0.593149 0.857781 -0.473781 -0.598778 0.000000 0.000000 0.000000 -1.000000 1 1.147179864e-05 3.352388740e-05
103 0.856948 -0.292591 -0.593582 0.857781 -0.473781 -0.598778 0.000000 0.000000 0.000000 -1.000000 1 8.068047464e-06 2.401205711e-05
103 0.857012 -0.292738 -0.593981 0.857781 -0.473781 -0.598778 0.000000 0.000000 0.000000 -1.000000 1 4.315981641e-06 1.286691986e-05
104 0.856655 -0.291693 -0.587843 0.857366 -0.387853 -0.456642 0.000000 0.000000 0.000000 -1.000000 1 2.822140232e-06 8.327886462e-06
104 0.856710 -0.291857 -0.577756 0.857366 -0.387853 -0.456642 0.000000 0.000000 0.000000 -1.000000 1 4.326226190e-06 1.348601654e-05
104 0.856760 -0.292018 -0.568444 0.857366 -0.387853 -0.456642 0.000000 0.000000 0.000000 -1.000000 1 4.731817171e-06 1.437007450e-05
104 0.856807 -0.292175 -0.559849 0.857366 -0.387853 -0.456642 0.000000 0.000000 0.000000 -1.000000 1 1.125806011e-05 3.435905091e-05
104 0.856850 -0.292330 -0.551914 0.857366 -0.387853 -0.456642 0.000000 0.000000 0.000000 -1.000000 1 1.134094782e-05 3.322400153e-05
104 0.856890 -0.292481 -0.544589 0.857366 -0.387853 -0.456642 0.000000 0.000000 0.000000 -1.000000 1 1.137889922e-05 3.499211743e-05
104 0.856926 -0.292630 -0.537827 0.857366 -0.387853 -0.456642 0.000000 0.000000 0.000000 -1.000000 1 3.990018740e-06 1.157098450e-05
104 0.856960 -0.292775 -0.531585 0.857366 -0.387853 -0.456642 0.000000 0.000000 0.000000 -1.000000 1 3.099907190e-06 8.956994861e-06
104 0.856991 -0.292918 -0.525823 0.857366 -0.387853 -0.456642 0.000000 0.000000 0.000000 -1.000000 1 2.820044756e-06 8.275965229e-06
104 0.857020 -0.293058 -0.520504 0.857366 -0.387853 -0.456642 0.000000 0.000000 0.000000 -1.000000 1 2.776039764e-06 8.444068953e-06
104 0.857047 -0.293195 -0.515594 0.857366 -0.387853 -0.456642 0.000000 0.000000 0.000000 -1.000000 1 9.540934116e-06 2.836994827e-05
104 0.857071 -0.293329 -0.511062 0.857366 -0.387853 -0.456642 0.000000 0.000000 0.000000 -1.000000 1 1.855893061e-05 6.447592750e-05
104 0.857094 -0.293461 -0.506878 0.857366 -0.387853 -0.456642 0.000000 0.000000 0.000000 -1.000000 1 1.659919508e-05 6.112409756e-05
104 0.857115 -0.293590 -0.503015 0.857366 -0.387853 -0.456642 0.000000 0.000000 0.000000 -1.000000 1 1.175398938e-05 3.499211743e-05
104 0.857134 -0.293716 -0.499450 0.857366 -0.387853 -0.456642 0.000000 0.000000 0.000000 -1.000000 1 1.156190410e-05 3.470294178e-05
104 0.857152 -0.293841 -0.496159 0.857366 -0.387853 -0.456642 0.000000 0.000000 0.000000 -1.000000 1 1.138006337e-05 3.584800288e-05
104 0.857169 -0.293962 -0.493121 0.857366 -0.387853 -0.456642 0.000000 0.000000 0.000000 -1.000000 1 1.613795757e-05 4.874705337e-05
104 0.857184 -0.294081 -0.490316 0.857366 -0.387853 -0.456642 0.000000 0.000000 0.000000 -1.000000 1 1.146900468e-05 3.730901517e-05
104 0.857198 -0.294198 -0.487727 0.857366 -0.387853 -0.456642 0.000000 0.000000 0.000000 -1.000000 1 1.157796942e-05 3.664009273e-05
104 0.857211 -0.294313 -0.485337 0.857366 -0.387853 -0.456642 0.000000 0.000000 0.000000 -1.000000 1 1.124502160e-05 4.361104220e-05
105 0.853050 -0.293237 -0.478568 0.833763 -0.355638 -0.376970 0.000000 0.000000 0.000000 -1.000000 1 1.149717718e-05 4.408601671e-05
105 0.851567 -0.293370 -0.470757 0.833763 -0.355638 -0.376970 0.000000 0.000000 0.000000 -1.000000 1 1.111393794e-05 4.448299296e-05
105 0.850198 -0.293501 -0.463546 0.833763 -0.355638 -0.376970 0.000000 0.000000 0.000000 -1.000000 1 1.182709821e-05 4.698196426e-05
105 0.848935 -0.293630 -0.456890 0.833763 -0.355638 -0.376970 0.000000 0.000000 0.000000 -1.000000 1 1.180078834e-05 4.640081897e-05
105 0.847768 -0.293755 -0.450745 0.833763 -0.355638 -0.376970 0.000000 0.000000 0.000000 -1.000000 1 1.153582707e-05 4.633492790e-05
105 0.846691 -0.293879 -0.445073 0.833763 -0.355638 -0.376970 0.000000 0.000000 0.000000 -1.000000 1 1.137214713e-05 5.142088048e-05
105 0.845698 -0.293999 -0.439837 0.833763 -0.355638 -0.376970 0.000000 0.000000 0.000000 -1.000000 1 1.105596311e-05 4.361988977e-05
105 0.844780 -0.294118 -0.435004 0.833763 -0.355638 -0.376970 0.000000 0.000000 0.000000 -1.000000 1 1.144688576e-05 4.728813656e-05
105 0.843933 -0.294234 -0.430542 0.833763 -0.355638 -0.376970 0.000000 0.000000 0.000000 -1.000000 1 1.145806164e-05 4.728487693e-05
105 0.843151 -0.294348 -0.426423 0.833763 -0.355638 -0.376970 0.000000 0.000000 0.000000 -1.000000 1 1.144595444e-05 4.704110324e-05
105 0.842429 -0.294459 -0.422621 0.833763 -0.355638 -0.376970 0.000000 0.000000 0.000000 -1.000000 1 1.137703657e-05 4.649907351e-05
105 0.841763 -0.294569 -0.419111 0.833763 -0.355638 -0.376970 0.000000 0.000000 0.000000 -1.000000 1 1.163501292e-05 4.686601460e-05
105 0.841148 -0.294676 -0.415871 0.833763 -0.355638 -0.376970 0.000000 0.000000 0.000000 -1.000000 1 1.151091419e-05 4.706904292e-05
105 0.840580 -0.294781 -0.412880 0.833763 -0.355638 -0.376970 0.000000 0.000000 0.000000 -1.000000 1 2.480414696e-05 1.334440894e-04
105 0.840056 -0.294884 -0.410120 0.833763 -0.355638 -0.376970 0.000000 0.000000 0.000000 -1.000000 1 1.750094816e-05 1.414830331e-04
105 0.839572 -0.294985 -0.407571 0.833763 -0.355638 -0.376970 0.000000 0.000000 0.000000 -1.000000 1 1.132092439e-05 4.604086280e-05
105 0.839126 -0.295084 -0.405218 0.833763 -0.355638 -0.376970 0.000000 0.000000 0.000000 -1.000000 1 1.072208397e-05 4.367018119e-05
105 0.838713 -0.295181 -0.403046 0.833763 -0.355638 -0.376970 0.000000 0.000000 0.000000 -1.000000 1 2.186605707e-05 5.628494546e-05
105 0.838333 -0.295276 -0.401042 0.833763 -0.355638 -0.376970 0.000000 0.000000 0.000000 -1.000000 1 1.207506284e-05 4.802807234e-05
105 0.837981 -0.295370 -0.399191 0.833763 -0.355638 -0.376970 0.000000 0.000000 0.000000 -1.000000 1 9.187962860e-06 3.585708328e-05
106 0.833764 -0.294273 -0.392572 0.818991 -0.320115 -0.277598 0.000000 0.000000 0.000000 -1.000000 1 5.693873391e-06 3.672810271e-05
106 0.832628 -0.294386 -0.383732 0.818991 -0.320115 -0.277598 0.000000 0.000000 0.000000 -1.000000 1 2.768123522e-06 1.137005165e-05
106 0.831580 -0.294497 -0.375572 0.818991 -0.320115 -0.277598 0.000000 0.000000 0.000000 -1.000000 1 8.562114090e-06 3.389013000e-05
106 0.830612 -0.294606 -0.368040 0.818991 -0.320115 -0.277598 0.000000 0.000000 0.000000 -1.000000 1 8.506933227e-06 3.467407078e-05
106 0.829718 -0.294712 -0.361086 0.818991 -0.320115 -0.277598 0.000000 0.000000 0.000000 -1.000000 1 1.141102985e-05 4.530022852e-05
106 0.828893 -0.294817 -0.354667 0.818991 -0.320115 -0.277598 0.000000 0.000000 0.000000 -1.000000 1 1.279404387e-05 4.953215830e-05
106 0.828132 -0.294919 -0.348742 0.818991 -0.320115 -0.277598 0.000000 0.000000 0.000000 -1.000000 1 1.147296280e-05 4.916405305e-05
106 0.827429 -0.295019 -0.343272 0.818991 -0.320115 -0.277598 0.000000 0.000000 0.000000 -1.000000 1 1.145503484e-05 4.710303620e-05
106 0.826780 -0.295118 -0.338223 0.818991 -0.320115 -0.277598 0.000000 0.000000 0.000000 -1.000000 1 1.174909994e-05 4.719500430e-05
106 0.826181 -0.295214 -0.333562 0.818991 -0.320115 -0.277598 0.000000 0.000000 0.000000 -1.000000 1 1.162709668e-05 4.707300104e-05
106 0.825629 -0.295308 -0.329259 0.818991 -0.320115 -0.277598 0.000000 0.000000 0.000000 -1.000000 1 1.376192085e-05 5.147303455e-05
106 0.825118 -0.295401 -0.325287 0.818991 -0.320115 -0.277598 0.000000 0.000000 0.000000 -1.000000 1 1.150509343e-05 4.707113840e-05
106 0.824647 -0.295492 -0.321621 0.818991 -0.320115 -0.277598 0.000000 0.000000 0.000000 -1.000000 1 1.743016765e-05 1.117200591e-04
106 0.824212 -0.295581 -0.318236 0.818991 -0.320115 -0.277598 0.000000 0.000000 0.000000 -1.000000 1 1.691700891e-05 1.096329652e-04
106 0.823811 -0.295668 -0.315112 0.818991 -0.320115 -0.277598 0.000000 0.000000 0.000000 -1.000000 1 5.305046216e-06 3.485591151e-05
106 0.823440 -0.295754 -0.312228 0.818991 -0.320115 -0.277598 0.000000 0.000000 0.000000 -1.000000 1 5.125068128e-06 3.451691009e-05
106 0.823098 -0.295837 -0.309565 0.818991 -0.320115 -0.277598 0.000000 0.000000 0.000000 -1.000000 1 1.600803807e-05 1.071200240e-04
106 0.822782 -0.295920 -0.307108 0.818991 -0.320115 -0.277598 0.000000 0.000000 0.000000 -1.000000 1 1.704599708e-05 1.108688302e-04
106 0.822491 -0.296000 -0.304839 0.818991 -0.320115 -0.277598 0.000000 0.000000 0.000000 -1.000000 1 1.678080298e-05 1.097251661e-04
106 0.822222 -0.296079 -0.302744 0.818991 -0.320115 -0.277598 0.000000 0.000000 0.000000 -1.000000 1 1.664506271e-05 1.094599720e-04
107 0.822833 -0.296157 -0.304574 0.839650 -0.462192 -0.371124 0.000000 0.000000 0.000000 -1.000000 1 1.662294380e-05 1.094609033e-04
107 0.824126 -0.296233 -0.309690 0.839650 -0.462192 -0.371124 0.000000 0.000000 0.000000 -1.000000 1 1.143314876e-05 4.517217167e-05
107 0.825319 -0.296307 -0.314413 0.839650 -0.462192 -0.371124 0.000000 0.000000 0.000000 -1.000000 1 1.226016320e-05 4.790211096e-05
107 0.826421 -0.296380 -0.318774 0.839650 -0.462192 -0.371124 0.000000 0.000000 0.000000 -1.000000 1 1.153605990e-05 4.678196274e-05
107 0.827438 -0.296452 -0.322798 0.839650 -0.462192 -0.371124 0.000000 0.000000 0.000000 -1.000000 1 1.146411523e-05 4.609697498e-05
107 0.828377 -0.296522 -0.326514 0.839650 -0.462192 -0.371124 0.000000 0.000000 0.000000 -1.000000 1 1.130113378e-05 4.655402154e-05
107 0.829244 -0.296591 -0.329944 0.839650 -0.462192 -0.371124 0.000000 0.000000 0.000000 -1.000000 1 1.145689748e-05 4.658708349e-05
107 0.830044 -0.296658 -0.333110 0.839650 -0.462192 -0.371124 0.000000 0.000000 0.000000 -1.000000 1 1.380592585e-05 5.239900202e-05
107 0.830782 -0.296724 -0.336032 0.839650 -0.462192 -0.371124 0.000000 0.000000 0.000000 -1.000000 1 1.152791083e-05 4.555797204e-05
107 0.831464 -0.296789 -0.338730 0.839650 -0.462192 -0.371124 0.000000 0.000000 0.000000 -1.000000 1 1.156516373e-05 4.618405364e-05
107 0.832093 -0.296852 -0.341221 0.839650 -0.462192 -0.371124 0.000000 0.000000 0.000000 -1.000000 1 1.141894609e-05 4.661292769e-05
107 0.832674 -0.296914 -0.343520 0.839650 -0.462192 -0.371124 0.000000 0.000000 0.000000 -1.000000 1 1.128693111e-05 4.692398943e-05
107 0.833211 -0.296975 -0.345642 0.839650 -0.462192 -0.371124 0.000000 0.000000 0.000000 -1.000000 1 1.152395271e-05 4.544109106e-05
107 0.833706 -0.297035 -0.347601 0.839650 -0.462192 -0.371124 0.000000 0.000000 0.000000 -1.000000 1 1.154909842e-05 4.572491162e-05
107 0.834163 -0.297093 -0.349410 0.839650 -0.462192 -0.371124 0.000000 0.000000 0.000000 -1.000000 1 1.197494566e-05 4.824320786e-05
107 0.834585 -0.297151 -0.351079 0.839650 -0.462192 -0.371124 0.000000 0.000000 0.000000 -1.000000 1 2.155709080e-05 7.221195847e-05
107 0.834974 -0.297207 -0.352621 0.839650 -0.462192 -0.371124 0.000000 0.000000 0.000000 -1.000000 1 1.157517545e-05 4.629814066e-05
107 0.835333 -0.297262 -0.354043 0.839650 -0.462192 -0.371124 0.000000 0.000000 0.000000 -1.000000 1 1.149903983e-05 4.621502012e-05
107 0.835665 -0.297316 -0.355356 0.839650 -0.462192 -0.371124 0.000000 0.000000 0.000000 -1.000000 1 1.170695759e-05 5.622114986e-05
107 0.835972 -0.297369 -0.356569 0.839650 -0.462192 -0.371124 0.000000 0.000000 0.000000 -1.000000 1 1.197285019e-05 4.499917850e-05
108 0.831335 -0.297421 -0.362357 0.783937 -0.793560 -0.699870 0.000000 0.000000 0.000000 -1.000000 1 1.143780537e-05 4.442501813e-05
108 0.827691 -0.297472 -0.374946 0.783937 -0.793560 -0.699870 0.000000 0.000000 0.000000 -1.000000 1 1.165200956e-05 4.298891872e-05
108 0.824327 -0.297522 -0.387286 0.783937 -0.793560 -0.699870 0.000000 0.000000 0.000000 -1.000000 1 1.164595596e-05 3.539398313e-05
108 0.821222 -0.297571 -0.399382 0.783937 -0.793560 -0.699870 0.000000 0.000000 0.000000 -1.000000 1 1.135608181e-05 3.516697325e-05
108 0.818355 -0.297619 -0.411240 0.783937 -0.793560 -0.699870 0.000000 0.000000 0.000000 -1.000000 1 2.138479613e-05 5.781208165e-05
108 0.815709 -0.297666 -0.422864 0.783937 -0.793560 -0.699870 0.000000 0.000000 0.000000 -1.000000 1 1.146411523e-05 3.408105113e-05
108 0.813266 -0.297712 -0.434258 0.783937 -0.793560 -0.699870 0.000000 0.000000 0.000000 -1.000000 1 1.180195250e-05 3.384891897e-05
108 0.811011 -0.297757 -0.445427 0.783937 -0.793560 -0.699870 0.000000 0.000000 0.000000 -1.000000 1 1.135910861e-05 3.362703137e-05
108 0.808930 -0.297801 -0.456376 0.783937 -0.793560 -0.699870 0.000000 0.000000 0.000000 -1.000000 1 1.157587394e-05 4.323897883e-05
108 0.807008 -0.297845 -0.467109 0.783937 -0.793560 -0.699870 0.000000 0.000000 0.000000 -1.000000 1 1.129694283e-05 4.780013114e-05
108 0.805235 -0.297887 -0.477629 0.783937 -0.793560 -0.699870 0.000000 0.000000 0.000000 -1.000000 1 1.660501584e-05 1.261229627e-04
108 0.803597 -0.297929 -0.487942 0.783937 -0.793560 -0.699870 0.000000 0.000000 0.000000 -1.000000 1 1.598405652e-05 1.078310888e-04
108 0.802086 -0.297970 -0.498051 0.783937 -0.793560 -0.699870 0.000000 0.000000 0.000000 -1.000000 1 1.040217467e-05 4.210206680e-05
108 0.800690 -0.298010 -0.507961 0.783937 -0.793560 -0.699870 0.000000 0.000000 0.000000 -1.000000 1 1.682201400e-05 1.189687755e-04
108 0.799402 -0.298049 -0.517675 0.783937 -0.793560 -0.699870 0.000000 0.000000 0.000000 -1.000000 1 1.506600529e-05 9.960704483e-05
108 0.798213 -0.298088 -0.527198 0.783937 -0.793560 -0.699870 0.000000 0.000000 0.000000 -1.000000 1 1.648394391e-05 1.081130467e-04
108 0.797116 -0.298125 -0.536532 0.783937 -0.793560 -0.699870 0.000000 0.000000 0.000000 -1.000000 1 1.876498573e-05 1.567839645e-04
108 0.796103 -0.298162 -0.545682 0.783937 -0.793560 -0.699870 0.000000 0.000000 0.000000 -1.000000 1 1.652818173e-05 1.168029848e-04
108 0.795167 -0.298199 -0.554652 0.783937 -0.793560 -0.699870 0.000000 0.000000 0.000000 -1.000000 1 1.644599251e-05 1.117500942e-04
108 0.794304 -0.298234 -0.563444 0.783937 -0.793560 -0.699870 0.000000 0.000000 0.000000 -1.000000 1 1.673796214e-05 1.111910678e-04
109 0.779568 -0.293503 -0.572062 -1.418806 -0.097591 -5.144630 0.000000 0.000000 0.000000 -1.000000 1 9.008916095e-06 3.477698192e-05
109 0.744435 -0.281789 -0.580510 -1.418806 -0.097591 -5.144630 0.000000 0.000000 0.000000 -1.000000 1 1.971912570e-05 6.880890578e-05
109 0.709996 -0.270305 -0.588792 -1.418806 -0.097591 -5.144630 0.000000 0.000000 0.000000 -1.000000 1 1.126504503e-05 4.632188939e-05
109 0.676237 -0.259048 -0.596910 -1.418806 -0.097591 -5.144630 0.000000 0.000000 0.000000 -1.000000 1 1.635891385e-05 1.126010902e-04
109 0.643145 -0.248012 -0.604867 -1.418806 -0.097591 -5.144630 0.000000 0.000000 0.000000 -1.000000 1 1.606182195e-05 1.119030640e-04
109 0.610705 -0.237195 -0.612668 -1.418806 -0.097591 -5.144630 0.000000 0.000000 0.000000 -1.000000 1 1.618498936e-05 1.138229854e-04
109 0.578906 -0.226615 -0.620315 -1.418806 -0.097591 -5.144630 0.000000 0.000000 0.000000 -1.000000 1 1.661991701e-05 1.167829614e-04
109 0.547735 -0.216694 -0.627811 -1.418806 -0.097591 -5.144630 0.000000 0.000000 0.000000 -1.000000 1 1.613795757e-05 1.157689840e-04
109 0.517179 -0.207535 -0.635158 -1.418806 -0.097591 -5.144630 0.000000 0.000000 0.000000 -1.000000 1 1.735379919e-05 1.187301241e-04
109 0.487226 -0.199081 -0.642361 -1.418806 -0.097591 -5.144630 0.000000 0.000000 0.000000 -1.000000 1 1.684203744e-05 1.171350013e-04
109 0.457864 -0.191277 -0.649422 -1.418806 -0.097591 -5.144630 0.000000 0.000000 0.000000 -1.000000 1 1.614284702e-05 1.223499421e-04
109 0.429083 -0.184073 -0.656343 -1.418806 -0.097591 -5.144630 0.000000 0.000000 0.000000 -1.000000 1 1.366389915e-05 1.010771375e-04
109 0.400869 -0.177422 -0.663128 -1.418806 -0.097591 -5.144630 0.000000 0.000000 0.000000 -1.000000 1 5.226815119e-06 3.708410077e-05
109 0.373213 -0.171283 -0.669778 -1.418806 -0.097591 -5.144630 0.000000 0.000000 0.000000 -1.000000 1 1.795706339e-05 1.624701545e-04
109 0.346102 -0.165616 -0.676298 -1.418806 -0.097591 -5.144630 0.000000 0.000000 0.000000 -1.000000 1 1.577194780e-05 1.158870291e-04
109 0.319527 -0.160384 -0.682688 -1.418806 -0.097591 -5.144630 0.000000 0.000000 0.000000 -1.000000 1 1.153000630e-05 5.299202166e-05
109 0.293476 -0.155554 -0.688953 -1.418806 -0.097591 -5.144630 0.000000 0.000000 0.000000 -1.000000 1 1.122499816e-05 4.649092443e-05
109 0.267940 -0.151095 -0.695094 -1.418806 -0.097591 -5.144630 0.000000 0.000000 0.000000 -1.000000 1 1.053512096e-05 4.464085214e-05
109 0.242908 -0.146979 -0.701113 -1.418806 -0.097591 -5.144630 0.000000 0.000000 0.000000 -1.000000 1 1.345807686e-05 4.828604870e-05
109 0.218370 -0.143179 -0.707014 -1.418806 -0.097591 -5.144630 0.000000 0.000000 0.000000 -1.000000 1 1.121684909e-05 4.638312384e-05
110 0.194316 -0.137537 -0.712798 -1.573238 0.692116 -6.095554 0.000000 0.000000 0.000000 -1.000000 1 1.174700446e-05 4.710396752e-05
110 0.170737 -0.128899 -0.718469 -1.573238 0.692116 -6.095554 0.000000 0.000000 0.000000 -1.000000 1 1.130113378e-05 4.656193778e-05
110 0.147624 -0.120432 -0.724027 -1.573238 0.692116 -6.095554 0.000000 0.000000 0.000000 -1.000000 1 1.150998287e-05 4.725507461e-05
110 0.124967 -0.112131 -0.729475 -1.573238 0.692116 -6.095554 0.000000 0.000000 0.000000 -1.000000 1 1.146388240e-05 4.675681703e-05
110 0.102757 -0.103995 -0.734816 -1.573238 0.692116 -6.095554 0.000000 0.000000 0.000000 -1.000000 1 1.125899144e-05 4.616985098e-05
110 0.080986 -0.096019 -0.740051 -1.573238 0.692116 -6.095554 0.000000 0.000000 0.000000 -1.000000 1 1.204200089e-05 4.998501390e-05
110 0.059644 -0.088200 -0.745183 -1.573238 0.692116 -6.095554 0.000000 0.000000 0.000000 -1.000000 1 1.116888598e-05 4.604482092e-05
110 0.038724 -0.080536 -0.750214 -1.573238 0.692116 -6.095554 0.000000 0.000000 0.000000 -1.000000 1 1.136190258e-05 5.149305798e-05
110 0.018217 -0.073023 -0.755146 -1.573238 0.692116 -6.095554 0.000000 0.000000 0.000000 -1.000000 1 1.123896800e-05 4.624505527e-05
110 -0.001885 -0.065659 -0.759980 -1.573238 0.692116 -6.095554 0.000000 0.000000 0.000000 -1.000000 1 1.256307587e-05 5.031214096e-05
110 -0.021590 -0.058440 -0.764718 -1.573238 0.692116 -6.095554 0.000000 0.000000 0.000000 -1.000000 1 1.156004146e-05 4.688487388e-05
110 -0.040907 -0.051363 -0.769363 -1.573238 0.692116 -6.095554 0.000000 0.000000 0.000000 -1.000000 1 1.140101813e-05 4.632095806e-05
110 -0.059842 -0.044427 -0.773917 -1.573238 0.692116 -6.095554 0.000000 0.000000 0.000000 -1.000000 1 1.129205339e-05 4.643294960e-05
110 -0.078403 -0.037627 -0.778380 -1.573238 0.692116 -6.095554 0.000000 0.000000 0.000000 -1.000000 1 1.123710535e-05 5.097198300e-05
110 -0.096598 -0.030961 -0.782756 -1.573238 0.692116 -6.095554 0.000000 0.000000 0.000000 -1.000000 1 1.144292764e-05 4.718289711e-05
110 -0.114433 -0.024427 -0.787045 -1.573238 0.692116 -6.095554 0.000000 0.000000 0.000000 -1.000000 1 2.284301445e-05 1.404101495e-04
110 -0.131917 -0.018022 -0.791249 -1.573238 0.692116 -6.095554 0.000000 0.000000 0.000000 -1.000000 1 2.017989755e-05 6.939400919e-05
110 -0.149055 -0.011743 -0.795370 -1.573238 0.692116 -6.095554 0.000000 0.000000 0.000000 -1.000000 1 1.133698970e-05 4.698988050e-05
110 -0.165855 -0.005589 -0.799410 -1.573238 0.692116 -6.095554 0.000000 0.000000 0.000000 -1.000000 1 1.152418554e-05 4.655309021e-05
110 -0.182323 0.000444 -0.803370 -1.573238 0.692116 -6.095554 0.000000 0.000000 0.000000 -1.000000 1 1.135887578e-05 4.783784971e-05
111 -0.198466 0.006359 -0.807252 -1.828778 0.853926 -6.462245 0.000000 0.000000 0.000000 -1.000000 1 1.196702942e-05 4.803598858e-05
111 -0.214290 0.012156 -0.811058 -1.828778 0.853926 -6.462245 0.000000 0.000000 0.000000 -1.000000 1 1.130788587e-05 4.600104876e-05
111 -0.229802 0.017839 -0.814788 -1.828778 0.853926 -6.462245 0.000000 0.000000 0.000000 -1.000000 1 1.186807640e-05 4.947884008e-05
111 -0.245008 0.023409 -0.818444 -1.828778 0.853926 -6.462245 0.000000 0.000000 0.000000 -1.000000 1 1.087388955e-05 4.456005991e-05
111 -0.259913 0.028870 -0.822029 -1.828778 0.853926 -6.462245 0.000000 0.000000 0.000000 -1.000000 1 1.151696779e-05 4.679104313e-05
111 -0.274525 0.034223 -0.825542 -1.828778 0.853926 -6.462245 0.000000 0.000000 0.000000 -1.000000 1 1.161894761e-05 4.721502773e-05
111 -0.288847 0.039470 -0.828987 -1.828778 0.853926 -6.462245 0.000000 0.000000 0.000000 -1.000000 1 1.152884215e-05 4.622293636e-05
111 -0.302887 0.044613 -0.832363 -1.828778 0.853926 -6.462245 0.000000 0.000000 0.000000 -1.000000 1 1.373281702e-05 5.291216075e-05
111 -0.316650 0.049655 -0.835672 -1.828778 0.853926 -6.462245 0.000000 0.000000 0.000000 -1.000000 1 1.130299643e-05 4.663690925e-05
111 -0.330141 0.054598 -0.838917 -1.828778 0.853926 -6.462245 0.000000 0.000000 0.000000 -1.000000 1 1.255702227e-05 5.036895163e-05
111 -0.343366 0.059443 -0.842097 -1.828778 0.853926 -6.462245 0.000000 0.000000 0.000000 -1.000000 1 1.139682718e-05 4.662293941e-05
111 -0.356330 0.064192 -0.845214 -1.828778 0.853926 -6.462245 0.000000 0.000000 0.000000 -1.000000 1 1.149205491e-05 4.685996100e-05
111 -0.369037 0.068847 -0.848270 -1.828778 0.853926 -6.462245 0.000000 0.000000 0.000000 -1.000000 1 1.993495971e-05 7.095094770e-05
111 -0.381494 0.073411 -0.851266 -1.828778 0.853926 -6.462245 0.000000 0.000000 0.000000 -1.000000 1 1.141917892e-05 4.774983972e-05
111 -0.393705 0.077884 -0.854202 -1.828778 0.853926 -6.462245 0.000000 0.000000 0.000000 -1.000000 1 1.144385897e-05 4.656310193e-05
111 -0.405675 0.082270 -0.857080 -1.828778 0.853926 -6.462245 0.000000 0.000000 0.000000 -1.000000 1 1.155887730e-05 4.696706310e-05
111 -0.417408 0.086568 -0.859902 -1.828778 0.853926 -6.462245 0.000000 0.000000 0.000000 -1.000000 1 1.166388392e-05 4.729698412e-05
111 -0.428910 0.090782 -0.862668 -1.828778 0.853926 -6.462245 0.000000 0.000000 0.000000 -1.000000 1 1.160311513e-05 4.705321044e-05
111 -0.440185 0.094912 -0.865379 -1.828778 0.853926 -6.462245 0.000000 0.000000 0.000000 -1.000000 1 1.128111035e-05 4.634680226e-05
111 -0.451237 0.098961 -0.868037 -1.828778 0.853926 -6.462245 0.000000 0.000000 0.000000 -1.000000 1 1.188414171e-05 4.796497524e-05
112 -0.462071 0.102930 -0.870642 -1.986418 0.933888 -6.720761 0.000000 0.000000 0.000000 -1.000000 1 1.138681546e-05 5.052704364e-05
112 -0.472691 0.106820 -0.873196 -1.986418 0.933888 -6.720761 0.000000 0.000000 0.000000 -1.000000 1 1.147598960e-05 4.668300971e-05
112 -0.483102 0.110634 -0.875700 -1.986418 0.933888 -6.720761 0.000000 0.000000 0.000000 -1.000000 1 1.073977910e-05 4.363781773e-05
112 -0.493307 0.114373 -0.878154 -1.986418 0.933888 -6.720761 0.000000 0.000000 0.000000 -1.000000 1 1.176912338e-05 4.774099216e-05
112 -0.503310 0.118038 -0.880559 -1.986418 0.933888 -6.720761 0.000000 0.000000 0.000000 -1.000000 1 1.913891174e-05 1.247038599e-04
112 -0.513116 0.121630 -0.882917 -1.986418 0.933888 -6.720761 0.000000 0.000000 0.000000 -1.000000 1 1.639290713e-05 1.192151103e-04
112 -0.522729 0.125151 -0.885229 -1.986418 0.933888 -6.720761 0.000000 0.000000 0.000000 -1.000000 1 1.656101085e-05 1.198300160e-04
112 -0.532151 0.128603 -0.887495 -1.986418 0.933888 -6.720761 0.000000 0.000000 0.000000 -1.000000 1 1.928699203e-05 6.785104051e-05
112 -0.541388 0.131987 -0.889716 -1.986418 0.933888 -6.720761 0.000000 0.000000 0.000000 -1.000000 1 1.116702333e-05 4.628091119e-05
112 -0.550442 0.135304 -0.891893 -1.986418 0.933888 -6.720761 0.000000 0.000000 0.000000 -1.000000 1 1.466413960e-05 5.542300642e-05
112 -0.559317 0.138556 -0.894027 -1.986418 0.933888 -6.720761 0.000000 0.000000 0.000000 -1.000000 1 9.282026440e-06 3.802194260e-05
112 -0.568018 0.141743 -0.896120 -1.986418 0.933888 -6.720761 0.000000 0.000000 0.000000 -1.000000 1 1.112697646e-05 4.615285434e-05
112 -0.576546 0.144868 -0.898170 -1.986418 0.933888 -6.720761 0.000000 0.000000 0.000000 -1.000000 1 1.128413714e-05 4.617101513e-05
112 -0.584906 0.147930 -0.900181 -1.986418 0.933888 -6.720761 0.000000 0.000000 0.000000 -1.000000 1 1.137005165e-05 4.587601870e-05
112 -0.593101 0.150932 -0.902152 -1.986418 0.933888 -6.720761 0.000000 0.000000 0.000000 -1.000000 1 1.151207834e-05 4.640896805e-05
112 -0.601134 0.153875 -0.904083 -1.986418 0.933888 -6.720761 0.000000 0.000000 0.000000 -1.000000 1 1.124804839e-05 5.066301674e-05
112 -0.609009 0.156760 -0.905977 -1.986418 0.933888 -6.720761 0.000000 0.000000 0.000000 -1.000000 1 1.155096106e-05 4.694005474e-05
112 -0.616728 0.159588 -0.907833 -1.986418 0.933888 -6.720761 0.000000 0.000000 0.000000 -1.000000 1 1.123803668e-05 4.646787420e-05
112 -0.624295 0.162360 -0.909653 -1.986418 0.933888 -6.720761 0.000000 0.000000 0.000000 -1.000000 1 1.640408300e-05 1.185128931e-04
112 -0.631712 0.165078 -0.911437 -1.986418 0.933888 -6.720761 0.000000 0.000000 0.000000 -1.000000 1 1.653609797e-05 1.190090552e-04
113 -0.638983 0.167741 -0.897296 -2.151151 0.958960 5.648496 0.000000 0.000000 0.000000 -1.000000 1 1.151114702e-05 4.708603956e-05
113 -0.646111 0.170352 -0.859839 -2.151151 0.958960 5.648496 0.000000 0.000000 0.000000 -1.000000 1 1.311302185e-05 5.068397149e-05
113 -0.653097 0.172912 -0.823121 -2.151151 0.958960 5.648496 0.000000 0.000000 0.000000 -1.000000 1 1.118215732e-05 4.686298780e-05
113 -0.659946 0.175421 -0.787128 -2.151151 0.958960 5.648496 0.000000 0.000000 0.000000 -1.000000 1 1.151394099e-05 4.639895633e-05
113 -0.666660 0.177880 -0.751845 -2.151151 0.958960 5.648496 0.000000 0.000000 0.000000 -1.000000 1 1.077703200e-05 4.385784268e-05
113 -0.673241 0.180291 -0.717259 -2.151151 0.958960 5.648496 0.000000 0.000000 0.000000 -1.000000 1 1.146295108e-05 4.683900625e-05
113 -0.679692 0.182655 -0.683356 -2.151151 0.958960 5.648496 0.000000 0.000000 0.000000 -1.000000 1 2.017407678e-05 6.937514991e-05
113 -0.686015 0.184971 -0.650122 -2.151151 0.958960 5.648496 0.000000 0.000000 0.000000 -1.000000 1 1.146481372e-05 4.668906331e-05
113 -0.692214 0.187242 -0.617545 -2.151151 0.958960 5.648496 0.000000 0.000000 0.000000 -1.000000 1 1.144316047e-05 4.759500735e-05
113 -0.698291 0.189469 -0.585610 -2.151151 0.958960 5.648496 0.000000 0.000000 0.000000 -1.000000 1 1.172395423e-05 4.737498239e-05
113 -0.704247 0.191651 -0.554306 -2.151151 0.958960 5.648496 0.000000 0.000000 0.000000 -1.000000 1 1.126201823e-05 4.750792868e-05
113 -0.710086 0.193790 -0.523620 -2.151151 0.958960 5.648496 0.000000 0.000000 0.000000 -1.000000 1 1.189787872e-05 4.673912190e-05
113 -0.715810 0.195887 -0.493540 -2.151151 0.958960 5.648496 0.000000 0.000000 0.000000 -1.000000 1 1.132884063e-05 4.682294093e-05
113 -0.721421 0.197942 -0.464053 -2.151151 0.958960 5.648496 0.000000 0.000000 0.000000 -1.000000 1 1.690699719e-05 1.205760054e-04
113 -0.726920 0.199957 -0.435149 -2.151151 0.958960 5.648496 0.000000 0.000000 0.000000 -1.000000 1 1.132790931e-05 4.683085717e-05
113 -0.732312 0.201932 -0.406816 -2.151151 0.958960 5.648496 0.000000 0.000000 0.000000 -1.000000 1 1.162104309e-05 4.700897262e-05
113 -0.737597 0.203868 -0.379041 -2.151151 0.958960 5.648496 0.000000 0.000000 0.000000 -1.000000 1 1.142988913e-05 4.580500536e-05
113 -0.742777 0.205766 -0.351816 -2.151151 0.958960 5.648496 0.000000 0.000000 0.000000 -1.000000 1 1.238984987e-05 4.760595039e-05
113 -0.747855 0.207627 -0.325127 -2.151151 0.958960 5.648496 0.000000 0.000000 0.000000 -1.000000 1 1.269183122e-05 5.044392310e-05
113 -0.752833 0.209450 -0.298966 -2.151151 0.958960 5.648496 0.000000 0.000000 0.000000 -1.000000 1 1.134281047e-05 4.763016477e-05
114 -0.757713 0.211239 -0.277281 -2.339438 1.052644 5.460164 0.000000 0.000000 0.000000 -1.000000 1 1.240894198e-05 4.825112410e-05
114 -0.762496 0.212991 -0.252064 -2.339438 1.052644 5.460164 0.000000 0.000000 0.000000 -1.000000 1 1.151999459e-05 5.076802336e-05
114 -0.767185 0.214709 -0.227345 -2.339438 1.052644 5.460164 0.000000 0.000000 0.000000 -1.000000 1 1.518707722e-05 5.020014942e-05
114 -0.771782 0.216393 -0.203114 -2.339438 1.052644 5.460164 0.000000 0.000000 0.000000 -1.000000 1 1.336704008e-05 5.043996498e-05
114 -0.776287 0.218043 -0.179362 -2.339438 1.052644 5.460164 0.000000 0.000000 0.000000 -1.000000 1 1.139310189e-05 4.762597382e-05
114 -0.780704 0.219661 -0.156078 -2.339438 1.052644 5.460164 0.000000 0.000000 0.000000 -1.000000 1 1.149601303e-05 4.654610530e-05
114 -0.785033 0.221247 -0.133254 -2.339438 1.052644 5.460164 0.000000 0.000000 0.000000 -1.000000 1 1.134304330e-05 4.655309021e-05
114 -0.789277 0.222802 -0.110881 -2.339438 1.052644 5.460164 0.000000 0.000000 0.000000 -1.000000 1 1.139310189e-05 4.672096111e-05
114 -0.793438 0.224326 -0.088949 -2.339438 1.052644 5.460164 0.000000 0.000000 0.000000 -1.000000 1 1.124595292e-05 4.647299647e-05
114 -0.797516 0.225820 -0.067450 -2.339438 1.052644 5.460164 0.000000 0.000000 0.000000 -1.000000 1 1.141498797e-05 4.790606909e-05
114 -0.801513 0.227285 -0.046376 -2.339438 1.052644 5.460164 0.000000 0.000000 0.000000 -1.000000 1 1.188204624e-05 4.717078991e-05
114 -0.805432 0.228720 -0.025718 -2.339438 1.052644 5.460164 0.000000 0.000000 0.000000 -1.000000 1 1.128413714e-05 5.085789599e-05
114 -0.809273 0.230128 -0.005467 -2.339438 1.052644 5.460164 0.000000 0.000000 0.000000 -1.000000 1 1.156795770e-05 4.669697955e-05
114 -0.813039 0.231507 0.014383 -2.339438 1.052644 5.460164 0.000000 0.000000 0.000000 -1.000000 1 1.136003993e-05 4.716916010e-05
114 -0.816730 0.232859 0.033842 -2.339438 1.052644 5.460164 0.000000 0.000000 0.000000 -1.000000 1 1.133722253e-05 4.638009705e-05
114 -0.820348 0.234185 0.052916 -2.339438 1.052644 5.460164 0.000000 0.000000 0.000000 -1.000000 1 1.336517744e-05 5.769100972e-05
114 -0.823895 0.235484 0.071614 -2.339438 1.052644 5.460164 0.000000 0.000000 0.000000 -1.000000 1 1.149484888e-05 4.652398638e-05
114 -0.827372 0.236758 0.089943 -2.339438 1.052644 5.460164 0.000000 0.000000 0.000000 -1.000000 1 1.654005609e-05 1.190230250e-04
114 -0.830780 0.238007 0.107910 -2.339438 1.052644 5.460164 0.000000 0.000000 0.000000 -1.000000 1 1.468695700e-05 5.577201955e-05
114 -0.834121 0.239230 0.125522 -2.339438 1.052644 5.460164 0.000000 0.000000 0.000000 -1.000000 1 1.679710113e-05 1.179219689e-04
115 -0.837395 0.240430 0.138826 -2.509248 1.130013 5.280922 0.000000 0.000000 0.000000 -1.000000 1 2.271705307e-05 2.078681719e-04
115 -0.840606 0.241606 0.155828 -2.509248 1.130013 5.280922 0.000000 0.000000 0.000000 -1.000000 1 1.157191582e-05 4.608300515e-05
115 -0.843752 0.242759 0.172494 -2.509248 1.130013 5.280922 0.000000 0.000000 0.000000 -1.000000 1 1.686299220e-05 1.257630065e-04
115 -0.846837 0.243889 0.188831 -2.509248 1.130013 5.280922 0.000000 0.000000 0.000000 -1.000000 1 1.172791235e-05 4.705786705e-05
115 -0.849861 0.244997 0.204846 -2.509248 1.130013 5.280922 0.000000 0.000000 0.000000 -1.000000 1 1.127109863e-05 4.670699127e-05
115 -0.852825 0.246083 0.220544 -2.509248 1.130013 5.280922 0.000000 0.000000 0.000000 -1.000000 1 1.131393947e-05 4.676380195e-05
115 -0.855731 0.247147 0.235933 -2.509248 1.130013 5.280922 0.000000 0.000000 0.000000 -1.000000 1 9.918119758e-06 4.030391574e-05
115 -0.858579 0.248191 0.251017 -2.509248 1.130013 5.280922 0.000000 0.000000 0.000000 -1.000000 1 6.377929822e-06 2.553081140e-05
115 -0.861371 0.249214 0.265804 -2.509248 1.130013 5.280922 0.000000 0.000000 0.000000 -1.000000 1 7.426133379e-06 3.037019633e-05
115 -0.864108 0.250216 0.280299 -2.509248 1.130013 5.280922 0.000000 0.000000 0.000000 -1.000000 1 1.145200804e-05 4.753703251e-05
115 -0.866791 0.251199 0.294508 -2.509248 1.130013 5.280922 0.000000 0.000000 0.000000 -1.000000 1 1.126388088e-05 4.677101970e-05
115 -0.869421 0.252163 0.308436 -2.509248 1.130013 5.280922 0.000000 0.000000 0.000000 -1.000000 1 1.138588414e-05 4.631117918e-05
115 -0.871999 0.253107 0.322089 -2.509248 1.130013 5.280922 0.000000 0.000000 0.000000 -1.000000 1 1.153000630e-05 4.673306830e-05
115 -0.874526 0.254033 0.335473 -2.509248 1.130013 5.280922 0.000000 0.000000 0.000000 -1.000000 1 1.139100641e-05 4.739500582e-05
115 -0.877003 0.254940 0.348593 -2.509248 1.130013 5.280922 0.000000 0.000000 0.000000 -1.000000 1 1.130509190e-05 4.703598097e-05
115 -0.879431 0.255830 0.361453 -2.509248 1.130013 5.280922 0.000000 0.000000 0.000000 -1.000000 1 1.137587242e-05 4.737381823e-05
115 -0.881812 0.256702 0.374060 -2.509248 1.130013 5.280922 0.000000 0.000000 0.000000 -1.000000 1 1.131999306e-05 4.634703510e-05
115 -0.884145 0.257557 0.386417 -2.509248 1.130013 5.280922 0.000000 0.000000 0.000000 -1.000000 1 1.300894655e-05 5.037803203e-05
115 -0.886432 0.258395 0.398531 -2.509248 1.130013 5.280922 0.000000 0.000000 0.000000 -1.000000 1 1.137098297e-05 4.686997272e-05
115 -0.888674 0.259216 0.410406 -2.509248 1.130013 5.280922 0.000000 0.000000 0.000000 -1.000000 1 1.131207682e-05 4.651607014e-05
116 -0.890872 0.260022 0.418086 -2.673720 1.220985 5.109234 0.000000 0.000000 0.000000 -1.000000 1 1.138006337e-05 4.612398334e-05
116 -0.893027 0.260811 0.429574 -2.673720 1.220985 5.109234 0.000000 0.000000 0.000000 -1.000000 1 1.144409180e-05 4.694215022e-05
116 -0.895139 0.261585 0.440836 -2.673720 1.220985 5.109234 0.000000 0.000000 0.000000 -1.000000 1 1.126178540e-05 4.819897003e-05
116 -0.897209 0.262343 0.451875 -2.673720 1.220985 5.109234 0.000000 0.000000 0.000000 -1.000000 1 1.150416210e-05 4.659499973e-05
116 -0.899238 0.263086 0.462697 -2.673720 1.220985 5.109234 0.000000 0.000000 0.000000 -1.000000 1 1.079100184e-05 4.431302659e-05
116 -0.901227 0.263815 0.473304 -2.673720 1.220985 5.109234 0.000000 0.000000 0.000000 -1.000000 1 1.128902659e-05 4.627788439e-05
116 -0.903177 0.264530 0.483703 -2.673720 1.220985 5.109234 0.000000 0.000000 0.000000 -1.000000 1 1.158006489e-05 4.664808512e-05
116 -0.905089 0.265230 0.493896 -2.673720 1.220985 5.109234 0.000000 0.000000 0.000000 -1.000000 1 1.158402301e-05 4.723505117e-05
116 -0.906963 0.265916 0.503888 -2.673720 1.220985 5.109234 0.000000 0.000000 0.000000 -1.000000 1 1.142499968e-05 5.307397805e-05
116 -0.908800 0.266589 0.513682 -2.673720 1.220985 5.109234 0.000000 0.000000 0.000000 -1.000000 1 1.355586573e-05 5.743210204e-05
116 -0.910600 0.267249 0.523283 -2.673720 1.220985 5.109234 0.000000 0.000000 0.000000 -1.000000 1 1.780386083e-05 5.392311141e-05
116 -0.912365 0.267895 0.532695 -2.673720 1.220985 5.109234 0.000000 0.000000 0.000000 -1.000000 1 1.140194945e-05 4.723900929e-05
116 -0.914095 0.268529 0.541921 -2.673720 1.220985 5.109234 0.000000 0.000000 0.000000 -1.000000 1 1.139706001e-05 4.602107219e-05
116 -0.915791 0.269151 0.550964 -2.673720 1.220985 5.109234 0.000000 0.000000 0.000000 -1.000000 1 1.122383401e-05 4.666321911e-05
116 -0.917454 0.269760 0.559830 -2.673720 1.220985 5.109234 0.000000 0.000000 0.000000 -1.000000 1 2.020807005e-05 6.995000876e-05
116 -0.919083 0.270357 0.568520 -2.673720 1.220985 5.109234 0.000000 0.000000 0.000000 -1.000000 1 1.130998135e-05 4.607602023e-05
116 -0.920681 0.270942 0.577038 -2.673720 1.220985 5.109234 0.000000 0.000000 0.000000 -1.000000 1 1.192209311e-05 4.689698108e-05
116 -0.922247 0.271516 0.585389 -2.673720 1.220985 5.109234 0.000000 0.000000 0.000000 -1.000000 1 1.132697798e-05 4.640500993e-05
116 -0.923782 0.272078 0.593574 -2.673720 1.220985 5.109234 0.000000 0.000000 0.000000 -1.000000 1 1.134304330e-05 4.796800204e-05
116 -0.925287 0.272629 0.601598 -2.673720 1.220985 5.109234 0.000000 0.000000 0.000000 -1.000000 1 1.154094934e-05 4.747882485e-05
117 -0.926762 0.273170 0.605503 -2.828679 1.324513 4.942215 0.000000 0.000000 0.000000 -1.000000 1 1.145713031e-05 4.676310346e-05
117 -0.928208 0.273699 0.613292 -2.828679 1.324513 4.942215 0.000000 0.000000 0.000000 -1.000000 1 1.192395575e-05 4.814798012e-05
117 -0.929625 0.274218 0.620926 -2.828679 1.324513 4.942215 0.000000 0.000000 0.000000 -1.000000 1 1.166597940e-05 4.753796384e-05
117 -0.931014 0.274727 0.628410 -2.828679 1.324513 4.942215 0.000000 0.000000 0.000000 -1.000000 1 1.153000630e-05 4.702410661e-05
117 -0.932376 0.275226 0.635746 -2.828679 1.324513 4.942215 0.000000 0.000000 0.000000 -1.000000 1 1.150299795e-05 4.731607623e-05
117 -0.933711 0.275716 0.642938 -2.828679 1.324513 4.942215 0.000000 0.000000 0.000000 -1.000000 1 1.088203862e-05 4.402594641e-05
117 -0.935020 0.276195 0.649987 -2.828679 1.324513 4.942215 0.000000 0.000000 0.000000 -1.000000 1 1.288694330e-05 5.036010407e-05
117 -0.936303 0.276665 0.656897 -2.828679 1.324513 4.942215 0.000000 0.000000 0.000000 -1.000000 1 1.127202995e-05 4.663993604e-05
117 -0.937560 0.277126 0.663671 -2.828679 1.324513 4.942215 0.000000 0.000000 0.000000 -1.000000 1 1.284596510e-05 5.123089068e-05
117 -0.938793 0.277577 0.670311 -2.828679 1.324513 4.942215 0.000000 0.000000 0.000000 -1.000000 1 1.145596616e-05 4.789303057e-05
117 -0.940002 0.278020 0.676820 -2.828679 1.324513 4.942215 0.000000 0.000000 0.000000 -1.000000 1 1.121917740e-05 4.623690620e-05
117 -0.941186 0.278454 0.683200 -2.828679 1.324513 4.942215 0.000000 0.000000 0.000000 -1.000000 1 1.309602521e-05 5.071097985e-05
117 -0.942347 0.278879 0.689455 -2.828679 1.324513 4.942215 0.000000 0.000000 0.000000 -1.000000 1 1.139799133e-05 5.178316496e-05
117 -0.943485 0.279296 0.695586 -2.828679 1.324513 4.942215 0.000000 0.000000 0.000000 -1.000000 1 1.184316352e-05 4.672887735e-05
117 -0.944601 0.279705 0.701595 -2.828679 1.324513 4.942215 0.000000 0.000000 0.000000 -1.000000 1 1.152697951e-05 4.764320329e-05
117 -0.945695 0.280106 0.707487 -2.828679 1.324513 4.942215 0.000000 0.000000 0.000000 -1.000000 1 1.152697951e-05 4.651513882e-05
117 -0.946767 0.280498 0.713262 -2.828679 1.324513 4.942215 0.000000 0.000000 0.000000 -1.000000 1 1.115282066e-05 4.660198465e-05
117 -0.947818 0.280883 0.718923 -2.828679 1.324513 4.942215 0.000000 0.000000 0.000000 -1.000000 1 1.126900315e-05 4.672282375e-05
117 -0.948848 0.281261 0.724472 -2.828679 1.324513 4.942215 0.000000 0.000000 0.000000 -1.000000 1 1.151091419e-05 4.842202179e-05
117 -0.949858 0.281631 0.729912 -2.828679 1.324513 4.942215 0.000000 0.000000 0.000000 -1.000000 1 1.163897105e-05 4.671001807e-05
118 -0.950848 0.281993 0.731283 -2.972826 1.440051 4.779474 0.000000 0.000000 0.000000 -1.000000 1 1.153396443e-05 4.657008685e-05
118 -0.951818 0.282349 0.736589 -2.972826 1.440051 4.779474 0.000000 0.000000 0.000000 -1.000000 1 1.047085971e-05 4.313094541e-05
118 -0.952770 0.282697 0.741789 -2.972826 1.440051 4.779474 0.000000 0.000000 0.000000 -1.000000 1 1.671514474e-05 1.173159108e-04
118 -0.953702 0.283039 0.746887 -2.972826 1.440051 4.779474 0.000000 0.000000 0.000000 -1.000000 1 6.430083886e-06 2.644490451e-05
118 -0.954616 0.283374 0.751884 -2.972826 1.440051 4.779474 0.000000 0.000000 0.000000 -1.000000 1 7.143011317e-06 3.010802902e-05
118 -0.955512 0.283702 0.756782 -2.972826 1.440051 4.779474 0.000000 0.000000 0.000000 -1.000000 1 1.139496453e-05 4.703807645e-05
118 -0.956390 0.284024 0.761584 -2.972826 1.440051 4.779474 0.000000 0.000000 0.000000 -1.000000 1 1.125107519e-05 4.680012353e-05
118 -0.957251 0.284339 0.766291 -2.972826 1.440051 4.779474 0.000000 0.000000 0.000000 -1.000000 1 1.121917740e-05 4.695612006e-05
118 -0.958095 0.284648 0.770905 -2.972826 1.440051 4.779474 0.000000 0.000000 0.000000 -1.000000 1 1.663016155e-05 5.690311082e-05
118 -0.958923 0.284952 0.775428 -2.972826 1.440051 4.779474 0.000000 0.000000 0.000000 -1.000000 1 1.129601151e-05 5.205697380e-05
118 -0.959734 0.285249 0.779862 -2.972826 1.440051 4.779474 0.000000 0.000000 0.000000 -1.000000 1 1.151696779e-05 4.581199028e-05
118 -0.960529 0.285540 0.784208 -2.972826 1.440051 4.779474 0.000000 0.000000 0.000000 -1.000000 1 1.131487079e-05 4.618102685e-05
118 -0.961308 0.285825 0.788468 -2.972826 1.440051 4.779474 0.000000 0.000000 0.000000 -1.000000 1 1.118984073e-05 4.675495438e-05
118 -0.962072 0.286105 0.792644 -2.972826 1.440051 4.779474 0.000000 0.000000 0.000000 -1.000000 1 1.131882891e-05 4.718219861e-05
118 -0.962821 0.286380 0.796738 -2.972826 1.440051 4.779474 0.000000 0.000000 0.000000 -1.000000 1 1.134118065e-05 4.600803368e-05
118 -0.963555 0.286648 0.800751 -2.972826 1.440051 4.779474 0.000000 0.000000 0.000000 -1.000000 1 1.195701770e-05 4.700082354e-05
118 -0.964274 0.286912 0.804685 -2.972826 1.440051 4.779474 0.000000 0.000000 0.000000 -1.000000 1 1.141405664e-05 4.579103552e-05
118 -0.964979 0.287170 0.808541 -2.972826 1.440051 4.779474 0.000000 0.000000 0.000000 -1.000000 1 1.138518564e-05 4.538102075e-05
118 -0.965671 0.287424 0.812321 -2.972826 1.440051 4.779474 0.000000 0.000000 0.000000 -1.000000 1 1.142895781e-05 4.789000377e-05
118 -0.966349 0.287672 0.816026 -2.972826 1.440051 4.779474 0.000000 0.000000 0.000000 -1.000000 1 1.138378866e-05 4.618219100e-05
119 -0.967013 0.287915 0.815698 -3.106067 1.565137 4.621983 0.000000 0.000000 0.000000 -1.000000 1 1.161592081e-05 4.661013372e-05
119 -0.967664 0.288154 0.819336 -3.106067 1.565137 4.621983 0.000000 0.000000 0.000000 -1.000000 1 1.156399958e-05 4.603294656e-05
119 -0.968303 0.288388 0.822903 -3.106067 1.565137 4.621983 0.000000 0.000000 0.000000 -1.000000 1 1.144781709e-05 4.723994061e-05
119 -0.968928 0.288617 0.826399 -3.106067 1.565137 4.621983 0.000000 0.000000 0.000000 -1.000000 1 1.143594272e-05 4.552886821e-05
119 -0.969542 0.288842 0.829827 -3.106067 1.565137 4.621983 0.000000 0.000000 0.000000 -1.000000 1 1.140614040e-05 4.637707025e-05
119 -0.970143 0.289062 0.833186 -3.106067 1.565137 4.621983 0.000000 0.000000 0.000000 -1.000000 1 1.967605203e-05 7.509300485e-05
119 -0.970733 0.289278 0.836480 -3.106067 1.565137 4.621983 0.000000 0.000000 0.000000 -1.000000 1 1.143384725e-05 4.543806426e-05
119 -0.971310 0.289490 0.839708 -3.106067 1.565137 4.621983 0.000000 0.000000 0.000000 -1.000000 1 1.147389412e-05 4.570093006e-05
119 -0.971877 0.289697 0.842873 -3.106067 1.565137 4.621983 0.000000 0.000000 0.000000 -1.000000 1 1.139286906e-05 4.604505375e-05
119 -0.972432 0.289901 0.845975 -3.106067 1.565137 4.621983 0.000000 0.000000 0.000000 -1.000000 1 1.227599569e-05 5.037896335e-05
119 -0.972976 0.290100 0.849016 -3.106067 1.565137 4.621983 0.000000 0.000000 0.000000 -1.000000 1 1.155794598e-05 4.709302448e-05
119 -0.973510 0.290296 0.851996 -3.106067 1.565137 4.621983 0.000000 0.000000 0.000000 -1.000000 1 1.691002399e-05 1.134260092e-04
119 -0.974033 0.290487 0.854918 -3.106067 1.565137 4.621983 0.000000 0.000000 0.000000 -1.000000 1 1.225201413e-05 6.853905506e-05
119 -0.974545 0.290675 0.857783 -3.106067 1.565137 4.621983 0.000000 0.000000 0.000000 -1.000000 1 1.086387783e-05 4.323897883e-05
119 -0.975048 0.290859 0.860590 -3.106067 1.565137 4.621983 0.000000 0.000000 0.000000 -1.000000 1 1.123989932e-05 4.588998854e-05
119 -0.975541 0.291039 0.863343 -3.106067 1.565137 4.621983 0.000000 0.000000 0.000000 -1.000000 1 1.678382978e-05 6.074295379e-05
119 -0.976024 0.291216 0.866041 -3.106067 1.565137 4.621983 0.000000 0.000000 0.000000 -1.000000 1 1.221103594e-05 5.062203854e-05
119 -0.976497 0.291390 0.868685 -3.106067 1.565137 4.621983 0.000000 0.000000 0.000000 -1.000000 1 1.164688729e-05 4.451000132e-05
119 -0.976961 0.291560 0.871278 -3.106067 1.565137 4.621983 0.000000 0.000000 0.000000 -1.000000 1 8.878996596e-06 3.529014066e-05
119 -0.977416 0.291726 0.873819 -3.106067 1.565137 4.621983 0.000000 0.000000 0.000000 -1.000000 1 1.128297299e-05 4.547205754e-05
120 -0.977862 0.291890 0.872350 -3.227369 1.699562 4.469119 0.000000 0.000000 0.000000 -1.000000 1 1.135398634e-05 4.696706310e-05
120 -0.978299 0.292050 0.874870 -3.227369 1.699562 4.469119 0.000000 0.000000 0.000000 -1.000000 1 1.128995791e-05 4.583108239e-05
120 -0.978727 0.292207 0.877341 -3.227369 1.699562 4.469119 0.000000 0.000000 0.000000 -1.000000 1 2.065696754e-05 6.659398787e-05
120 -0.979147 0.292361 0.879762 -3.227369 1.699562 4.469119 0.000000 0.000000 0.000000 -1.000000 1 1.119007356e-05 4.600686952e-05
120 -0.979559 0.292512 0.882136 -3.227369 1.699562 4.469119 0.000000 0.000000 0.000000 -1.000000 1 1.045595855e-05 4.180613905e-05
120 -0.979962 0.292659 0.884463 -3.227369 1.699562 4.469119 0.000000 0.000000 0.000000 -1.000000 1 1.134490594e-05 4.507205449e-05
120 -0.980358 0.292804 0.886744 -3.227369 1.699562 4.469119 0.000000 0.000000 0.000000 -1.000000 1 1.127785072e-05 4.500406794e-05
120 -0.980746 0.292946 0.888980 -3.227369 1.699562 4.469119 0.000000 0.000000 0.000000 -1.000000 1 1.050811261e-05 4.377611913e-05
120 -0.981126 0.293086 0.891172 -3.227369 1.699562 4.469119 0.000000 0.000000 0.000000 -1.000000 1 1.136586070e-05 4.529510625e-05
120 -0.981498 0.293222 0.893320 -3.227369 1.699562 4.469119 0.000000 0.000000 0.000000 -1.000000 1 1.185480505e-05 4.646298476e-05
120 -0.981864 0.293356 0.895426 -3.227369 1.699562 4.469119 0.000000 0.000000 0.000000 -1.000000 1 1.146993600e-05 4.575983621e-05
120 -0.982222 0.293487 0.897491 -3.227369 1.699562 4.469119 0.000000 0.000000 0.000000 -1.000000 1 4.525063559e-06 1.771794632e-05
120 -0.982573 0.293616 0.899515 -3.227369 1.699562 4.469119 0.000000 0.000000 0.000000 -1.000000 1 3.840075806e-06 1.561292447e-05
120 -0.982917 0.293742 0.901499 -3.227369 1.699562 4.469119 0.000000 0.000000 0.000000 -1.000000 1 3.460096195e-06 1.414096914e-05
120 -0.983254 0.293865 0.903443 -3.227369 1.699562 4.469119 0.000000 0.000000 0.000000 -1.000000 1 1.305318438e-05 5.109608173e-05
120 -0.983585 0.293986 0.905350 -3.227369 1.699562 4.469119 0.000000 0.000000 0.000000 -1.000000 1 1.143082045e-05 4.654400982e-05
120 -0.983909 0.294105 0.907218 -3.227369 1.699562 4.469119 0.000000 0.000000 0.000000 -1.000000 1 2.795131877e-06 1.121195965e-05
120 -0.984227 0.294222 0.909050 -3.227369 1.699562 4.469119 0.000000 0.000000 0.000000 -1.000000 1 2.820976079e-06 1.116818748e-05
120 -0.984538 0.294336 0.910846 -3.227369 1.699562 4.469119 0.000000 0.000000 0.000000 -1.000000 1 1.127296127e-05 5.095289089e-05
120 -0.984843 0.294447 0.912606 -3.227369 1.699562 4.469119 0.000000 0.000000 0.000000 -1.000000 1 2.389191650e-05 1.324580517e-04
121 -0.985142 0.294557 0.910371 -3.337206 1.840637 4.321855 0.000000 0.000000 0.000000 -1.000000 1 1.060008071e-05 4.278705455e-05
121 -0.985436 0.294665 0.912140 -3.337206 1.840637 4.321855 0.000000 0.000000 0.000000 -1.000000 1 5.996087566e-06 2.403301187e-05
121 -0.985723 0.294770 0.913875 -3.337206 1.840637 4.321855 0.000000 0.000000 0.000000 -1.000000 1 5.185836926e-06 2.052192576e-05
121 -0.986005 0.294873 0.915575 -3.337206 1.840637 4.321855 0.000000 0.000000 0.000000 -1.000000 1 5.532987416e-06 2.254196443e-05
121 -0.986281 0.294975 0.917242 -3.337206 1.840637 4.321855 0.000000 0.000000 0.000000 -1.000000 1 4.696892574e-06 1.898687333e-05
121 -0.986552 0.295074 0.918876 -3.337206 1.840637 4.321855 0.000000 0.000000 0.000000 -1.000000 1 6.697839126e-06 2.790289000e-05
121 -0.986818 0.295171 0.920477 -3.337206 1.840637 4.321855 0.000000 0.000000 0.000000 -1.000000 1 3.651948646e-06 1.409393735e-05
121 -0.987078 0.295266 0.922047 -3.337206 1.840637 4.321855 0.000000 0.000000 0.000000 -1.000000 1 3.349967301e-06 1.319614239e-05
121 -0.987333 0.295360 0.923586 -3.337206 1.840637 4.321855 0.000000 0.000000 0.000000 -1.000000 1 3.274064511e-06 1.338496804e-05
121 -0.987583 0.295451 0.925095 -3.337206 1.840637 4.321855 0.000000 0.000000 0.000000 -1.000000 1 3.582099453e-06 1.453701407e-05
121 -0.987828 0.295541 0.926574 -3.337206 1.840637 4.321855 0.000000 0.000000 0.000000 -1.000000 1 1.581897959e-05 5.095615052e-05
121 -0.988069 0.295629 0.928024 -3.337206 1.840637 4.321855 0.000000 0.000000 0.000000 -1.000000 1 2.011400647e-05 1.222409774e-04
121 -0.988304 0.295716 0.929445 -3.337206 1.840637 4.321855 0.000000 0.000000 0.000000 -1.000000 1 1.664599404e-05 1.134150662e-04
121 -0.988535 0.295800 0.930837 -3.337206 1.840637 4.321855 0.000000 0.000000 0.000000 -1.000000 1 1.290184446e-05 4.918314517e-05
121 -0.988761 0.295883 0.932203 -3.337206 1.840637 4.321855 0.000000 0.000000 0.000000 -1.000000 1 1.138099469e-05 4.634098150e-05
121 -0.988983 0.295964 0.933541 -3.337206 1.840637 4.321855 0.000000 0.000000 0.000000 -1.000000 1 1.113000326e-05 4.504621029e-05
121 -0.989201 0.296044 0.934853 -3.337206 1.840637 4.321855 0.000000 0.000000 0.000000 -1.000000 1 1.601991244e-05 5.915109068e-05
121 -0.989414 0.296122 0.936140 -3.337206 1.840637 4.321855 0.000000 0.000000 0.000000 -1.000000 1 1.113885082e-05 4.557194188e-05
121 -0.989623 0.296199 0.937400 -3.337206 1.840637 4.321855 0.000000 0.000000 0.000000 -1.000000 1 1.159287058e-05 4.594097845e-05
121 -0.989828 0.296274 0.938636 -3.337206 1.840637 4.321855 0.000000 0.000000 0.000000 -1.000000 1 1.163012348e-05 5.050399341e-05
122 -0.990029 0.296347 0.935888 -3.434766 1.988447 4.179432 0.000000 0.000000 0.000000 -1.000000 1 1.133116893e-05 4.667206667e-05
122 -0.990226 0.296420 0.937153 -3.434766 1.988447 4.179432 0.000000 0.000000 0.000000 -1.000000 1 1.149601303e-05 4.540593363e-05
122 -0.990419 0.296490 0.938394 -3.434766 1.988447 4.179432 0.000000 0.000000 0.000000 -1.000000 1 1.142593101e-05 4.547997378e-05
122 -0.990608 0.296560 0.939610 -3.434766 1.988447 4.179432 0.000000 0.000000 0.000000 -1.000000 1 1.184991561e-05 4.652282223e-05
122 -0.990793 0.296627 0.940803 -3.434766 1.988447 4.179432 0.000000 0.000000 0.000000 -1.000000 1 1.167412847e-05 4.682410508e-05
122 -0.990975 0.296694 0.941971 -3.434766 1.988447 4.179432 0.000000 0.000000 0.000000 -1.000000 1 1.162709668e-05 4.686904140e-05
122 -0.991153 0.296759 0.943117 -3.434766 1.988447 4.179432 0.000000 0.000000 0.000000 -1.000000 1 1.150602475e-05 4.573701881e-05
122 -0.991328 0.296823 0.944240 -3.434766 1.988447 4.179432 0.000000 0.000000 0.000000 -1.000000 1 1.135002822e-05 4.631606862e-05
122 -0.991499 0.296886 0.945341 -3.434766 1.988447 4.179432 0.000000 0.000000 0.000000 -1.000000 1 1.922203228e-05 1.444797963e-04
122 -0.991667 0.296947 0.946420 -3.434766 1.988447 4.179432 0.000000 0.000000 0.000000 -1.000000 1 1.744087785e-05 1.157689840e-04
122 -0.991831 0.297008 0.947478 -3.434766 1.988447 4.179432 0.000000 0.000000 0.000000 -1.000000 1 1.631001942e-05 1.118159853e-04
122 -0.991993 0.297067 0.948515 -3.434766 1.988447 4.179432 0.000000 0.000000 0.000000 -1.000000 1 1.610815525e-05 1.112420578e-04
122 -0.992151 0.297125 0.949531 -3.434766 1.988447 4.179432 0.000000 0.000000 0.000000 -1.000000 1 1.611793414e-05 1.125591807e-04
122 -0.992306 0.297181 0.950527 -3.434766 1.988447 4.179432 0.000000 0.000000 0.000000 -1.000000 1 1.903483644e-05 1.186858863e-04
122 -0.992458 0.297237 0.951504 -3.434766 1.988447 4.179432 0.000000 0.000000 0.000000 -1.000000 1 1.624901779e-05 1.130730379e-04
122 -0.992606 0.297292 0.952462 -3.434766 1.988447 4.179432 0.000000 0.000000 0.000000 -1.000000 1 1.668790355e-05 1.136020292e-04
122 -0.992752 0.297345 0.953400 -3.434766 1.988447 4.179432 0.000000 0.000000 0.000000 -1.000000 1 1.647905447e-05 1.138590742e-04
122 -0.992896 0.297398 0.954320 -3.434766 1.988447 4.179432 0.000000 0.000000 0.000000 -1.000000 1 1.345598139e-05 4.804483615e-05
122 -0.993036 0.297449 0.955222 -3.434766 1.988447 4.179432 0.000000 0.000000 0.000000 -1.000000 1 1.153512858e-05 4.615704529e-05
122 -0.993173 0.297499 0.956106 -3.434766 1.988447 4.179432 0.000000 0.000000 0.000000 -1.000000 1 1.149205491e-05 4.610209726e-05
123 -0.993308 0.297549 0.953013 -3.520997 2.140282 4.042780 0.000000 0.000000 0.000000 -1.000000 1 1.210486516e-05 4.674796946e-05
123 -0.993440 0.297598 0.953940 -3.520997 2.140282 4.042780 0.000000 0.000000 0.000000 -1.000000 1 1.151696779e-05 4.542991519e-05
123 -0.993570 0.297645 0.954850 -3.520997 2.140282 4.042780 0.000000 0.000000 0.000000 -1.000000 1 1.150695607e-05 4.592793994e-05
123 -0.993697 0.297692 0.955741 -3.520997 2.140282 4.042780 0.000000 0.000000 0.000000 -1.000000 1 1.164688729e-05 4.567811266e-05
123 -0.993821 0.297737 0.956615 -3.520997 2.140282 4.042780 0.000000 0.000000 0.000000 -1.000000 1 1.134909689e-05 4.622596316e-05
123 -0.993943 0.297782 0.957471 -3.520997 2.140282 4.042780 0.000000 0.000000 0.000000 -1.000000 1 1.166085713e-05 4.632305354e-05
123 -0.994063 0.297826 0.958311 -3.520997 2.140282 4.042780 0.000000 0.000000 0.000000 -1.000000 1 1.119100489e-05 4.583597183e-05
123 -0.994180 0.297869 0.959134 -3.520997 2.140282 4.042780 0.000000 0.000000 0.000000 -1.000000 1 1.127598807e-05 4.672701471e-05
123 -0.994295 0.297911 0.959941 -3.520997 2.140282 4.042780 0.000000 0.000000 0.000000 -1.000000 1 1.130113378e-05 4.510721192e-05
123 -0.994408 0.297952 0.960732 -3.520997 2.140282 4.042780 0.000000 0.000000 0.000000 -1.000000 1 1.167994924e-05 4.702410661e-05
123 -0.994518 0.297992 0.961507 -3.520997 2.140282 4.042780 0.000000 0.000000 0.000000 -1.000000 1 2.362090163e-05 1.341840252e-04
123 -0.994626 0.298032 0.962267 -3.520997 2.140282 4.042780 0.000000 0.000000 0.000000 -1.000000 1 1.373700798e-05 5.364115350e-05
123 -0.994732 0.298071 0.963012 -3.520997 2.140282 4.042780 0.000000 0.000000 0.000000 -1.000000 1 1.816917211e-05 1.179939136e-04
123 -0.994836 0.298109 0.963742 -3.520997 2.140282 4.042780 0.000000 0.000000 0.000000 -1.000000 1 1.175608486e-05 4.596286453e-05
123 -0.994938 0.298146 0.964458 -3.520997 2.140282 4.042780 0.000000 0.000000 0.000000 -1.000000 1 1.701992005e-05 1.142378896e-04
123 -0.995038 0.298183 0.965160 -3.520997 2.140282 4.042780 0.000000 0.000000 0.000000 -1.000000 1 1.613399945e-05 1.238039695e-04
123 -0.995136 0.298219 0.965847 -3.520997 2.140282 4.042780 0.000000 0.000000 0.000000 -1.000000 1 3.962079063e-06 1.600687392e-05
123 -0.995232 0.298254 0.966522 -3.520997 2.140282 4.042780 0.000000 0.000000 0.000000 -1.000000 1 1.235585660e-05 4.810700193e-05
123 -0.995326 0.298288 0.967183 -3.520997 2.140282 4.042780 0.000000 0.000000 0.000000 -1.000000 1 1.135398634e-05 4.752795212e-05
123 -0.995419 0.298322 0.967831 -3.520997 2.140282 4.042780 0.000000 0.000000 0.000000 -1.000000 1 1.210602932e-05 4.664296284e-05
124 -0.995509 0.298355 0.964505 -3.595190 2.296574 3.911022 0.000000 0.000000 0.000000 -1.000000 1 1.178798266e-05 4.740594886e-05
124 -0.995598 0.298388 0.965206 -3.595190 2.296574 3.911022 0.000000 0.000000 0.000000 -1.000000 1 1.122895628e-05 4.507508129e-05
124 -0.995684 0.298420 0.965893 -3.595190 2.296574 3.911022 0.000000 0.000000 0.000000 -1.000000 1 1.302384771e-05 5.038594827e-05
124 -0.995770 0.298451 0.966566 -3.595190 2.296574 3.911022 0.000000 0.000000 0.000000 -1.000000 1 1.124897972e-05 4.528695717e-05
124 -0.995853 0.298481 0.967227 -3.595190 2.296574 3.911022 0.000000 0.000000 0.000000 -1.000000 1 1.151999459e-05 4.574679770e-05
124 -0.995935 0.298511 0.967874 -3.595190 2.296574 3.911022 0.000000 0.000000 0.000000 -1.000000 1 1.133792102e-05 4.592700861e-05
124 -0.996015 0.298541 0.968508 -3.595190 2.296574 3.911022 0.000000 0.000000 0.000000 -1.000000 1 1.124315895e-05 4.619709216e-05
124 -0.996094 0.298570 0.969130 -3.595190 2.296574 3.911022 0.000000 0.000000 0.000000 -1.000000 1 2.041598782e-05 7.011997513e-05
124 -0.996171 0.298598 0.969739 -3.595190 2.296574 3.911022 0.000000 0.000000 0.000000 -1.000000 1 1.148204319e-05 4.636705853e-05
124 -0.996247 0.298626 0.970336 -3.595190 2.296574 3.911022 0.000000 0.000000 0.000000 -1.000000 1 1.817499287e-05 1.172211487e-04
124 -0.996321 0.298653 0.970922 -3.595190 2.296574 3.911022 0.000000 0.000000 0.000000 -1.000000 1 1.159287058e-05 4.634098150e-05
124 -0.996393 0.298679 0.971496 -3.595190 2.296574 3.911022 0.000000 0.000000 0.000000 -1.000000 1 1.110509038e-05 4.654983059e-05
124 -0.996465 0.298705 0.972059 -3.595190 2.296574 3.911022 0.000000 0.000000 0.000000 -1.000000 1 1.139799133e-05 5.124509335e-05
124 -0.996534 0.298731 0.972611 -3.595190 2.296574 3.911022 0.000000 0.000000 0.000000 -1.000000 1 1.123989932e-05 4.649301991e-05
124 -0.996603 0.298756 0.973151 -3.595190 2.296574 3.911022 0.000000 0.000000 0.000000 -1.000000 1 1.195399091e-05 4.683109000e-05
124 -0.996670 0.298780 0.973681 -3.595190 2.296574 3.911022 0.000000 0.000000 0.000000 -1.000000 1 1.122080721e-05 4.603108391e-05
124 -0.996736 0.298805 0.974201 -3.595190 2.296574 3.911022 0.000000 0.000000 0.000000 -1.000000 1 1.079402864e-05 4.246807657e-05
124 -0.996800 0.298828 0.974710 -3.595190 2.296574 3.911022 0.000000 0.000000 0.000000 -1.000000 1 1.119100489e-05 4.575401545e-05
124 -0.996863 0.298851 0.975210 -3.595190 2.296574 3.911022 0.000000 0.000000 0.000000 -1.000000 1 1.163897105e-05 4.625204019e-05
124 -0.996925 0.298874 0.975699 -3.595190 2.296574 3.911022 0.000000 0.000000 0.000000 -1.000000 1 2.037594095e-05 6.801588461e-05
125 -0.996986 0.298896 0.972219 -3.658716 2.454643 3.785078 0.000000 0.000000 0.000000 -1.000000 1 1.160195097e-05 4.707789049e-05
125 -0.997045 0.298918 0.972767 -3.658716 2.454643 3.785078 0.000000 0.000000 0.000000 -1.000000 1 1.739687286e-05 1.137841027e-04
125 -0.997104 0.298939 0.973305 -3.658716 2.454643 3.785078 0.000000 0.000000 0.000000 -1.000000 1 1.615402289e-05 1.132749021e-04
125 -0.997161 0.298960 0.973832 -3.658716 2.454643 3.785078 0.000000 0.000000 0.000000 -1.000000 1 1.640710980e-05 1.118269283e-04
125 -0.997217 0.298981 0.974348 -3.658716 2.454643 3.785078 0.000000 0.000000 0.000000 -1.000000 1 2.633314580e-05 1.347791404e-04
125 -0.997272 0.299001 0.974855 -3.658716 2.454643 3.785078 0.000000 0.000000 0.000000 -1.000000 1 1.135794446e-05 4.540197551e-05
125 -0.997326 0.299020 0.975351 -3.658716 2.454643 3.785078 0.000000 0.000000 0.000000 -1.000000 1 1.154001802e-05 4.622293636e-05
125 -0.997379 0.299040 0.975838 -3.658716 2.454643 3.785078 0.000000 0.000000 0.000000 -1.000000 1 1.117005013e-05 4.627578892e-05
125 -0.997430 0.299059 0.976315 -3.658716 2.454643 3.785078 0.000000 0.000000 0.000000 -1.000000 1 1.143896952e-05 4.556099884e-05
125 -0.997481 0.299077 0.976782 -3.658716 2.454643 3.785078 0.000000 0.000000 0.000000 -1.000000 1 1.168809831e-05 4.633096978e-05
125 -0.997531 0.299095 0.977241 -3.658716 2.454643 3.785078 0.000000 0.000000 0.000000 -1.000000 1 1.134909689e-05 4.631094635e-05
125 -0.997580 0.299113 0.977690 -3.658716 2.454643 3.785078 0.000000 0.000000 0.000000 -1.000000 1 1.198891550e-05 4.748185165e-05
125 -0.997627 0.299131 0.978131 -3.658716 2.454643 3.785078 0.000000 0.000000 0.000000 -1.000000 1 1.131603494e-05 4.515005276e-05
125 -0.997674 0.299148 0.978562 -3.658716 2.454643 3.785078 0.000000 0.000000 0.000000 -1.000000 1 1.142197289e-05 4.679709673e-05
125 -0.997720 0.299165 0.978986 -3.658716 2.454643 3.785078 0.000000 0.000000 0.000000 -1.000000 1 1.127296127e-05 4.531699233e-05
125 -0.997765 0.299181 0.979400 -3.658716 2.454643 3.785078 0.000000 0.000000 0.000000 -1.000000 1 1.122313552e-05 4.552910104e-05
125 -0.997809 0.299197 0.979807 -3.658716 2.454643 3.785078 0.000000 0.000000 0.000000 -1.000000 1 1.859106123e-05 1.174528152e-04
125 -0.997852 0.299213 0.980206 -3.658716 2.454643 3.785078 0.000000 0.000000 0.000000 -1.000000 1 1.492584124e-05 4.915497266e-05
125 -0.997895 0.299229 0.980597 -3.658716 2.454643 3.785078 0.000000 0.000000 0.000000 -1.000000 1 1.656101085e-05 1.143140253e-04
125 -0.997936 0.299244 0.980980 -3.658716 2.454643 3.785078 0.000000 0.000000 0.000000 -1.000000 1 1.662503928e-05 1.126891002e-04
126 -0.997977 0.299259 0.977395 -3.710896 2.615232 3.663999 0.000000 0.000000 0.000000 -1.000000 1 1.656310633e-05 1.122609247e-04
126 -0.998017 0.299274 0.977841 -3.710896 2.615232 3.663999 0.000000 0.000000 0.000000 -1.000000 1 2.144603059e-05 1.262009609e-04
126 -0.998056 0.299288 0.978279 -3.710896 2.615232 3.663999 0.000000 0.000000 0.000000 -1.000000 1 1.586508006e-05 1.099049114e-04
126 -0.998095 0.299302 0.978708 -3.710896 2.615232 3.663999 0.000000 0.000000 0.000000 -1.000000 1 2.759392373e-05 6.217416376e-05
126 -0.998132 0.299316 0.979128 -3.710896 2.615232 3.663999 0.000000 0.000000 0.000000 -1.000000 1 1.058122143e-05 4.314095713e-05
126 -0.998169 0.299329 0.979540 -3.710896 2.615232 3.663999 0.000000 0.000000 0.000000 -1.000000 1 1.124502160e-05 4.511699080e-05
126 -0.998205 0.299342 0.979944 -3.710896 2.615232 3.663999 0.000000 0.000000 0.000000 -1.000000 1 1.130392775e-05 4.539405927e-05
126 -0.998241 0.299355 0.980340 -3.710896 2.615232 3.663999 0.000000 0.000000 0.000000 -1.000000 1 1.157098450e-05 4.579802044e-05
126 -0.998275 0.299368 0.980728 -3.710896 2.615232 3.663999 0.000000 0.000000 0.000000 -1.000000 1 1.145596616e-05 4.632608034e-05
126 -0.998309 0.299381 0.981109 -3.710896 2.615232 3.663999 0.000000 0.000000 0.000000 -1.000000 1 1.151114702e-05 5.415407941e-05
126 -0.998343 0.299393 0.981482 -3.710896 2.615232 3.663999 0.000000 0.000000 0.000000 -1.000000 1 4.652887583e-06 1.871981658e-05
126 -0.998376 0.299405 0.981847 -3.710896 2.615232 3.663999 0.000000 0.000000 0.000000 -1.000000 1 4.468951374e-06 1.796102151e-05
126 -0.998408 0.299417 0.982205 -3.710896 2.615232 3.663999 0.000000 0.000000 0.000000 -1.000000 1 3.169989213e-06 1.311604865e-05
126 -0.998439 0.299428 0.982557 -3.710896 2.615232 3.663999 0.000000 0.000000 0.000000 -1.000000 1 1.270999201e-05 4.909583367e-05
126 -0.998470 0.299439 0.982901 -3.710896 2.615232 3.663999 0.000000 0.000000 0.000000 -1.000000 1 1.139985397e-05 4.566693678e-05
126 -0.998500 0.299451 0.983239 -3.710896 2.615232 3.663999 0.000000 0.000000 0.000000 -1.000000 1 1.156982034e-05 4.789000377e-05
126 -0.998530 0.299461 0.983570 -3.710896 2.615232 3.663999 0.000000 0.000000 0.000000 -1.000000 1 1.122895628e-05 5.374499597e-05
126 -0.998559 0.299472 0.983894 -3.710896 2.615232 3.663999 0.000000 0.000000 0.000000 -1.000000 1 1.142919064e-05 4.534702748e-05
126 -0.998587 0.299482 0.984212 -3.710896 2.615232 3.663999 0.000000 0.000000 0.000000 -1.000000 1 1.987582073e-05 6.807991304e-05
126 -0.998615 0.299493 0.984524 -3.710896 2.615232 3.663999 0.000000 0.000000 0.000000 -1.000000 1 1.050299034e-05 4.207482561e-05
127 -0.998642 0.299503 0.980869 -3.753369 2.775842 3.548641 0.000000 0.000000 0.000000 -1.000000 1 1.173513010e-05 4.624202847e-05
127 -0.998669 0.299512 0.981247 -3.753369 2.775842 3.548641 0.000000 0.000000 0.000000 -1.000000 1 1.063803211e-05 4.289788194e-05
127 -0.998696 0.299522 0.981617 -3.753369 2.775842 3.548641 0.000000 0.000000 0.000000 -1.000000 1 1.120800152e-05 4.560709931e-05
127 -0.998721 0.299532 0.981980 -3.753369 2.775842 3.548641 0.000000 0.000000 0.000000 -1.000000 1 1.119798981e-05 4.546693526e-05
127 -0.998747 0.299541 0.982336 -3.753369 2.775842 3.548641 0.000000 0.000000 0.000000 -1.000000 1 1.122895628e-05 4.643993452e-05
127 -0.998771 0.299550 0.982684 -3.753369 2.775842 3.548641 0.000000 0.000000 0.000000 -1.000000 1 1.178006642e-05 4.754005931e-05
127 -0.998796 0.299559 0.983026 -3.753369 2.775842 3.548641 0.000000 0.000000 0.000000 -1.000000 1 1.128413714e-05 4.601082765e-05
127 -0.998819 0.299567 0.983361 -3.753369 2.775842 3.548641 0.000000 0.000000 0.000000 -1.000000 1 1.137400977e-05 4.539405927e-05
127 -0.998843 0.299576 0.983690 -3.753369 2.775842 3.548641 0.000000 0.000000 0.000000 -1.000000 1 1.124315895e-05 4.552886821e-05
127 -0.998865 0.299584 0.984012 -3.753369 2.775842 3.548641 0.000000 0.000000 0.000000 -1.000000 1 1.136702485e-05 4.620221443e-05
127 -0.998888 0.299593 0.984328 -3.753369 2.775842 3.548641 0.000000 0.000000 0.000000 -1.000000 1 1.362292096e-05 5.193613470e-05
127 -0.998910 0.299601 0.984637 -3.753369 2.775842 3.548641 0.000000 0.000000 0.000000 -1.000000 1 1.120497473e-05 4.528695717e-05
127 -0.998931 0.299608 0.984940 -3.753369 2.775842 3.548641 0.000000 0.000000 0.000000 -1.000000 1 1.144804992e-05 4.618382081e-05
127 -0.998952 0.299616 0.985238 -3.753369 2.775842 3.548641 0.000000 0.000000 0.000000 -1.000000 1 1.115794294e-05 4.573888145e-05
127 -0.998973 0.299624 0.985529 -3.753369 2.775842 3.548641 0.000000 0.000000 0.000000 -1.000000 1 1.135887578e-05 4.513189197e-05
127 -0.998993 0.299631 0.985815 -3.753369 2.775842 3.548641 0.000000 0.000000 0.000000 -1.000000 1 1.981807873e-05 6.990903057e-05
127 -0.999013 0.299638 0.986095 -3.753369 2.775842 3.548641 0.000000 0.000000 0.000000 -1.000000 1 1.143384725e-05 4.571117461e-05
127 -0.999033 0.299646 0.986369 -3.753369 2.775842 3.548641 0.000000 0.000000 0.000000 -1.000000 1 1.191510819e-05 5.542580038e-05
127 -0.999052 0.299653 0.986638 -3.753369 2.775842 3.548641 0.000000 0.000000 0.000000 -1.000000 1 1.148087904e-05 4.550698213e-05
127 -0.999071 0.299659 0.986902 -3.753369 2.775842 3.548641 0.000000 0.000000 0.000000 -1.000000 1 1.144199632e-05 4.576495849e-05
128 -0.999089 0.299666 0.983201 -3.785421 2.937473 3.438020 0.000000 0.000000 0.000000 -1.000000 1 1.155422069e-05 4.537496716e-05
128 -0.999107 0.299673 0.983532 -3.785421 2.937473 3.438020 0.000000 0.000000 0.000000 -1.000000 1 1.150998287e-05 4.617008381e-05
128 -0.999125 0.299679 0.983857 -3.785421 2.937473 3.438020 0.000000 0.000000 0.000000 -1.000000 1 1.168507151e-05 6.085378118e-05
128 -0.999142 0.299686 0.984176 -3.785421 2.937473 3.438020 0.000000 0.000000 0.000000 -1.000000 1 1.161405817e-05 4.635890946e-05
128 -0.999159 0.299692 0.984488 -3.785421 2.937473 3.438020 0.000000 0.000000 0.000000 -1.000000 1 1.170602627e-05 4.606205039e-05
128 -0.999175 0.299698 0.984795 -3.785421 2.937473 3.438020 0.000000 0.000000 0.000000 -1.000000 1 1.123407856e-05 4.688720219e-05
128 -0.999192 0.299704 0.985095 -3.785421 2.937473 3.438020 0.000000 0.000000 0.000000 -1.000000 1 1.130090095e-05 4.680012353e-05
128 -0.999208 0.299710 0.985389 -3.785421 2.937473 3.438020 0.000000 0.000000 0.000000 -1.000000 1 1.327088103e-05 5.024997517e-05
128 -0.999223 0.299715 0.985678 -3.785421 2.937473 3.438020 0.000000 0.000000 0.000000 -1.000000 1 1.128995791e-05 4.499102943e-05
128 -0.999239 0.299721 0.985960 -3.785421 2.937473 3.438020 0.000000 0.000000 0.000000 -1.000000 1 1.188204624e-05 4.681502469e-05
128 -0.999254 0.299727 0.986238 -3.785421 2.937473 3.438020 0.000000 0.000000 0.000000 -1.000000 1 1.126504503e-05 4.687812179e-05
128 -0.999268 0.299732 0.986509 -3.785421 2.937473 3.438020 0.000000 0.000000 0.000000 -1.000000 1 1.136795618e-05 4.596915096e-05
128 -0.999283 0.299737 0.986776 -3.785421 2.937473 3.438020 0.000000 0.000000 0.000000 -1.000000 1 2.004206181e-05 6.884010509e-05
128 -0.999297 0.299742 0.987037 -3.785421 2.937473 3.438020 0.000000 0.000000 0.000000 -1.000000 1 1.137703657e-05 4.685786553e-05
128 -0.999311 0.299748 0.987293 -3.785421 2.937473 3.438020 0.000000 0.000000 0.000000 -1.000000 1 1.158588566e-05 4.685507156e-05
128 -0.999324 0.299753 0.987544 -3.785421 2.937473 3.438020 0.000000 0.000000 0.000000 -1.000000 1 1.128506847e-05 4.511512816e-05
128 -0.999338 0.299757 0.987789 -3.785421 2.937473 3.438020 0.000000 0.000000 0.000000 -1.000000 1 1.132022589e-05 4.513096064e-05
128 -0.999351 0.299762 0.988031 -3.785421 2.937473 3.438020 0.000000 0.000000 0.000000 -1.000000 1 1.118285581e-05 4.522502422e-05
128 -0.999364 0.299767 0.988267 -3.785421 2.937473 3.438020 0.000000 0.000000 0.000000 -1.000000 1 1.163710840e-05 4.626205191e-05
128 -0.999376 0.299771 0.988498 -3.785421 2.937473 3.438020 0.000000 0.000000 0.000000 -1.000000 1 1.164618880e-05 4.758220166e-05
129 -0.999389 0.299776 0.984765 -3.808932 3.097768 3.332978 0.000000 0.000000 0.000000 -1.000000 1 1.139193773e-05 4.580314271e-05
129 -0.999401 0.299780 0.985066 -3.808932 3.097768 3.332978 0.000000 0.000000 0.000000 -1.000000 1 1.148995943e-05 4.678987898e-05
129 -0.999412 0.299785 0.985361 -3.808932 3.097768 3.332978 0.000000 0.000000 0.000000 -1.000000 1 1.129903831e-05 4.537706263e-05
129 -0.999424 0.299789 0.985650 -3.808932 3.097768 3.332978 0.000000 0.000000 0.000000 -1.000000 1 1.616799273e-05 1.103910618e-04
129 -0.999435 0.299793 0.985933 -3.808932 3.097768 3.332978 0.000000 0.000000 0.000000 -1.000000 1 5.556037650e-06 3.676582128e-05
129 -0.999447 0.299797 0.986211 -3.808932 3.097768 3.332978 0.000000 0.000000 0.000000 -1.000000 1 2.765795216e-06 1.111906022e-05
129 -0.999457 0.299801 0.986483 -3.808932 3.097768 3.332978 0.000000 0.000000 0.000000 -1.000000 1 8.248025551e-06 3.337999806e-05
129 -0.999468 0.299805 0.986750 -3.808932 3.097768 3.332978 0.000000 0.000000 0.000000 -1.000000 1 9.167008102e-06 3.723404370e-05
129 -0.999479 0.299809 0.987012 -3.808932 3.097768 3.332978 0.000000 0.000000 0.000000 -1.000000 1 1.139403321e-05 4.596705548e-05
129 -0.999489 0.299813 0.987268 -3.808932 3.097768 3.332978 0.000000 0.000000 0.000000 -1.000000 1 2.283905633e-05 1.305299811e-04
129 -0.999499 0.299816 0.987519 -3.808932 3.097768 3.332978 0.000000 0.000000 0.000000 -1.000000 1 1.130090095e-05 4.648882896e-05
129 -0.999509 0.299820 0.987766 -3.808932 3.097768 3.332978 0.000000 0.000000 0.000000 -1.000000 1 1.151300967e-05 4.613609053e-05
129 -0.999519 0.299824 0.988007 -3.808932 3.097768 3.332978 0.000000 0.000000 0.000000 -1.000000 1 1.118401997e-05 4.501617514e-05
129 -0.999528 0.299827 0.988244 -3.808932 3.097768 3.332978 0.000000 0.000000 0.000000 -1.000000 1 1.142802648e-05 4.518590868e-05
129 -0.999537 0.299830 0.988476 -3.808932 3.097768 3.332978 0.000000 0.000000 0.000000 -1.000000 1 1.133419573e-05 4.581199028e-05
129 -0.999547 0.299834 0.988704 -3.808932 3.097768 3.332978 0.000000 0.000000 0.000000 -1.000000 1 1.123407856e-05 4.539801739e-05
129 -0.999556 0.299837 0.988927 -3.808932 3.097768 3.332978 0.000000 0.000000 0.000000 -1.000000 1 1.149112359e-05 4.565995187e-05
129 -0.999564 0.299840 0.989145 -3.808932 3.097768 3.332978 0.000000 0.000000 0.000000 -1.000000 1 1.115794294e-05 4.551000893e-05
129 -0.999573 0.299843 0.989360 -3.808932 3.097768 3.332978 0.000000 0.000000 0.000000 -1.000000 1 1.128902659e-05 4.523689859e-05
129 -0.999581 0.299847 0.989570 -3.808932 3.097768 3.332978 0.000000 0.000000 0.000000 -1.000000 1 1.136702485e-05 4.526693374e-05
130 -0.999590 0.299849 0.985815 -3.823045 3.257994 3.232479 0.000000 0.000000 0.000000 -1.000000 1 1.153605990e-05 4.547485150e-05
130 -0.999598 0.299852 0.986095 -3.823045 3.257994 3.232479 0.000000 0.000000 0.000000 -1.000000 1 1.317006536e-05 4.937080666e-05
130 -0.999606 0.299855 0.986370 -3.823045 3.257994 3.232479 0.000000 0.000000 0.000000 -1.000000 1 1.151091419e-05 4.528113641e-05
130 -0.999613 0.299858 0.986639 -3.823045 3.257994 3.232479 0.000000 0.000000 0.000000 -1.000000 1 1.609208994e-05 1.117319334e-04
130 -0.999621 0.299861 0.986903 -3.823045 3.257994 3.232479 0.000000 0.000000 0.000000 -1.000000 1 1.595402136e-05 1.094439067e-04
130 -0.999629 0.299864 0.987161 -3.823045 3.257994 3.232479 0.000000 0.000000 0.000000 -1.000000 1 1.119100489e-05 4.565017298e-05
130 -0.999636 0.299866 0.987415 -3.823045 3.257994 3.232479 0.000000 0.000000 0.000000 -1.000000 1 2.002203837e-05 6.966385990e-05
130 -0.999643 0.299869 0.987663 -3.823045 3.257994 3.232479 0.000000 0.000000 0.000000 -1.000000 1 1.139706001e-05 4.564202391e-05
130 -0.999650 0.299872 0.987907 -3.823045 3.257994 3.232479 0.000000 0.000000 0.000000 -1.000000 1 1.145806164e-05 4.622200504e-05
130 -0.999657 0.299874 0.988146 -3.823045 3.257994 3.232479 0.000000 0.000000 0.000000 -1.000000 1 1.146993600e-05 4.608905874e-05
130 -0.999664 0.299877 0.988380 -3.823045 3.257994 3.232479 0.000000 0.000000 0.000000 -1.000000 1 1.144502312e-05 4.531210288e-05
130 -0.999670 0.299879 0.988609 -3.823045 3.257994 3.232479 0.000000 0.000000 0.000000 -1.000000 1 1.149508171e-05 4.704413004e-05
130 -0.999677 0.299881 0.988834 -3.823045 3.257994 3.232479 0.000000 0.000000 0.000000 -1.000000 1 1.114094630e-05 7.304712199e-05
130 -0.999683 0.299884 0.989054 -3.823045 3.257994 3.232479 0.000000 0.000000 0.000000 -1.000000 1 1.666019671e-05 1.128178556e-04
130 -0.999690 0.299886 0.989271 -3.823045 3.257994 3.232479 0.000000 0.000000 0.000000 -1.000000 1 1.490092836e-05 1.036711037e-04
130 -0.999696 0.299888 0.989482 -3.823045 3.257994 3.232479 0.000000 0.000000 0.000000 -1.000000 1 1.668301411e-05 1.115959603e-04
130 -0.999702 0.299891 0.989690 -3.823045 3.257994 3.232479 0.000000 0.000000 0.000000 -1.000000 1 1.137214713e-05 4.548812285e-05
130 -0.999708 0.299893 0.989894 -3.823045 3.257994 3.232479 0.000000 0.000000 0.000000 -1.000000 1 1.122592948e-05 4.631211050e-05
130 -0.999713 0.299895 0.990093 -3.823045 3.257994 3.232479 0.000000 0.000000 0.000000 -1.000000 1 1.303409226e-05 5.042902194e-05
130 -0.999719 0.299897 0.990289 -3.823045 3.257994 3.232479 0.000000 0.000000 0.000000 -1.000000 1 1.057283953e-05 4.341197200e-05
131 -0.999725 0.299899 0.986520 -3.829810 3.415949 3.137349 0.000000 0.000000 0.000000 -1.000000 1 1.146690920e-05 4.589394666e-05
131 -0.999730 0.299901 0.986786 -3.829810 3.415949 3.137349 0.000000 0.000000 0.000000 -1.000000 1 1.121009700e-05 4.541617818e-05
131 -0.999735 0.299903 0.987047 -3.829810 3.415949 3.137349 0.000000 0.000000 0.000000 -1.000000 1 1.135887578e-05 4.588509910e-05
131 -0.999741 0.299905 0.987303 -3.829810 3.415949 3.137349 0.000000 0.000000 0.000000 -1.000000 1 1.068296842e-05 6.041815504e-05
131 -0.999746 0.299907 0.987553 -3.829810 3.415949 3.137349 0.000000 0.000000 0.000000 -1.000000 1 5.943002179e-06 4.293303937e-05
131 -0.999751 0.299908 0.987799 -3.829810 3.415949 3.137349 0.000000 0.000000 0.000000 -1.000000 1 9.430106729e-06 6.452389061e-05
131 -0.999756 0.299910 0.988040 -3.829810 3.415949 3.137349 0.000000 0.000000 0.000000 -1.000000 1 1.139706001e-05 7.818988524e-05
131 -0.999760 0.299912 0.988276 -3.829810 3.415949 3.137349 0.000000 0.000000 0.000000 -1.000000 1 1.137703657e-05 4.567997530e-05
131 -0.999765 0.299914 0.988508 -3.829810 3.415949 3.137349 0.000000 0.000000 0.000000 -1.000000 1 1.133885235e-05 4.516704939e-05
131 -0.999770 0.299915 0.988735 -3.829810 3.415949 3.137349 0.000000 0.000000 0.000000 -1.000000 1 1.132604666e-05 4.559289664e-05
131 -0.999774 0.299917 0.988957 -3.829810 3.415949 3.137349 0.000000 0.000000 0.000000 -1.000000 1 1.198798418e-05 4.810304381e-05
131 -0.999779 0.299919 0.989175 -3.829810 3.415949 3.137349 0.000000 0.000000 0.000000 -1.000000 1 1.122383401e-05 4.677893594e-05
131 -0.999783 0.299920 0.989389 -3.829810 3.415949 3.137349 0.000000 0.000000 0.000000 -1.000000 1 1.140497625e-05 4.500802606e-05
131 -0.999787 0.299922 0.989598 -3.829810 3.415949 3.137349 0.000000 0.000000 0.000000 -1.000000 1 1.121801324e-05 4.584086128e-05
131 -0.999792 0.299923 0.989804 -3.829810 3.415949 3.137349 0.000000 0.000000 0.000000 -1.000000 1 1.127598807e-05 4.478706978e-05
131 -0.999796 0.299925 0.990005 -3.829810 3.415949 3.137349 0.000000 0.000000 0.000000 -1.000000 1 1.329393126e-05 5.131587386e-05
131 -0.999800 0.299926 0.990202 -3.829810 3.415949 3.137349 0.000000 0.000000 0.000000 -1.000000 1 1.126597635e-05 4.544504918e-05
131 -0.999804 0.299928 0.990396 -3.829810 3.415949 3.137349 0.000000 0.000000 0.000000 -1.000000 1 1.124897972e-05 4.548602737e-05
131 -0.999808 0.299929 0.990585 -3.829810 3.415949 3.137349 0.000000 0.000000 0.000000 -1.000000 1 1.122290269e-05 4.525994882e-05
131 -0.999811 0.299931 0.990771 -3.829810 3.415949 3.137349 0.000000 0.000000 0.000000 -1.000000 1 1.142616384e-05 4.552793689e-05
132 -0.999815 0.299932 0.986993 -3.828249 3.573052 3.046554 0.000000 0.000000 0.000000 -1.000000 1 1.980504021e-05 6.793602370e-05
132 -0.999819 0.299933 0.987250 -3.828249 3.573052 3.046554 0.000000 0.000000 0.000000 -1.000000 1 2.763001248e-06 1.102406532e-05
132 -0.999822 0.299935 0.987502 -3.828249 3.573052 3.046554 0.000000 0.000000 0.000000 -1.000000 1 1.148087904e-05 4.562386312e-05
132 -0.999826 0.299936 0.987748 -3.828249 3.573052 3.046554 0.000000 0.000000 0.000000 -1.000000 1 1.139193773e-05 4.542898387e-05
132 -0.999829 0.299937 0.987990 -3.828249 3.573052 3.046554 0.000000 0.000000 0.000000 -1.000000 1 1.043593511e-05 4.202011041e-05
132 -0.999833 0.299939 0.988227 -3.828249 3.573052 3.046554 0.000000 0.000000 0.000000 -1.000000 1 8.756062016e-06 3.605289385e-05
132 -0.999836 0.299940 0.988460 -3.828249 3.573052 3.046554 0.000000 0.000000 0.000000 -1.000000 1 1.119985245e-05 4.498194903e-05
132 -0.999839 0.299941 0.988688 -3.828249 3.573052 3.046554 0.000000 0.000000 0.000000 -1.000000 1 1.176679507e-05 4.594284110e-05
132 -0.999842 0.299942 0.988911 -3.828249 3.573052 3.046554 0.000000 0.000000 0.000000 -1.000000 1 1.127994619e-05 4.515191540e-05
132 -0.999846 0.299943 0.989130 -3.828249 3.573052 3.046554 0.000000 0.000000 0.000000 -1.000000 1 1.133000478e-05 4.584994167e-05
132 -0.999849 0.299944 0.989344 -3.828249 3.573052 3.046554 0.000000 0.000000 0.000000 -1.000000 1 1.130905002e-05 4.529417492e-05
132 -0.999852 0.299945 0.989555 -3.828249 3.573052 3.046554 0.000000 0.000000 0.000000 -1.000000 1 1.140497625e-05 4.577985965e-05
132 -0.999854 0.299947 0.989761 -3.828249 3.573052 3.046554 0.000000 0.000000 0.000000 -1.000000 1 1.289905049e-05 4.972307943e-05
132 -0.999857 0.299948 0.989963 -3.828249 3.573052 3.046554 0.000000 0.000000 0.000000 -1.000000 1 1.139589585e-05 4.720804282e-05
132 -0.999860 0.299949 0.990161 -3.828249 3.573052 3.046554 0.000000 0.000000 0.000000 -1.000000 1 1.146784052e-05 4.619196989e-05
132 -0.999863 0.299950 0.990355 -3.828249 3.573052 3.046554 0.000000 0.000000 0.000000 -1.000000 1 1.125596464e-05 4.592398182e-05
132 -0.999866 0.299951 0.990546 -3.828249 3.573052 3.046554 0.000000 0.000000 0.000000 -1.000000 1 1.123617403e-05 4.508090205e-05
132 -0.999868 0.299952 0.990733 -3.828249 3.573052 3.046554 0.000000 0.000000 0.000000 -1.000000 1 2.000387758e-05 6.934604608e-05
132 -0.999871 0.299953 0.990916 -3.828249 3.573052 3.046554 0.000000 0.000000 0.000000 -1.000000 1 1.142616384e-05 4.627811722e-05
132 -0.999873 0.299953 0.991095 -3.828249 3.573052 3.046554 0.000000 0.000000 0.000000 -1.000000 1 5.783978850e-06 2.288585529e-05
133 -0.999876 0.299954 0.987310 -3.820524 3.727263 2.960901 0.000000 0.000000 0.000000 -1.000000 1 4.862900823e-06 1.934892498e-05
133 -0.999878 0.299955 0.987561 -3.820524 3.727263 2.960901 0.000000 0.000000 0.000000 -1.000000 1 1.162709668e-05 4.569999874e-05
133 -0.999881 0.299956 0.987806 -3.820524 3.727263 2.960901 0.000000 0.000000 0.000000 -1.000000 1 1.124222763e-05 4.675099626e-05
133 -0.999883 0.299957 0.988047 -3.820524 3.727263 2.960901 0.000000 0.000000 0.000000 -1.000000 1 1.126411371e-05 4.650582559e-05
133 -0.999885 0.299958 0.988283 -3.820524 3.727263 2.960901 0.000000 0.000000 0.000000 -1.000000 1 1.153885387e-05 4.594586790e-05
133 -0.999888 0.299959 0.988515 -3.820524 3.727263 2.960901 0.000000 0.000000 0.000000 -1.000000 1 1.134211197e-05 4.509603605e-05
133 -0.999890 0.299959 0.988741 -3.820524 3.727263 2.960901 0.000000 0.000000 0.000000 -1.000000 1 1.116702333e-05 4.514586180e-05
133 -0.999892 0.299960 0.988964 -3.820524 3.727263 2.960901 0.000000 0.000000 0.000000 -1.000000 1 1.121289097e-05 4.537706263e-05
133 -0.999894 0.299961 0.989181 -3.820524 3.727263 2.960901 0.000000 0.000000 0.000000 -1.000000 1 1.116795465e-05 4.507182166e-05
133 -0.999896 0.299962 0.989395 -3.820524 3.727263 2.960901 0.000000 0.000000 0.000000 -1.000000 1 1.175305806e-05 4.795705900e-05
133 -0.999898 0.299963 0.989604 -3.820524 3.727263 2.960901 0.000000 0.000000 0.000000 -1.000000 1 1.133815385e-05 4.582293332e-05
133 -0.999900 0.299963 0.989810 -3.820524 3.727263 2.960901 0.000000 0.000000 0.000000 -1.000000 1 8.706003428e-06 6.519816816e-05
133 -0.999902 0.299964 0.990011 -3.820524 3.727263 2.960901 0.000000 0.000000 0.000000 -1.000000 1 6.821006536e-06 4.619592801e-05
133 -0.999904 0.299965 0.990208 -3.820524 3.727263 2.960901 0.000000 0.000000 0.000000 -1.000000 1 1.137517393e-05 4.530698061e-05
133 -0.999906 0.299965 0.990401 -3.820524 3.727263 2.960901 0.000000 0.000000 0.000000 -1.000000 1 2.015614882e-05 6.870902143e-05
133 -0.999908 0.299966 0.990591 -3.820524 3.727263 2.960901 0.000000 0.000000 0.000000 -1.000000 1 1.123989932e-05 4.573306069e-05
133 -0.999910 0.299967 0.990777 -3.820524 3.727263 2.960901 0.000000 0.000000 0.000000 -1.000000 1 1.151091419e-05 4.631280899e-05
133 -0.999912 0.299967 0.990959 -3.820524 3.727263 2.960901 0.000000 0.000000 0.000000 -1.000000 1 1.147901639e-05 4.513119347e-05
133 -0.999913 0.299968 0.991137 -3.820524 3.727263 2.960901 0.000000 0.000000 0.000000 -1.000000 1 1.136399806e-05 4.589185119e-05
133 -0.999915 0.299969 0.991312 -3.820524 3.727263 2.960901 0.000000 0.000000 0.000000 -1.000000 1 1.139985397e-05 4.648091272e-05
134 -0.999917 0.299969 0.987523 -3.805454 3.880164 2.879336 0.000000 0.000000 0.000000 -1.000000 1 1.144292764e-05 4.640500993e-05
134 -0.999918 0.299970 0.987770 -3.805454 3.880164 2.879336 0.000000 0.000000 0.000000 -1.000000 1 1.222896390e-05 4.671700299e-05
134 -0.999920 0.299970 0.988011 -3.805454 3.880164 2.879336 0.000000 0.000000 0.000000 -1.000000 1 1.127808355e-05 4.599406384e-05
134 -0.999922 0.299971 0.988248 -3.805454 3.880164 2.879336 0.000000 0.000000 0.000000 -1.000000 1 1.143803820e-05 4.594703205e-05
134 -0.999923 0.299972 0.988480 -3.805454 3.880164 2.879336 0.000000 0.000000 0.000000 -1.000000 1 1.118984073e-05 4.621711560e-05
134 -0.999925 0.299972 0.988707 -3.805454 3.880164 2.879336 0.000000 0.000000 0.000000 -1.000000 1 1.139612868e-05 4.537496716e-05
134 -0.999926 0.299973 0.988930 -3.805454 3.880164 2.879336 0.000000 0.000000 0.000000 -1.000000 1 1.333095133e-05 5.875597708e-05
134 -0.999928 0.299973 0.989149 -3.805454 3.880164 2.879336 0.000000 0.000000 0.000000 -1.000000 1 1.142197289e-05 5.323183723e-05
134 -0.999929 0.299974 0.989363 -3.805454 3.880164 2.879336 0.000000 0.000000 0.000000 -1.000000 1 1.143896952e-05 4.647788592e-05
134 -0.999930 0.299974 0.989573 -3.805454 3.880164 2.879336 0.000000 0.000000 0.000000 -1.000000 1 1.134607010e-05 4.583294503e-05
134 -0.999932 0.299975 0.989779 -3.805454 3.880164 2.879336 0.000000 0.000000 0.000000 -1.000000 1 1.975288615e-05 6.786314771e-05
134 -0.999933 0.299975 0.989981 -3.805454 3.880164 2.879336 0.000000 0.000000 0.000000 -1.000000 1 1.541688107e-05 6.185984239e-05
134 -0.999934 0.299976 0.990178 -3.805454 3.880164 2.879336 0.000000 0.000000 0.000000 -1.000000 1 1.119705848e-05 4.561990499e-05
134 -0.999936 0.299976 0.990372 -3.805454 3.880164 2.879336 0.000000 0.000000 0.000000 -1.000000 1 1.142011024e-05 4.563410766e-05
134 -0.999937 0.299977 0.990562 -3.805454 3.880164 2.879336 0.000000 0.000000 0.000000 -1.000000 1 1.060916111e-05 4.376284778e-05
134 -0.999938 0.299977 0.990749 -3.805454 3.880164 2.879336 0.000000 0.000000 0.000000 -1.000000 1 1.127202995e-05 4.579499364e-05
134 -0.999939 0.299978 0.990931 -3.805454 3.880164 2.879336 0.000000 0.000000 0.000000 -1.000000 1 1.138495281e-05 4.586391151e-05
134 -0.999941 0.299978 0.991110 -3.805454 3.880164 2.879336 0.000000 0.000000 0.000000 -1.000000 1 2.797925845e-06 1.118518412e-05
134 -0.999942 0.299979 0.991286 -3.805454 3.880164 2.879336 0.000000 0.000000 0.000000 -1.000000 1 2.898043022e-06 1.138704829e-05
134 -0.999943 0.299979 0.991458 -3.805454 3.880164 2.879336 0.000000 0.000000 0.000000 -1.000000 1 2.763932571e-06 1.107202843e-05
135 -0.999944 0.299979 0.987666 -3.785359 4.029791 2.802691 0.000000 0.000000 0.000000 -1.000000 1 1.054280438e-05 4.274002276e-05
135 -0.999945 0.299980 0.987910 -3.785359 4.029791 2.802691 0.000000 0.000000 0.000000 -1.000000 1 1.139007509e-05 4.652002826e-05
135 -0.999946 0.299980 0.988149 -3.785359 4.029791 2.802691 0.000000 0.000000 0.000000 -1.000000 1 1.145387068e-05 4.615192302e-05
135 -0.999947 0.299981 0.988383 -3.785359 4.029791 2.802691 0.000000 0.000000 0.000000 -1.000000 1 1.146993600e-05 4.668696783e-05
135 -0.999948 0.299981 0.988612 -3.785359 4.029791 2.802691 0.000000 0.000000 0.000000 -1.000000 1 1.126690768e-05 4.607206210e-05
135 -0.999949 0.299981 0.988837 -3.785359 4.029791 2.802691 0.000000 0.000000 0.000000 -1.000000 1 1.126294956e-05 4.605413415e-05
135 -0.999950 0.299982 0.989057 -3.785359 4.029791 2.802691 0.000000 0.000000 0.000000 -1.000000 1 1.109298319e-05 4.565785639e-05
135 -0.999951 0.299982 0.989273 -3.785359 4.029791 2.802691 0.000000 0.000000 0.000000 -1.000000 1 1.135398634e-05 4.521408118e-05
135 -0.999952 0.299982 0.989485 -3.785359 4.029791 2.802691 0.000000 0.000000 0.000000 -1.000000 1 2.013915218e-05 6.812810898e-05
135 -0.999953 0.299983 0.989692 -3.785359 4.029791 2.802691 0.000000 0.000000 0.000000 -1.000000 1 1.148483716e-05 4.572817124e-05
135 -0.999954 0.299983 0.989896 -3.785359 4.029791 2.802691 0.000000 0.000000 0.000000 -1.000000 1 1.157703809e-05 4.727998748e-05
135 -0.999955 0.299983 0.990095 -3.785359 4.029791 2.802691 0.000000 0.000000 0.000000 -1.000000 1 1.137680374e-05 4.645599984e-05
135 -0.999956 0.299984 0.990291 -3.785359 4.029791 2.802691 0.000000 0.000000 0.000000 -1.000000 1 1.142290421e-05 4.587392323e-05
135 -0.999957 0.299984 0.990483 -3.785359 4.029791 2.802691 0.000000 0.000000 0.000000 -1.000000 1 1.051905565e-05 4.221801646e-05
135 -0.999958 0.299984 0.990671 -3.785359 4.029791 2.802691 0.000000 0.000000 0.000000 -1.000000 1 1.163803972e-05 4.559918307e-05
135 -0.999959 0.299985 0.990855 -3.785359 4.029791 2.802691 0.000000 0.000000 0.000000 -1.000000 1 1.182407141e-05 4.779803567e-05
135 -0.999959 0.299985 0.991035 -3.785359 4.029791 2.802691 0.000000 0.000000 0.000000 -1.000000 1 1.119310036e-05 4.512001760e-05
135 -0.999960 0.299985 0.991212 -3.785359 4.029791 2.802691 0.000000 0.000000 0.000000 -1.000000 1 1.215306111e-05 4.788883962e-05
135 -0.999961 0.299986 0.991386 -3.785359 4.029791 2.802691 0.000000 0.000000 0.000000 -1.000000 1 1.127598807e-05 4.558614455e-05
135 -0.999962 0.299986 0.991556 -3.785359 4.029791 2.802691 0.000000 0.000000 0.000000 -1.000000 1 7.553026080e-06 3.054295667e-05
136 -0.996002 0.299986 0.987762 -3.758869 4.177821 2.729911 0.000000 0.000000 0.000000 -1.000000 1 1.332093962e-05 5.081598647e-05
136 -0.996081 0.299986 0.988004 -3.758869 4.177821 2.729911 0.000000 0.000000 0.000000 -1.000000 1 1.135398634e-05 4.521384835e-05
136 -0.996158 0.299987 0.988241 -3.758869 4.177821 2.729911 0.000000 0.000000 0.000000 -1.000000 1 1.134793274e-05 4.594190978e-05
136 -0.996234 0.299987 0.988473 -3.758869 4.177821 2.729911 0.000000 0.000000 0.000000 -1.000000 1 1.115887426e-05 4.560989328e-05
136 -0.996309 0.299987 0.988700 -3.758869 4.177821 2.729911 0.000000 0.000000 0.000000 -1.000000 1 1.147110015e-05 4.597287625e-05
136 -0.996382 0.299987 0.988924 -3.758869 4.177821 2.729911 0.000000 0.000000 0.000000 -1.000000 1 1.979107037e-05 6.908294745e-05
136 -0.996453 0.299988 0.989142 -3.758869 4.177821 2.729911 0.000000 0.000000 0.000000 -1.000000 1 1.143198460e-05 4.614610225e-05
136 -0.996523 0.299988 0.989357 -3.758869 4.177821 2.729911 0.000000 0.000000 0.000000 -1.000000 1 1.160497777e-05 4.604598507e-05
136 -0.996592 0.299988 0.989567 -3.758869 4.177821 2.729911 0.000000 0.000000 0.000000 -1.000000 1 1.140916720e-05 4.510581493e-05
136 -0.996659 0.299988 0.989773 -3.758869 4.177821 2.729911 0.000000 0.000000 0.000000 -1.000000 1 1.162709668e-05 4.605902359e-05
136 -0.996725 0.299989 0.989975 -3.758869 4.177821 2.729911 0.000000 0.000000 0.000000 -1.000000 1 1.128693111e-05 4.523503594e-05
136 -0.996790 0.299989 0.990173 -3.758869 4.177821 2.729911 0.000000 0.000000 0.000000 -1.000000 1 1.809280366e-05 6.256415509e-05
136 -0.996853 0.299989 0.990367 -3.758869 4.177821 2.729911 0.000000 0.000000 0.000000 -1.000000 1 1.074490137e-05 4.362291656e-05
136 -0.996915 0.299989 0.990557 -3.758869 4.177821 2.729911 0.000000 0.000000 0.000000 -1.000000 1 8.421018720e-06 3.405916505e-05
136 -0.996976 0.299989 0.990743 -3.758869 4.177821 2.729911 0.000000 0.000000 0.000000 -1.000000 1 5.468027666e-06 3.595999442e-05
136 -0.997036 0.299990 0.990926 -3.758869 4.177821 2.729911 0.000000 0.000000 0.000000 -1.000000 1 5.112960935e-06 3.496487625e-05
136 -0.997094 0.299990 0.991105 -3.758869 4.177821 2.729911 0.000000 0.000000 0.000000 -1.000000 1 5.630077794e-06 2.277106978e-05
136 -0.997152 0.299990 0.991281 -3.758869 4.177821 2.729911 0.000000 0.000000 0.000000 -1.000000 1 8.909963071e-06 3.445311449e-05
136 -0.997208 0.299990 0.991453 -3.758869 4.177821 2.729911 0.000000 0.000000 0.000000 -1.000000 1 9.463867173e-06 3.788992763e-05
136 -0.997263 0.299990 0.991622 -3.758869 4.177821 2.729911 0.000000 0.000000 0.000000 -1.000000 1 1.175189391e-05 4.723109305e-05
137 -0.993357 0.299991 0.987827 -3.728341 4.322451 2.661803 0.000000 0.000000 0.000000 -1.000000 1 1.141196117e-05 5.287909880e-05
137 -0.993488 0.299991 0.988067 -3.728341 4.322451 2.661803 0.000000 0.000000 0.000000 -1.000000 1 1.141219400e-05 4.587182775e-05
137 -0.993616 0.299991 0.988303 -3.728341 4.322451 2.661803 0.000000 0.000000 0.000000 -1.000000 1 2.000899985e-05 6.937305443e-05
137 -0.993742 0.299991 0.988534 -3.728341 4.322451 2.661803 0.000000 0.000000 0.000000 -1.000000 1 1.137098297e-05 4.615797661e-05
137 -0.993866 0.299991 0.988760 -3.728341 4.322451 2.661803 0.000000 0.000000 0.000000 -1.000000 1 1.155491918e-05 4.640803672e-05
137 -0.993987 0.299991 0.988982 -3.728341 4.322451 2.661803 0.000000 0.000000 0.000000 -1.000000 1 1.130998135e-05 4.637893289e-05
137 -0.994106 0.299992 0.989199 -3.728341 4.322451 2.661803 0.000000 0.000000 0.000000 -1.000000 1 1.151184551e-05 4.552188329e-05
137 -0.994222 0.299992 0.989413 -3.728341 4.322451 2.661803 0.000000 0.000000 0.000000 -1.000000 1 1.130485907e-05 4.587601870e-05
137 -0.994336 0.299992 0.989622 -3.728341 4.322451 2.661803 0.000000 0.000000 0.000000 -1.000000 1 1.155794598e-05 4.721712321e-05
137 -0.994448 0.299992 0.989826 -3.728341 4.322451 2.661803 0.000000 0.000000 0.000000 -1.000000 1 1.177098602e-05 4.705996253e-05
137 -0.994558 0.299992 0.990027 -3.728341 4.322451 2.661803 0.000000 0.000000 0.000000 -1.000000 1 1.144385897e-05 4.558800720e-05
137 -0.994665 0.299992 0.990224 -3.728341 4.322451 2.661803 0.000000 0.000000 0.000000 -1.000000 1 1.070299186e-05 4.339194857e-05
137 -0.994770 0.299993 0.990417 -3.728341 4.322451 2.661803 0.000000 0.000000 0.000000 -1.000000 1 1.141009852e-05 4.636193626e-05
137 -0.994874 0.299993 0.990606 -3.728341 4.322451 2.661803 0.000000 0.000000 0.000000 -1.000000 1 6.566056982e-06 2.645608038e-05
137 -0.994975 0.299993 0.990792 -3.728341 4.322451 2.661803 0.000000 0.000000 0.000000 -1.000000 1 8.455943316e-06 5.139689893e-05
137 -0.995074 0.299993 0.990974 -3.728341 4.322451 2.661803 0.000000 0.000000 0.000000 -1.000000 1 5.172099918e-06 3.574509174e-05
137 -0.995171 0.299993 0.991152 -3.728341 4.322451 2.661803 0.000000 0.000000 0.000000 -1.000000 1 1.137703657e-05 4.642107524e-05
137 -0.995267 0.299993 0.991327 -3.728341 4.322451 2.661803 0.000000 0.000000 0.000000 -1.000000 1 1.136586070e-05 4.588486627e-05
137 -0.995360 0.299993 0.991498 -3.728341 4.322451 2.661803 0.000000 0.000000 0.000000 -1.000000 1 1.122802496e-05 4.667905159e-05
137 -0.995452 0.299993 0.991666 -3.728341 4.322451 2.661803 0.000000 0.000000 0.000000 -1.000000 1 1.976592466e-05 6.801402196e-05
138 -0.991581 0.299994 0.987870 -3.692243 4.465389 2.597333 0.000000 0.000000 0.000000 -1.000000 1 1.146900468e-05 4.559592344e-05
138 -0.991747 0.299994 0.988109 -3.692243 4.465389 2.597333 0.000000 0.000000 0.000000 -1.000000 1 1.154793426e-05 4.556914791e-05
138 -0.991910 0.299994 0.988344 -3.692243 4.465389 2.597333 0.000000 0.000000 0.000000 -1.000000 1 1.132185571e-05 4.554586485e-05
138 -0.992070 0.299994 0.988574 -3.692243 4.465389 2.597333 0.000000 0.000000 0.000000 -1.000000 1 1.118401997e-05 4.625087604e-05
138 -0.992227 0.299994 0.988800 -3.692243 4.465389 2.597333 0.000000 0.000000 0.000000 -1.000000 1 1.137214713e-05 4.591792822e-05
138 -0.992380 0.299994 0.989021 -3.692243 4.465389 2.597333 0.000000 0.000000 0.000000 -1.000000 1 1.110206358e-05 4.575797357e-05
138 -0.992530 0.299994 0.989238 -3.692243 4.465389 2.597333 0.000000 0.000000 0.000000 -1.000000 1 1.185387373e-05 4.656496458e-05
138 -0.992678 0.299994 0.989450 -3.692243 4.465389 2.597333 0.000000 0.000000 0.000000 -1.000000 1 1.153885387e-05 4.541687667e-05
138 -0.992823 0.299994 0.989658 -3.692243 4.465389 2.597333 0.000000 0.000000 0.000000 -1.000000 1 1.137889922e-05 4.569510929e-05
138 -0.992964 0.299995 0.989863 -3.692243 4.465389 2.597333 0.000000 0.000000 0.000000 -1.000000 1 1.126993448e-05 4.640198313e-05
138 -0.993103 0.299995 0.990063 -3.692243 4.465389 2.597333 0.000000 0.000000 0.000000 -1.000000 1 1.134211197e-05 4.510302097e-05
138 -0.993239 0.299995 0.990259 -3.692243 4.465389 2.597333 0.000000 0.000000 0.000000 -1.000000 1 1.316587441e-05 5.058199167e-05
138 -0.993373 0.299995 0.990451 -3.692243 4.465389 2.597333 0.000000 0.000000 0.000000 -1.000000 1 1.122383401e-05 4.544295371e-05
138 -0.993504 0.299995 0.990640 -3.692243 4.465389 2.597333 0.000000 0.000000 0.000000 -1.000000 1 1.140614040e-05 4.587997682e-05
138 -0.993632 0.299995 0.990825 -3.692243 4.465389 2.597333 0.000000 0.000000 0.000000 -1.000000 1 1.121894456e-05 4.640500993e-05
138 -0.993758 0.299995 0.991006 -3.692243 4.465389 2.597333 0.000000 0.000000 0.000000 -1.000000 1 1.607113518e-05 1.118010841e-04
138 -0.993881 0.299995 0.991183 -3.692243 4.465389 2.597333 0.000000 0.000000 0.000000 -1.000000 1 2.271193080e-05 1.306699123e-04
138 -0.994002 0.299995 0.991357 -3.692243 4.465389 2.597333 0.000000 0.000000 0.000000 -1.000000 1 1.138006337e-05 4.569301382e-05
138 -0.994120 0.299995 0.991528 -3.692243 4.465389 2.597333 0.000000 0.000000 0.000000 -1.000000 1 1.118588261e-05 4.504108801e-05
138 -0.994236 0.299996 0.991695 -3.692243 4.465389 2.597333 0.000000 0.000000 0.000000 -1.000000 1 1.140590757e-05 4.587112926e-05
139 -0.990390 0.299996 0.987899 -3.653026 4.604918 2.537319 0.000000 0.000000 0.000000 -1.000000 1 1.140986569e-05 4.519405775e-05
139 -0.990579 0.299996 0.988138 -3.653026 4.604918 2.537319 0.000000 0.000000 0.000000 -1.000000 1 1.148809679e-05 4.660687409e-05
139 -0.990765 0.299996 0.988372 -3.653026 4.604918 2.537319 0.000000 0.000000 0.000000 -1.000000 1 1.141615212e-05 4.641106352e-05
139 -0.990948 0.299996 0.988601 -3.653026 4.604918 2.537319 0.000000 0.000000 0.000000 -1.000000 1 1.158309169e-05 4.611886106e-05
139 -0.991126 0.299996 0.988827 -3.653026 4.604918 2.537319 0.000000 0.000000 0.000000 -1.000000 1 1.133303158e-05 4.547508433e-05
139 -0.991302 0.299996 0.989047 -3.653026 4.604918 2.537319 0.000000 0.000000 0.000000 -1.000000 1 1.141405664e-05 4.697288387e-05
139 -0.991473 0.299996 0.989263 -3.653026 4.604918 2.537319 0.000000 0.000000 0.000000 -1.000000 1 1.114187762e-05 4.669814371e-05
139 -0.991642 0.299996 0.989475 -3.653026 4.604918 2.537319 0.000000 0.000000 0.000000 -1.000000 1 1.094909385e-05 5.430798046e-05
139 -0.991807 0.299996 0.989683 -3.653026 4.604918 2.537319 0.000000 0.000000 0.000000 -1.000000 1 1.288601197e-05 4.737684503e-05
139 -0.991968 0.299996 0.989887 -3.653026 4.604918 2.537319 0.000000 0.000000 0.000000 -1.000000 1 1.118681394e-05 4.532001913e-05
139 -0.992127 0.299996 0.990086 -3.653026 4.604918 2.537319 0.000000 0.000000 0.000000 -1.000000 1 1.349020749e-05 4.729116336e-05
139 -0.992282 0.299996 0.990282 -3.653026 4.604918 2.537319 0.000000 0.000000 0.000000 -1.000000 1 1.129391603e-05 4.499591887e-05
139 -0.992435 0.299996 0.990474 -3.653026 4.604918 2.537319 0.000000 0.000000 0.000000 -1.000000 1 1.137889922e-05 5.612708628e-05
139 -0.992584 0.299996 0.990662 -3.653026 4.604918 2.537319 0.000000 0.000000 0.000000 -1.000000 1 2.537202090e-05 7.051508874e-05
139 -0.992731 0.299997 0.990846 -3.653026 4.604918 2.537319 0.000000 0.000000 0.000000 -1.000000 1 1.137494110e-05 4.637101665e-05
139 -0.992874 0.299997 0.991027 -3.653026 4.604918 2.537319 0.000000 0.000000 0.000000 -1.000000 1 1.119798981e-05 4.507810809e-05
139 -0.993015 0.299997 0.991204 -3.653026 4.604918 2.537319 0.000000 0.000000 0.000000 -1.000000 1 1.112301834e-05 4.505598918e-05
139 -0.993153 0.299997 0.991378 -3.653026 4.604918 2.537319 0.000000 0.000000 0.000000 -1.000000 1 1.153210178e-05 4.593608901e-05
139 -0.993288 0.299997 0.991548 -3.653026 4.604918 2.537319 0.000000 0.000000 0.000000 -1.000000 1 1.136213541e-05 4.558591172e-05
139 -0.993420 0.299997 0.991715 -3.653026 4.604918 2.537319 0.000000 0.000000 0.000000 -1.000000 1 1.159403473e-05 4.685809836e-05
140 -0.989590 0.299997 0.987918 -3.608940 4.742798 2.480720 0.000000 0.000000 0.000000 -1.000000 1 1.207483001e-05 4.810793325e-05
140 -0.989795 0.299997 0.988157 -3.608940 4.742798 2.480720 0.000000 0.000000 0.000000 -1.000000 1 1.138821244e-05 4.660384730e-05
140 -0.989997 0.299997 0.988391 -3.608940 4.742798 2.480720 0.000000 0.000000 0.000000 -1.000000 1 1.125596464e-05 4.526483826e-05
140 -0.990194 0.299997 0.988620 -3.608940 4.742798 2.480720 0.000000 0.000000 0.000000 -1.000000 1 1.125293784e-05 4.847883247e-05
140 -0.990388 0.299997 0.988844 -3.608940 4.742798 2.480720 0.000000 0.000000 0.000000 -1.000000 1 1.124991104e-05 4.537007771e-05
140 -0.990578 0.299997 0.989065 -3.608940 4.742798 2.480720 0.000000 0.000000 0.000000 -1.000000 1 1.198821701e-05 4.702596925e-05
140 -0.990764 0.299997 0.989281 -3.608940 4.742798 2.480720 0.000000 0.000000 0.000000 -1.000000 1 1.117191277e-05 4.594586790e-05
140 -0.990946 0.299997 0.989492 -3.608940 4.742798 2.480720 0.000000 0.000000 0.000000 -1.000000 1 1.129903831e-05 4.577892832e-05
140 -0.991125 0.299997 0.989700 -3.608940 4.742798 2.480720 0.000000 0.000000 0.000000 -1.000000 1 1.120986417e-05 4.496006295e-05
140 -0.991300 0.299997 0.989903 -3.608940 4.742798 2.480720 0.000000 0.000000 0.000000 -1.000000 1 1.028203405e-05 3.418000415e-05
140 -0.991472 0.299997 0.990102 -3.608940 4.742798 2.480720 0.000000 0.000000 0.000000 -1.000000 1 2.107489854e-05 5.994806997e-05
140 -0.991640 0.299997 0.990298 -3.608940 4.742798 2.480720 0.000000 0.000000 0.000000 -1.000000 1 1.162104309e-05 4.702806473e-05
140 -0.991805 0.299997 0.990489 -3.608940 4.742798 2.480720 0.000000 0.000000 0.000000 -1.000000 1 6.677117199e-06 2.665212378e-05
140 -0.991967 0.299997 0.990677 -3.608940 4.742798 2.480720 0.000000 0.000000 0.000000 -1.000000 1 6.900867447e-06 2.824305557e-05
140 -0.992126 0.299998 0.990861 -3.608940 4.742798 2.480720 0.000000 0.000000 0.000000 -1.000000 1 1.226295717e-05 5.069002509e-05
140 -0.992281 0.299998 0.991042 -3.608940 4.742798 2.480720 0.000000 0.000000 0.000000 -1.000000 1 1.125899144e-05 4.551117308e-05
140 -0.992433 0.299998 0.991218 -3.608940 4.742798 2.480720 0.000000 0.000000 0.000000 -1.000000 1 1.644901931e-05 1.125030685e-04
140 -0.992583 0.299998 0.991392 -3.608940 4.742798 2.480720 0.000000 0.000000 0.000000 -1.000000 1 1.723179594e-05 1.138600055e-04
140 -0.992729 0.299998 0.991562 -3.608940 4.742798 2.480720 0.000000 0.000000 0.000000 -1.000000 1 1.611700282e-05 1.115479972e-04
140 -0.992873 0.299998 0.991728 -3.608940 4.742798 2.480720 0.000000 0.000000 0.000000 -1.000000 1 1.183105633e-05 4.717707634e-05
141 -0.989053 0.299998 0.987931 -3.562504 4.877405 2.428361 0.000000 0.000000 0.000000 -1.000000 1 1.148809679e-05 4.565389827e-05
141 -0.989269 0.299998 0.988170 -3.562504 4.877405 2.428361 0.000000 0.000000 0.000000 -1.000000 1 1.112301834e-05 4.509184510e-05
141 -0.989481 0.299998 0.988403 -3.562504 4.877405 2.428361 0.000000 0.000000 0.000000 -1.000000 1 1.929211430e-05 6.659282371e-05
141 -0.989689 0.299998 0.988632 -3.562504 4.877405 2.428361 0.000000 0.000000 0.000000 -1.000000 1 1.127691939e-05 4.564295523e-05
141 -0.989892 0.299998 0.988857 -3.562504 4.877405 2.428361 0.000000 0.000000 0.000000 -1.000000 1 1.210602932e-05 4.854588769e-05
141 -0.990092 0.299998 0.989077 -3.562504 4.877405 2.428361 0.000000 0.000000 0.000000 -1.000000 1 1.468486153e-05 4.955194890e-05
141 -0.990288 0.299998 0.989292 -3.562504 4.877405 2.428361 0.000000 0.000000 0.000000 -1.000000 1 1.113815233e-05 4.592188634e-05
141 -0.990479 0.299998 0.989504 -3.562504 4.877405 2.428361 0.000000 0.000000 0.000000 -1.000000 1 2.016313374e-05 6.909295917e-05
141 -0.990667 0.299998 0.989711 -3.562504 4.877405 2.428361 0.000000 0.000000 0.000000 -1.000000 1 1.343502663e-05 4.705996253e-05
141 -0.990852 0.299998 0.989914 -3.562504 4.877405 2.428361 0.000000 0.000000 0.000000 -1.000000 1 1.162220724e-05 4.592398182e-05
141 -0.991032 0.299998 0.990113 -3.562504 4.877405 2.428361 0.000000 0.000000 0.000000 -1.000000 1 1.138914376e-05 4.621502012e-05
141 -0.991209 0.299998 0.990308 -3.562504 4.877405 2.428361 0.000000 0.000000 0.000000 -1.000000 1 1.148297451e-05 4.554400221e-05
141 -0.991383 0.299998 0.990500 -3.562504 4.877405 2.428361 0.000000 0.000000 0.000000 -1.000000 1 1.133000478e-05 4.662317224e-05
141 -0.991553 0.299998 0.990687 -3.562504 4.877405 2.428361 0.000000 0.000000 0.000000 -1.000000 1 1.126807183e-05 4.651397467e-05
141 -0.991720 0.299998 0.990871 -3.562504 4.877405 2.428361 0.000000 0.000000 0.000000 -1.000000 1 1.176190563e-05 4.563108087e-05
141 -0.991883 0.299998 0.991051 -3.562504 4.877405 2.428361 0.000000 0.000000 0.000000 -1.000000 1 1.134793274e-05 4.517193884e-05
141 -0.992043 0.299998 0.991228 -3.562504 4.877405 2.428361 0.000000 0.000000 0.000000 -1.000000 1 1.157796942e-05 4.605017602e-05
141 -0.992200 0.299998 0.991401 -3.562504 4.877405 2.428361 0.000000 0.000000 0.000000 -1.000000 1 1.128413714e-05 4.581501707e-05
141 -0.992354 0.299998 0.991571 -3.562504 4.877405 2.428361 0.000000 0.000000 0.000000 -1.000000 1 1.132511534e-05 4.563294351e-05
141 -0.992505 0.299998 0.991737 -3.562504 4.877405 2.428361 0.000000 0.000000 0.000000 -1.000000 1 1.306692138e-05 5.611404777e-05
142 -0.988693 0.299998 0.987940 -3.511839 5.010465 2.379229 0.000000 0.000000 0.000000 -1.000000 1 1.157098450e-05 4.569394514e-05
142 -0.988916 0.299998 0.988178 -3.511839 5.010465 2.379229 0.000000 0.000000 0.000000 -1.000000 1 1.143710688e-05 4.561408423e-05
142 -0.989135 0.299998 0.988412 -3.511839 5.010465 2.379229 0.000000 0.000000 0.000000 -1.000000 1 1.055607572e-05 4.341593012e-05
142 -0.989350 0.299998 0.988640 -3.511839 5.010465 2.379229 0.000000 0.000000 0.000000 -1.000000 1 1.134187914e-05 4.510604776e-05
142 -0.989560 0.299998 0.988865 -3.511839 5.010465 2.379229 0.000000 0.000000 0.000000 -1.000000 1 1.969304867e-05 6.972695701e-05
142 -0.989766 0.299998 0.989084 -3.511839 5.010465 2.379229 0.000000 0.000000 0.000000 -1.000000 1 1.144083217e-05 4.541897215e-05
142 -0.989968 0.299998 0.989300 -3.511839 5.010465 2.379229 0.000000 0.000000 0.000000 -1.000000 1 1.152907498e-05 4.552584141e-05
142 -0.990166 0.299998 0.989511 -3.511839 5.010465 2.379229 0.000000 0.000000 0.000000 -1.000000 1 1.130811870e-05 4.574703053e-05
142 -0.990360 0.299998 0.989718 -3.511839 5.010465 2.379229 0.000000 0.000000 0.000000 -1.000000 1 1.130183227e-05 4.553305916e-05
142 -0.990551 0.299998 0.989921 -3.511839 5.010465 2.379229 0.000000 0.000000 0.000000 -1.000000 1 1.062010415e-05 4.341895692e-05
142 -0.990737 0.299999 0.990120 -3.511839 5.010465 2.379229 0.000000 0.000000 0.000000 -1.000000 1 1.059821807e-05 4.409509711e-05
142 -0.990920 0.299999 0.990315 -3.511839 5.010465 2.379229 0.000000 0.000000 0.000000 -1.000000 1 1.101405360e-05 4.361593165e-05
142 -0.991099 0.299999 0.990506 -3.511839 5.010465 2.379229 0.000000 0.000000 0.000000 -1.000000 1 1.132511534e-05 4.551280290e-05
142 -0.991275 0.299999 0.990694 -3.511839 5.010465 2.379229 0.000000 0.000000 0.000000 -1.000000 1 1.130695455e-05 4.574912600e-05
142 -0.991447 0.299999 0.990878 -3.511839 5.010465 2.379229 0.000000 0.000000 0.000000 -1.000000 1 1.050392166e-05 4.398101009e-05
142 -0.991616 0.299999 0.991058 -3.511839 5.010465 2.379229 0.000000 0.000000 0.000000 -1.000000 1 1.600803807e-05 1.097999047e-04
142 -0.991782 0.299999 0.991234 -3.511839 5.010465 2.379229 0.000000 0.000000 0.000000 -1.000000 1 1.284503378e-05 5.055288784e-05
142 -0.991944 0.299999 0.991407 -3.511839 5.010465 2.379229 0.000000 0.000000 0.000000 -1.000000 1 1.114094630e-05 4.564202391e-05
142 -0.992103 0.299999 0.991577 -3.511839 5.010465 2.379229 0.000000 0.000000 0.000000 -1.000000 1 1.132604666e-05 4.538078792e-05
142 -0.992259 0.299999 0.991743 -3.511839 5.010465 2.379229 0.000000 0.000000 0.000000 -1.000000 1 1.125899144e-05 4.568090662e-05
143 -0.988451 0.299999 0.987946 -3.459515 5.140451 2.334150 0.000000 0.000000 0.000000 -1.000000 1 1.139007509e-05 4.614004865e-05
143 -0.988679 0.299999 0.988184 -3.459515 5.140451 2.334150 0.000000 0.000000 0.000000 -1.000000 1 1.203501597e-05 4.559801891e-05
143 -0.988903 0.299999 0.988417 -3.459515 5.140451 2.334150 0.000000 0.000000 0.000000 -1.000000 1 1.068017446e-05 4.283781163e-05
143 -0.989122 0.299999 0.988646 -3.459515 5.140451 2.334150 0.000000 0.000000 0.000000 -1.000000 1 1.173187047e-05 4.565110430e-05
143 -0.989337 0.299999 0.988870 -3.459515 5.140451 2.334150 0.000000 0.000000 0.000000 -1.000000 1 1.130718738e-05 4.572398029e-05
143 -0.989547 0.299999 0.989090 -3.459515 5.140451 2.334150 0.000000 0.000000 0.000000 -1.000000 1 2.813991159e-06 1.134420745e-05
143 -0.989754 0.299999 0.989305 -3.459515 5.140451 2.334150 0.000000 0.000000 0.000000 -1.000000 1 2.756947652e-06 1.110695302e-05
143 -0.989956 0.299999 0.989516 -3.459515 5.140451 2.334150 0.000000 0.000000 0.000000 -1.000000 1 2.774875611e-06 1.119589433e-05
143 -0.990154 0.299999 0.989723 -3.459515 5.140451 2.334150 0.000000 0.000000 0.000000 -1.000000 1 1.128087752e-05 4.592398182e-05
143 -0.990348 0.299999 0.989926 -3.459515 5.140451 2.334150 0.000000 0.000000 0.000000 -1.000000 1 1.136097126e-05 4.687299952e-05
143 -0.990539 0.299999 0.990125 -3.459515 5.140451 2.334150 0.000000 0.000000 0.000000 -1.000000 1 1.135305502e-05 4.532607272e-05
143 -0.990726 0.299999 0.990320 -3.459515 5.140451 2.334150 0.000000 0.000000 0.000000 -1.000000 1 1.052697189e-05 4.233792424e-05
143 -0.990909 0.299999 0.990511 -3.459515 5.140451 2.334150 0.000000 0.000000 0.000000 -1.000000 1 1.037702896e-05 4.254514351e-05
143 -0.991088 0.299999 0.990698 -3.459515 5.140451 2.334150 0.000000 0.000000 0.000000 -1.000000 1 1.266994514e-05 4.791817628e-05
143 -0.991264 0.299999 0.990882 -3.459515 5.140451 2.334150 0.000000 0.000000 0.000000 -1.000000 1 1.035304740e-05 4.196702503e-05
143 -0.991437 0.299999 0.991062 -3.459515 5.140451 2.334150 0.000000 0.000000 0.000000 -1.000000 1 1.136981882e-05 4.566903226e-05
143 -0.991606 0.299999 0.991239 -3.459515 5.140451 2.334150 0.000000 0.000000 0.000000 -1.000000 1 1.156190410e-05 4.736008123e-05
143 -0.991772 0.299999 0.991411 -3.459515 5.140451 2.334150 0.000000 0.000000 0.000000 -1.000000 1 1.142406836e-05 4.798290320e-05
143 -0.991934 0.299999 0.991581 -3.459515 5.140451 2.334150 0.000000 0.000000 0.000000 -1.000000 1 2.360506915e-05 1.325139310e-04
143 -0.992093 0.299999 0.991747 -3.459515 5.140451 2.334150 0.000000 0.000000 0.000000 -1.000000 1 1.699896529e-05 1.140870154e-04
144 -0.988289 0.299999 0.987950 -3.403452 5.269093 2.292110 0.000000 0.000000 0.000000 -1.000000 1 1.681293361e-05 1.136090141e-04
144 -0.988520 0.299999 0.988188 -3.403452 5.269093 2.292110 0.000000 0.000000 0.000000 -1.000000 1 1.047411934e-05 4.189298488e-05
144 -0.988747 0.299999 0.988421 -3.403452 5.269093 2.292110 0.000000 0.000000 0.000000 -1.000000 1 1.079612412e-05 4.366296344e-05
144 -0.988969 0.299999 0.988650 -3.403452 5.269093 2.292110 0.000000 0.000000 0.000000 -1.000000 1 1.064990647e-05 4.306877963e-05
144 -0.989187 0.299999 0.988874 -3.403452 5.269093 2.292110 0.000000 0.000000 0.000000 -1.000000 1 1.057889313e-05 4.326598719e-05
144 -0.989400 0.299999 0.989093 -3.403452 5.269093 2.292110 0.000000 0.000000 0.000000 -1.000000 1 1.191487536e-05 4.787091166e-05
144 -0.989610 0.299999 0.989309 -3.403452 5.269093 2.292110 0.000000 0.000000 0.000000 -1.000000 1 1.047295518e-05 4.267087206e-05
144 -0.989815 0.299999 0.989520 -3.403452 5.269093 2.292110 0.000000 0.000000 0.000000 -1.000000 1 1.125782728e-05 4.546903074e-05
144 -0.990016 0.299999 0.989727 -3.403452 5.269093 2.292110 0.000000 0.000000 0.000000 -1.000000 1 9.841984138e-06 4.759896547e-05
144 -0.990213 0.299999 0.989929 -3.403452 5.269093 2.292110 0.000000 0.000000 0.000000 -1.000000 1 1.179310493e-05 4.568696022e-05
144 -0.990406 0.299999 0.990128 -3.403452 5.269093 2.292110 0.000000 0.000000 0.000000 -1.000000 1 1.336587593e-05 5.082716234e-05
144 -0.990596 0.299999 0.990323 -3.403452 5.269093 2.292110 0.000000 0.000000 0.000000 -1.000000 1 1.146900468e-05 4.540104419e-05
144 -0.990781 0.299999 0.990514 -3.403452 5.269093 2.292110 0.000000 0.000000 0.000000 -1.000000 1 1.155794598e-05 4.623085260e-05
144 -0.990963 0.299999 0.990701 -3.403452 5.269093 2.292110 0.000000 0.000000 0.000000 -1.000000 1 1.131999306e-05 4.607392475e-05
144 -0.991142 0.299999 0.990885 -3.403452 5.269093 2.292110 0.000000 0.000000 0.000000 -1.000000 1 1.130392775e-05 4.575401545e-05
144 -0.991316 0.299999 0.991065 -3.403452 5.269093 2.292110 0.000000 0.000000 0.000000 -1.000000 1 1.945719123e-05 6.725802086e-05
144 -0.991488 0.299999 0.991241 -3.403452 5.269093 2.292110 0.000000 0.000000 0.000000 -1.000000 1 1.138681546e-05 4.568300210e-05
144 -0.991656 0.299999 0.991414 -3.403452 5.269093 2.292110 0.000000 0.000000 0.000000 -1.000000 1 1.161498949e-05 4.723807797e-05
144 -0.991821 0.299999 0.991584 -3.403452 5.269093 2.292110 0.000000 0.000000 0.000000 -1.000000 1 1.080008224e-05 4.275096580e-05
144 -0.991982 0.299999 0.991750 -3.403452 5.269093 2.292110 0.000000 0.000000 0.000000 -1.000000 1 1.132301986e-05 4.818895832e-05
145 -0.988172 0.299999 0.987945 -3.346070 5.395521 2.254034 0.000000 0.000000 0.000000 -1.000000 1 1.193000935e-05 4.717591219e-05
145 -0.988406 0.299999 0.988183 -3.346070 5.395521 2.254034 0.000000 0.000000 0.000000 -1.000000 1 1.063616946e-05 4.311418161e-05
145 -0.988635 0.299999 0.988416 -3.346070 5.395521 2.254034 0.000000 0.000000 0.000000 -1.000000 1 2.370704897e-05 5.825795233e-05
145 -0.988859 0.299999 0.988645 -3.346070 5.395521 2.254034 0.000000 0.000000 0.000000 -1.000000 1 1.069298014e-05 4.378007725e-05
145 -0.989079 0.299999 0.988869 -3.346070 5.395521 2.254034 0.000000 0.000000 0.000000 -1.000000 1 1.148483716e-05 4.717893898e-05
145 -0.989295 0.299999 0.989089 -3.346070 5.395521 2.254034 0.000000 0.000000 0.000000 -1.000000 1 1.115701161e-05 4.488602281e-05
145 -0.989506 0.299999 0.989304 -3.346070 5.395521 2.254034 0.000000 0.000000 0.000000 -1.000000 1 1.139403321e-05 4.530791193e-05
145 -0.989713 0.299999 0.989515 -3.346070 5.395521 2.254034 0.000000 0.000000 0.000000 -1.000000 1 1.272396185e-05 4.904298112e-05
145 -0.989916 0.299999 0.989722 -3.346070 5.395521 2.254034 0.000000 0.000000 0.000000 -1.000000 1 1.124618575e-05 4.757405259e-05
145 -0.990115 0.299999 0.989925 -3.346070 5.395521 2.254034 0.000000 0.000000 0.000000 -1.000000 1 1.167505980e-05 4.570698366e-05
145 -0.990310 0.299999 0.990124 -3.346070 5.395521 2.254034 0.000000 0.000000 0.000000 -1.000000 1 1.123314723e-05 4.552514292e-05
145 -0.990502 0.299999 0.990319 -3.346070 5.395521 2.254034 0.000000 0.000000 0.000000 -1.000000 1 1.145713031e-05 4.581501707e-05
145 -0.990689 0.299999 0.990510 -3.346070 5.395521 2.254034 0.000000 0.000000 0.000000 -1.000000 1 1.965695992e-05 6.894092076e-05
145 -0.990873 0.299999 0.990697 -3.346070 5.395521 2.254034 0.000000 0.000000 0.000000 -1.000000 1 1.130299643e-05 4.564202391e-05
145 -0.991053 0.299999 0.990881 -3.346070 5.395521 2.254034 0.000000 0.000000 0.000000 -1.000000 1 1.134001650e-05 4.783109762e-05
145 -0.991230 0.299999 0.991061 -3.346070 5.395521 2.254034 0.000000 0.000000 0.000000 -1.000000 1 1.055607572e-05 4.276493564e-05
145 -0.991403 0.299999 0.991238 -3.346070 5.395521 2.254034 0.000000 0.000000 0.000000 -1.000000 1 1.143803820e-05 4.701805301e-05
145 -0.991573 0.299999 0.991411 -3.346070 5.395521 2.254034 0.000000 0.000000 0.000000 -1.000000 1 1.054583117e-05 4.362291656e-05
145 -0.991739 0.299999 0.991580 -3.346070 5.395521 2.254034 0.000000 0.000000 0.000000 -1.000000 1 1.139100641e-05 4.668510519e-05
145 -0.991902 0.299999 0.991746 -3.346070 5.395521 2.254034 0.000000 0.000000 0.000000 -1.000000 1 1.181405969e-05 5.207699724e-05
146 -0.988086 0.299999 0.987933 -3.285398 5.520797 2.218868 0.000000 0.000000 0.000000 -1.000000 1 2.168398350e-05 5.602999590e-05
146 -0.988321 0.299999 0.988171 -3.285398 5.520797 2.218868 0.000000 0.000000 0.000000 -1.000000 1 4.163943231e-06 1.676217653e-05
146 -0.988552 0.299999 0.988405 -3.285398 5.520797 2.218868 0.000000 0.000000 0.000000 -1.000000 1 3.864988685e-06 1.535983756e-05
146 -0.988778 0.299999 0.988634 -3.285398 5.520797 2.218868 0.000000 0.000000 0.000000 -1.000000 1 2.792105079e-06 1.109996811e-05
146 -0.988999 0.299999 0.988858 -3.285398 5.520797 2.218868 0.000000 0.000000 0.000000 -1.000000 1 1.158611849e-05 4.609697498e-05
146 -0.989216 0.299999 0.989078 -3.285398 5.520797 2.218868 0.000000 0.000000 0.000000 -1.000000 1 1.152814366e-05 4.709581845e-05
146 -0.989429 0.299999 0.989294 -3.285398 5.520797 2.218868 0.000000 0.000000 0.000000 -1.000000 1 1.182407141e-05 5.618482828e-05
146 -0.989638 0.299999 0.989505 -3.285398 5.520797 2.218868 0.000000 0.000000 0.000000 -1.000000 1 1.135817729e-05 4.593189806e-05
146 -0.989843 0.299999 0.989712 -3.285398 5.520797 2.218868 0.000000 0.000000 0.000000 -1.000000 1 1.144898124e-05 4.674401134e-05
146 -0.990043 0.299999 0.989915 -3.285398 5.520797 2.218868 0.000000 0.000000 0.000000 -1.000000 1 1.977500506e-05 6.923801266e-05
146 -0.990240 0.299999 0.990115 -3.285398 5.520797 2.218868 0.000000 0.000000 0.000000 -1.000000 1 1.123710535e-05 4.523503594e-05
146 -0.990432 0.299999 0.990310 -3.285398 5.520797 2.218868 0.000000 0.000000 0.000000 -1.000000 1 1.168204471e-05 4.604412243e-05
146 -0.990621 0.299999 0.990501 -3.285398 5.520797 2.218868 0.000000 0.000000 0.000000 -1.000000 1 1.130905002e-05 4.640500993e-05
146 -0.990806 0.299999 0.990689 -3.285398 5.520797 2.218868 0.000000 0.000000 0.000000 -1.000000 1 1.157890074e-05 4.647811875e-05
146 -0.990988 0.299999 0.990872 -3.285398 5.520797 2.218868 0.000000 0.000000 0.000000 -1.000000 1 1.127296127e-05 4.645506851e-05
146 -0.991166 0.299999 0.991053 -3.285398 5.520797 2.218868 0.000000 0.000000 0.000000 -1.000000 1 1.124595292e-05 4.641106352e-05
146 -0.991340 0.299999 0.991229 -3.285398 5.520797 2.218868 0.000000 0.000000 0.000000 -1.000000 1 1.193000935e-05 4.652002826e-05
146 -0.991511 0.299999 0.991402 -3.285398 5.520797 2.218868 0.000000 0.000000 0.000000 -1.000000 1 1.132697798e-05 4.589301534e-05
146 -0.991679 0.299999 0.991572 -3.285398 5.520797 2.218868 0.000000 0.000000 0.000000 -1.000000 1 1.677009277e-05 1.178861130e-04
146 -0.991843 0.299999 0.991739 -3.285398 5.520797 2.218868 0.000000 0.000000 0.000000 -1.000000 1 1.686601900e-05 1.127100550e-04
147 -0.988020 0.299999 0.987918 -3.224202 5.643515 2.187472 0.000000 0.000000 0.000000 -1.000000 1 4.358100705e-05 1.394080464e-04
147 -0.988257 0.299999 0.988156 -3.224202 5.643515 2.187472 0.000000 0.000000 0.000000 -1.000000 1 1.402897760e-05 5.310517736e-05
147 -0.988488 0.299999 0.988390 -3.224202 5.643515 2.187472 0.000000 0.000000 0.000000 -1.000000 1 1.166597940e-05 4.601688124e-05
147 -0.988716 0.299999 0.988619 -3.224202 5.643515 2.187472 0.000000 0.000000 0.000000 -1.000000 1 1.156004146e-05 4.588183947e-05
147 -0.988939 0.299999 0.988844 -3.224202 5.643515 2.187472 0.000000 0.000000 0.000000 -1.000000 1 1.052301377e-05 4.326901399e-05
147 -0.989157 0.299999 0.989064 -3.224202 5.643515 2.187472 0.000000 0.000000 0.000000 -1.000000 1 1.159799285e-05 4.660896957e-05
147 -0.989371 0.299999 0.989280 -3.224202 5.643515 2.187472 0.000000 0.000000 0.000000 -1.000000 1 1.970306039e-05 6.812787615e-05
147 -0.989581 0.299999 0.989492 -3.224202 5.643515 2.187472 0.000000 0.000000 0.000000 -1.000000 1 1.153186895e-05 4.589278251e-05
147 -0.989786 0.299999 0.989699 -3.224202 5.643515 2.187472 0.000000 0.000000 0.000000 -1.000000 1 1.173815690e-05 4.650093615e-05
147 -0.989988 0.299999 0.989902 -3.224202 5.643515 2.187472 0.000000 0.000000 0.000000 -1.000000 1 1.064292155e-05 4.316098057e-05
147 -0.990186 0.299999 0.990102 -3.224202 5.643515 2.187472 0.000000 0.000000 0.000000 -1.000000 1 1.140707172e-05 4.593795165e-05
147 -0.990380 0.299999 0.990297 -3.224202 5.643515 2.187472 0.000000 0.000000 0.000000 -1.000000 1 1.137400977e-05 4.564784467e-05
147 -0.990569 0.299999 0.990489 -3.224202 5.643515 2.187472 0.000000 0.000000 0.000000 -1.000000 1 1.134187914e-05 4.575005732e-05
147 -0.990756 0.299999 0.990677 -3.224202 5.643515 2.187472 0.000000 0.000000 0.000000 -1.000000 1 1.181592233e-05 4.688510671e-05
147 -0.990938 0.299999 0.990861 -3.224202 5.643515 2.187472 0.000000 0.000000 0.000000 -1.000000 1 1.133186743e-05 4.519289359e-05
147 -0.991117 0.299999 0.991041 -3.224202 5.643515 2.187472 0.000000 0.000000 0.000000 -1.000000 1 1.164316200e-05 4.564994015e-05
147 -0.991292 0.299999 0.991218 -3.224202 5.643515 2.187472 0.000000 0.000000 0.000000 -1.000000 1 1.114606857e-05 4.500104114e-05
147 -0.991464 0.299999 0.991391 -3.224202 5.643515 2.187472 0.000000 0.000000 0.000000 -1.000000 1 1.155701466e-05 4.568905570e-05
147 -0.991633 0.299999 0.991561 -3.224202 5.643515 2.187472 0.000000 0.000000 0.000000 -1.000000 1 1.886393875e-05 1.185361762e-04
147 -0.991798 0.299999 0.991728 -3.224202 5.643515 2.187472 0.000000 0.000000 0.000000 -1.000000 1 1.698615961e-05 1.135892235e-04
147 -0.991960 0.299999 0.991891 -3.224202 5.643515 2.187472 0.000000 0.000000 0.000000 -1.000000 1 1.723296009e-05 1.141389366e-04
148 -0.988206 0.299999 0.988138 -3.160084 5.765343 2.158850 0.000000 0.000000 0.000000 -1.000000 1 1.619779505e-05 1.119989902e-04
148 -0.988438 0.299999 0.988372 -3.160084 5.765343 2.158850 0.000000 0.000000 0.000000 -1.000000 1 1.128506847e-05 5.528121255e-05
148 -0.988667 0.299999 0.988602 -3.160084 5.765343 2.158850 0.000000 0.000000 0.000000 -1.000000 1 2.013286576e-05 6.914208643e-05
148 -0.988890 0.299999 0.988827 -3.160084 5.765343 2.158850 0.000000 0.000000 0.000000 -1.000000 1 1.135398634e-05 4.521198571e-05
148 -0.989110 0.299999 0.989047 -3.160084 5.765343 2.158850 0.000000 0.000000 0.000000 -1.000000 1 1.154607162e-05 4.606507719e-05
148 -0.989325 0.299999 0.989264 -3.160084 5.765343 2.158850 0.000000 0.000000 0.000000 -1.000000 1 1.133303158e-05 4.710908979e-05
148 -0.989535 0.299999 0.989476 -3.160084 5.765343 2.158850 0.000000 0.000000 0.000000 -1.000000 1 1.128599979e-05 5.157082342e-05
148 -0.989742 0.299999 0.989683 -3.160084 5.765343 2.158850 0.000000 0.000000 0.000000 -1.000000 1 1.137191430e-05 4.660803825e-05
148 -0.989945 0.299999 0.989887 -3.160084 5.765343 2.158850 0.000000 0.000000 0.000000 -1.000000 1 1.152604818e-05 4.647579044e-05
148 -0.990143 0.299999 0.990087 -3.160084 5.765343 2.158850 0.000000 0.000000 0.000000 -1.000000 1 1.160590909e-05 4.626996815e-05
148 -0.990338 0.299999 0.990282 -3.160084 5.765343 2.158850 0.000000 0.000000 0.000000 -1.000000 1 1.116306521e-05 4.516891204e-05
148 -0.990528 0.299999 0.990474 -3.160084 5.765343 2.158850 0.000000 0.000000 0.000000 -1.000000 1 1.136888750e-05 4.534213804e-05
148 -0.990715 0.299999 0.990662 -3.160084 5.765343 2.158850 0.000000 0.000000 0.000000 -1.000000 1 1.129787415e-05 4.684692249e-05
148 -0.990899 0.299999 0.990847 -3.160084 5.765343 2.158850 0.000000 0.000000 0.000000 -1.000000 1 1.176190563e-05 4.637287930e-05
148 -0.991078 0.299999 0.991027 -3.160084 5.765343 2.158850 0.000000 0.000000 0.000000 -1.000000 1 1.258309931e-05 4.792818800e-05
148 -0.991255 0.299999 0.991204 -3.160084 5.765343 2.158850 0.000000 0.000000 0.000000 -1.000000 1 1.103314571e-05 4.620500840e-05
148 -0.991427 0.299999 0.991378 -3.160084 5.765343 2.158850 0.000000 0.000000 0.000000 -1.000000 1 5.077291280e-05 1.469799317e-04
148 -0.991596 0.299999 0.991548 -3.160084 5.765343 2.158850 0.000000 0.000000 0.000000 -1.000000 1 1.656706445e-05 1.134451013e-04
148 -0.991762 0.299999 0.991715 -3.160084 5.765343 2.158850 0.000000 0.000000 0.000000 -1.000000 1 5.214009434e-06 3.522587940e-05
148 -0.991925 0.299999 0.991879 -3.160084 5.765343 2.158850 0.000000 0.000000 0.000000 -1.000000 1 1.489999704e-05 5.496502854e-05
149 -0.988163 0.300000 0.988118 -3.095909 5.884935 2.133880 0.000000 0.000000 0.000000 -1.000000 1 1.133396290e-05 4.580314271e-05
149 -0.988397 0.300000 0.988353 -3.095909 5.884935 2.133880 0.000000 0.000000 0.000000 -1.000000 1 1.140590757e-05 4.677101970e-05
149 -0.988626 0.300000 0.988583 -3.095909 5.884935 2.133880 0.000000 0.000000 0.000000 -1.000000 1 1.135701314e-05 4.703202285e-05
149 -0.988851 0.300000 0.988808 -3.095909 5.884935 2.133880 0.000000 0.000000 0.000000 -1.000000 1 1.150392927e-05 4.516402259e-05
149 -0.989071 0.300000 0.989029 -3.095909 5.884935 2.133880 0.000000 0.000000 0.000000 -1.000000 1 1.132395118e-05 4.691793583e-05
149 -0.989287 0.300000 0.989246 -3.095909 5.884935 2.133880 0.000000 0.000000 0.000000 -1.000000 1 1.112581231e-05 4.695402458e-05
149 -0.989498 0.300000 0.989458 -3.095909 5.884935 2.133880 0.000000 0.000000 0.000000 -1.000000 1 1.113116741e-05 4.666601308e-05
149 -0.989705 0.300000 0.989666 -3.095909 5.884935 2.133880 0.000000 0.000000 0.000000 -1.000000 1 1.117796637e-05 4.477892071e-05
149 -0.989909 0.300000 0.989870 -3.095909 5.884935 2.133880 0.000000 0.000000 0.000000 -1.000000 1 1.140683889e-05 4.562106915e-05
149 -0.990108 0.300000 0.990070 -3.095909 5.884935 2.133880 0.000000 0.000000 0.000000 -1.000000 1 1.122988760e-05 4.684203304e-05
149 -0.990303 0.300000 0.990266 -3.095909 5.884935 2.133880 0.000000 0.000000 0.000000 -1.000000 1 1.127179712e-05 5.009095185e-05
149 -0.990495 0.300000 0.990458 -3.095909 5.884935 2.133880 0.000000 0.000000 0.000000 -1.000000 1 1.306296326e-05 5.037500523e-05
149 -0.990682 0.300000 0.990647 -3.095909 5.884935 2.133880 0.000000 0.000000 0.000000 -1.000000 1 1.119193621e-05 4.647998139e-05
149 -0.990866 0.300000 0.990831 -3.095909 5.884935 2.133880 0.000000 0.000000 0.000000 -1.000000 1 1.139985397e-05 4.551908933e-05
149 -0.991047 0.300000 0.991012 -3.095909 5.884935 2.133880 0.000000 0.000000 0.000000 -1.000000 1 1.134909689e-05 4.495098256e-05
149 -0.991223 0.300000 0.991190 -3.095909 5.884935 2.133880 0.000000 0.000000 0.000000 -1.000000 1 1.134397462e-05 4.508299753e-05
149 -0.991397 0.300000 0.991364 -3.095909 5.884935 2.133880 0.000000 0.000000 0.000000 -1.000000 1 1.688906923e-05 6.066006608e-05
149 -0.991566 0.300000 0.991534 -3.095909 5.884935 2.133880 0.000000 0.000000 0.000000 -1.000000 1 1.142197289e-05 5.131890066e-05
149 -0.991733 0.300000 0.991701 -3.095909 5.884935 2.133880 0.000000 0.000000 0.000000 -1.000000 1 1.126388088e-05 4.520313814e-05
149 -0.991896 0.300000 0.991865 -3.095909 5.884935 2.133880 0.000000 0.000000 0.000000 -1.000000 1 1.120590605e-05 4.517892376e-05
150 -0.988135 0.300000 0.988105 -3.029472 6.003322 2.111521 0.000000 0.000000 0.000000 -1.000000 1 1.130485907e-05 4.594516940e-05
150 -0.988369 0.300000 0.988340 -3.029472 6.003322 2.111521 0.000000 0.000000 0.000000 -1.000000 1 1.114909537e-05 4.503806122e-05
150 -0.988599 0.300000 0.988570 -3.029472 6.003322 2.111521 0.000000 0.000000 0.000000 -1.000000 1 1.131696627e-05 4.592188634e-05
150 -0.988824 0.300000 0.988795 -3.029472 6.003322 2.111521 0.000000 0.000000 0.000000 -1.000000 1 1.214793883e-05 4.798616283e-05
150 -0.989045 0.300000 0.989017 -3.029472 6.003322 2.111521 0.000000 0.000000 0.000000 -1.000000 1 1.124106348e-05 4.550116137e-05
150 -0.989261 0.300000 0.989233 -3.029472 6.003322 2.111521 0.000000 0.000000 0.000000 -1.000000 1 1.114094630e-05 4.545412958e-05
150 -0.989473 0.300000 0.989446 -3.029472 6.003322 2.111521 0.000000 0.000000 0.000000 -1.000000 1 1.137005165e-05 4.675192758e-05
150 -0.989681 0.300000 0.989654 -3.029472 6.003322 2.111521 0.000000 0.000000 0.000000 -1.000000 1 1.127016731e-05 4.535890184e-05
150 -0.989885 0.300000 0.989859 -3.029472 6.003322 2.111521 0.000000 0.000000 0.000000 -1.000000 1 1.140194945e-05 4.727416672e-05
150 -0.990084 0.300000 0.990059 -3.029472 6.003322 2.111521 0.000000 0.000000 0.000000 -1.000000 1 1.136702485e-05 4.658102989e-05
150 -0.990280 0.300000 0.990255 -3.029472 6.003322 2.111521 0.000000 0.000000 0.000000 -1.000000 1 1.196493395e-05 4.729488865e-05
150 -0.990472 0.300000 0.990447 -3.029472 6.003322 2.111521 0.000000 0.000000 0.000000 -1.000000 1 1.124991104e-05 4.576495849e-05
150 -0.990660 0.300000 0.990636 -3.029472 6.003322 2.111521 0.000000 0.000000 0.000000 -1.000000 1 1.123407856e-05 4.637707025e-05
150 -0.990844 0.300000 0.990821 -3.029472 6.003322 2.111521 0.000000 0.000000 0.000000 -1.000000 1 2.008606680e-05 6.906990893e-05
150 -0.991025 0.300000 0.991002 -3.029472 6.003322 2.111521 0.000000 0.000000 0.000000 -1.000000 1 1.134607010e-05 4.732888192e-05
150 -0.991202 0.300000 0.991180 -3.029472 6.003322 2.111521 0.000000 0.000000 0.000000 -1.000000 1 1.133303158e-05 4.624901339e-05
150 -0.991376 0.300000 0.991354 -3.029472 6.003322 2.111521 0.000000 0.000000 0.000000 -1.000000 1 1.125503331e-05 4.522502422e-05
150 -0.991546 0.300000 0.991525 -3.029472 6.003322 2.111521 0.000000 0.000000 0.000000 -1.000000 1 1.132418402e-05 4.572886974e-05
150 -0.991713 0.300000 0.991692 -3.029472 6.003322 2.111521 0.000000 0.000000 0.000000 -1.000000 1 1.121498644e-05 4.534306936e-05
150 -0.991877 0.300000 0.991856 -3.029472 6.003322 2.111521 0.000000 0.000000 0.000000 -1.000000 1 1.124199480e-05 4.695705138e-05
151 -0.988116 0.300000 0.988096 -2.963385 6.119829 2.092702 0.000000 0.000000 0.000000 -1.000000 1 1.162500121e-05 4.601897672e-05
151 -0.988351 0.300000 0.988331 -2.963385 6.119829 2.092702 0.000000 0.000000 0.000000 -1.000000 1 1.136306673e-05 4.573189653e-05
151 -0.988581 0.300000 0.988561 -2.963385 6.119829 2.092702 0.000000 0.000000 0.000000 -1.000000 1 1.607206650e-05 1.118569635e-04
151 -0.988806 0.300000 0.988787 -2.963385 6.119829 2.092702 0.000000 0.000000 0.000000 -1.000000 1 1.599686220e-05 1.115810592e-04
151 -0.989027 0.300000 0.989008 -2.963385 6.119829 2.092702 0.000000 0.000000 0.000000 -1.000000 1 1.146807335e-05 4.561198875e-05
151 -0.989244 0.300000 0.989225 -2.963385 6.119829 2.092702 0.000000 0.000000 0.000000 -1.000000 1 1.309602521e-05 4.913914017e-05
151 -0.989456 0.300000 0.989438 -2.963385 6.119829 2.092702 0.000000 0.000000 0.000000 -1.000000 1 1.144083217e-05 4.522386007e-05
151 -0.989664 0.300000 0.989647 -2.963385 6.119829 2.092702 0.000000 0.000000 0.000000 -1.000000 1 1.130206510e-05 4.563597031e-05
151 -0.989868 0.300000 0.989851 -2.963385 6.119829 2.092702 0.000000 0.000000 0.000000 -1.000000 1 1.158914529e-05 4.617800005e-05
151 -0.990068 0.300000 0.990051 -2.963385 6.119829 2.092702 0.000000 0.000000 0.000000 -1.000000 1 1.066992991e-05 4.352000542e-05
151 -0.990264 0.300000 0.990248 -2.963385 6.119829 2.092702 0.000000 0.000000 0.000000 -1.000000 1 1.945393160e-05 6.713997573e-05
151 -0.990457 0.300000 0.990440 -2.963385 6.119829 2.092702 0.000000 0.000000 0.000000 -1.000000 1 1.128204167e-05 4.523620009e-05
151 -0.990645 0.300000 0.990629 -2.963385 6.119829 2.092702 0.000000 0.000000 0.000000 -1.000000 1 7.255002856e-06 2.914597280e-05
151 -0.990830 0.300000 0.990814 -2.963385 6.119829 2.092702 0.000000 0.000000 0.000000 -1.000000 1 6.083864719e-06 2.453988418e-05
151 -0.991011 0.300000 0.990995 -2.963385 6.119829 2.092702 0.000000 0.000000 0.000000 -1.000000 1 2.790940925e-06 1.116888598e-05
151 -0.991188 0.300000 0.991173 -2.963385 6.119829 2.092702 0.000000 0.000000 0.000000 -1.000000 1 2.754852176e-06 1.106807031e-05
151 -0.991362 0.300000 0.991347 -2.963385 6.119829 2.092702 0.000000 0.000000 0.000000 -1.000000 1 1.141987741e-05 4.548905417e-05
151 -0.991533 0.300000 0.991518 -2.963385 6.119829 2.092702 0.000000 0.000000 0.000000 -1.000000 1 1.213909127e-05 7.970700972e-05
151 -0.991700 0.300000 0.991686 -2.963385 6.119829 2.092702 0.000000 0.000000 0.000000 -1.000000 1 8.845934644e-06 5.934014916e-05
151 -0.991864 0.300000 0.991850 -2.963385 6.119829 2.092702 0.000000 0.000000 0.000000 -1.000000 1 5.353940651e-06 3.573880531e-05
152 -0.988096 0.300000 0.988082 -2.894677 6.236575 2.076520 0.000000 0.000000 0.000000 -1.000000 1 5.313893780e-06 3.577186726e-05
152 -0.988331 0.300000 0.988317 -2.894677 6.236575 2.076520 0.000000 0.000000 0.000000 -1.000000 1 5.068024620e-06 2.325419337e-05
152 -0.988561 0.300000 0.988548 -2.894677 6.236575 2.076520 0.000000 0.000000 0.000000 -1.000000 1 1.331605017e-05 5.110516213e-05
152 -0.988787 0.300000 0.988774 -2.894677 6.236575 2.076520 0.000000 0.000000 0.000000 -1.000000 1 1.156283543e-05 4.580989480e-05
152 -0.989008 0.300000 0.988996 -2.894677 6.236575 2.076520 0.000000 0.000000 0.000000 -1.000000 1 1.173885539e-05 4.736403935e-05
152 -0.989225 0.300000 0.989213 -2.894677 6.236575 2.076520 0.000000 0.000000 0.000000 -1.000000 1 1.139799133e-05 4.537799396e-05
152 -0.989438 0.300000 0.989426 -2.894677 6.236575 2.076520 0.000000 0.000000 0.000000 -1.000000 1 1.130579039e-05 4.561198875e-05
152 -0.989646 0.300000 0.989635 -2.894677 6.236575 2.076520 0.000000 0.000000 0.000000 -1.000000 1 1.937290654e-05 6.850110367e-05
152 -0.989851 0.300000 0.989839 -2.894677 6.236575 2.076520 0.000000 0.000000 0.000000 -1.000000 1 1.145200804e-05 4.664319567e-05
152 -0.990051 0.300000 0.990040 -2.894677 6.236575 2.076520 0.000000 0.000000 0.000000 -1.000000 1 1.674005762e-05 5.353707820e-05
152 -0.990248 0.300000 0.990236 -2.894677 6.236575 2.076520 0.000000 0.000000 0.000000 -1.000000 1 1.115910709e-05 4.561385140e-05
152 -0.990440 0.300000 0.990429 -2.894677 6.236575 2.076520 0.000000 0.000000 0.000000 -1.000000 1 1.153699122e-05 4.607206210e-05
152 -0.990629 0.300000 0.990618 -2.894677 6.236575 2.076520 0.000000 0.000000 0.000000 -1.000000 1 1.148693264e-05 4.615494981e-05
152 -0.990814 0.300000 0.990803 -2.894677 6.236575 2.076520 0.000000 0.000000 0.000000 -1.000000 1 1.135817729e-05 4.525505938e-05
152 -0.990995 0.300000 0.990985 -2.894677 6.236575 2.076520 0.000000 0.000000 0.000000 -1.000000 1 1.201499254e-05 4.720687866e-05
152 -0.991173 0.300000 0.991163 -2.894677 6.236575 2.076520 0.000000 0.000000 0.000000 -1.000000 1 1.122406684e-05 4.516704939e-05
152 -0.991347 0.300000 0.991337 -2.894677 6.236575 2.076520 0.000000 0.000000 0.000000 -1.000000 1 1.139403321e-05 4.570698366e-05
152 -0.991518 0.300000 0.991508 -2.894677 6.236575 2.076520 0.000000 0.000000 0.000000 -1.000000 1 1.128902659e-05 5.244486965e-05
152 -0.991686 0.300000 0.991676 -2.894677 6.236575 2.076520 0.000000 0.000000 0.000000 -1.000000 1 1.162313856e-05 5.329214036e-05
152 -0.991850 0.300000 0.991840 -2.894677 6.236575 2.076520 0.000000 0.000000 0.000000 -1.000000 1 1.411000267e-05 5.207303911e-05
153 -0.988074 0.300000 0.988065 -2.826679 6.351776 2.063819 0.000000 0.000000 0.000000 -1.000000 1 1.127389260e-05 4.647695459e-05
153 -0.988309 0.300000 0.988300 -2.826679 6.351776 2.063819 0.000000 0.000000 0.000000 -1.000000 1 1.163803972e-05 4.578917287e-05
153 -0.988540 0.300000 0.988531 -2.826679 6.351776 2.063819 0.000000 0.000000 0.000000 -1.000000 1 1.123384573e-05 4.576100037e-05
153 -0.988766 0.300000 0.988758 -2.826679 6.351776 2.063819 0.000000 0.000000 0.000000 -1.000000 1 1.144316047e-05 4.681199789e-05
153 -0.988988 0.300000 0.988980 -2.826679 6.351776 2.063819 0.000000 0.000000 0.000000 -1.000000 1 1.270812936e-05 4.852912389e-05
153 -0.989206 0.300000 0.989197 -2.826679 6.351776 2.063819 0.000000 0.000000 0.000000 -1.000000 1 1.136003993e-05 4.684808664e-05
153 -0.989419 0.300000 0.989411 -2.826679 6.351776 2.063819 0.000000 0.000000 0.000000 -1.000000 1 1.331488602e-05 4.778918810e-05
153 -0.989628 0.300000 0.989620 -2.826679 6.351776 2.063819 0.000000 0.000000 0.000000 -1.000000 1 1.121079549e-05 4.543084651e-05
153 -0.989832 0.300000 0.989825 -2.826679 6.351776 2.063819 0.000000 0.000000 0.000000 -1.000000 1 1.173606142e-05 4.581990652e-05
153 -0.990033 0.300000 0.990025 -2.826679 6.351776 2.063819 0.000000 0.000000 0.000000 -1.000000 1 1.130416058e-05 4.536006600e-05
153 -0.990230 0.300000 0.990222 -2.826679 6.351776 2.063819 0.000000 0.000000 0.000000 -1.000000 1 1.125107519e-05 4.494911991e-05
153 -0.990423 0.300000 0.990415 -2.826679 6.351776 2.063819 0.000000 0.000000 0.000000 -1.000000 1 1.170416363e-05 4.630908370e-05
153 -0.990612 0.300000 0.990605 -2.826679 6.351776 2.063819 0.000000 0.000000 0.000000 -1.000000 1 1.115398481e-05 4.487205297e-05
153 -0.990797 0.300000 0.990790 -2.826679 6.351776 2.063819 0.000000 0.000000 0.000000 -1.000000 1 1.121498644e-05 4.600803368e-05
153 -0.990979 0.300000 0.990972 -2.826679 6.351776 2.063819 0.000000 0.000000 0.000000 -1.000000 1 1.130998135e-05 4.593702033e-05
153 -0.991157 0.300000 0.991150 -2.826679 6.351776 2.063819 0.000000 0.000000 0.000000 -1.000000 1 1.164595596e-05 4.701106809e-05
153 -0.991332 0.300000 0.991325 -2.826679 6.351776 2.063819 0.000000 0.000000 0.000000 -1.000000 1 1.135887578e-05 4.633981735e-05
153 -0.991503 0.300000 0.991496 -2.826679 6.351776 2.063819 0.000000 0.000000 0.000000 -1.000000 1 1.133582555e-05 4.653399810e-05
153 -0.991670 0.300000 0.991664 -2.826679 6.351776 2.063819 0.000000 0.000000 0.000000 -1.000000 1 1.177098602e-05 4.702410661e-05
153 -0.991835 0.300000 0.991829 -2.826679 6.351776 2.063819 0.000000 0.000000 0.000000 -1.000000 1 1.113489270e-05 4.477193579e-05
154 -0.988060 0.300000 0.990269 -2.756959 6.466359 2.053593 0.000000 0.000000 0.000000 -1.000000 1 1.122406684e-05 4.530907609e-05
154 -0.988295 0.300000 0.990461 -2.756959 6.466359 2.053593 0.000000 0.000000 0.000000 -1.000000 1 1.316796988e-05 4.938803613e-05
154 -0.988526 0.300000 0.990649 -2.756959 6.466359 2.053593 0.000000 0.000000 0.000000 -1.000000 1 1.138588414e-05 4.535890184e-05
154 -0.988753 0.300000 0.990834 -2.756959 6.466359 2.053593 0.000000 0.000000 0.000000 -1.000000 1 6.010057405e-06 2.375501208e-05
154 -0.988975 0.300000 0.991015 -2.756959 6.466359 2.053593 0.000000 0.000000 0.000000 -1.000000 1 5.553010851e-06 2.192589454e-05
154 -0.989193 0.300000 0.991192 -2.756959 6.466359 2.053593 0.000000 0.000000 0.000000 -1.000000 1 1.198099926e-05 8.335686289e-05
154 -0.989406 0.300000 0.991366 -2.756959 6.466359 2.053593 0.000000 0.000000 0.000000 -1.000000 1 1.634494402e-05 1.224409789e-04
154 -0.989615 0.300000 0.991537 -2.756959 6.466359 2.053593 0.000000 0.000000 0.000000 -1.000000 1 9.509967640e-06 6.683985703e-05
154 -0.989820 0.300000 0.991704 -2.756959 6.466359 2.053593 0.000000 0.000000 0.000000 -1.000000 1 1.112115569e-05 1.055561006e-04
154 -0.990021 0.300000 0.991867 -2.756959 6.466359 2.053593 0.000000 0.000000 0.000000 -1.000000 1 7.813097909e-06 5.568005145e-05
154 -0.990218 0.300000 0.992028 -2.756959 6.466359 2.053593 0.000000 0.000000 0.000000 -1.000000 1 5.765818059e-06 2.233288251e-05
154 -0.990411 0.300000 0.992185 -2.756959 6.466359 2.053593 0.000000 0.000000 0.000000 -1.000000 1 6.188871339e-06 2.469099127e-05
154 -0.990601 0.300000 0.992340 -2.756959 6.466359 2.053593 0.000000 0.000000 0.000000 -1.000000 1 1.110299490e-05 4.650210030e-05
154 -0.990786 0.300000 0.992491 -2.756959 6.466359 2.053593 0.000000 0.000000 0.000000 -1.000000 1 1.306110062e-05 5.130097270e-05
154 -0.990968 0.300000 0.992639 -2.756959 6.466359 2.053593 0.000000 0.000000 0.000000 -1.000000 1 1.139310189e-05 4.576495849e-05
154 -0.991146 0.300000 0.992785 -2.756959 6.466359 2.053593 0.000000 0.000000 0.000000 -1.000000 1 1.130392775e-05 7.740897126e-05
154 -0.991321 0.300000 0.992927 -2.756959 6.466359 2.053593 0.000000 0.000000 0.000000 -1.000000 1 4.652887583e-06 1.862295903e-05
154 -0.991492 0.300000 0.993067 -2.756959 6.466359 2.053593 0.000000 0.000000 0.000000 -1.000000 1 2.773944288e-06 1.124083064e-05
154 -0.991660 0.300000 0.993203 -2.756959 6.466359 2.053593 0.000000 0.000000 0.000000 -1.000000 1 5.123903975e-06 1.799897291e-05
154 -0.991825 0.300000 0.993338 -2.756959 6.466359 2.053593 0.000000 0.000000 0.000000 -1.000000 1 2.775108442e-06 1.134700142e-05
155 -0.988050 0.300000 0.993469 -2.688296 6.579757 2.046790 0.000000 0.000000 0.000000 -1.000000 1 8.036149666e-06 3.178487532e-05
155 -0.988286 0.300000 0.993598 -2.688296 6.579757 2.046790 0.000000 0.000000 0.000000 -1.000000 1 7.431954145e-06 3.096600994e-05
155 -0.988517 0.300000 0.993725 -2.688296 6.579757 2.046790 0.000000 0.000000 0.000000 -1.000000 1 6.568850949e-06 2.557504922e-05
155 -0.988744 0.300000 0.993848 -2.688296 6.579757 2.046790 0.000000 0.000000 0.000000 -1.000000 1 6.822869182e-06 2.772593871e-05
155 -0.988966 0.300000 0.993970 -2.688296 6.579757 2.046790 0.000000 0.000000 0.000000 -1.000000 1 8.802860975e-06 3.490992822e-05
155 -0.989184 0.300000 0.994089 -2.688296 6.579757 2.046790 0.000000 0.000000 0.000000 -1.000000 1 4.390953109e-06 1.831003465e-05
155 -0.989397 0.300000 0.994206 -2.688296 6.579757 2.046790 0.000000 0.000000 0.000000 -1.000000 1 4.396075383e-06 1.791701652e-05
155 -0.989607 0.300000 0.994320 -2.688296 6.579757 2.046790 0.000000 0.000000 0.000000 -1.000000 1 7.943948731e-06 3.165006638e-05
155 -0.989812 0.300000 0.994432 -2.688296 6.579757 2.046790 0.000000 0.000000 0.000000 -1.000000 1 6.874091923e-06 2.803094685e-05
155 -0.990013 0.300000 0.994542 -2.688296 6.579757 2.046790 0.000000 0.000000 0.000000 -1.000000 1 2.784887329e-06 1.104385592e-05
155 -0.990210 0.300000 0.994650 -2.688296 6.579757 2.046790 0.000000 0.000000 0.000000 -1.000000 1 3.741821274e-06 1.459289342e-05
155 -0.990403 0.300000 0.994755 -2.688296 6.579757 2.046790 0.000000 0.000000 0.000000 -1.000000 1 3.065913916e-06 1.253886148e-05
155 -0.990593 0.300000 0.994859 -2.688296 6.579757 2.046790 0.000000 0.000000 0.000000 -1.000000 1 7.570954040e-06 3.103818744e-05
155 -0.990779 0.300000 0.994960 -2.688296 6.579757 2.046790 0.000000 0.000000 0.000000 -1.000000 1 8.803093806e-06 3.547500819e-05
155 -0.990961 0.300000 0.995060 -2.688296 6.579757 2.046790 0.000000 0.000000 0.000000 -1.000000 1 1.326412894e-05 9.238207713e-05
155 -0.991139 0.300000 0.995158 -2.688296 6.579757 2.046790 0.000000 0.000000 0.000000 -1.000000 1 1.834821887e-05 1.177219674e-04
155 -0.991314 0.300000 0.995253 -2.688296 6.579757 2.046790 0.000000 0.000000 0.000000 -1.000000 1 1.623202115e-05 1.211119816e-04
155 -0.991486 0.300000 0.995347 -2.688296 6.579757 2.046790 0.000000 0.000000 0.000000 -1.000000 1 1.212209463e-05 4.767486826e-05
155 -0.991654 0.300000 0.995439 -2.688296 6.579757 2.046790 0.000000 0.000000 0.000000 -1.000000 1 1.108786091e-05 4.559103400e-05
155 -0.991818 0.300000 0.995529 -2.688296 6.579757 2.046790 0.000000 0.000000 0.000000 -1.000000 1 1.125806011e-05 4.528090358e-05
156 -0.988035 0.300000 0.995617 -2.617470 6.693954 2.042529 0.000000 0.000000 0.000000 -1.000000 1 1.058797352e-05 4.319706932e-05
156 -0.988272 0.300000 0.995703 -2.617470 6.693954 2.042529 0.000000 0.000000 0.000000 -1.000000 1 9.558862075e-06 6.498000585e-05
156 -0.988503 0.300000 0.995788 -2.617470 6.693954 2.042529 0.000000 0.000000 0.000000 -1.000000 1 8.400995284e-06 3.332318738e-05
156 -0.988730 0.300000 0.995871 -2.617470 6.693954 2.042529 0.000000 0.000000 0.000000 -1.000000 1 7.542083040e-06 2.994900569e-05
156 -0.988953 0.300000 0.995953 -2.617470 6.693954 2.042529 0.000000 0.000000 0.000000 -1.000000 1 2.788845450e-06 1.154397614e-05
156 -0.989171 0.300000 0.996033 -2.617470 6.693954 2.042529 0.000000 0.000000 0.000000 -1.000000 1 2.752989531e-06 1.116492786e-05
156 -0.989384 0.300000 0.996111 -2.617470 6.693954 2.042529 0.000000 0.000000 0.000000 -1.000000 1 4.336936399e-06 1.756707206e-05
156 -0.989594 0.300000 0.996188 -2.617470 6.693954 2.042529 0.000000 0.000000 0.000000 -1.000000 1 1.174304634e-05 4.644389264e-05
156 -0.989799 0.300000 0.996263 -2.617470 6.693954 2.042529 0.000000 0.000000 0.000000 -1.000000 1 1.140707172e-05 4.596798681e-05
156 -0.990001 0.300000 0.996337 -2.617470 6.693954 2.042529 0.000000 0.000000 0.000000 -1.000000 1 1.121312380e-05 4.555913620e-05
156 -0.990198 0.300000 0.996409 -2.617470 6.693954 2.042529 0.000000 0.000000 0.000000 -1.000000 1 1.131696627e-05 4.637287930e-05
156 -0.990392 0.300000 0.996480 -2.617470 6.693954 2.042529 0.000000 0.000000 0.000000 -1.000000 1 1.149903983e-05 4.636705853e-05
156 -0.990581 0.300000 0.996550 -2.617470 6.693954 2.042529 0.000000 0.000000 0.000000 -1.000000 1 1.064105891e-05 4.054396413e-05
156 -0.990767 0.300000 0.996618 -2.617470 6.693954 2.042529 0.000000 0.000000 0.000000 -1.000000 1 7.159076631e-06 2.881209366e-05
156 -0.990950 0.300000 0.996685 -2.617470 6.693954 2.042529 0.000000 0.000000 0.000000 -1.000000 1 2.824934199e-06 1.122592948e-05
156 -0.991128 0.300000 0.996750 -2.617470 6.693954 2.042529 0.000000 0.000000 0.000000 -1.000000 1 2.800021321e-06 1.110811718e-05
156 -0.991304 0.300000 0.996814 -2.617470 6.693954 2.042529 0.000000 0.000000 0.000000 -1.000000 1 6.532995030e-06 2.631195821e-05
156 -0.991475 0.300000 0.996877 -2.617470 6.693954 2.042529 0.000000 0.000000 0.000000 -1.000000 1 7.534166798e-06 2.997508273e-05
156 -0.991644 0.300000 0.996939 -2.617470 6.693954 2.042529 0.000000 0.000000 0.000000 -1.000000 1 1.098797657e-05 4.380312748e-05
156 -0.991808 0.300000 0.996999 -2.617470 6.693954 2.042529 0.000000 0.000000 0.000000 -1.000000 1 1.180404797e-05 4.721619189e-05
157 -0.988018 0.300000 0.997058 -2.548019 6.807316 2.041681 0.000000 0.000000 0.000000 -1.000000 1 1.159403473e-05 4.626601003e-05
157 -0.988254 0.300000 0.997116 -2.548019 6.807316 2.041681 0.000000 0.000000 0.000000 -1.000000 1 1.145107672e-05 4.628300667e-05
157 -0.988486 0.300000 0.997173 -2.548019 6.807316 2.041681 0.000000 0.000000 0.000000 -1.000000 1 1.153186895e-05 4.669209011e-05
157 -0.988713 0.300000 0.997229 -2.548019 6.807316 2.041681 0.000000 0.000000 0.000000 -1.000000 1 2.796994522e-06 1.111114398e-05
157 -0.988936 0.300000 0.997284 -2.548019 6.807316 2.041681 0.000000 0.000000 0.000000 -1.000000 1 1.120590605e-05 4.434003495e-05
157 -0.989155 0.300000 0.997338 -2.548019 6.807316 2.041681 0.000000 0.000000 0.000000 -1.000000 1 7.610069588e-06 3.070197999e-05
157 -0.989369 0.300000 0.997390 -2.548019 6.807316 2.041681 0.000000 0.000000 0.000000 -1.000000 1 1.136399806e-05 4.700082354e-05
157 -0.989579 0.300000 0.997442 -2.548019 6.807316 2.041681 0.000000 0.000000 0.000000 -1.000000 1 2.119597048e-05 5.657202564e-05
157 -0.989784 0.300000 0.997492 -2.548019 6.807316 2.041681 0.000000 0.000000 0.000000 -1.000000 1 1.136399806e-05 4.590302706e-05
157 -0.989986 0.300000 0.997542 -2.548019 6.807316 2.041681 0.000000 0.000000 0.000000 -1.000000 1 3.727804869e-05 8.601089939e-05
157 -0.990184 0.300000 0.997590 -2.548019 6.807316 2.041681 0.000000 0.000000 0.000000 -1.000000 1 1.151720062e-05 4.621478729e-05
157 -0.990378 0.300000 0.997638 -2.548019 6.807316 2.041681 0.000000 0.000000 0.000000 -1.000000 1 1.159799285e-05 4.636496305e-05
157 -0.990568 0.300000 0.997684 -2.548019 6.807316 2.041681 0.000000 0.000000 0.000000 -1.000000 1 1.132790931e-05 4.645809531e-05
157 -0.990754 0.300000 0.997730 -2.548019 6.807316 2.041681 0.000000 0.000000 0.000000 -1.000000 1 1.148693264e-05 4.571909085e-05
157 -0.990936 0.300000 0.997775 -2.548019 6.807316 2.041681 0.000000 0.000000 0.000000 -1.000000 1 1.115910709e-05 4.623085260e-05
157 -0.991115 0.300000 0.997819 -2.548019 6.807316 2.041681 0.000000 0.000000 0.000000 -1.000000 1 1.149810851e-05 4.600896500e-05
157 -0.991291 0.300000 0.997862 -2.548019 6.807316 2.041681 0.000000 0.000000 0.000000 -1.000000 1 1.191301271e-05 5.717296153e-05
157 -0.991463 0.300000 0.997904 -2.548019 6.807316 2.041681 0.000000 0.000000 0.000000 -1.000000 1 1.130602323e-05 4.514097236e-05
157 -0.991631 0.300000 0.997945 -2.548019 6.807316 2.041681 0.000000 0.000000 0.000000 -1.000000 1 1.134490594e-05 4.542199895e-05
157 -0.991796 0.300000 0.997986 -2.548019 6.807316 2.041681 0.000000 0.000000 0.000000 -1.000000 1 1.122197136e-05 4.621292464e-05
158 -0.987998 0.300000 0.998026 -2.476933 6.921213 2.043316 0.000000 0.000000 0.000000 -1.000000 1 1.622294076e-05 1.118360087e-04
158 -0.988235 0.300000 0.998065 -2.476933 6.921213 2.043316 0.000000 0.000000 0.000000 -1.000000 1 1.259986311e-05 4.876893945e-05
158 -0.988467 0.300000 0.998103 -2.476933 6.921213 2.043316 0.000000 0.000000 0.000000 -1.000000 1 1.128599979e-05 4.543503746e-05
158 -0.988695 0.300000 0.998140 -2.476933 6.921213 2.043316 0.000000 0.000000 0.000000 -1.000000 1 1.134397462e-05 4.781992175e-05
158 -0.988918 0.300000 0.998177 -2.476933 6.921213 2.043316 0.000000 0.000000 0.000000 -1.000000 1 1.127412543e-05 4.622805864e-05
158 -0.989137 0.300000 0.998213 -2.476933 6.921213 2.043316 0.000000 0.000000 0.000000 -1.000000 1 1.128506847e-05 4.588905722e-05
158 -0.989351 0.300000 0.998248 -2.476933 6.921213 2.043316 0.000000 0.000000 0.000000 -1.000000 1 1.988210715e-05 7.092603482e-05
158 -0.989562 0.300000 0.998283 -2.476933 6.921213 2.043316 0.000000 0.000000 0.000000 -1.000000 1 1.135491766e-05 4.702201113e-05
158 -0.989768 0.300000 0.998317 -2.476933 6.921213 2.043316 0.000000 0.000000 0.000000 -1.000000 1 1.153605990e-05 4.623504356e-05
158 -0.989970 0.300000 0.998350 -2.476933 6.921213 2.043316 0.000000 0.000000 0.000000 -1.000000 1 1.124897972e-05 4.559685476e-05
158 -0.990168 0.300000 0.998383 -2.476933 6.921213 2.043316 0.000000 0.000000 0.000000 -1.000000 1 1.157610677e-05 4.636798985e-05
158 -0.990362 0.300000 0.998415 -2.476933 6.921213 2.043316 0.000000 0.000000 0.000000 -1.000000 1 1.128809527e-05 4.511489533e-05
158 -0.990552 0.300000 0.998446 -2.476933 6.921213 2.043316 0.000000 0.000000 0.000000 -1.000000 1 1.133396290e-05 4.660012200e-05
158 -0.990739 0.300000 0.998477 -2.476933 6.921213 2.043316 0.000000 0.000000 0.000000 -1.000000 1 1.166993752e-05 4.606484435e-05
158 -0.990922 0.300000 0.998507 -2.476933 6.921213 2.043316 0.000000 0.000000 0.000000 -1.000000 1 1.123012044e-05 4.556402564e-05
158 -0.991101 0.300000 0.998536 -2.476933 6.921213 2.043316 0.000000 0.000000 0.000000 -1.000000 1 1.152791083e-05 5.194800906e-05
158 -0.991276 0.300000 0.998565 -2.476933 6.921213 2.043316 0.000000 0.000000 0.000000 -1.000000 1 1.172791235e-05 4.606298171e-05
158 -0.991449 0.300000 0.998593 -2.476933 6.921213 2.043316 0.000000 0.000000 0.000000 -1.000000 1 1.141219400e-05 4.521990195e-05
158 -0.991617 0.300000 0.998621 -2.476933 6.921213 2.043316 0.000000 0.000000 0.000000 -1.000000 1 1.184712164e-05 4.648091272e-05
158 -0.991783 0.300000 0.998648 -2.476933 6.921213 2.043316 0.000000 0.000000 0.000000 -1.000000 1 1.183501445e-05 5.812803283e-05
159 -0.987985 0.300000 0.998675 -2.407909 7.034057 2.048320 0.000000 0.000000 0.000000 -1.000000 1 1.162011176e-05 4.591094330e-05
159 -0.988222 0.300000 0.998701 -2.407909 7.034057 2.048320 0.000000 0.000000 0.000000 -1.000000 1 1.138588414e-05 4.533794709e-05
159 -0.988455 0.300000 0.998727 -2.407909 7.034057 2.048320 0.000000 0.000000 0.000000 -1.000000 1 1.137191430e-05 4.671793431e-05
159 -0.988683 0.300000 0.998752 -2.407909 7.034057 2.048320 0.000000 0.000000 0.000000 -1.000000 1 1.680594869e-05 6.164005026e-05
159 -0.988906 0.300000 0.998777 -2.407909 7.034057 2.048320 0.000000 0.000000 0.000000 -1.000000 1 1.132697798e-05 4.480895586e-05
159 -0.989125 0.300000 0.998801 -2.407909 7.034057 2.048320 0.000000 0.000000 0.000000 -1.000000 1 9.797979146e-06 3.978703171e-05
159 -0.989340 0.300000 0.998824 -2.407909 7.034057 2.048320 0.000000 0.000000 0.000000 -1.000000 1 1.224712469e-05 4.964601249e-05
159 -0.989550 0.300000 0.998848 -2.407909 7.034057 2.048320 0.000000 0.000000 0.000000 -1.000000 1 1.154514030e-05 4.560407251e-05
159 -0.989757 0.300000 0.998870 -2.407909 7.034057 2.048320 0.000000 0.000000 0.000000 -1.000000 1 1.142197289e-05 4.665297456e-05
159 -0.989959 0.300000 0.998893 -2.407909 7.034057 2.048320 0.000000 0.000000 0.000000 -1.000000 1 1.122290269e-05 4.580407403e-05
159 -0.990157 0.300000 0.998915 -2.407909 7.034057 2.048320 0.000000 0.000000 0.000000 -1.000000 1 1.136516221e-05 4.604598507e-05
159 -0.990351 0.300000 0.998936 -2.407909 7.034057 2.048320 0.000000 0.000000 0.000000 -1.000000 1 1.138495281e-05 4.576612264e-05
159 -0.990542 0.300000 0.998957 -2.407909 7.034057 2.048320 0.000000 0.000000 0.000000 -1.000000 1 1.138984226e-05 4.610000178e-05
159 -0.990729 0.300000 0.998978 -2.407909 7.034057 2.048320 0.000000 0.000000 0.000000 -1.000000 1 1.133000478e-05 4.599289969e-05
159 -0.990912 0.300000 0.998998 -2.407909 7.034057 2.048320 0.000000 0.000000 0.000000 -1.000000 1 1.134001650e-05 4.597799852e-05
159 -0.991091 0.300000 0.999018 -2.407909 7.034057 2.048320 0.000000 0.000000 0.000000 -1.000000 1 1.388904639e-05 5.251797847e-05
159 -0.991267 0.300000 0.999037 -2.407909 7.034057 2.048320 0.000000 0.000000 0.000000 -1.000000 1 1.145200804e-05 4.676589742e-05
159 -0.991439 0.300000 0.999056 -2.407909 7.034057 2.048320 0.000000 0.000000 0.000000 -1.000000 1 1.140590757e-05 4.586391151e-05
159 -0.991608 0.300000 0.999075 -2.407909 7.034057 2.048320 0.000000 0.000000 0.000000 -1.000000 1 1.137587242e-05 4.551606253e-05
159 -0.991774 0.300000 0.999093 -2.407909 7.034057 2.048320 0.000000 0.000000 0.000000 -1.000000 1 6.275950000e-06 2.566305920e-05
160 -0.987976 0.300000 0.999111 -2.337477 7.147719 2.055810 0.000000 0.000000 0.000000 -1.000000 1 1.785880886e-05 1.011290587e-04
160 -0.988213 0.300000 0.999128 -2.337477 7.147719 2.055810 0.000000 0.000000 0.000000 -1.000000 1 1.636100933e-05 1.121209934e-04
160 -0.988446 0.300000 0.999146 -2.337477 7.147719 2.055810 0.000000 0.000000 0.000000 -1.000000 1 2.051191404e-05 1.150351018e-04
160 -0.988674 0.300000 0.999162 -2.337477 7.147719 2.055810 0.000000 0.000000 0.000000 -1.000000 1 1.132697798e-05 4.545110278e-05
160 -0.988898 0.300000 0.999179 -2.337477 7.147719 2.055810 0.000000 0.000000 0.000000 -1.000000 1 1.127109863e-05 4.516006447e-05
160 -0.989117 0.300000 0.999195 -2.337477 7.147719 2.055810 0.000000 0.000000 0.000000 -1.000000 1 1.120404340e-05 4.737405106e-05
160 -0.989332 0.300000 0.999211 -2.337477 7.147719 2.055810 0.000000 0.000000 0.000000 -1.000000 1 1.119007356e-05 4.547787830e-05
160 -0.989543 0.300000 0.999227 -2.337477 7.147719 2.055810 0.000000 0.000000 0.000000 -1.000000 1 1.673796214e-05 1.138660591e-04
160 -0.989749 0.300000 0.999242 -2.337477 7.147719 2.055810 0.000000 0.000000 0.000000 -1.000000 1 1.144083217e-05 4.541594535e-05
160 -0.989951 0.300000 0.999257 -2.337477 7.147719 2.055810 0.000000 0.000000 0.000000 -1.000000 1 1.660711132e-05 1.182369888e-04
160 -0.990150 0.300000 0.999272 -2.337477 7.147719 2.055810 0.000000 0.000000 0.000000 -1.000000 1 1.171091571e-05 4.602712579e-05
160 -0.990344 0.300000 0.999286 -2.337477 7.147719 2.055810 0.000000 0.000000 0.000000 -1.000000 1 1.122406684e-05 4.522991367e-05
160 -0.990535 0.300000 0.999300 -2.337477 7.147719 2.055810 0.000000 0.000000 0.000000 -1.000000 1 1.348904334e-05 5.259714089e-05
160 -0.990722 0.300000 0.999314 -2.337477 7.147719 2.055810 0.000000 0.000000 0.000000 -1.000000 1 1.230812632e-05 5.006697029e-05
160 -0.990905 0.300000 0.999327 -2.337477 7.147719 2.055810 0.000000 0.000000 0.000000 -1.000000 1 1.167296432e-05 4.545412958e-05
160 -0.991084 0.300000 0.999341 -2.337477 7.147719 2.055810 0.000000 0.000000 0.000000 -1.000000 1 1.145503484e-05 4.689604975e-05
160 -0.991260 0.300000 0.999354 -2.337477 7.147719 2.055810 0.000000 0.000000 0.000000 -1.000000 1 1.141801476e-05 4.583084956e-05
160 -0.991433 0.300000 0.999366 -2.337477 7.147719 2.055810 0.000000 0.000000 0.000000 -1.000000 1 2.003298141e-05 6.867595948e-05
160 -0.991602 0.300000 0.999379 -2.337477 7.147719 2.055810 0.000000 0.000000 0.000000 -1.000000 1 1.125386916e-05 4.596496001e-05
160 -0.991768 0.300000 0.999391 -2.337477 7.147719 2.055810 0.000000 0.000000 0.000000 -1.000000 1 1.162709668e-05 4.618382081e-05
161 -0.987962 0.300000 0.999403 -2.268692 7.261828 2.066774 0.000000 0.000000 0.000000 -1.000000 1 1.122197136e-05 4.644994624e-05
161 -0.988200 0.300000 0.999415 -2.268692 7.261828 2.066774 0.000000 0.000000 0.000000 -1.000000 1 1.127109863e-05 4.573096521e-05
161 -0.988433 0.300000 0.999427 -2.268692 7.261828 2.066774 0.000000 0.000000 0.000000 -1.000000 1 1.148716547e-05 4.564085975e-05
161 -0.988661 0.300000 0.999438 -2.268692 7.261828 2.066774 0.000000 0.000000 0.000000 -1.000000 1 1.702294685e-05 5.218689330e-05
161 -0.988885 0.300000 0.999449 -2.268692 7.261828 2.066774 0.000000 0.000000 0.000000 -1.000000 1 1.172814518e-05 4.670699127e-05
161 -0.989105 0.300000 0.999460 -2.268692 7.261828 2.066774 0.000000 0.000000 0.000000 -1.000000 1 1.116283238e-05 4.601199180e-05
161 -0.989320 0.300000 0.999471 -2.268692 7.261828 2.066774 0.000000 0.000000 0.000000 -1.000000 1 1.128995791e-05 4.500616342e-05
161 -0.989531 0.300000 0.999481 -2.268692 7.261828 2.066774 0.000000 0.000000 0.000000 -1.000000 1 1.123500988e-05 4.567601718e-05
161 -0.989737 0.300000 0.999491 -2.268692 7.261828 2.066774 0.000000 0.000000 0.000000 -1.000000 1 1.120986417e-05 5.396502092e-05
161 -0.989940 0.300000 0.999501 -2.268692 7.261828 2.066774 0.000000 0.000000 0.000000 -1.000000 1 1.815799624e-05 1.167920418e-04
161 -0.990138 0.300000 0.999511 -2.268692 7.261828 2.066774 0.000000 0.000000 0.000000 -1.000000 1 1.613609493e-05 1.105328556e-04
161 -0.990333 0.300000 0.999521 -2.268692 7.261828 2.066774 0.000000 0.000000 0.000000 -1.000000 1 1.616310328e-05 1.103850082e-04
161 -0.990524 0.300000 0.999530 -2.268692 7.261828 2.066774 0.000000 0.000000 0.000000 -1.000000 1 1.595215872e-05 1.115920022e-04
161 -0.990711 0.300000 0.999540 -2.268692 7.261828 2.066774 0.000000 0.000000 0.000000 -1.000000 1 1.320685260e-05 5.081715062e-05
161 -0.990894 0.300000 0.999549 -2.268692 7.261828 2.066774 0.000000 0.000000 0.000000 -1.000000 1 2.260808833e-05 1.298550051e-04
161 -0.991074 0.300000 0.999558 -2.268692 7.261828 2.066774 0.000000 0.000000 0.000000 -1.000000 1 1.143803820e-05 4.525203258e-05
161 -0.991250 0.300000 0.999566 -2.268692 7.261828 2.066774 0.000000 0.000000 0.000000 -1.000000 1 1.153815538e-05 4.557985812e-05
161 -0.991423 0.300000 0.999575 -2.268692 7.261828 2.066774 0.000000 0.000000 0.000000 -1.000000 1 1.118821092e-05 4.562805407e-05
161 -0.991593 0.300000 0.999583 -2.268692 7.261828 2.066774 0.000000 0.000000 0.000000 -1.000000 1 1.109088771e-05 4.518800415e-05
161 -0.991758 0.300000 0.999591 -2.268692 7.261828 2.066774 0.000000 0.000000 0.000000 -1.000000 1 1.169787720e-05 4.613422789e-05
162 -0.987945 0.300000 0.999600 -2.198713 7.377049 2.080273 0.000000 0.000000 0.000000 -1.000000 1 1.220381819e-05 4.642084241e-05
162 -0.988183 0.300000 0.999608 -2.198713 7.377049 2.080273 0.000000 0.000000 0.000000 -1.000000 1 1.168390736e-05 4.592095502e-05
162 -0.988416 0.300000 0.999615 -2.198713 7.377049 2.080273 0.000000 0.000000 0.000000 -1.000000 1 1.118495129e-05 4.673399962e-05
162 -0.988645 0.300000 0.999623 -2.198713 7.377049 2.080273 0.000000 0.000000 0.000000 -1.000000 1 1.151696779e-05 4.562991671e-05
162 -0.988869 0.300000 0.999630 -2.198713 7.377049 2.080273 0.000000 0.000000 0.000000 -1.000000 1 1.132907346e-05 4.498916678e-05
162 -0.989089 0.300000 0.999638 -2.198713 7.377049 2.080273 0.000000 0.000000 0.000000 -1.000000 1 1.134094782e-05 4.578381777e-05
162 -0.989304 0.300000 0.999645 -2.198713 7.377049 2.080273 0.000000 0.000000 0.000000 -1.000000 1 1.308508217e-05 4.966789857e-05
162 -0.989516 0.300000 0.999652 -2.198713 7.377049 2.080273 0.000000 0.000000 0.000000 -1.000000 1 1.153908670e-05 4.574982449e-05
162 -0.989723 0.300000 0.999659 -2.198713 7.377049 2.080273 0.000000 0.000000 0.000000 -1.000000 1 1.665786840e-05 1.128979493e-04
162 -0.989925 0.300000 0.999665 -2.198713 7.377049 2.080273 0.000000 0.000000 0.000000 -1.000000 1 1.601688564e-05 1.117009670e-04
162 -0.990124 0.300000 0.999672 -2.198713 7.377049 2.080273 0.000000 0.000000 0.000000 -1.000000 1 1.121312380e-05 4.633096978e-05
162 -0.990319 0.300000 0.999678 -2.198713 7.377049 2.080273 0.000000 0.000000 0.000000 -1.000000 1 1.970515586e-05 5.621602759e-05
162 -0.990510 0.300000 0.999685 -2.198713 7.377049 2.080273 0.000000 0.000000 0.000000 -1.000000 1 1.133093610e-05 4.554702900e-05
162 -0.990698 0.300000 0.999691 -2.198713 7.377049 2.080273 0.000000 0.000000 0.000000 -1.000000 1 1.134094782e-05 4.591513425e-05
162 -0.990881 0.300000 0.999697 -2.198713 7.377049 2.080273 0.000000 0.000000 0.000000 -1.000000 1 1.126597635e-05 4.528602585e-05
162 -0.991061 0.300000 0.999703 -2.198713 7.377049 2.080273 0.000000 0.000000 0.000000 -1.000000 1 1.051393338e-05 4.337611608e-05
162 -0.991238 0.300000 0.999709 -2.198713 7.377049 2.080273 0.000000 0.000000 0.000000 -1.000000 1 2.790940925e-06 1.105293632e-05
162 -0.991411 0.300000 0.999715 -2.198713 7.377049 2.080273 0.000000 0.000000 0.000000 -1.000000 1 1.125386916e-05 4.563992843e-05
162 -0.991580 0.300000 0.999720 -2.198713 7.377049 2.080273 0.000000 0.000000 0.000000 -1.000000 1 1.154001802e-05 4.618591629e-05
162 -0.991747 0.300000 0.999726 -2.198713 7.377049 2.080273 0.000000 0.000000 0.000000 -1.000000 1 1.136795618e-05 4.547508433e-05
163 -0.987926 0.300000 0.999731 -2.131104 7.492492 2.097267 0.000000 0.000000 0.000000 -1.000000 1 1.778709702e-05 1.145529095e-04
163 -0.988164 0.300000 0.999737 -2.131104 7.492492 2.097267 0.000000 0.000000 0.000000 -1.000000 1 5.244044587e-06 3.556185402e-05
163 -0.988398 0.300000 0.999742 -2.131104 7.492492 2.097267 0.000000 0.000000 0.000000 -1.000000 1 1.615192741e-05 1.116921194e-04
163 -0.988627 0.300000 0.999747 -2.131104 7.492492 2.097267 0.000000 0.000000 0.000000 -1.000000 1 1.849303953e-05 1.171578187e-04
163 -0.988851 0.300000 0.999752 -2.131104 7.492492 2.097267 0.000000 0.000000 0.000000 -1.000000 1 1.612678170e-05 1.119500957e-04
163 -0.989071 0.300000 0.999757 -2.131104 7.492492 2.097267 0.000000 0.000000 0.000000 -1.000000 1 1.164199784e-05 4.632095806e-05
163 -0.989287 0.300000 0.999762 -2.131104 7.492492 2.097267 0.000000 0.000000 0.000000 -1.000000 1 2.011493780e-05 6.790389307e-05
163 -0.989499 0.300000 0.999766 -2.131104 7.492492 2.097267 0.000000 0.000000 0.000000 -1.000000 1 1.128902659e-05 4.525505938e-05
163 -0.989706 0.300000 0.999771 -2.131104 7.492492 2.097267 0.000000 0.000000 0.000000 -1.000000 1 3.501214087e-05 8.409284055e-05
163 -0.989909 0.300000 0.999775 -2.131104 7.492492 2.097267 0.000000 0.000000 0.000000 -1.000000 1 1.120497473e-05 4.732189700e-05
163 -0.990108 0.300000 0.999780 -2.131104 7.492492 2.097267 0.000000 0.000000 0.000000 -1.000000 1 1.163384877e-05 4.621990956e-05
163 -0.990304 0.300000 0.999784 -2.131104 7.492492 2.097267 0.000000 0.000000 0.000000 -1.000000 1 1.132814214e-05 4.599685781e-05
163 -0.990495 0.300000 0.999789 -2.131104 7.492492 2.097267 0.000000 0.000000 0.000000 -1.000000 1 1.141289249e-05 4.593585618e-05
163 -0.990683 0.300000 0.999793 -2.131104 7.492492 2.097267 0.000000 0.000000 0.000000 -1.000000 1 1.125689596e-05 4.503689706e-05
163 -0.990867 0.300000 0.999797 -2.131104 7.492492 2.097267 0.000000 0.000000 0.000000 -1.000000 1 1.138914376e-05 4.612910561e-05
163 -0.991047 0.300000 0.999801 -2.131104 7.492492 2.097267 0.000000 0.000000 0.000000 -1.000000 1 9.633135051e-06 3.832695074e-05
163 -0.991224 0.300000 0.999805 -2.131104 7.492492 2.097267 0.000000 0.000000 0.000000 -1.000000 1 1.058401540e-05 4.222500138e-05
163 -0.991397 0.300000 0.999809 -2.131104 7.492492 2.097267 0.000000 0.000000 0.000000 -1.000000 1 4.552071914e-06 1.764390618e-05
163 -0.991567 0.300000 0.999812 -2.131104 7.492492 2.097267 0.000000 0.000000 0.000000 -1.000000 1 3.517838195e-06 1.453096047e-05
163 -0.991733 0.300000 0.999816 -2.131104 7.492492 2.097267 0.000000 0.000000 0.000000 -1.000000 1 1.128413714e-05 5.241995677e-05
164 -0.987912 0.300000 0.999820 -2.062860 7.608756 2.116800 0.000000 0.000000 0.000000 -1.000000 1 1.445389353e-05 5.213520490e-05
164 -0.988151 0.300000 0.999823 -2.062860 7.608756 2.116800 0.000000 0.000000 0.000000 -1.000000 1 1.141405664e-05 4.528602585e-05
164 -0.988385 0.300000 0.999827 -2.062860 7.608756 2.116800 0.000000 0.000000 0.000000 -1.000000 1 1.140800305e-05 4.583387636e-05
164 -0.988614 0.300000 0.999830 -2.062860 7.608756 2.116800 0.000000 0.000000 0.000000 -1.000000 1 1.129787415e-05 4.530814476e-05
164 -0.988839 0.300000 0.999834 -2.062860 7.608756 2.116800 0.000000 0.000000 0.000000 -1.000000 1 1.126597635e-05 4.558893852e-05
164 -0.989060 0.300000 0.999837 -2.062860 7.608756 2.116800 0.000000 0.000000 0.000000 -1.000000 1 1.974403858e-05 6.896792911e-05
164 -0.989276 0.300000 0.999840 -2.062860 7.608756 2.116800 0.000000 0.000000 0.000000 -1.000000 1 1.119403169e-05 4.654703662e-05
164 -0.989487 0.300000 0.999843 -2.062860 7.608756 2.116800 0.000000 0.000000 0.000000 -1.000000 1 1.158402301e-05 4.643504508e-05
164 -0.989695 0.300000 0.999846 -2.062860 7.608756 2.116800 0.000000 0.000000 0.000000 -1.000000 1 1.133605838e-05 4.610093310e-05
164 -0.989898 0.300000 0.999849 -2.062860 7.608756 2.116800 0.000000 0.000000 0.000000 -1.000000 1 1.659500413e-05 1.136797946e-04
164 -0.990098 0.300000 0.999852 -2.062860 7.608756 2.116800 0.000000 0.000000 0.000000 -1.000000 1 1.125410199e-05 4.502688535e-05
164 -0.990293 0.300000 0.999855 -2.062860 7.608756 2.116800 0.000000 0.000000 0.000000 -1.000000 1 1.122290269e-05 4.580686800e-05
164 -0.990485 0.300000 0.999858 -2.062860 7.608756 2.116800 0.000000 0.000000 0.000000 -1.000000 1 1.188088208e-05 4.715705290e-05
164 -0.990673 0.300000 0.999861 -2.062860 7.608756 2.116800 0.000000 0.000000 0.000000 -1.000000 1 1.119193621e-05 4.534004256e-05
164 -0.990857 0.300000 0.999864 -2.062860 7.608756 2.116800 0.000000 0.000000 0.000000 -1.000000 1 1.114001498e-05 4.530209117e-05
164 -0.991037 0.300000 0.999866 -2.062860 7.608756 2.116800 0.000000 0.000000 0.000000 -1.000000 1 1.123407856e-05 4.640221596e-05
164 -0.991214 0.300000 0.999869 -2.062860 7.608756 2.116800 0.000000 0.000000 0.000000 -1.000000 1 1.123384573e-05 4.545901902e-05
164 -0.991388 0.300000 0.999872 -2.062860 7.608756 2.116800 0.000000 0.000000 0.000000 -1.000000 1 1.346413046e-05 5.049887113e-05
164 -0.991558 0.300000 0.999874 -2.062860 7.608756 2.116800 0.000000 0.000000 0.000000 -1.000000 1 1.142104156e-05 4.634400830e-05
164 -0.991724 0.300000 0.999877 -2.062860 7.608756 2.116800 0.000000 0.000000 0.000000 -1.000000 1 1.140800305e-05 4.585599527e-05
165 -0.987904 0.300000 0.999879 -1.997316 7.725585 2.139880 0.000000 0.000000 0.000000 -1.000000 1 1.188996248e-05 4.382501356e-05
165 -0.988143 0.300000 0.999881 -1.997316 7.725585 2.139880 0.000000 0.000000 0.000000 -1.000000 1 1.188809983e-05 4.638801329e-05
165 -0.988377 0.300000 0.999884 -1.997316 7.725585 2.139880 0.000000 0.000000 0.000000 -1.000000 1 1.945509575e-05 6.823497824e-05
165 -0.988606 0.300000 0.999886 -1.997316 7.725585 2.139880 0.000000 0.000000 0.000000 -1.000000 1 1.141219400e-05 4.608905874e-05
165 -0.988831 0.300000 0.999888 -1.997316 7.725585 2.139880 0.000000 0.000000 0.000000 -1.000000 1 1.136283390e-05 4.573492333e-05
165 -0.989052 0.300000 0.999891 -1.997316 7.725585 2.139880 0.000000 0.000000 0.000000 -1.000000 1 1.169904135e-05 4.631397314e-05
165 -0.989268 0.300000 0.999893 -1.997316 7.725585 2.139880 0.000000 0.000000 0.000000 -1.000000 1 1.130602323e-05 4.496495239e-05
165 -0.989480 0.300000 0.999895 -1.997316 7.725585 2.139880 0.000000 0.000000 0.000000 -1.000000 1 1.128693111e-05 4.576798528e-05
165 -0.989687 0.300000 0.999897 -1.997316 7.725585 2.139880 0.000000 0.000000 0.000000 -1.000000 1 1.073093154e-05 4.278589040e-05
165 -0.989891 0.300000 0.999899 -1.997316 7.725585 2.139880 0.000000 0.000000 0.000000 -1.000000 1 1.178705133e-05 4.754797556e-05
165 -0.990090 0.300000 0.999901 -1.997316 7.725585 2.139880 0.000000 0.000000 0.000000 -1.000000 1 1.161498949e-05 4.629907198e-05
165 -0.990286 0.300000 0.999903 -1.997316 7.725585 2.139880 0.000000 0.000000 0.000000 -1.000000 1 8.299946785e-06 5.806400441e-05
165 -0.990478 0.300000 0.999905 -1.997316 7.725585 2.139880 0.000000 0.000000 0.000000 -1.000000 1 7.729046047e-06 5.387910642e-05
165 -0.990666 0.300000 0.999907 -1.997316 7.725585 2.139880 0.000000 0.000000 0.000000 -1.000000 1 2.169492655e-05 1.169149764e-04
165 -0.990850 0.300000 0.999909 -1.997316 7.725585 2.139880 0.000000 0.000000 0.000000 -1.000000 1 1.141312532e-05 4.726508632e-05
165 -0.991031 0.300000 0.999910 -1.997316 7.725585 2.139880 0.000000 0.000000 0.000000 -1.000000 1 1.612701453e-05 5.689891987e-05
165 -0.991208 0.300000 0.999912 -1.997316 7.725585 2.139880 0.000000 0.000000 0.000000 -1.000000 1 1.137680374e-05 4.550092854e-05
165 -0.991381 0.300000 0.999914 -1.997316 7.725585 2.139880 0.000000 0.000000 0.000000 -1.000000 1 1.126411371e-05 4.585902207e-05
165 -0.991552 0.300000 0.999916 -1.997316 7.725585 2.139880 0.000000 0.000000 0.000000 -1.000000 1 1.679291017e-05 1.122439280e-04
165 -0.991718 0.300000 0.999917 -1.997316 7.725585 2.139880 0.000000 0.000000 0.000000 -1.000000 1 1.327903010e-05 5.018897355e-05
165 -0.991882 0.300000 0.999919 -1.997316 7.725585 2.139880 0.000000 0.000000 0.000000 -1.000000 1 1.158495434e-05 4.620105028e-05
166 -0.988129 0.300000 0.999920 -1.930767 7.844674 2.165682 0.000000 0.000000 0.000000 -1.000000 1 1.178914681e-05 4.659197293e-05
166 -0.988363 0.300000 0.999922 -1.930767 7.844674 2.165682 0.000000 0.000000 0.000000 -1.000000 1 1.137191430e-05 4.532979801e-05
166 -0.988593 0.300000 0.999924 -1.930767 7.844674 2.165682 0.000000 0.000000 0.000000 -1.000000 1 1.129694283e-05 4.550884478e-05
166 -0.988818 0.300000 0.999925 -1.930767 7.844674 2.165682 0.000000 0.000000 0.000000 -1.000000 1 1.045688987e-05 4.203501157e-05
166 -0.989039 0.300000 0.999927 -1.930767 7.844674 2.165682 0.000000 0.000000 0.000000 -1.000000 1 1.136492938e-05 4.668906331e-05
166 -0.989255 0.300000 0.999928 -1.930767 7.844674 2.165682 0.000000 0.000000 0.000000 -1.000000 1 1.176097430e-05 4.633492790e-05
166 -0.989468 0.300000 0.999929 -1.930767 7.844674 2.165682 0.000000 0.000000 0.000000 -1.000000 1 1.129298471e-05 4.517799243e-05
166 -0.989675 0.300000 0.999931 -1.930767 7.844674 2.165682 0.000000 0.000000 0.000000 -1.000000 1 1.144898124e-05 4.616309889e-05
166 -0.989879 0.300000 0.999932 -1.930767 7.844674 2.165682 0.000000 0.000000 0.000000 -1.000000 1 1.054792665e-05 4.336191341e-05
166 -0.990079 0.300000 0.999934 -1.930767 7.844674 2.165682 0.000000 0.000000 0.000000 -1.000000 1 1.046084799e-05 4.227296449e-05
166 -0.990275 0.300000 0.999935 -1.930767 7.844674 2.165682 0.000000 0.000000 0.000000 -1.000000 1 1.351116225e-05 5.217990838e-05
166 -0.990467 0.300000 0.999936 -1.930767 7.844674 2.165682 0.000000 0.000000 0.000000 -1.000000 1 1.049507409e-05 4.274095409e-05
166 -0.990655 0.300000 0.999937 -1.930767 7.844674 2.165682 0.000000 0.000000 0.000000 -1.000000 1 1.160800457e-05 4.616612568e-05
166 -0.990840 0.300000 0.999939 -1.930767 7.844674 2.165682 0.000000 0.000000 0.000000 -1.000000 1 1.126597635e-05 4.655588418e-05
166 -0.991021 0.300000 0.999940 -1.930767 7.844674 2.165682 0.000000 0.000000 0.000000 -1.000000 1 1.139496453e-05 5.633290857e-05
166 -0.991198 0.300000 0.999941 -1.930767 7.844674 2.165682 0.000000 0.000000 0.000000 -1.000000 1 1.964392141e-05 6.820214912e-05
166 -0.991372 0.300000 0.999942 -1.930767 7.844674 2.165682 0.000000 0.000000 0.000000 -1.000000 1 1.134118065e-05 4.613306373e-05
166 -0.991542 0.300000 0.999943 -1.930767 7.844674 2.165682 0.000000 0.000000 0.000000 -1.000000 1 1.136609353e-05 5.424884148e-05
166 -0.991709 0.300000 0.999944 -1.930767 7.844674 2.165682 0.000000 0.000000 0.000000 -1.000000 1 1.129508018e-05 4.697404802e-05
166 -0.991873 0.300000 0.999946 -1.930767 7.844674 2.165682 0.000000 0.000000 0.000000 -1.000000 1 1.140101813e-05 4.631513730e-05
167 -0.988112 0.300000 0.999947 -1.867319 7.964677 2.195142 0.000000 0.000000 0.000000 -1.000000 1 1.205597073e-05 4.630512558e-05
167 -0.988347 0.300000 0.999948 -1.867319 7.964677 2.195142 0.000000 0.000000 0.000000 -1.000000 1 1.135584898e-05 4.686811008e-05
167 -0.988577 0.300000 0.999949 -1.867319 7.964677 2.195142 0.000000 0.000000 0.000000 -1.000000 1 1.106318086e-05 4.295585677e-05
167 -0.988802 0.300000 0.999950 -1.867319 7.964677 2.195142 0.000000 0.000000 0.000000 -1.000000 1 1.138495281e-05 5.162390880e-05
167 -0.989023 0.300000 0.999951 -1.867319 7.964677 2.195142 0.000000 0.000000 0.000000 -1.000000 1 1.147203147e-05 4.538800567e-05
167 -0.989240 0.300000 0.999952 -1.867319 7.964677 2.195142 0.000000 0.000000 0.000000 -1.000000 1 1.124897972e-05 4.522013478e-05
167 -0.989453 0.300000 0.999953 -1.867319 7.964677 2.195142 0.000000 0.000000 0.000000 -1.000000 1 6.282934919e-06 2.836808562e-05
167 -0.989661 0.300000 0.999954 -1.867319 7.964677 2.195142 0.000000 0.000000 0.000000 -1.000000 1 4.366040230e-06 1.654797234e-05
167 -0.989865 0.300000 0.999955 -1.867319 7.964677 2.195142 0.000000 0.000000 0.000000 -1.000000 1 2.799089998e-06 1.148018055e-05
167 -0.990065 0.300000 0.999955 -1.867319 7.964677 2.195142 0.000000 0.000000 0.000000 -1.000000 1 5.122041330e-06 2.070888877e-05
167 -0.990261 0.300000 0.999956 -1.867319 7.964677 2.195142 0.000000 0.000000 0.000000 -1.000000 1 5.743000656e-06 2.326583490e-05
167 -0.990453 0.300000 0.999957 -1.867319 7.964677 2.195142 0.000000 0.000000 0.000000 -1.000000 1 1.140614040e-05 4.573003389e-05
167 -0.990642 0.300000 0.999958 -1.867319 7.964677 2.195142 0.000000 0.000000 0.000000 -1.000000 1 2.017710358e-05 7.320987061e-05
167 -0.990827 0.300000 0.999959 -1.867319 7.964677 2.195142 0.000000 0.000000 0.000000 -1.000000 1 1.144385897e-05 4.493817687e-05
167 -0.991008 0.300000 0.999960 -1.867319 7.964677 2.195142 0.000000 0.000000 0.000000 -1.000000 1 1.123500988e-05 4.623201676e-05
167 -0.991185 0.300000 0.999960 -1.867319 7.964677 2.195142 0.000000 0.000000 0.000000 -1.000000 1 1.130113378e-05 4.637381062e-05
167 -0.991359 0.300000 0.999961 -1.867319 7.964677 2.195142 0.000000 0.000000 0.000000 -1.000000 1 1.137796789e-05 4.606693983e-05
167 -0.991530 0.300000 0.999962 -1.867319 7.964677 2.195142 0.000000 0.000000 0.000000 -1.000000 1 1.126504503e-05 4.572304897e-05
167 -0.991697 0.300000 0.999963 -1.867319 7.964677 2.195142 0.000000 0.000000 0.000000 -1.000000 1 1.118495129e-05 4.522199742e-05
167 -0.991861 0.300000 0.999963 -1.867319 7.964677 2.195142 0.000000 0.000000 0.000000 -1.000000 1 1.131417230e-05 4.541408271e-05
168 -0.988093 0.300000 0.999964 -1.803469 8.086638 2.227385 0.000000 0.000000 0.000000 -1.000000 1 1.714797691e-05 5.182111636e-05
168 -0.988328 0.300000 0.999965 -1.803469 8.086638 2.227385 0.000000 0.000000 0.000000 -1.000000 1 1.147622243e-05 4.521803930e-05
168 -0.988558 0.300000 0.999966 -1.803469 8.086638 2.227385 0.000000 0.000000 0.000000 -1.000000 1 1.132697798e-05 4.522292875e-05
168 -0.988784 0.300000 0.999966 -1.803469 8.086638 2.227385 0.000000 0.000000 0.000000 -1.000000 1 1.158588566e-05 4.724296741e-05
168 -0.989006 0.300000 0.999967 -1.803469 8.086638 2.227385 0.000000 0.000000 0.000000 -1.000000 1 1.309113577e-05 5.085906014e-05
168 -0.989223 0.300000 0.999968 -1.803469 8.086638 2.227385 0.000000 0.000000 0.000000 -1.000000 1 1.140893437e-05 4.663295113e-05
168 -0.989436 0.300000 0.999968 -1.803469 8.086638 2.227385 0.000000 0.000000 0.000000 -1.000000 1 1.006503589e-05 3.987504169e-05
168 -0.989644 0.300000 0.999969 -1.803469 8.086638 2.227385 0.000000 0.000000 0.000000 -1.000000 1 8.233124390e-06 3.322400153e-05
168 -0.989849 0.300000 0.999969 -1.803469 8.086638 2.227385 0.000000 0.000000 0.000000 -1.000000 1 6.712973118e-06 2.654595301e-05
168 -0.990049 0.300000 0.999970 -1.803469 8.086638 2.227385 0.000000 0.000000 0.000000 -1.000000 1 2.032821067e-05 6.875698455e-05
168 -0.990245 0.300000 0.999971 -1.803469 8.086638 2.227385 0.000000 0.000000 0.000000 -1.000000 1 1.535587944e-05 5.012704059e-05
168 -0.990438 0.300000 0.999971 -1.803469 8.086638 2.227385 0.000000 0.000000 0.000000 -1.000000 1 1.172511838e-05 6.393296644e-05
168 -0.990627 0.300000 0.999972 -1.803469 8.086638 2.227385 0.000000 0.000000 0.000000 -1.000000 1 1.136003993e-05 4.602014087e-05
168 -0.990812 0.300000 0.999972 -1.803469 8.086638 2.227385 0.000000 0.000000 0.000000 -1.000000 1 1.130905002e-05 4.565692507e-05
168 -0.990993 0.300000 0.999973 -1.803469 8.086638 2.227385 0.000000 0.000000 0.000000 -1.000000 1 1.083896495e-05 4.421686754e-05
168 -0.991171 0.300000 0.999973 -1.803469 8.086638 2.227385 0.000000 0.000000 0.000000 -1.000000 1 1.155794598e-05 4.681688733e-05
168 -0.991345 0.300000 0.999974 -1.803469 8.086638 2.227385 0.000000 0.000000 0.000000 -1.000000 1 1.180195250e-05 4.694890231e-05
168 -0.991516 0.300000 0.999974 -1.803469 8.086638 2.227385 0.000000 0.000000 0.000000 -1.000000 1 1.144199632e-05 4.639499821e-05
168 -0.991684 0.300000 0.999975 -1.803469 8.086638 2.227385 0.000000 0.000000 0.000000 -1.000000 1 1.136399806e-05 4.639290273e-05
168 -0.991848 0.300000 0.999975 -1.803469 8.086638 2.227385 0.000000 0.000000 0.000000 -1.000000 1 1.038005576e-05 4.271790385e-05
169 -0.988080 0.300000 0.999976 -1.743488 8.209216 2.263354 0.000000 0.000000 0.000000 -1.000000 1 1.061405055e-05 4.268297926e-05
169 -0.988315 0.300000 0.999976 -1.743488 8.209216 2.263354 0.000000 0.000000 0.000000 -1.000000 1 1.346389763e-05 5.044904537e-05
169 -0.988546 0.300000 0.999977 -1.743488 8.209216 2.263354 0.000000 0.000000 0.000000 -1.000000 1 1.058308408e-05 4.300195724e-05
169 -0.988772 0.300000 0.999977 -1.743488 8.209216 2.263354 0.000000 0.000000 0.000000 -1.000000 1 1.153000630e-05 5.426513962e-05
169 -0.988994 0.300000 0.999978 -1.743488 8.209216 2.263354 0.000000 0.000000 0.000000 -1.000000 1 1.215701923e-05 4.710094072e-05
169 -0.989211 0.300000 0.999978 -1.743488 8.209216 2.263354 0.000000 0.000000 0.000000 -1.000000 1 1.056003384e-05 4.227808677e-05
169 -0.989424 0.300000 0.999979 -1.743488 8.209216 2.263354 0.000000 0.000000 0.000000 -1.000000 1 1.869001426e-05 6.583495997e-05
169 -0.989633 0.300000 0.999979 -1.743488 8.209216 2.263354 0.000000 0.000000 0.000000 -1.000000 1 1.145293936e-05 4.621804692e-05
169 -0.989838 0.300000 0.999979 -1.743488 8.209216 2.263354 0.000000 0.000000 0.000000 -1.000000 1 1.076399349e-05 4.327599891e-05
169 -0.990038 0.300000 0.999980 -1.743488 8.209216 2.263354 0.000000 0.000000 0.000000 -1.000000 1 1.056492329e-05 4.271208309e-05
169 -0.990235 0.300000 0.999980 -1.743488 8.209216 2.263354 0.000000 0.000000 0.000000 -1.000000 1 1.061591320e-05 4.441896453e-05
169 -0.990428 0.300000 0.999981 -1.743488 8.209216 2.263354 0.000000 0.000000 0.000000 -1.000000 1 1.131091267e-05 4.545203410e-05
169 -0.990617 0.300000 0.999981 -1.743488 8.209216 2.263354 0.000000 0.000000 0.000000 -1.000000 1 1.059006900e-05 4.261196591e-05
169 -0.990802 0.300000 0.999981 -1.743488 8.209216 2.263354 0.000000 0.000000 0.000000 -1.000000 1 1.077493653e-05 4.299101420e-05
169 -0.990983 0.300000 0.999982 -1.743488 8.209216 2.263354 0.000000 0.000000 0.000000 -1.000000 1 1.054792665e-05 4.234607331e-05
169 -0.991161 0.300000 0.999982 -1.743488 8.209216 2.263354 0.000000 0.000000 0.000000 -1.000000 1 1.142080873e-05 4.542898387e-05
169 -0.991336 0.300000 0.999982 -1.743488 8.209216 2.263354 0.000000 0.000000 0.000000 -1.000000 1 1.126108691e-05 4.532909952e-05
169 -0.991507 0.300000 0.999983 -1.743488 8.209216 2.263354 0.000000 0.000000 0.000000 -1.000000 1 1.146690920e-05 4.532583989e-05
169 -0.991675 0.300000 0.999983 -1.743488 8.209216 2.263354 0.000000 0.000000 0.000000 -1.000000 1 1.276005059e-05 4.955916665e-05
169 -0.991839 0.300000 0.999984 -1.743488 8.209216 2.263354 0.000000 0.000000 0.000000 -1.000000 1 1.088785939e-05 4.361313768e-05
170 -0.988071 0.300000 0.999984 -1.683467 8.333987 2.302227 0.000000 0.000000 0.000000 -1.000000 1 1.143896952e-05 4.726997577e-05
170 -0.988307 0.300000 0.999984 -1.683467 8.333987 2.302227 0.000000 0.000000 0.000000 -1.000000 1 1.131184399e-05 4.572188482e-05
170 -0.988538 0.300000 0.999984 -1.683467 8.333987 2.302227 0.000000 0.000000 0.000000 -1.000000 1 1.124106348e-05 4.550605081e-05
170 -0.988764 0.300000 0.999985 -1.683467 8.333987 2.302227 0.000000 0.000000 0.000000 -1.000000 1 1.655216329e-05 6.059883162e-05
170 -0.988986 0.300000 0.999985 -1.683467 8.333987 2.302227 0.000000 0.000000 0.000000 -1.000000 1 1.134094782e-05 4.588882439e-05
170 -0.989203 0.300000 0.999985 -1.683467 8.333987 2.302227 0.000000 0.000000 0.000000 -1.000000 1 1.131906174e-05 4.625204019e-05
170 -0.989416 0.300000 0.999986 -1.683467 8.333987 2.302227 0.000000 0.000000 0.000000 -1.000000 1 1.053791493e-05 4.342198372e-05
170 -0.989625 0.300000 0.999986 -1.683467 8.333987 2.302227 0.000000 0.000000 0.000000 -1.000000 1 1.128483564e-05 4.521803930e-05
170 -0.989830 0.300000 0.999986 -1.683467 8.333987 2.302227 0.000000 0.000000 0.000000 -1.000000 1 1.054396853e-05 4.220893607e-05
170 -0.990031 0.300000 0.999986 -1.683467 8.333987 2.302227 0.000000 0.000000 0.000000 -1.000000 1 1.132278703e-05 4.582293332e-05
170 -0.990228 0.300000 0.999987 -1.683467 8.333987 2.302227 0.000000 0.000000 0.000000 -1.000000 1 1.146201976e-05 4.560686648e-05
170 -0.990421 0.300000 0.999987 -1.683467 8.333987 2.302227 0.000000 0.000000 0.000000 -1.000000 1 1.124502160e-05 4.553212784e-05
170 -0.990610 0.300000 0.999987 -1.683467 8.333987 2.302227 0.000000 0.000000 0.000000 -1.000000 1 1.133396290e-05 4.548998550e-05
170 -0.990795 0.300000 0.999987 -1.683467 8.333987 2.302227 0.000000 0.000000 0.000000 -1.000000 1 1.054909080e-05 4.205503501e-05
170 -0.990977 0.300000 0.999988 -1.683467 8.333987 2.302227 0.000000 0.000000 0.000000 -1.000000 1 1.045921817e-05 4.389602691e-05
170 -0.991155 0.300000 0.999988 -1.683467 8.333987 2.302227 0.000000 0.000000 0.000000 -1.000000 1 1.294584945e-05 4.968116991e-05
170 -0.991330 0.300000 0.999988 -1.683467 8.333987 2.302227 0.000000 0.000000 0.000000 -1.000000 1 1.120800152e-05 4.514493048e-05
170 -0.991501 0.300000 0.999988 -1.683467 8.333987 2.302227 0.000000 0.000000 0.000000 -1.000000 1 1.154700294e-05 4.659197293e-05
170 -0.991669 0.300000 0.999989 -1.683467 8.333987 2.302227 0.000000 0.000000 0.000000 -1.000000 1 1.143198460e-05 4.580989480e-05
170 -0.991833 0.300000 0.999989 -1.683467 8.333987 2.302227 0.000000 0.000000 0.000000 -1.000000 1 1.057889313e-05 4.357309081e-05
171 -0.988058 0.299999 0.999989 -1.627168 8.460922 2.345055 0.000000 0.000000 0.000000 -1.000000 1 1.770793460e-05 6.248708814e-05
171 -0.988293 0.300000 0.999989 -1.627168 8.460922 2.345055 0.000000 0.000000 0.000000 -1.000000 1 1.150299795e-05 4.601897672e-05
171 -0.988525 0.300000 0.999989 -1.627168 8.460922 2.345055 0.000000 0.000000 0.000000 -1.000000 1 5.131121725e-06 2.062809654e-05
171 -0.988751 0.300000 0.999990 -1.627168 8.460922 2.345055 0.000000 0.000000 0.000000 -1.000000 1 4.513887689e-06 1.831911504e-05
171 -0.988973 0.300000 0.999990 -1.627168 8.460922 2.345055 0.000000 0.000000 0.000000 -1.000000 1 2.778833732e-06 1.102709211e-05
171 -0.989191 0.300000 0.999990 -1.627168 8.460922 2.345055 0.000000 0.000000 0.000000 -1.000000 1 2.842862159e-06 1.162686385e-05
171 -0.989404 0.300000 0.999990 -1.627168 8.460922 2.345055 0.000000 0.000000 0.000000 -1.000000 1 8.055008948e-06 3.170105629e-05
171 -0.989613 0.300000 0.999990 -1.627168 8.460922 2.345055 0.000000 0.000000 0.000000 -1.000000 1 1.159287058e-05 4.651304334e-05
171 -0.989818 0.300000 0.999991 -1.627168 8.460922 2.345055 0.000000 0.000000 0.000000 -1.000000 1 1.117493957e-05 4.578498192e-05
171 -0.990020 0.300000 0.999991 -1.627168 8.460922 2.345055 0.000000 0.000000 0.000000 -1.000000 1 2.043717541e-05 7.167994045e-05
171 -0.990217 0.300000 0.999991 -1.627168 8.460922 2.345055 0.000000 0.000000 0.000000 -1.000000 1 1.133186743e-05 4.515191540e-05
171 -0.990410 0.300000 0.999991 -1.627168 8.460922 2.345055 0.000000 0.000000 0.000000 -1.000000 1 1.108599827e-05 4.553096369e-05
171 -0.990599 0.300000 0.999991 -1.627168 8.460922 2.345055 0.000000 0.000000 0.000000 -1.000000 1 1.142895781e-05 4.566507414e-05
171 -0.990785 0.300000 0.999991 -1.627168 8.460922 2.345055 0.000000 0.000000 0.000000 -1.000000 1 1.124781556e-05 4.570907913e-05
171 -0.990967 0.300000 0.999992 -1.627168 8.460922 2.345055 0.000000 0.000000 0.000000 -1.000000 1 1.146807335e-05 4.585599527e-05
171 -0.991145 0.300000 0.999992 -1.627168 8.460922 2.345055 0.000000 0.000000 0.000000 -1.000000 1 1.133815385e-05 4.578800872e-05
171 -0.991320 0.300000 0.999992 -1.627168 8.460922 2.345055 0.000000 0.000000 0.000000 -1.000000 1 1.115817577e-05 4.557007924e-05
171 -0.991491 0.300000 0.999992 -1.627168 8.460922 2.345055 0.000000 0.000000 0.000000 -1.000000 1 1.989584416e-05 7.087108679e-05
171 -0.991659 0.300000 0.999992 -1.627168 8.460922 2.345055 0.000000 0.000000 0.000000 -1.000000 1 1.045921817e-05 4.220684059e-05
171 -0.991824 0.300000 0.999992 -1.627168 8.460922 2.345055 0.000000 0.000000 0.000000 -1.000000 1 6.668036804e-06 2.704700455e-05
172 -0.988041 0.300000 0.999993 -1.571263 8.590300 2.390957 0.000000 0.000000 0.000000 -1.000000 1 6.545102224e-06 2.657109872e-05
172 -0.988277 0.300000 0.999993 -1.571263 8.590300 2.390957 0.000000 0.000000 0.000000 -1.000000 1 1.722504385e-05 1.155170612e-04
172 -0.988508 0.300000 0.999993 -1.571263 8.590300 2.390957 0.000000 0.000000 0.000000 -1.000000 1 1.141801476e-05 4.658009857e-05
172 -0.988735 0.300000 0.999993 -1.571263 8.590300 2.390957 0.000000 0.000000 0.000000 -1.000000 1 1.121708192e-05 4.533887841e-05
172 -0.988958 0.300000 0.999993 -1.571263 8.590300 2.390957 0.000000 0.000000 0.000000 -1.000000 1 7.258960977e-06 2.864282578e-05
172 -0.989176 0.300000 0.999993 -1.571263 8.590300 2.390957 0.000000 0.000000 0.000000 -1.000000 1 7.662922144e-06 3.149500117e-05
172 -0.989389 0.300000 0.999993 -1.571263 8.590300 2.390957 0.000000 0.000000 0.000000 -1.000000 1 4.506902769e-06 1.806393266e-05
172 -0.989599 0.300000 0.999994 -1.571263 8.590300 2.390957 0.000000 0.000000 0.000000 -1.000000 1 5.373964086e-06 2.122716978e-05
172 -0.989804 0.300000 0.999994 -1.571263 8.590300 2.390957 0.000000 0.000000 0.000000 -1.000000 1 1.065479591e-05 4.284409806e-05
172 -0.990005 0.300000 0.999994 -1.571263 8.590300 2.390957 0.000000 0.000000 0.000000 -1.000000 1 2.067908645e-05 6.939703599e-05
172 -0.990203 0.300000 0.999994 -1.571263 8.590300 2.390957 0.000000 0.000000 0.000000 -1.000000 1 1.145387068e-05 4.524993710e-05
172 -0.990396 0.300000 0.999994 -1.571263 8.590300 2.390957 0.000000 0.000000 0.000000 -1.000000 1 1.140404493e-05 4.524085671e-05
172 -0.990586 0.300000 0.999994 -1.571263 8.590300 2.390957 0.000000 0.000000 0.000000 -1.000000 1 1.113396138e-05 4.539079964e-05
172 -0.990772 0.300000 0.999994 -1.571263 8.590300 2.390957 0.000000 0.000000 0.000000 -1.000000 1 1.073186286e-05 4.262407310e-05
172 -0.990954 0.300000 0.999994 -1.571263 8.590300 2.390957 0.000000 0.000000 0.000000 -1.000000 1 3.739958629e-06 1.412420534e-05
172 -0.991132 0.300000 0.999995 -1.571263 8.590300 2.390957 0.000000 0.000000 0.000000 -1.000000 1 2.800021321e-06 1.170509495e-05
172 -0.991307 0.300000 0.999995 -1.571263 8.590300 2.390957 0.000000 0.000000 0.000000 -1.000000 1 5.193054676e-06 2.013915218e-05
172 -0.991479 0.300000 0.999995 -1.571263 8.590300 2.390957 0.000000 0.000000 0.000000 -1.000000 1 5.400972441e-06 2.126209438e-05
172 -0.991647 0.300000 0.999995 -1.571263 8.590300 2.390957 0.000000 0.000000 0.000000 -1.000000 1 1.155398786e-05 4.615704529e-05
172 -0.991812 0.300000 0.999995 -1.571263 8.590300 2.390957 0.000000 0.000000 0.000000 -1.000000 1 1.053605229e-05 4.270183854e-05
173 -0.988021 0.300000 0.999995 -1.520000 8.721485 2.440950 0.000000 0.000000 0.000000 -1.000000 1 1.134886406e-05 4.574703053e-05
173 -0.988258 0.300000 0.999995 -1.520000 8.721485 2.440950 0.000000 0.000000 0.000000 -1.000000 1 1.177517697e-05 4.664296284e-05
173 -0.988490 0.300000 0.999995 -1.520000 8.721485 2.440950 0.000000 0.000000 0.000000 -1.000000 1 1.122802496e-05 4.637986422e-05
173 -0.988717 0.300000 0.999995 -1.520000 8.721485 2.440950 0.000000 0.000000 0.000000 -1.000000 1 1.141289249e-05 4.657707177e-05
173 -0.988940 0.300000 0.999995 -1.520000 8.721485 2.440950 0.000000 0.000000 0.000000 -1.000000 1 9.300885722e-06 3.834790550e-05
173 -0.989158 0.300000 0.999995 -1.520000 8.721485 2.440950 0.000000 0.000000 0.000000 -1.000000 1 1.118914224e-05 4.674005322e-05
173 -0.989372 0.300000 0.999996 -1.520000 8.721485 2.440950 0.000000 0.000000 0.000000 -1.000000 1 1.187087037e-05 4.717102274e-05
173 -0.989582 0.300000 0.999996 -1.520000 8.721485 2.440950 0.000000 0.000000 0.000000 -1.000000 1 1.134793274e-05 4.547601566e-05
173 -0.989788 0.300000 0.999996 -1.520000 8.721485 2.440950 0.000000 0.000000 0.000000 -1.000000 1 1.124595292e-05 4.673097283e-05
173 -0.989989 0.300000 0.999996 -1.520000 8.721485 2.440950 0.000000 0.000000 0.000000 -1.000000 1 1.134211197e-05 4.536006600e-05
173 -0.990187 0.300000 0.999996 -1.520000 8.721485 2.440950 0.000000 0.000000 0.000000 -1.000000 1 8.479924873e-06 3.759306855e-05
173 -0.990381 0.300000 0.999996 -1.520000 8.721485 2.440950 0.000000 0.000000 0.000000 -1.000000 1 1.965998672e-05 6.904196925e-05
173 -0.990571 0.300000 0.999996 -1.520000 8.721485 2.440950 0.000000 0.000000 0.000000 -1.000000 1 1.112394966e-05 4.563201219e-05
173 -0.990757 0.300000 0.999996 -1.520000 8.721485 2.440950 0.000000 0.000000 0.000000 -1.000000 1 1.146900468e-05 4.543201067e-05
173 -0.990939 0.300000 0.999996 -1.520000 8.721485 2.440950 0.000000 0.000000 0.000000 -1.000000 1 1.114909537e-05 4.575587809e-05
173 -0.991118 0.300000 0.999996 -1.520000 8.721485 2.440950 0.000000 0.000000 0.000000 -1.000000 1 1.162989065e-05 4.566297866e-05
173 -0.991293 0.300000 0.999996 -1.520000 8.721485 2.440950 0.000000 0.000000 0.000000 -1.000000 1 1.144804992e-05 4.678592086e-05
173 -0.991465 0.300000 0.999996 -1.520000 8.721485 2.440950 0.000000 0.000000 0.000000 -1.000000 1 1.198798418e-05 4.653912038e-05
173 -0.991634 0.300000 0.999997 -1.520000 8.721485 2.440950 0.000000 0.000000 0.000000 -1.000000 1 1.146504655e-05 4.591792822e-05
173 -0.991799 0.300000 0.999997 -1.520000 8.721485 2.440950 0.000000 0.000000 0.000000 -1.000000 1 9.289011359e-06 3.775907680e-05
174 -0.988009 0.300000 0.999997 -1.469847 8.854640 2.494127 0.000000 0.000000 0.000000 -1.000000 1 6.835907698e-06 2.691103145e-05
174 -0.988245 0.300000 0.999997 -1.469847 8.854640 2.494127 0.000000 0.000000 0.000000 -1.000000 1 8.610077202e-06 3.456091508e-05
174 -0.988477 0.300000 0.999997 -1.469847 8.854640 2.494127 0.000000 0.000000 0.000000 -1.000000 1 1.132814214e-05 4.540593363e-05
174 -0.988705 0.300000 0.999997 -1.469847 8.854640 2.494127 0.000000 0.000000 0.000000 -1.000000 1 1.161685213e-05 4.592584446e-05
174 -0.988928 0.300000 0.999997 -1.469847 8.854640 2.494127 0.000000 0.000000 0.000000 -1.000000 1 1.053488813e-05 4.192511551e-05
174 -0.989146 0.300000 0.999997 -1.469847 8.854640 2.494127 0.000000 0.000000 0.000000 -1.000000 1 1.164688729e-05 4.667998292e-05
174 -0.989361 0.300000 0.999997 -1.469847 8.854640 2.494127 0.000000 0.000000 0.000000 -1.000000 1 1.061009243e-05 4.392978735e-05
174 -0.989571 0.300000 0.999997 -1.469847 8.854640 2.494127 0.000000 0.000000 0.000000 -1.000000 1 1.134700142e-05 4.561594687e-05
174 -0.989777 0.300000 0.999997 -1.469847 8.854640 2.494127 0.000000 0.000000 0.000000 -1.000000 1 1.982017420e-05 6.804987788e-05
174 -0.989979 0.300000 0.999997 -1.469847 8.854640 2.494127 0.000000 0.000000 0.000000 -1.000000 1 1.147505827e-05 4.511792213e-05
174 -0.990176 0.300000 0.999997 -1.469847 8.854640 2.494127 0.000000 0.000000 0.000000 -1.000000 1 1.167901792e-05 4.791398533e-05
174 -0.990370 0.300000 0.999997 -1.469847 8.854640 2.494127 0.000000 0.000000 0.000000 -1.000000 1 1.146015711e-05 4.603806883e-05
174 -0.990560 0.300000 0.999997 -1.469847 8.854640 2.494127 0.000000 0.000000 0.000000 -1.000000 1 1.133792102e-05 4.596891813e-05
174 -0.990747 0.300000 0.999997 -1.469847 8.854640 2.494127 0.000000 0.000000 0.000000 -1.000000 1 1.968699507e-05 5.324115045e-05
174 -0.990929 0.300000 0.999997 -1.469847 8.854640 2.494127 0.000000 0.000000 0.000000 -1.000000 1 1.123407856e-05 4.524900578e-05
174 -0.991109 0.300000 0.999998 -1.469847 8.854640 2.494127 0.000000 0.000000 0.000000 -1.000000 1 1.193094067e-05 4.671909846e-05
174 -0.991284 0.300000 0.999998 -1.469847 8.854640 2.494127 0.000000 0.000000 0.000000 -1.000000 1 1.132511534e-05 4.613306373e-05
174 -0.991456 0.300000 0.999998 -1.469847 8.854640 2.494127 0.000000 0.000000 0.000000 -1.000000 1 1.138588414e-05 4.542316310e-05
174 -0.991625 0.300000 0.999998 -1.469847 8.854640 2.494127 0.000000 0.000000 0.000000 -1.000000 1 1.141801476e-05 4.544504918e-05
174 -0.991790 0.300000 0.999998 -1.469847 8.854640 2.494127 0.000000 0.000000 0.000000 -1.000000 1 1.143594272e-05 4.563806579e-05
175 -0.988000 0.300000 0.999998 -1.424946 8.989799 2.551558 0.000000 0.000000 0.000000 -1.000000 1 1.521292143e-05 5.430309102e-05
175 -0.988237 0.300000 0.999998 -1.424946 8.989799 2.551558 0.000000 0.000000 0.000000 -1.000000 1 1.074303873e-05 4.349392839e-05
175 -0.988469 0.300000 0.999998 -1.424946 8.989799 2.551558 0.000000 0.000000 0.000000 -1.000000 1 1.151603647e-05 5.043786950e-05
175 -0.988697 0.300000 0.999998 -1.424946 8.989799 2.551558 0.000000 0.000000 0.000000 -1.000000 1 1.140194945e-05 4.626810551e-05
175 -0.988920 0.300000 0.999998 -1.424946 8.989799 2.551558 0.000000 0.000000 0.000000 -1.000000 1 1.118588261e-05 4.545296542e-05
175 -0.989139 0.300000 0.999998 -1.424946 8.989799 2.551558 0.000000 0.000000 0.000000 -1.000000 1 2.034800127e-05 6.823800504e-05
175 -0.989353 0.300000 0.999998 -1.424946 8.989799 2.551558 0.000000 0.000000 0.000000 -1.000000 1 1.129205339e-05 4.604994319e-05
175 -0.989563 0.300000 0.999998 -1.424946 8.989799 2.551558 0.000000 0.000000 0.000000 -1.000000 1 1.169298775e-05 4.659011029e-05
175 -0.989769 0.300000 0.999998 -1.424946 8.989799 2.551558 0.000000 0.000000 0.000000 -1.000000 1 1.118401997e-05 4.510511644e-05
175 -0.989971 0.300000 0.999998 -1.424946 8.989799 2.551558 0.000000 0.000000 0.000000 -1.000000 1 1.170812175e-05 4.644296132e-05
175 -0.990169 0.300000 0.999998 -1.424946 8.989799 2.551558 0.000000 0.000000 0.000000 -1.000000 1 1.125806011e-05 4.543503746e-05
175 -0.990363 0.300000 0.999998 -1.424946 8.989799 2.551558 0.000000 0.000000 0.000000 -1.000000 1 1.126504503e-05 4.560104571e-05
175 -0.990554 0.300000 0.999998 -1.424946 8.989799 2.551558 0.000000 0.000000 0.000000 -1.000000 1 1.181196421e-05 4.860991612e-05
175 -0.990740 0.300000 0.999998 -1.424946 8.989799 2.551558 0.000000 0.000000 0.000000 -1.000000 1 1.147785224e-05 4.579708911e-05
175 -0.990923 0.300000 0.999998 -1.424946 8.989799 2.551558 0.000000 0.000000 0.000000 -1.000000 1 1.054583117e-05 4.216097295e-05
175 -0.991102 0.300000 0.999998 -1.424946 8.989799 2.551558 0.000000 0.000000 0.000000 -1.000000 1 1.048296690e-05 4.280800931e-05
175 -0.991278 0.300000 0.999998 -1.424946 8.989799 2.551558 0.000000 0.000000 0.000000 -1.000000 1 1.143594272e-05 4.659709521e-05
175 -0.991450 0.300000 0.999998 -1.424946 8.989799 2.551558 0.000000 0.000000 0.000000 -1.000000 1 1.335493289e-05 5.156593397e-05
175 -0.991619 0.300000 0.999998 -1.424946 8.989799 2.551558 0.000000 0.000000 0.000000 -1.000000 1 1.155608334e-05 4.602200352e-05
175 -0.991784 0.300000 0.999998 -1.424946 8.989799 2.551558 0.000000 0.000000 0.000000 -1.000000 1 1.121102832e-05 4.634284414e-05
176 -0.987986 0.300000 0.999998 -1.381297 9.128405 2.612486 0.000000 0.000000 0.000000 -1.000000 1 1.131091267e-05 4.500383511e-05
176 -0.988223 0.300000 0.999998 -1.381297 9.128405 2.612486 0.000000 0.000000 0.000000 -1.000000 1 1.163990237e-05 4.781992175e-05
176 -0.988456 0.300000 0.999998 -1.381297 9.128405 2.612486 0.000000 0.000000 0.000000 -1.000000 1 2.941396087e-05 7.298192941e-05
176 -0.988684 0.300000 0.999998 -1.381297 9.128405 2.612486 0.000000 0.000000 0.000000 -1.000000 1 1.143198460e-05 4.595192149e-05
176 -0.988907 0.300000 0.999999 -1.381297 9.128405 2.612486 0.000000 0.000000 0.000000 -1.000000 1 1.126597635e-05 4.508113489e-05
176 -0.989126 0.300000 0.999999 -1.381297 9.128405 2.612486 0.000000 0.000000 0.000000 -1.000000 1 1.119705848e-05 4.663993604e-05
176 -0.989341 0.300000 0.999999 -1.381297 9.128405 2.612486 0.000000 0.000000 0.000000 -1.000000 1 1.114793122e-05 5.548400804e-05
176 -0.989551 0.300000 0.999999 -1.381297 9.128405 2.612486 0.000000 0.000000 0.000000 -1.000000 1 1.135305502e-05 4.528602585e-05
176 -0.989758 0.300000 0.999999 -1.381297 9.128405 2.612486 0.000000 0.000000 0.000000 -1.000000 1 1.116609201e-05 4.529603757e-05
176 -0.989960 0.300000 0.999999 -1.381297 9.128405 2.612486 0.000000 0.000000 0.000000 -1.000000 1 1.155212522e-05 4.546483979e-05
176 -0.990158 0.300000 0.999999 -1.381297 9.128405 2.612486 0.000000 0.000000 0.000000 -1.000000 1 1.122104004e-05 4.561897367e-05
176 -0.990352 0.300000 0.999999 -1.381297 9.128405 2.612486 0.000000 0.000000 0.000000 -1.000000 1 1.888000406e-05 5.434895866e-05
176 -0.990543 0.300000 0.999999 -1.381297 9.128405 2.612486 0.000000 0.000000 0.000000 -1.000000 1 1.128995791e-05 4.595704377e-05
176 -0.990730 0.300000 0.999999 -1.381297 9.128405 2.612486 0.000000 0.000000 0.000000 -1.000000 1 1.557194628e-05 5.947495811e-05
176 -0.990913 0.300000 0.999999 -1.381297 9.128405 2.612486 0.000000 0.000000 0.000000 -1.000000 1 2.197711729e-05 7.745693438e-05
176 -0.991092 0.300000 0.999999 -1.381297 9.128405 2.612486 0.000000 0.000000 0.000000 -1.000000 1 1.402804628e-05 5.275290459e-05
176 -0.991268 0.300000 0.999999 -1.381297 9.128405 2.612486 0.000000 0.000000 0.000000 -1.000000 1 2.754852176e-06 1.143408008e-05
176 -0.991440 0.300000 0.999999 -1.381297 9.128405 2.612486 0.000000 0.000000 0.000000 -1.000000 1 2.840999514e-06 1.174397767e-05
176 -0.991609 0.300000 0.999999 -1.381297 9.128405 2.612486 0.000000 0.000000 0.000000 -1.000000 1 1.004408114e-05 3.991695121e-05
176 -0.991775 0.300000 0.999999 -1.381297 9.128405 2.612486 0.000000 0.000000 0.000000 -1.000000 1 1.441501081e-05 5.366001278e-05
177 -0.987969 0.300000 0.999999 -1.343682 9.269182 2.677893 0.000000 0.000000 0.000000 -1.000000 1 1.166691072e-05 4.593702033e-05
177 -0.988207 0.300000 0.999999 -1.343682 9.269182 2.677893 0.000000 0.000000 0.000000 -1.000000 1 1.165387221e-05 4.589301534e-05
177 -0.988440 0.300000 0.999999 -1.343682 9.269182 2.677893 0.000000 0.000000 0.000000 -1.000000 1 1.131580211e-05 4.677800462e-05
177 -0.988668 0.300000 0.999999 -1.343682 9.269182 2.677893 0.000000 0.000000 0.000000 -1.000000 1 1.127808355e-05 4.563317634e-05
177 -0.988891 0.300000 0.999999 -1.343682 9.269182 2.677893 0.000000 0.000000 0.000000 -1.000000 1 1.129903831e-05 4.501012154e-05
177 -0.989111 0.300000 0.999999 -1.343682 9.269182 2.677893 0.000000 0.000000 0.000000 -1.000000 1 1.146411523e-05 5.499413237e-05
177 -0.989326 0.300000 0.999999 -1.343682 9.269182 2.677893 0.000000 0.000000 0.000000 -1.000000 1 1.165899448e-05 4.612514749e-05
177 -0.989537 0.300000 0.999999 -1.343682 9.269182 2.677893 0.000000 0.000000 0.000000 -1.000000 1 1.136306673e-05 4.588579759e-05
177 -0.989743 0.300000 0.999999 -1.343682 9.269182 2.677893 0.000000 0.000000 0.000000 -1.000000 1 1.166411676e-05 4.608579911e-05
177 -0.989946 0.300000 0.999999 -1.343682 9.269182 2.677893 0.000000 0.000000 0.000000 -1.000000 1 1.189485192e-05 4.646205343e-05
177 -0.990144 0.300000 0.999999 -1.343682 9.269182 2.677893 0.000000 0.000000 0.000000 -1.000000 1 1.119496301e-05 4.529394209e-05
177 -0.990339 0.300000 0.999999 -1.343682 9.269182 2.677893 0.000000 0.000000 0.000000 -1.000000 1 1.334189437e-05 5.024997517e-05
177 -0.990529 0.300000 0.999999 -1.343682 9.269182 2.677893 0.000000 0.000000 0.000000 -1.000000 1 1.128017902e-05 4.458799958e-05
177 -0.990716 0.300000 0.999999 -1.343682 9.269182 2.677893 0.000000 0.000000 0.000000 -1.000000 1 1.128017902e-05 4.523899406e-05
177 -0.990900 0.300000 0.999999 -1.343682 9.269182 2.677893 0.000000 0.000000 0.000000 -1.000000 1 1.135794446e-05 4.526809789e-05
177 -0.991079 0.300000 0.999999 -1.343682 9.269182 2.677893 0.000000 0.000000 0.000000 -1.000000 1 1.115887426e-05 4.531606100e-05
177 -0.991255 0.300000 0.999999 -1.343682 9.269182 2.677893 0.000000 0.000000 0.000000 -1.000000 1 1.967302524e-05 6.814789958e-05
177 -0.991428 0.300000 0.999999 -1.343682 9.269182 2.677893 0.000000 0.000000 0.000000 -1.000000 1 1.186318696e-05 4.642689601e-05
177 -0.991597 0.300000 0.999999 -1.343682 9.269182 2.677893 0.000000 0.000000 0.000000 -1.000000 1 1.142802648e-05 4.618917592e-05
177 -0.991763 0.300000 0.999999 -1.343682 9.269182 2.677893 0.000000 0.000000 0.000000 -1.000000 1 1.117796637e-05 4.490790889e-05
178 -0.987958 0.300000 0.999999 -1.308356 9.412081 2.746887 0.000000 0.000000 0.000000 -1.000000 1 1.168693416e-05 4.540802911e-05
178 -0.988195 0.300000 0.999999 -1.308356 9.412081 2.746887 0.000000 0.000000 0.000000 -1.000000 1 1.142197289e-05 4.680408165e-05
178 -0.988428 0.300000 0.999999 -1.308356 9.412081 2.746887 0.000000 0.000000 0.000000 -1.000000 1 1.148390584e-05 4.594400525e-05
178 -0.988657 0.300000 0.999999 -1.308356 9.412081 2.746887 0.000000 0.000000 0.000000 -1.000000 1 1.186784357e-05 6.254995242e-05
178 -0.988881 0.300000 0.999999 -1.308356 9.412081 2.746887 0.000000 0.000000 0.000000 -1.000000 1 8.726958185e-06 3.538909368e-05
178 -0.989100 0.300000 0.999999 -1.308356 9.412081 2.746887 0.000000 0.000000 0.000000 -1.000000 1 1.152488403e-05 4.557706416e-05
178 -0.989316 0.300000 0.999999 -1.308356 9.412081 2.746887 0.000000 0.000000 0.000000 -1.000000 1 1.125410199e-05 4.546600394e-05
178 -0.989527 0.300000 0.999999 -1.308356 9.412081 2.746887 0.000000 0.000000 0.000000 -1.000000 1 1.171603799e-05 4.634680226e-05
178 -0.989733 0.300000 0.999999 -1.308356 9.412081 2.746887 0.000000 0.000000 0.000000 -1.000000 1 1.298892312e-05 5.021784455e-05
178 -0.989936 0.300000 0.999999 -1.308356 9.412081 2.746887 0.000000 0.000000 0.000000 -1.000000 1 1.161615364e-05 4.640896805e-05
178 -0.990135 0.300000 0.999999 -1.308356 9.412081 2.746887 0.000000 0.000000 0.000000 -1.000000 1 1.129787415e-05 4.545808770e-05
178 -0.990329 0.300000 0.999999 -1.308356 9.412081 2.746887 0.000000 0.000000 0.000000 -1.000000 1 1.121498644e-05 4.666903988e-05
178 -0.990520 0.300000 0.999999 -1.308356 9.412081 2.746887 0.000000 0.000000 0.000000 -1.000000 1 1.119496301e-05 4.635797814e-05
178 -0.990708 0.300000 0.999999 -1.308356 9.412081 2.746887 0.000000 0.000000 0.000000 -1.000000 1 1.980806701e-05 6.857514381e-05
178 -0.990891 0.300000 0.999999 -1.308356 9.412081 2.746887 0.000000 0.000000 0.000000 -1.000000 1 1.117889769e-05 4.477892071e-05
178 -0.991071 0.300000 0.999999 -1.308356 9.412081 2.746887 0.000000 0.000000 0.000000 -1.000000 1 1.152697951e-05 4.581105895e-05
178 -0.991247 0.300000 0.999999 -1.308356 9.412081 2.746887 0.000000 0.000000 0.000000 -1.000000 1 1.144502312e-05 4.512188025e-05
178 -0.991420 0.300000 0.999999 -1.308356 9.412081 2.746887 0.000000 0.000000 0.000000 -1.000000 1 1.109996811e-05 4.679709673e-05
178 -0.991589 0.300000 0.999999 -1.308356 9.412081 2.746887 0.000000 0.000000 0.000000 -1.000000 1 1.119985245e-05 4.633702338e-05
178 -0.991755 0.300000 0.999999 -1.308356 9.412081 2.746887 0.000000 0.000000 0.000000 -1.000000 1 1.128204167e-05 4.688790068e-05
179 -0.987950 0.300000 0.999999 -1.279879 9.557169 2.820561 0.000000 0.000000 0.000000 -1.000000 1 1.703808084e-05 1.140821259e-04
179 -0.988188 0.300000 0.999999 -1.279879 9.557169 2.820561 0.000000 0.000000 0.000000 -1.000000 1 1.598405652e-05 1.111470629e-04
179 -0.988421 0.300000 1.000000 -1.279879 9.557169 2.820561 0.000000 0.000000 0.000000 -1.000000 1 1.128204167e-05 4.587392323e-05
179 -0.988650 0.300000 1.000000 -1.279879 9.557169 2.820561 0.000000 0.000000 0.000000 -1.000000 1 1.154188067e-05 4.620803520e-05
179 -0.988874 0.300000 1.000000 -1.279879 9.557169 2.820561 0.000000 0.000000 0.000000 -1.000000 1 1.958990470e-05 7.098098285e-05
179 -0.989093 0.300000 1.000000 -1.279879 9.557169 2.820561 0.000000 0.000000 0.000000 -1.000000 1 1.339009032e-05 5.141086876e-05
179 -0.989309 0.300000 1.000000 -1.279879 9.557169 2.820561 0.000000 0.000000 0.000000 -1.000000 1 1.122499816e-05 4.528998397e-05
179 -0.989520 0.300000 1.000000 -1.279879 9.557169 2.820561 0.000000 0.000000 0.000000 -1.000000 1 1.120613888e-05 5.631893873e-05
179 -0.989727 0.300000 1.000000 -1.279879 9.557169 2.820561 0.000000 0.000000 0.000000 -1.000000 1 1.136702485e-05 4.580686800e-05
179 -0.989930 0.300000 1.000000 -1.279879 9.557169 2.820561 0.000000 0.000000 0.000000 -1.000000 1 1.129484735e-05 4.546693526e-05
179 -0.990128 0.300000 1.000000 -1.279879 9.557169 2.820561 0.000000 0.000000 0.000000 -1.000000 1 1.731910743e-05 6.108894013e-05
179 -0.990323 0.300000 1.000000 -1.279879 9.557169 2.820561 0.000000 0.000000 0.000000 -1.000000 1 1.381710172e-05 5.092192441e-05
179 -0.990514 0.300000 1.000000 -1.279879 9.557169 2.820561 0.000000 0.000000 0.000000 -1.000000 1 3.695953637e-06 1.505599357e-05
179 -0.990702 0.300000 1.000000 -1.279879 9.557169 2.820561 0.000000 0.000000 0.000000 -1.000000 1 3.947177902e-06 1.582805999e-05
179 -0.990885 0.300000 1.000000 -1.279879 9.557169 2.820561 0.000000 0.000000 0.000000 -1.000000 1 1.133698970e-05 4.553492181e-05
179 -0.991065 0.300000 1.000000 -1.279879 9.557169 2.820561 0.000000 0.000000 0.000000 -1.000000 1 1.338007860e-05 4.588998854e-05
179 -0.991241 0.300000 1.000000 -1.279879 9.557169 2.820561 0.000000 0.000000 0.000000 -1.000000 1 1.142593101e-05 4.540616646e-05
179 -0.991414 0.300000 1.000000 -1.279879 9.557169 2.820561 0.000000 0.000000 0.000000 -1.000000 1 1.158216037e-05 4.674098454e-05
179 -0.991584 0.300000 1.000000 -1.279879 9.557169 2.820561 0.000000 0.000000 0.000000 -1.000000 1 1.131393947e-05 4.628603347e-05
179 -0.991750 0.300000 1.000000 -1.279879 9.557169 2.820561 0.000000 0.000000 0.000000 -1.000000 1 1.153699122e-05 4.574097693e-05
180 -0.987937 0.300000 1.000000 -1.254189 9.705764 2.898175 0.000000 0.000000 0.000000 -1.000000 1 1.220195554e-05 5.169399083e-05
180 -0.988175 0.300000 1.000000 -1.254189 9.705764 2.898175 0.000000 0.000000 0.000000 -1.000000 1 1.127994619e-05 4.591792822e-05
180 -0.988408 0.300000 1.000000 -1.254189 9.705764 2.898175 0.000000 0.000000 0.000000 -1.000000 1 1.291721128e-05 5.545699969e-05
180 -0.988637 0.300000 1.000000 -1.254189 9.705764 2.898175 0.000000 0.000000 0.000000 -1.000000 1 1.120008528e-05 4.496308975e-05
180 -0.988862 0.300000 1.000000 -1.254189 9.705764 2.898175 0.000000 0.000000 0.000000 -1.000000 1 1.123012044e-05 4.522781819e-05
180 -0.989082 0.300000 1.000000 -1.254189 9.705764 2.898175 0.000000 0.000000 0.000000 -1.000000 1 1.116795465e-05 4.506111145e-05
180 -0.989297 0.300000 1.000000 -1.254189 9.705764 2.898175 0.000000 0.000000 0.000000 -1.000000 1 1.150113530e-05 5.103414878e-05
180 -0.989508 0.300000 1.000000 -1.254189 9.705764 2.898175 0.000000 0.000000 0.000000 -1.000000 1 1.949910074e-05 6.842799485e-05
180 -0.989716 0.300000 1.000000 -1.254189 9.705764 2.898175 0.000000 0.000000 0.000000 -1.000000 1 1.129088923e-05 4.634098150e-05
180 -0.989919 0.300000 1.000000 -1.254189 9.705764 2.898175 0.000000 0.000000 0.000000 -1.000000 1 1.138006337e-05 4.540802911e-05
180 -0.990118 0.300000 1.000000 -1.254189 9.705764 2.898175 0.000000 0.000000 0.000000 -1.000000 1 1.137494110e-05 4.650605842e-05
180 -0.990313 0.300000 1.000000 -1.254189 9.705764 2.898175 0.000000 0.000000 0.000000 -1.000000 1 1.144106500e-05 4.582991824e-05
180 -0.990504 0.300000 1.000000 -1.254189 9.705764 2.898175 0.000000 0.000000 0.000000 -1.000000 1 1.124292612e-05 4.515587352e-05
180 -0.990691 0.300000 1.000000 -1.254189 9.705764 2.898175 0.000000 0.000000 0.000000 -1.000000 1 1.124711707e-05 4.664505832e-05
180 -0.990875 0.300000 1.000000 -1.254189 9.705764 2.898175 0.000000 0.000000 0.000000 -1.000000 1 1.164292917e-05 4.729581997e-05
180 -0.991055 0.300000 1.000000 -1.254189 9.705764 2.898175 0.000000 0.000000 0.000000 -1.000000 1 1.127598807e-05 4.594307393e-05
180 -0.991232 0.300000 1.000000 -1.254189 9.705764 2.898175 0.000000 0.000000 0.000000 -1.000000 1 1.129903831e-05 4.675099626e-05
180 -0.991405 0.300000 1.000000 -1.254189 9.705764 2.898175 0.000000 0.000000 0.000000 -1.000000 1 1.140614040e-05 4.631886259e-05
180 -0.991575 0.300000 1.000000 -1.254189 9.705764 2.898175 0.000000 0.000000 0.000000 -1.000000 1 1.059193164e-05 4.250998609e-05
180 -0.991741 0.300000 1.000000 -1.254189 9.705764 2.898175 0.000000 0.000000 0.000000 -1.000000 1 1.364690252e-05 5.708192475e-05
181 -0.987920 0.300000 1.000000 -1.236355 9.856477 2.980718 0.000000 0.000000 0.000000 -1.000000 1 2.282415517e-05 5.740090273e-05
181 -0.988159 0.300000 1.000000 -1.236355 9.856477 2.980718 0.000000 0.000000 0.000000 -1.000000 1 1.146807335e-05 4.556798376e-05
181 -0.988392 0.300000 1.000000 -1.236355 9.856477 2.980718 0.000000 0.000000 0.000000 -1.000000 1 1.126783900e-05 4.503293894e-05
181 -0.988622 0.300000 1.000000 -1.236355 9.856477 2.980718 0.000000 0.000000 0.000000 -1.000000 1 1.145689748e-05 4.633492790e-05
181 -0.988846 0.300000 1.000000 -1.236355 9.856477 2.980718 0.000000 0.000000 0.000000 -1.000000 1 2.006790601e-05 2.130009234e-04
181 -0.989066 0.300000 1.000000 -1.236355 9.856477 2.980718 0.000000 0.000000 0.000000 -1.000000 1 1.136702485e-05 4.514399916e-05
181 -0.989282 0.300000 1.000000 -1.236355 9.856477 2.980718 0.000000 0.000000 0.000000 -1.000000 1 1.122104004e-05 4.532188177e-05
181 -0.989494 0.300000 1.000000 -1.236355 9.856477 2.980718 0.000000 0.000000 0.000000 -1.000000 1 1.126201823e-05 4.554796033e-05
181 -0.989701 0.300000 1.000000 -1.236355 9.856477 2.980718 0.000000 0.000000 0.000000 -1.000000 1 1.127505675e-05 4.542898387e-05
181 -0.989905 0.300000 1.000000 -1.236355 9.856477 2.980718 0.000000 0.000000 0.000000 -1.000000 1 1.108879223e-05 4.493701272e-05
181 -0.990104 0.300000 1.000000 -1.236355 9.856477 2.980718 0.000000 0.000000 0.000000 -1.000000 1 1.140194945e-05 4.558498040e-05
181 -0.990299 0.300000 1.000000 -1.236355 9.856477 2.980718 0.000000 0.000000 0.000000 -1.000000 1 1.144106500e-05 4.624598660e-05
181 -0.990491 0.300000 1.000000 -1.236355 9.856477 2.980718 0.000000 0.000000 0.000000 -1.000000 1 1.128111035e-05 4.662107676e-05
181 -0.990679 0.300000 1.000000 -1.236355 9.856477 2.980718 0.000000 0.000000 0.000000 -1.000000 1 1.117517240e-05 4.552607425e-05
181 -0.990863 0.300000 1.000000 -1.236355 9.856477 2.980718 0.000000 0.000000 0.000000 -1.000000 1 1.217098907e-05 4.689302295e-05
181 -0.991043 0.300000 1.000000 -1.236355 9.856477 2.980718 0.000000 0.000000 0.000000 -1.000000 1 1.142895781e-05 4.570186138e-05
181 -0.991220 0.300000 1.000000 -1.236355 9.856477 2.980718 0.000000 0.000000 0.000000 -1.000000 1 1.315819100e-05 5.185720511e-05
181 -0.991393 0.300000 1.000000 -1.236355 9.856477 2.980718 0.000000 0.000000 0.000000 -1.000000 1 1.156702638e-05 4.564202391e-05
181 -0.991563 0.300000 1.000000 -1.236355 9.856477 2.980718 0.000000 0.000000 0.000000 -1.000000 1 1.638685353e-05 1.121601090e-04
181 -0.991730 0.300000 1.000000 -1.236355 9.856477 2.980718 0.000000 0.000000 0.000000 -1.000000 1 1.126690768e-05 4.652701318e-05
181 -0.991893 0.300000 1.000000 -1.236355 9.856477 2.980718 0.000000 0.000000 0.000000 -1.000000 1 1.142104156e-05 4.595797509e-05
182 -0.988140 0.300000 1.000000 -1.222301 10.009780 3.067374 0.000000 0.000000 0.000000 -1.000000 1 1.325807534e-05 5.011307076e-05
182 -0.988374 0.300000 1.000000 -1.222301 10.009780 3.067374 0.000000 0.000000 0.000000 -1.000000 1 1.168204471e-05 4.548206925e-05
182 -0.988603 0.300000 1.000000 -1.222301 10.009780 3.067374 0.000000 0.000000 0.000000 -1.000000 1 6.491295062e-05 1.624068245e-04
182 -0.988828 0.300000 1.000000 -1.222301 10.009780 3.067374 0.000000 0.000000 0.000000 -1.000000 1 1.135584898e-05 4.536309280e-05
182 -0.989049 0.300000 1.000000 -1.222301 10.009780 3.067374 0.000000 0.000000 0.000000 -1.000000 1 6.630085409e-06 2.319505438e-05
182 -0.989265 0.300000 1.000000 -1.222301 10.009780 3.067374 0.000000 0.000000 0.000000 -1.000000 1 5.184905604e-06 2.035778016e-05
182 -0.989477 0.300000 1.000000 -1.222301 10.009780 3.067374 0.000000 0.000000 0.000000 -1.000000 1 2.807006240e-06 1.150788739e-05
182 -0.989685 0.300000 1.000000 -1.222301 10.009780 3.067374 0.000000 0.000000 0.000000 -1.000000 1 7.639173418e-06 3.040302545e-05
182 -0.989889 0.300000 1.000000 -1.222301 10.009780 3.067374 0.000000 0.000000 0.000000 -1.000000 1 6.870133802e-06 2.748821862e-05
182 -0.990088 0.300000 1.000000 -1.222301 10.009780 3.067374 0.000000 0.000000 0.000000 -1.000000 1 4.529953003e-06 1.845299266e-05
182 -0.990284 0.300000 1.000000 -1.222301 10.009780 3.067374 0.000000 0.000000 0.000000 -1.000000 1 4.093162715e-06 1.665088348e-05
182 -0.990476 0.300000 1.000000 -1.222301 10.009780 3.067374 0.000000 0.000000 0.000000 -1.000000 1 3.002816811e-06 1.250789501e-05
182 -0.990664 0.300000 1.000000 -1.222301 10.009780 3.067374 0.000000 0.000000 0.000000 -1.000000 1 8.587026969e-06 3.371085040e-05
182 -0.990848 0.300000 1.000000 -1.222301 10.009780 3.067374 0.000000 0.000000 0.000000 -1.000000 1 7.882015780e-06 3.374903463e-05
182 -0.991029 0.300000 1.000000 -1.222301 10.009780 3.067374 0.000000 0.000000 0.000000 -1.000000 1 1.120613888e-05 4.674494267e-05
182 -0.991206 0.300000 1.000000 -1.222301 10.009780 3.067374 0.000000 0.000000 0.000000 -1.000000 1 1.121615060e-05 4.599406384e-05
182 -0.991379 0.300000 1.000000 -1.222301 10.009780 3.067374 0.000000 0.000000 0.000000 -1.000000 1 1.181312837e-05 4.746718332e-05
182 -0.991550 0.300000 1.000000 -1.222301 10.009780 3.067374 0.000000 0.000000 0.000000 -1.000000 1 2.047605813e-05 8.200481534e-05
182 -0.991716 0.300000 1.000000 -1.222301 10.009780 3.067374 0.000000 0.000000 0.000000 -1.000000 1 1.138192602e-05 4.563899711e-05
182 -0.991880 0.300000 1.000000 -1.222301 10.009780 3.067374 0.000000 0.000000 0.000000 -1.000000 1 1.148902811e-05 4.627299495e-05
183 -0.988811 0.300000 1.000000 -1.217213 10.164140 3.159117 0.000000 0.000000 0.000000 -1.000000 1 1.196004450e-05 4.653586075e-05
183 -0.989032 0.300000 1.000000 -1.217213 10.164140 3.159117 0.000000 0.000000 0.000000 -1.000000 1 1.144991256e-05 4.654587246e-05
183 -0.989248 0.300000 1.000000 -1.217213 10.164140 3.159117 0.000000 0.000000 0.000000 -1.000000 1 1.107715070e-05 4.491698928e-05
183 -0.989460 0.300000 1.000000 -1.217213 10.164140 3.159117 0.000000 0.000000 0.000000 -1.000000 1 1.136399806e-05 5.242088810e-05
183 -0.989668 0.300000 1.000000 -1.217213 10.164140 3.159117 0.000000 0.000000 0.000000 -1.000000 1 1.166993752e-05 6.680097431e-05
183 -0.989872 0.300000 1.000000 -1.217213 10.164140 3.159117 0.000000 0.000000 0.000000 -1.000000 1 1.124897972e-05 4.476495087e-05
183 -0.990072 0.300000 1.000000 -1.217213 10.164140 3.159117 0.000000 0.000000 0.000000 -1.000000 1 1.197797246e-05 4.705507308e-05
183 -0.990268 0.300000 1.000000 -1.217213 10.164140 3.159117 0.000000 0.000000 0.000000 -1.000000 1 1.137680374e-05 4.633516073e-05
183 -0.990460 0.300000 1.000000 -1.217213 10.164140 3.159117 0.000000 0.000000 0.000000 -1.000000 1 1.136586070e-05 4.575983621e-05
183 -0.990649 0.300000 1.000000 -1.217213 10.164140 3.159117 0.000000 0.000000 0.000000 -1.000000 1 1.289905049e-05 4.999013618e-05
183 -0.990833 0.300000 1.000000 -1.217213 10.164140 3.159117 0.000000 0.000000 0.000000 -1.000000 1 1.148483716e-05 4.614214413e-05
183 -0.991014 0.300000 1.000000 -1.217213 10.164140 3.159117 0.000000 0.000000 0.000000 -1.000000 1 1.121684909e-05 4.501314834e-05
183 -0.991192 0.300000 1.000000 -1.217213 10.164140 3.159117 0.000000 0.000000 0.000000 -1.000000 1 1.399801113e-05 4.922482185e-05
183 -0.991366 0.300000 1.000000 -1.217213 10.164140 3.159117 0.000000 0.000000 0.000000 -1.000000 1 1.145713031e-05 5.018711090e-05
183 -0.991536 0.300000 1.000000 -1.217213 10.164140 3.159117 0.000000 0.000000 0.000000 -1.000000 1 2.331193537e-05 9.580212645e-05
183 -0.991703 0.300000 1.000000 -1.217213 10.164140 3.159117 0.000000 0.000000 0.000000 -1.000000 1 9.161885828e-06 3.755115904e-05
183 -0.991867 0.300000 1.000000 -1.217213 10.164140 3.159117 0.000000 0.000000 0.000000 -1.000000 1 1.187296584e-05 4.599103704e-05
183 -0.992028 0.300000 1.000000 -1.217213 10.164140 3.159117 0.000000 0.000000 0.000000 -1.000000 1 1.146201976e-05 4.528998397e-05
183 -0.992185 0.300000 1.000000 -1.217213 10.164140 3.159117 0.000000 0.000000 0.000000 -1.000000 1 1.138402149e-05 4.543014802e-05
183 -0.992339 0.300000 1.000000 -1.217213 10.164140 3.159117 0.000000 0.000000 0.000000 -1.000000 1 1.152791083e-05 4.577403888e-05
184 -0.992491 0.300000 1.000000 -1.216831 10.320667 3.255181 0.000000 0.000000 0.000000 -1.000000 1 2.790940925e-06 1.109787263e-05
184 -0.992639 0.300000 1.000000 -1.216831 10.320667 3.255181 0.000000 0.000000 0.000000 -1.000000 1 6.323214620e-06 3.046100028e-05
184 -0.992784 0.300000 1.000000 -1.216831 10.320667 3.255181 0.000000 0.000000 0.000000 -1.000000 1 6.994931027e-06 2.773501910e-05
184 -0.992927 0.300000 1.000000 -1.216831 10.320667 3.255181 0.000000 0.000000 0.000000 -1.000000 1 1.131999306e-05 4.674587399e-05
184 -0.993066 0.300000 1.000000 -1.216831 10.320667 3.255181 0.000000 0.000000 0.000000 -1.000000 1 1.130090095e-05 4.527112469e-05
184 -0.993203 0.300000 1.000000 -1.216831 10.320667 3.255181 0.000000 0.000000 0.000000 -1.000000 1 1.127482392e-05 4.527205601e-05
184 -0.993337 0.300000 1.000000 -1.216831 10.320667 3.255181 0.000000 0.000000 0.000000 -1.000000 1 1.174700446e-05 4.695891403e-05
184 -0.993469 0.300000 1.000000 -1.216831 10.320667 3.255181 0.000000 0.000000 0.000000 -1.000000 1 1.135910861e-05 5.361298099e-05
184 -0.993598 0.300000 1.000000 -1.216831 10.320667 3.255181 0.000000 0.000000 0.000000 -1.000000 1 1.198402606e-05 4.645297304e-05
184 -0.993724 0.300000 1.000000 -1.216831 10.320667 3.255181 0.000000 0.000000 0.000000 -1.000000 1 1.128506847e-05 4.527298734e-05
184 -0.993848 0.300000 1.000000 -1.216831 10.320667 3.255181 0.000000 0.000000 0.000000 -1.000000 1 7.566064596e-06 3.054016270e-05
184 -0.993970 0.300000 1.000000 -1.216831 10.320667 3.255181 0.000000 0.000000 0.000000 -1.000000 1 1.926091500e-05 6.738305092e-05
184 -0.994089 0.300000 1.000000 -1.216831 10.320667 3.255181 0.000000 0.000000 0.000000 -1.000000 1 1.123896800e-05 4.511489533e-05
184 -0.994205 0.300000 1.000000 -1.216831 10.320667 3.255181 0.000000 0.000000 0.000000 -1.000000 1 1.120590605e-05 5.053402856e-05
184 -0.994320 0.300000 1.000000 -1.216831 10.320667 3.255181 0.000000 0.000000 0.000000 -1.000000 1 1.134793274e-05 4.595611244e-05
184 -0.994432 0.300000 1.000000 -1.216831 10.320667 3.255181 0.000000 0.000000 0.000000 -1.000000 1 1.163897105e-05 4.608999006e-05
184 -0.994542 0.300000 1.000000 -1.216831 10.320667 3.255181 0.000000 0.000000 0.000000 -1.000000 1 1.150509343e-05 4.569604062e-05
184 -0.994650 0.300000 1.000000 -1.216831 10.320667 3.255181 0.000000 0.000000 0.000000 -1.000000 1 1.135608181e-05 4.535703920e-05
184 -0.994755 0.300000 1.000000 -1.216831 10.320667 3.255181 0.000000 0.000000 0.000000 -1.000000 1 1.102010719e-05 4.325411282e-05
184 -0.994859 0.300000 1.000000 -1.216831 10.320667 3.255181 0.000000 0.000000 0.000000 -1.000000 1 9.329989552e-06 3.880192526e-05
185 -0.994960 0.300000 1.000000 -1.226472 10.479297 3.356674 0.000000 0.000000 0.000000 -1.000000 1 1.147296280e-05 5.262601189e-05
185 -0.995060 0.300000 1.000000 -1.226472 10.479297 3.356674 0.000000 0.000000 0.000000 -1.000000 1 2.770917490e-06 1.109414734e-05
185 -0.995157 0.300000 1.000000 -1.226472 10.479297 3.356674 0.000000 0.000000 0.000000 -1.000000 1 1.003593206e-05 4.008994438e-05
185 -0.995253 0.300000 1.000000 -1.226472 10.479297 3.356674 0.000000 0.000000 0.000000 -1.000000 1 1.348694786e-05 5.694408901e-05
185 -0.995347 0.300000 1.000000 -1.226472 10.479297 3.356674 0.000000 0.000000 0.000000 -1.000000 1 1.142593101e-05 4.544504918e-05
185 -0.995438 0.300000 1.000000 -1.226472 10.479297 3.356674 0.000000 0.000000 0.000000 -1.000000 1 1.165899448e-05 4.594097845e-05
185 -0.995529 0.300000 1.000000 -1.226472 10.479297 3.356674 0.000000 0.000000 0.000000 -1.000000 1 1.139100641e-05 4.589487799e-05
185 -0.995617 0.300000 1.000000 -1.226472 10.479297 3.356674 0.000000 0.000000 0.000000 -1.000000 1 1.149787568e-05 5.365512334e-05
185 -0.995703 0.300000 1.000000 -1.226472 10.479297 3.356674 0.000000 0.000000 0.000000 -1.000000 1 1.312117092e-05 4.627578892e-05
185 -0.995788 0.300000 1.000000 -1.226472 10.479297 3.356674 0.000000 0.000000 0.000000 -1.000000 1 7.485970855e-06 3.101397306e-05
185 -0.995871 0.300000 1.000000 -1.226472 10.479297 3.356674 0.000000 0.000000 0.000000 -1.000000 1 1.125899144e-05 4.532700405e-05
185 -0.995953 0.300000 1.000000 -1.226472 10.479297 3.356674 0.000000 0.000000 0.000000 -1.000000 1 1.134397462e-05 4.584901035e-05
185 -0.996033 0.300000 1.000000 -1.226472 10.479297 3.356674 0.000000 0.000000 0.000000 -1.000000 1 1.124991104e-05 4.501687363e-05
185 -0.996111 0.300000 1.000000 -1.226472 10.479297 3.356674 0.000000 0.000000 0.000000 -1.000000 1 1.144409180e-05 4.518311471e-05
185 -0.996188 0.300000 1.000000 -1.226472 10.479297 3.356674 0.000000 0.000000 0.000000 -1.000000 1 1.120683737e-05 4.566390999e-05
185 -0.996263 0.300000 1.000000 -1.226472 10.479297 3.356674 0.000000 0.000000 0.000000 -1.000000 1 1.161987893e-05 4.676892422e-05
185 -0.996337 0.300000 1.000000 -1.226472 10.479297 3.356674 0.000000 0.000000 0.000000 -1.000000 1 1.154001802e-05 4.656612873e-05
185 -0.996409 0.300000 1.000000 -1.226472 10.479297 3.356674 0.000000 0.000000 0.000000 -1.000000 1 1.199799590e-05 4.660408013e-05
185 -0.996480 0.300000 1.000000 -1.226472 10.479297 3.356674 0.000000 0.000000 0.000000 -1.000000 1 1.217378303e-05 4.774401896e-05
185 -0.996550 0.300000 1.000000 -1.226472 10.479297 3.356674 0.000000 0.000000 0.000000 -1.000000 1 1.133210026e-05 4.586880095e-05
186 -0.996618 0.300000 1.000000 -1.241896 10.639459 3.462716 0.000000 0.000000 0.000000 -1.000000 1 1.167599112e-05 4.757195711e-05
186 -0.996684 0.300000 1.000000 -1.241896 10.639459 3.462716 0.000000 0.000000 0.000000 -1.000000 1 1.128902659e-05 4.624482244e-05
186 -0.996750 0.300000 1.000000 -1.241896 10.639459 3.462716 0.000000 0.000000 0.000000 -1.000000 1 1.127109863e-05 4.519196227e-05
186 -0.996814 0.300000 1.000000 -1.241896 10.639459 3.462716 0.000000 0.000000 0.000000 -1.000000 1 1.130392775e-05 4.670512863e-05
186 -0.996877 0.300000 1.000000 -1.241896 10.639459 3.462716 0.000000 0.000000 0.000000 -1.000000 1 1.127785072e-05 5.272403359e-05
186 -0.996939 0.300000 1.000000 -1.241896 10.639459 3.462716 0.000000 0.000000 0.000000 -1.000000 1 1.988792792e-05 6.980611943e-05
186 -0.996999 0.300000 1.000000 -1.241896 10.639459 3.462716 0.000000 0.000000 0.000000 -1.000000 1 1.141801476e-05 4.604202695e-05
186 -0.997058 0.300000 1.000000 -1.241896 10.639459 3.462716 0.000000 0.000000 0.000000 -1.000000 1 1.134793274e-05 4.728394561e-05
186 -0.997116 0.300000 1.000000 -1.241896 10.639459 3.462716 0.000000 0.000000 0.000000 -1.000000 1 1.118890941e-05 4.531512968e-05
186 -0.997173 0.300000 1.000000 -1.241896 10.639459 3.462716 0.000000 0.000000 0.000000 -1.000000 1 1.158798113e-05 4.583294503e-05
186 -0.997229 0.300000 1.000000 -1.241896 10.639459 3.462716 0.000000 0.000000 0.000000 -1.000000 1 1.131510362e-05 4.674214870e-05
186 -0.997284 0.300000 1.000000 -1.241896 10.639459 3.462716 0.000000 0.000000 0.000000 -1.000000 1 1.134094782e-05 4.635006189e-05
186 -0.997337 0.300000 1.000000 -1.241896 10.639459 3.462716 0.000000 0.000000 0.000000 -1.000000 1 1.178495586e-05 4.591606557e-05
186 -0.997390 0.300000 1.000000 -1.241896 10.639459 3.462716 0.000000 0.000000 0.000000 -1.000000 1 1.151510514e-05 4.670605995e-05
186 -0.997442 0.300000 1.000000 -1.241896 10.639459 3.462716 0.000000 0.000000 0.000000 -1.000000 1 1.224712469e-05 4.959385842e-05
186 -0.997492 0.300000 1.000000 -1.241896 10.639459 3.462716 0.000000 0.000000 0.000000 -1.000000 1 1.122895628e-05 4.615308717e-05
186 -0.997542 0.300000 1.000000 -1.241896 10.639459 3.462716 0.000000 0.000000 0.000000 -1.000000 1 1.126504503e-05 4.593702033e-05
186 -0.997590 0.300000 1.000000 -1.241896 10.639459 3.462716 0.000000 0.000000 0.000000 -1.000000 1 1.308298670e-05 5.125300959e-05
186 -0.997638 0.300000 1.000000 -1.241896 10.639459 3.462716 0.000000 0.000000 0.000000 -1.000000 1 1.124804839e-05 4.619988613e-05
186 -0.997684 0.300000 1.000000 -1.241896 10.639459 3.462716 0.000000 0.000000 0.000000 -1.000000 1 1.139403321e-05 4.556588829e-05
187 -0.997730 0.300000 1.000000 -1.268609 10.800123 3.574335 0.000000 0.000000 0.000000 -1.000000 1 1.125503331e-05 4.560989328e-05
187 -0.997775 0.300000 1.000000 -1.268609 10.800123 3.574335 0.000000 0.000000 0.000000 -1.000000 1 1.173303463e-05 5.535199307e-05
187 -0.997819 0.300000 1.000000 -1.268609 10.800123 3.574335 0.000000 0.000000 0.000000 -1.000000 1 1.978385262e-05 6.789201871e-05
187 -0.997862 0.300000 1.000000 -1.268609 10.800123 3.574335 0.000000 0.000000 0.000000 -1.000000 1 1.140381210e-05 4.530395381e-05
187 -0.997904 0.300000 1.000000 -1.268609 10.800123 3.574335 0.000000 0.000000 0.000000 -1.000000 1 1.187506132e-05 4.639779218e-05
187 -0.997945 0.300000 1.000000 -1.268609 10.800123 3.574335 0.000000 0.000000 0.000000 -1.000000 1 1.142011024e-05 4.615681246e-05
187 -0.997986 0.300000 1.000000 -1.268609 10.800123 3.574335 0.000000 0.000000 0.000000 -1.000000 1 1.155794598e-05 4.550605081e-05
187 -0.998026 0.300000 1.000000 -1.268609 10.800123 3.574335 0.000000 0.000000 0.000000 -1.000000 1 1.145107672e-05 4.632701166e-05
187 -0.998065 0.300000 1.000000 -1.268609 10.800123 3.574335 0.000000 0.000000 0.000000 -1.000000 1 1.123989932e-05 4.530395381e-05
187 -0.998103 0.300000 1.000000 -1.268609 10.800123 3.574335 0.000000 0.000000 0.000000 -1.000000 1 1.143291593e-05 4.720385186e-05
187 -0.998140 0.300000 1.000000 -1.268609 10.800123 3.574335 0.000000 0.000000 0.000000 -1.000000 1 1.129787415e-05 4.536379129e-05
187 -0.998177 0.300000 1.000000 -1.268609 10.800123 3.574335 0.000000 0.000000 0.000000 -1.000000 1 1.201196574e-05 4.670303315e-05
187 -0.998213 0.300000 1.000000 -1.268609 10.800123 3.574335 0.000000 0.000000 0.000000 -1.000000 1 1.115608029e-05 4.473398440e-05
187 -0.998248 0.300000 1.000000 -1.268609 10.800123 3.574335 0.000000 0.000000 0.000000 -1.000000 1 1.136795618e-05 4.603690468e-05
187 -0.998283 0.300000 1.000000 -1.268609 10.800123 3.574335 0.000000 0.000000 0.000000 -1.000000 1 8.625909686e-06 5.585909821e-05
187 -0.998317 0.300000 1.000000 -1.268609 10.800123 3.574335 0.000000 0.000000 0.000000 -1.000000 1 6.627989933e-06 4.580104724e-05
187 -0.998350 0.300000 1.000000 -1.268609 10.800123 3.574335 0.000000 0.000000 0.000000 -1.000000 1 2.842862159e-06 1.141009852e-05
187 -0.998383 0.300000 1.000000 -1.268609 10.800123 3.574335 0.000000 0.000000 0.000000 -1.000000 1 2.781162038e-06 1.107994467e-05
187 -0.998415 0.300000 1.000000 -1.268609 10.800123 3.574335 0.000000 0.000000 0.000000 -1.000000 1 1.118285581e-05 4.499289207e-05
187 -0.998446 0.300000 1.000000 -1.268609 10.800123 3.574335 0.000000 0.000000 0.000000 -1.000000 1 1.435703598e-05 5.402602255e-05
188 -0.998477 0.300000 1.000000 -1.301913 10.960554 3.690581 0.000000 0.000000 0.000000 -1.000000 1 1.139403321e-05 4.656589590e-05
188 -0.998507 0.300000 1.000000 -1.301913 10.960554 3.690581 0.000000 0.000000 0.000000 -1.000000 1 1.139007509e-05 4.588183947e-05
188 -0.998536 0.300000 1.000000 -1.301913 10.960554 3.690581 0.000000 0.000000 0.000000 -1.000000 1 1.139799133e-05 4.570302553e-05
188 -0.998565 0.300000 1.000000 -1.301913 10.960554 3.690581 0.000000 0.000000 0.000000 -1.000000 1 6.299931556e-06 4.347809590e-05
188 -0.998593 0.300000 1.000000 -1.301913 10.960554 3.690581 0.000000 0.000000 0.000000 -1.000000 1 6.373040378e-06 4.438287579e-05
188 -0.998621 0.300000 1.000000 -1.301913 10.960554 3.690581 0.000000 0.000000 0.000000 -1.000000 1 1.254281960e-05 4.805997014e-05
188 -0.998648 0.300000 1.000000 -1.301913 10.960554 3.690581 0.000000 0.000000 0.000000 -1.000000 1 1.180684194e-05 3.936490975e-05
188 -0.998675 0.300000 1.000000 -1.301913 10.960554 3.690581 0.000000 0.000000 0.000000 -1.000000 1 8.742092177e-06 3.006006591e-05
188 -0.998701 0.300000 1.000000 -1.301913 10.960554 3.690581 0.000000 0.000000 0.000000 -1.000000 1 5.128793418e-06 2.062995918e-05
188 -0.998727 0.300000 1.000000 -1.301913 10.960554 3.690581 0.000000 0.000000 0.000000 -1.000000 1 6.191898137e-06 2.478319220e-05
188 -0.998752 0.300000 1.000000 -1.301913 10.960554 3.690581 0.000000 0.000000 0.000000 -1.000000 1 1.517706551e-05 4.994613118e-05
188 -0.998777 0.300000 1.000000 -1.301913 10.960554 3.690581 0.000000 0.000000 0.000000 -1.000000 1 1.367903315e-05 5.394197069e-05
188 -0.998801 0.300000 1.000000 -1.301913 10.960554 3.690581 0.000000 0.000000 0.000000 -1.000000 1 1.204106957e-05 5.017104559e-05
188 -0.998824 0.300000 1.000000 -1.301913 10.960554 3.690581 0.000000 0.000000 0.000000 -1.000000 1 1.121289097e-05 4.578894004e-05
188 -0.998848 0.300000 1.000000 -1.301913 10.960554 3.690581 0.000000 0.000000 0.000000 -1.000000 1 1.137610525e-05 4.610302858e-05
188 -0.998870 0.300000 1.000000 -1.301913 10.960554 3.690581 0.000000 0.000000 0.000000 -1.000000 1 1.136399806e-05 4.582991824e-05
188 -0.998893 0.300000 1.000000 -1.301913 10.960554 3.690581 0.000000 0.000000 0.000000 -1.000000 1 2.024392597e-05 6.904988550e-05
188 -0.998915 0.300000 1.000000 -1.301913 10.960554 3.690581 0.000000 0.000000 0.000000 -1.000000 1 1.141289249e-05 4.548579454e-05
188 -0.998936 0.300000 1.000000 -1.301913 10.960554 3.690581 0.000000 0.000000 0.000000 -1.000000 1 1.171999611e-05 4.593702033e-05
188 -0.998957 0.300000 1.000000 -1.301913 10.960554 3.690581 0.000000 0.000000 0.000000 -1.000000 1 1.143990085e-05 4.572910257e-05
189 -0.998978 0.300000 1.000000 -1.347546 11.120324 3.812518 0.000000 0.000000 0.000000 -1.000000 1 1.150392927e-05 4.705600441e-05
189 -0.998998 0.300000 1.000000 -1.347546 11.120324 3.812518 0.000000 0.000000 0.000000 -1.000000 1 1.187110320e-05 4.643597640e-05
189 -0.999018 0.300000 1.000000 -1.347546 11.120324 3.812518 0.000000 0.000000 0.000000 -1.000000 1 1.155189238e-05 4.587182775e-05
189 -0.999037 0.300000 1.000000 -1.347546 11.120324 3.812518 0.000000 0.000000 0.000000 -1.000000 1 1.297611743e-05 5.000992678e-05
189 -0.999056 0.300000 1.000000 -1.347546 11.120324 3.812518 0.000000 0.000000 0.000000 -1.000000 1 1.127808355e-05 4.621292464e-05
189 -0.999075 0.300000 1.000000 -1.347546 11.120324 3.812518 0.000000 0.000000 0.000000 -1.000000 1 1.167901792e-05 4.620407708e-05
189 -0.999093 0.300000 1.000000 -1.347546 11.120324 3.812518 0.000000 0.000000 0.000000 -1.000000 1 1.162686385e-05 4.591909237e-05
189 -0.999111 0.300000 1.000000 -1.347546 11.120324 3.812518 0.000000 0.000000 0.000000 -1.000000 1 1.121195965e-05 4.551908933e-05
189 -0.999128 0.300000 1.000000 -1.347546 11.120324 3.812518 0.000000 0.000000 0.000000 -1.000000 1 1.318403520e-05 5.042692646e-05
189 -0.999146 0.300000 1.000000 -1.347546 11.120324 3.812518 0.000000 0.000000 0.000000 -1.000000 1 1.128204167e-05 4.555983469e-05
189 -0.999162 0.300000 1.000000 -1.347546 11.120324 3.812518 0.000000 0.000000 0.000000 -1.000000 1 1.135305502e-05 4.585995339e-05
189 -0.999179 0.300000 1.000000 -1.347546 11.120324 3.812518 0.000000 0.000000 0.000000 -1.000000 1 1.140288077e-05 4.545995034e-05
189 -0.999195 0.300000 1.000000 -1.347546 11.120324 3.812518 0.000000 0.000000 0.000000 -1.000000 1 1.112883911e-05 4.569999874e-05
189 -0.999211 0.300000 1.000000 -1.347546 11.120324 3.812518 0.000000 0.000000 0.000000 -1.000000 1 1.976988278e-05 6.910902448e-05
189 -0.999227 0.300000 1.000000 -1.347546 11.120324 3.812518 0.000000 0.000000 0.000000 -1.000000 1 1.131487079e-05 5.180598237e-05
189 -0.999242 0.300000 1.000000 -1.347546 11.120324 3.812518 0.000000 0.000000 0.000000 -1.000000 1 1.154094934e-05 4.579499364e-05
189 -0.999257 0.300000 1.000000 -1.347546 11.120324 3.812518 0.000000 0.000000 0.000000 -1.000000 1 1.252186485e-05 4.935194738e-05
189 -0.999271 0.300000 1.000000 -1.347546 11.120324 3.812518 0.000000 0.000000 0.000000 -1.000000 1 1.121591777e-05 4.539685324e-05
189 -0.999286 0.300000 1.000000 -1.347546 11.120324 3.812518 0.000000 0.000000 0.000000 -1.000000 1 1.159706153e-05 4.616007209e-05
189 -0.999300 0.300000 1.000000 -1.347546 11.120324 3.812518 0.000000 0.000000 0.000000 -1.000000 1 1.152814366e-05 4.541990347e-05
190 -0.999314 0.300000 0.999999 -1.401163 11.280134 3.939350 0.000000 0.000000 0.000000 -1.000000 1 1.181708649e-05 4.637287930e-05
190 -0.999327 0.300000 0.999999 -1.401163 11.280134 3.939350 0.000000 0.000000 0.000000 -1.000000 1 1.152302139e-05 4.527694546e-05
190 -0.999341 0.300000 0.999999 -1.401163 11.280134 3.939350 0.000000 0.000000 0.000000 -1.000000 1 1.140288077e-05 4.559685476e-05
190 -0.999354 0.300000 0.999999 -1.401163 11.280134 3.939350 0.000000 0.000000 0.000000 -1.000000 1 1.125992276e-05 4.532188177e-05
190 -0.999366 0.300000 0.999999 -1.401163 11.280134 3.939350 0.000000 0.000000 0.000000 -1.000000 1 1.121894456e-05 4.679895937e-05
190 -0.999379 0.300000 1.000000 -1.401163 11.280134 3.939350 0.000000 0.000000 0.000000 -1.000000 1 1.292093657e-05 4.887115210e-05
190 -0.999391 0.300000 1.000000 -1.401163 11.280134 3.939350 0.000000 0.000000 0.000000 -1.000000 1 1.196400262e-05 4.666997120e-05
190 -0.999403 0.300000 1.000000 -1.401163 11.280134 3.939350 0.000000 0.000000 0.000000 -1.000000 1 1.234095544e-05 4.742201418e-05
190 -0.999415 0.300000 1.000000 -1.401163 11.280134 3.939350 0.000000 0.000000 0.000000 -1.000000 1 1.923087984e-05 6.377301179e-05
190 -0.999427 0.300000 1.000000 -1.401163 11.280134 3.939350 0.000000 0.000000 0.000000 -1.000000 1 1.399684697e-05 5.015078932e-05
190 -0.999438 0.300000 1.000000 -1.401163 11.280134 3.939350 0.000000 0.000000 0.000000 -1.000000 1 2.392590977e-05 7.062102668e-05
190 -0.999449 0.300000 1.000000 -1.401163 11.280134 3.939350 0.000000 0.000000 0.000000 -1.000000 1 1.132488251e-05 4.596798681e-05
190 -0.999460 0.300000 1.000000 -1.401163 11.280134 3.939350 0.000000 0.000000 0.000000 -1.000000 1 1.064292155e-05 4.244293086e-05
190 -0.999470 0.300000 1.000000 -1.401163 11.280134 3.939350 0.000000 0.000000 0.000000 -1.000000 1 1.134816557e-05 4.540989175e-05
190 -0.999481 0.300000 1.000000 -1.401163 11.280134 3.939350 0.000000 0.000000 0.000000 -1.000000 1 1.227599569e-05 5.569891073e-05
190 -0.999491 0.300000 1.000000 -1.401163 11.280134 3.939350 0.000000 0.000000 0.000000 -1.000000 1 1.145806164e-05 4.532816820e-05
190 -0.999501 0.300000 1.000000 -1.401163 11.280134 3.939350 0.000000 0.000000 0.000000 -1.000000 1 1.139612868e-05 4.596286453e-05
190 -0.999511 0.300000 1.000000 -1.401163 11.280134 3.939350 0.000000 0.000000 0.000000 -1.000000 1 1.874705777e-05 6.884499453e-05
190 -0.999521 0.300000 1.000000 -1.401163 11.280134 3.939350 0.000000 0.000000 0.000000 -1.000000 1 1.202104613e-05 4.605296999e-05
190 -0.999530 0.300000 1.000000 -1.401163 11.280134 3.939350 0.000000 0.000000 0.000000 -1.000000 1 1.835217699e-05 6.651016884e-05
191 -0.999539 0.300000 1.000000 -1.468235 11.437707 4.071969 0.000000 0.000000 0.000000 -1.000000 1 1.193699427e-05 4.609790631e-05
191 -0.999548 0.300000 1.000000 -1.468235 11.437707 4.071969 0.000000 0.000000 0.000000 -1.000000 1 1.139892265e-05 4.560709931e-05
191 -0.999557 0.300000 1.000000 -1.468235 11.437707 4.071969 0.000000 0.000000 0.000000 -1.000000 1 1.349905506e-05 5.101901479e-05
191 -0.999566 0.300000 1.000000 -1.468235 11.437707 4.071969 0.000000 0.000000 0.000000 -1.000000 1 1.127785072e-05 4.543084651e-05
191 -0.999575 0.300000 1.000000 -1.468235 11.437707 4.071969 0.000000 0.000000 0.000000 -1.000000 1 1.175701618e-05 4.658009857e-05
191 -0.999583 0.300000 1.000000 -1.468235 11.437707 4.071969 0.000000 0.000000 0.000000 -1.000000 1 1.141778193e-05 4.579196684e-05
191 -0.999591 0.300000 1.000000 -1.468235 11.437707 4.071969 0.000000 0.000000 0.000000 -1.000000 1 1.123594120e-05 4.606205039e-05
191 -0.999599 0.300000 1.000000 -1.468235 11.437707 4.071969 0.000000 0.000000 0.000000 -1.000000 1 1.977593638e-05 6.958190352e-05
191 -0.999607 0.300000 1.000000 -1.468235 11.437707 4.071969 0.000000 0.000000 0.000000 -1.000000 1 1.141009852e-05 4.550605081e-05
191 -0.999615 0.300000 1.000000 -1.468235 11.437707 4.071969 0.000000 0.000000 0.000000 -1.000000 1 1.860898919e-05 6.748107262e-05
191 -0.999623 0.300000 1.000000 -1.468235 11.437707 4.071969 0.000000 0.000000 0.000000 -1.000000 1 1.132814214e-05 4.661106504e-05
191 -0.999630 0.300000 1.000000 -1.468235 11.437707 4.071969 0.000000 0.000000 0.000000 -1.000000 1 1.156283543e-05 4.658708349e-05
191 -0.999637 0.300000 1.000000 -1.468235 11.437707 4.071969 0.000000 0.000000 0.000000 -1.000000 1 1.142616384e-05 4.595587961e-05
191 -0.999645 0.300000 1.000000 -1.468235 11.437707 4.071969 0.000000 0.000000 0.000000 -1.000000 1 1.124804839e-05 4.532909952e-05
191 -0.999652 0.300000 1.000000 -1.468235 11.437707 4.071969 0.000000 0.000000 0.000000 -1.000000 1 1.169787720e-05 4.637590609e-05
191 -0.999658 0.300000 1.000000 -1.468235 11.437707 4.071969 0.000000 0.000000 0.000000 -1.000000 1 1.145899296e-05 4.692887887e-05
191 -0.999665 0.300000 1.000000 -1.468235 11.437707 4.071969 0.000000 0.000000 0.000000 -1.000000 1 1.106807031e-05 4.556379281e-05
191 -0.999672 0.300000 1.000000 -1.468235 11.437707 4.071969 0.000000 0.000000 0.000000 -1.000000 1 1.120893285e-05 4.517007619e-05
191 -0.999678 0.300000 1.000000 -1.468235 11.437707 4.071969 0.000000 0.000000 0.000000 -1.000000 1 1.169787720e-05 4.632398486e-05
191 -0.999685 0.300000 1.000000 -1.468235 11.437707 4.071969 0.000000 0.000000 0.000000 -1.000000 1 1.340988092e-05 5.087489262e-05
192 -0.999691 0.300000 1.000000 -1.543815 11.592794 4.209436 0.000000 0.000000 0.000000 -1.000000 1 1.181405969e-05 4.612910561e-05
192 -0.999697 0.300000 1.000000 -1.543815 11.592794 4.209436 0.000000 0.000000 0.000000 -1.000000 1 1.132418402e-05 4.597613588e-05
192 -0.999703 0.300000 1.000000 -1.543815 11.592794 4.209436 0.000000 0.000000 0.000000 -1.000000 1 1.448695548e-05 4.965695553e-05
192 -0.999709 0.300000 1.000000 -1.543815 11.592794 4.209436 0.000000 0.000000 0.000000 -1.000000 1 1.128297299e-05 4.554516636e-05
192 -0.999715 0.300000 1.000000 -1.543815 11.592794 4.209436 0.000000 0.000000 0.000000 -1.000000 1 1.971796155e-05 6.760493852e-05
192 -0.999720 0.300000 1.000000 -1.543815 11.592794 4.209436 0.000000 0.000000 0.000000 -1.000000 1 1.164199784e-05 4.788907245e-05
192 -0.999726 0.300000 1.000000 -1.543815 11.592794 4.209436 0.000000 0.000000 0.000000 -1.000000 1 1.217587851e-05 4.687998444e-05
192 -0.999731 0.300000 1.000000 -1.543815 11.592794 4.209436 0.000000 0.000000 0.000000 -1.000000 1 1.139612868e-05 4.702690057e-05
192 -0.999736 0.300000 1.000000 -1.543815 11.592794 4.209436 0.000000 0.000000 0.000000 -1.000000 1 1.149601303e-05 4.614517093e-05
192 -0.999742 0.300000 1.000000 -1.543815 11.592794 4.209436 0.000000 0.000000 0.000000 -1.000000 1 1.133512706e-05 4.548998550e-05
192 -0.999747 0.300000 1.000000 -1.543815 11.592794 4.209436 0.000000 0.000000 0.000000 -1.000000 1 1.184293069e-05 4.575401545e-05
192 -0.999752 0.300000 1.000000 -1.543815 11.592794 4.209436 0.000000 0.000000 0.000000 -1.000000 1 1.238100231e-05 4.756194539e-05
192 -0.999757 0.300000 1.000000 -1.543815 11.592794 4.209436 0.000000 0.000000 0.000000 -1.000000 1 1.141405664e-05 4.593306221e-05
192 -0.999761 0.300000 1.000000 -1.543815 11.592794 4.209436 0.000000 0.000000 0.000000 -1.000000 1 1.145480201e-05 4.546903074e-05
192 -0.999766 0.300000 1.000000 -1.543815 11.592794 4.209436 0.000000 0.000000 0.000000 -1.000000 1 1.132721081e-05 4.614610225e-05
192 -0.999771 0.300000 1.000000 -1.543815 11.592794 4.209436 0.000000 0.000000 0.000000 -1.000000 1 1.136492938e-05 4.663993604e-05
192 -0.999775 0.300000 1.000000 -1.543815 11.592794 4.209436 0.000000 0.000000 0.000000 -1.000000 1 2.206489444e-05 6.391503848e-05
192 -0.999780 0.300000 1.000000 -1.543815 11.592794 4.209436 0.000000 0.000000 0.000000 -1.000000 1 1.152884215e-05 4.556216300e-05
192 -0.999784 0.300000 1.000000 -1.543815 11.592794 4.209436 0.000000 0.000000 0.000000 -1.000000 1 1.155887730e-05 4.537589848e-05
192 -0.999788 0.300000 1.000000 -1.543815 11.592794 4.209436 0.000000 0.000000 0.000000 -1.000000 1 1.160707325e-05 4.566903226e-05
193 -0.999792 0.300000 0.999999 -1.633191 11.742898 4.352575 0.000000 0.000000 0.000000 -1.000000 1 1.398799941e-05 4.859687760e-05
193 -0.999796 0.300000 0.999999 -1.633191 11.742898 4.352575 0.000000 0.000000 0.000000 -1.000000 1 1.974799670e-05 6.806408055e-05
193 -0.999800 0.300000 0.999999 -1.633191 11.742898 4.352575 0.000000 0.000000 0.000000 -1.000000 1 1.142313704e-05 4.591699690e-05
193 -0.999804 0.300000 1.000000 -1.633191 11.742898 4.352575 0.000000 0.000000 0.000000 -1.000000 1 1.353607513e-05 6.081000902e-05
193 -0.999808 0.300000 1.000000 -1.633191 11.742898 4.352575 0.000000 0.000000 0.000000 -1.000000 1 1.117005013e-05 4.493887536e-05
193 -0.999812 0.300000 1.000000 -1.633191 11.742898 4.352575 0.000000 0.000000 0.000000 -1.000000 1 4.220986739e-06 1.577590592e-05
193 -0.999816 0.300000 1.000000 -1.633191 11.742898 4.352575 0.000000 0.000000 0.000000 -1.000000 1 3.728084266e-06 1.763016917e-05
193 -0.999819 0.300000 1.000000 -1.633191 11.742898 4.352575 0.000000 0.000000 0.000000 -1.000000 1 3.496883437e-06 1.425505616e-05
193 -0.999823 0.300000 1.000000 -1.633191 11.742898 4.352575 0.000000 0.000000 0.000000 -1.000000 1 1.022103243e-05 4.086899571e-05
193 -0.999826 0.300000 1.000000 -1.633191 11.742898 4.352575 0.000000 0.000000 0.000000 -1.000000 1 9.348848835e-06 3.752810881e-05
193 -0.999830 0.300000 1.000000 -1.633191 11.742898 4.352575 0.000000 0.000000 0.000000 -1.000000 1 1.113303006e-05 4.507997073e-05
193 -0.999833 0.300000 1.000000 -1.633191 11.742898 4.352575 0.000000 0.000000 0.000000 -1.000000 1 1.114211045e-05 4.486995749e-05
193 -0.999836 0.300000 1.000000 -1.633191 11.742898 4.352575 0.000000 0.000000 0.000000 -1.000000 1 1.125899144e-05 4.554609768e-05
193 -0.999840 0.300000 1.000000 -1.633191 11.742898 4.352575 0.000000 0.000000 0.000000 -1.000000 1 1.330301166e-05 5.037290975e-05
193 -0.999843 0.300000 1.000000 -1.633191 11.742898 4.352575 0.000000 0.000000 0.000000 -1.000000 1 9.845010936e-06 4.094908945e-05
193 -0.999846 0.300000 1.000000 -1.633191 11.742898 4.352575 0.000000 0.000000 0.000000 -1.000000 1 1.158402301e-05 4.643481225e-05
193 -0.999849 0.300000 1.000000 -1.633191 11.742898 4.352575 0.000000 0.000000 0.000000 -1.000000 1 1.127785072e-05 4.557706416e-05
193 -0.999852 0.300000 1.000000 -1.633191 11.742898 4.352575 0.000000 0.000000 0.000000 -1.000000 1 1.121195965e-05 4.563503899e-05
193 -0.999855 0.300000 1.000000 -1.633191 11.742898 4.352575 0.000000 0.000000 0.000000 -1.000000 1 1.444108784e-05 5.282904021e-05
193 -0.999858 0.300000 1.000000 -1.633191 11.742898 4.352575 0.000000 0.000000 0.000000 -1.000000 1 1.148297451e-05 4.655611701e-05
194 -0.999861 0.300000 1.000000 -1.731434 11.888435 4.500449 0.000000 0.000000 0.000000 -1.000000 1 1.294305548e-05 4.909001291e-05
194 -0.999864 0.300000 1.000000 -1.731434 11.888435 4.500449 0.000000 0.000000 0.000000 -1.000000 1 1.138495281e-05 4.621897824e-05
194 -0.999866 0.300000 1.000000 -1.731434 11.888435 4.500449 0.000000 0.000000 0.000000 -1.000000 1 1.137494110e-05 4.584086128e-05
194 -0.999869 0.300000 1.000000 -1.731434 11.888435 4.500449 0.000000 0.000000 0.000000 -1.000000 1 1.133116893e-05 4.584388807e-05
194 -0.999871 0.300000 1.000000 -1.731434 11.888435 4.500449 0.000000 0.000000 0.000000 -1.000000 1 1.127389260e-05 4.577380605e-05
194 -0.999874 0.300000 1.000000 -1.731434 11.888435 4.500449 0.000000 0.000000 0.000000 -1.000000 1 1.171603799e-05 4.632794298e-05
194 -0.999876 0.300000 1.000000 -1.731434 11.888435 4.500449 0.000000 0.000000 0.000000 -1.000000 1 1.157401130e-05 4.542805254e-05
194 -0.999879 0.300000 1.000000 -1.731434 11.888435 4.500449 0.000000 0.000000 0.000000 -1.000000 1 1.129996963e-05 4.565296695e-05
194 -0.999881 0.300000 1.000000 -1.731434 11.888435 4.500449 0.000000 0.000000 0.000000 -1.000000 1 1.141079701e-05 4.710303620e-05
194 -0.999884 0.300000 1.000000 -1.731434 11.888435 4.500449 0.000000 0.000000 0.000000 -1.000000 1 1.131207682e-05 4.528299905e-05
194 -0.999886 0.300000 1.000000 -1.731434 11.888435 4.500449 0.000000 0.000000 0.000000 -1.000000 1 1.351907849e-05 5.093915388e-05
194 -0.999888 0.300000 1.000000 -1.731434 11.888435 4.500449 0.000000 0.000000 0.000000 -1.000000 1 1.132907346e-05 5.481299013e-05
194 -0.999890 0.300000 1.000000 -1.731434 11.888435 4.500449 0.000000 0.000000 0.000000 -1.000000 1 1.202500425e-05 4.630698822e-05
194 -0.999893 0.300000 1.000000 -1.731434 11.888435 4.500449 0.000000 0.000000 0.000000 -1.000000 1 1.127412543e-05 4.538288340e-05
194 -0.999895 0.300000 1.000000 -1.731434 11.888435 4.500449 0.000000 0.000000 0.000000 -1.000000 1 1.139799133e-05 4.524388351e-05
194 -0.999897 0.300000 1.000000 -1.731434 11.888435 4.500449 0.000000 0.000000 0.000000 -1.000000 1 1.943903044e-05 6.899307482e-05
194 -0.999899 0.300000 1.000000 -1.731434 11.888435 4.500449 0.000000 0.000000 0.000000 -1.000000 1 1.138891093e-05 4.514795728e-05
194 -0.999901 0.300000 1.000000 -1.731434 11.888435 4.500449 0.000000 0.000000 0.000000 -1.000000 1 1.173699275e-05 4.597497173e-05
194 -0.999903 0.300000 1.000000 -1.731434 11.888435 4.500449 0.000000 0.000000 0.000000 -1.000000 1 1.154094934e-05 4.634400830e-05
194 -0.999905 0.300000 1.000000 -1.731434 11.888435 4.500449 0.000000 0.000000 0.000000 -1.000000 1 1.125689596e-05 4.576216452e-05
195 -0.999907 0.300000 1.000000 -1.844702 12.028084 4.653982 0.000000 0.000000 0.000000 -1.000000 1 1.142779365e-05 4.543503746e-05
195 -0.999908 0.300000 1.000000 -1.844702 12.028084 4.653982 0.000000 0.000000 0.000000 -1.000000 1 1.131906174e-05 4.519894719e-05
195 -0.999910 0.300000 1.000000 -1.844702 12.028084 4.653982 0.000000 0.000000 0.000000 -1.000000 1 1.156679355e-05 5.264603533e-05
195 -0.999912 0.300000 1.000000 -1.844702 12.028084 4.653982 0.000000 0.000000 0.000000 -1.000000 1 1.149298623e-05 5.324394442e-05
195 -0.999914 0.300000 1.000000 -1.844702 12.028084 4.653982 0.000000 0.000000 0.000000 -1.000000 1 1.155515201e-05 4.590302706e-05
195 -0.999915 0.300000 1.000000 -1.844702 12.028084 4.653982 0.000000 0.000000 0.000000 -1.000000 1 1.199706458e-05 4.615006037e-05
195 -0.999917 0.300000 1.000000 -1.844702 12.028084 4.653982 0.000000 0.000000 0.000000 -1.000000 1 1.267995685e-05 4.880502820e-05
195 -0.999919 0.300000 1.000000 -1.844702 12.028084 4.653982 0.000000 0.000000 0.000000 -1.000000 1 1.808791421e-05 1.145151909e-04
195 -0.999920 0.300000 1.000000 -1.844702 12.028084 4.653982 0.000000 0.000000 0.000000 -1.000000 1 1.628487371e-05 1.212570351e-04
195 -0.999922 0.300000 1.000000 -1.844702 12.028084 4.653982 0.000000 0.000000 0.000000 -1.000000 1 1.162290573e-05 4.590209574e-05
195 -0.999924 0.300000 1.000000 -1.844702 12.028084 4.653982 0.000000 0.000000 0.000000 -1.000000 1 1.147110015e-05 4.548602737e-05
195 -0.999925 0.300000 1.000000 -1.844702 12.028084 4.653982 0.000000 0.000000 0.000000 -1.000000 1 1.120800152e-05 4.568509758e-05
195 -0.999926 0.300000 1.000000 -1.844702 12.028084 4.653982 0.000000 0.000000 0.000000 -1.000000 1 1.995800994e-05 6.792997010e-05
195 -0.999928 0.300000 1.000000 -1.844702 12.028084 4.653982 0.000000 0.000000 0.000000 -1.000000 1 1.255213283e-05 4.656286910e-05
195 -0.999929 0.300000 1.000000 -1.844702 12.028084 4.653982 0.000000 0.000000 0.000000 -1.000000 1 1.159706153e-05 4.604202695e-05
195 -0.999931 0.300000 1.000000 -1.844702 12.028084 4.653982 0.000000 0.000000 0.000000 -1.000000 1 1.150881872e-05 4.670978524e-05
195 -0.999932 0.300000 1.000000 -1.844702 12.028084 4.653982 0.000000 0.000000 0.000000 -1.000000 1 1.139706001e-05 4.699709825e-05
195 -0.999933 0.300000 1.000000 -1.844702 12.028084 4.653982 0.000000 0.000000 0.000000 -1.000000 1 1.127202995e-05 4.761293530e-05
195 -0.999935 0.300000 1.000000 -1.844702 12.028084 4.653982 0.000000 0.000000 0.000000 -1.000000 1 9.004957974e-06 3.632484004e-05
195 -0.999936 0.300000 1.000000 -1.844702 12.028084 4.653982 0.000000 0.000000 0.000000 -1.000000 1 5.335779861e-06 3.611599095e-05
196 -0.999937 0.300000 1.000000 -1.966892 12.160644 4.812036 0.000000 0.000000 0.000000 -1.000000 1 9.211013094e-06 3.941217437e-05
196 -0.999939 0.300000 1.000000 -1.966892 12.160644 4.812036 0.000000 0.000000 0.000000 -1.000000 1 5.285954103e-06 4.150695167e-05
196 -0.999940 0.300000 1.000000 -1.966892 12.160644 4.812036 0.000000 0.000000 0.000000 -1.000000 1 5.122041330e-06 3.559887409e-05
196 -0.999941 0.300000 1.000000 -1.966892 12.160644 4.812036 0.000000 0.000000 0.000000 -1.000000 1 3.074062988e-06 1.247203909e-05
196 -0.999942 0.300000 1.000000 -1.966892 12.160644 4.812036 0.000000 0.000000 0.000000 -1.000000 1 1.064315438e-05 4.890910350e-05
196 -0.999943 0.300000 1.000000 -1.966892 12.160644 4.812036 0.000000 0.000000 0.000000 -1.000000 1 1.124502160e-05 5.534617230e-05
196 -0.999944 0.300000 1.000000 -1.966892 12.160644 4.812036 0.000000 0.000000 0.000000 -1.000000 1 1.627602614e-05 1.059281640e-04
196 -0.999945 0.300000 1.000000 -1.966892 12.160644 4.812036 0.000000 0.000000 0.000000 -1.000000 1 1.555914059e-05 1.091270242e-04
196 -0.999947 0.300000 1.000000 -1.966892 12.160644 4.812036 0.000000 0.000000 0.000000 -1.000000 1 8.431030437e-06 3.334600478e-05
196 -0.999948 0.300000 1.000000 -1.966892 12.160644 4.812036 0.000000 0.000000 0.000000 -1.000000 1 1.971796155e-05 6.792601198e-05
196 -0.999949 0.300000 1.000000 -1.966892 12.160644 4.812036 0.000000 0.000000 0.000000 -1.000000 1 1.386110671e-05 5.195615813e-05
196 -0.999950 0.300000 1.000000 -1.966892 12.160644 4.812036 0.000000 0.000000 0.000000 -1.000000 1 1.196889207e-05 4.624901339e-05
196 -0.999951 0.300000 1.000000 -1.966892 12.160644 4.812036 0.000000 0.000000 0.000000 -1.000000 1 1.081894152e-05 4.412303679e-05
196 -0.999952 0.300000 1.000000 -1.966892 12.160644 4.812036 0.000000 0.000000 0.000000 -1.000000 1 1.135817729e-05 4.566181451e-05
196 -0.999953 0.300000 1.000000 -1.966892 12.160644 4.812036 0.000000 0.000000 0.000000 -1.000000 1 1.051602885e-05 4.817591980e-05
196 -0.999954 0.300000 1.000000 -1.966892 12.160644 4.812036 0.000000 0.000000 0.000000 -1.000000 1 1.129996963e-05 5.031703040e-05
196 -0.999954 0.300000 1.000000 -1.966892 12.160644 4.812036 0.000000 0.000000 0.000000 -1.000000 1 1.219101250e-05 4.740781151e-05
196 -0.999955 0.300000 1.000000 -1.966892 12.160644 4.812036 0.000000 0.000000 0.000000 -1.000000 1 1.171394251e-05 4.522386007e-05
196 -0.999956 0.300000 1.000000 -1.966892 12.160644 4.812036 0.000000 0.000000 0.000000 -1.000000 1 1.144898124e-05 4.560314119e-05
196 -0.999957 0.300000 1.000000 -1.966892 12.160644 4.812036 0.000000 0.000000 0.000000 -1.000000 1 1.170393080e-05 4.663295113e-05
197 -0.999958 0.300000 1.000000 -2.103457 12.283848 4.975370 0.000000 0.000000 0.000000 -1.000000 1 2.952199429e-05 6.427592598e-05
197 -0.999959 0.300000 1.000000 -2.103457 12.283848 4.975370 0.000000 0.000000 0.000000 -1.000000 1 1.315912232e-05 5.044601858e-05
197 -0.999960 0.300000 1.000000 -2.103457 12.283848 4.975370 0.000000 0.000000 0.000000 -1.000000 1 1.145410351e-05 4.540989175e-05
197 -0.999960 0.300000 1.000000 -2.103457 12.283848 4.975370 0.000000 0.000000 0.000000 -1.000000 1 1.178006642e-05 5.920603871e-05
197 -0.999961 0.300000 1.000000 -2.103457 12.283848 4.975370 0.000000 0.000000 0.000000 -1.000000 1 1.133186743e-05 4.565319978e-05
197 -0.999962 0.300000 1.000000 -2.103457 12.283848 4.975370 0.000000 0.000000 0.000000 -1.000000 1 1.143198460e-05 4.657497630e-05
197 -0.999963 0.300000 1.000000 -2.103457 12.283848 4.975370 0.000000 0.000000 0.000000 -1.000000 1 1.430697739e-05 5.387398414e-05
197 -0.999963 0.300000 1.000000 -2.103457 12.283848 4.975370 0.000000 0.000000 0.000000 -1.000000 1 1.156516373e-05 4.565878771e-05
197 -0.999964 0.300000 1.000000 -2.103457 12.283848 4.975370 0.000000 0.000000 0.000000 -1.000000 1 1.181592233e-05 4.593003541e-05
197 -0.999965 0.300000 1.000000 -2.103457 12.283848 4.975370 0.000000 0.000000 0.000000 -1.000000 1 1.064199023e-05 4.200218245e-05
197 -0.999966 0.300000 1.000000 -2.103457 12.283848 4.975370 0.000000 0.000000 0.000000 -1.000000 1 1.159310341e-05 4.587485455e-05
197 -0.999966 0.300000 1.000000 -2.103457 12.283848 4.975370 0.000000 0.000000 0.000000 -1.000000 1 1.126900315e-05 4.566693678e-05
197 -0.999967 0.300000 1.000000 -2.103457 12.283848 4.975370 0.000000 0.000000 0.000000 -1.000000 1 1.126201823e-05 4.567601718e-05
197 -0.999968 0.300000 1.000000 -2.103457 12.283848 4.975370 0.000000 0.000000 0.000000 -1.000000 1 1.125899144e-05 5.108700134e-05
197 -0.999968 0.300000 1.000000 -2.103457 12.283848 4.975370 0.000000 0.000000 0.000000 -1.000000 1 1.062406227e-05 4.336307757e-05
197 -0.999969 0.300000 1.000000 -2.103457 12.283848 4.975370 0.000000 0.000000 0.000000 -1.000000 1 1.133303158e-05 4.588090815e-05
197 -0.999969 0.300000 1.000000 -2.103457 12.283848 4.975370 0.000000 0.000000 0.000000 -1.000000 1 1.076678745e-05 4.325504415e-05
197 -0.999970 0.300000 1.000000 -2.103457 12.283848 4.975370 0.000000 0.000000 0.000000 -1.000000 1 9.828014299e-06 3.972393461e-05
197 -0.999971 0.300000 1.000000 -2.103457 12.283848 4.975370 0.000000 0.000000 0.000000 -1.000000 1 4.061963409e-06 1.563108526e-05
197 -0.999971 0.300000 1.000000 -2.103457 12.283848 4.975370 0.000000 0.000000 0.000000 -1.000000 1 2.802815288e-06 1.136609353e-05
198 -0.999972 0.300000 1.000000 -2.247444 12.396731 5.142725 0.000000 0.000000 0.000000 -1.000000 1 1.003500074e-05 1.858593896e-05
198 -0.999972 0.300000 1.000000 -2.247444 12.396731 5.142725 0.000000 0.000000 0.000000 -1.000000 1 2.780929208e-06 1.266715117e-05
198 -0.999973 0.300000 1.000000 -2.247444 12.396731 5.142725 0.000000 0.000000 0.000000 -1.000000 1 4.342058674e-06 1.719896682e-05
198 -0.999973 0.300000 1.000000 -2.247444 12.396731 5.142725 0.000000 0.000000 0.000000 -1.000000 1 1.993402839e-05 6.907898933e-05
198 -0.999974 0.300000 1.000000 -2.247444 12.396731 5.142725 0.000000 0.000000 0.000000 -1.000000 1 1.122499816e-05 4.628603347e-05
198 -0.999974 0.300000 1.000000 -2.247444 12.396731 5.142725 0.000000 0.000000 0.000000 -1.000000 1 1.254398376e-05 4.883995280e-05
198 -0.999975 0.300000 1.000000 -2.247444 12.396731 5.142725 0.000000 0.000000 0.000000 -1.000000 1 1.157587394e-05 4.596589133e-05
198 -0.999975 0.300000 1.000000 -2.247444 12.396731 5.142725 0.000000 0.000000 0.000000 -1.000000 1 1.136492938e-05 4.569906741e-05
198 -0.999976 0.300000 1.000000 -2.247444 12.396731 5.142725 0.000000 0.000000 0.000000 -1.000000 1 1.127296127e-05 4.513096064e-05
198 -0.999976 0.300000 1.000000 -2.247444 12.396731 5.142725 0.000000 0.000000 0.000000 -1.000000 1 1.145503484e-05 4.537217319e-05
198 -0.999977 0.300000 1.000000 -2.247444 12.396731 5.142725 0.000000 0.000000 0.000000 -1.000000 1 1.159287058e-05 4.607602023e-05
198 -0.999977 0.300000 1.000000 -2.247444 12.396731 5.142725 0.000000 0.000000 0.000000 -1.000000 1 1.133815385e-05 4.603108391e-05
198 -0.999978 0.300000 1.000000 -2.247444 12.396731 5.142725 0.000000 0.000000 0.000000 -1.000000 1 1.672096550e-05 1.126020215e-04
198 -0.999978 0.300000 1.000000 -2.247444 12.396731 5.142725 0.000000 0.000000 0.000000 -1.000000 1 1.633306965e-05 1.112429891e-04
198 -0.999979 0.300000 1.000000 -2.247444 12.396731 5.142725 0.000000 0.000000 0.000000 -1.000000 1 1.612701453e-05 1.101540402e-04
198 -0.999979 0.300000 1.000000 -2.247444 12.396731 5.142725 0.000000 0.000000 0.000000 -1.000000 1 1.582503319e-05 1.021351200e-04
198 -0.999979 0.300000 1.000000 -2.247444 12.396731 5.142725 0.000000 0.000000 0.000000 -1.000000 1 1.711095683e-05 1.125501003e-04
198 -0.999980 0.300000 1.000000 -2.247444 12.396731 5.142725 0.000000 0.000000 0.000000 -1.000000 1 1.686997712e-05 1.135950442e-04
198 -0.999980 0.300000 1.000000 -2.247444 12.396731 5.142725 0.000000 0.000000 0.000000 -1.000000 1 1.622503623e-05 1.113300677e-04
198 -0.999981 0.300000 1.000000 -2.247444 12.396731 5.142725 0.000000 0.000000 0.000000 -1.000000 1 1.626601443e-05 1.100299414e-04
199 -0.999981 0.300000 1.000000 -2.404677 12.497521 5.314832 0.000000 0.000000 0.000000 -1.000000 1 3.543100320e-05 1.424530055e-04
199 -0.999981 0.300000 1.000000 -2.404677 12.497521 5.314832 0.000000 0.000000 0.000000 -1.000000 1 1.245993190e-05 8.607516065e-05
199 -0.999982 0.300000 1.000000 -2.404677 12.497521 5.314832 0.000000 0.000000 0.000000 -1.000000 1 1.094304025e-05 4.302407615e-05
199 -0.999982 0.300000 1.000000 -2.404677 12.497521 5.314832 0.000000 0.000000 0.000000 -1.000000 1 1.059495844e-05 4.283501767e-05
199 -0.999983 0.300000 1.000000 -2.404677 12.497521 5.314832 0.000000 0.000000 0.000000 -1.000000 1 1.156516373e-05 4.540919326e-05
199 -0.999983 0.300000 1.000000 -2.404677 12.497521 5.314832 0.000000 0.000000 0.000000 -1.000000 1 1.135887578e-05 4.574796185e-05
199 -0.999983 0.300000 1.000000 -2.404677 12.497521 5.314832 0.000000 0.000000 0.000000 -1.000000 1 1.150905155e-05 4.610186443e-05
199 -0.999984 0.300000 1.000000 -2.404677 12.497521 5.314832 0.000000 0.000000 0.000000 -1.000000 1 1.181499101e-05 4.646205343e-05
199 -0.999984 0.300000 1.000000 -2.404677 12.497521 5.314832 0.000000 0.000000 0.000000 -1.000000 1 1.157796942e-05 4.583108239e-05
199 -0.999984 0.300000 1.000000 -2.404677 12.497521 5.314832 0.000000 0.000000 0.000000 -1.000000 1 1.131999306e-05 4.541617818e-05
199 -0.999984 0.300000 1.000000 -2.404677 12.497521 5.314832 0.000000 0.000000 0.000000 -1.000000 1 1.138704829e-05 4.575611092e-05
199 -0.999985 0.300000 1.000000 -2.404677 12.497521 5.314832 0.000000 0.000000 0.000000 -1.000000 1 1.152209006e-05 4.585995339e-05
199 -0.999985 0.300000 1.000000 -2.404677 12.497521 5.314832 0.000000 0.000000 0.000000 -1.000000 1 1.314794645e-05 7.350719534e-05
199 -0.999985 0.300000 1.000000 -2.404677 12.497521 5.314832 0.000000 0.000000 0.000000 -1.000000 1 1.109694131e-05 4.645995796e-05
199 -0.999986 0.300000 1.000000 -2.404677 12.497521 5.314832 0.000000 0.000000 0.000000 -1.000000 1 1.741806045e-05 1.134688500e-04
199 -0.999986 0.300000 1.000000 -2.404677 12.497521 5.314832 0.000000 0.000000 0.000000 -1.000000 1 1.680292189e-05 1.110271551e-04
199 -0.999986 0.300000 1.000000 -2.404677 12.497521 5.314832 0.000000 0.000000 0.000000 -1.000000 1 1.721689478e-05 1.137901563e-04
199 -0.999987 0.300000 1.000000 -2.404677 12.497521 5.314832 0.000000 0.000000 0.000000 -1.000000 1 1.980504021e-05 6.953510456e-05
199 -0.999987 0.300000 1.000000 -2.404677 12.497521 5.314832 0.000000 0.000000 0.000000 -1.000000 1 1.223501749e-05 4.614493810e-05
199 -0.999987 0.300000 1.000000 -2.404677 12.497521 5.314832 0.000000 0.000000 0.000000 -1.000000 1 1.158402301e-05 4.590000026e-05
199 -0.999987 0.300000 1.000000 -2.404677 12.497521 5.314832 0.000000 0.000000 0.000000 -1.000000 1 1.148995943e-05 4.531117156e-05
200 -0.999988 0.300000 1.000000 -2.569372 12.586360 5.490513 0.000000 0.000000 0.000000 -1.000000 1 1.132301986e-05 4.548393190e-05
200 -0.999988 0.300000 1.000000 -2.569372 12.586360 5.490513 0.000000 0.000000 0.000000 -1.000000 1 1.055700704e-05 4.281406291e-05
200 -0.999988 0.300000 1.000000 -2.569372 12.586360 5.490513 0.000000 0.000000 0.000000 -1.000000 1 1.133512706e-05 4.552491009e-05
200 -0.999988 0.300000 1.000000 -2.569372 12.586360 5.490513 0.000000 0.000000 0.000000 -1.000000 1 1.193280332e-05 4.661013372e-05
200 -0.999988 0.300000 1.000000 -2.569372 12.586360 5.490513 0.000000 0.000000 0.000000 -1.000000 1 1.138495281e-05 4.547415301e-05
200 -0.999989 0.300000 1.000000 -2.569372 12.586360 5.490513 0.000000 0.000000 0.000000 -1.000000 1 1.164292917e-05 4.586996511e-05
200 -0.999989 0.300000 1.000000 -2.569372 12.586360 5.490513 0.000000 0.000000 0.000000 -1.000000 1 1.669698395e-05 4.826695658e-05
200 -0.999989 0.300000 1.000000 -2.569372 12.586360 5.490513 0.000000 0.000000 0.000000 -1.000000 1 1.161708497e-05 4.604784772e-05
200 -0.999989 0.300000 1.000000 -2.569372 12.586360 5.490513 0.000000 0.000000 0.000000 -1.000000 1 1.323805191e-05 5.055591464e-05
200 -0.999990 0.300000 1.000000 -2.569372 12.586360 5.490513 0.000000 0.000000 0.000000 -1.000000 1 1.129508018e-05 4.524993710e-05
200 -0.999990 0.300000 1.000000 -2.569372 12.586360 5.490513 0.000000 0.000000 0.000000 -1.000000 1 1.131906174e-05 4.607299343e-05
200 -0.999990 0.300000 1.000000 -2.569372 12.586360 5.490513 0.000000 0.000000 0.000000 -1.000000 1 1.137680374e-05 4.663504660e-05
200 -0.999990 0.300000 1.000000 -2.569372 12.586360 5.490513 0.000000 0.000000 0.000000 -1.000000 1 1.126504503e-05 4.525086842e-05
200 -0.999990 0.300000 1.000000 -2.569372 12.586360 5.490513 0.000000 0.000000 0.000000 -1.000000 1 1.960387453e-05 6.772694178e-05
200 -0.999991 0.300000 1.000000 -2.569372 12.586360 5.490513 0.000000 0.000000 0.000000 -1.000000 1 1.159799285e-05 4.615285434e-05
200 -0.999991 0.300000 1.000000 -2.569372 12.586360 5.490513 0.000000 0.000000 0.000000 -1.000000 1 1.152511686e-05 4.640989937e-05
200 -0.999991 0.300000 1.000000 -2.569372 12.586360 5.490513 0.000000 0.000000 0.000000 -1.000000 1 1.146108843e-05 4.700315185e-05
200 -0.999991 0.300000 1.000000 -2.569372 12.586360 5.490513 0.000000 0.000000 0.000000 -1.000000 1 1.171580516e-05 4.538497888e-05
200 -0.999991 0.300000 1.000000 -2.569372 12.586360 5.490513 0.000000 0.000000 0.000000 -1.000000 1 1.134816557e-05 4.696613178e-05
200 -0.999991 0.300000 1.000000 -2.569372 12.586360 5.490513 0.000000 0.000000 0.000000 -1.000000 1 1.150998287e-05 4.777405411e-05
201 -0.999992 0.300000 1.000000 -2.745550 12.660238 5.670264 0.000000 0.000000 0.000000 -1.000000 1 1.174490899e-05 4.690000787e-05
201 -0.999992 0.300000 1.000000 -2.745550 12.660238 5.670264 0.000000 0.000000 0.000000 -1.000000 1 1.136795618e-05 4.607089795e-05
201 -0.999992 0.300000 1.000000 -2.745550 12.660238 5.670264 0.000000 0.000000 0.000000 -1.000000 1 1.137284562e-05 4.571792670e-05
201 -0.999992 0.300000 1.000000 -2.745550 12.660238 5.670264 0.000000 0.000000 0.000000 -1.000000 1 1.148995943e-05 4.553608596e-05
201 -0.999992 0.300000 1.000000 -2.745550 12.660238 5.670264 0.000000 0.000000 0.000000 -1.000000 1 1.121498644e-05 4.545017146e-05
201 -0.999992 0.300000 1.000000 -2.745550 12.660238 5.670264 0.000000 0.000000 0.000000 -1.000000 1 1.316890121e-05 5.734199658e-05
201 -0.999993 0.300000 1.000000 -2.745550 12.660238 5.670264 0.000000 0.000000 0.000000 -1.000000 1 1.118797809e-05 4.580104724e-05
201 -0.999993 0.300000 1.000000 -2.745550 12.660238 5.670264 0.000000 0.000000 0.000000 -1.000000 1 1.218798570e-05 4.683015868e-05
201 -0.999993 0.300000 1.000000 -2.745550 12.660238 5.670264 0.000000 0.000000 0.000000 -1.000000 1 1.133186743e-05 4.601385444e-05
201 -0.999993 0.300000 1.000000 -2.745550 12.660238 5.670264 0.000000 0.000000 0.000000 -1.000000 1 8.963048458e-06 6.062490866e-05
201 -0.999993 0.300000 1.000000 -2.745550 12.660238 5.670264 0.000000 0.000000 0.000000 -1.000000 1 6.660120562e-06 3.963615745e-05
201 -0.999993 0.300000 1.000000 -2.745550 12.660238 5.670264 0.000000 0.000000 0.000000 -1.000000 1 6.312038749e-06 4.694401287e-05
201 -0.999993 0.300000 1.000000 -2.745550 12.660238 5.670264 0.000000 0.000000 0.000000 -1.000000 1 1.612608321e-05 1.114639454e-04
201 -0.999994 0.300000 1.000000 -2.745550 12.660238 5.670264 0.000000 0.000000 0.000000 -1.000000 1 1.008808613e-05 3.976607695e-05
201 -0.999994 0.300000 1.000000 -2.745550 12.660238 5.670264 0.000000 0.000000 0.000000 -1.000000 1 1.160288230e-05 4.674308002e-05
201 -0.999994 0.300000 1.000000 -2.745550 12.660238 5.670264 0.000000 0.000000 0.000000 -1.000000 1 2.313405275e-05 7.644807920e-05
201 -0.999994 0.300000 1.000000 -2.745550 12.660238 5.670264 0.000000 0.000000 0.000000 -1.000000 1 1.341802999e-05 4.927511327e-05
201 -0.999994 0.300000 1.000000 -2.745550 12.660238 5.670264 0.000000 0.000000 0.000000 -1.000000 1 8.597038686e-06 3.393017687e-05
201 -0.999994 0.300000 1.000000 -2.745550 12.660238 5.670264 0.000000 0.000000 0.000000 -1.000000 1 7.543014362e-06 3.255601041e-05
201 -0.999994 0.300000 1.000000 -2.745550 12.660238 5.670264 0.000000 0.000000 0.000000 -1.000000 1 4.046829417e-06 1.651095226e-05
202 -0.999994 0.300000 1.000000 -2.925996 12.719215 5.852724 0.000000 0.000000 0.000000 -1.000000 1 3.749970347e-06 1.479405910e-05
202 -0.999994 0.300000 1.000000 -2.925996 12.719215 5.852724 0.000000 0.000000 0.000000 -1.000000 1 1.002289355e-05 3.997306339e-05
202 -0.999995 0.300000 1.000000 -2.925996 12.719215 5.852724 0.000000 0.000000 0.000000 -1.000000 1 1.373398118e-05 5.279411562e-05
202 -0.999995 0.300000 1.000000 -2.925996 12.719215 5.852724 0.000000 0.000000 0.000000 -1.000000 1 1.128599979e-05 4.503107630e-05
202 -0.999995 0.300000 1.000000 -2.925996 12.719215 5.852724 0.000000 0.000000 0.000000 -1.000000 1 6.186077371e-06 2.686190419e-05
202 -0.999995 0.300000 1.000000 -2.925996 12.719215 5.852724 0.000000 0.000000 0.000000 -1.000000 1 5.980022252e-06 2.294708975e-05
202 -0.999995 0.300000 1.000000 -2.925996 12.719215 5.852724 0.000000 0.000000 0.000000 -1.000000 1 1.155585051e-05 4.557822831e-05
202 -0.999995 0.300000 1.000000 -2.925996 12.719215 5.852724 0.000000 0.000000 0.000000 -1.000000 1 2.012588084e-05 9.337509982e-05
202 -0.999995 0.300000 1.000000 -2.925996 12.719215 5.852724 0.000000 0.000000 0.000000 -1.000000 1 1.154607162e-05 4.624482244e-05
202 -0.999995 0.300000 1.000000 -2.925996 12.719215 5.852724 0.000000 0.000000 0.000000 -1.000000 1 1.148995943e-05 4.615494981e-05
202 -0.999995 0.300000 1.000000 -2.925996 12.719215 5.852724 0.000000 0.000000 0.000000 -1.000000 1 1.130695455e-05 4.600803368e-05
202 -0.999995 0.300000 1.000000 -2.925996 12.719215 5.852724 0.000000 0.000000 0.000000 -1.000000 1 1.246901229e-05 4.644598812e-05
202 -0.999996 0.300000 1.000000 -2.925996 12.719215 5.852724 0.000000 0.000000 0.000000 -1.000000 1 1.119985245e-05 4.535098560e-05
202 -0.999996 0.300000 1.000000 -2.925996 12.719215 5.852724 0.000000 0.000000 0.000000 -1.000000 1 2.752989531e-06 1.135817729e-05
202 -0.999996 0.300000 1.000000 -2.925996 12.719215 5.852724 0.000000 0.000000 0.000000 -1.000000 1 1.162197441e-05 4.644389264e-05
202 -0.999996 0.300000 1.000000 -2.925996 12.719215 5.852724 0.000000 0.000000 0.000000 -1.000000 1 1.172907650e-05 4.626601003e-05
202 -0.999996 0.300000 1.000000 -2.925996 12.719215 5.852724 0.000000 0.000000 0.000000 -1.000000 1 1.153303310e-05 4.552886821e-05
202 -0.999996 0.300000 1.000000 -2.925996 12.719215 5.852724 0.000000 0.000000 0.000000 -1.000000 1 1.132301986e-05 4.562898539e-05
202 -0.999996 0.300000 1.000000 -2.925996 12.719215 5.852724 0.000000 0.000000 0.000000 -1.000000 1 1.142406836e-05 4.579685628e-05
202 -0.999996 0.300000 1.000000 -2.925996 12.719215 5.852724 0.000000 0.000000 0.000000 -1.000000 1 1.290207729e-05 5.056383088e-05
203 -0.999996 0.299999 1.000000 -3.114279 12.760726 6.038310 0.000000 0.000000 0.000000 -1.000000 1 1.135887578e-05 4.499009810e-05
203 -0.999996 0.299999 1.000000 -3.114279 12.760726 6.038310 0.000000 0.000000 0.000000 -1.000000 1 1.134118065e-05 4.585902207e-05
203 -0.999996 0.299999 1.000000 -3.114279 12.760726 6.038310 0.000000 0.000000 0.000000 -1.000000 1 1.133605838e-05 4.509300925e-05
203 -0.999996 0.300000 1.000000 -3.114279 12.760726 6.038310 0.000000 0.000000 0.000000 -1.000000 1 1.128599979e-05 4.463410005e-05
203 -0.999996 0.300000 1.000000 -3.114279 12.760726 6.038310 0.000000 0.000000 0.000000 -1.000000 1 1.988699660e-05 7.114908658e-05
203 -0.999996 0.300000 1.000000 -3.114279 12.760726 6.038310 0.000000 0.000000 0.000000 -1.000000 1 1.131300814e-05 4.604109563e-05
203 -0.999997 0.300000 1.000000 -3.114279 12.760726 6.038310 0.000000 0.000000 0.000000 -1.000000 1 1.211510971e-05 4.680012353e-05
203 -0.999997 0.300000 1.000000 -3.114279 12.760726 6.038310 0.000000 0.000000 0.000000 -1.000000 1 1.130509190e-05 4.633609205e-05
203 -0.999997 0.300000 1.000000 -3.114279 12.760726 6.038310 0.000000 0.000000 0.000000 -1.000000 1 1.161312684e-05 4.572793841e-05
203 -0.999997 0.300000 1.000000 -3.114279 12.760726 6.038310 0.000000 0.000000 0.000000 -1.000000 1 1.129880548e-05 4.534283653e-05
203 -0.999997 0.300000 1.000000 -3.114279 12.760726 6.038310 0.000000 0.000000 0.000000 -1.000000 1 1.143594272e-05 4.616705701e-05
203 -0.999997 0.300000 1.000000 -3.114279 12.760726 6.038310 0.000000 0.000000 0.000000 -1.000000 1 1.210602932e-05 4.822295159e-05
203 -0.999997 0.300000 1.000000 -3.114279 12.760726 6.038310 0.000000 0.000000 0.000000 -1.000000 1 1.140404493e-05 4.519592039e-05
203 -0.999997 0.300000 1.000000 -3.114279 12.760726 6.038310 0.000000 0.000000 0.000000 -1.000000 1 1.153396443e-05 4.607113078e-05
203 -0.999997 0.300000 1.000000 -3.114279 12.760726 6.038310 0.000000 0.000000 0.000000 -1.000000 1 1.147412695e-05 4.537496716e-05
203 -0.999997 0.300000 1.000000 -3.114279 12.760726 6.038310 0.000000 0.000000 0.000000 -1.000000 1 1.143198460e-05 4.544202238e-05
203 -0.999997 0.300000 1.000000 -3.114279 12.760726 6.038310 0.000000 0.000000 0.000000 -1.000000 1 1.336401328e-05 5.109794438e-05
203 -0.999997 0.300000 1.000000 -3.114279 12.760726 6.038310 0.000000 0.000000 0.000000 -1.000000 1 1.120590605e-05 4.621921107e-05
203 -0.999997 0.300000 1.000000 -3.114279 12.760726 6.038310 0.000000 0.000000 0.000000 -1.000000 1 1.166993752e-05 4.615308717e-05
203 -0.999997 0.300000 1.000000 -3.114279 12.760726 6.038310 0.000000 0.000000 0.000000 -1.000000 1 1.129298471e-05 4.523200914e-05
204 -0.999997 0.299999 1.000000 -3.303653 12.785686 6.225634 0.000000 0.000000 0.000000 -1.000000 1 1.179589890e-05 4.640803672e-05
204 -0.999997 0.299999 1.000000 -3.303653 12.785686 6.225634 0.000000 0.000000 0.000000 -1.000000 1 1.965905540e-05 7.144897245e-05
204 -0.999997 0.299999 1.000000 -3.303653 12.785686 6.225634 0.000000 0.000000 0.000000 -1.000000 1 1.134281047e-05 4.606880248e-05
204 -0.999997 0.299999 1.000000 -3.303653 12.785686 6.225634 0.000000 0.000000 0.000000 -1.000000 1 1.163687557e-05 4.723505117e-05
204 -0.999997 0.299999 1.000000 -3.303653 12.785686 6.225634 0.000000 0.000000 0.000000 -1.000000 1 2.782093361e-06 1.123989932e-05
204 -0.999998 0.299999 1.000000 -3.303653 12.785686 6.225634 0.000000 0.000000 0.000000 -1.000000 1 6.555113941e-06 2.273009159e-05
204 -0.999998 0.299999 1.000000 -3.303653 12.785686 6.225634 0.000000 0.000000 0.000000 -1.000000 1 6.649876013e-06 2.653780393e-05
204 -0.999998 0.299999 1.000000 -3.303653 12.785686 6.225634 0.000000 0.000000 0.000000 -1.000000 1 8.380971849e-06 3.416999243e-05
204 -0.999998 0.299999 1.000000 -3.303653 12.785686 6.225634 0.000000 0.000000 0.000000 -1.000000 1 1.162709668e-05 5.226605572e-05
204 -0.999998 0.299999 1.000000 -3.303653 12.785686 6.225634 0.000000 0.000000 0.000000 -1.000000 1 1.133303158e-05 4.680803977e-05
204 -0.999998 0.299999 1.000000 -3.303653 12.785686 6.225634 0.000000 0.000000 0.000000 -1.000000 1 1.164618880e-05 4.737405106e-05
204 -0.999998 0.299999 1.000000 -3.303653 12.785686 6.225634 0.000000 0.000000 0.000000 -1.000000 1 1.159706153e-05 4.611304030e-05
204 -0.999998 0.299999 1.000000 -3.303653 12.785686 6.225634 0.000000 0.000000 0.000000 -1.000000 1 1.140288077e-05 4.553212784e-05
204 -0.999998 0.299999 1.000000 -3.303653 12.785686 6.225634 0.000000 0.000000 0.000000 -1.000000 1 1.158704981e-05 4.630908370e-05
204 -0.999998 0.299999 1.000000 -3.303653 12.785686 6.225634 0.000000 0.000000 0.000000 -1.000000 1 1.126807183e-05 4.566088319e-05
204 -0.999998 0.299999 1.000000 -3.303653 12.785686 6.225634 0.000000 0.000000 0.000000 -1.000000 1 1.159613021e-05 4.608090967e-05
204 -0.999998 0.299999 1.000000 -3.303653 12.785686 6.225634 0.000000 0.000000 0.000000 -1.000000 1 1.143594272e-05 4.572491162e-05
204 -0.999998 0.299999 1.000000 -3.303653 12.785686 6.225634 0.000000 0.000000 0.000000 -1.000000 1 1.136609353e-05 4.599592648e-05
204 -0.999998 0.299999 1.000000 -3.303653 12.785686 6.225634 0.000000 0.000000 0.000000 -1.000000 1 1.965998672e-05 7.629790343e-05
204 -0.999998 0.299999 1.000000 -3.303653 12.785686 6.225634 0.000000 0.000000 0.000000 -1.000000 1 1.138821244e-05 4.626484588e-05
205 -0.999998 0.299999 1.000000 -3.499238 12.791960 6.415135 0.000000 0.000000 0.000000 -1.000000 1 1.161987893e-05 5.712290294e-05
205 -0.999998 0.299999 1.000000 -3.499238 12.791960 6.415135 0.000000 0.000000 0.000000 -1.000000 1 1.149601303e-05 4.684599116e-05
205 -0.999998 0.299999 1.000000 -3.499238 12.791960 6.415135 0.000000 0.000000 0.000000 -1.000000 1 1.062080264e-05 4.371907562e-05
205 -0.999998 0.299999 1.000000 -3.499238 12.791960 6.415135 0.000000 0.000000 0.000000 -1.000000 1 1.135305502e-05 4.605716094e-05
205 -0.999998 0.299999 1.000000 -3.499238 12.791960 6.415135 0.000000 0.000000 0.000000 -1.000000 1 1.138891093e-05 4.566810094e-05
205 -0.999998 0.299999 1.000000 -3.499238 12.791960 6.415135 0.000000 0.000000 0.000000 -1.000000 1 1.164898276e-05 4.649697803e-05
205 -0.999998 0.299999 1.000000 -3.499238 12.791960 6.415135 0.000000 0.000000 0.000000 -1.000000 1 1.141498797e-05 4.539010115e-05
205 -0.999998 0.299999 1.000000 -3.499238 12.791960 6.415135 0.000000 0.000000 0.000000 -1.000000 1 1.135002822e-05 4.540802911e-05
205 -0.999998 0.299999 1.000000 -3.499238 12.791960 6.415135 0.000000 0.000000 0.000000 -1.000000 1 1.127109863e-05 4.516588524e-05
205 -0.999998 0.299999 1.000000 -3.499238 12.791960 6.415135 0.000000 0.000000 0.000000 -1.000000 1 1.134001650e-05 4.516518675e-05
205 -0.999998 0.299999 1.000000 -3.499238 12.791960 6.415135 0.000000 0.000000 0.000000 -1.000000 1 1.271301880e-05 4.958198406e-05
205 -0.999998 0.299999 1.000000 -3.499238 12.791960 6.415135 0.000000 0.000000 0.000000 -1.000000 1 1.116213389e-05 4.560896195e-05
205 -0.999999 0.299999 1.000000 -3.499238 12.791960 6.415135 0.000000 0.000000 0.000000 -1.000000 1 1.141894609e-05 4.553096369e-05
205 -0.999999 0.299999 1.000000 -3.499238 12.791960 6.415135 0.000000 0.000000 0.000000 -1.000000 1 1.163897105e-05 4.621385597e-05
205 -0.999999 0.299999 1.000000 -3.499238 12.791960 6.415135 0.000000 0.000000 0.000000 -1.000000 1 1.171510667e-05 4.632980563e-05
205 -0.999999 0.299999 1.000000 -3.499238 12.791960 6.415135 0.000000 0.000000 0.000000 -1.000000 1 1.955893822e-05 6.740493700e-05
205 -0.999999 0.299999 1.000000 -3.499238 12.791960 6.415135 0.000000 0.000000 0.000000 -1.000000 1 1.123803668e-05 4.580197856e-05
205 -0.999999 0.299999 1.000000 -3.499238 12.791960 6.415135 0.000000 0.000000 0.000000 -1.000000 1 1.150486059e-05 4.596309736e-05
205 -0.999999 0.299999 1.000000 -3.499238 12.791960 6.415135 0.000000 0.000000 0.000000 -1.000000 1 1.059100032e-05 4.269205965e-05
205 -0.999999 0.299999 1.000000 -3.499238 12.791960 6.415135 0.000000 0.000000 0.000000 -1.000000 1 1.153792255e-05 4.588393494e-05
206 -0.999999 0.299999 1.000000 -3.692201 12.780599 6.605269 0.000000 0.000000 0.000000 -1.000000 1 1.141894609e-05 4.525203258e-05
206 -0.999999 0.299999 1.000000 -3.692201 12.780599 6.605269 0.000000 0.000000 0.000000 -1.000000 1 1.141801476e-05 4.509580322e-05
206 -0.999999 0.299999 1.000000 -3.692201 12.780599 6.605269 0.000000 0.000000 0.000000 -1.000000 1 1.228181645e-05 4.971493036e-05
206 -0.999999 0.299999 1.000000 -3.692201 12.780599 6.605269 0.000000 0.000000 0.000000 -1.000000 1 1.090578735e-05 4.288693890e-05
206 -0.999999 0.299999 1.000000 -3.692201 12.780599 6.605269 0.000000 0.000000 0.000000 -1.000000 1 1.801387407e-05 5.297316238e-05
206 -0.999999 0.299999 1.000000 -3.692201 12.780599 6.605269 0.000000 0.000000 0.000000 -1.000000 1 1.212581992e-05 4.654703662e-05
206 -0.999999 0.299999 1.000000 -3.692201 12.780599 6.605269 0.000000 0.000000 0.000000 -1.000000 1 1.074303873e-05 4.253699444e-05
206 -0.999999 0.299999 1.000000 -3.692201 12.780599 6.605269 0.000000 0.000000 0.000000 -1.000000 1 1.325202174e-05 5.027395673e-05
206 -0.999999 0.299999 1.000000 -3.692201 12.780599 6.605269 0.000000 0.000000 0.000000 -1.000000 1 1.124991104e-05 4.643597640e-05
206 -0.999999 0.299999 1.000000 -3.692201 12.780599 6.605269 0.000000 0.000000 0.000000 -1.000000 1 1.130998135e-05 4.503899254e-05
206 -0.999999 0.299999 1.000000 -3.692201 12.780599 6.605269 0.000000 0.000000 0.000000 -1.000000 1 1.135189086e-05 4.633492790e-05
206 -0.999999 0.299999 1.000000 -3.692201 12.780599 6.605269 0.000000 0.000000 0.000000 -1.000000 1 1.647602767e-05 1.111540478e-04
206 -0.999999 0.299999 1.000000 -3.692201 12.780599 6.605269 0.000000 0.000000 0.000000 -1.000000 1 2.357503399e-05 1.356671564e-04
206 -0.999999 0.299999 1.000000 -3.692201 12.780599 6.605269 0.000000 0.000000 0.000000 -1.000000 1 1.182290725e-05 4.597683437e-05
206 -0.999999 0.300000 1.000000 -3.692201 12.780599 6.605269 0.000000 0.000000 0.000000 -1.000000 1 1.387507655e-05 5.166116171e-05
206 -0.999999 0.300000 1.000000 -3.692201 12.780599 6.605269 0.000000 0.000000 0.000000 -1.000000 1 1.064501703e-05 4.292698577e-05
206 -0.999999 0.300000 1.000000 -3.692201 12.780599 6.605269 0.000000 0.000000 0.000000 -1.000000 1 1.123803668e-05 4.499196075e-05
206 -0.999999 0.300000 1.000000 -3.692201 12.780599 6.605269 0.000000 0.000000 0.000000 -1.000000 1 1.145200804e-05 4.524504766e-05
206 -0.999999 0.300000 1.000000 -3.692201 12.780599 6.605269 0.000000 0.000000 0.000000 -1.000000 1 1.128204167e-05 4.505203106e-05
206 -0.999999 0.300000 1.000000 -3.692201 12.780599 6.605269 0.000000 0.000000 0.000000 -1.000000 1 8.725095540e-06 3.319396637e-05
207 -0.999999 0.300000 0.976215 -3.885623 12.750007 -5.770014 0.000000 0.000000 0.000000 -1.000000 1 6.001908332e-06 2.437410876e-05
207 -1.000000 0.300003 0.937201 -3.885623 12.750007 -5.770014 0.000000 0.000000 0.000000 -1.000000 1 1.137610525e-05 4.651001655e-05
207 -1.000000 0.300005 0.898957 -3.885623 12.750007 -5.770014 0.000000 0.000000 0.000000 -1.000000 1 1.148297451e-05 4.723086022e-05
207 -1.000001 0.300008 0.861468 -3.885623 12.750007 -5.770014 0.000000 0.000000 0.000000 -1.000000 1 8.317176253e-06 3.332900815e-05
207 -1.000001 0.300010 0.824719 -3.885623 12.750007 -5.770014 0.000000 0.000000 0.000000 -1.000000 1 1.975893974e-05 6.874697283e-05
207 -1.000001 0.300012 0.788695 -3.885623 12.750007 -5.770014 0.000000 0.000000 0.000000 -1.000000 1 1.121801324e-05 4.543596879e-05
207 -1.000002 0.300014 0.753383 -3.885623 12.750007 -5.770014 0.000000 0.000000 0.000000 -1.000000 1 1.166900620e-05 4.755496047e-05
207 -1.000002 0.300016 0.718768 -3.885623 12.750007 -5.770014 0.000000 0.000000 0.000000 -1.000000 1 1.131487079e-05 4.649208859e-05
207 -1.000002 0.300018 0.684836 -3.885623 12.750007 -5.770014 0.000000 0.000000 0.000000 -1.000000 1 1.132907346e-05 4.566088319e-05
207 -1.000002 0.300020 0.651575 -3.885623 12.750007 -5.770014 0.000000 0.000000 0.000000 -1.000000 1 2.349703573e-05 1.348957885e-04
207 -1.000003 0.300022 0.618969 -3.885623 12.750007 -5.770014 0.000000 0.000000 0.000000 -1.000000 1 1.134816557e-05 4.634703510e-05
207 -1.000003 0.300024 0.587008 -3.885623 12.750007 -5.770014 0.000000 0.000000 0.000000 -1.000000 1 1.124013215e-05 4.691793583e-05
207 -1.000003 0.300026 0.555678 -3.885623 12.750007 -5.770014 0.000000 0.000000 0.000000 -1.000000 1 1.131603494e-05 4.603108391e-05
207 -1.000003 0.300028 0.524966 -3.885623 12.750007 -5.770014 0.000000 0.000000 0.000000 -1.000000 1 1.115095802e-05 4.557310604e-05
207 -1.000003 0.300029 0.494860 -3.885623 12.750007 -5.770014 0.000000 0.000000 0.000000 -1.000000 1 1.137214713e-05 4.582502879e-05
207 -1.000003 0.300031 0.465349 -3.885623 12.750007 -5.770014 0.000000 0.000000 0.000000 -1.000000 1 1.117191277e-05 4.627997987e-05
207 -1.000003 0.300033 0.436420 -3.885623 12.750007 -5.770014 0.000000 0.000000 0.000000 -1.000000 1 1.805415377e-05 5.304999650e-05
207 -1.000003 0.300034 0.408062 -3.885623 12.750007 -5.770014 0.000000 0.000000 0.000000 -1.000000 1 1.119798981e-05 4.546414129e-05
207 -1.000003 0.300035 0.380265 -3.885623 12.750007 -5.770014 0.000000 0.000000 0.000000 -1.000000 1 1.157913357e-05 4.677218385e-05
207 -1.000003 0.300037 0.353016 -3.885623 12.750007 -5.770014 0.000000 0.000000 0.000000 -1.000000 1 1.123500988e-05 4.623900168e-05
208 -1.000003 0.300038 0.330249 -4.072492 12.702155 -5.579506 0.000000 0.000000 0.000000 -1.000000 1 1.195701770e-05 4.693889059e-05
208 -1.000003 0.300039 0.303987 -4.072492 12.702155 -5.579506 0.000000 0.000000 0.000000 -1.000000 1 1.408997923e-05 5.422788672e-05
208 -1.000003 0.300040 0.278244 -4.072492 12.702155 -5.579506 0.000000 0.000000 0.000000 -1.000000 1 1.117889769e-05 4.713097587e-05
208 -1.000003 0.300041 0.253009 -4.072492 12.702155 -5.579506 0.000000 0.000000 0.000000 -1.000000 1 1.141498797e-05 4.642806016e-05
208 -1.000003 0.300042 0.228273 -4.072492 12.702155 -5.579506 0.000000 0.000000 0.000000 -1.000000 1 1.132301986e-05 4.641595297e-05
208 -1.000003 0.300043 0.204024 -4.072492 12.702155 -5.579506 0.000000 0.000000 0.000000 -1.000000 1 1.567392610e-05 1.081940718e-04
208 -1.000003 0.300044 0.180254 -4.072492 12.702155 -5.579506 0.000000 0.000000 0.000000 -1.000000 1 2.018408850e-05 1.264801249e-04
208 -1.000003 0.300045 0.156954 -4.072492 12.702155 -5.579506 0.000000 0.000000 0.000000 -1.000000 1 1.606694423e-05 1.153710764e-04
208 -1.000003 0.300045 0.134113 -4.072492 12.702155 -5.579506 0.000000 0.000000 0.000000 -1.000000 1 1.132301986e-05 4.704599269e-05
208 -1.000002 0.300046 0.111723 -4.072492 12.702155 -5.579506 0.000000 0.000000 0.000000 -1.000000 1 1.054187305e-05 4.385015927e-05
208 -1.000002 0.300046 0.089776 -4.072492 12.702155 -5.579506 0.000000 0.000000 0.000000 -1.000000 1 1.147086732e-05 4.652002826e-05
208 -1.000002 0.300046 0.068261 -4.072492 12.702155 -5.579506 0.000000 0.000000 0.000000 -1.000000 1 1.038890332e-05 4.357704893e-05
208 -1.000002 0.300046 0.047172 -4.072492 12.702155 -5.579506 0.000000 0.000000 0.000000 -1.000000 1 1.068203710e-05 4.298100248e-05
208 -1.000002 0.300046 0.026498 -4.072492 12.702155 -5.579506 0.000000 0.000000 0.000000 -1.000000 1 1.186598092e-05 4.669185728e-05
208 -1.000002 0.300045 0.006233 -4.072492 12.702155 -5.579506 0.000000 0.000000 0.000000 -1.000000 1 1.126388088e-05 4.612212069e-05
208 -1.000002 0.300045 -0.013632 -4.072492 12.702155 -5.579506 0.000000 0.000000 0.000000 -1.000000 1 1.130183227e-05 4.687998444e-05
208 -1.000002 0.300044 -0.033105 -4.072492 12.702155 -5.579506 0.000000 0.000000 0.000000 -1.000000 1 1.183617860e-05 4.598009400e-05
208 -1.000002 0.300044 -0.052194 -4.072492 12.702155 -5.579506 0.000000 0.000000 0.000000 -1.000000 1 1.200498082e-05 4.725111648e-05
208 -1.000002 0.300043 -0.070906 -4.072492 12.702155 -5.579506 0.000000 0.000000 0.000000 -1.000000 1 1.190905459e-05 4.669302143e-05
208 -1.000002 0.300042 -0.089248 -4.072492 12.702155 -5.579506 0.000000 0.000000 0.000000 -1.000000 1 1.131906174e-05 4.570395686e-05
209 -1.000002 0.300042 -0.103276 -4.258597 12.635011 -5.389453 0.000000 0.000000 0.000000 -1.000000 1 1.139706001e-05 4.608999006e-05
209 -1.000002 0.300041 -0.120980 -4.258597 12.635011 -5.389453 0.000000 0.000000 0.000000 -1.000000 1 1.164898276e-05 4.690093920e-05
209 -1.000002 0.300040 -0.138333 -4.258597 12.635011 -5.389453 0.000000 0.000000 0.000000 -1.000000 1 1.111603342e-05 4.668696783e-05
209 -1.000002 0.300039 -0.155345 -4.258597 12.635011 -5.389453 0.000000 0.000000 0.000000 -1.000000 1 1.556798816e-05 5.646003410e-05
209 -1.000002 0.300038 -0.172020 -4.258597 12.635011 -5.389453 0.000000 0.000000 0.000000 -1.000000 1 1.130416058e-05 4.602898844e-05
209 -1.000002 0.300036 -0.188366 -4.258597 12.635011 -5.389453 0.000000 0.000000 0.000000 -1.000000 1 1.140404493e-05 4.606600851e-05
209 -1.000002 0.300035 -0.204390 -4.258597 12.635011 -5.389453 0.000000 0.000000 0.000000 -1.000000 1 1.125107519e-05 4.586088471e-05
209 -1.000002 0.300034 -0.220097 -4.258597 12.635011 -5.389453 0.000000 0.000000 0.000000 -1.000000 1 1.132418402e-05 4.594912753e-05
209 -1.000002 0.300033 -0.235494 -4.258597 12.635011 -5.389453 0.000000 0.000000 0.000000 -1.000000 1 1.146690920e-05 4.634098150e-05
209 -1.000002 0.300032 -0.250587 -4.258597 12.635011 -5.389453 0.000000 0.000000 0.000000 -1.000000 1 1.118401997e-05 4.611583427e-05
209 -1.000002 0.300032 -0.265382 -4.258597 12.635011 -5.389453 0.000000 0.000000 0.000000 -1.000000 1 1.134513877e-05 4.596402869e-05
209 -1.000002 0.300031 -0.279885 -4.258597 12.635011 -5.389453 0.000000 0.000000 0.000000 -1.000000 1 1.138797961e-05 4.652305506e-05
209 -1.000002 0.300030 -0.294102 -4.258597 12.635011 -5.389453 0.000000 0.000000 0.000000 -1.000000 1 1.107994467e-05 4.568905570e-05
209 -1.000002 0.300029 -0.308038 -4.258597 12.635011 -5.389453 0.000000 0.000000 0.000000 -1.000000 1 1.126201823e-05 4.552979954e-05
209 -1.000002 0.300028 -0.321699 -4.258597 12.635011 -5.389453 0.000000 0.000000 0.000000 -1.000000 1 1.609791070e-05 1.160050742e-04
209 -1.000002 0.300028 -0.335090 -4.258597 12.635011 -5.389453 0.000000 0.000000 0.000000 -1.000000 1 1.692003570e-05 1.174770296e-04
