9 0.429222 0.009143 -0.051933 0.429222 0.009143 -0.051933 0.000000 0.000000 0.000000 0.000000 1 1.341104507e-07
10 0.431882 0.009479 0.151716 0.431872 0.009605 0.150927 0.000000 0.000000 0.000000 0.000000 1 5.587935448e-08
10 0.431881 0.009484 0.151685 0.431872 0.009605 0.150927 0.000000 0.000000 0.000000 0.000000 1 5.681067705e-08
10 0.431881 0.009489 0.151656 0.431872 0.009605 0.150927 0.000000 0.000000 0.000000 0.000000 1 5.681067705e-08
10 0.431881 0.009493 0.151627 0.431872 0.009605 0.150927 0.000000 0.000000 0.000000 0.000000 1 5.774199963e-08
10 0.431880 0.009498 0.151599 0.431872 0.009605 0.150927 0.000000 0.000000 0.000000 0.000000 1 5.774199963e-08
10 0.431880 0.009502 0.151573 0.431872 0.009605 0.150927 0.000000 0.000000 0.000000 0.000000 1 5.774199963e-08
10 0.431880 0.009506 0.151548 0.431872 0.009605 0.150927 0.000000 0.000000 0.000000 0.000000 1 5.867332220e-08
10 0.431879 0.009510 0.151523 0.431872 0.009605 0.150927 0.000000 0.000000 0.000000 0.000000 1 5.494803190e-08
10 0.431879 0.009514 0.151500 0.431872 0.009605 0.150927 0.000000 0.000000 0.000000 0.000000 1 5.494803190e-08
10 0.431879 0.009517 0.151477 0.431872 0.009605 0.150927 0.000000 0.000000 0.000000 0.000000 1 1.303851604e-07
10 0.431878 0.009521 0.151456 0.431872 0.009605 0.150927 0.000000 0.000000 0.000000 0.000000 1 6.053596735e-08
10 0.431878 0.009524 0.151435 0.431872 0.009605 0.150927 0.000000 0.000000 0.000000 0.000000 1 5.215406418e-08
10 0.431878 0.009527 0.151415 0.431872 0.009605 0.150927 0.000000 0.000000 0.000000 0.000000 1 5.494803190e-08
10 0.431878 0.009530 0.151396 0.431872 0.009605 0.150927 0.000000 0.000000 0.000000 0.000000 1 5.587935448e-08
10 0.431877 0.009533 0.151378 0.431872 0.009605 0.150927 0.000000 0.000000 0.000000 0.000000 1 5.494803190e-08
10 0.431877 0.009536 0.151360 0.431872 0.009605 0.150927 0.000000 0.000000 0.000000 0.000000 1 5.401670933e-08
10 0.431877 0.009539 0.151343 0.431872 0.009605 0.150927 0.000000 0.000000 0.000000 0.000000 1 6.239861250e-08
10 0.431877 0.009541 0.151327 0.431872 0.009605 0.150927 0.000000 0.000000 0.000000 0.000000 1 5.587935448e-08
10 0.431877 0.009544 0.151311 0.431872 0.009605 0.150927 0.000000 0.000000 0.000000 0.000000 1 5.587935448e-08
10 0.431876 0.009546 0.151296 0.431872 0.009605 0.150927 0.000000 0.000000 0.000000 0.000000 1 5.681067705e-08
11 0.572461 0.012071 0.730452 0.571911 0.089487 0.727854 0.000000 0.000000 0.000000 0.000000 1 5.587935448e-08
11 0.572439 0.015112 0.730350 0.571911 0.089487 0.727854 0.000000 0.000000 0.000000 0.000000 1 6.053596735e-08
11 0.572418 0.018034 0.730252 0.571911 0.089487 0.727854 0.000000 0.000000 0.000000 0.000000 1 5.681067705e-08
11 0.572398 0.020842 0.730158 0.571911 0.089487 0.727854 0.000000 0.000000 0.000000 0.000000 1 6.239861250e-08
11 0.572379 0.023539 0.730067 0.571911 0.089487 0.727854 0.000000 0.000000 0.000000 0.000000 1 5.774199963e-08
11 0.572361 0.026130 0.729980 0.571911 0.089487 0.727854 0.000000 0.000000 0.000000 0.000000 1 6.053596735e-08
11 0.572343 0.028619 0.729897 0.571911 0.089487 0.727854 0.000000 0.000000 0.000000 0.000000 1 1.881271601e-07
11 0.572326 0.031010 0.729816 0.571911 0.089487 0.727854 0.000000 0.000000 0.000000 0.000000 1 5.960464478e-08
11 0.572310 0.033308 0.729739 0.571911 0.089487 0.727854 0.000000 0.000000 0.000000 0.000000 1 5.774199963e-08
11 0.572294 0.035515 0.729665 0.571911 0.089487 0.727854 0.000000 0.000000 0.000000 0.000000 1 5.681067705e-08
11 0.572279 0.037635 0.729594 0.571911 0.089487 0.727854 0.000000 0.000000 0.000000 0.000000 1 5.681067705e-08
11 0.572265 0.039672 0.729526 0.571911 0.089487 0.727854 0.000000 0.000000 0.000000 0.000000 1 5.401670933e-08
11 0.572251 0.041629 0.729460 0.571911 0.089487 0.727854 0.000000 0.000000 0.000000 0.000000 1 5.774199963e-08
11 0.572237 0.043510 0.729397 0.571911 0.089487 0.727854 0.000000 0.000000 0.000000 0.000000 1 5.681067705e-08
11 0.572225 0.045316 0.729336 0.571911 0.089487 0.727854 0.000000 0.000000 0.000000 0.000000 1 5.960464478e-08
11 0.572212 0.047051 0.729278 0.571911 0.089487 0.727854 0.000000 0.000000 0.000000 0.000000 1 5.494803190e-08
11 0.572200 0.048719 0.729222 0.571911 0.089487 0.727854 0.000000 0.000000 0.000000 0.000000 1 6.146728992e-08
11 0.572189 0.050320 0.729168 0.571911 0.089487 0.727854 0.000000 0.000000 0.000000 0.000000 1 6.053596735e-08
11 0.572178 0.051859 0.729117 0.571911 0.089487 0.727854 0.000000 0.000000 0.000000 0.000000 1 6.239861250e-08
11 0.572168 0.053337 0.729067 0.571911 0.089487 0.727854 0.000000 0.000000 0.000000 0.000000 1 5.494803190e-08
12 0.639229 0.018684 0.860610 0.638733 0.140273 0.884632 0.000000 0.000000 0.000000 0.000000 1 5.960464478e-08
12 0.639210 0.023461 0.861302 0.638733 0.140273 0.884632 0.000000 0.000000 0.000000 0.000000 1 5.867332220e-08
12 0.639191 0.028050 0.861990 0.638733 0.140273 0.884632 0.000000 0.000000 0.000000 0.000000 1 6.519258022e-08
12 0.639173 0.032459 0.862674 0.638733 0.140273 0.884632 0.000000 0.000000 0.000000 0.000000 1 1.545995474e-07
12 0.639156 0.036694 0.863353 0.638733 0.140273 0.884632 0.000000 0.000000 0.000000 0.000000 1 5.587935448e-08
12 0.639139 0.040763 0.864028 0.638733 0.140273 0.884632 0.000000 0.000000 0.000000 0.000000 1 9.406358004e-08
12 0.639123 0.044673 0.864699 0.638733 0.140273 0.884632 0.000000 0.000000 0.000000 0.000000 1 6.426125765e-08
12 0.639108 0.048428 0.865366 0.638733 0.140273 0.884632 0.000000 0.000000 0.000000 0.000000 1 5.681067705e-08
12 0.639093 0.052036 0.866028 0.638733 0.140273 0.884632 0.000000 0.000000 0.000000 0.000000 1 8.195638657e-08
12 0.639079 0.055503 0.866686 0.638733 0.140273 0.884632 0.000000 0.000000 0.000000 0.000000 1 5.960464478e-08
12 0.639065 0.058833 0.867340 0.638733 0.140273 0.884632 0.000000 0.000000 0.000000 0.000000 1 1.862645149e-08
12 0.639052 0.062032 0.867990 0.638733 0.140273 0.884632 0.000000 0.000000 0.000000 0.000000 1 1.490116119e-08
12 0.639040 0.065106 0.868635 0.638733 0.140273 0.884632 0.000000 0.000000 0.000000 0.000000 1 1.173466444e-07
12 0.639028 0.068059 0.869263 0.638733 0.140273 0.884632 0.000000 0.000000 0.000000 0.000000 1 6.146728992e-08
12 0.639016 0.070896 0.869867 0.638733 0.140273 0.884632 0.000000 0.000000 0.000000 0.000000 1 5.960464478e-08
12 0.639005 0.073622 0.870447 0.638733 0.140273 0.884632 0.000000 0.000000 0.000000 0.000000 1 5.308538675e-08
12 0.638994 0.076240 0.871004 0.638733 0.140273 0.884632 0.000000 0.000000 0.000000 0.000000 1 5.681067705e-08
12 0.638984 0.078756 0.871540 0.638733 0.140273 0.884632 0.000000 0.000000 0.000000 0.000000 1 5.401670933e-08
12 0.638974 0.081173 0.872054 0.638733 0.140273 0.884632 0.000000 0.000000 0.000000 0.000000 1 5.587935448e-08
12 0.638965 0.083495 0.872548 0.638733 0.140273 0.884632 0.000000 0.000000 0.000000 0.000000 1 6.798654795e-08
13 0.665795 0.136035 0.872385 0.665476 0.190972 0.921417 0.000000 0.000000 0.000000 0.000000 1 1.341104507e-07
13 0.665776 0.137934 0.872777 0.665476 0.190972 0.921417 0.000000 0.000000 0.000000 0.000000 1 6.053596735e-08
13 0.665757 0.139740 0.873165 0.665476 0.190972 0.921417 0.000000 0.000000 0.000000 0.000000 1 6.426125765e-08
13 0.665737 0.141458 0.873550 0.665476 0.190972 0.921417 0.000000 0.000000 0.000000 0.000000 1 5.774199963e-08
13 0.665718 0.143090 0.873933 0.665476 0.190972 0.921417 0.000000 0.000000 0.000000 0.000000 1 5.774199963e-08
13 0.665699 0.144643 0.874314 0.665476 0.190972 0.921417 0.000000 0.000000 0.000000 0.000000 1 6.332993507e-08
13 0.665680 0.146118 0.874696 0.665476 0.190972 0.921417 0.000000 0.000000 0.000000 0.000000 1 6.053596735e-08
13 0.665661 0.147521 0.875078 0.665476 0.190972 0.921417 0.000000 0.000000 0.000000 0.000000 1 5.960464478e-08
13 0.665641 0.148853 0.875460 0.665476 0.190972 0.921417 0.000000 0.000000 0.000000 0.000000 1 6.053596735e-08
13 0.665620 0.150120 0.875843 0.665476 0.190972 0.921417 0.000000 0.000000 0.000000 0.000000 1 5.960464478e-08
13 0.665599 0.151323 0.876227 0.665476 0.190972 0.921417 0.000000 0.000000 0.000000 0.000000 1 5.960464478e-08
13 0.665576 0.152466 0.876611 0.665476 0.190972 0.921417 0.000000 0.000000 0.000000 0.000000 1 5.960464478e-08
13 0.665553 0.153553 0.876994 0.665476 0.190972 0.921417 0.000000 0.000000 0.000000 0.000000 1 6.146728992e-08
13 0.665528 0.154585 0.877377 0.665476 0.190972 0.921417 0.000000 0.000000 0.000000 0.000000 1 6.332993507e-08
13 0.665502 0.155564 0.877755 0.665476 0.190972 0.921417 0.000000 0.000000 0.000000 0.000000 1 5.494803190e-08
13 0.665475 0.156492 0.878129 0.665476 0.190972 0.921417 0.000000 0.000000 0.000000 0.000000 1 5.774199963e-08
13 0.665444 0.157367 0.878490 0.665476 0.190972 0.921417 0.000000 0.000000 0.000000 0.000000 1 9.126961231e-08
13 0.665409 0.158184 0.878827 0.665476 0.190972 0.921417 0.000000 0.000000 0.000000 0.000000 1 1.629814506e-07
13 0.665364 0.158929 0.879119 0.665476 0.190972 0.921417 0.000000 0.000000 0.000000 0.000000 1 6.798654795e-08
13 0.665307 0.159588 0.879345 0.665476 0.190972 0.921417 0.000000 0.000000 0.000000 0.000000 1 5.960464478e-08
14 0.668226 0.183344 0.870216 0.673350 0.249646 0.985834 0.000000 0.000000 0.000000 0.000000 1 5.774199963e-08
14 0.666714 0.180462 0.873374 0.673350 0.249646 0.985834 0.000000 0.000000 0.000000 0.000000 1 5.774199963e-08
14 0.665263 0.177612 0.875862 0.673350 0.249646 0.985834 0.000000 0.000000 0.000000 0.000000 1 6.146728992e-08
14 0.663891 0.174891 0.877662 0.673350 0.249646 0.985834 0.000000 0.000000 0.000000 0.000000 1 6.612390280e-08
14 0.662609 0.172387 0.878836 0.673350 0.249646 0.985834 0.000000 0.000000 0.000000 0.000000 1 5.960464478e-08
14 0.661420 0.170142 0.879501 0.673350 0.249646 0.985834 0.000000 0.000000 0.000000 0.000000 1 6.053596735e-08
14 0.660319 0.168156 0.879782 0.673350 0.249646 0.985834 0.000000 0.000000 0.000000 0.000000 1 6.053596735e-08
14 0.659255 0.166344 0.879806 0.673350 0.249646 0.985834 0.000000 0.000000 0.000000 0.000000 1 5.867332220e-08
14 0.658154 0.164589 0.879674 0.673350 0.249646 0.985834 0.000000 0.000000 0.000000 0.000000 1 8.568167686e-08
14 0.657004 0.162858 0.879422 0.673350 0.249646 0.985834 0.000000 0.000000 0.000000 0.000000 1 1.238659024e-07
14 0.655850 0.161203 0.879043 0.673350 0.249646 0.985834 0.000000 0.000000 0.000000 0.000000 1 5.867332220e-08
14 0.654741 0.159678 0.878535 0.673350 0.249646 0.985834 0.000000 0.000000 0.000000 0.000000 1 5.867332220e-08
14 0.653683 0.158275 0.877922 0.673350 0.249646 0.985834 0.000000 0.000000 0.000000 0.000000 1 6.053596735e-08
14 0.652632 0.156915 0.877251 0.673350 0.249646 0.985834 0.000000 0.000000 0.000000 0.000000 1 6.891787052e-08
14 0.651565 0.155561 0.876543 0.673350 0.249646 0.985834 0.000000 0.000000 0.000000 0.000000 1 3.725290298e-08
14 0.650506 0.154242 0.875790 0.673350 0.249646 0.985834 0.000000 0.000000 0.000000 0.000000 1 3.445893526e-08
14 0.649448 0.152944 0.875004 0.673350 0.249646 0.985834 0.000000 0.000000 0.000000 0.000000 1 1.490116119e-08
14 0.648350 0.151607 0.874211 0.673350 0.249646 0.985834 0.000000 0.000000 0.000000 0.000000 1 1.396983862e-08
14 0.647184 0.150194 0.873428 0.673350 0.249646 0.985834 0.000000 0.000000 0.000000 0.000000 1 1.955777407e-08
14 0.645978 0.148751 0.872636 0.673350 0.249646 0.985834 0.000000 0.000000 0.000000 0.000000 1 1.490116119e-08
15 0.613360 0.193764 0.839971 0.646095 0.304378 0.958263 0.000000 0.000000 0.000000 0.000000 1 1.396983862e-08
15 0.610950 0.191031 0.844544 0.646095 0.304378 0.958263 0.000000 0.000000 0.000000 0.000000 1 2.607703209e-08
15 0.608616 0.188296 0.848889 0.646095 0.304378 0.958263 0.000000 0.000000 0.000000 0.000000 1 1.490116119e-08
15 0.606363 0.185553 0.852990 0.646095 0.304378 0.958263 0.000000 0.000000 0.000000 0.000000 1 1.490116119e-08
15 0.604218 0.182799 0.856809 0.646095 0.304378 0.958263 0.000000 0.000000 0.000000 0.000000 1 1.396983862e-08
15 0.602217 0.180029 0.860280 0.646095 0.304378 0.958263 0.000000 0.000000 0.000000 0.000000 1 5.774199963e-08
15 0.600360 0.177248 0.863327 0.646095 0.304378 0.958263 0.000000 0.000000 0.000000 0.000000 1 1.229345798e-07
15 0.598625 0.174469 0.865876 0.646095 0.304378 0.958263 0.000000 0.000000 0.000000 0.000000 1 2.514570951e-08
15 0.597004 0.171728 0.867861 0.646095 0.304378 0.958263 0.000000 0.000000 0.000000 0.000000 1 8.195638657e-08
15 0.595524 0.169088 0.869223 0.646095 0.304378 0.958263 0.000000 0.000000 0.000000 0.000000 1 4.004687071e-08
15 0.594237 0.166638 0.869939 0.646095 0.304378 0.958263 0.000000 0.000000 0.000000 0.000000 1 6.053596735e-08
15 0.593170 0.164452 0.870069 0.646095 0.304378 0.958263 0.000000 0.000000 0.000000 0.000000 1 1.955777407e-07
15 0.592290 0.162531 0.869760 0.646095 0.304378 0.958263 0.000000 0.000000 0.000000 0.000000 1 5.960464478e-08
15 0.591552 0.160837 0.869150 0.646095 0.304378 0.958263 0.000000 0.000000 0.000000 0.000000 1 6.332993507e-08
15 0.590943 0.159343 0.868326 0.646095 0.304378 0.958263 0.000000 0.000000 0.000000 0.000000 1 5.681067705e-08
15 0.590447 0.158013 0.867359 0.646095 0.304378 0.958263 0.000000 0.000000 0.000000 0.000000 1 5.960464478e-08
15 0.589999 0.156768 0.866329 0.646095 0.304378 0.958263 0.000000 0.000000 0.000000 0.000000 1 5.960464478e-08
15 0.589518 0.155519 0.865308 0.646095 0.304378 0.958263 0.000000 0.000000 0.000000 0.000000 1 9.220093489e-08
15 0.588987 0.154248 0.864303 0.646095 0.304378 0.958263 0.000000 0.000000 0.000000 0.000000 1 5.960464478e-08
15 0.588474 0.153025 0.863266 0.646095 0.304378 0.958263 0.000000 0.000000 0.000000 0.000000 1 5.681067705e-08
16 0.553182 0.188153 0.830548 0.629509 0.387610 0.955365 0.000000 0.000000 0.000000 0.000000 1 6.891787052e-08
16 0.552506 0.186089 0.835174 0.629509 0.387610 0.955365 0.000000 0.000000 0.000000 0.000000 1 8.940696716e-08
16 0.552002 0.184036 0.839483 0.629509 0.387610 0.955365 0.000000 0.000000 0.000000 0.000000 1 8.102506399e-08
16 0.551637 0.181989 0.843441 0.629509 0.387610 0.955365 0.000000 0.000000 0.000000 0.000000 1 6.053596735e-08
16 0.551339 0.179936 0.847012 0.629509 0.387610 0.955365 0.000000 0.000000 0.000000 0.000000 1 5.867332220e-08
16 0.551047 0.177870 0.850163 0.629509 0.387610 0.955365 0.000000 0.000000 0.000000 0.000000 1 6.053596735e-08
16 0.550742 0.175803 0.852855 0.629509 0.387610 0.955365 0.000000 0.000000 0.000000 0.000000 1 6.053596735e-08
16 0.550442 0.173761 0.855051 0.629509 0.387610 0.955365 0.000000 0.000000 0.000000 0.000000 1 6.705522537e-08
16 0.550175 0.171783 0.856729 0.629509 0.387610 0.955365 0.000000 0.000000 0.000000 0.000000 1 1.331791282e-07
16 0.549949 0.169902 0.857902 0.629509 0.387610 0.955365 0.000000 0.000000 0.000000 0.000000 1 7.171183825e-08
16 0.549777 0.168150 0.858608 0.629509 0.387610 0.955365 0.000000 0.000000 0.000000 0.000000 1 6.053596735e-08
16 0.549692 0.166554 0.858896 0.629509 0.387610 0.955365 0.000000 0.000000 0.000000 0.000000 1 5.587935448e-08
16 0.549706 0.165122 0.858841 0.629509 0.387610 0.955365 0.000000 0.000000 0.000000 0.000000 1 5.774199963e-08
16 0.549769 0.163818 0.858544 0.629509 0.387610 0.955365 0.000000 0.000000 0.000000 0.000000 1 5.774199963e-08
16 0.549812 0.162588 0.858100 0.629509 0.387610 0.955365 0.000000 0.000000 0.000000 0.000000 1 5.960464478e-08
16 0.549826 0.161416 0.857552 0.629509 0.387610 0.955365 0.000000 0.000000 0.000000 0.000000 1 6.239861250e-08
16 0.549829 0.160299 0.856915 0.629509 0.387610 0.955365 0.000000 0.000000 0.000000 0.000000 1 5.774199963e-08
16 0.549813 0.159222 0.856218 0.629509 0.387610 0.955365 0.000000 0.000000 0.000000 0.000000 1 7.916241884e-08
16 0.549724 0.158146 0.855510 0.629509 0.387610 0.955365 0.000000 0.000000 0.000000 0.000000 1 9.220093489e-08
16 0.549561 0.157068 0.854792 0.629509 0.387610 0.955365 0.000000 0.000000 0.000000 0.000000 1 5.774199963e-08
17 0.552664 0.156273 0.850925 0.662865 0.478647 0.993661 0.000000 0.000000 0.000000 0.000000 1 1.238659024e-07
17 0.551927 0.154750 0.851122 0.662865 0.478647 0.993661 0.000000 0.000000 0.000000 0.000000 1 7.264316082e-08
17 0.551482 0.153476 0.850773 0.662865 0.478647 0.993661 0.000000 0.000000 0.000000 0.000000 1 6.053596735e-08
17 0.551234 0.152377 0.850112 0.662865 0.478647 0.993661 0.000000 0.000000 0.000000 0.000000 1 6.053596735e-08
17 0.551046 0.151355 0.849335 0.662865 0.478647 0.993661 0.000000 0.000000 0.000000 0.000000 1 5.774199963e-08
17 0.550730 0.150306 0.848605 0.662865 0.478647 0.993661 0.000000 0.000000 0.000000 0.000000 1 1.285225153e-07
17 0.550123 0.149172 0.848019 0.662865 0.478647 0.993661 0.000000 0.000000 0.000000 0.000000 1 5.681067705e-08
17 0.549154 0.147955 0.847597 0.662865 0.478647 0.993661 0.000000 0.000000 0.000000 0.000000 1 5.960464478e-08
17 0.547850 0.146697 0.847290 0.662865 0.478647 0.993661 0.000000 0.000000 0.000000 0.000000 1 5.681067705e-08
17 0.546315 0.145453 0.846999 0.662865 0.478647 0.993661 0.000000 0.000000 0.000000 0.000000 1 6.239861250e-08
17 0.544691 0.144266 0.846612 0.662865 0.478647 0.993661 0.000000 0.000000 0.000000 0.000000 1 6.146728992e-08
17 0.543079 0.143157 0.846076 0.662865 0.478647 0.993661 0.000000 0.000000 0.000000 0.000000 1 5.867332220e-08
17 0.541483 0.142108 0.845437 0.662865 0.478647 0.993661 0.000000 0.000000 0.000000 0.000000 1 6.053596735e-08
17 0.539888 0.141098 0.844739 0.662865 0.478647 0.993661 0.000000 0.000000 0.000000 0.000000 1 6.798654795e-08
17 0.538281 0.140115 0.844014 0.662865 0.478647 0.993661 0.000000 0.000000 0.000000 0.000000 1 7.171183825e-08
17 0.536611 0.139135 0.843322 0.662865 0.478647 0.993661 0.000000 0.000000 0.000000 0.000000 1 5.774199963e-08
17 0.534796 0.138139 0.842733 0.662865 0.478647 0.993661 0.000000 0.000000 0.000000 0.000000 1 6.426125765e-08
17 0.532784 0.137125 0.842277 0.662865 0.478647 0.993661 0.000000 0.000000 0.000000 0.000000 1 6.146728992e-08
17 0.530595 0.136119 0.841917 0.662865 0.478647 0.993661 0.000000 0.000000 0.000000 0.000000 1 6.519258022e-08
17 0.528298 0.135147 0.841570 0.662865 0.478647 0.993661 0.000000 0.000000 0.000000 0.000000 1 6.053596735e-08
18 0.530636 0.158844 0.782732 0.686002 0.535581 0.946438 0.000000 0.000000 0.000000 0.000000 1 6.239861250e-08
18 0.526034 0.158535 0.789128 0.686002 0.535581 0.946438 0.000000 0.000000 0.000000 0.000000 1 6.239861250e-08
18 0.521618 0.158129 0.795250 0.686002 0.535581 0.946438 0.000000 0.000000 0.000000 0.000000 1 8.940696716e-08
18 0.517367 0.157639 0.801100 0.686002 0.535581 0.946438 0.000000 0.000000 0.000000 0.000000 1 4.097819328e-08
18 0.513219 0.157109 0.806678 0.686002 0.535581 0.946438 0.000000 0.000000 0.000000 0.000000 1 3.445893526e-08
18 0.509075 0.156609 0.811992 0.686002 0.535581 0.946438 0.000000 0.000000 0.000000 0.000000 1 2.887099981e-08
18 0.504866 0.156194 0.817049 0.686002 0.535581 0.946438 0.000000 0.000000 0.000000 0.000000 1 6.146728992e-08
18 0.500582 0.155879 0.821856 0.686002 0.535581 0.946438 0.000000 0.000000 0.000000 0.000000 1 5.587935448e-08
18 0.496241 0.155659 0.826412 0.686002 0.535581 0.946438 0.000000 0.000000 0.000000 0.000000 1 5.681067705e-08
18 0.491879 0.155509 0.830709 0.686002 0.535581 0.946438 0.000000 0.000000 0.000000 0.000000 1 6.239861250e-08
18 0.487546 0.155386 0.834724 0.686002 0.535581 0.946438 0.000000 0.000000 0.000000 0.000000 1 5.681067705e-08
18 0.483294 0.155241 0.838419 0.686002 0.535581 0.946438 0.000000 0.000000 0.000000 0.000000 1 6.426125765e-08
18 0.479172 0.155032 0.841743 0.686002 0.535581 0.946438 0.000000 0.000000 0.000000 0.000000 1 6.146728992e-08
18 0.475205 0.154744 0.844646 0.686002 0.535581 0.946438 0.000000 0.000000 0.000000 0.000000 1 6.426125765e-08
18 0.471387 0.154395 0.847103 0.686002 0.535581 0.946438 0.000000 0.000000 0.000000 0.000000 1 6.053596735e-08
18 0.467714 0.154009 0.849104 0.686002 0.535581 0.946438 0.000000 0.000000 0.000000 0.000000 1 5.960464478e-08
18 0.464178 0.153609 0.850662 0.686002 0.535581 0.946438 0.000000 0.000000 0.000000 0.000000 1 5.960464478e-08
18 0.460759 0.153225 0.851824 0.686002 0.535581 0.946438 0.000000 0.000000 0.000000 0.000000 1 5.960464478e-08
18 0.457440 0.152877 0.852648 0.686002 0.535581 0.946438 0.000000 0.000000 0.000000 0.000000 1 5.960464478e-08
18 0.454246 0.152554 0.853151 0.686002 0.535581 0.946438 0.000000 0.000000 0.000000 0.000000 1 8.381903172e-08
19 0.536835 0.126675 0.671648 0.784442 0.525193 0.767562 0.000000 0.000000 0.000000 -0.000000 1 6.053596735e-08
19 0.531836 0.127833 0.675416 0.784442 0.525193 0.767562 0.000000 0.000000 0.000000 -0.000000 1 5.960464478e-08
19 0.526932 0.128945 0.679037 0.784442 0.525193 0.767562 0.000000 0.000000 0.000000 -0.000000 1 6.239861250e-08
19 0.522124 0.130008 0.682515 0.784442 0.525193 0.767562 0.000000 0.000000 0.000000 -0.000000 1 5.867332220e-08
19 0.517405 0.131030 0.685856 0.784442 0.525193 0.767562 0.000000 0.000000 0.000000 -0.000000 1 6.239861250e-08
19 0.512762 0.132032 0.689066 0.784442 0.525193 0.767562 0.000000 0.000000 0.000000 0.000000 1 5.867332220e-08
19 0.508179 0.133039 0.692150 0.784442 0.525193 0.767562 0.000000 0.000000 0.000000 0.000000 1 1.043081284e-07
19 0.503645 0.134066 0.695113 0.784442 0.525193 0.767562 0.000000 0.000000 0.000000 0.000000 1 9.033828974e-08
19 0.499160 0.135117 0.697959 0.784442 0.525193 0.767562 0.000000 0.000000 0.000000 0.000000 1 6.053596735e-08
19 0.494727 0.136185 0.700693 0.784442 0.525193 0.767562 0.000000 0.000000 0.000000 0.000000 1 6.239861250e-08
19 0.490357 0.137255 0.703320 0.784442 0.525193 0.767562 0.000000 0.000000 0.000000 0.000000 1 7.078051567e-08
19 0.486058 0.138310 0.705844 0.784442 0.525193 0.767562 0.000000 0.000000 0.000000 0.000000 1 1.266598701e-07
19 0.481833 0.139347 0.708269 0.784442 0.525193 0.767562 0.000000 0.000000 0.000000 0.000000 1 5.960464478e-08
19 0.477677 0.140372 0.710598 0.784442 0.525193 0.767562 0.000000 0.000000 0.000000 0.000000 1 6.332993507e-08
19 0.473583 0.141395 0.712836 0.784442 0.525193 0.767562 0.000000 0.000000 0.000000 0.000000 1 6.053596735e-08
19 0.469544 0.142431 0.714986 0.784442 0.525193 0.767562 0.000000 0.000000 0.000000 0.000000 1 6.332993507e-08
19 0.465547 0.143501 0.717051 0.784442 0.525193 0.767562 0.000000 0.000000 0.000000 0.000000 1 1.499429345e-07
19 0.461585 0.144618 0.719036 0.784442 0.525193 0.767562 0.000000 0.000000 0.000000 0.000000 1 5.494803190e-08
19 0.457658 0.145785 0.720942 0.784442 0.525193 0.767562 0.000000 0.000000 0.000000 0.000000 1 7.450580597e-08
19 0.453774 0.146989 0.722773 0.784442 0.525193 0.767562 0.000000 0.000000 0.000000 0.000000 1 5.774199963e-08
20 0.485156 0.104780 0.587691 0.858142 0.513188 0.631258 0.000000 0.000000 0.000000 0.000000 1 5.587935448e-08
20 0.481323 0.106090 0.589403 0.858142 0.513188 0.631258 0.000000 0.000000 0.000000 0.000000 1 6.332993507e-08
20 0.477548 0.107382 0.591047 0.858142 0.513188 0.631258 0.000000 0.000000 0.000000 0.000000 1 5.774199963e-08
20 0.473823 0.108667 0.592627 0.858142 0.513188 0.631258 0.000000 0.000000 0.000000 0.000000 1 6.053596735e-08
20 0.470128 0.109981 0.594145 0.858142 0.513188 0.631258 0.000000 0.000000 0.000000 0.000000 1 5.960464478e-08
20 0.466442 0.111363 0.595603 0.858142 0.513188 0.631258 0.000000 0.000000 0.000000 0.000000 1 6.426125765e-08
20 0.462749 0.112849 0.597004 0.858142 0.513188 0.631258 0.000000 0.000000 0.000000 0.000000 1 5.681067705e-08
20 0.459043 0.114459 0.598349 0.858142 0.513188 0.631258 0.000000 0.000000 0.000000 0.000000 1 6.053596735e-08
20 0.455327 0.116195 0.599642 0.858142 0.513188 0.631258 0.000000 0.000000 0.000000 0.000000 1 6.053596735e-08
20 0.451614 0.118041 0.600884 0.858142 0.513188 0.631258 0.000000 0.000000 0.000000 0.000000 1 6.053596735e-08
20 0.447919 0.119969 0.602078 0.858142 0.513188 0.631258 0.000000 0.000000 0.000000 0.000000 1 5.960464478e-08
20 0.444259 0.121947 0.603224 0.858142 0.513188 0.631258 0.000000 0.000000 0.000000 0.000000 1 5.681067705e-08
20 0.440646 0.123948 0.604326 0.858142 0.513188 0.631258 0.000000 0.000000 0.000000 0.000000 1 6.146728992e-08
20 0.437087 0.125959 0.605384 0.858142 0.513188 0.631258 0.000000 0.000000 0.000000 0.000000 1 1.098960638e-07
20 0.433579 0.127987 0.606400 0.858142 0.513188 0.631258 0.000000 0.000000 0.000000 0.000000 1 6.332993507e-08
20 0.430115 0.130046 0.607377 0.858142 0.513188 0.631258 0.000000 0.000000 0.000000 0.000000 1 6.426125765e-08
20 0.426689 0.132156 0.608315 0.858142 0.513188 0.631258 0.000000 0.000000 0.000000 0.000000 1 5.494803190e-08
20 0.423296 0.134332 0.609216 0.858142 0.513188 0.631258 0.000000 0.000000 0.000000 0.000000 1 6.239861250e-08
20 0.419938 0.136576 0.610082 0.858142 0.513188 0.631258 0.000000 0.000000 0.000000 0.000000 1 6.239861250e-08
20 0.416620 0.138874 0.610914 0.858142 0.513188 0.631258 0.000000 0.000000 0.000000 0.000000 1 3.818422556e-08
21 0.471980 0.043533 0.408893 0.964909 0.444877 0.429233 0.000000 0.000000 0.000000 0.000000 1 7.078051567e-08
21 0.468575 0.045979 0.409693 0.964909 0.444877 0.429233 0.000000 0.000000 0.000000 0.000000 1 6.798654795e-08
21 0.465219 0.048393 0.410460 0.964909 0.444877 0.429233 0.000000 0.000000 0.000000 0.000000 1 7.823109627e-08
21 0.461914 0.050770 0.411198 0.964909 0.444877 0.429233 0.000000 0.000000 0.000000 0.000000 1 1.899898052e-07
21 0.458657 0.053117 0.411906 0.964909 0.444877 0.429233 0.000000 0.000000 0.000000 0.000000 1 5.681067705e-08
21 0.455442 0.055446 0.412587 0.964909 0.444877 0.429233 0.000000 0.000000 0.000000 0.000000 1 6.332993507e-08
21 0.452262 0.057776 0.413241 0.964909 0.444877 0.429233 0.000000 0.000000 0.000000 0.000000 1 6.053596735e-08
21 0.449113 0.060114 0.413869 0.964909 0.444877 0.429233 0.000000 0.000000 0.000000 0.000000 1 5.587935448e-08
21 0.445997 0.062457 0.414473 0.964909 0.444877 0.429233 0.000000 0.000000 0.000000 0.000000 1 5.960464478e-08
21 0.442919 0.064793 0.415053 0.964909 0.444877 0.429233 0.000000 0.000000 0.000000 0.000000 1 6.146728992e-08
21 0.439885 0.067106 0.415610 0.964909 0.444877 0.429233 0.000000 0.000000 0.000000 0.000000 1 1.601874828e-07
21 0.436901 0.069381 0.416145 0.964909 0.444877 0.429233 0.000000 0.000000 0.000000 0.000000 1 6.146728992e-08
21 0.433965 0.071616 0.416659 0.964909 0.444877 0.429233 0.000000 0.000000 0.000000 0.000000 1 6.426125765e-08
21 0.431075 0.073823 0.417153 0.964909 0.444877 0.429233 0.000000 0.000000 0.000000 0.000000 1 5.774199963e-08
21 0.428225 0.076014 0.417628 0.964909 0.444877 0.429233 0.000000 0.000000 0.000000 0.000000 1 5.681067705e-08
21 0.425409 0.078204 0.418084 0.964909 0.444877 0.429233 0.000000 0.000000 0.000000 0.000000 1 6.053596735e-08
21 0.422622 0.080406 0.418522 0.964909 0.444877 0.429233 0.000000 0.000000 0.000000 0.000000 1 5.774199963e-08
21 0.419863 0.082625 0.418943 0.964909 0.444877 0.429233 0.000000 0.000000 0.000000 0.000000 1 5.587935448e-08
21 0.417134 0.084856 0.419347 0.964909 0.444877 0.429233 0.000000 0.000000 0.000000 0.000000 1 5.867332220e-08
21 0.414441 0.087083 0.419735 0.964909 0.444877 0.429233 0.000000 0.000000 0.000000 0.000000 1 5.960464478e-08
22 0.440329 0.030791 0.341291 1.026401 0.402737 0.350725 0.000000 0.000000 0.000000 0.000000 1 5.960464478e-08
22 0.437655 0.032978 0.341662 1.026401 0.402737 0.350725 0.000000 0.000000 0.000000 0.000000 1 6.146728992e-08
22 0.435025 0.035112 0.342018 1.026401 0.402737 0.350725 0.000000 0.000000 0.000000 0.000000 1 5.587935448e-08
22 0.432431 0.037213 0.342360 1.026401 0.402737 0.350725 0.000000 0.000000 0.000000 0.000000 1 5.774199963e-08
22 0.429857 0.039322 0.342689 1.026401 0.402737 0.350725 0.000000 0.000000 0.000000 0.000000 1 5.867332220e-08
22 0.427291 0.041477 0.343005 1.026401 0.402737 0.350725 0.000000 0.000000 0.000000 0.000000 1 5.681067705e-08
22 0.424724 0.043708 0.343308 1.026401 0.402737 0.350725 0.000000 0.000000 0.000000 0.000000 1 6.053596735e-08
22 0.422151 0.046034 0.343599 1.026401 0.402737 0.350725 0.000000 0.000000 0.000000 0.000000 1 1.620501280e-07
22 0.419575 0.048454 0.343879 1.026401 0.402737 0.350725 0.000000 0.000000 0.000000 0.000000 1 6.984919310e-08
22 0.417003 0.050953 0.344148 1.026401 0.402737 0.350725 0.000000 0.000000 0.000000 0.000000 1 5.774199963e-08
22 0.414447 0.053498 0.344407 1.026401 0.402737 0.350725 0.000000 0.000000 0.000000 0.000000 1 5.867332220e-08
22 0.411916 0.056059 0.344655 1.026401 0.402737 0.350725 0.000000 0.000000 0.000000 0.000000 1 5.681067705e-08
22 0.409419 0.058604 0.344893 1.026401 0.402737 0.350725 0.000000 0.000000 0.000000 0.000000 1 6.519258022e-08
22 0.406961 0.061119 0.345122 1.026401 0.402737 0.350725 0.000000 0.000000 0.000000 0.000000 1 6.053596735e-08
22 0.404542 0.063601 0.345342 1.026401 0.402737 0.350725 0.000000 0.000000 0.000000 0.000000 1 6.332993507e-08
22 0.402157 0.066060 0.345554 1.026401 0.402737 0.350725 0.000000 0.000000 0.000000 0.000000 1 6.612390280e-08
22 0.399804 0.068510 0.345757 1.026401 0.402737 0.350725 0.000000 0.000000 0.000000 0.000000 1 7.543712854e-08
22 0.397478 0.070966 0.345952 1.026401 0.402737 0.350725 0.000000 0.000000 0.000000 0.000000 1 7.450580597e-08
22 0.395178 0.073436 0.346140 1.026401 0.402737 0.350725 0.000000 0.000000 0.000000 0.000000 1 7.078051567e-08
22 0.392906 0.075906 0.346320 1.026401 0.402737 0.350725 0.000000 0.000000 0.000000 0.000000 1 1.732259989e-07
23 0.420680 0.000040 0.258440 1.101021 0.341882 0.263018 0.000000 0.000000 0.000000 0.000000 1 7.171183825e-08
23 0.418416 0.002448 0.258620 1.101021 0.341882 0.263018 0.000000 0.000000 0.000000 0.000000 1 6.146728992e-08
23 0.416196 0.004765 0.258792 1.101021 0.341882 0.263018 0.000000 0.000000 0.000000 0.000000 1 6.332993507e-08
23 0.414020 0.006988 0.258958 1.101021 0.341882 0.263018 0.000000 0.000000 0.000000 0.000000 1 6.146728992e-08
23 0.411885 0.009125 0.259118 1.101021 0.341882 0.263018 0.000000 0.000000 0.000000 0.000000 1 1.760199666e-07
23 0.409787 0.011190 0.259271 1.101021 0.341882 0.263018 0.000000 0.000000 0.000000 0.000000 1 5.960464478e-08
23 0.407720 0.013198 0.259418 1.101021 0.341882 0.263018 0.000000 0.000000 0.000000 0.000000 1 8.102506399e-08
23 0.405682 0.015159 0.259560 1.101021 0.341882 0.263018 0.000000 0.000000 0.000000 0.000000 1 9.313225746e-08
23 0.403671 0.017072 0.259696 1.101021 0.341882 0.263018 0.000000 0.000000 0.000000 0.000000 1 5.494803190e-08
23 0.401690 0.018935 0.259826 1.101021 0.341882 0.263018 0.000000 0.000000 0.000000 0.000000 1 5.867332220e-08
23 0.399738 0.020743 0.259952 1.101021 0.341882 0.263018 0.000000 0.000000 0.000000 0.000000 1 5.960464478e-08
23 0.397816 0.022496 0.260072 1.101021 0.341882 0.263018 0.000000 0.000000 0.000000 0.000000 1 5.960464478e-08
23 0.395921 0.024203 0.260188 1.101021 0.341882 0.263018 0.000000 0.000000 0.000000 0.000000 1 5.681067705e-08
23 0.394049 0.025877 0.260299 1.101021 0.341882 0.263018 0.000000 0.000000 0.000000 0.000000 1 9.499490261e-08
23 0.392197 0.027529 0.260406 1.101021 0.341882 0.263018 0.000000 0.000000 0.000000 0.000000 1 5.960464478e-08
23 0.390361 0.029171 0.260509 1.101021 0.341882 0.263018 0.000000 0.000000 0.000000 0.000000 1 1.015141606e-07
23 0.388538 0.030812 0.260607 1.101021 0.341882 0.263018 0.000000 0.000000 0.000000 0.000000 1 1.769512892e-08
23 0.386728 0.032454 0.260702 1.101021 0.341882 0.263018 0.000000 0.000000 0.000000 0.000000 1 1.396983862e-08
23 0.384931 0.034092 0.260793 1.101021 0.341882 0.263018 0.000000 0.000000 0.000000 0.000000 1 6.053596735e-08
23 0.383151 0.035713 0.260880 1.101021 0.341882 0.263018 0.000000 0.000000 0.000000 0.000000 1 5.494803190e-08
24 0.390629 0.010714 0.293886 1.137212 0.324798 0.295810 0.000000 0.000000 0.000000 0.000000 1 5.681067705e-08
24 0.388819 0.012240 0.293961 1.137212 0.324798 0.295810 0.000000 0.000000 0.000000 0.000000 1 9.965151548e-08
24 0.387037 0.013712 0.294034 1.137212 0.324798 0.295810 0.000000 0.000000 0.000000 0.000000 1 6.332993507e-08
24 0.385276 0.015152 0.294104 1.137212 0.324798 0.295810 0.000000 0.000000 0.000000 0.000000 1 6.984919310e-08
24 0.383529 0.016587 0.294171 1.137212 0.324798 0.295810 0.000000 0.000000 0.000000 0.000000 1 5.867332220e-08
24 0.381788 0.018041 0.294235 1.137212 0.324798 0.295810 0.000000 0.000000 0.000000 0.000000 1 6.239861250e-08
24 0.380047 0.019537 0.294297 1.137212 0.324798 0.295810 0.000000 0.000000 0.000000 0.000000 1 6.146728992e-08
24 0.378304 0.021088 0.294356 1.137212 0.324798 0.295810 0.000000 0.000000 0.000000 0.000000 1 6.426125765e-08
24 0.376558 0.022695 0.294413 1.137212 0.324798 0.295810 0.000000 0.000000 0.000000 0.000000 1 6.053596735e-08
24 0.374815 0.024344 0.294468 1.137212 0.324798 0.295810 0.000000 0.000000 0.000000 0.000000 1 5.867332220e-08
24 0.373081 0.026013 0.294521 1.137212 0.324798 0.295810 0.000000 0.000000 0.000000 0.000000 1 6.891787052e-08
24 0.371362 0.027675 0.294572 1.137212 0.324798 0.295810 0.000000 0.000000 0.000000 0.000000 1 1.182779670e-07
24 0.369664 0.029307 0.294620 1.137212 0.324798 0.295810 0.000000 0.000000 0.000000 0.000000 1 6.426125765e-08
24 0.367992 0.030889 0.294667 1.137212 0.324798 0.295810 0.000000 0.000000 0.000000 0.000000 1 6.519258022e-08
24 0.366346 0.032418 0.294712 1.137212 0.324798 0.295810 0.000000 0.000000 0.000000 0.000000 1 6.146728992e-08
24 0.364724 0.033902 0.294755 1.137212 0.324798 0.295810 0.000000 0.000000 0.000000 0.000000 1 6.519258022e-08
24 0.363123 0.035352 0.294796 1.137212 0.324798 0.295810 0.000000 0.000000 0.000000 0.000000 1 6.239861250e-08
24 0.361538 0.036784 0.294836 1.137212 0.324798 0.295810 0.000000 0.000000 0.000000 0.000000 1 6.612390280e-08
24 0.359967 0.038209 0.294875 1.137212 0.324798 0.295810 0.000000 0.000000 0.000000 0.000000 1 1.378357410e-07
24 0.358409 0.039627 0.294911 1.137212 0.324798 0.295810 0.000000 0.000000 0.000000 0.000000 1 6.239861250e-08
25 0.366151 0.010504 0.299621 1.176614 0.303581 0.300466 0.000000 0.000000 0.000000 0.000000 1 6.612390280e-08
25 0.364559 0.011873 0.299655 1.176614 0.303581 0.300466 0.000000 0.000000 0.000000 0.000000 1 5.494803190e-08
25 0.362991 0.013184 0.299686 1.176614 0.303581 0.300466 0.000000 0.000000 0.000000 0.000000 1 5.587935448e-08
25 0.361450 0.014432 0.299717 1.176614 0.303581 0.300466 0.000000 0.000000 0.000000 0.000000 1 6.146728992e-08
25 0.359933 0.015623 0.299747 1.176614 0.303581 0.300466 0.000000 0.000000 0.000000 0.000000 1 6.332993507e-08
25 0.358434 0.016774 0.299775 1.176614 0.303581 0.300466 0.000000 0.000000 0.000000 0.000000 1 8.288770914e-08
25 0.356952 0.017896 0.299802 1.176614 0.303581 0.300466 0.000000 0.000000 0.000000 0.000000 1 6.426125765e-08
25 0.355484 0.018998 0.299828 1.176614 0.303581 0.300466 0.000000 0.000000 0.000000 0.000000 1 6.332993507e-08
25 0.354028 0.020084 0.299853 1.176614 0.303581 0.300466 0.000000 0.000000 0.000000 0.000000 1 5.774199963e-08
25 0.352584 0.021157 0.299877 1.176614 0.303581 0.300466 0.000000 0.000000 0.000000 0.000000 1 5.587935448e-08
25 0.351153 0.022213 0.299900 1.176614 0.303581 0.300466 0.000000 0.000000 0.000000 0.000000 1 6.146728992e-08
25 0.349736 0.023252 0.299923 1.176614 0.303581 0.300466 0.000000 0.000000 0.000000 0.000000 1 5.401670933e-08
25 0.348330 0.024280 0.299944 1.176614 0.303581 0.300466 0.000000 0.000000 0.000000 0.000000 1 5.960464478e-08
25 0.346933 0.025311 0.299965 1.176614 0.303581 0.300466 0.000000 0.000000 0.000000 0.000000 1 6.239861250e-08
25 0.345542 0.026354 0.299984 1.176614 0.303581 0.300466 0.000000 0.000000 0.000000 0.000000 1 7.078051567e-08
25 0.344155 0.027416 0.300003 1.176614 0.303581 0.300466 0.000000 0.000000 0.000000 0.000000 1 1.881271601e-07
25 0.342771 0.028504 0.300021 1.176614 0.303581 0.300466 0.000000 0.000000 0.000000 0.000000 1 6.332993507e-08
25 0.341390 0.029622 0.300039 1.176614 0.303581 0.300466 0.000000 0.000000 0.000000 0.000000 1 7.636845112e-08
25 0.340012 0.030762 0.300056 1.176614 0.303581 0.300466 0.000000 0.000000 0.000000 0.000000 1 7.916241884e-08
25 0.338641 0.031911 0.300072 1.176614 0.303581 0.300466 0.000000 0.000000 0.000000 0.000000 1 6.612390280e-08
26 0.342068 0.015756 0.336205 1.207441 0.293592 0.336442 0.000000 0.000000 0.000000 0.000000 1 6.798654795e-08
26 0.340656 0.016867 0.336214 1.207441 0.293592 0.336442 0.000000 0.000000 0.000000 0.000000 1 5.867332220e-08
26 0.339261 0.017949 0.336223 1.207441 0.293592 0.336442 0.000000 0.000000 0.000000 0.000000 1 8.381903172e-08
26 0.337879 0.019013 0.336232 1.207441 0.293592 0.336442 0.000000 0.000000 0.000000 0.000000 1 7.823109627e-08
26 0.336506 0.020082 0.336240 1.207441 0.293592 0.336442 0.000000 0.000000 0.000000 0.000000 1 1.769512892e-07
26 0.335135 0.021182 0.336248 1.207441 0.293592 0.336442 0.000000 0.000000 0.000000 0.000000 1 5.867332220e-08
26 0.333761 0.022336 0.336255 1.207441 0.293592 0.336442 0.000000 0.000000 0.000000 0.000000 1 5.867332220e-08
26 0.332383 0.023561 0.336263 1.207441 0.293592 0.336442 0.000000 0.000000 0.000000 0.000000 1 5.587935448e-08
26 0.331000 0.024856 0.336270 1.207441 0.293592 0.336442 0.000000 0.000000 0.000000 0.000000 1 5.681067705e-08
26 0.329617 0.026206 0.336277 1.207441 0.293592 0.336442 0.000000 0.000000 0.000000 0.000000 1 6.426125765e-08
26 0.328240 0.027586 0.336283 1.207441 0.293592 0.336442 0.000000 0.000000 0.000000 0.000000 1 5.774199963e-08
26 0.326874 0.028968 0.336289 1.207441 0.293592 0.336442 0.000000 0.000000 0.000000 0.000000 1 4.004687071e-08
26 0.325524 0.030326 0.336295 1.207441 0.293592 0.336442 0.000000 0.000000 0.000000 0.000000 1 2.188608050e-07
26 0.324193 0.031642 0.336301 1.207441 0.293592 0.336442 0.000000 0.000000 0.000000 0.000000 1 6.426125765e-08
26 0.322882 0.032913 0.336307 1.207441 0.293592 0.336442 0.000000 0.000000 0.000000 0.000000 1 8.195638657e-08
26 0.321589 0.034149 0.336312 1.207441 0.293592 0.336442 0.000000 0.000000 0.000000 0.000000 1 5.867332220e-08
26 0.320309 0.035368 0.336317 1.207441 0.293592 0.336442 0.000000 0.000000 0.000000 0.000000 1 8.102506399e-08
26 0.319040 0.036588 0.336322 1.207441 0.293592 0.336442 0.000000 0.000000 0.000000 0.000000 1 8.102506399e-08
26 0.317777 0.037822 0.336327 1.207441 0.293592 0.336442 0.000000 0.000000 0.000000 0.000000 1 5.960464478e-08
26 0.316522 0.039071 0.336331 1.207441 0.293592 0.336442 0.000000 0.000000 0.000000 0.000000 1 5.774199963e-08
27 0.320306 0.019396 0.341355 1.245656 0.280754 0.341442 0.000000 0.000000 0.000000 0.000000 1 5.960464478e-08
27 0.319010 0.020633 0.341358 1.245656 0.280754 0.341442 0.000000 0.000000 0.000000 0.000000 1 6.426125765e-08
27 0.317732 0.021831 0.341362 1.245656 0.280754 0.341442 0.000000 0.000000 0.000000 0.000000 1 5.774199963e-08
27 0.316471 0.022987 0.341365 1.245656 0.280754 0.341442 0.000000 0.000000 0.000000 0.000000 1 6.053596735e-08
27 0.315225 0.024109 0.341368 1.245656 0.280754 0.341442 0.000000 0.000000 0.000000 0.000000 1 6.519258022e-08
27 0.313991 0.025215 0.341371 1.245656 0.280754 0.341442 0.000000 0.000000 0.000000 0.000000 1 6.332993507e-08
27 0.312766 0.026321 0.341374 1.245656 0.280754 0.341442 0.000000 0.000000 0.000000 0.000000 1 6.519258022e-08
27 0.311548 0.027442 0.341376 1.245656 0.280754 0.341442 0.000000 0.000000 0.000000 0.000000 1 6.332993507e-08
27 0.310333 0.028588 0.341379 1.245656 0.280754 0.341442 0.000000 0.000000 0.000000 0.000000 1 6.519258022e-08
27 0.309124 0.029758 0.341381 1.245656 0.280754 0.341442 0.000000 0.000000 0.000000 0.000000 1 1.499429345e-07
27 0.307921 0.030947 0.341384 1.245656 0.280754 0.341442 0.000000 0.000000 0.000000 0.000000 1 5.960464478e-08
27 0.306726 0.032147 0.341386 1.245656 0.280754 0.341442 0.000000 0.000000 0.000000 0.000000 1 5.681067705e-08
27 0.305539 0.033359 0.341388 1.245656 0.280754 0.341442 0.000000 0.000000 0.000000 0.000000 1 5.867332220e-08
27 0.304358 0.034597 0.341390 1.245656 0.280754 0.341442 0.000000 0.000000 0.000000 0.000000 1 5.774199963e-08
27 0.303182 0.035873 0.341392 1.245656 0.280754 0.341442 0.000000 0.000000 0.000000 0.000000 1 5.867332220e-08
27 0.302008 0.037198 0.341394 1.245656 0.280754 0.341442 0.000000 0.000000 0.000000 0.000000 1 6.239861250e-08
27 0.300836 0.038583 0.341396 1.245656 0.280754 0.341442 0.000000 0.000000 0.000000 0.000000 1 6.146728992e-08
27 0.299666 0.040031 0.341398 1.245656 0.280754 0.341442 0.000000 0.000000 0.000000 0.000000 1 5.960464478e-08
27 0.298499 0.041536 0.341399 1.245656 0.280754 0.341442 0.000000 0.000000 0.000000 0.000000 1 5.867332220e-08
27 0.297338 0.043080 0.341401 1.245656 0.280754 0.341442 0.000000 0.000000 0.000000 0.000000 1 6.053596735e-08
28 0.302437 0.013592 0.346915 1.291197 0.257771 0.346933 0.000000 0.000000 0.000000 0.000000 1 5.960464478e-08
28 0.301198 0.015155 0.346916 1.291197 0.257771 0.346933 0.000000 0.000000 0.000000 0.000000 1 6.239861250e-08
28 0.299974 0.016707 0.346917 1.291197 0.257771 0.346933 0.000000 0.000000 0.000000 0.000000 1 6.519258022e-08
28 0.298760 0.018262 0.346917 1.291197 0.257771 0.346933 0.000000 0.000000 0.000000 0.000000 1 5.774199963e-08
28 0.297554 0.019846 0.346918 1.291197 0.257771 0.346933 0.000000 0.000000 0.000000 0.000000 1 5.681067705e-08
28 0.296352 0.021489 0.346919 1.291197 0.257771 0.346933 0.000000 0.000000 0.000000 0.000000 1 6.519258022e-08
28 0.295152 0.023215 0.346919 1.291197 0.257771 0.346933 0.000000 0.000000 0.000000 0.000000 1 1.499429345e-07
28 0.293954 0.025038 0.346920 1.291197 0.257771 0.346933 0.000000 0.000000 0.000000 0.000000 1 5.867332220e-08
28 0.292758 0.026954 0.346920 1.291197 0.257771 0.346933 0.000000 0.000000 0.000000 0.000000 1 6.146728992e-08
28 0.291569 0.028943 0.346921 1.291197 0.257771 0.346933 0.000000 0.000000 0.000000 0.000000 1 6.053596735e-08
28 0.290391 0.030972 0.346921 1.291197 0.257771 0.346933 0.000000 0.000000 0.000000 0.000000 1 5.960464478e-08
28 0.289228 0.033007 0.346922 1.291197 0.257771 0.346933 0.000000 0.000000 0.000000 0.000000 1 5.867332220e-08
28 0.288083 0.035018 0.346922 1.291197 0.257771 0.346933 0.000000 0.000000 0.000000 0.000000 1 6.426125765e-08
28 0.286958 0.036985 0.346922 1.291197 0.257771 0.346933 0.000000 0.000000 0.000000 0.000000 1 6.332993507e-08
28 0.285852 0.038909 0.346923 1.291197 0.257771 0.346933 0.000000 0.000000 0.000000 0.000000 1 6.239861250e-08
28 0.284763 0.040801 0.346923 1.291197 0.257771 0.346933 0.000000 0.000000 0.000000 0.000000 1 5.774199963e-08
28 0.283691 0.042685 0.346924 1.291197 0.257771 0.346933 0.000000 0.000000 0.000000 0.000000 1 8.102506399e-08
28 0.282631 0.044582 0.346924 1.291197 0.257771 0.346933 0.000000 0.000000 0.000000 0.000000 1 5.681067705e-08
28 0.281583 0.046507 0.346924 1.291197 0.257771 0.346933 0.000000 0.000000 0.000000 0.000000 1 1.676380634e-07
28 0.280548 0.048458 0.346925 1.291197 0.257771 0.346933 0.000000 0.000000 0.000000 0.000000 1 7.543712854e-08
29 0.285288 0.012659 0.321031 1.341372 0.226973 0.321141 0.000000 0.000000 0.000000 0.000000 1 6.239861250e-08
29 0.284161 0.014629 0.321035 1.341372 0.226973 0.321141 0.000000 0.000000 0.000000 0.000000 1 6.332993507e-08
29 0.283051 0.016561 0.321039 1.341372 0.226973 0.321141 0.000000 0.000000 0.000000 0.000000 1 6.053596735e-08
29 0.281958 0.018440 0.321043 1.341372 0.226973 0.321141 0.000000 0.000000 0.000000 0.000000 1 1.899898052e-07
29 0.280881 0.020271 0.321047 1.341372 0.226973 0.321141 0.000000 0.000000 0.000000 0.000000 1 7.729977369e-08
29 0.279819 0.022072 0.321051 1.341372 0.226973 0.321141 0.000000 0.000000 0.000000 0.000000 1 5.960464478e-08
29 0.278770 0.023866 0.321054 1.341372 0.226973 0.321141 0.000000 0.000000 0.000000 0.000000 1 5.867332220e-08
29 0.277732 0.025674 0.321058 1.341372 0.226973 0.321141 0.000000 0.000000 0.000000 0.000000 1 4.842877388e-08
29 0.276703 0.027510 0.321061 1.341372 0.226973 0.321141 0.000000 0.000000 0.000000 0.000000 1 2.793967724e-08
29 0.275685 0.029375 0.321064 1.341372 0.226973 0.321141 0.000000 0.000000 0.000000 0.000000 1 5.774199963e-08
29 0.274678 0.031261 0.321067 1.341372 0.226973 0.321141 0.000000 0.000000 0.000000 0.000000 1 9.126961231e-08
29 0.273684 0.033156 0.321070 1.341372 0.226973 0.321141 0.000000 0.000000 0.000000 0.000000 1 7.450580597e-08
29 0.272703 0.035062 0.321073 1.341372 0.226973 0.321141 0.000000 0.000000 0.000000 0.000000 1 5.681067705e-08
29 0.271735 0.036993 0.321076 1.341372 0.226973 0.321141 0.000000 0.000000 0.000000 0.000000 1 5.774199963e-08
29 0.270777 0.038966 0.321078 1.341372 0.226973 0.321141 0.000000 0.000000 0.000000 0.000000 1 6.426125765e-08
29 0.269831 0.040997 0.321081 1.341372 0.226973 0.321141 0.000000 0.000000 0.000000 0.000000 1 6.332993507e-08
29 0.268896 0.043098 0.321083 1.341372 0.226973 0.321141 0.000000 0.000000 0.000000 0.000000 1 6.239861250e-08
29 0.267973 0.045276 0.321085 1.341372 0.226973 0.321141 0.000000 0.000000 0.000000 0.000000 1 5.960464478e-08
29 0.267063 0.047518 0.321087 1.341372 0.226973 0.321141 0.000000 0.000000 0.000000 0.000000 1 5.867332220e-08
29 0.266169 0.049802 0.321089 1.341372 0.226973 0.321141 0.000000 0.000000 0.000000 0.000000 1 5.867332220e-08
30 0.269855 0.009399 0.309359 1.397973 0.190046 0.309455 0.000000 0.000000 0.000000 0.000000 1 1.499429345e-07
30 0.268854 0.011707 0.309363 1.397973 0.190046 0.309455 0.000000 0.000000 0.000000 0.000000 1 6.053596735e-08
30 0.267868 0.013992 0.309367 1.397973 0.190046 0.309455 0.000000 0.000000 0.000000 0.000000 1 6.519258022e-08
30 0.266898 0.016268 0.309370 1.397973 0.190046 0.309455 0.000000 0.000000 0.000000 0.000000 1 5.867332220e-08
30 0.265943 0.018560 0.309373 1.397973 0.190046 0.309455 0.000000 0.000000 0.000000 0.000000 1 5.774199963e-08
30 0.265001 0.020899 0.309376 1.397973 0.190046 0.309455 0.000000 0.000000 0.000000 0.000000 1 5.867332220e-08
30 0.264073 0.023309 0.309380 1.397973 0.190046 0.309455 0.000000 0.000000 0.000000 0.000000 1 6.426125765e-08
30 0.263159 0.025807 0.309382 1.397973 0.190046 0.309455 0.000000 0.000000 0.000000 0.000000 1 6.146728992e-08
30 0.262261 0.028389 0.309385 1.397973 0.190046 0.309455 0.000000 0.000000 0.000000 0.000000 1 5.681067705e-08
30 0.261380 0.031032 0.309388 1.397973 0.190046 0.309455 0.000000 0.000000 0.000000 0.000000 1 5.867332220e-08
30 0.260518 0.033702 0.309391 1.397973 0.190046 0.309455 0.000000 0.000000 0.000000 0.000000 1 6.146728992e-08
30 0.259675 0.036361 0.309393 1.397973 0.190046 0.309455 0.000000 0.000000 0.000000 0.000000 1 6.426125765e-08
30 0.258851 0.038980 0.309396 1.397973 0.190046 0.309455 0.000000 0.000000 0.000000 0.000000 1 6.332993507e-08
30 0.258045 0.041539 0.309398 1.397973 0.190046 0.309455 0.000000 0.000000 0.000000 0.000000 1 6.612390280e-08
30 0.257257 0.044039 0.309400 1.397973 0.190046 0.309455 0.000000 0.000000 0.000000 0.000000 1 6.612390280e-08
30 0.256487 0.046496 0.309402 1.397973 0.190046 0.309455 0.000000 0.000000 0.000000 0.000000 1 6.053596735e-08
30 0.255734 0.048935 0.309404 1.397973 0.190046 0.309455 0.000000 0.000000 0.000000 0.000000 1 7.171183825e-08
30 0.254998 0.051381 0.309406 1.397973 0.190046 0.309455 0.000000 0.000000 0.000000 0.000000 1 1.657754183e-07
30 0.254281 0.053851 0.309408 1.397973 0.190046 0.309455 0.000000 0.000000 0.000000 0.000000 1 7.450580597e-08
30 0.253581 0.056344 0.309410 1.397973 0.190046 0.309455 0.000000 0.000000 0.000000 0.000000 1 6.239861250e-08
31 0.255400 0.016450 0.283039 1.455871 0.151132 0.283186 0.000000 0.000000 0.000000 0.000000 1 5.681067705e-08
31 0.254588 0.018969 0.283045 1.455871 0.151132 0.283186 0.000000 0.000000 0.000000 0.000000 1 5.681067705e-08
31 0.253791 0.021448 0.283051 1.455871 0.151132 0.283186 0.000000 0.000000 0.000000 0.000000 1 6.239861250e-08
31 0.253009 0.023881 0.283056 1.455871 0.151132 0.283186 0.000000 0.000000 0.000000 0.000000 1 5.960464478e-08
31 0.252241 0.026273 0.283061 1.455871 0.151132 0.283186 0.000000 0.000000 0.000000 0.000000 1 6.239861250e-08
31 0.251487 0.028638 0.283066 1.455871 0.151132 0.283186 0.000000 0.000000 0.000000 0.000000 1 5.587935448e-08
31 0.250748 0.030994 0.283071 1.455871 0.151132 0.283186 0.000000 0.000000 0.000000 0.000000 1 7.543712854e-08
31 0.250024 0.033359 0.283075 1.455871 0.151132 0.283186 0.000000 0.000000 0.000000 0.000000 1 5.122274160e-08
31 0.249315 0.035743 0.283080 1.455871 0.151132 0.283186 0.000000 0.000000 0.000000 0.000000 1 6.239861250e-08
31 0.248621 0.038149 0.283084 1.455871 0.151132 0.283186 0.000000 0.000000 0.000000 0.000000 1 5.960464478e-08
31 0.247944 0.040567 0.283088 1.455871 0.151132 0.283186 0.000000 0.000000 0.000000 0.000000 1 6.332993507e-08
31 0.247284 0.042986 0.283092 1.455871 0.151132 0.283186 0.000000 0.000000 0.000000 0.000000 1 6.053596735e-08
31 0.246639 0.045407 0.283095 1.455871 0.151132 0.283186 0.000000 0.000000 0.000000 0.000000 1 6.146728992e-08
31 0.246012 0.047848 0.283099 1.455871 0.151132 0.283186 0.000000 0.000000 0.000000 0.000000 1 5.774199963e-08
31 0.245404 0.050331 0.283102 1.455871 0.151132 0.283186 0.000000 0.000000 0.000000 0.000000 1 1.089647412e-07
31 0.244816 0.052875 0.283106 1.455871 0.151132 0.283186 0.000000 0.000000 0.000000 0.000000 1 5.681067705e-08
31 0.244249 0.055493 0.283109 1.455871 0.151132 0.283186 0.000000 0.000000 0.000000 0.000000 1 6.053596735e-08
31 0.243705 0.058185 0.283112 1.455871 0.151132 0.283186 0.000000 0.000000 0.000000 0.000000 1 5.867332220e-08
31 0.243184 0.060938 0.283115 1.455871 0.151132 0.283186 0.000000 0.000000 0.000000 0.000000 1 5.774199963e-08
31 0.242685 0.063725 0.283117 1.455871 0.151132 0.283186 0.000000 0.000000 0.000000 0.000000 1 6.239861250e-08
32 0.242781 0.018936 0.268556 1.516606 0.104519 0.268679 0.000000 0.000000 0.000000 0.000000 1 6.332993507e-08
32 0.242152 0.021749 0.268561 1.516606 0.104519 0.268679 0.000000 0.000000 0.000000 0.000000 1 7.636845112e-08
32 0.241539 0.024530 0.268566 1.516606 0.104519 0.268679 0.000000 0.000000 0.000000 0.000000 1 6.146728992e-08
32 0.240943 0.027294 0.268570 1.516606 0.104519 0.268679 0.000000 0.000000 0.000000 0.000000 1 3.911554813e-08
32 0.240365 0.030066 0.268574 1.516606 0.104519 0.268679 0.000000 0.000000 0.000000 0.000000 1 3.259629011e-08
32 0.239807 0.032874 0.268578 1.516606 0.104519 0.268679 0.000000 0.000000 0.000000 0.000000 1 5.960464478e-08
32 0.239271 0.035743 0.268582 1.516606 0.104519 0.268679 0.000000 0.000000 0.000000 0.000000 1 7.078051567e-08
32 0.238760 0.038684 0.268586 1.516606 0.104519 0.268679 0.000000 0.000000 0.000000 0.000000 1 5.960464478e-08
32 0.238273 0.041690 0.268590 1.516606 0.104519 0.268679 0.000000 0.000000 0.000000 0.000000 1 5.681067705e-08
32 0.237811 0.044739 0.268593 1.516606 0.104519 0.268679 0.000000 0.000000 0.000000 0.000000 1 5.681067705e-08
32 0.237371 0.047792 0.268597 1.516606 0.104519 0.268679 0.000000 0.000000 0.000000 0.000000 1 5.960464478e-08
32 0.236948 0.050814 0.268600 1.516606 0.104519 0.268679 0.000000 0.000000 0.000000 0.000000 1 1.639127731e-07
32 0.236541 0.053775 0.268603 1.516606 0.104519 0.268679 0.000000 0.000000 0.000000 0.000000 1 6.146728992e-08
32 0.236147 0.056657 0.268606 1.516606 0.104519 0.268679 0.000000 0.000000 0.000000 0.000000 1 6.798654795e-08
32 0.235766 0.059463 0.268609 1.516606 0.104519 0.268679 0.000000 0.000000 0.000000 0.000000 1 6.332993507e-08
32 0.235399 0.062209 0.268612 1.516606 0.104519 0.268679 0.000000 0.000000 0.000000 0.000000 1 5.681067705e-08
32 0.235048 0.064925 0.268614 1.516606 0.104519 0.268679 0.000000 0.000000 0.000000 0.000000 1 5.867332220e-08
32 0.234716 0.067640 0.268617 1.516606 0.104519 0.268679 0.000000 0.000000 0.000000 0.000000 1 5.774199963e-08
32 0.234405 0.070372 0.268619 1.516606 0.104519 0.268679 0.000000 0.000000 0.000000 0.000000 1 6.053596735e-08
32 0.234116 0.073127 0.268622 1.516606 0.104519 0.268679 0.000000 0.000000 0.000000 0.000000 1 5.867332220e-08
33 0.232620 0.037068 0.252006 1.577694 0.063941 0.252126 0.000000 0.000000 0.000000 0.000000 1 5.774199963e-08
33 0.232218 0.039868 0.252010 1.577694 0.063941 0.252126 0.000000 0.000000 0.000000 0.000000 1 5.215406418e-08
33 0.231829 0.042624 0.252015 1.577694 0.063941 0.252126 0.000000 0.000000 0.000000 0.000000 1 6.053596735e-08
33 0.231451 0.045324 0.252019 1.577694 0.063941 0.252126 0.000000 0.000000 0.000000 0.000000 1 6.146728992e-08
33 0.231085 0.047971 0.252023 1.577694 0.063941 0.252126 0.000000 0.000000 0.000000 0.000000 1 5.587935448e-08
33 0.230731 0.050578 0.252027 1.577694 0.063941 0.252126 0.000000 0.000000 0.000000 0.000000 1 6.612390280e-08
33 0.230390 0.053162 0.252031 1.577694 0.063941 0.252126 0.000000 0.000000 0.000000 0.000000 1 6.519258022e-08
33 0.230066 0.055742 0.252035 1.577694 0.063941 0.252126 0.000000 0.000000 0.000000 0.000000 1 6.705522537e-08
33 0.229760 0.058332 0.252039 1.577694 0.063941 0.252126 0.000000 0.000000 0.000000 0.000000 1 1.545995474e-07
33 0.229472 0.060936 0.252042 1.577694 0.063941 0.252126 0.000000 0.000000 0.000000 0.000000 1 5.867332220e-08
33 0.229202 0.063547 0.252045 1.577694 0.063941 0.252126 0.000000 0.000000 0.000000 0.000000 1 6.146728992e-08
33 0.228950 0.066156 0.252049 1.577694 0.063941 0.252126 0.000000 0.000000 0.000000 0.000000 1 5.774199963e-08
33 0.228716 0.068765 0.252052 1.577694 0.063941 0.252126 0.000000 0.000000 0.000000 0.000000 1 6.705522537e-08
33 0.228503 0.071395 0.252055 1.577694 0.063941 0.252126 0.000000 0.000000 0.000000 0.000000 1 6.146728992e-08
33 0.228315 0.074071 0.252057 1.577694 0.063941 0.252126 0.000000 0.000000 0.000000 0.000000 1 6.519258022e-08
33 0.228154 0.076813 0.252060 1.577694 0.063941 0.252126 0.000000 0.000000 0.000000 0.000000 1 6.332993507e-08
33 0.228025 0.079633 0.252063 1.577694 0.063941 0.252126 0.000000 0.000000 0.000000 0.000000 1 5.681067705e-08
33 0.227928 0.082530 0.252065 1.577694 0.063941 0.252126 0.000000 0.000000 0.000000 0.000000 1 1.117587090e-07
33 0.227862 0.085487 0.252068 1.577694 0.063941 0.252126 0.000000 0.000000 0.000000 0.000000 1 5.867332220e-08
33 0.227823 0.088472 0.252070 1.577694 0.063941 0.252126 0.000000 0.000000 0.000000 0.000000 1 6.146728992e-08
34 0.224519 0.048056 0.247353 1.637634 0.015991 0.247425 0.000000 0.000000 0.000000 0.000000 1 9.406358004e-08
34 0.224344 0.051080 0.247355 1.637634 0.015991 0.247425 0.000000 0.000000 0.000000 0.000000 1 6.053596735e-08
34 0.224183 0.054055 0.247358 1.637634 0.015991 0.247425 0.000000 0.000000 0.000000 0.000000 1 7.823109627e-08
34 0.224035 0.056990 0.247361 1.637634 0.015991 0.247425 0.000000 0.000000 0.000000 0.000000 1 7.823109627e-08
34 0.223905 0.059906 0.247363 1.637634 0.015991 0.247425 0.000000 0.000000 0.000000 0.000000 1 5.681067705e-08
34 0.223795 0.062831 0.247366 1.637634 0.015991 0.247425 0.000000 0.000000 0.000000 0.000000 1 1.005828381e-07
34 0.223711 0.065786 0.247368 1.637634 0.015991 0.247425 0.000000 0.000000 0.000000 0.000000 1 6.239861250e-08
34 0.223655 0.068784 0.247370 1.637634 0.015991 0.247425 0.000000 0.000000 0.000000 0.000000 1 6.053596735e-08
34 0.223627 0.071820 0.247373 1.637634 0.015991 0.247425 0.000000 0.000000 0.000000 0.000000 1 6.146728992e-08
34 0.223623 0.074872 0.247375 1.637634 0.015991 0.247425 0.000000 0.000000 0.000000 0.000000 1 5.960464478e-08
34 0.223639 0.077907 0.247377 1.637634 0.015991 0.247425 0.000000 0.000000 0.000000 0.000000 1 6.332993507e-08
34 0.223669 0.080893 0.247379 1.637634 0.015991 0.247425 0.000000 0.000000 0.000000 0.000000 1 6.239861250e-08
34 0.223707 0.083804 0.247380 1.637634 0.015991 0.247425 0.000000 0.000000 0.000000 0.000000 1 1.043081284e-07
34 0.223751 0.086626 0.247382 1.637634 0.015991 0.247425 0.000000 0.000000 0.000000 0.000000 1 6.332993507e-08
34 0.223802 0.089365 0.247384 1.637634 0.015991 0.247425 0.000000 0.000000 0.000000 0.000000 1 5.960464478e-08
34 0.223863 0.092047 0.247385 1.637634 0.015991 0.247425 0.000000 0.000000 0.000000 0.000000 1 6.332993507e-08
34 0.223940 0.094705 0.247387 1.637634 0.015991 0.247425 0.000000 0.000000 0.000000 0.000000 1 5.960464478e-08
34 0.224039 0.097374 0.247389 1.637634 0.015991 0.247425 0.000000 0.000000 0.000000 0.000000 1 6.146728992e-08
34 0.224164 0.100075 0.247390 1.637634 0.015991 0.247425 0.000000 0.000000 0.000000 0.000000 1 5.774199963e-08
34 0.224316 0.102811 0.247391 1.637634 0.015991 0.247425 0.000000 0.000000 0.000000 0.000000 1 1.396983862e-08
35 0.221463 0.078701 0.248883 1.701734 -0.018255 0.248909 0.000000 0.000000 0.000000 0.000000 1 1.396983862e-08
35 0.221541 0.081503 0.248884 1.701734 -0.018255 0.248909 0.000000 0.000000 0.000000 0.000000 1 3.073364496e-08
35 0.221630 0.084250 0.248885 1.701734 -0.018255 0.248909 0.000000 0.000000 0.000000 0.000000 1 2.169981599e-07
35 0.221726 0.086931 0.248886 1.701734 -0.018255 0.248909 0.000000 0.000000 0.000000 0.000000 1 5.867332220e-08
35 0.221829 0.089545 0.248887 1.701734 -0.018255 0.248909 0.000000 0.000000 0.000000 0.000000 1 5.774199963e-08
35 0.221941 0.092110 0.248888 1.701734 -0.018255 0.248909 0.000000 0.000000 0.000000 0.000000 1 5.681067705e-08
35 0.222066 0.094646 0.248888 1.701734 -0.018255 0.248909 0.000000 0.000000 0.000000 0.000000 1 5.960464478e-08
35 0.222207 0.097174 0.248889 1.701734 -0.018255 0.248909 0.000000 0.000000 0.000000 0.000000 1 5.774199963e-08
35 0.222370 0.099712 0.248890 1.701734 -0.018255 0.248909 0.000000 0.000000 0.000000 0.000000 1 6.239861250e-08
35 0.222554 0.102266 0.248891 1.701734 -0.018255 0.248909 0.000000 0.000000 0.000000 0.000000 1 5.960464478e-08
35 0.222761 0.104833 0.248892 1.701734 -0.018255 0.248909 0.000000 0.000000 0.000000 0.000000 1 5.587935448e-08
35 0.222988 0.107402 0.248892 1.701734 -0.018255 0.248909 0.000000 0.000000 0.000000 0.000000 1 5.960464478e-08
35 0.223237 0.109980 0.248893 1.701734 -0.018255 0.248909 0.000000 0.000000 0.000000 0.000000 1 5.867332220e-08
35 0.223514 0.112590 0.248894 1.701734 -0.018255 0.248909 0.000000 0.000000 0.000000 0.000000 1 5.494803190e-08
35 0.223825 0.115259 0.248894 1.701734 -0.018255 0.248909 0.000000 0.000000 0.000000 0.000000 1 6.053596735e-08
35 0.224176 0.118008 0.248895 1.701734 -0.018255 0.248909 0.000000 0.000000 0.000000 0.000000 1 5.960464478e-08
35 0.224571 0.120848 0.248895 1.701734 -0.018255 0.248909 0.000000 0.000000 0.000000 0.000000 1 6.146728992e-08
35 0.225011 0.123778 0.248896 1.701734 -0.018255 0.248909 0.000000 0.000000 0.000000 0.000000 1 5.960464478e-08
35 0.225493 0.126775 0.248897 1.701734 -0.018255 0.248909 0.000000 0.000000 0.000000 0.000000 1 6.332993507e-08
35 0.226009 0.129804 0.248897 1.701734 -0.018255 0.248909 0.000000 0.000000 0.000000 0.000000 1 1.760199666e-07
36 0.220671 0.095046 0.255155 1.760746 -0.065922 0.255142 0.000000 0.000000 0.000000 0.000000 1 5.774199963e-08
36 0.221064 0.098205 0.255154 1.760746 -0.065922 0.255142 0.000000 0.000000 0.000000 0.000000 1 5.587935448e-08
36 0.221469 0.101305 0.255154 1.760746 -0.065922 0.255142 0.000000 0.000000 0.000000 0.000000 1 5.867332220e-08
36 0.221886 0.104353 0.255153 1.760746 -0.065922 0.255142 0.000000 0.000000 0.000000 0.000000 1 6.519258022e-08
36 0.222321 0.107367 0.255153 1.760746 -0.065922 0.255142 0.000000 0.000000 0.000000 0.000000 1 5.774199963e-08
36 0.222779 0.110374 0.255152 1.760746 -0.065922 0.255142 0.000000 0.000000 0.000000 0.000000 1 5.774199963e-08
36 0.223267 0.113399 0.255152 1.760746 -0.065922 0.255142 0.000000 0.000000 0.000000 -0.000000 1 9.872019291e-08
36 0.223790 0.116456 0.255152 1.760746 -0.065922 0.255142 0.000000 0.000000 0.000000 -0.000000 1 5.867332220e-08
36 0.224347 0.119542 0.255151 1.760746 -0.065922 0.255142 0.000000 0.000000 0.000000 -0.000000 1 6.332993507e-08
36 0.224933 0.122636 0.255151 1.760746 -0.065922 0.255142 0.000000 0.000000 0.000000 -0.000000 1 5.774199963e-08
36 0.225541 0.125705 0.255151 1.760746 -0.065922 0.255142 0.000000 0.000000 0.000000 -0.000000 1 6.053596735e-08
36 0.226161 0.128717 0.255150 1.760746 -0.065922 0.255142 0.000000 0.000000 0.000000 -0.000000 1 5.681067705e-08
36 0.226788 0.131648 0.255150 1.760746 -0.065922 0.255142 0.000000 0.000000 0.000000 -0.000000 1 5.960464478e-08
36 0.227417 0.134489 0.255150 1.760746 -0.065922 0.255142 0.000000 0.000000 0.000000 -0.000000 1 7.171183825e-08
36 0.228052 0.137254 0.255149 1.760746 -0.065922 0.255142 0.000000 0.000000 0.000000 -0.000000 1 5.774199963e-08
36 0.228701 0.139973 0.255149 1.760746 -0.065922 0.255142 0.000000 0.000000 0.000000 -0.000000 1 7.636845112e-08
36 0.229373 0.142688 0.255149 1.760746 -0.065922 0.255142 0.000000 0.000000 0.000000 -0.000000 1 1.378357410e-07
36 0.230081 0.145439 0.255149 1.760746 -0.065922 0.255142 0.000000 0.000000 0.000000 -0.000000 1 5.867332220e-08
36 0.230833 0.148252 0.255148 1.760746 -0.065922 0.255142 0.000000 0.000000 0.000000 -0.000000 1 6.426125765e-08
36 0.231628 0.151119 0.255148 1.760746 -0.065922 0.255142 0.000000 0.000000 0.000000 -0.000000 1 6.798654795e-08
37 0.227841 0.130257 0.262708 1.825971 -0.103052 0.262673 0.000000 0.000000 0.000000 -0.000000 1 6.798654795e-08
37 0.228582 0.133266 0.262707 1.825971 -0.103052 0.262673 0.000000 0.000000 0.000000 -0.000000 1 5.867332220e-08
37 0.229333 0.136207 0.262706 1.825971 -0.103052 0.262673 0.000000 0.000000 0.000000 -0.000000 1 5.587935448e-08
37 0.230089 0.139073 0.262704 1.825971 -0.103052 0.262673 0.000000 0.000000 0.000000 -0.000000 1 6.705522537e-08
37 0.230852 0.141869 0.262703 1.825971 -0.103052 0.262673 0.000000 0.000000 0.000000 -0.000000 1 6.239861250e-08
37 0.231627 0.144617 0.262702 1.825971 -0.103052 0.262673 0.000000 0.000000 0.000000 -0.000000 1 5.215406418e-08
37 0.232422 0.147341 0.262701 1.825971 -0.103052 0.262673 0.000000 0.000000 0.000000 -0.000000 1 4.284083843e-08
37 0.233243 0.150065 0.262700 1.825971 -0.103052 0.262673 0.000000 0.000000 0.000000 -0.000000 1 5.867332220e-08
37 0.234095 0.152805 0.262699 1.825971 -0.103052 0.262673 0.000000 0.000000 0.000000 -0.000000 1 7.264316082e-08
37 0.234980 0.155566 0.262698 1.825971 -0.103052 0.262673 0.000000 0.000000 0.000000 -0.000000 1 5.122274160e-08
37 0.235897 0.158340 0.262697 1.825971 -0.103052 0.262673 0.000000 0.000000 0.000000 -0.000000 1 6.239861250e-08
37 0.236845 0.161120 0.262696 1.825971 -0.103052 0.262673 0.000000 0.000000 0.000000 -0.000000 1 6.053596735e-08
37 0.237825 0.163912 0.262695 1.825971 -0.103052 0.262673 0.000000 0.000000 0.000000 -0.000000 1 5.587935448e-08
37 0.238847 0.166744 0.262694 1.825971 -0.103052 0.262673 0.000000 0.000000 0.000000 -0.000000 1 1.052394509e-07
37 0.239923 0.169646 0.262693 1.825971 -0.103052 0.262673 0.000000 0.000000 0.000000 -0.000000 1 6.332993507e-08
37 0.241062 0.172642 0.262692 1.825971 -0.103052 0.262673 0.000000 0.000000 0.000000 -0.000000 1 2.887099981e-08
37 0.242269 0.175741 0.262692 1.825971 -0.103052 0.262673 0.000000 0.000000 0.000000 -0.000000 1 2.607703209e-08
37 0.243547 0.178940 0.262691 1.825971 -0.103052 0.262673 0.000000 0.000000 0.000000 -0.000000 1 2.607703209e-08
37 0.244889 0.182212 0.262690 1.825971 -0.103052 0.262673 0.000000 0.000000 0.000000 -0.000000 1 2.607703209e-08
37 0.246281 0.185516 0.262690 1.825971 -0.103052 0.262673 0.000000 0.000000 0.000000 -0.000000 1 6.146728992e-08
38 0.237719 0.147782 0.270571 1.879663 -0.159407 0.270524 0.000000 0.000000 0.000000 -0.000000 1 5.867332220e-08
38 0.239004 0.151485 0.270570 1.879663 -0.159407 0.270524 0.000000 0.000000 0.000000 -0.000000 1 6.146728992e-08
38 0.240311 0.155131 0.270568 1.879663 -0.159407 0.270524 0.000000 0.000000 0.000000 -0.000000 1 5.587935448e-08
38 0.241646 0.158737 0.270566 1.879663 -0.159407 0.270524 0.000000 0.000000 0.000000 -0.000000 1 6.239861250e-08
38 0.243016 0.162322 0.270564 1.879663 -0.159407 0.270524 0.000000 0.000000 0.000000 -0.000000 1 5.960464478e-08
38 0.244429 0.165910 0.270563 1.879663 -0.159407 0.270524 0.000000 0.000000 0.000000 -0.000000 1 6.519258022e-08
38 0.245895 0.169520 0.270561 1.879663 -0.159407 0.270524 0.000000 0.000000 0.000000 -0.000000 1 6.332993507e-08
38 0.247418 0.173163 0.270560 1.879663 -0.159407 0.270524 0.000000 0.000000 0.000000 -0.000000 1 6.984919310e-08
38 0.248996 0.176830 0.270559 1.879663 -0.159407 0.270524 0.000000 0.000000 0.000000 -0.000000 1 6.332993507e-08
38 0.250620 0.180493 0.270557 1.879663 -0.159407 0.270524 0.000000 0.000000 0.000000 -0.000000 1 5.587935448e-08
38 0.252276 0.184116 0.270556 1.879663 -0.159407 0.270524 0.000000 0.000000 0.000000 -0.000000 1 1.005828381e-07
38 0.253950 0.187663 0.270555 1.879663 -0.159407 0.270524 0.000000 0.000000 0.000000 -0.000000 1 6.891787052e-08
38 0.255632 0.191110 0.270554 1.879663 -0.159407 0.270524 0.000000 0.000000 0.000000 -0.000000 1 6.053596735e-08
38 0.257320 0.194454 0.270552 1.879663 -0.159407 0.270524 0.000000 0.000000 0.000000 -0.000000 1 5.774199963e-08
38 0.259019 0.197713 0.270551 1.879663 -0.159407 0.270524 0.000000 0.000000 0.000000 -0.000000 1 6.053596735e-08
38 0.260744 0.200926 0.270550 1.879663 -0.159407 0.270524 0.000000 0.000000 0.000000 -0.000000 1 5.681067705e-08
38 0.262515 0.204141 0.270549 1.879663 -0.159407 0.270524 0.000000 0.000000 0.000000 -0.000000 1 6.146728992e-08
38 0.264350 0.207399 0.270548 1.879663 -0.159407 0.270524 0.000000 0.000000 0.000000 -0.000000 1 5.960464478e-08
38 0.266260 0.210723 0.270547 1.879663 -0.159407 0.270524 0.000000 0.000000 0.000000 -0.000000 1 5.960464478e-08
38 0.268234 0.214079 0.270546 1.879663 -0.159407 0.270524 0.000000 0.000000 0.000000 -0.000000 1 5.960464478e-08
39 0.259374 0.180723 0.265670 1.942375 -0.217704 0.265667 0.000000 0.000000 0.000000 -0.000000 1 5.960464478e-08
39 0.261260 0.184579 0.265670 1.942375 -0.217704 0.265667 0.000000 0.000000 0.000000 -0.000000 1 6.332993507e-08
39 0.263156 0.188333 0.265670 1.942375 -0.217704 0.265667 0.000000 0.000000 0.000000 -0.000000 1 6.146728992e-08
39 0.265060 0.191985 0.265670 1.942375 -0.217704 0.265667 0.000000 0.000000 0.000000 -0.000000 1 6.146728992e-08
39 0.266975 0.195543 0.265670 1.942375 -0.217704 0.265667 0.000000 0.000000 0.000000 -0.000000 1 6.239861250e-08
39 0.268907 0.199023 0.265670 1.942375 -0.217704 0.265667 0.000000 0.000000 0.000000 -0.000000 1 5.774199963e-08
39 0.270868 0.202454 0.265669 1.942375 -0.217704 0.265667 0.000000 0.000000 0.000000 -0.000000 1 6.426125765e-08
39 0.272869 0.205862 0.265669 1.942375 -0.217704 0.265667 0.000000 0.000000 0.000000 -0.000000 1 1.518055797e-07
39 0.274916 0.209259 0.265669 1.942375 -0.217704 0.265667 0.000000 0.000000 0.000000 -0.000000 1 5.681067705e-08
39 0.277009 0.212644 0.265669 1.942375 -0.217704 0.265667 0.000000 0.000000 0.000000 -0.000000 1 5.774199963e-08
39 0.279145 0.216008 0.265669 1.942375 -0.217704 0.265667 0.000000 0.000000 0.000000 -0.000000 1 6.146728992e-08
39 0.281320 0.219341 0.265669 1.942375 -0.217704 0.265667 0.000000 0.000000 0.000000 -0.000000 1 5.960464478e-08
39 0.283538 0.222653 0.265669 1.942375 -0.217704 0.265667 0.000000 0.000000 0.000000 -0.000000 1 6.053596735e-08
39 0.285816 0.225976 0.265669 1.942375 -0.217704 0.265667 0.000000 0.000000 0.000000 -0.000000 1 5.774199963e-08
39 0.288171 0.229343 0.265669 1.942375 -0.217704 0.265667 0.000000 0.000000 0.000000 -0.000000 1 6.239861250e-08
39 0.290616 0.232779 0.265669 1.942375 -0.217704 0.265667 0.000000 0.000000 0.000000 -0.000000 1 5.867332220e-08
39 0.293160 0.236288 0.265669 1.942375 -0.217704 0.265667 0.000000 0.000000 0.000000 -0.000000 1 6.426125765e-08
39 0.295801 0.239862 0.265669 1.942375 -0.217704 0.265667 0.000000 0.000000 0.000000 -0.000000 1 6.146728992e-08
39 0.298530 0.243476 0.265669 1.942375 -0.217704 0.265667 0.000000 0.000000 0.000000 -0.000000 1 5.960464478e-08
39 0.301330 0.247091 0.265669 1.942375 -0.217704 0.265667 0.000000 0.000000 0.000000 -0.000000 1 6.053596735e-08
40 0.289824 0.210475 0.283068 1.985816 -0.278473 0.282998 0.000000 0.000000 0.000000 -0.000000 1 6.053596735e-08
40 0.292683 0.214850 0.283065 1.985816 -0.278473 0.282998 0.000000 0.000000 0.000000 -0.000000 1 6.332993507e-08
40 0.295578 0.219143 0.283062 1.985816 -0.278473 0.282998 0.000000 0.000000 0.000000 -0.000000 1 5.960464478e-08
40 0.298523 0.223379 0.283060 1.985816 -0.278473 0.282998 0.000000 0.000000 0.000000 -0.000000 1 6.426125765e-08
40 0.301530 0.227580 0.283057 1.985816 -0.278473 0.282998 0.000000 0.000000 0.000000 -0.000000 1 1.527369022e-07
40 0.304611 0.231765 0.283055 1.985816 -0.278473 0.282998 0.000000 0.000000 0.000000 -0.000000 1 5.774199963e-08
40 0.307776 0.235950 0.283053 1.985816 -0.278473 0.282998 0.000000 0.000000 0.000000 -0.000000 1 6.146728992e-08
40 0.311031 0.240140 0.283051 1.985816 -0.278473 0.282998 0.000000 0.000000 0.000000 -0.000000 1 6.426125765e-08
40 0.314372 0.244325 0.283049 1.985816 -0.278473 0.282998 0.000000 0.000000 0.000000 -0.000000 1 5.867332220e-08
40 0.317785 0.248476 0.283047 1.985816 -0.278473 0.282998 0.000000 0.000000 0.000000 -0.000001 1 5.774199963e-08
40 0.321252 0.252559 0.283045 1.985816 -0.278473 0.282998 0.000000 0.000000 0.000000 -0.000001 1 4.470348358e-08
40 0.324753 0.256544 0.283043 1.985816 -0.278473 0.282998 0.000000 0.000000 0.000000 -0.000001 1 8.102506399e-08
40 0.328276 0.260411 0.283041 1.985816 -0.278473 0.282998 0.000000 0.000000 0.000000 -0.000001 1 2.235174179e-08
40 0.331821 0.264162 0.283040 1.985816 -0.278473 0.282998 0.000000 0.000000 0.000000 -0.000001 1 7.171183825e-08
40 0.335402 0.267824 0.283038 1.985816 -0.278473 0.282998 0.000000 0.000000 0.000000 -0.000001 1 7.078051567e-08
40 0.339042 0.271436 0.283036 1.985816 -0.278473 0.282998 0.000000 0.000000 0.000000 -0.000001 1 5.774199963e-08
40 0.342769 0.275040 0.283035 1.985816 -0.278473 0.282998 0.000000 0.000000 0.000000 -0.000001 1 6.239861250e-08
40 0.346607 0.278667 0.283033 1.985816 -0.278473 0.282998 0.000000 0.000000 0.000000 -0.000001 1 6.053596735e-08
40 0.350566 0.282329 0.283032 1.985816 -0.278473 0.282998 0.000000 0.000000 0.000000 -0.000001 1 5.774199963e-08
40 0.354620 0.285975 0.283031 1.985816 -0.278473 0.282998 0.000000 0.000000 0.000000 -0.000001 1 6.519258022e-08
41 0.336529 0.238367 0.265954 2.032755 -0.359525 0.265990 0.000000 0.000000 0.000000 -0.000001 1 6.891787052e-08
41 0.340577 0.243213 0.265956 2.032755 -0.359525 0.265990 0.000000 0.000000 0.000000 -0.000001 1 1.620501280e-07
41 0.344645 0.247912 0.265957 2.032755 -0.359525 0.265990 0.000000 0.000000 0.000000 -0.000001 1 5.587935448e-08
41 0.348738 0.252470 0.265958 2.032755 -0.359525 0.265990 0.000000 0.000000 0.000000 -0.000001 1 7.729977369e-08
41 0.352864 0.256906 0.265959 2.032755 -0.359525 0.265990 0.000000 0.000000 0.000000 -0.000001 1 6.705522537e-08
41 0.357035 0.261234 0.265961 2.032755 -0.359525 0.265990 0.000000 0.000000 0.000000 -0.000001 1 5.960464478e-08
41 0.361258 0.265469 0.265962 2.032755 -0.359525 0.265990 0.000000 0.000000 0.000000 -0.000001 1 6.519258022e-08
41 0.365549 0.269633 0.265963 2.032755 -0.359525 0.265990 0.000000 0.000000 0.000000 -0.000001 1 6.239861250e-08
41 0.369920 0.273743 0.265964 2.032755 -0.359525 0.265990 0.000000 0.000000 0.000000 -0.000001 1 6.332993507e-08
41 0.374371 0.277797 0.265965 2.032755 -0.359525 0.265990 0.000000 0.000000 0.000000 -0.000001 1 6.426125765e-08
41 0.378892 0.281779 0.265966 2.032755 -0.359525 0.265990 0.000000 0.000000 0.000000 -0.000001 1 6.146728992e-08
41 0.383475 0.285677 0.265967 2.032755 -0.359525 0.265990 0.000000 0.000000 0.000000 -0.000001 1 5.681067705e-08
41 0.388127 0.289503 0.265968 2.032755 -0.359525 0.265990 0.000000 0.000000 0.000000 -0.000001 1 6.146728992e-08
41 0.392872 0.293287 0.265969 2.032755 -0.359525 0.265990 0.000000 0.000000 0.000000 -0.000001 1 5.960464478e-08
41 0.397737 0.297062 0.265969 2.032755 -0.359525 0.265990 0.000000 0.000000 0.000000 -0.000001 1 6.053596735e-08
41 0.402738 0.300000 0.265970 2.032755 -0.359525 0.265990 0.000000 0.000000 0.000000 -0.000001 1 6.146728992e-08
41 0.407937 0.300000 0.265971 2.032755 -0.359525 0.265990 0.000000 0.000000 0.000000 -0.000001 1 6.519258022e-08
41 0.413346 0.300000 0.265972 2.032755 -0.359525 0.265990 0.000000 0.000000 0.000000 -0.000001 1 5.681067705e-08
41 0.418904 0.300000 0.265973 2.032755 -0.359525 0.265990 0.000000 0.000000 0.000000 -0.000001 1 1.424923539e-07
41 0.424474 0.300000 0.265973 2.032755 -0.359525 0.265990 0.000000 0.000000 0.000000 -0.000001 1 5.681067705e-08
42 0.411852 0.266504 0.298680 2.057194 -0.416681 0.298567 0.000000 0.000000 0.000000 -0.000001 1 6.146728992e-08
42 0.417841 0.271798 0.298675 2.057194 -0.416681 0.298567 0.000000 0.000000 0.000000 -0.000001 1 6.053596735e-08
42 0.423887 0.276923 0.298671 2.057194 -0.416681 0.298567 0.000000 0.000000 0.000000 -0.000001 1 6.053596735e-08
42 0.429993 0.281881 0.298667 2.057194 -0.416681 0.298567 0.000000 0.000000 0.000000 -0.000001 1 5.774199963e-08
42 0.436023 0.286496 0.298663 2.057194 -0.416681 0.298567 0.000000 0.000000 0.000000 -0.000001 1 5.774199963e-08
42 0.441299 0.289839 0.298659 2.057194 -0.416681 0.298567 0.000000 0.000000 0.000000 -0.000001 1 5.867332220e-08
42 0.444780 0.290155 0.298656 2.057194 -0.416681 0.298567 0.000000 0.000000 0.000000 -0.000001 1 6.146728992e-08
42 0.447036 0.288062 0.298652 2.057194 -0.416681 0.298567 0.000000 0.000000 0.000000 -0.000001 1 5.960464478e-08
42 0.449005 0.285361 0.298649 2.057194 -0.416681 0.298567 0.000000 0.000000 0.000000 -0.000001 1 7.171183825e-08
42 0.450967 0.282684 0.298646 2.057194 -0.416681 0.298567 0.000000 0.000000 0.000000 -0.000001 1 5.494803190e-08
42 0.452974 0.280148 0.298642 2.057194 -0.416681 0.298567 0.000000 0.000000 0.000000 -0.000001 1 6.146728992e-08
42 0.455028 0.277754 0.298639 2.057194 -0.416681 0.298567 0.000000 0.000000 0.000000 -0.000001 1 7.357448339e-08
42 0.457122 0.275485 0.298637 2.057194 -0.416681 0.298567 0.000000 0.000000 0.000000 -0.000001 1 5.960464478e-08
42 0.459199 0.273206 0.298634 2.057194 -0.416681 0.298567 0.000000 0.000000 0.000000 -0.000001 1 5.867332220e-08
42 0.461182 0.270745 0.298631 2.057194 -0.416681 0.298567 0.000000 0.000000 0.000000 -0.000001 1 6.705522537e-08
42 0.463022 0.267982 0.298629 2.057194 -0.416681 0.298567 0.000000 0.000000 0.000000 -0.000001 1 1.518055797e-07
42 0.464707 0.264889 0.298626 2.057194 -0.416681 0.298567 0.000000 0.000000 0.000000 -0.000001 1 5.960464478e-08
42 0.466263 0.261517 0.298624 2.057194 -0.416681 0.298567 0.000000 0.000000 0.000000 -0.000001 1 5.867332220e-08
42 0.467757 0.258041 0.298622 2.057194 -0.416681 0.298567 0.000000 0.000000 0.000000 -0.000001 1 5.587935448e-08
42 0.469413 0.255017 0.298620 2.057194 -0.416681 0.298567 0.000000 0.000000 0.000000 -0.000001 1 6.146728992e-08
43 0.435680 0.160344 0.251915 2.063561 -0.529829 0.252048 0.000000 0.000000 0.000000 -0.000002 1 1.685693860e-07
43 0.445356 0.171033 0.251920 2.063561 -0.529829 0.252048 0.000000 0.000000 0.000000 -0.000002 1 6.146728992e-08
43 0.455035 0.181300 0.251925 2.063561 -0.529829 0.252048 0.000000 0.000000 0.000000 -0.000002 1 6.612390280e-08
43 0.464731 0.191163 0.251930 2.063561 -0.529829 0.252048 0.000000 0.000000 0.000000 -0.000002 1 5.774199963e-08
43 0.474470 0.200646 0.251935 2.063561 -0.529829 0.252048 0.000000 0.000000 0.000000 -0.000002 1 6.332993507e-08
43 0.484258 0.209752 0.251939 2.063561 -0.529829 0.252048 0.000000 0.000000 0.000000 -0.000002 1 5.587935448e-08
43 0.493757 0.218188 0.251943 2.063561 -0.529829 0.252048 0.000000 0.000000 0.000000 -0.000002 1 3.911554813e-08
43 0.500142 0.222963 0.251947 2.063561 -0.529829 0.252048 0.000000 0.000000 0.000000 -0.000002 1 4.097819328e-08
43 0.502324 0.221540 0.251951 2.063561 -0.529829 0.252048 0.000000 0.000000 0.000000 -0.000002 1 5.029141903e-08
43 0.503837 0.218820 0.251955 2.063561 -0.529829 0.252048 0.000000 0.000000 0.000000 -0.000002 1 4.656612873e-08
43 0.505423 0.216264 0.251959 2.063561 -0.529829 0.252048 0.000000 0.000000 0.000000 -0.000002 1 6.239861250e-08
43 0.507117 0.213940 0.251962 2.063561 -0.529829 0.252048 0.000000 0.000000 0.000000 -0.000002 1 5.960464478e-08
43 0.508814 0.211626 0.251966 2.063561 -0.529829 0.252048 0.000000 0.000000 0.000000 -0.000002 1 1.518055797e-07
43 0.510413 0.209115 0.251969 2.063561 -0.529829 0.252048 0.000000 0.000000 0.000000 -0.000002 1 5.867332220e-08
43 0.511884 0.206342 0.251972 2.063561 -0.529829 0.252048 0.000000 0.000000 0.000000 -0.000002 1 5.774199963e-08
43 0.513228 0.203302 0.251975 2.063561 -0.529829 0.252048 0.000000 0.000000 0.000000 -0.000002 1 6.053596735e-08
43 0.514478 0.200067 0.251978 2.063561 -0.529829 0.252048 0.000000 0.000000 0.000000 -0.000002 1 5.960464478e-08
43 0.515677 0.196733 0.251981 2.063561 -0.529829 0.252048 0.000000 0.000000 0.000000 -0.000002 1 5.960464478e-08
43 0.516878 0.193421 0.251983 2.063561 -0.529829 0.252048 0.000000 0.000000 0.000000 -0.000002 1 6.146728992e-08
43 0.518165 0.190315 0.251986 2.063561 -0.529829 0.252048 0.000000 0.000000 0.000000 -0.000002 1 5.960464478e-08
44 0.498226 0.133607 0.275359 2.046625 -0.591497 0.275326 0.000000 0.000000 0.000000 -0.000002 1 6.146728992e-08
44 0.512231 0.145713 0.275357 2.046625 -0.591497 0.275326 0.000000 0.000000 0.000000 -0.000002 1 5.681067705e-08
44 0.526190 0.157207 0.275356 2.046625 -0.591497 0.275326 0.000000 0.000000 0.000000 -0.000002 1 5.867332220e-08
44 0.538041 0.166668 0.275355 2.046625 -0.591497 0.275326 0.000000 0.000000 0.000000 -0.000002 1 6.612390280e-08
44 0.541273 0.166540 0.275354 2.046625 -0.591497 0.275326 0.000000 0.000000 0.000000 -0.000002 1 6.891787052e-08
44 0.542487 0.162978 0.275353 2.046625 -0.591497 0.275326 0.000000 0.000000 0.000000 -0.000002 1 6.146728992e-08
44 0.543518 0.159018 0.275352 2.046625 -0.591497 0.275326 0.000000 0.000000 0.000000 -0.000002 1 6.519258022e-08
44 0.544449 0.154839 0.275351 2.046625 -0.591497 0.275326 0.000000 0.000000 0.000000 -0.000002 1 6.426125765e-08
44 0.545373 0.150650 0.275350 2.046625 -0.591497 0.275326 0.000000 0.000000 0.000000 -0.000002 1 6.146728992e-08
44 0.546372 0.146640 0.275349 2.046625 -0.591497 0.275326 0.000000 0.000000 0.000000 -0.000002 1 1.620501280e-07
44 0.547480 0.142881 0.275348 2.046625 -0.591497 0.275326 0.000000 0.000000 0.000000 -0.000002 1 5.774199963e-08
44 0.548714 0.139402 0.275347 2.046625 -0.591497 0.275326 0.000000 0.000000 0.000000 -0.000002 1 6.426125765e-08
44 0.550080 0.136207 0.275346 2.046625 -0.591497 0.275326 0.000000 0.000000 0.000000 -0.000002 1 5.774199963e-08
44 0.551480 0.133074 0.275345 2.046625 -0.591497 0.275326 0.000000 0.000000 0.000000 -0.000002 1 5.587935448e-08
44 0.552807 0.129771 0.275345 2.046625 -0.591497 0.275326 0.000000 0.000000 0.000000 -0.000002 1 6.519258022e-08
44 0.554027 0.126220 0.275344 2.046625 -0.591497 0.275326 0.000000 0.000000 0.000000 -0.000002 1 6.332993507e-08
44 0.555155 0.122449 0.275343 2.046625 -0.591497 0.275326 0.000000 0.000000 0.000000 -0.000002 1 6.332993507e-08
44 0.556169 0.118400 0.275343 2.046625 -0.591497 0.275326 0.000000 0.000000 0.000000 -0.000002 1 6.612390280e-08
44 0.557116 0.114176 0.275342 2.046625 -0.591497 0.275326 0.000000 0.000000 0.000000 -0.000002 1 5.867332220e-08
44 0.558086 0.109999 0.275341 2.046625 -0.591497 0.275326 0.000000 0.000000 0.000000 -0.000002 1 6.146728992e-08
45 0.497367 -0.022421 0.193708 1.973009 -0.723178 0.194015 0.000000 0.000000 0.000000 -0.000002 1 6.053596735e-08
45 0.519303 -0.006449 0.193720 1.973009 -0.723178 0.194015 0.000000 0.000000 0.000000 -0.000002 1 1.499429345e-07
45 0.541131 0.008637 0.193732 1.973009 -0.723178 0.194015 0.000000 0.000000 0.000000 -0.000002 1 1.052394509e-07
45 0.562884 0.022844 0.193743 1.973009 -0.723178 0.194015 0.000000 0.000000 0.000000 -0.000002 1 6.146728992e-08
45 0.584616 0.036175 0.193753 1.973009 -0.723178 0.194015 0.000000 0.000000 0.000000 -0.000002 1 6.984919310e-08
45 0.605784 0.048498 0.193764 1.973009 -0.723178 0.194015 0.000000 0.000000 0.000000 -0.000002 1 7.171183825e-08
45 0.613520 0.051677 0.193774 1.973009 -0.723178 0.194015 0.000000 0.000000 0.000000 -0.000002 1 1.490116119e-07
45 0.614502 0.047285 0.193783 1.973009 -0.723178 0.194015 0.000000 0.000000 0.000000 -0.000002 1 6.332993507e-08
45 0.615572 0.043005 0.193792 1.973009 -0.723178 0.194015 0.000000 0.000000 0.000000 -0.000002 1 6.426125765e-08
45 0.616838 0.039044 0.193801 1.973009 -0.723178 0.194015 0.000000 0.000000 0.000000 -0.000002 1 6.146728992e-08
45 0.618287 0.035366 0.193809 1.973009 -0.723178 0.194015 0.000000 0.000000 0.000000 -0.000002 1 5.681067705e-08
45 0.619838 0.031807 0.193817 1.973009 -0.723178 0.194015 0.000000 0.000000 0.000000 -0.000002 1 5.774199963e-08
45 0.621369 0.028135 0.193825 1.973009 -0.723178 0.194015 0.000000 0.000000 0.000000 -0.000002 1 6.519258022e-08
45 0.622844 0.024278 0.193833 1.973009 -0.723178 0.194015 0.000000 0.000000 0.000000 -0.000002 1 6.332993507e-08
45 0.624282 0.020268 0.193840 1.973009 -0.723178 0.194015 0.000000 0.000000 0.000000 -0.000002 1 6.146728992e-08
45 0.625649 0.016030 0.193847 1.973009 -0.723178 0.194015 0.000000 0.000000 0.000000 -0.000002 1 6.053596735e-08
45 0.626958 0.011585 0.193853 1.973009 -0.723178 0.194015 0.000000 0.000000 0.000000 -0.000002 1 6.239861250e-08
45 0.628260 0.007030 0.193860 1.973009 -0.723178 0.194015 0.000000 0.000000 0.000000 -0.000002 1 5.867332220e-08
45 0.629617 0.002486 0.193866 1.973009 -0.723178 0.194015 0.000000 0.000000 0.000000 -0.000002 1 5.960464478e-08
45 0.631092 -0.001920 0.193872 1.973009 -0.723178 0.194015 0.000000 0.000000 0.000000 -0.000002 1 5.867332220e-08
46 0.552729 -0.101842 0.133279 1.879979 -0.821457 0.133655 0.000000 0.000000 0.000000 -0.000002 1 5.867332220e-08
46 0.581571 -0.088670 0.133294 1.879979 -0.821457 0.133655 0.000000 0.000000 0.000000 -0.000002 1 6.053596735e-08
46 0.610093 -0.076639 0.133308 1.879979 -0.821457 0.133655 0.000000 0.000000 0.000000 -0.000002 1 6.891787052e-08
46 0.638334 -0.065756 0.133321 1.879979 -0.821457 0.133655 0.000000 0.000000 0.000000 -0.000002 1 1.620501280e-07
46 0.665775 -0.055992 0.133335 1.879979 -0.821457 0.133655 0.000000 0.000000 0.000000 -0.000002 1 6.053596735e-08
46 0.674885 -0.054923 0.133347 1.879979 -0.821457 0.133655 0.000000 0.000000 0.000000 -0.000003 1 2.328306437e-08
46 0.676112 -0.061285 0.133359 1.879979 -0.821457 0.133655 0.000000 0.000000 0.000000 -0.000003 1 6.519258022e-08
46 0.677273 -0.068002 0.133371 1.879979 -0.821457 0.133655 0.000000 0.000000 0.000000 -0.000003 1 6.891787052e-08
46 0.678505 -0.074795 0.133382 1.879979 -0.821457 0.133655 0.000000 0.000000 0.000000 -0.000003 1 6.612390280e-08
46 0.679953 -0.081351 0.133393 1.879979 -0.821457 0.133655 0.000000 0.000000 0.000000 -0.000003 1 6.239861250e-08
46 0.681723 -0.087461 0.133403 1.879979 -0.821457 0.133655 0.000000 0.000000 0.000000 -0.000003 1 6.426125765e-08
46 0.683874 -0.093031 0.133413 1.879979 -0.821457 0.133655 0.000000 0.000000 0.000000 -0.000003 1 6.798654795e-08
46 0.686356 -0.098194 0.133422 1.879979 -0.821457 0.133655 0.000000 0.000000 0.000000 -0.000003 1 7.543712854e-08
46 0.688992 -0.103315 0.133432 1.879979 -0.821457 0.133655 0.000000 0.000000 0.000000 -0.000003 1 1.145526767e-07
46 0.691729 -0.108507 0.133440 1.879979 -0.821457 0.133655 0.000000 0.000000 0.000000 -0.000003 1 6.426125765e-08
46 0.694593 -0.113741 0.133449 1.879979 -0.821457 0.133655 0.000000 0.000000 0.000000 -0.000003 1 6.612390280e-08
46 0.697564 -0.119088 0.133457 1.879979 -0.821457 0.133655 0.000000 0.000000 0.000000 -0.000003 1 5.681067705e-08
46 0.700576 -0.124703 0.133465 1.879979 -0.821457 0.133655 0.000000 0.000000 0.000000 -0.000003 1 6.239861250e-08
46 0.703659 -0.130565 0.133472 1.879979 -0.821457 0.133655 0.000000 0.000000 0.000000 -0.000003 1 6.426125765e-08
46 0.706950 -0.136426 0.133479 1.879979 -0.821457 0.133655 0.000000 0.000000 0.000000 -0.000003 1 6.146728992e-08
47 0.597870 -0.223964 0.045175 1.753852 -0.904749 0.045691 0.000000 0.000000 0.000000 -0.000002 1 1.536682248e-07
47 0.633174 -0.217473 0.045195 1.753852 -0.904749 0.045691 0.000000 0.000000 0.000000 -0.000002 1 6.332993507e-08
47 0.667763 -0.212362 0.045214 1.753852 -0.904749 0.045691 0.000000 0.000000 0.000000 -0.000002 1 6.984919310e-08
47 0.701665 -0.208646 0.045233 1.753852 -0.904749 0.045691 0.000000 0.000000 0.000000 -0.000002 1 6.053596735e-08
47 0.734821 -0.206272 0.045251 1.753852 -0.904749 0.045691 0.000000 0.000000 0.000000 -0.000002 1 5.960464478e-08
47 0.759718 -0.201559 0.045268 1.753852 -0.904749 0.045691 0.000000 0.000000 0.000000 -0.000001 1 5.867332220e-08
47 0.763371 -0.199788 0.045285 1.753852 -0.904749 0.045691 0.000000 0.000000 0.000000 -0.000001 1 6.053596735e-08
47 0.762676 -0.200935 0.045301 1.753852 -0.904749 0.045691 0.000000 0.000000 0.000000 -0.000001 1 7.543712854e-08
47 0.761471 -0.201848 0.045316 1.753852 -0.904749 0.045691 0.000000 0.000000 0.000000 -0.000001 1 6.426125765e-08
47 0.760017 -0.202592 0.045331 1.753852 -0.904749 0.045691 0.000000 0.000000 0.000000 -0.000001 1 6.426125765e-08
47 0.758390 -0.203297 0.045345 1.753852 -0.904749 0.045691 0.000000 0.000000 0.000000 -0.000001 1 6.146728992e-08
47 0.756573 -0.204117 0.045359 1.753852 -0.904749 0.045691 0.000000 0.000000 0.000000 -0.000001 1 6.332993507e-08
47 0.754587 -0.205093 0.045372 1.753852 -0.904749 0.045691 0.000000 0.000000 0.000000 -0.000001 1 6.519258022e-08
47 0.752647 -0.205908 0.045384 1.753852 -0.904749 0.045691 0.000000 0.000000 0.000000 -0.000001 1 5.774199963e-08
47 0.750813 -0.206476 0.045396 1.753852 -0.904749 0.045691 0.000000 0.000000 0.000000 -0.000001 1 6.798654795e-08
47 0.749010 -0.206925 0.045408 1.753852 -0.904749 0.045691 0.000000 0.000000 0.000000 -0.000001 1 5.401670933e-08
47 0.747137 -0.207418 0.045419 1.753852 -0.904749 0.045691 0.000000 0.000000 0.000000 -0.000001 1 5.681067705e-08
47 0.745155 -0.208025 0.045430 1.753852 -0.904749 0.045691 0.000000 0.000000 0.000000 -0.000001 1 1.508742571e-07
47 0.743036 -0.208801 0.045440 1.753852 -0.904749 0.045691 0.000000 0.000000 0.000000 -0.000001 1 6.146728992e-08
47 0.740748 -0.209817 0.045450 1.753852 -0.904749 0.045691 0.000000 0.000000 0.000000 -0.000001 1 6.053596735e-08
48 0.649443 -0.209879 0.058020 1.648951 -0.900430 0.058202 0.000000 0.000000 0.000000 -0.000001 1 5.681067705e-08
48 0.686659 -0.213537 0.058028 1.648951 -0.900430 0.058202 0.000000 0.000000 0.000000 -0.000001 1 5.960464478e-08
48 0.710697 -0.209452 0.058036 1.648951 -0.900430 0.058202 0.000000 0.000000 0.000000 -0.000001 1 6.053596735e-08
48 0.713982 -0.207096 0.058043 1.648951 -0.900430 0.058202 0.000000 0.000000 0.000000 -0.000001 1 6.332993507e-08
48 0.712262 -0.209226 0.058049 1.648951 -0.900430 0.058202 0.000000 0.000000 0.000000 -0.000001 1 6.519258022e-08
48 0.710033 -0.211542 0.058055 1.648951 -0.900430 0.058202 0.000000 0.000000 0.000000 -0.000000 1 5.960464478e-08
48 0.707617 -0.213719 0.058062 1.648951 -0.900430 0.058202 0.000000 0.000000 0.000000 -0.000000 1 5.681067705e-08
48 0.704974 -0.215977 0.058067 1.648951 -0.900430 0.058202 0.000000 0.000000 0.000000 -0.000000 1 6.053596735e-08
48 0.702107 -0.218424 0.058073 1.648951 -0.900430 0.058202 0.000000 0.000000 0.000000 -0.000000 1 6.239861250e-08
48 0.699150 -0.220903 0.058079 1.648951 -0.900430 0.058202 0.000000 0.000000 0.000000 -0.000000 1 5.867332220e-08
48 0.696285 -0.223133 0.058084 1.648951 -0.900430 0.058202 0.000000 0.000000 0.000000 -0.000000 1 5.960464478e-08
48 0.693652 -0.224906 0.058089 1.648951 -0.900430 0.058202 0.000000 0.000000 0.000000 -0.000000 1 6.053596735e-08
48 0.691245 -0.226263 0.058094 1.648951 -0.900430 0.058202 0.000000 0.000000 0.000000 -0.000000 1 6.239861250e-08
48 0.688958 -0.227398 0.058099 1.648951 -0.900430 0.058202 0.000000 0.000000 0.000000 -0.000000 1 6.053596735e-08
48 0.686759 -0.228370 0.058104 1.648951 -0.900430 0.058202 0.000000 0.000000 0.000000 -0.000000 1 1.648440957e-07
48 0.684589 -0.229281 0.058108 1.648951 -0.900430 0.058202 0.000000 0.000000 0.000000 -0.000000 1 5.867332220e-08
48 0.682418 -0.230182 0.058113 1.648951 -0.900430 0.058202 0.000000 0.000000 0.000000 -0.000000 1 5.122274160e-08
48 0.680243 -0.231081 0.058117 1.648951 -0.900430 0.058202 0.000000 0.000000 0.000000 -0.000000 1 4.377216101e-08
48 0.678080 -0.231957 0.058122 1.648951 -0.900430 0.058202 0.000000 0.000000 0.000000 -0.000000 1 3.818422556e-08
48 0.676103 -0.232535 0.058126 1.648951 -0.900430 0.058202 0.000000 0.000000 0.000000 -0.000000 1 3.911554813e-08
49 0.524014 -0.245500 0.014762 1.482255 -0.906576 0.014916 0.000000 0.000000 0.000000 -0.000000 1 6.239861250e-08
49 0.564150 -0.259586 0.015056 1.482255 -0.906576 0.014916 0.000000 0.000000 0.000000 -0.000000 1 2.421438694e-08
49 0.596528 -0.263340 0.015433 1.482255 -0.906576 0.014916 0.000000 0.000000 0.000000 -0.000000 1 2.887099981e-08
49 0.610087 -0.254773 0.015698 1.482255 -0.906576 0.014916 0.000000 0.000000 0.000000 -0.000000 1 6.053596735e-08
49 0.620006 -0.246684 0.015889 1.482255 -0.906576 0.014916 0.000000 0.000000 0.000000 -0.000000 1 8.102506399e-08
49 0.628678 -0.239053 0.016055 1.482255 -0.906576 0.014916 0.000000 0.000000 0.000000 -0.000000 1 5.774199963e-08
49 0.636519 -0.231845 0.016191 1.482255 -0.906576 0.014916 0.000000 0.000000 0.000000 -0.000000 1 6.239861250e-08
49 0.643427 -0.225151 0.016297 1.482255 -0.906576 0.014916 0.000000 0.000000 0.000000 -0.000000 1 6.332993507e-08
49 0.648681 -0.219382 0.016382 1.482255 -0.906576 0.014916 0.000000 0.000000 0.000000 -0.000000 1 6.519258022e-08
49 0.651473 -0.215225 0.016455 1.482255 -0.906576 0.014916 0.000000 0.000000 0.000000 -0.000000 1 6.239861250e-08
49 0.652370 -0.212600 0.016522 1.482255 -0.906576 0.014916 0.000000 0.000000 0.000000 -0.000000 1 5.774199963e-08
49 0.652356 -0.210835 0.016589 1.482255 -0.906576 0.014916 0.000000 0.000000 0.000000 -0.000000 1 1.518055797e-07
49 0.651878 -0.209541 0.016664 1.482255 -0.906576 0.014916 0.000000 0.000000 0.000000 -0.000000 1 5.774199963e-08
49 0.651203 -0.208448 0.016749 1.482255 -0.906576 0.014916 0.000000 0.000000 0.000000 -0.000000 1 1.471489668e-07
49 0.650623 -0.207246 0.016842 1.482255 -0.906576 0.014916 0.000000 0.000000 0.000000 -0.000000 1 5.867332220e-08
49 0.650213 -0.205864 0.016935 1.482255 -0.906576 0.014916 0.000000 0.000000 0.000000 -0.000000 1 6.053596735e-08
49 0.649797 -0.204486 0.017032 1.482255 -0.906576 0.014916 0.000000 0.000000 0.000000 -0.000000 1 5.867332220e-08
49 0.649199 -0.203292 0.017138 1.482255 -0.906576 0.014916 0.000000 0.000000 0.000000 -0.000000 1 5.774199963e-08
49 0.648292 -0.202417 0.017263 1.482255 -0.906576 0.014916 0.000000 0.000000 0.000000 -0.000000 1 6.612390280e-08
49 0.646981 -0.201965 0.017422 1.482255 -0.906576 0.014916 0.000000 0.000000 0.000000 -0.000000 1 6.239861250e-08
50 0.610562 -0.069623 0.142396 1.435035 -0.762254 0.139110 0.000000 0.000000 0.000000 -0.000000 1 6.146728992e-08
50 0.637299 -0.102575 0.143342 1.435035 -0.762254 0.139110 0.000000 0.000000 0.000000 -0.000000 1 5.960464478e-08
50 0.648301 -0.135855 0.145174 1.435035 -0.762254 0.139110 0.000000 0.000000 0.000000 -0.000000 1 5.960464478e-08
50 0.646907 -0.162164 0.145922 1.435035 -0.762254 0.139110 0.000000 0.000000 0.000000 -0.000000 1 6.053596735e-08
50 0.644191 -0.185230 0.146192 1.435035 -0.762254 0.139110 0.000000 0.000000 0.000000 -0.000000 1 5.774199963e-08
50 0.639494 -0.200668 0.146322 1.435035 -0.762254 0.139110 0.000000 0.000000 0.000000 -0.000000 1 6.053596735e-08
50 0.635815 -0.204571 0.146474 1.435035 -0.762254 0.139110 0.000000 0.000000 0.000000 -0.000000 1 6.053596735e-08
50 0.633086 -0.206227 0.146728 1.435035 -0.762254 0.139110 0.000000 0.000000 0.000000 -0.000000 1 7.636845112e-08
50 0.630256 -0.207832 0.147149 1.435035 -0.762254 0.139110 0.000000 0.000000 0.000000 -0.000000 1 1.657754183e-07
50 0.627177 -0.209578 0.147800 1.435035 -0.762254 0.139110 0.000000 0.000000 0.000000 -0.000000 1 5.960464478e-08
50 0.623867 -0.211357 0.148747 1.435035 -0.762254 0.139110 0.000000 0.000000 0.000000 -0.000000 1 5.774199963e-08
50 0.620342 -0.213084 0.150053 1.435035 -0.762254 0.139110 0.000000 0.000000 0.000000 -0.000000 1 5.774199963e-08
50 0.616542 -0.214840 0.151762 1.435035 -0.762254 0.139110 0.000000 0.000000 0.000000 -0.000001 1 5.867332220e-08
50 0.612371 -0.216844 0.153884 1.435035 -0.762254 0.139110 0.000000 0.000000 0.000000 -0.000001 1 5.587935448e-08
50 0.607906 -0.219075 0.156333 1.435035 -0.762254 0.139110 0.000000 0.000000 0.000000 -0.000001 1 1.657754183e-07
50 0.603260 -0.221457 0.158977 1.435035 -0.762254 0.139110 0.000000 0.000000 0.000000 -0.000001 1 5.960464478e-08
50 0.598547 -0.223882 0.161690 1.435035 -0.762254 0.139110 0.000000 0.000000 0.000000 -0.000001 1 5.774199963e-08
50 0.593831 -0.226291 0.164394 1.435035 -0.762254 0.139110 0.000000 0.000000 0.000000 -0.000001 1 7.357448339e-08
50 0.589138 -0.228674 0.167051 1.435035 -0.762254 0.139110 0.000000 0.000000 0.000000 -0.000001 1 5.774199963e-08
50 0.584555 -0.230869 0.169614 1.435035 -0.762254 0.139110 0.000000 0.000000 0.000000 -0.000001 1 5.867332220e-08
51 0.455288 -0.186565 0.158398 1.299608 -0.705387 0.126162 0.000000 0.000000 0.000000 -0.000000 1 6.053596735e-08
51 0.473162 -0.218023 0.160183 1.299608 -0.705387 0.126162 0.000000 0.000000 0.000000 -0.000000 1 6.053596735e-08
51 0.487918 -0.248751 0.162500 1.299608 -0.705387 0.126162 0.000000 0.000000 0.000000 -0.000000 1 6.612390280e-08
51 0.490501 -0.270642 0.165950 1.299608 -0.705387 0.126162 0.000000 0.000000 0.000000 -0.000000 1 1.769512892e-07
51 0.485816 -0.273162 0.168502 1.299608 -0.705387 0.126162 0.000000 0.000000 0.000000 -0.000000 1 6.146728992e-08
51 0.481813 -0.274031 0.170703 1.299608 -0.705387 0.126162 0.000000 0.000000 0.000000 -0.000000 1 1.592561603e-07
51 0.478144 -0.274276 0.172704 1.299608 -0.705387 0.126162 0.000000 0.000000 0.000000 -0.000000 1 5.960464478e-08
51 0.474641 -0.274260 0.174570 1.299608 -0.705387 0.126162 0.000000 0.000000 0.000000 -0.000000 1 5.960464478e-08
51 0.471177 -0.274230 0.176352 1.299608 -0.705387 0.126162 0.000000 0.000000 0.000000 -0.000000 1 6.146728992e-08
51 0.467673 -0.274327 0.178088 1.299608 -0.705387 0.126162 0.000000 0.000000 0.000000 -0.000000 1 1.220032573e-07
51 0.464091 -0.274621 0.179801 1.299608 -0.705387 0.126162 0.000000 0.000000 0.000000 -0.000000 1 5.867332220e-08
51 0.460411 -0.275147 0.181511 1.299608 -0.705387 0.126162 0.000000 0.000000 0.000000 -0.000000 1 6.053596735e-08
51 0.456652 -0.275864 0.183218 1.299608 -0.705387 0.126162 0.000000 0.000000 0.000000 -0.000000 1 6.146728992e-08
51 0.452906 -0.276572 0.184894 1.299608 -0.705387 0.126162 0.000000 0.000000 0.000000 -0.000000 1 6.053596735e-08
51 0.449309 -0.276993 0.186487 1.299608 -0.705387 0.126162 0.000000 0.000000 0.000000 -0.000000 1 5.960464478e-08
51 0.445856 -0.277149 0.187993 1.299608 -0.705387 0.126162 0.000000 0.000000 0.000000 -0.000000 1 5.867332220e-08
51 0.442413 -0.277325 0.189463 1.299608 -0.705387 0.126162 0.000000 0.000000 0.000000 -0.000000 1 3.632158041e-08
51 0.438915 -0.277655 0.190926 1.299608 -0.705387 0.126162 0.000000 0.000000 0.000000 -0.000000 1 5.215406418e-08
51 0.435329 -0.278211 0.192403 1.299608 -0.705387 0.126162 0.000000 0.000000 0.000000 -0.000000 1 5.960464478e-08
51 0.431643 -0.279027 0.193914 1.299608 -0.705387 0.126162 0.000000 0.000000 0.000000 -0.000000 1 6.239861250e-08
52 0.384868 -0.141173 0.290923 1.246248 -0.557148 0.222254 0.000000 0.000000 0.000000 -0.000000 1 6.332993507e-08
52 0.401929 -0.169582 0.290793 1.246248 -0.557148 0.222254 0.000000 0.000000 0.000000 -0.000000 1 6.053596735e-08
52 0.416706 -0.197162 0.291068 1.246248 -0.557148 0.222254 0.000000 0.000000 0.000000 -0.000000 1 1.518055797e-07
52 0.429174 -0.223813 0.291765 1.246248 -0.557148 0.222254 0.000000 0.000000 0.000000 -0.000000 1 5.867332220e-08
52 0.438976 -0.249316 0.292943 1.246248 -0.557148 0.222254 0.000000 0.000000 0.000000 -0.000000 1 6.239861250e-08
52 0.440810 -0.268526 0.294898 1.246248 -0.557148 0.222254 0.000000 0.000000 0.000000 -0.000000 1 5.867332220e-08
52 0.436515 -0.272908 0.296447 1.246248 -0.557148 0.222254 0.000000 0.000000 0.000000 -0.000000 1 5.774199963e-08
52 0.432455 -0.275521 0.297813 1.246248 -0.557148 0.222254 0.000000 0.000000 0.000000 -0.000000 1 6.053596735e-08
52 0.428474 -0.277853 0.299147 1.246248 -0.557148 0.222254 0.000000 0.000000 0.000000 -0.000000 1 5.960464478e-08
52 0.424556 -0.279988 0.300458 1.246248 -0.557148 0.222254 0.000000 0.000000 0.000000 -0.000000 1 5.774199963e-08
52 0.420691 -0.281975 0.301756 1.246248 -0.557148 0.222254 0.000000 0.000000 0.000000 -0.000000 1 5.867332220e-08
52 0.416875 -0.283813 0.303046 1.246248 -0.557148 0.222254 0.000000 0.000000 0.000000 -0.000000 1 5.867332220e-08
52 0.413108 -0.285502 0.304330 1.246248 -0.557148 0.222254 0.000000 0.000000 0.000000 -0.000000 1 5.867332220e-08
52 0.409391 -0.287033 0.305609 1.246248 -0.557148 0.222254 0.000000 0.000000 0.000000 -0.000000 1 5.774199963e-08
52 0.405728 -0.288399 0.306882 1.246248 -0.557148 0.222254 0.000000 0.000000 0.000000 -0.000000 1 6.146728992e-08
52 0.402118 -0.289623 0.308146 1.246248 -0.557148 0.222254 0.000000 0.000000 0.000000 -0.000000 1 5.960464478e-08
52 0.398564 -0.290705 0.309397 1.246248 -0.557148 0.222254 0.000000 0.000000 0.000000 -0.000000 1 5.681067705e-08
52 0.395075 -0.291631 0.310630 1.246248 -0.557148 0.222254 0.000000 0.000000 0.000000 -0.000000 1 6.798654795e-08
52 0.391658 -0.292394 0.311839 1.246248 -0.557148 0.222254 0.000000 0.000000 0.000000 -0.000000 1 6.053596735e-08
52 0.388302 -0.293025 0.313025 1.246248 -0.557148 0.222254 0.000000 0.000000 0.000000 -0.000000 1 1.648440957e-07
53 0.270058 -0.257019 0.203581 1.126817 -0.521512 0.112510 0.000000 0.000000 0.000000 0.000000 1 5.960464478e-08
53 0.269256 -0.254594 0.205023 1.126817 -0.521512 0.112510 0.000000 0.000000 0.000000 0.000000 1 1.396983862e-07
53 0.267800 -0.253873 0.206401 1.126817 -0.521512 0.112510 0.000000 0.000000 0.000000 0.000000 1 5.401670933e-08
53 0.266220 -0.253598 0.207675 1.126817 -0.521512 0.112510 0.000000 0.000000 0.000000 0.000000 1 5.960464478e-08
53 0.264635 -0.253391 0.208849 1.126817 -0.521512 0.112510 0.000000 0.000000 0.000000 0.000000 1 6.239861250e-08
53 0.263080 -0.253148 0.209933 1.126817 -0.521512 0.112510 0.000000 0.000000 0.000000 0.000000 1 6.053596735e-08
53 0.261550 -0.252875 0.210938 1.126817 -0.521512 0.112510 0.000000 0.000000 0.000000 0.000000 1 6.053596735e-08
53 0.260029 -0.252629 0.211870 1.126817 -0.521512 0.112510 0.000000 0.000000 0.000000 0.000000 1 6.053596735e-08
53 0.258538 -0.252334 0.212737 1.126817 -0.521512 0.112510 0.000000 0.000000 0.000000 0.000000 1 9.313225746e-08
53 0.257115 -0.251870 0.213550 1.126817 -0.521512 0.112510 0.000000 0.000000 0.000000 0.000000 1 5.029141903e-08
53 0.255757 -0.251255 0.214318 1.126817 -0.521512 0.112510 0.000000 0.000000 0.000000 0.000000 1 5.867332220e-08
53 0.254441 -0.250566 0.215046 1.126817 -0.521512 0.112510 0.000000 0.000000 0.000000 0.000000 1 5.867332220e-08
53 0.253137 -0.249892 0.215736 1.126817 -0.521512 0.112510 0.000000 0.000000 0.000000 0.000000 1 6.053596735e-08
53 0.251838 -0.249258 0.216389 1.126817 -0.521512 0.112510 0.000000 0.000000 0.000000 0.000000 1 5.587935448e-08
53 0.250554 -0.248636 0.217001 1.126817 -0.521512 0.112510 0.000000 0.000000 0.000000 0.000000 1 5.587935448e-08
53 0.249299 -0.247986 0.217572 1.126817 -0.521512 0.112510 0.000000 0.000000 0.000000 0.000000 1 6.332993507e-08
53 0.248073 -0.247313 0.218103 1.126817 -0.521512 0.112510 0.000000 0.000000 0.000000 0.000000 1 1.443549991e-07
53 0.246850 -0.246699 0.218590 1.126817 -0.521512 0.112510 0.000000 0.000000 0.000000 0.000000 1 6.239861250e-08
53 0.245615 -0.246193 0.219029 1.126817 -0.521512 0.112510 0.000000 0.000000 0.000000 0.000000 1 8.009374142e-08
53 0.244367 -0.245801 0.219414 1.126817 -0.521512 0.112510 0.000000 0.000000 0.000000 0.000000 1 4.749745131e-08
54 0.273445 -0.065111 0.303210 1.149697 -0.333775 0.197018 0.000000 0.000000 0.000000 -0.000000 1 5.960464478e-08
54 0.283670 -0.087326 0.300685 1.149697 -0.333775 0.197018 0.000000 0.000000 0.000000 -0.000000 1 6.053596735e-08
54 0.292657 -0.108441 0.298493 1.149697 -0.333775 0.197018 0.000000 0.000000 0.000000 -0.000000 1 5.867332220e-08
54 0.300509 -0.128472 0.296615 1.149697 -0.333775 0.197018 0.000000 0.000000 0.000000 -0.000000 1 6.146728992e-08
54 0.307296 -0.147425 0.295030 1.149697 -0.333775 0.197018 0.000000 0.000000 0.000000 -0.000000 1 7.264316082e-08
54 0.313059 -0.165283 0.293714 1.149697 -0.333775 0.197018 0.000000 0.000000 0.000000 -0.000000 1 7.357448339e-08
54 0.317837 -0.182021 0.292647 1.149697 -0.333775 0.197018 0.000000 0.000000 0.000000 -0.000000 1 5.960464478e-08
54 0.321682 -0.197619 0.291807 1.149697 -0.333775 0.197018 0.000000 0.000000 0.000000 -0.000000 1 5.960464478e-08
54 0.324654 -0.212061 0.291174 1.149697 -0.333775 0.197018 0.000000 0.000000 0.000000 -0.000000 1 6.519258022e-08
54 0.326819 -0.225335 0.290729 1.149697 -0.333775 0.197018 0.000000 0.000000 0.000000 -0.000000 1 6.705522537e-08
54 0.328235 -0.237422 0.290457 1.149697 -0.333775 0.197018 0.000000 0.000000 0.000000 -0.000000 1 2.514570951e-08
54 0.328955 -0.248283 0.290340 1.149697 -0.333775 0.197018 0.000000 0.000000 0.000000 -0.000000 1 2.142041922e-08
54 0.329027 -0.257855 0.290361 1.149697 -0.333775 0.197018 0.000000 0.000000 0.000000 -0.000000 1 2.514570951e-08
54 0.328494 -0.266026 0.290498 1.149697 -0.333775 0.197018 0.000000 0.000000 0.000000 -0.000000 1 2.002343535e-07
54 0.327406 -0.272605 0.290720 1.149697 -0.333775 0.197018 0.000000 0.000000 0.000000 -0.000000 1 5.308538675e-08
54 0.325867 -0.277396 0.290981 1.149697 -0.333775 0.197018 0.000000 0.000000 0.000000 -0.000000 1 6.146728992e-08
54 0.324061 -0.280435 0.291233 1.149697 -0.333775 0.197018 0.000000 0.000000 0.000000 -0.000000 1 5.774199963e-08
54 0.322175 -0.282107 0.291447 1.149697 -0.333775 0.197018 0.000000 0.000000 0.000000 -0.000000 1 6.426125765e-08
54 0.320305 -0.282899 0.291620 1.149697 -0.333775 0.197018 0.000000 0.000000 0.000000 -0.000000 1 6.239861250e-08
54 0.318480 -0.283187 0.291758 1.149697 -0.333775 0.197018 0.000000 0.000000 0.000000 -0.000000 1 5.774199963e-08
55 0.288435 -0.232653 0.156660 1.117527 -0.281383 0.062921 0.000000 0.000000 0.000000 -0.000000 1 6.519258022e-08
55 0.288287 -0.238316 0.156196 1.117527 -0.281383 0.062921 0.000000 0.000000 0.000000 -0.000000 1 5.681067705e-08
55 0.287956 -0.243251 0.155802 1.117527 -0.281383 0.062921 0.000000 0.000000 0.000000 -0.000000 1 5.587935448e-08
55 0.287474 -0.247505 0.155467 1.117527 -0.281383 0.062921 0.000000 0.000000 0.000000 -0.000000 1 6.426125765e-08
55 0.286874 -0.251129 0.155181 1.117527 -0.281383 0.062921 0.000000 0.000000 0.000000 -0.000000 1 5.867332220e-08
55 0.286182 -0.254176 0.154937 1.117527 -0.281383 0.062921 0.000000 0.000000 0.000000 -0.000000 1 6.053596735e-08
55 0.285422 -0.256699 0.154728 1.117527 -0.281383 0.062921 0.000000 0.000000 0.000000 -0.000000 1 6.053596735e-08
55 0.284612 -0.258753 0.154547 1.117527 -0.281383 0.062921 0.000000 0.000000 0.000000 -0.000000 1 6.146728992e-08
55 0.283766 -0.260387 0.154390 1.117527 -0.281383 0.062921 0.000000 0.000000 0.000000 -0.000000 1 6.053596735e-08
55 0.282898 -0.261647 0.154252 1.117527 -0.281383 0.062921 0.000000 0.000000 0.000000 -0.000000 1 5.681067705e-08
55 0.282016 -0.262574 0.154131 1.117527 -0.281383 0.062921 0.000000 0.000000 0.000000 -0.000000 1 1.480802894e-07
55 0.281129 -0.263205 0.154021 1.117527 -0.281383 0.062921 0.000000 0.000000 0.000000 -0.000000 1 6.146728992e-08
55 0.280244 -0.263578 0.153919 1.117527 -0.281383 0.062921 0.000000 0.000000 0.000000 -0.000000 1 6.053596735e-08
55 0.279367 -0.263729 0.153818 1.117527 -0.281383 0.062921 0.000000 0.000000 0.000000 -0.000000 1 5.774199963e-08
55 0.278503 -0.263687 0.153716 1.117527 -0.281383 0.062921 0.000000 0.000000 0.000000 -0.000000 1 5.587935448e-08
55 0.277654 -0.263476 0.153611 1.117527 -0.281383 0.062921 0.000000 0.000000 0.000000 -0.000000 1 6.239861250e-08
55 0.276825 -0.263117 0.153500 1.117527 -0.281383 0.062921 0.000000 0.000000 0.000000 -0.000000 1 6.146728992e-08
55 0.276018 -0.262643 0.153379 1.117527 -0.281383 0.062921 0.000000 0.000000 0.000000 -0.000000 1 6.239861250e-08
55 0.275236 -0.262087 0.153246 1.117527 -0.281383 0.062921 0.000000 0.000000 0.000000 -0.000000 1 6.332993507e-08
55 0.274481 -0.261476 0.153097 1.117527 -0.281383 0.062921 0.000000 0.000000 0.000000 -0.000000 1 5.960464478e-08
56 0.289125 -0.084195 0.222719 1.176466 -0.104768 0.128631 0.000000 0.000000 0.000000 -0.000000 1 1.015141606e-07
56 0.290807 -0.091724 0.220564 1.176466 -0.104768 0.128631 0.000000 0.000000 0.000000 -0.000000 1 5.681067705e-08
56 0.292287 -0.098680 0.218561 1.176466 -0.104768 0.128631 0.000000 0.000000 0.000000 -0.000000 1 5.960464478e-08
56 0.293591 -0.105108 0.216700 1.176466 -0.104768 0.128631 0.000000 0.000000 0.000000 -0.000000 1 6.426125765e-08
56 0.294733 -0.111022 0.214967 1.176466 -0.104768 0.128631 0.000000 0.000000 0.000000 -0.000000 1 5.960464478e-08
56 0.295719 -0.116409 0.213348 1.176466 -0.104768 0.128631 0.000000 0.000000 0.000000 -0.000000 1 5.774199963e-08
56 0.296558 -0.121260 0.211828 1.176466 -0.104768 0.128631 0.000000 0.000000 0.000000 -0.000000 1 6.146728992e-08
56 0.297266 -0.125583 0.210393 1.176466 -0.104768 0.128631 0.000000 0.000000 0.000000 -0.000000 1 1.527369022e-07
56 0.297862 -0.129403 0.209035 1.176466 -0.104768 0.128631 0.000000 0.000000 0.000000 -0.000000 1 5.867332220e-08
56 0.298366 -0.132756 0.207745 1.176466 -0.104768 0.128631 0.000000 0.000000 0.000000 -0.000000 1 5.587935448e-08
56 0.298795 -0.135683 0.206516 1.176466 -0.104768 0.128631 0.000000 0.000000 0.000000 -0.000000 1 6.053596735e-08
56 0.299164 -0.138226 0.205344 1.176466 -0.104768 0.128631 0.000000 0.000000 0.000000 -0.000000 1 5.774199963e-08
56 0.299486 -0.140420 0.204222 1.176466 -0.104768 0.128631 0.000000 0.000000 0.000000 -0.000000 1 6.053596735e-08
56 0.299770 -0.142298 0.203148 1.176466 -0.104768 0.128631 0.000000 0.000000 0.000000 -0.000000 1 6.798654795e-08
56 0.300026 -0.143883 0.202114 1.176466 -0.104768 0.128631 0.000000 0.000000 0.000000 -0.000000 1 6.239861250e-08
56 0.300260 -0.145189 0.201117 1.176466 -0.104768 0.128631 0.000000 0.000000 0.000000 -0.000000 1 5.960464478e-08
56 0.300479 -0.146230 0.200152 1.176466 -0.104768 0.128631 0.000000 0.000000 0.000000 -0.000000 1 6.053596735e-08
56 0.300690 -0.147019 0.199213 1.176466 -0.104768 0.128631 0.000000 0.000000 0.000000 -0.000000 1 6.053596735e-08
56 0.300899 -0.147579 0.198298 1.176466 -0.104768 0.128631 0.000000 0.000000 0.000000 -0.000000 1 5.960464478e-08
56 0.301111 -0.147941 0.197406 1.176466 -0.104768 0.128631 0.000000 0.000000 0.000000 -0.000000 1 6.146728992e-08
57 0.292752 -0.073669 0.109945 1.188052 -0.029367 0.041548 0.000000 0.000000 0.000000 -0.000000 1 5.681067705e-08
57 0.293434 -0.074085 0.108292 1.188052 -0.029367 0.041548 0.000000 0.000000 0.000000 -0.000000 1 5.867332220e-08
57 0.294116 -0.074329 0.106693 1.188052 -0.029367 0.041548 0.000000 0.000000 0.000000 -0.000000 1 6.053596735e-08
57 0.294799 -0.074419 0.105145 1.188052 -0.029367 0.041548 0.000000 0.000000 0.000000 -0.000000 1 5.681067705e-08
57 0.295486 -0.074381 0.103646 1.188052 -0.029367 0.041548 0.000000 0.000000 0.000000 -0.000000 1 1.443549991e-07
57 0.296179 -0.074250 0.102195 1.188052 -0.029367 0.041548 0.000000 0.000000 0.000000 -0.000000 1 6.053596735e-08
57 0.296879 -0.074046 0.100792 1.188052 -0.029367 0.041548 0.000000 0.000000 0.000000 -0.000000 1 1.881271601e-07
57 0.297586 -0.073777 0.099434 1.188052 -0.029367 0.041548 0.000000 0.000000 0.000000 -0.000000 1 4.563480616e-08
57 0.298301 -0.073447 0.098118 1.188052 -0.029367 0.041548 0.000000 0.000000 0.000000 -0.000000 1 5.494803190e-08
57 0.299025 -0.073066 0.096844 1.188052 -0.029367 0.041548 0.000000 0.000000 0.000000 -0.000000 1 5.867332220e-08
57 0.299758 -0.072643 0.095609 1.188052 -0.029367 0.041548 0.000000 0.000000 0.000000 -0.000000 1 6.053596735e-08
57 0.300498 -0.072184 0.094411 1.188052 -0.029367 0.041548 0.000000 0.000000 0.000000 -0.000000 1 6.239861250e-08
57 0.301246 -0.071680 0.093249 1.188052 -0.029367 0.041548 0.000000 0.000000 0.000000 -0.000000 1 6.053596735e-08
57 0.302002 -0.071122 0.092118 1.188052 -0.029367 0.041548 0.000000 0.000000 0.000000 -0.000000 1 6.332993507e-08
57 0.302767 -0.070502 0.091015 1.188052 -0.029367 0.041548 0.000000 0.000000 0.000000 -0.000000 1 5.960464478e-08
57 0.303542 -0.069813 0.089937 1.188052 -0.029367 0.041548 0.000000 0.000000 0.000000 -0.000000 1 5.774199963e-08
57 0.304328 -0.069052 0.088883 1.188052 -0.029367 0.041548 0.000000 0.000000 0.000000 -0.000000 1 6.146728992e-08
57 0.305126 -0.068220 0.087848 1.188052 -0.029367 0.041548 0.000000 0.000000 0.000000 -0.000000 1 6.519258022e-08
57 0.305938 -0.067320 0.086833 1.188052 -0.029367 0.041548 0.000000 0.000000 0.000000 -0.000000 1 6.053596735e-08
57 0.306764 -0.066357 0.085835 1.188052 -0.029367 0.041548 0.000000 0.000000 0.000000 -0.000000 1 5.960464478e-08
58 0.306468 0.046981 0.093492 1.223689 0.083562 0.049702 0.000000 0.000000 0.000000 -0.000000 1 5.960464478e-08
58 0.307539 0.046132 0.091322 1.223689 0.083562 0.049702 0.000000 0.000000 0.000000 -0.000000 1 1.518055797e-07
58 0.308602 0.045441 0.089236 1.223689 0.083562 0.049702 0.000000 0.000000 0.000000 -0.000000 1 5.867332220e-08
58 0.309658 0.044899 0.087231 1.223689 0.083562 0.049702 0.000000 0.000000 0.000000 -0.000000 1 1.415610313e-07
58 0.310709 0.044509 0.085299 1.223689 0.083562 0.049702 0.000000 0.000000 0.000000 -0.000000 1 8.102506399e-08
58 0.311756 0.044273 0.083435 1.223689 0.083562 0.049702 0.000000 0.000000 0.000000 -0.000000 1 7.357448339e-08
58 0.312801 0.044191 0.081633 1.223689 0.083562 0.049702 0.000000 0.000000 0.000000 -0.000000 1 6.146728992e-08
58 0.313848 0.044257 0.079889 1.223689 0.083562 0.049702 0.000000 0.000000 0.000000 -0.000000 1 6.984919310e-08
58 0.314897 0.044460 0.078199 1.223689 0.083562 0.049702 0.000000 0.000000 0.000000 -0.000000 1 6.239861250e-08
58 0.315949 0.044784 0.076561 1.223689 0.083562 0.049702 0.000000 0.000000 0.000000 -0.000000 1 6.798654795e-08
58 0.317006 0.045205 0.074972 1.223689 0.083562 0.049702 0.000000 0.000000 0.000000 -0.000000 1 6.426125765e-08
58 0.318067 0.045702 0.073433 1.223689 0.083562 0.049702 0.000000 0.000000 0.000000 -0.000000 1 5.681067705e-08
58 0.319131 0.046253 0.071942 1.223689 0.083562 0.049702 0.000000 0.000000 0.000000 -0.000000 1 6.519258022e-08
58 0.320198 0.046843 0.070498 1.223689 0.083562 0.049702 0.000000 0.000000 0.000000 -0.000000 1 6.426125765e-08
58 0.321270 0.047469 0.069099 1.223689 0.083562 0.049702 0.000000 0.000000 0.000000 -0.000000 1 6.053596735e-08
58 0.322346 0.048133 0.067743 1.223689 0.083562 0.049702 0.000000 0.000000 0.000000 -0.000000 1 5.867332220e-08
58 0.323427 0.048841 0.066425 1.223689 0.083562 0.049702 0.000000 0.000000 0.000000 -0.000000 1 6.146728992e-08
58 0.324514 0.049603 0.065144 1.223689 0.083562 0.049702 0.000000 0.000000 0.000000 -0.000000 1 6.798654795e-08
58 0.325608 0.050425 0.063894 1.223689 0.083562 0.049702 0.000000 0.000000 0.000000 -0.000000 1 7.823109627e-08
58 0.326710 0.051302 0.062676 1.223689 0.083562 0.049702 0.000000 0.000000 0.000000 -0.000000 1 6.426125765e-08
59 0.327717 0.116818 0.030054 1.246327 0.148379 0.019055 0.000000 0.000000 0.000000 -0.000000 1 6.519258022e-08
59 0.328761 0.117041 0.028214 1.246327 0.148379 0.019055 0.000000 0.000000 0.000000 -0.000000 1 6.053596735e-08
59 0.329806 0.117284 0.026444 1.246327 0.148379 0.019055 0.000000 0.000000 0.000000 -0.000000 1 6.426125765e-08
59 0.330853 0.117533 0.024743 1.246327 0.148379 0.019055 0.000000 0.000000 0.000000 -0.000000 1 5.494803190e-08
59 0.331903 0.117777 0.023110 1.246327 0.148379 0.019055 0.000000 0.000000 0.000000 -0.000000 1 6.146728992e-08
59 0.332956 0.118014 0.021541 1.246327 0.148379 0.019055 0.000000 0.000000 0.000000 -0.000000 1 5.587935448e-08
59 0.334015 0.118242 0.020036 1.246327 0.148379 0.019055 0.000000 0.000000 0.000000 -0.000000 1 9.033828974e-08
59 0.335079 0.118456 0.018592 1.246327 0.148379 0.019055 0.000000 0.000000 0.000000 -0.000000 1 5.774199963e-08
59 0.336149 0.118658 0.017206 1.246327 0.148379 0.019055 0.000000 0.000000 0.000000 -0.000000 1 5.774199963e-08
59 0.337224 0.118851 0.015877 1.246327 0.148379 0.019055 0.000000 0.000000 0.000000 -0.000000 1 7.264316082e-08
59 0.338304 0.119046 0.014600 1.246327 0.148379 0.019055 0.000000 0.000000 0.000000 -0.000000 1 6.612390280e-08
59 0.339388 0.119252 0.013373 1.246327 0.148379 0.019055 0.000000 0.000000 0.000000 -0.000000 1 5.867332220e-08
59 0.340473 0.119483 0.012191 1.246327 0.148379 0.019055 0.000000 0.000000 0.000000 -0.000000 1 5.960464478e-08
59 0.341561 0.119755 0.011049 1.246327 0.148379 0.019055 0.000000 0.000000 0.000000 -0.000000 1 5.774199963e-08
59 0.342651 0.120073 0.009946 1.246327 0.148379 0.019055 0.000000 0.000000 0.000000 -0.000000 1 5.960464478e-08
59 0.343744 0.120440 0.008878 1.246327 0.148379 0.019055 0.000000 0.000000 0.000000 -0.000000 1 1.518055797e-07
59 0.344841 0.120851 0.007843 1.246327 0.148379 0.019055 0.000000 0.000000 0.000000 -0.000000 1 5.867332220e-08
59 0.345944 0.121290 0.006841 1.246327 0.148379 0.019055 0.000000 0.000000 0.000000 -0.000000 1 5.867332220e-08
59 0.347052 0.121738 0.005874 1.246327 0.148379 0.019055 0.000000 0.000000 0.000000 -0.000000 1 6.798654795e-08
59 0.348166 0.122180 0.004942 1.246327 0.148379 0.019055 0.000000 0.000000 0.000000 -0.000000 1 6.146728992e-08
60 0.348505 0.156900 0.007713 1.251913 0.182818 0.023093 0.000000 0.000000 0.000000 -0.000000 1 7.078051567e-08
60 0.349579 0.156757 0.006485 1.251913 0.182818 0.023093 0.000000 0.000000 0.000000 -0.000000 1 6.332993507e-08
60 0.350654 0.156627 0.005311 1.251913 0.182818 0.023093 0.000000 0.000000 0.000000 -0.000000 1 5.960464478e-08
60 0.351731 0.156510 0.004187 1.251913 0.182818 0.023093 0.000000 0.000000 0.000000 -0.000000 1 5.960464478e-08
60 0.352810 0.156424 0.003110 1.251913 0.182818 0.023093 0.000000 0.000000 0.000000 -0.000000 1 5.215406418e-08
60 0.353888 0.156382 0.002075 1.251913 0.182818 0.023093 0.000000 0.000000 0.000000 -0.000000 1 4.842877388e-08
60 0.354969 0.156382 0.001080 1.251913 0.182818 0.023093 0.000000 0.000000 0.000000 -0.000000 1 9.685754776e-08
60 0.356051 0.156416 0.000124 1.251913 0.182818 0.023093 0.000000 0.000000 0.000000 -0.000000 1 1.266598701e-07
60 0.357136 0.156480 -0.000795 1.251913 0.182818 0.023093 0.000000 0.000000 0.000000 -0.000000 1 6.984919310e-08
60 0.358223 0.156566 -0.001678 1.251913 0.182818 0.023093 0.000000 0.000000 0.000000 -0.000000 1 1.220032573e-07
60 0.359312 0.156669 -0.002526 1.251913 0.182818 0.023093 0.000000 0.000000 0.000000 -0.000000 1 7.823109627e-08
60 0.360401 0.156785 -0.003341 1.251913 0.182818 0.023093 0.000000 0.000000 0.000000 -0.000000 1 6.891787052e-08
60 0.361492 0.156903 -0.004121 1.251913 0.182818 0.023093 0.000000 0.000000 0.000000 -0.000000 1 1.387670636e-07
60 0.362583 0.157015 -0.004869 1.251913 0.182818 0.023093 0.000000 0.000000 0.000000 -0.000000 1 6.053596735e-08
60 0.363676 0.157121 -0.005584 1.251913 0.182818 0.023093 0.000000 0.000000 0.000000 -0.000000 1 7.078051567e-08
60 0.364770 0.157226 -0.006269 1.251913 0.182818 0.023093 0.000000 0.000000 0.000000 -0.000000 1 8.475035429e-08
60 0.365867 0.157339 -0.006926 1.251913 0.182818 0.023093 0.000000 0.000000 0.000000 -0.000000 1 5.587935448e-08
60 0.366966 0.157475 -0.007559 1.251913 0.182818 0.023093 0.000000 0.000000 0.000000 -0.000000 1 6.426125765e-08
60 0.368067 0.157652 -0.008171 1.251913 0.182818 0.023093 0.000000 0.000000 0.000000 -0.000000 1 8.288770914e-08
60 0.369171 0.157847 -0.008761 1.251913 0.182818 0.023093 0.000000 0.000000 0.000000 -0.000000 1 5.960464478e-08
61 0.371626 0.152386 -0.031792 1.282519 0.177814 0.002277 0.000000 0.000000 0.000000 -0.000000 1 5.867332220e-08
61 0.372714 0.152842 -0.032266 1.282519 0.177814 0.002277 0.000000 0.000000 0.000000 -0.000000 1 5.867332220e-08
61 0.373804 0.153234 -0.032717 1.282519 0.177814 0.002277 0.000000 0.000000 0.000000 -0.000000 1 5.681067705e-08
61 0.374899 0.153550 -0.033144 1.282519 0.177814 0.002277 0.000000 0.000000 0.000000 -0.000000 1 5.774199963e-08
61 0.376000 0.153779 -0.033543 1.282519 0.177814 0.002277 0.000000 0.000000 0.000000 -0.000000 1 6.426125765e-08
61 0.377109 0.153914 -0.033913 1.282519 0.177814 0.002277 0.000000 0.000000 0.000000 -0.000000 1 5.774199963e-08
61 0.378229 0.153948 -0.034252 1.282519 0.177814 0.002277 0.000000 0.000000 0.000000 -0.000000 1 5.867332220e-08
61 0.379361 0.153875 -0.034559 1.282519 0.177814 0.002277 0.000000 0.000000 0.000000 -0.000000 1 5.867332220e-08
61 0.380506 0.153697 -0.034833 1.282519 0.177814 0.002277 0.000000 0.000000 0.000000 -0.000000 1 5.494803190e-08
61 0.381664 0.153427 -0.035075 1.282519 0.177814 0.002277 0.000000 0.000000 0.000000 -0.000000 1 2.048909664e-07
61 0.382834 0.153086 -0.035287 1.282519 0.177814 0.002277 0.000000 0.000000 0.000000 -0.000000 1 8.381903172e-08
61 0.384014 0.152699 -0.035474 1.282519 0.177814 0.002277 0.000000 0.000000 0.000000 -0.000000 1 5.587935448e-08
61 0.385200 0.152295 -0.035638 1.282519 0.177814 0.002277 0.000000 0.000000 0.000000 -0.000000 1 6.239861250e-08
61 0.386390 0.151893 -0.035784 1.282519 0.177814 0.002277 0.000000 0.000000 0.000000 -0.000000 1 9.033828974e-08
61 0.387584 0.151504 -0.035913 1.282519 0.177814 0.002277 0.000000 0.000000 0.000000 -0.000000 1 5.867332220e-08
61 0.388780 0.151127 -0.036026 1.282519 0.177814 0.002277 0.000000 0.000000 0.000000 -0.000000 1 6.239861250e-08
61 0.389977 0.150755 -0.036121 1.282519 0.177814 0.002277 0.000000 0.000000 0.000000 -0.000000 1 6.332993507e-08
61 0.391174 0.150369 -0.036193 1.282519 0.177814 0.002277 0.000000 0.000000 0.000000 -0.000000 1 5.867332220e-08
61 0.392367 0.149947 -0.036238 1.282519 0.177814 0.002277 0.000000 0.000000 0.000000 -0.000000 1 6.984919310e-08
61 0.393551 0.149471 -0.036249 1.282519 0.177814 0.002277 0.000000 0.000000 0.000000 -0.000000 1 6.426125765e-08
62 0.393620 0.140768 -0.001414 1.279671 0.169663 0.036851 0.000000 0.000000 0.000000 -0.000000 1 5.960464478e-08
62 0.394865 0.139961 -0.001286 1.279671 0.169663 0.036851 0.000000 0.000000 0.000000 -0.000000 1 1.657754183e-07
62 0.396075 0.139116 -0.001116 1.279671 0.169663 0.036851 0.000000 0.000000 0.000000 -0.000000 1 5.681067705e-08
62 0.397237 0.138243 -0.000903 1.279671 0.169663 0.036851 0.000000 0.000000 0.000000 -0.000000 1 5.774199963e-08
62 0.398335 0.137371 -0.000647 1.279671 0.169663 0.036851 0.000000 0.000000 0.000000 -0.000000 1 5.867332220e-08
62 0.399352 0.136524 -0.000345 1.279671 0.169663 0.036851 0.000000 0.000000 0.000000 -0.000000 1 6.426125765e-08
62 0.400266 0.135706 0.000009 1.279671 0.169663 0.036851 0.000000 0.000000 0.000000 -0.000000 1 1.573935151e-07
62 0.401057 0.134914 0.000424 1.279671 0.169663 0.036851 0.000000 0.000000 0.000000 -0.000000 1 6.053596735e-08
62 0.401708 0.134144 0.000905 1.279671 0.169663 0.036851 0.000000 0.000000 0.000000 -0.000000 1 5.960464478e-08
62 0.402213 0.133391 0.001451 1.279671 0.169663 0.036851 0.000000 0.000000 0.000000 -0.000000 1 6.146728992e-08
62 0.402574 0.132651 0.002059 1.279671 0.169663 0.036851 0.000000 0.000000 0.000000 -0.000000 1 5.774199963e-08
62 0.402805 0.131918 0.002719 1.279671 0.169663 0.036851 0.000000 0.000000 0.000000 -0.000000 1 5.960464478e-08
62 0.402918 0.131185 0.003423 1.279671 0.169663 0.036851 0.000000 0.000000 0.000000 -0.000000 1 5.774199963e-08
62 0.402921 0.130442 0.004165 1.279671 0.169663 0.036851 0.000000 0.000000 0.000000 -0.000000 1 1.164153218e-07
62 0.402819 0.129692 0.004941 1.279671 0.169663 0.036851 0.000000 0.000000 0.000000 -0.000000 1 5.960464478e-08
62 0.402618 0.128942 0.005745 1.279671 0.169663 0.036851 0.000000 0.000000 0.000000 -0.000000 1 6.519258022e-08
62 0.402320 0.128205 0.006572 1.279671 0.169663 0.036851 0.000000 0.000000 0.000000 -0.000000 1 6.053596735e-08
62 0.401931 0.127501 0.007417 1.279671 0.169663 0.036851 0.000000 0.000000 0.000000 -0.000000 1 5.587935448e-08
62 0.401458 0.126848 0.008275 1.279671 0.169663 0.036851 0.000000 0.000000 0.000000 -0.000000 1 6.239861250e-08
62 0.400909 0.126248 0.009138 1.279671 0.169663 0.036851 0.000000 0.000000 0.000000 -0.000000 1 4.842877388e-08
63 0.403391 0.080721 -0.021696 1.292319 0.125454 0.005312 0.000000 0.000000 0.000000 -0.000000 1 1.490116119e-08
63 0.402668 0.080316 -0.020758 1.292319 0.125454 0.005312 0.000000 0.000000 0.000000 -0.000000 1 1.583248377e-08
63 0.401900 0.079902 -0.019840 1.292319 0.125454 0.005312 0.000000 0.000000 0.000000 -0.000000 1 4.656612873e-08
63 0.401092 0.079477 -0.018943 1.292319 0.125454 0.005312 0.000000 0.000000 0.000000 -0.000000 1 7.171183825e-08
63 0.400243 0.079039 -0.018066 1.292319 0.125454 0.005312 0.000000 0.000000 0.000000 -0.000000 1 5.867332220e-08
63 0.399357 0.078593 -0.017210 1.292319 0.125454 0.005312 0.000000 0.000000 0.000000 -0.000000 1 1.061707735e-07
63 0.398436 0.078141 -0.016376 1.292319 0.125454 0.005312 0.000000 0.000000 0.000000 -0.000000 1 6.798654795e-08
63 0.397487 0.077676 -0.015563 1.292319 0.125454 0.005312 0.000000 0.000000 0.000000 -0.000000 1 6.984919310e-08
63 0.396513 0.077195 -0.014774 1.292319 0.125454 0.005312 0.000000 0.000000 0.000000 -0.000000 1 5.494803190e-08
63 0.395523 0.076699 -0.014009 1.292319 0.125454 0.005312 0.000000 0.000000 0.000000 -0.000000 1 6.984919310e-08
63 0.394519 0.076199 -0.013270 1.292319 0.125454 0.005312 0.000000 0.000000 0.000000 -0.000000 1 5.867332220e-08
63 0.393507 0.075710 -0.012556 1.292319 0.125454 0.005312 0.000000 0.000000 0.000000 -0.000000 1 5.960464478e-08
63 0.392486 0.075251 -0.011868 1.292319 0.125454 0.005312 0.000000 0.000000 0.000000 -0.000000 1 6.984919310e-08
63 0.391459 0.074843 -0.011204 1.292319 0.125454 0.005312 0.000000 0.000000 0.000000 -0.000000 1 6.891787052e-08
63 0.390425 0.074499 -0.010565 1.292319 0.125454 0.005312 0.000000 0.000000 0.000000 -0.000000 1 7.357448339e-08
63 0.389383 0.074225 -0.009950 1.292319 0.125454 0.005312 0.000000 0.000000 0.000000 -0.000000 1 2.048909664e-07
63 0.388335 0.074022 -0.009357 1.292319 0.125454 0.005312 0.000000 0.000000 0.000000 -0.000000 1 8.381903172e-08
63 0.387283 0.073877 -0.008787 1.292319 0.125454 0.005312 0.000000 0.000000 0.000000 -0.000000 1 5.867332220e-08
63 0.386226 0.073768 -0.008237 1.292319 0.125454 0.005312 0.000000 0.000000 0.000000 -0.000000 1 5.867332220e-08
63 0.385168 0.073675 -0.007708 1.292319 0.125454 0.005312 0.000000 0.000000 0.000000 -0.000000 1 7.078051567e-08
64 0.372374 0.030747 -0.015531 1.276884 0.082566 -0.002987 0.000000 0.000000 0.000000 -0.000000 1 1.247972250e-07
64 0.371396 0.030669 -0.015040 1.276884 0.082566 -0.002987 0.000000 0.000000 0.000000 -0.000000 1 6.053596735e-08
64 0.370414 0.030586 -0.014568 1.276884 0.082566 -0.002987 0.000000 0.000000 0.000000 -0.000000 1 6.053596735e-08
64 0.369430 0.030524 -0.014114 1.276884 0.082566 -0.002987 0.000000 0.000000 0.000000 -0.000000 1 5.867332220e-08
64 0.368440 0.030520 -0.013678 1.276884 0.082566 -0.002987 0.000000 0.000000 0.000000 -0.000000 1 6.053596735e-08
64 0.367447 0.030592 -0.013258 1.276884 0.082566 -0.002987 0.000000 0.000000 0.000000 -0.000000 1 6.426125765e-08
64 0.366449 0.030748 -0.012855 1.276884 0.082566 -0.002987 0.000000 0.000000 0.000000 -0.000000 1 9.872019291e-08
64 0.365447 0.030990 -0.012468 1.276884 0.082566 -0.002987 0.000000 0.000000 0.000000 -0.000000 1 1.341104507e-07
64 0.364444 0.031309 -0.012096 1.276884 0.082566 -0.002987 0.000000 0.000000 0.000000 -0.000000 1 5.867332220e-08
64 0.363439 0.031690 -0.011738 1.276884 0.082566 -0.002987 0.000000 0.000000 0.000000 -0.000000 1 5.867332220e-08
64 0.362435 0.032111 -0.011395 1.276884 0.082566 -0.002987 0.000000 0.000000 0.000000 -0.000000 1 6.146728992e-08
64 0.361433 0.032551 -0.011065 1.276884 0.082566 -0.002987 0.000000 0.000000 0.000000 -0.000000 1 6.053596735e-08
64 0.360434 0.032988 -0.010747 1.276884 0.082566 -0.002987 0.000000 0.000000 0.000000 -0.000000 1 1.769512892e-07
64 0.359438 0.033406 -0.010443 1.276884 0.082566 -0.002987 0.000000 0.000000 0.000000 -0.000000 1 8.661299944e-08
64 0.358445 0.033797 -0.010150 1.276884 0.082566 -0.002987 0.000000 0.000000 0.000000 -0.000000 1 6.891787052e-08
64 0.357456 0.034160 -0.009869 1.276884 0.082566 -0.002987 0.000000 0.000000 0.000000 -0.000000 1 6.984919310e-08
64 0.356469 0.034500 -0.009598 1.276884 0.082566 -0.002987 0.000000 0.000000 0.000000 -0.000000 1 6.053596735e-08
64 0.355485 0.034826 -0.009339 1.276884 0.082566 -0.002987 0.000000 0.000000 0.000000 -0.000000 1 2.002343535e-07
64 0.354503 0.035152 -0.009089 1.276884 0.082566 -0.002987 0.000000 0.000000 0.000000 -0.000000 1 5.867332220e-08
64 0.353523 0.035489 -0.008849 1.276884 0.082566 -0.002987 0.000000 0.000000 0.000000 -0.000000 1 6.891787052e-08
65 0.342546 -0.005862 -0.052698 1.263123 0.040872 -0.046892 0.000000 0.000000 0.000000 0.000000 1 6.332993507e-08
65 0.341645 -0.005485 -0.052469 1.263123 0.040872 -0.046892 0.000000 0.000000 0.000000 0.000000 1 5.867332220e-08
65 0.340745 -0.005108 -0.052250 1.263123 0.040872 -0.046892 0.000000 0.000000 0.000000 0.000000 1 6.332993507e-08
65 0.339847 -0.004736 -0.052040 1.263123 0.040872 -0.046892 0.000000 0.000000 0.000000 0.000000 1 5.867332220e-08
65 0.338950 -0.004373 -0.051837 1.263123 0.040872 -0.046892 0.000000 0.000000 0.000000 0.000000 1 5.774199963e-08
65 0.338054 -0.004026 -0.051643 1.263123 0.040872 -0.046892 0.000000 0.000000 0.000000 0.000000 1 6.053596735e-08
65 0.337161 -0.003706 -0.051456 1.263123 0.040872 -0.046892 0.000000 0.000000 0.000000 0.000000 1 7.729977369e-08
65 0.336269 -0.003414 -0.051277 1.263123 0.040872 -0.046892 0.000000 0.000000 0.000000 0.000000 1 9.220093489e-08
65 0.335379 -0.003149 -0.051105 1.263123 0.040872 -0.046892 0.000000 0.000000 0.000000 0.000000 1 5.867332220e-08
65 0.334491 -0.002901 -0.050939 1.263123 0.040872 -0.046892 0.000000 0.000000 0.000000 0.000000 1 1.396983862e-07
65 0.333605 -0.002659 -0.050780 1.263123 0.040872 -0.046892 0.000000 0.000000 0.000000 0.000000 1 7.450580597e-08
65 0.332720 -0.002412 -0.050627 1.263123 0.040872 -0.046892 0.000000 0.000000 0.000000 0.000000 1 6.053596735e-08
65 0.331836 -0.002144 -0.050481 1.263123 0.040872 -0.046892 0.000000 0.000000 0.000000 0.000000 1 6.146728992e-08
65 0.330952 -0.001839 -0.050340 1.263123 0.040872 -0.046892 0.000000 0.000000 0.000000 0.000000 1 6.239861250e-08
65 0.330068 -0.001488 -0.050204 1.263123 0.040872 -0.046892 0.000000 0.000000 0.000000 0.000000 1 1.695007086e-07
65 0.329185 -0.001091 -0.050074 1.263123 0.040872 -0.046892 0.000000 0.000000 0.000000 0.000000 1 7.916241884e-08
65 0.328302 -0.000651 -0.049949 1.263123 0.040872 -0.046892 0.000000 0.000000 0.000000 0.000000 1 6.891787052e-08
65 0.327419 -0.000181 -0.049829 1.263123 0.040872 -0.046892 0.000000 0.000000 0.000000 0.000000 1 4.470348358e-08
65 0.326538 0.000301 -0.049714 1.263123 0.040872 -0.046892 0.000000 0.000000 0.000000 0.000000 1 3.725290298e-08
65 0.325657 0.000779 -0.049603 1.263123 0.040872 -0.046892 0.000000 0.000000 0.000000 0.000000 1 5.215406418e-08
66 0.313399 -0.032910 -0.079400 1.247932 0.006732 -0.076678 0.000000 0.000000 0.000000 0.000000 1 6.146728992e-08
66 0.312632 -0.032428 -0.079293 1.247932 0.006732 -0.076678 0.000000 0.000000 0.000000 0.000000 1 6.053596735e-08
66 0.311865 -0.031954 -0.079190 1.247932 0.006732 -0.076678 0.000000 0.000000 0.000000 0.000000 1 5.681067705e-08
66 0.311099 -0.031486 -0.079091 1.247932 0.006732 -0.076678 0.000000 0.000000 0.000000 0.000000 1 7.729977369e-08
66 0.310332 -0.031015 -0.078996 1.247932 0.006732 -0.076678 0.000000 0.000000 0.000000 0.000000 1 6.984919310e-08
66 0.309566 -0.030533 -0.078905 1.247932 0.006732 -0.076678 0.000000 0.000000 0.000000 0.000000 1 6.798654795e-08
66 0.308798 -0.030030 -0.078818 1.247932 0.006732 -0.076678 0.000000 0.000000 0.000000 0.000000 1 6.053596735e-08
66 0.308030 -0.029503 -0.078734 1.247932 0.006732 -0.076678 0.000000 0.000000 0.000000 0.000000 1 5.960464478e-08
66 0.307262 -0.028956 -0.078653 1.247932 0.006732 -0.076678 0.000000 0.000000 0.000000 0.000000 1 6.053596735e-08
66 0.306493 -0.028399 -0.078575 1.247932 0.006732 -0.076678 0.000000 0.000000 0.000000 0.000000 1 6.239861250e-08
66 0.305725 -0.027848 -0.078501 1.247932 0.006732 -0.076678 0.000000 0.000000 0.000000 0.000000 1 5.774199963e-08
66 0.304957 -0.027314 -0.078429 1.247932 0.006732 -0.076678 0.000000 0.000000 0.000000 0.000000 1 6.239861250e-08
66 0.304192 -0.026813 -0.078360 1.247932 0.006732 -0.076678 0.000000 0.000000 0.000000 0.000000 1 6.426125765e-08
66 0.303428 -0.026360 -0.078294 1.247932 0.006732 -0.076678 0.000000 0.000000 0.000000 0.000000 1 6.519258022e-08
66 0.302667 -0.025966 -0.078231 1.247932 0.006732 -0.076678 0.000000 0.000000 0.000000 0.000000 1 6.332993507e-08
66 0.301908 -0.025635 -0.078170 1.247932 0.006732 -0.076678 0.000000 0.000000 0.000000 0.000000 1 2.328306437e-08
66 0.301153 -0.025363 -0.078111 1.247932 0.006732 -0.076678 0.000000 0.000000 0.000000 0.000000 1 2.514570951e-08
66 0.300399 -0.025143 -0.078055 1.247932 0.006732 -0.076678 0.000000 0.000000 0.000000 0.000000 1 6.146728992e-08
66 0.299648 -0.024957 -0.078001 1.247932 0.006732 -0.076678 0.000000 0.000000 0.000000 0.000000 1 6.705522537e-08
66 0.298898 -0.024793 -0.077949 1.247932 0.006732 -0.076678 0.000000 0.000000 0.000000 0.000000 1 6.426125765e-08
67 0.296572 -0.035809 -0.103018 1.242493 -0.004506 -0.101698 0.000000 0.000000 0.000000 0.000000 1 1.797452569e-07
67 0.295860 -0.035648 -0.102966 1.242493 -0.004506 -0.101698 0.000000 0.000000 0.000000 0.000000 1 6.332993507e-08
67 0.295149 -0.035495 -0.102917 1.242493 -0.004506 -0.101698 0.000000 0.000000 0.000000 0.000000 1 6.053596735e-08
67 0.294440 -0.035357 -0.102869 1.242493 -0.004506 -0.101698 0.000000 0.000000 0.000000 0.000000 1 6.426125765e-08
67 0.293732 -0.035243 -0.102823 1.242493 -0.004506 -0.101698 0.000000 0.000000 0.000000 0.000000 1 5.681067705e-08
67 0.293027 -0.035164 -0.102779 1.242493 -0.004506 -0.101698 0.000000 0.000000 0.000000 0.000000 1 5.774199963e-08
67 0.292324 -0.035122 -0.102736 1.242493 -0.004506 -0.101698 0.000000 0.000000 0.000000 0.000000 1 6.332993507e-08
67 0.291624 -0.035119 -0.102695 1.242493 -0.004506 -0.101698 0.000000 0.000000 0.000000 0.000000 1 1.769512892e-07
67 0.290926 -0.035149 -0.102656 1.242493 -0.004506 -0.101698 0.000000 0.000000 0.000000 0.000000 1 1.518055797e-07
67 0.290229 -0.035199 -0.102619 1.242493 -0.004506 -0.101698 0.000000 0.000000 0.000000 0.000000 1 5.867332220e-08
67 0.289535 -0.035256 -0.102582 1.242493 -0.004506 -0.101698 0.000000 0.000000 0.000000 0.000000 1 5.681067705e-08
67 0.288842 -0.035309 -0.102548 1.242493 -0.004506 -0.101698 0.000000 0.000000 0.000000 0.000000 1 6.239861250e-08
67 0.288149 -0.035342 -0.102514 1.242493 -0.004506 -0.101698 0.000000 0.000000 0.000000 0.000000 1 6.146728992e-08
67 0.287457 -0.035346 -0.102482 1.242493 -0.004506 -0.101698 0.000000 0.000000 0.000000 0.000000 1 6.053596735e-08
67 0.286764 -0.035316 -0.102451 1.242493 -0.004506 -0.101698 0.000000 0.000000 0.000000 0.000000 1 6.519258022e-08
67 0.286071 -0.035259 -0.102422 1.242493 -0.004506 -0.101698 0.000000 0.000000 0.000000 0.000000 1 6.053596735e-08
67 0.285379 -0.035185 -0.102393 1.242493 -0.004506 -0.101698 0.000000 0.000000 0.000000 0.000000 1 6.612390280e-08
67 0.284687 -0.035107 -0.102366 1.242493 -0.004506 -0.101698 0.000000 0.000000 0.000000 0.000000 1 6.705522537e-08
67 0.283996 -0.035036 -0.102340 1.242493 -0.004506 -0.101698 0.000000 0.000000 0.000000 0.000000 1 5.960464478e-08
67 0.283307 -0.034981 -0.102315 1.242493 -0.004506 -0.101698 0.000000 0.000000 0.000000 0.000000 1 6.426125765e-08
68 0.282990 -0.046947 -0.123313 1.255272 -0.016099 -0.122638 0.000000 0.000000 0.000000 0.000000 1 6.332993507e-08
68 0.282336 -0.046894 -0.123286 1.255272 -0.016099 -0.122638 0.000000 0.000000 0.000000 0.000000 1 5.960464478e-08
68 0.281682 -0.046834 -0.123261 1.255272 -0.016099 -0.122638 0.000000 0.000000 0.000000 0.000000 1 1.015141606e-07
68 0.281029 -0.046762 -0.123236 1.255272 -0.016099 -0.122638 0.000000 0.000000 0.000000 0.000000 1 6.984919310e-08
68 0.280375 -0.046678 -0.123213 1.255272 -0.016099 -0.122638 0.000000 0.000000 0.000000 0.000000 1 7.823109627e-08
68 0.279722 -0.046583 -0.123190 1.255272 -0.016099 -0.122638 0.000000 0.000000 0.000000 0.000000 1 1.778826118e-07
68 0.279068 -0.046479 -0.123169 1.255272 -0.016099 -0.122638 0.000000 0.000000 0.000000 0.000000 1 6.146728992e-08
68 0.278414 -0.046369 -0.123148 1.255272 -0.016099 -0.122638 0.000000 0.000000 0.000000 0.000000 1 6.798654795e-08
68 0.277761 -0.046264 -0.123128 1.255272 -0.016099 -0.122638 0.000000 0.000000 0.000000 0.000000 1 5.774199963e-08
68 0.277108 -0.046169 -0.123109 1.255272 -0.016099 -0.122638 0.000000 0.000000 0.000000 0.000000 1 5.867332220e-08
68 0.276457 -0.046093 -0.123090 1.255272 -0.016099 -0.122638 0.000000 0.000000 0.000000 0.000000 1 6.146728992e-08
68 0.275808 -0.046041 -0.123072 1.255272 -0.016099 -0.122638 0.000000 0.000000 0.000000 0.000000 1 4.842877388e-08
68 0.275162 -0.046025 -0.123055 1.255272 -0.016099 -0.122638 0.000000 0.000000 0.000000 0.000000 1 5.215406418e-08
68 0.274520 -0.046062 -0.123039 1.255272 -0.016099 -0.122638 0.000000 0.000000 0.000000 0.000000 1 1.490116119e-08
68 0.273883 -0.046164 -0.123023 1.255272 -0.016099 -0.122638 0.000000 0.000000 0.000000 0.000000 1 2.887099981e-08
68 0.273252 -0.046339 -0.123008 1.255272 -0.016099 -0.122638 0.000000 0.000000 0.000000 0.000000 1 4.097819328e-08
68 0.272628 -0.046587 -0.122993 1.255272 -0.016099 -0.122638 0.000000 0.000000 0.000000 0.000000 1 6.053596735e-08
68 0.272009 -0.046901 -0.122979 1.255272 -0.016099 -0.122638 0.000000 0.000000 0.000000 0.000000 1 5.960464478e-08
68 0.271396 -0.047264 -0.122966 1.255272 -0.016099 -0.122638 0.000000 0.000000 0.000000 0.000000 1 6.053596735e-08
68 0.270786 -0.047661 -0.122953 1.255272 -0.016099 -0.122638 0.000000 0.000000 0.000000 0.000000 1 6.798654795e-08
69 0.269811 -0.039389 -0.138834 1.272986 -0.006682 -0.138469 0.000000 0.000000 0.000000 0.000000 1 9.126961231e-08
69 0.269197 -0.039814 -0.138820 1.272986 -0.006682 -0.138469 0.000000 0.000000 0.000000 0.000000 1 6.146728992e-08
69 0.268587 -0.040241 -0.138806 1.272986 -0.006682 -0.138469 0.000000 0.000000 0.000000 0.000000 1 1.536682248e-07
69 0.267979 -0.040677 -0.138793 1.272986 -0.006682 -0.138469 0.000000 0.000000 0.000000 0.000000 1 6.053596735e-08
69 0.267376 -0.041135 -0.138780 1.272986 -0.006682 -0.138469 0.000000 0.000000 0.000000 0.000000 1 6.519258022e-08
69 0.266777 -0.041626 -0.138768 1.272986 -0.006682 -0.138469 0.000000 0.000000 0.000000 0.000000 1 5.960464478e-08
69 0.266185 -0.042161 -0.138756 1.272986 -0.006682 -0.138469 0.000000 0.000000 0.000000 0.000000 1 6.332993507e-08
69 0.265599 -0.042743 -0.138745 1.272986 -0.006682 -0.138469 0.000000 0.000000 0.000000 0.000000 1 9.872019291e-08
69 0.265020 -0.043366 -0.138734 1.272986 -0.006682 -0.138469 0.000000 0.000000 0.000000 0.000000 1 7.729977369e-08
69 0.264446 -0.044018 -0.138724 1.272986 -0.006682 -0.138469 0.000000 0.000000 0.000000 0.000000 1 6.239861250e-08
69 0.263876 -0.044679 -0.138714 1.272986 -0.006682 -0.138469 0.000000 0.000000 0.000000 0.000000 1 6.705522537e-08
69 0.263310 -0.045333 -0.138704 1.272986 -0.006682 -0.138469 0.000000 0.000000 0.000000 0.000000 1 6.053596735e-08
69 0.262745 -0.045963 -0.138695 1.272986 -0.006682 -0.138469 0.000000 0.000000 0.000000 0.000000 1 6.332993507e-08
69 0.262180 -0.046559 -0.138686 1.272986 -0.006682 -0.138469 0.000000 0.000000 0.000000 0.000000 1 5.867332220e-08
69 0.261616 -0.047120 -0.138677 1.272986 -0.006682 -0.138469 0.000000 0.000000 0.000000 0.000000 1 5.774199963e-08
69 0.261053 -0.047652 -0.138669 1.272986 -0.006682 -0.138469 0.000000 0.000000 0.000000 0.000000 1 5.867332220e-08
69 0.260491 -0.048167 -0.138661 1.272986 -0.006682 -0.138469 0.000000 0.000000 0.000000 0.000000 1 5.494803190e-08
69 0.259931 -0.048680 -0.138654 1.272986 -0.006682 -0.138469 0.000000 0.000000 0.000000 0.000000 1 5.494803190e-08
69 0.259375 -0.049203 -0.138647 1.272986 -0.006682 -0.138469 0.000000 0.000000 0.000000 0.000000 1 5.960464478e-08
69 0.258823 -0.049743 -0.138640 1.272986 -0.006682 -0.138469 0.000000 0.000000 0.000000 0.000000 1 1.452863216e-07
70 0.258074 -0.046675 -0.150582 1.304214 -0.001344 -0.150371 0.000000 0.000000 0.000000 0.000000 1 5.960464478e-08
70 0.257527 -0.047214 -0.150574 1.304214 -0.001344 -0.150371 0.000000 0.000000 0.000000 0.000000 1 5.774199963e-08
70 0.256981 -0.047736 -0.150566 1.304214 -0.001344 -0.150371 0.000000 0.000000 0.000000 0.000000 1 9.778887033e-08
70 0.256435 -0.048234 -0.150558 1.304214 -0.001344 -0.150371 0.000000 0.000000 0.000000 0.000000 1 5.867332220e-08
70 0.255890 -0.048713 -0.150551 1.304214 -0.001344 -0.150371 0.000000 0.000000 0.000000 0.000000 1 6.426125765e-08
70 0.255346 -0.049177 -0.150544 1.304214 -0.001344 -0.150371 0.000000 0.000000 0.000000 0.000000 1 6.053596735e-08
70 0.254804 -0.049632 -0.150537 1.304214 -0.001344 -0.150371 0.000000 0.000000 0.000000 0.000000 1 6.332993507e-08
70 0.254263 -0.050085 -0.150531 1.304214 -0.001344 -0.150371 0.000000 0.000000 0.000000 0.000000 1 8.940696716e-08
70 0.253724 -0.050543 -0.150524 1.304214 -0.001344 -0.150371 0.000000 0.000000 0.000000 0.000000 1 6.519258022e-08
70 0.253190 -0.051015 -0.150518 1.304214 -0.001344 -0.150371 0.000000 0.000000 0.000000 0.000000 1 6.053596735e-08
70 0.252659 -0.051504 -0.150513 1.304214 -0.001344 -0.150371 0.000000 0.000000 0.000000 0.000000 1 5.681067705e-08
70 0.252133 -0.052015 -0.150507 1.304214 -0.001344 -0.150371 0.000000 0.000000 0.000000 0.000000 1 6.519258022e-08
70 0.251614 -0.052559 -0.150502 1.304214 -0.001344 -0.150371 0.000000 0.000000 0.000000 0.000000 1 6.146728992e-08
70 0.251103 -0.053153 -0.150497 1.304214 -0.001344 -0.150371 0.000000 0.000000 0.000000 0.000000 1 6.053596735e-08
70 0.250602 -0.053812 -0.150492 1.304214 -0.001344 -0.150371 0.000000 0.000000 0.000000 0.000000 1 5.867332220e-08
70 0.250113 -0.054548 -0.150487 1.304214 -0.001344 -0.150371 0.000000 0.000000 0.000000 0.000000 1 6.053596735e-08
70 0.249637 -0.055364 -0.150482 1.304214 -0.001344 -0.150371 0.000000 0.000000 0.000000 0.000000 1 1.499429345e-07
70 0.249173 -0.056254 -0.150478 1.304214 -0.001344 -0.150371 0.000000 0.000000 0.000000 0.000000 1 6.053596735e-08
70 0.248722 -0.057204 -0.150474 1.304214 -0.001344 -0.150371 0.000000 0.000000 0.000000 0.000000 1 6.519258022e-08
70 0.248280 -0.058194 -0.150470 1.304214 -0.001344 -0.150371 0.000000 0.000000 0.000000 0.000000 1 5.867332220e-08
71 0.246304 -0.039515 -0.160767 1.336710 0.020915 -0.160632 0.000000 0.000000 0.000000 0.000000 1 6.239861250e-08
71 0.245830 -0.040551 -0.160762 1.336710 0.020915 -0.160632 0.000000 0.000000 0.000000 0.000000 1 5.867332220e-08
71 0.245363 -0.041593 -0.160757 1.336710 0.020915 -0.160632 0.000000 0.000000 0.000000 0.000000 1 6.053596735e-08
71 0.244903 -0.042653 -0.160752 1.336710 0.020915 -0.160632 0.000000 0.000000 0.000000 0.000000 1 6.426125765e-08
71 0.244453 -0.043749 -0.160747 1.336710 0.020915 -0.160632 0.000000 0.000000 0.000000 0.000000 1 5.587935448e-08
71 0.244015 -0.044894 -0.160743 1.336710 0.020915 -0.160632 0.000000 0.000000 0.000000 0.000000 1 6.053596735e-08
71 0.243591 -0.046098 -0.160738 1.336710 0.020915 -0.160632 0.000000 0.000000 0.000000 0.000000 1 6.053596735e-08
71 0.243182 -0.047363 -0.160734 1.336710 0.020915 -0.160632 0.000000 0.000000 0.000000 0.000000 1 4.190951586e-08
71 0.242787 -0.048680 -0.160730 1.336710 0.020915 -0.160632 0.000000 0.000000 0.000000 0.000000 1 3.445893526e-08
71 0.242403 -0.050029 -0.160726 1.336710 0.020915 -0.160632 0.000000 0.000000 0.000000 0.000000 1 2.793967724e-08
71 0.242028 -0.051387 -0.160722 1.336710 0.020915 -0.160632 0.000000 0.000000 0.000000 0.000000 1 4.936009645e-08
71 0.241659 -0.052732 -0.160719 1.336710 0.020915 -0.160632 0.000000 0.000000 0.000000 0.000000 1 5.867332220e-08
71 0.241292 -0.054044 -0.160716 1.336710 0.020915 -0.160632 0.000000 0.000000 0.000000 0.000000 1 7.078051567e-08
71 0.240926 -0.055312 -0.160712 1.336710 0.020915 -0.160632 0.000000 0.000000 0.000000 0.000000 1 1.518055797e-07
71 0.240561 -0.056534 -0.160709 1.336710 0.020915 -0.160632 0.000000 0.000000 0.000000 0.000000 1 6.239861250e-08
71 0.240196 -0.057717 -0.160706 1.336710 0.020915 -0.160632 0.000000 0.000000 0.000000 0.000000 1 6.146728992e-08
71 0.239834 -0.058877 -0.160703 1.336710 0.020915 -0.160632 0.000000 0.000000 0.000000 0.000000 1 6.798654795e-08
71 0.239478 -0.060031 -0.160700 1.336710 0.020915 -0.160632 0.000000 0.000000 0.000000 0.000000 1 5.587935448e-08
71 0.239128 -0.061192 -0.160698 1.336710 0.020915 -0.160632 0.000000 0.000000 0.000000 0.000000 1 5.681067705e-08
71 0.238787 -0.062365 -0.160695 1.336710 0.020915 -0.160632 0.000000 0.000000 0.000000 0.000000 1 6.053596735e-08
72 0.236822 -0.047765 -0.162184 1.378221 0.041052 -0.162117 0.000000 0.000000 0.000000 0.000000 1 6.519258022e-08
72 0.236447 -0.048948 -0.162181 1.378221 0.041052 -0.162117 0.000000 0.000000 0.000000 0.000000 1 5.867332220e-08
72 0.236075 -0.050105 -0.162179 1.378221 0.041052 -0.162117 0.000000 0.000000 0.000000 0.000000 1 6.426125765e-08
72 0.235704 -0.051231 -0.162176 1.378221 0.041052 -0.162117 0.000000 0.000000 0.000000 0.000000 1 6.053596735e-08
72 0.235334 -0.052329 -0.162174 1.378221 0.041052 -0.162117 0.000000 0.000000 0.000000 0.000000 1 6.053596735e-08
72 0.234965 -0.053404 -0.162172 1.378221 0.041052 -0.162117 0.000000 0.000000 0.000000 0.000000 1 8.102506399e-08
72 0.234600 -0.054463 -0.162169 1.378221 0.041052 -0.162117 0.000000 0.000000 0.000000 0.000000 1 5.960464478e-08
72 0.234238 -0.055513 -0.162167 1.378221 0.041052 -0.162117 0.000000 0.000000 0.000000 0.000000 1 6.239861250e-08
72 0.233882 -0.056566 -0.162165 1.378221 0.041052 -0.162117 0.000000 0.000000 0.000000 0.000000 1 5.681067705e-08
72 0.233533 -0.057630 -0.162164 1.378221 0.041052 -0.162117 0.000000 0.000000 0.000000 0.000000 1 6.146728992e-08
72 0.233192 -0.058708 -0.162162 1.378221 0.041052 -0.162117 0.000000 0.000000 0.000000 0.000000 1 1.508742571e-07
72 0.232859 -0.059803 -0.162160 1.378221 0.041052 -0.162117 0.000000 0.000000 0.000000 0.000000 1 5.681067705e-08
72 0.232537 -0.060923 -0.162158 1.378221 0.041052 -0.162117 0.000000 0.000000 0.000000 0.000000 1 6.053596735e-08
72 0.232229 -0.062088 -0.162157 1.378221 0.041052 -0.162117 0.000000 0.000000 0.000000 0.000000 1 6.146728992e-08
72 0.231938 -0.063315 -0.162155 1.378221 0.041052 -0.162117 0.000000 0.000000 0.000000 0.000000 1 6.053596735e-08
72 0.231667 -0.064621 -0.162154 1.378221 0.041052 -0.162117 0.000000 0.000000 0.000000 0.000000 1 5.960464478e-08
72 0.231419 -0.066011 -0.162152 1.378221 0.041052 -0.162117 0.000000 0.000000 0.000000 0.000000 1 5.774199963e-08
72 0.231194 -0.067481 -0.162151 1.378221 0.041052 -0.162117 0.000000 0.000000 0.000000 0.000000 1 6.053596735e-08
72 0.230990 -0.069016 -0.162150 1.378221 0.041052 -0.162117 0.000000 0.000000 0.000000 0.000000 1 5.774199963e-08
72 0.230803 -0.070596 -0.162148 1.378221 0.041052 -0.162117 0.000000 0.000000 0.000000 0.000000 1 7.264316082e-08
73 0.227345 -0.047596 -0.170428 1.420211 0.071566 -0.170365 0.000000 0.000000 0.000000 0.000000 1 5.681067705e-08
73 0.227111 -0.049233 -0.170425 1.420211 0.071566 -0.170365 0.000000 0.000000 0.000000 0.000000 1 6.891787052e-08
73 0.226887 -0.050874 -0.170423 1.420211 0.071566 -0.170365 0.000000 0.000000 0.000000 0.000000 1 6.146728992e-08
73 0.226676 -0.052535 -0.170421 1.420211 0.071566 -0.170365 0.000000 0.000000 0.000000 0.000000 1 5.681067705e-08
73 0.226483 -0.054235 -0.170419 1.420211 0.071566 -0.170365 0.000000 0.000000 0.000000 0.000000 1 6.426125765e-08
73 0.226310 -0.055990 -0.170417 1.420211 0.071566 -0.170365 0.000000 0.000000 0.000000 0.000000 1 5.867332220e-08
73 0.226162 -0.057810 -0.170415 1.420211 0.071566 -0.170365 0.000000 0.000000 0.000000 0.000000 1 6.053596735e-08
73 0.226038 -0.059697 -0.170413 1.420211 0.071566 -0.170365 0.000000 0.000000 0.000000 0.000000 1 7.916241884e-08
73 0.225939 -0.061639 -0.170411 1.420211 0.071566 -0.170365 0.000000 0.000000 0.000000 0.000000 1 6.053596735e-08
73 0.225858 -0.063615 -0.170409 1.420211 0.071566 -0.170365 0.000000 0.000000 0.000000 0.000000 1 6.426125765e-08
73 0.225792 -0.065596 -0.170407 1.420211 0.071566 -0.170365 0.000000 0.000000 0.000000 0.000000 1 6.612390280e-08
73 0.225733 -0.067555 -0.170406 1.420211 0.071566 -0.170365 0.000000 0.000000 0.000000 0.000000 1 6.519258022e-08
73 0.225677 -0.069470 -0.170404 1.420211 0.071566 -0.170365 0.000000 0.000000 0.000000 0.000000 1 6.426125765e-08
73 0.225621 -0.071329 -0.170403 1.420211 0.071566 -0.170365 0.000000 0.000000 0.000000 0.000000 1 6.146728992e-08
73 0.225565 -0.073131 -0.170401 1.420211 0.071566 -0.170365 0.000000 0.000000 0.000000 -0.000000 1 6.612390280e-08
73 0.225508 -0.074884 -0.170400 1.420211 0.071566 -0.170365 0.000000 0.000000 0.000000 -0.000000 1 5.960464478e-08
73 0.225456 -0.076605 -0.170398 1.420211 0.071566 -0.170365 0.000000 0.000000 0.000000 -0.000000 1 6.798654795e-08
73 0.225412 -0.078313 -0.170397 1.420211 0.071566 -0.170365 0.000000 0.000000 0.000000 -0.000000 1 7.543712854e-08
73 0.225379 -0.080022 -0.170396 1.420211 0.071566 -0.170365 0.000000 0.000000 0.000000 -0.000000 1 5.774199963e-08
73 0.225358 -0.081735 -0.170395 1.420211 0.071566 -0.170365 0.000000 0.000000 0.000000 -0.000000 1 5.867332220e-08
74 0.222016 -0.063361 -0.172354 1.471090 0.100494 -0.172318 0.000000 0.000000 0.000000 -0.000000 1 5.587935448e-08
74 0.221937 -0.065070 -0.172352 1.471090 0.100494 -0.172318 0.000000 0.000000 0.000000 -0.000000 1 5.587935448e-08
74 0.221860 -0.066737 -0.172351 1.471090 0.100494 -0.172318 0.000000 0.000000 0.000000 -0.000000 1 5.494803190e-08
74 0.221781 -0.068354 -0.172350 1.471090 0.100494 -0.172318 0.000000 0.000000 0.000000 -0.000000 1 4.563480616e-08
74 0.221701 -0.069926 -0.172348 1.471090 0.100494 -0.172318 0.000000 0.000000 0.000000 -0.000000 1 2.169981599e-07
74 0.221621 -0.071459 -0.172347 1.471090 0.100494 -0.172318 0.000000 0.000000 0.000000 -0.000000 1 1.769512892e-08
74 0.221544 -0.072964 -0.172346 1.471090 0.100494 -0.172318 0.000000 0.000000 0.000000 -0.000000 1 5.867332220e-08
74 0.221472 -0.074452 -0.172345 1.471090 0.100494 -0.172318 0.000000 0.000000 0.000000 -0.000000 1 6.239861250e-08
74 0.221407 -0.075937 -0.172344 1.471090 0.100494 -0.172318 0.000000 0.000000 0.000000 -0.000000 1 5.960464478e-08
74 0.221353 -0.077426 -0.172343 1.471090 0.100494 -0.172318 0.000000 0.000000 0.000000 -0.000000 1 5.867332220e-08
74 0.221310 -0.078926 -0.172342 1.471090 0.100494 -0.172318 0.000000 0.000000 0.000000 -0.000000 1 5.867332220e-08
74 0.221280 -0.080436 -0.172341 1.471090 0.100494 -0.172318 0.000000 0.000000 0.000000 -0.000000 1 5.960464478e-08
74 0.221264 -0.081968 -0.172340 1.471090 0.100494 -0.172318 0.000000 0.000000 0.000000 -0.000000 1 6.239861250e-08
74 0.221269 -0.083542 -0.172339 1.471090 0.100494 -0.172318 0.000000 0.000000 0.000000 -0.000000 1 7.916241884e-08
74 0.221300 -0.085183 -0.172339 1.471090 0.100494 -0.172318 0.000000 0.000000 0.000000 -0.000000 1 1.126900315e-07
74 0.221364 -0.086908 -0.172338 1.471090 0.100494 -0.172318 0.000000 0.000000 0.000000 -0.000000 1 6.705522537e-08
74 0.221464 -0.088728 -0.172337 1.471090 0.100494 -0.172318 0.000000 0.000000 0.000000 -0.000000 1 1.061707735e-07
74 0.221602 -0.090642 -0.172336 1.471090 0.100494 -0.172318 0.000000 0.000000 0.000000 -0.000000 1 6.053596735e-08
74 0.221775 -0.092637 -0.172336 1.471090 0.100494 -0.172318 0.000000 0.000000 0.000000 -0.000000 1 6.332993507e-08
74 0.221979 -0.094693 -0.172335 1.471090 0.100494 -0.172318 0.000000 0.000000 0.000000 -0.000000 1 7.078051567e-08
75 0.217358 -0.072682 -0.189018 1.520438 0.135353 -0.188935 0.000000 0.000000 0.000000 -0.000000 1 6.798654795e-08
75 0.217527 -0.074832 -0.189015 1.520438 0.135353 -0.188935 0.000000 0.000000 0.000000 -0.000000 1 6.891787052e-08
75 0.217716 -0.076996 -0.189012 1.520438 0.135353 -0.188935 0.000000 0.000000 0.000000 -0.000000 1 5.867332220e-08
75 0.217928 -0.079187 -0.189009 1.520438 0.135353 -0.188935 0.000000 0.000000 0.000000 -0.000000 1 7.636845112e-08
75 0.218170 -0.081427 -0.189006 1.520438 0.135353 -0.188935 0.000000 0.000000 0.000000 -0.000000 1 7.823109627e-08
75 0.218448 -0.083732 -0.189003 1.520438 0.135353 -0.188935 0.000000 0.000000 0.000000 -0.000000 1 6.891787052e-08
75 0.218766 -0.086115 -0.189000 1.520438 0.135353 -0.188935 0.000000 0.000000 0.000000 -0.000000 1 7.078051567e-08
75 0.219126 -0.088575 -0.188998 1.520438 0.135353 -0.188935 0.000000 0.000000 0.000000 -0.000000 1 6.705522537e-08
75 0.219525 -0.091100 -0.188996 1.520438 0.135353 -0.188935 0.000000 0.000000 0.000000 -0.000000 1 6.239861250e-08
75 0.219957 -0.093664 -0.188993 1.520438 0.135353 -0.188935 0.000000 0.000000 0.000000 -0.000000 1 5.587935448e-08
75 0.220412 -0.096233 -0.188991 1.520438 0.135353 -0.188935 0.000000 0.000000 0.000000 -0.000000 1 6.053596735e-08
75 0.220880 -0.098776 -0.188989 1.520438 0.135353 -0.188935 0.000000 0.000000 0.000000 -0.000000 1 5.867332220e-08
75 0.221353 -0.101268 -0.188987 1.520438 0.135353 -0.188935 0.000000 0.000000 0.000000 -0.000000 1 6.612390280e-08
75 0.221826 -0.103693 -0.188985 1.520438 0.135353 -0.188935 0.000000 0.000000 0.000000 -0.000000 1 5.774199963e-08
75 0.222297 -0.106049 -0.188983 1.520438 0.135353 -0.188935 0.000000 0.000000 0.000000 -0.000000 1 5.774199963e-08
75 0.222769 -0.108348 -0.188981 1.520438 0.135353 -0.188935 0.000000 0.000000 0.000000 -0.000000 1 6.053596735e-08
75 0.223248 -0.110607 -0.188980 1.520438 0.135353 -0.188935 0.000000 0.000000 0.000000 -0.000000 1 6.612390280e-08
75 0.223740 -0.112847 -0.188978 1.520438 0.135353 -0.188935 0.000000 0.000000 0.000000 -0.000000 1 6.053596735e-08
75 0.224250 -0.115083 -0.188976 1.520438 0.135353 -0.188935 0.000000 0.000000 0.000000 -0.000000 1 6.332993507e-08
75 0.224775 -0.117310 -0.188975 1.520438 0.135353 -0.188935 0.000000 0.000000 0.000000 -0.000000 1 5.774199963e-08
76 0.219627 -0.096037 -0.194144 1.579356 0.174268 -0.194085 0.000000 0.000000 0.000000 -0.000000 1 5.774199963e-08
76 0.220055 -0.098233 -0.194142 1.579356 0.174268 -0.194085 0.000000 0.000000 0.000000 -0.000000 1 5.960464478e-08
76 0.220474 -0.100350 -0.194140 1.579356 0.174268 -0.194085 0.000000 0.000000 0.000000 -0.000000 1 6.053596735e-08
76 0.220882 -0.102380 -0.194137 1.579356 0.174268 -0.194085 0.000000 0.000000 0.000000 -0.000000 1 6.239861250e-08
76 0.221280 -0.104328 -0.194136 1.579356 0.174268 -0.194085 0.000000 0.000000 0.000000 -0.000000 1 6.984919310e-08
76 0.221672 -0.106210 -0.194134 1.579356 0.174268 -0.194085 0.000000 0.000000 0.000000 -0.000000 1 6.053596735e-08
76 0.222061 -0.108041 -0.194132 1.579356 0.174268 -0.194085 0.000000 0.000000 0.000000 -0.000000 1 5.960464478e-08
76 0.222455 -0.109839 -0.194130 1.579356 0.174268 -0.194085 0.000000 0.000000 0.000000 -0.000000 1 5.774199963e-08
76 0.222857 -0.111622 -0.194129 1.579356 0.174268 -0.194085 0.000000 0.000000 0.000000 -0.000000 1 5.960464478e-08
76 0.223273 -0.113402 -0.194127 1.579356 0.174268 -0.194085 0.000000 0.000000 0.000000 -0.000000 1 6.146728992e-08
76 0.223703 -0.115183 -0.194125 1.579356 0.174268 -0.194085 0.000000 0.000000 0.000000 -0.000000 1 5.960464478e-08
76 0.224149 -0.116968 -0.194124 1.579356 0.174268 -0.194085 0.000000 0.000000 0.000000 -0.000000 1 5.681067705e-08
76 0.224615 -0.118771 -0.194123 1.579356 0.174268 -0.194085 0.000000 0.000000 0.000000 -0.000000 1 6.146728992e-08
76 0.225113 -0.120619 -0.194121 1.579356 0.174268 -0.194085 0.000000 0.000000 0.000000 -0.000000 1 5.681067705e-08
76 0.225650 -0.122540 -0.194120 1.579356 0.174268 -0.194085 0.000000 0.000000 0.000000 -0.000000 1 6.984919310e-08
76 0.226236 -0.124552 -0.194119 1.579356 0.174268 -0.194085 0.000000 0.000000 0.000000 -0.000000 1 2.281740308e-07
76 0.226875 -0.126664 -0.194118 1.579356 0.174268 -0.194085 0.000000 0.000000 0.000000 -0.000000 1 6.146728992e-08
76 0.227571 -0.128881 -0.194117 1.579356 0.174268 -0.194085 0.000000 0.000000 0.000000 -0.000000 1 5.122274160e-08
76 0.228323 -0.131197 -0.194116 1.579356 0.174268 -0.194085 0.000000 0.000000 0.000000 -0.000000 1 4.004687071e-08
76 0.229128 -0.133592 -0.194115 1.579356 0.174268 -0.194085 0.000000 0.000000 0.000000 -0.000000 1 6.891787052e-08
77 0.225536 -0.120164 -0.231541 1.633843 0.206537 -0.231365 0.000000 0.000000 0.000000 -0.000000 1 6.239861250e-08
77 0.226401 -0.122693 -0.231534 1.633843 0.206537 -0.231365 0.000000 0.000000 0.000000 -0.000000 1 3.352761269e-08
77 0.227303 -0.125249 -0.231528 1.633843 0.206537 -0.231365 0.000000 0.000000 0.000000 -0.000000 1 5.867332220e-08
77 0.228247 -0.127848 -0.231521 1.633843 0.206537 -0.231365 0.000000 0.000000 0.000000 -0.000000 1 6.239861250e-08
77 0.229244 -0.130512 -0.231515 1.633843 0.206537 -0.231365 0.000000 0.000000 0.000000 -0.000000 1 5.774199963e-08
77 0.230304 -0.133263 -0.231510 1.633843 0.206537 -0.231365 0.000000 0.000000 0.000000 -0.000000 1 5.774199963e-08
77 0.231435 -0.136115 -0.231504 1.633843 0.206537 -0.231365 0.000000 0.000000 0.000000 -0.000000 1 6.053596735e-08
77 0.232640 -0.139068 -0.231499 1.633843 0.206537 -0.231365 0.000000 0.000000 0.000000 -0.000000 1 6.612390280e-08
77 0.233915 -0.142105 -0.231494 1.633843 0.206537 -0.231365 0.000000 0.000000 0.000000 -0.000000 1 6.053596735e-08
77 0.235249 -0.145196 -0.231489 1.633843 0.206537 -0.231365 0.000000 0.000000 0.000000 -0.000000 1 5.681067705e-08
77 0.236627 -0.148300 -0.231484 1.633843 0.206537 -0.231365 0.000000 0.000000 0.000000 -0.000000 1 6.332993507e-08
77 0.238032 -0.151379 -0.231480 1.633843 0.206537 -0.231365 0.000000 0.000000 0.000000 -0.000000 1 6.053596735e-08
77 0.239451 -0.154402 -0.231475 1.633843 0.206537 -0.231365 0.000000 0.000000 0.000000 -0.000000 1 1.881271601e-07
77 0.240875 -0.157352 -0.231471 1.633843 0.206537 -0.231365 0.000000 0.000000 0.000000 -0.000000 1 6.705522537e-08
77 0.242304 -0.160227 -0.231467 1.633843 0.206537 -0.231365 0.000000 0.000000 0.000000 -0.000000 1 7.078051567e-08
77 0.243743 -0.163043 -0.231463 1.633843 0.206537 -0.231365 0.000000 0.000000 0.000000 -0.000000 1 2.514570951e-08
77 0.245200 -0.165820 -0.231460 1.633843 0.206537 -0.231365 0.000000 0.000000 0.000000 -0.000000 1 5.774199963e-08
77 0.246685 -0.168577 -0.231456 1.633843 0.206537 -0.231365 0.000000 0.000000 0.000000 -0.000000 1 6.053596735e-08
77 0.248202 -0.171325 -0.231453 1.633843 0.206537 -0.231365 0.000000 0.000000 0.000000 -0.000000 1 6.798654795e-08
77 0.249739 -0.174037 -0.231449 1.633843 0.206537 -0.231365 0.000000 0.000000 0.000000 -0.000000 1 6.519258022e-08
78 0.241250 -0.146737 -0.236155 1.696850 0.260657 -0.236055 0.000000 0.000000 0.000000 -0.000000 1 5.587935448e-08
78 0.242597 -0.149452 -0.236151 1.696850 0.260657 -0.236055 0.000000 0.000000 0.000000 -0.000000 1 6.053596735e-08
78 0.243915 -0.152027 -0.236147 1.696850 0.260657 -0.236055 0.000000 0.000000 0.000000 -0.000000 1 6.239861250e-08
78 0.245199 -0.154457 -0.236144 1.696850 0.260657 -0.236055 0.000000 0.000000 0.000000 -0.000000 1 6.239861250e-08
78 0.246454 -0.156754 -0.236141 1.696850 0.260657 -0.236055 0.000000 0.000000 0.000000 -0.000000 1 6.053596735e-08
78 0.247686 -0.158938 -0.236137 1.696850 0.260657 -0.236055 0.000000 0.000000 0.000000 -0.000000 1 6.053596735e-08
78 0.248908 -0.161039 -0.236134 1.696850 0.260657 -0.236055 0.000000 0.000000 0.000000 -0.000000 1 6.239861250e-08
78 0.250130 -0.163084 -0.236131 1.696850 0.260657 -0.236055 0.000000 0.000000 0.000000 -0.000000 1 6.239861250e-08
78 0.251361 -0.165092 -0.236128 1.696850 0.260657 -0.236055 0.000000 0.000000 0.000000 -0.000000 1 6.519258022e-08
78 0.252606 -0.167079 -0.236126 1.696850 0.260657 -0.236055 0.000000 0.000000 0.000000 -0.000000 1 6.426125765e-08
78 0.253871 -0.169055 -0.236123 1.696850 0.260657 -0.236055 0.000000 0.000000 0.000000 -0.000000 1 6.519258022e-08
78 0.255157 -0.171022 -0.236121 1.696850 0.260657 -0.236055 0.000000 0.000000 0.000000 -0.000000 1 6.053596735e-08
78 0.256472 -0.172999 -0.236118 1.696850 0.260657 -0.236055 0.000000 0.000000 0.000000 -0.000000 1 6.146728992e-08
78 0.257833 -0.175021 -0.236116 1.696850 0.260657 -0.236055 0.000000 0.000000 0.000000 -0.000000 1 5.867332220e-08
78 0.259254 -0.177117 -0.236114 1.696850 0.260657 -0.236055 0.000000 0.000000 0.000000 -0.000000 1 6.146728992e-08
78 0.260747 -0.179307 -0.236111 1.696850 0.260657 -0.236055 0.000000 0.000000 0.000000 -0.000000 1 7.171183825e-08
78 0.262321 -0.181603 -0.236109 1.696850 0.260657 -0.236055 0.000000 0.000000 0.000000 -0.000000 1 5.774199963e-08
78 0.263983 -0.184015 -0.236107 1.696850 0.260657 -0.236055 0.000000 0.000000 0.000000 -0.000000 1 5.774199963e-08
78 0.265738 -0.186545 -0.236106 1.696850 0.260657 -0.236055 0.000000 0.000000 0.000000 -0.000000 1 8.568167686e-08
78 0.267584 -0.189177 -0.236104 1.696850 0.260657 -0.236055 0.000000 0.000000 0.000000 -0.000000 1 5.587935448e-08
79 0.269028 -0.190459 -0.304448 1.753276 0.283513 -0.304131 0.000000 0.000000 0.000000 -0.000000 1 6.146728992e-08
79 0.271190 -0.193169 -0.304435 1.753276 0.283513 -0.304131 0.000000 0.000000 0.000000 -0.000000 1 5.960464478e-08
79 0.273427 -0.195932 -0.304423 1.753276 0.283513 -0.304131 0.000000 0.000000 0.000000 -0.000000 1 6.426125765e-08
79 0.275756 -0.198778 -0.304412 1.753276 0.283513 -0.304131 0.000000 0.000000 0.000000 -0.000000 1 5.774199963e-08
79 0.278197 -0.201738 -0.304401 1.753276 0.283513 -0.304131 0.000000 0.000000 0.000000 -0.000000 1 9.220093489e-08
79 0.280770 -0.204834 -0.304390 1.753276 0.283513 -0.304131 0.000000 0.000000 0.000000 -0.000000 1 5.960464478e-08
79 0.283486 -0.208077 -0.304380 1.753276 0.283513 -0.304131 0.000000 0.000000 0.000000 -0.000000 1 1.508742571e-07
79 0.286347 -0.211459 -0.304371 1.753276 0.283513 -0.304131 0.000000 0.000000 0.000000 -0.000000 1 5.774199963e-08
79 0.289347 -0.214955 -0.304361 1.753276 0.283513 -0.304131 0.000000 0.000000 0.000000 -0.000000 1 5.681067705e-08
79 0.292466 -0.218521 -0.304352 1.753276 0.283513 -0.304131 0.000000 0.000000 0.000000 -0.000000 1 6.332993507e-08
79 0.295675 -0.222107 -0.304344 1.753276 0.283513 -0.304131 0.000000 0.000000 0.000000 -0.000000 1 5.867332220e-08
79 0.298949 -0.225664 -0.304335 1.753276 0.283513 -0.304131 0.000000 0.000000 0.000000 -0.000000 1 6.053596735e-08
79 0.302266 -0.229158 -0.304327 1.753276 0.283513 -0.304131 0.000000 0.000000 0.000000 -0.000000 1 6.519258022e-08
79 0.305613 -0.232571 -0.304320 1.753276 0.283513 -0.304131 0.000000 0.000000 0.000000 -0.000000 1 1.238659024e-07
79 0.308992 -0.235905 -0.304312 1.753276 0.283513 -0.304131 0.000000 0.000000 0.000000 -0.000000 1 1.052394509e-07
79 0.312413 -0.239178 -0.304305 1.753276 0.283513 -0.304131 0.000000 0.000000 0.000000 -0.000000 1 8.847564459e-08
79 0.315890 -0.242410 -0.304299 1.753276 0.283513 -0.304131 0.000000 0.000000 0.000000 -0.000000 1 5.681067705e-08
79 0.319435 -0.245618 -0.304292 1.753276 0.283513 -0.304131 0.000000 0.000000 0.000000 -0.000000 1 3.818422556e-08
79 0.323048 -0.248802 -0.304286 1.753276 0.283513 -0.304131 0.000000 0.000000 0.000000 -0.000000 1 6.146728992e-08
79 0.326692 -0.251905 -0.304280 1.753276 0.283513 -0.304131 0.000000 0.000000 0.000000 -0.000000 1 6.053596735e-08
80 0.306474 -0.203242 -0.287796 1.807405 0.370756 -0.287718 0.000000 0.000000 0.000000 -0.000001 1 6.332993507e-08
80 0.309675 -0.206797 -0.287793 1.807405 0.370756 -0.287718 0.000000 0.000000 0.000000 -0.000001 1 6.239861250e-08
80 0.312801 -0.210114 -0.287790 1.807405 0.370756 -0.287718 0.000000 0.000000 0.000000 -0.000001 1 5.867332220e-08
80 0.315854 -0.213202 -0.287788 1.807405 0.370756 -0.287718 0.000000 0.000000 0.000000 -0.000001 1 1.303851604e-07
80 0.318844 -0.216080 -0.287785 1.807405 0.370756 -0.287718 0.000000 0.000000 0.000000 -0.000001 1 6.426125765e-08
80 0.321787 -0.218781 -0.287782 1.807405 0.370756 -0.287718 0.000000 0.000000 0.000000 -0.000001 1 5.587935448e-08
80 0.324706 -0.221345 -0.287780 1.807405 0.370756 -0.287718 0.000000 0.000000 0.000000 -0.000001 1 5.774199963e-08
80 0.327625 -0.223813 -0.287778 1.807405 0.370756 -0.287718 0.000000 0.000000 0.000000 -0.000001 1 6.426125765e-08
80 0.330561 -0.226214 -0.287775 1.807405 0.370756 -0.287718 0.000000 0.000000 0.000000 -0.000001 1 5.774199963e-08
80 0.333519 -0.228555 -0.287773 1.807405 0.370756 -0.287718 0.000000 0.000000 0.000000 -0.000001 1 6.332993507e-08
80 0.336499 -0.230840 -0.287771 1.807405 0.370756 -0.287718 0.000000 0.000000 0.000000 -0.000001 1 6.053596735e-08
80 0.339504 -0.233072 -0.287769 1.807405 0.370756 -0.287718 0.000000 0.000000 0.000000 -0.000001 1 5.867332220e-08
80 0.342547 -0.235275 -0.287767 1.807405 0.370756 -0.287718 0.000000 0.000000 0.000000 -0.000001 1 7.078051567e-08
80 0.345656 -0.237489 -0.287765 1.807405 0.370756 -0.287718 0.000000 0.000000 0.000000 -0.000001 1 5.867332220e-08
80 0.348856 -0.239748 -0.287763 1.807405 0.370756 -0.287718 0.000000 0.000000 0.000000 -0.000001 1 5.867332220e-08
80 0.352164 -0.242076 -0.287761 1.807405 0.370756 -0.287718 0.000000 0.000000 0.000000 -0.000001 1 6.519258022e-08
80 0.355596 -0.244486 -0.287760 1.807405 0.370756 -0.287718 0.000000 0.000000 0.000000 -0.000001 1 6.332993507e-08
80 0.359168 -0.246994 -0.287758 1.807405 0.370756 -0.287718 0.000000 0.000000 0.000000 -0.000001 1 5.587935448e-08
80 0.362896 -0.249615 -0.287757 1.807405 0.370756 -0.287718 0.000000 0.000000 0.000000 -0.000001 1 5.681067705e-08
80 0.366787 -0.252345 -0.287755 1.807405 0.370756 -0.287718 0.000000 0.000000 0.000000 -0.000001 1 5.774199963e-08
81 0.381454 -0.275069 -0.398932 1.857913 0.371665 -0.398459 0.000000 0.000000 0.000000 -0.000001 1 6.798654795e-08
81 0.386253 -0.277460 -0.398914 1.857913 0.371665 -0.398459 0.000000 0.000000 0.000000 -0.000001 1 5.774199963e-08
81 0.391197 -0.279906 -0.398896 1.857913 0.371665 -0.398459 0.000000 0.000000 0.000000 -0.000001 1 6.053596735e-08
81 0.396301 -0.282417 -0.398879 1.857913 0.371665 -0.398459 0.000000 0.000000 0.000000 -0.000001 1 6.332993507e-08
81 0.401591 -0.285015 -0.398862 1.857913 0.371665 -0.398459 0.000000 0.000000 0.000000 -0.000001 1 6.146728992e-08
81 0.407104 -0.287731 -0.398846 1.857913 0.371665 -0.398459 0.000000 0.000000 0.000000 -0.000001 1 5.681067705e-08
81 0.412868 -0.290584 -0.398831 1.857913 0.371665 -0.398459 0.000000 0.000000 0.000000 -0.000001 1 8.288770914e-08
81 0.418902 -0.293572 -0.398816 1.857913 0.371665 -0.398459 0.000000 0.000000 0.000000 -0.000001 1 6.891787052e-08
81 0.425203 -0.296672 -0.398802 1.857913 0.371665 -0.398459 0.000000 0.000000 0.000000 -0.000001 1 8.381903172e-08
81 0.431750 -0.299844 -0.398789 1.857913 0.371665 -0.398459 0.000000 0.000000 0.000000 -0.000001 1 8.195638657e-08
81 0.438536 -0.300000 -0.398776 1.857913 0.371665 -0.398459 0.000000 0.000000 0.000000 -0.000001 1 6.146728992e-08
81 0.445556 -0.300000 -0.398763 1.857913 0.371665 -0.398459 0.000000 0.000000 0.000000 -0.000001 1 5.960464478e-08
81 0.452772 -0.300000 -0.398751 1.857913 0.371665 -0.398459 0.000000 0.000000 0.000000 -0.000001 1 6.053596735e-08
81 0.460159 -0.300000 -0.398740 1.857913 0.371665 -0.398459 0.000000 0.000000 0.000000 -0.000001 1 6.798654795e-08
81 0.467718 -0.300000 -0.398729 1.857913 0.371665 -0.398459 0.000000 0.000000 0.000000 -0.000001 1 5.681067705e-08
81 0.475463 -0.300000 -0.398718 1.857913 0.371665 -0.398459 0.000000 0.000000 0.000000 -0.000001 1 6.332993507e-08
81 0.483414 -0.300000 -0.398708 1.857913 0.371665 -0.398459 0.000000 0.000000 0.000000 -0.000001 1 6.332993507e-08
81 0.491588 -0.300000 -0.398698 1.857913 0.371665 -0.398459 0.000000 0.000000 0.000000 -0.000001 1 2.607703209e-07
81 0.499979 -0.300000 -0.398689 1.857913 0.371665 -0.398459 0.000000 0.000000 0.000000 -0.000001 1 6.332993507e-08
81 0.508497 -0.300000 -0.398680 1.857913 0.371665 -0.398459 0.000000 0.000000 0.000000 -0.000001 1 1.778826118e-07
82 0.467904 -0.229690 -0.362638 1.878567 0.490223 -0.362568 0.000000 0.000000 0.000000 -0.000001 1 6.332993507e-08
82 0.475023 -0.234120 -0.362636 1.878567 0.490223 -0.362568 0.000000 0.000000 0.000000 -0.000001 1 5.774199963e-08
82 0.482055 -0.238218 -0.362633 1.878567 0.490223 -0.362568 0.000000 0.000000 0.000000 -0.000001 1 6.426125765e-08
82 0.489014 -0.242005 -0.362630 1.878567 0.490223 -0.362568 0.000000 0.000000 0.000000 -0.000001 1 6.053596735e-08
82 0.495933 -0.245517 -0.362628 1.878567 0.490223 -0.362568 0.000000 0.000000 0.000000 -0.000001 1 5.681067705e-08
82 0.502852 -0.248798 -0.362625 1.878567 0.490223 -0.362568 0.000000 0.000000 0.000000 -0.000002 1 5.774199963e-08
82 0.509816 -0.251892 -0.362623 1.878567 0.490223 -0.362568 0.000000 0.000000 0.000000 -0.000002 1 5.774199963e-08
82 0.516864 -0.254838 -0.362621 1.878567 0.490223 -0.362568 0.000000 0.000000 0.000000 -0.000002 1 6.519258022e-08
82 0.524026 -0.257661 -0.362619 1.878567 0.490223 -0.362568 0.000000 0.000000 0.000000 -0.000002 1 6.239861250e-08
82 0.531313 -0.260367 -0.362617 1.878567 0.490223 -0.362568 0.000000 0.000000 0.000000 -0.000002 1 9.033828974e-08
82 0.538703 -0.262934 -0.362615 1.878567 0.490223 -0.362568 0.000000 0.000000 0.000000 -0.000002 1 6.053596735e-08
82 0.546164 -0.265334 -0.362613 1.878567 0.490223 -0.362568 0.000000 0.000000 0.000000 -0.000002 1 3.166496754e-08
82 0.553700 -0.267571 -0.362611 1.878567 0.490223 -0.362568 0.000000 0.000000 0.000000 -0.000002 1 3.166496754e-08
82 0.561347 -0.269675 -0.362610 1.878567 0.490223 -0.362568 0.000000 0.000000 0.000000 -0.000002 1 1.490116119e-08
82 0.569141 -0.271675 -0.362608 1.878567 0.490223 -0.362568 0.000000 0.000000 0.000000 -0.000002 1 2.225860953e-07
82 0.577116 -0.273591 -0.362606 1.878567 0.490223 -0.362568 0.000000 0.000000 0.000000 -0.000002 1 6.239861250e-08
82 0.585303 -0.275441 -0.362605 1.878567 0.490223 -0.362568 0.000000 0.000000 0.000000 -0.000002 1 6.426125765e-08
82 0.593728 -0.277234 -0.362603 1.878567 0.490223 -0.362568 0.000000 0.000000 0.000000 -0.000002 1 6.146728992e-08
82 0.602421 -0.278981 -0.362602 1.878567 0.490223 -0.362568 0.000000 0.000000 0.000000 -0.000002 1 5.960464478e-08
82 0.611399 -0.280679 -0.362601 1.878567 0.490223 -0.362568 0.000000 0.000000 0.000000 -0.000002 1 6.705522537e-08
83 0.631512 -0.295470 -0.497183 1.893513 0.480384 -0.496622 0.000000 0.000000 0.000000 -0.000002 1 6.146728992e-08
83 0.641980 -0.296243 -0.497161 1.893513 0.480384 -0.496622 0.000000 0.000000 0.000000 -0.000002 1 6.239861250e-08
83 0.652703 -0.296880 -0.497140 1.893513 0.480384 -0.496622 0.000000 0.000000 0.000000 -0.000002 1 6.984919310e-08
83 0.663686 -0.297369 -0.497120 1.893513 0.480384 -0.496622 0.000000 0.000000 0.000000 -0.000002 1 1.080334187e-07
83 0.674923 -0.297690 -0.497100 1.893513 0.480384 -0.496622 0.000000 0.000000 0.000000 -0.000002 1 8.195638657e-08
83 0.686447 -0.297847 -0.497081 1.893513 0.480384 -0.496622 0.000000 0.000000 0.000000 -0.000002 1 7.171183825e-08
83 0.698328 -0.297863 -0.497063 1.893513 0.480384 -0.496622 0.000000 0.000000 0.000000 -0.000002 1 6.426125765e-08
83 0.710630 -0.297745 -0.497046 1.893513 0.480384 -0.496622 0.000000 0.000000 0.000000 -0.000002 1 5.774199963e-08
83 0.723384 -0.297480 -0.497029 1.893513 0.480384 -0.496622 0.000000 0.000000 0.000000 -0.000002 1 1.899898052e-07
83 0.736577 -0.297030 -0.497013 1.893513 0.480384 -0.496622 0.000000 0.000000 0.000000 -0.000002 1 6.146728992e-08
83 0.750162 -0.296344 -0.496998 1.893513 0.480384 -0.496622 0.000000 0.000000 0.000000 -0.000002 1 7.264316082e-08
83 0.764076 -0.295375 -0.496983 1.893513 0.480384 -0.496622 0.000000 0.000000 0.000000 -0.000002 1 1.601874828e-07
83 0.778267 -0.294085 -0.496969 1.893513 0.480384 -0.496622 0.000000 0.000000 0.000000 -0.000002 1 5.960464478e-08
83 0.792725 -0.292456 -0.496955 1.893513 0.480384 -0.496622 0.000000 0.000000 0.000000 -0.000002 1 6.053596735e-08
83 0.807483 -0.290486 -0.496942 1.893513 0.480384 -0.496622 0.000000 0.000000 0.000000 -0.000002 1 6.239861250e-08
83 0.822584 -0.288170 -0.496930 1.893513 0.480384 -0.496622 0.000000 0.000000 0.000000 -0.000002 1 6.146728992e-08
83 0.838066 -0.285493 -0.496918 1.893513 0.480384 -0.496622 0.000000 0.000000 0.000000 -0.000002 1 5.681067705e-08
83 0.853961 -0.282432 -0.496907 1.893513 0.480384 -0.496622 0.000000 0.000000 0.000000 -0.000002 1 6.146728992e-08
83 0.870273 -0.278952 -0.496897 1.893513 0.480384 -0.496622 0.000000 0.000000 0.000000 -0.000002 1 6.426125765e-08
83 0.886967 -0.275006 -0.496890 1.893513 0.480384 -0.496622 0.000000 0.000000 0.000000 -0.000002 1 6.239861250e-08
84 0.806862 -0.185527 -0.458269 1.827782 0.599821 -0.458140 0.000000 0.000000 0.000000 -0.000002 1 6.332993507e-08
84 0.821446 -0.183789 -0.458264 1.827782 0.599821 -0.458140 0.000000 0.000000 0.000000 -0.000002 1 5.960464478e-08
84 0.836246 -0.181593 -0.458259 1.827782 0.599821 -0.458140 0.000000 0.000000 0.000000 -0.000002 1 6.519258022e-08
84 0.851290 -0.178933 -0.458254 1.827782 0.599821 -0.458140 0.000000 0.000000 0.000000 -0.000002 1 6.519258022e-08
84 0.866626 -0.175802 -0.458250 1.827782 0.599821 -0.458140 0.000000 0.000000 0.000000 -0.000002 1 7.171183825e-08
84 0.882304 -0.172187 -0.458246 1.827782 0.599821 -0.458140 0.000000 0.000000 0.000000 -0.000002 1 1.294538379e-07
84 0.898367 -0.168068 -0.458241 1.827782 0.599821 -0.458140 0.000000 0.000000 0.000000 -0.000002 1 1.145526767e-07
84 0.914843 -0.163419 -0.458238 1.827782 0.599821 -0.458140 0.000000 0.000000 0.000000 -0.000002 1 8.195638657e-08
84 0.931738 -0.158207 -0.458234 1.827782 0.599821 -0.458140 0.000000 0.000000 0.000000 -0.000002 1 1.667067409e-07
84 0.949030 -0.152397 -0.458230 1.827782 0.599821 -0.458140 0.000000 0.000000 0.000000 -0.000002 1 6.519258022e-08
84 0.966677 -0.145958 -0.458227 1.827782 0.599821 -0.458140 0.000000 0.000000 0.000000 -0.000002 1 6.798654795e-08
84 0.984624 -0.138863 -0.458223 1.827782 0.599821 -0.458140 0.000000 0.000000 0.000000 -0.000002 1 6.426125765e-08
84 1.000000 -0.131093 -0.458218 1.827782 0.599821 -0.458140 0.000000 0.000000 0.000000 -0.000002 1 6.146728992e-08
84 1.000000 -0.123114 -0.458212 1.827782 0.599821 -0.458140 0.000000 0.000000 0.000000 -0.000002 1 6.053596735e-08
84 1.000000 -0.115235 -0.458207 1.827782 0.599821 -0.458140 0.000000 0.000000 0.000000 -0.000002 1 6.146728992e-08
84 1.000000 -0.107429 -0.458202 1.827782 0.599821 -0.458140 0.000000 0.000000 0.000000 -0.000002 1 6.239861250e-08
84 1.000000 -0.099669 -0.458197 1.827782 0.599821 -0.458140 0.000000 0.000000 0.000000 -0.000001 1 5.774199963e-08
84 1.000000 -0.091923 -0.458192 1.827782 0.599821 -0.458140 0.000000 0.000000 0.000000 -0.000001 1 6.891787052e-08
84 1.000000 -0.084160 -0.458188 1.827782 0.599821 -0.458140 0.000000 0.000000 0.000000 -0.000001 1 5.681067705e-08
84 1.000000 -0.076346 -0.458183 1.827782 0.599821 -0.458140 0.000000 0.000000 0.000000 -0.000001 1 6.053596735e-08
85 0.895719 -0.009017 -0.495608 1.714454 0.658150 -0.495421 0.000000 0.000000 0.000000 -0.000001 1 6.053596735e-08
85 0.916530 -0.003815 -0.495601 1.714454 0.658150 -0.495421 0.000000 0.000000 0.000000 -0.000001 1 5.587935448e-08
85 0.937591 0.002455 -0.495594 1.714454 0.658150 -0.495421 0.000000 0.000000 0.000000 -0.000001 1 5.681067705e-08
85 0.958878 0.009830 -0.495587 1.714454 0.658150 -0.495421 0.000000 0.000000 0.000000 -0.000001 1 5.960464478e-08
85 0.980377 0.018353 -0.495580 1.714454 0.658150 -0.495421 0.000000 0.000000 0.000000 -0.000001 1 5.774199963e-08
85 1.000000 0.028096 -0.495574 1.714454 0.658150 -0.495421 0.000000 0.000000 0.000000 -0.000001 1 1.173466444e-07
85 1.000000 0.038580 -0.495567 1.714454 0.658150 -0.495421 0.000000 0.000000 0.000000 -0.000001 1 1.396983862e-08
85 1.000000 0.049428 -0.495560 1.714454 0.658150 -0.495421 0.000000 0.000000 0.000000 -0.000001 1 3.259629011e-08
85 1.000000 0.060722 -0.495553 1.714454 0.658150 -0.495421 0.000000 0.000000 0.000000 -0.000001 1 3.818422556e-08
85 1.000000 0.072511 -0.495545 1.714454 0.658150 -0.495421 0.000000 0.000000 0.000000 -0.000001 1 4.563480616e-08
85 1.000000 0.084787 -0.495534 1.714454 0.658150 -0.495421 0.000000 0.000000 0.000000 -0.000001 1 4.004687071e-08
85 1.000000 0.097492 -0.495514 1.714454 0.658150 -0.495421 0.000000 0.000000 0.000000 -0.000001 1 6.053596735e-08
85 1.000000 0.110452 -0.495471 1.714454 0.658150 -0.495421 0.000000 0.000000 0.000000 -0.000000 1 5.867332220e-08
85 1.000000 0.123205 -0.495361 1.714454 0.658150 -0.495421 0.000000 0.000000 0.000000 -0.000000 1 5.867332220e-08
85 1.000000 0.134579 -0.495037 1.714454 0.658150 -0.495421 0.000000 0.000000 0.000000 -0.000001 1 5.867332220e-08
85 1.000000 0.142599 -0.494053 1.714454 0.658150 -0.495421 0.000000 0.000000 0.000000 -0.000001 1 5.774199963e-08
85 1.000000 0.146158 -0.491684 1.714454 0.658150 -0.495421 0.000000 0.000000 0.000000 -0.000001 1 5.774199963e-08
85 1.000000 0.146210 -0.487615 1.714454 0.658150 -0.495421 0.000000 0.000000 0.000000 -0.000001 1 1.648440957e-07
85 1.000000 0.144243 -0.482156 1.714454 0.658150 -0.495421 0.000000 0.000000 0.000000 -0.000001 1 7.823109627e-08
85 1.000000 0.141234 -0.475806 1.714454 0.658150 -0.495421 0.000000 0.000000 0.000000 -0.000001 1 6.984919310e-08
86 0.747717 0.295895 -0.325926 1.452169 0.809531 -0.349800 0.000000 0.000000 0.000000 -0.000001 1 6.984919310e-08
86 0.774610 0.300000 -0.326863 1.452169 0.809531 -0.349800 0.000000 0.000000 0.000000 -0.000000 1 5.960464478e-08
86 0.800781 0.300000 -0.327760 1.452169 0.809531 -0.349800 0.000000 0.000000 0.000000 -0.000000 1 4.265457392e-07
86 0.826092 0.300000 -0.328590 1.452169 0.809531 -0.349800 0.000000 0.000000 0.000000 -0.000000 1 5.960464478e-08
86 0.849725 0.300000 -0.329039 1.452169 0.809531 -0.349800 0.000000 0.000000 0.000000 -0.000000 1 6.332993507e-08
86 0.867226 0.299906 -0.327231 1.452169 0.809531 -0.349800 0.000000 0.000000 0.000000 -0.000001 1 6.239861250e-08
86 0.878288 0.297914 -0.323033 1.452169 0.809531 -0.349800 0.000000 0.000000 0.000000 -0.000001 1 5.867332220e-08
86 0.886913 0.295148 -0.318095 1.452169 0.809531 -0.349800 0.000000 0.000000 0.000000 -0.000001 1 6.519258022e-08
86 0.894627 0.292281 -0.313028 1.452169 0.809531 -0.349800 0.000000 0.000000 0.000000 -0.000001 1 7.078051567e-08
86 0.901881 0.289452 -0.308011 1.452169 0.809531 -0.349800 0.000000 0.000000 0.000000 -0.000000 1 6.239861250e-08
86 0.908818 0.286692 -0.303093 1.452169 0.809531 -0.349800 0.000000 0.000000 0.000000 -0.000000 1 5.960464478e-08
86 0.915507 0.283999 -0.298283 1.452169 0.809531 -0.349800 0.000000 0.000000 0.000000 -0.000000 1 5.867332220e-08
86 0.921954 0.281362 -0.293580 1.452169 0.809531 -0.349800 0.000000 0.000000 0.000000 -0.000000 1 5.774199963e-08
86 0.928077 0.278762 -0.288987 1.452169 0.809531 -0.349800 0.000000 0.000000 0.000000 -0.000000 1 5.960464478e-08
86 0.933601 0.276148 -0.284511 1.452169 0.809531 -0.349800 0.000000 0.000000 0.000000 -0.000000 1 6.332993507e-08
86 0.937563 0.273407 -0.280205 1.452169 0.809531 -0.349800 0.000000 0.000000 0.000000 -0.000001 1 6.798654795e-08
86 0.936219 0.271056 -0.276606 1.452169 0.809531 -0.349800 0.000000 0.000000 0.000000 -0.000001 1 5.867332220e-08
86 0.924442 0.274836 -0.276265 1.452169 0.809531 -0.349800 0.000000 0.000000 0.000000 -0.000001 1 5.867332220e-08
86 0.909745 0.283485 -0.278150 1.452169 0.809531 -0.349800 0.000000 0.000000 0.000000 -0.000001 1 1.024454832e-07
86 0.895453 0.291988 -0.280217 1.452169 0.809531 -0.349800 0.000000 0.000000 0.000000 -0.000001 1 1.117587090e-07
87 0.585365 0.300000 -0.129081 1.148885 0.902005 -0.192936 0.000000 0.000000 0.000000 -0.000001 1 6.705522537e-08
87 0.579213 0.300000 -0.144898 1.148885 0.902005 -0.192936 0.000000 0.000000 0.000000 -0.000001 1 6.146728992e-08
87 0.573758 0.300000 -0.157119 1.148885 0.902005 -0.192936 0.000000 0.000000 0.000000 -0.000001 1 5.587935448e-08
87 0.571654 0.300000 -0.166424 1.148885 0.902005 -0.192936 0.000000 0.000000 0.000000 -0.000001 1 6.332993507e-08
87 0.572631 0.300000 -0.173727 1.148885 0.902005 -0.192936 0.000000 0.000000 0.000000 -0.000000 1 9.872019291e-08
87 0.576137 0.300000 -0.179621 1.148885 0.902005 -0.192936 0.000000 0.000000 0.000000 -0.000000 1 5.867332220e-08
87 0.581547 0.300000 -0.184513 1.148885 0.902005 -0.192936 0.000000 0.000000 0.000000 -0.000000 1 5.681067705e-08
87 0.588212 0.300000 -0.188700 1.148885 0.902005 -0.192936 0.000000 0.000000 0.000000 -0.000000 1 6.053596735e-08
87 0.595535 0.300000 -0.192399 1.148885 0.902005 -0.192936 0.000000 0.000000 0.000000 -0.000000 1 5.774199963e-08
87 0.603060 0.300000 -0.195760 1.148885 0.902005 -0.192936 0.000000 0.000000 0.000000 -0.000000 1 5.774199963e-08
87 0.610500 0.300000 -0.198878 1.148885 0.902005 -0.192936 0.000000 0.000000 0.000000 -0.000000 1 5.960464478e-08
87 0.617697 0.300000 -0.201809 1.148885 0.902005 -0.192936 0.000000 0.000000 0.000000 -0.000000 1 9.872019291e-08
87 0.624566 0.300000 -0.204586 1.148885 0.902005 -0.192936 0.000000 0.000000 0.000000 -0.000001 1 5.960464478e-08
87 0.631066 0.300000 -0.207231 1.148885 0.902005 -0.192936 0.000000 0.000000 0.000000 -0.000001 1 6.332993507e-08
87 0.637168 0.300000 -0.209757 1.148885 0.902005 -0.192936 0.000000 0.000000 0.000000 -0.000001 1 5.960464478e-08
87 0.642847 0.300000 -0.212175 1.148885 0.902005 -0.192936 0.000000 0.000000 0.000000 -0.000001 1 5.960464478e-08
87 0.648085 0.300000 -0.214491 1.148885 0.902005 -0.192936 0.000000 0.000000 0.000000 -0.000001 1 7.823109627e-08
87 0.652871 0.300000 -0.216710 1.148885 0.902005 -0.192936 0.000000 0.000000 0.000000 -0.000001 1 5.774199963e-08
87 0.657204 0.300000 -0.218837 1.148885 0.902005 -0.192936 0.000000 0.000000 0.000000 -0.000001 1 6.705522537e-08
87 0.661101 0.300000 -0.220874 1.148885 0.902005 -0.192936 0.000000 0.000000 0.000000 -0.000001 1 6.053596735e-08
88 0.375229 0.278131 -0.134957 0.858373 0.869330 -0.105941 0.000000 0.000000 0.000000 -0.000000 1 6.426125765e-08
88 0.377231 0.300000 -0.136783 0.858373 0.869330 -0.105941 0.000000 0.000000 0.000000 -0.000000 1 6.519258022e-08
88 0.377290 0.300000 -0.138789 0.858373 0.869330 -0.105941 0.000000 0.000000 0.000000 -0.000000 1 6.519258022e-08
88 0.378082 0.300000 -0.140480 0.858373 0.869330 -0.105941 0.000000 0.000000 0.000000 -0.000000 1 4.190951586e-08
88 0.379448 0.300000 -0.141920 0.858373 0.869330 -0.105941 0.000000 0.000000 0.000000 -0.000000 1 3.632158041e-08
88 0.381213 0.300000 -0.143168 0.858373 0.869330 -0.105941 0.000000 0.000000 0.000000 -0.000000 1 4.656612873e-08
88 0.383240 0.300000 -0.144265 0.858373 0.869330 -0.105941 0.000000 0.000000 0.000000 -0.000000 1 1.015141606e-07
88 0.385432 0.300000 -0.145243 0.858373 0.869330 -0.105941 0.000000 0.000000 0.000000 -0.000000 1 5.494803190e-08
88 0.387720 0.300000 -0.146123 0.858373 0.869330 -0.105941 0.000000 0.000000 0.000000 -0.000000 1 1.136213541e-07
88 0.390063 0.300000 -0.146920 0.858373 0.869330 -0.105941 0.000000 0.000000 0.000000 -0.000000 1 6.891787052e-08
88 0.392429 0.300000 -0.147647 0.858373 0.869330 -0.105941 0.000000 0.000000 0.000000 -0.000000 1 7.264316082e-08
88 0.394793 0.300000 -0.148310 0.858373 0.869330 -0.105941 0.000000 0.000000 0.000000 -0.000000 1 6.891787052e-08
88 0.397130 0.300000 -0.148916 0.858373 0.869330 -0.105941 0.000000 0.000000 0.000000 -0.000000 1 7.078051567e-08
88 0.399422 0.300000 -0.149472 0.858373 0.869330 -0.105941 0.000000 0.000000 0.000000 -0.000000 1 1.350417733e-07
88 0.401662 0.300000 -0.149984 0.858373 0.869330 -0.105941 0.000000 0.000000 0.000000 -0.000000 1 1.033768058e-07
88 0.403846 0.300000 -0.150454 0.858373 0.869330 -0.105941 0.000000 0.000000 0.000000 -0.000000 1 8.940696716e-08
88 0.405974 0.300000 -0.150888 0.858373 0.869330 -0.105941 0.000000 0.000000 0.000000 -0.000000 1 9.685754776e-08
88 0.408043 0.300000 -0.151288 0.858373 0.869330 -0.105941 0.000000 0.000000 0.000000 -0.000000 1 5.960464478e-08
88 0.410055 0.300000 -0.151657 0.858373 0.869330 -0.105941 0.000000 0.000000 0.000000 -0.000000 1 6.239861250e-08
88 0.412035 0.300000 -0.151997 0.858373 0.869330 -0.105941 0.000000 0.000000 0.000000 -0.000000 1 6.053596735e-08
89 0.232461 0.205277 -0.162989 0.674855 0.765049 -0.117049 0.000000 0.000000 0.000000 -0.000000 1 5.774199963e-08
89 0.236278 0.229866 -0.162708 0.674855 0.765049 -0.117049 0.000000 0.000000 0.000000 -0.000000 1 6.519258022e-08
89 0.235860 0.251297 -0.163048 0.674855 0.765049 -0.117049 0.000000 0.000000 0.000000 -0.000000 1 6.146728992e-08
89 0.231008 0.265044 -0.164094 0.674855 0.765049 -0.117049 0.000000 0.000000 0.000000 0.000000 1 6.332993507e-08
89 0.226451 0.270217 -0.165216 0.674855 0.765049 -0.117049 0.000000 0.000000 0.000000 0.000000 1 6.332993507e-08
89 0.223910 0.271580 -0.166086 0.674855 0.765049 -0.117049 0.000000 0.000000 0.000000 0.000000 1 6.612390280e-08
89 0.222440 0.271710 -0.166771 0.674855 0.765049 -0.117049 0.000000 0.000000 0.000000 0.000000 1 6.239861250e-08
89 0.221390 0.271453 -0.167338 0.674855 0.765049 -0.117049 0.000000 0.000000 0.000000 0.000000 1 6.426125765e-08
89 0.220517 0.271063 -0.167816 0.674855 0.765049 -0.117049 0.000000 0.000000 0.000000 0.000000 1 6.053596735e-08
89 0.219765 0.270596 -0.168219 0.674855 0.765049 -0.117049 0.000000 0.000000 0.000000 0.000000 1 6.519258022e-08
89 0.219124 0.270063 -0.168554 0.674855 0.765049 -0.117049 0.000000 0.000000 0.000000 0.000000 1 6.239861250e-08
89 0.218586 0.269475 -0.168832 0.674855 0.765049 -0.117049 0.000000 0.000000 0.000000 0.000000 1 9.313225746e-08
89 0.218140 0.268839 -0.169060 0.674855 0.765049 -0.117049 0.000000 0.000000 0.000000 0.000000 1 6.705522537e-08
89 0.217764 0.268176 -0.169245 0.674855 0.765049 -0.117049 0.000000 0.000000 0.000000 0.000000 1 6.053596735e-08
89 0.217413 0.267524 -0.169394 0.674855 0.765049 -0.117049 0.000000 0.000000 0.000000 0.000000 1 7.078051567e-08
89 0.217036 0.266929 -0.169514 0.674855 0.765049 -0.117049 0.000000 0.000000 0.000000 0.000000 1 6.146728992e-08
89 0.216603 0.266418 -0.169607 0.674855 0.765049 -0.117049 0.000000 0.000000 0.000000 0.000000 1 6.239861250e-08
89 0.216111 0.265995 -0.169675 0.674855 0.765049 -0.117049 0.000000 0.000000 0.000000 0.000000 1 9.592622519e-08
89 0.215583 0.265644 -0.169716 0.674855 0.765049 -0.117049 0.000000 0.000000 0.000000 0.000000 1 7.078051567e-08
89 0.214989 0.265389 -0.169737 0.674855 0.765049 -0.117049 0.000000 0.000000 0.000000 0.000000 1 1.406297088e-07
90 0.172553 0.162961 -0.290293 0.629992 0.654438 -0.237628 0.000000 0.000000 0.000000 0.000000 1 8.754432201e-08
90 0.174347 0.183656 -0.289532 0.629992 0.654438 -0.237628 0.000000 0.000000 0.000000 0.000000 1 5.960464478e-08
90 0.172559 0.199968 -0.289186 0.629992 0.654438 -0.237628 0.000000 0.000000 0.000000 0.000000 1 2.002343535e-07
90 0.168886 0.209703 -0.289104 0.629992 0.654438 -0.237628 0.000000 0.000000 0.000000 0.000000 1 7.078051567e-08
90 0.165998 0.214189 -0.289007 0.629992 0.654438 -0.237628 0.000000 0.000000 0.000000 0.000000 1 6.239861250e-08
90 0.164375 0.216099 -0.288818 0.629992 0.654438 -0.237628 0.000000 0.000000 0.000000 0.000000 1 5.960464478e-08
90 0.163598 0.216844 -0.288561 0.629992 0.654438 -0.237628 0.000000 0.000000 0.000000 0.000000 1 6.798654795e-08
90 0.163333 0.217007 -0.288264 0.629992 0.654438 -0.237628 0.000000 0.000000 0.000000 0.000000 1 3.697350621e-07
90 0.163359 0.216878 -0.287945 0.629992 0.654438 -0.237628 0.000000 0.000000 0.000000 0.000000 1 6.239861250e-08
90 0.163537 0.216614 -0.287616 0.629992 0.654438 -0.237628 0.000000 0.000000 0.000000 0.000000 1 6.426125765e-08
90 0.163784 0.216297 -0.287283 0.629992 0.654438 -0.237628 0.000000 0.000000 0.000000 0.000000 1 5.960464478e-08
90 0.164059 0.215971 -0.286952 0.629992 0.654438 -0.237628 0.000000 0.000000 0.000000 0.000000 1 6.519258022e-08
90 0.164326 0.215669 -0.286624 0.629992 0.654438 -0.237628 0.000000 0.000000 0.000000 0.000000 1 6.239861250e-08
90 0.164570 0.215406 -0.286301 0.629992 0.654438 -0.237628 0.000000 0.000000 0.000000 0.000000 1 6.332993507e-08
90 0.164805 0.215167 -0.285981 0.629992 0.654438 -0.237628 0.000000 0.000000 0.000000 0.000000 1 1.657754183e-07
90 0.165065 0.214918 -0.285662 0.629992 0.654438 -0.237628 0.000000 0.000000 0.000000 0.000000 1 5.681067705e-08
90 0.165371 0.214640 -0.285345 0.629992 0.654438 -0.237628 0.000000 0.000000 0.000000 0.000000 1 7.264316082e-08
90 0.165709 0.214345 -0.285031 0.629992 0.654438 -0.237628 0.000000 0.000000 0.000000 0.000000 1 8.102506399e-08
90 0.166073 0.214040 -0.284720 0.629992 0.654438 -0.237628 0.000000 0.000000 0.000000 0.000000 1 5.587935448e-08
90 0.166474 0.213714 -0.284411 0.629992 0.654438 -0.237628 0.000000 0.000000 0.000000 0.000000 1 3.259629011e-08
91 0.221055 0.056173 -0.451834 0.680158 0.489692 -0.405203 0.000000 0.000000 0.000000 0.000000 1 2.328306437e-08
91 0.227599 0.076649 -0.450427 0.680158 0.489692 -0.405203 0.000000 0.000000 0.000000 0.000000 1 3.632158041e-08
91 0.233496 0.096283 -0.449174 0.680158 0.489692 -0.405203 0.000000 0.000000 0.000000 0.000000 1 2.700835466e-08
91 0.238776 0.115101 -0.448067 0.680158 0.489692 -0.405203 0.000000 0.000000 0.000000 0.000000 1 6.519258022e-08
91 0.243433 0.133109 -0.447105 0.680158 0.489692 -0.405203 0.000000 0.000000 0.000000 0.000000 1 1.639127731e-07
91 0.247437 0.150297 -0.446283 0.680158 0.489692 -0.405203 0.000000 0.000000 0.000000 0.000000 1 5.867332220e-08
91 0.250740 0.166635 -0.445600 0.680158 0.489692 -0.405203 0.000000 0.000000 0.000000 0.000000 1 6.705522537e-08
91 0.253285 0.182061 -0.445056 0.680158 0.489692 -0.405203 0.000000 0.000000 0.000000 0.000000 1 6.519258022e-08
91 0.254998 0.196470 -0.444652 0.680158 0.489692 -0.405203 0.000000 0.000000 0.000000 0.000000 1 6.053596735e-08
91 0.255797 0.209685 -0.444394 0.680158 0.489692 -0.405203 0.000000 0.000000 0.000000 0.000000 1 5.867332220e-08
91 0.255610 0.221415 -0.444285 0.680158 0.489692 -0.405203 0.000000 0.000000 0.000000 0.000000 1 6.426125765e-08
91 0.254456 0.231250 -0.444318 0.680158 0.489692 -0.405203 0.000000 0.000000 0.000000 0.000000 1 6.146728992e-08
91 0.252577 0.238785 -0.444464 0.680158 0.489692 -0.405203 0.000000 0.000000 0.000000 0.000000 1 5.681067705e-08
91 0.250434 0.243924 -0.444667 0.680158 0.489692 -0.405203 0.000000 0.000000 0.000000 0.000000 1 5.960464478e-08
91 0.248460 0.247048 -0.444872 0.680158 0.489692 -0.405203 0.000000 0.000000 0.000000 0.000000 1 6.053596735e-08
91 0.246823 0.248798 -0.445051 0.680158 0.489692 -0.405203 0.000000 0.000000 0.000000 0.000000 1 6.053596735e-08
91 0.245483 0.249744 -0.445199 0.680158 0.489692 -0.405203 0.000000 0.000000 0.000000 0.000000 1 6.239861250e-08
91 0.244342 0.250265 -0.445319 0.680158 0.489692 -0.405203 0.000000 0.000000 0.000000 0.000000 1 5.681067705e-08
91 0.243321 0.250572 -0.445417 0.680158 0.489692 -0.405203 0.000000 0.000000 0.000000 0.000000 1 5.960464478e-08
91 0.242376 0.250768 -0.445494 0.680158 0.489692 -0.405203 0.000000 0.000000 0.000000 0.000000 1 7.171183825e-08
92 0.318670 0.125898 -0.561279 0.754481 0.360588 -0.520885 0.000000 0.000000 0.000000 -0.000000 1 6.239861250e-08
92 0.320751 0.138206 -0.560479 0.754481 0.360588 -0.520885 0.000000 0.000000 0.000000 -0.000000 1 1.527369022e-07
92 0.322459 0.149872 -0.559769 0.754481 0.360588 -0.520885 0.000000 0.000000 0.000000 -0.000000 1 6.705522537e-08
92 0.323824 0.160919 -0.559144 0.754481 0.360588 -0.520885 0.000000 0.000000 0.000000 -0.000000 1 5.774199963e-08
92 0.324880 0.171373 -0.558598 0.754481 0.360588 -0.520885 0.000000 0.000000 0.000000 -0.000000 1 6.053596735e-08
92 0.325657 0.181261 -0.558126 0.754481 0.360588 -0.520885 0.000000 0.000000 0.000000 -0.000000 1 5.960464478e-08
92 0.326176 0.190601 -0.557723 0.754481 0.360588 -0.520885 0.000000 0.000000 0.000000 -0.000000 1 6.146728992e-08
92 0.326451 0.199400 -0.557384 0.754481 0.360588 -0.520885 0.000000 0.000000 0.000000 -0.000000 1 6.519258022e-08
92 0.326501 0.207670 -0.557101 0.754481 0.360588 -0.520885 0.000000 0.000000 0.000000 -0.000000 1 5.867332220e-08
92 0.326346 0.215430 -0.556872 0.754481 0.360588 -0.520885 0.000000 0.000000 0.000000 -0.000000 1 5.867332220e-08
92 0.326008 0.222705 -0.556691 0.754481 0.360588 -0.520885 0.000000 0.000000 0.000000 -0.000000 1 5.774199963e-08
92 0.325508 0.229522 -0.556557 0.754481 0.360588 -0.520885 0.000000 0.000000 0.000000 -0.000000 1 6.146728992e-08
92 0.324862 0.235896 -0.556467 0.754481 0.360588 -0.520885 0.000000 0.000000 0.000000 -0.000000 1 6.239861250e-08
92 0.324081 0.241843 -0.556415 0.754481 0.360588 -0.520885 0.000000 0.000000 0.000000 -0.000000 1 7.264316082e-08
92 0.323180 0.247374 -0.556401 0.754481 0.360588 -0.520885 0.000000 0.000000 0.000000 -0.000000 1 6.798654795e-08
92 0.322171 0.252507 -0.556421 0.754481 0.360588 -0.520885 0.000000 0.000000 0.000000 -0.000000 1 6.332993507e-08
92 0.321063 0.257255 -0.556474 0.754481 0.360588 -0.520885 0.000000 0.000000 0.000000 -0.000000 1 6.053596735e-08
92 0.319867 0.261623 -0.556557 0.754481 0.360588 -0.520885 0.000000 0.000000 0.000000 -0.000000 1 6.239861250e-08
92 0.318591 0.265614 -0.556667 0.754481 0.360588 -0.520885 0.000000 0.000000 0.000000 -0.000000 1 1.871958375e-07
92 0.317244 0.269228 -0.556803 0.754481 0.360588 -0.520885 0.000000 0.000000 0.000000 -0.000000 1 6.426125765e-08
93 0.324078 0.162307 -0.621156 0.865977 0.252095 -0.576306 0.000000 0.000000 0.000000 -0.000000 1 5.960464478e-08
93 0.324178 0.168322 -0.620487 0.865977 0.252095 -0.576306 0.000000 0.000000 0.000000 -0.000000 1 6.053596735e-08
93 0.324187 0.174043 -0.619889 0.865977 0.252095 -0.576306 0.000000 0.000000 0.000000 -0.000000 1 6.053596735e-08
93 0.324109 0.179472 -0.619354 0.865977 0.252095 -0.576306 0.000000 0.000000 0.000000 -0.000000 1 6.146728992e-08
93 0.323944 0.184597 -0.618876 0.865977 0.252095 -0.576306 0.000000 0.000000 0.000000 -0.000000 1 6.053596735e-08
93 0.323693 0.189392 -0.618447 0.865977 0.252095 -0.576306 0.000000 0.000000 0.000000 -0.000000 1 6.519258022e-08
93 0.323356 0.193828 -0.618055 0.865977 0.252095 -0.576306 0.000000 0.000000 0.000000 -0.000000 1 5.960464478e-08
93 0.322941 0.197887 -0.617694 0.865977 0.252095 -0.576306 0.000000 0.000000 0.000000 -0.000000 1 9.592622519e-08
93 0.322459 0.201569 -0.617356 0.865977 0.252095 -0.576306 0.000000 0.000000 0.000000 -0.000000 1 7.171183825e-08
93 0.321923 0.204892 -0.617039 0.865977 0.252095 -0.576306 0.000000 0.000000 0.000000 -0.000000 1 6.519258022e-08
93 0.321344 0.207880 -0.616738 0.865977 0.252095 -0.576306 0.000000 0.000000 0.000000 -0.000000 1 6.798654795e-08
93 0.320732 0.210554 -0.616452 0.865977 0.252095 -0.576306 0.000000 0.000000 0.000000 -0.000000 1 6.798654795e-08
93 0.320096 0.212933 -0.616179 0.865977 0.252095 -0.576306 0.000000 0.000000 0.000000 -0.000000 1 5.867332220e-08
93 0.319445 0.215033 -0.615915 0.865977 0.252095 -0.576306 0.000000 0.000000 0.000000 -0.000000 1 6.146728992e-08
93 0.318785 0.216856 -0.615657 0.865977 0.252095 -0.576306 0.000000 0.000000 0.000000 -0.000000 1 5.867332220e-08
93 0.318126 0.218394 -0.615398 0.865977 0.252095 -0.576306 0.000000 0.000000 0.000000 -0.000000 1 1.518055797e-07
93 0.317479 0.219636 -0.615133 0.865977 0.252095 -0.576306 0.000000 0.000000 0.000000 -0.000000 1 5.681067705e-08
93 0.316853 0.220583 -0.614857 0.865977 0.252095 -0.576306 0.000000 0.000000 0.000000 -0.000000 1 6.984919310e-08
93 0.316261 0.221240 -0.614566 0.865977 0.252095 -0.576306 0.000000 0.000000 0.000000 -0.000000 1 7.450580597e-08
93 0.315711 0.221618 -0.614258 0.865977 0.252095 -0.576306 0.000000 0.000000 0.000000 -0.000000 1 6.891787052e-08
94 0.319665 0.118781 -0.593204 0.914442 0.151471 -0.553578 0.000000 0.000000 0.000000 -0.000000 1 1.043081284e-07
94 0.319981 0.119767 -0.592103 0.914442 0.151471 -0.553578 0.000000 0.000000 0.000000 -0.000000 1 6.798654795e-08
94 0.320324 0.120410 -0.591016 0.914442 0.151471 -0.553578 0.000000 0.000000 0.000000 -0.000000 1 6.239861250e-08
94 0.320701 0.120738 -0.589940 0.914442 0.151471 -0.553578 0.000000 0.000000 0.000000 -0.000000 1 5.681067705e-08
94 0.321120 0.120787 -0.588874 0.914442 0.151471 -0.553578 0.000000 0.000000 0.000000 -0.000000 1 5.867332220e-08
94 0.321584 0.120596 -0.587819 0.914442 0.151471 -0.553578 0.000000 0.000000 0.000000 -0.000000 1 5.494803190e-08
94 0.322092 0.120212 -0.586777 0.914442 0.151471 -0.553578 0.000000 0.000000 0.000000 -0.000000 1 6.053596735e-08
94 0.322641 0.119682 -0.585752 0.914442 0.151471 -0.553578 0.000000 0.000000 0.000000 -0.000000 1 6.798654795e-08
94 0.323227 0.119035 -0.584744 0.914442 0.151471 -0.553578 0.000000 0.000000 0.000000 -0.000000 1 5.774199963e-08
94 0.323848 0.118294 -0.583754 0.914442 0.151471 -0.553578 0.000000 0.000000 0.000000 -0.000000 1 6.519258022e-08
94 0.324501 0.117486 -0.582784 0.914442 0.151471 -0.553578 0.000000 0.000000 0.000000 -0.000000 1 6.426125765e-08
94 0.325178 0.116636 -0.581834 0.914442 0.151471 -0.553578 0.000000 0.000000 0.000000 -0.000000 1 6.332993507e-08
94 0.325881 0.115754 -0.580905 0.914442 0.151471 -0.553578 0.000000 0.000000 0.000000 -0.000000 1 1.648440957e-07
94 0.326608 0.114841 -0.579996 0.914442 0.151471 -0.553578 0.000000 0.000000 0.000000 -0.000000 1 6.426125765e-08
94 0.327360 0.113904 -0.579105 0.914442 0.151471 -0.553578 0.000000 0.000000 0.000000 -0.000000 1 6.239861250e-08
94 0.328133 0.112957 -0.578235 0.914442 0.151471 -0.553578 0.000000 0.000000 0.000000 -0.000000 1 6.146728992e-08
94 0.328925 0.112016 -0.577386 0.914442 0.151471 -0.553578 0.000000 0.000000 0.000000 -0.000000 1 5.774199963e-08
94 0.329733 0.111086 -0.576558 0.914442 0.151471 -0.553578 0.000000 0.000000 0.000000 -0.000000 1 5.960464478e-08
94 0.330559 0.110171 -0.575750 0.914442 0.151471 -0.553578 0.000000 0.000000 0.000000 -0.000000 1 6.053596735e-08
94 0.331398 0.109278 -0.574963 0.914442 0.151471 -0.553578 0.000000 0.000000 0.000000 -0.000000 1 5.681067705e-08
95 0.348281 -0.029851 -0.605173 1.004052 0.021623 -0.584492 0.000000 0.000000 0.000000 -0.000000 1 5.681067705e-08
95 0.349547 -0.028968 -0.603417 1.004052 0.021623 -0.584492 0.000000 0.000000 0.000000 -0.000000 1 8.102506399e-08
95 0.350816 -0.028128 -0.601737 1.004052 0.021623 -0.584492 0.000000 0.000000 0.000000 -0.000000 1 1.639127731e-07
95 0.352088 -0.027342 -0.600127 1.004052 0.021623 -0.584492 0.000000 0.000000 0.000000 -0.000000 1 5.774199963e-08
95 0.353367 -0.026641 -0.598581 1.004052 0.021623 -0.584492 0.000000 0.000000 0.000000 -0.000000 1 6.426125765e-08
95 0.354660 -0.026059 -0.597091 1.004052 0.021623 -0.584492 0.000000 0.000000 0.000000 -0.000000 1 6.239861250e-08
95 0.355972 -0.025631 -0.595649 1.004052 0.021623 -0.584492 0.000000 0.000000 0.000000 -0.000000 1 5.681067705e-08
95 0.357311 -0.025379 -0.594248 1.004052 0.021623 -0.584492 0.000000 0.000000 0.000000 -0.000000 1 6.146728992e-08
95 0.358680 -0.025308 -0.592883 1.004052 0.021623 -0.584492 0.000000 0.000000 0.000000 -0.000000 1 5.960464478e-08
95 0.360083 -0.025406 -0.591552 1.004052 0.021623 -0.584492 0.000000 0.000000 0.000000 -0.000000 1 1.881271601e-07
95 0.361519 -0.025650 -0.590254 1.004052 0.021623 -0.584492 0.000000 0.000000 0.000000 -0.000000 1 5.960464478e-08
95 0.362985 -0.026018 -0.588989 1.004052 0.021623 -0.584492 0.000000 0.000000 0.000000 -0.000000 1 5.681067705e-08
95 0.364479 -0.026494 -0.587755 1.004052 0.021623 -0.584492 0.000000 0.000000 0.000000 -0.000000 1 6.519258022e-08
95 0.366003 -0.027068 -0.586551 1.004052 0.021623 -0.584492 0.000000 0.000000 0.000000 -0.000000 1 6.053596735e-08
95 0.367557 -0.027741 -0.585375 1.004052 0.021623 -0.584492 0.000000 0.000000 0.000000 -0.000000 1 5.960464478e-08
95 0.369147 -0.028526 -0.584222 1.004052 0.021623 -0.584492 0.000000 0.000000 0.000000 -0.000000 1 6.146728992e-08
95 0.370781 -0.029437 -0.583089 1.004052 0.021623 -0.584492 0.000000 0.000000 0.000000 -0.000000 1 6.332993507e-08
95 0.372466 -0.030486 -0.581971 1.004052 0.021623 -0.584492 0.000000 0.000000 0.000000 -0.000000 1 7.171183825e-08
95 0.374207 -0.031681 -0.580866 1.004052 0.021623 -0.584492 0.000000 0.000000 0.000000 -0.000000 1 5.681067705e-08
95 0.376008 -0.033013 -0.579771 1.004052 0.021623 -0.584492 0.000000 0.000000 0.000000 -0.000000 1 5.867332220e-08
96 0.395009 -0.143848 -0.583657 1.061939 -0.081184 -0.591970 0.000000 0.000000 0.000000 -0.000000 1 5.960464478e-08
96 0.396882 -0.144297 -0.581786 1.061939 -0.081184 -0.591970 0.000000 0.000000 0.000000 -0.000000 1 5.867332220e-08
96 0.398793 -0.144911 -0.579964 1.061939 -0.081184 -0.591970 0.000000 0.000000 0.000000 -0.000000 1 5.960464478e-08
96 0.400744 -0.145674 -0.578189 1.061939 -0.081184 -0.591970 0.000000 0.000000 0.000000 -0.000000 1 6.239861250e-08
96 0.402726 -0.146549 -0.576462 1.061939 -0.081184 -0.591970 0.000000 0.000000 0.000000 -0.000000 1 6.053596735e-08
96 0.404738 -0.147509 -0.574783 1.061939 -0.081184 -0.591970 0.000000 0.000000 0.000000 -0.000000 1 6.053596735e-08
96 0.406774 -0.148541 -0.573151 1.061939 -0.081184 -0.591970 0.000000 0.000000 0.000000 -0.000000 1 1.639127731e-07
96 0.408836 -0.149634 -0.571564 1.061939 -0.081184 -0.591970 0.000000 0.000000 0.000000 -0.000000 1 6.426125765e-08
96 0.410919 -0.150776 -0.570020 1.061939 -0.081184 -0.591970 0.000000 0.000000 0.000000 -0.000000 1 5.960464478e-08
96 0.413020 -0.151957 -0.568519 1.061939 -0.081184 -0.591970 0.000000 0.000000 0.000000 -0.000000 1 6.053596735e-08
96 0.415137 -0.153162 -0.567060 1.061939 -0.081184 -0.591970 0.000000 0.000000 0.000000 -0.000000 1 5.960464478e-08
96 0.417264 -0.154382 -0.565643 1.061939 -0.081184 -0.591970 0.000000 0.000000 0.000000 -0.000000 1 6.053596735e-08
96 0.419402 -0.155615 -0.564265 1.061939 -0.081184 -0.591970 0.000000 0.000000 0.000000 -0.000000 1 5.867332220e-08
96 0.421553 -0.156867 -0.562925 1.061939 -0.081184 -0.591970 0.000000 0.000000 0.000000 -0.000000 1 3.259629011e-08
96 0.423719 -0.158140 -0.561619 1.061939 -0.081184 -0.591970 0.000000 0.000000 0.000000 -0.000000 1 2.887099981e-08
96 0.425902 -0.159441 -0.560346 1.061939 -0.081184 -0.591970 0.000000 0.000000 0.000000 -0.000000 1 7.357448339e-08
96 0.428104 -0.160772 -0.559102 1.061939 -0.081184 -0.591970 0.000000 0.000000 0.000000 -0.000000 1 3.259629011e-08
96 0.430328 -0.162134 -0.557887 1.061939 -0.081184 -0.591970 0.000000 0.000000 0.000000 -0.000000 1 6.984919310e-08
96 0.432569 -0.163515 -0.556699 1.061939 -0.081184 -0.591970 0.000000 0.000000 0.000000 -0.000000 1 6.053596735e-08
96 0.434822 -0.164896 -0.555541 1.061939 -0.081184 -0.591970 0.000000 0.000000 0.000000 -0.000000 1 5.960464478e-08
97 0.451030 -0.218418 -0.526937 1.120265 -0.124139 -0.569822 0.000000 0.000000 0.000000 -0.000000 1 6.239861250e-08
97 0.453018 -0.218997 -0.525380 1.120265 -0.124139 -0.569822 0.000000 0.000000 0.000000 -0.000000 1 5.681067705e-08
97 0.455001 -0.219581 -0.523879 1.120265 -0.124139 -0.569822 0.000000 0.000000 0.000000 -0.000000 1 6.146728992e-08
97 0.456982 -0.220177 -0.522429 1.120265 -0.124139 -0.569822 0.000000 0.000000 0.000000 -0.000000 1 2.076849341e-07
97 0.458965 -0.220797 -0.521020 1.120265 -0.124139 -0.569822 0.000000 0.000000 0.000000 -0.000000 1 6.146728992e-08
97 0.460955 -0.221447 -0.519644 1.120265 -0.124139 -0.569822 0.000000 0.000000 0.000000 -0.000000 1 5.867332220e-08
97 0.462955 -0.222124 -0.518293 1.120265 -0.124139 -0.569822 0.000000 0.000000 0.000000 -0.000000 1 6.146728992e-08
97 0.464966 -0.222815 -0.516958 1.120265 -0.124139 -0.569822 0.000000 0.000000 0.000000 -0.000000 1 6.146728992e-08
97 0.466984 -0.223496 -0.515636 1.120265 -0.124139 -0.569822 0.000000 0.000000 0.000000 -0.000000 1 6.239861250e-08
97 0.469004 -0.224141 -0.514324 1.120265 -0.124139 -0.569822 0.000000 0.000000 0.000000 -0.000000 1 6.332993507e-08
97 0.471020 -0.224733 -0.513025 1.120265 -0.124139 -0.569822 0.000000 0.000000 0.000000 -0.000000 1 6.332993507e-08
97 0.473028 -0.225265 -0.511744 1.120265 -0.124139 -0.569822 0.000000 0.000000 0.000000 -0.000000 1 6.426125765e-08
97 0.475025 -0.225739 -0.510485 1.120265 -0.124139 -0.569822 0.000000 0.000000 0.000000 -0.000000 1 7.357448339e-08
97 0.477012 -0.226155 -0.509251 1.120265 -0.124139 -0.569822 0.000000 0.000000 0.000000 -0.000000 1 6.053596735e-08
97 0.478986 -0.226503 -0.508041 1.120265 -0.124139 -0.569822 0.000000 0.000000 0.000000 0.000000 1 5.774199963e-08
97 0.480946 -0.226757 -0.506848 1.120265 -0.124139 -0.569822 0.000000 0.000000 0.000000 0.000000 1 6.239861250e-08
97 0.482889 -0.226879 -0.505665 1.120265 -0.124139 -0.569822 0.000000 0.000000 0.000000 0.000000 1 6.426125765e-08
97 0.484812 -0.226817 -0.504485 1.120265 -0.124139 -0.569822 0.000000 0.000000 0.000000 0.000000 1 6.239861250e-08
97 0.486719 -0.226601 -0.503319 1.120265 -0.124139 -0.569822 0.000000 0.000000 0.000000 0.000000 1 6.612390280e-08
97 0.488625 -0.226415 -0.502210 1.120265 -0.124139 -0.569822 0.000000 0.000000 0.000000 0.000000 1 5.494803190e-08
98 0.498994 -0.219409 -0.441220 1.208061 -0.103134 -0.522871 0.000000 0.000000 0.000000 0.000000 1 6.332993507e-08
98 0.501025 -0.220767 -0.440395 1.208061 -0.103134 -0.522871 0.000000 0.000000 0.000000 0.000000 1 6.053596735e-08
98 0.503015 -0.221996 -0.439597 1.208061 -0.103134 -0.522871 0.000000 0.000000 0.000000 0.000000 1 6.053596735e-08
98 0.504970 -0.223111 -0.438828 1.208061 -0.103134 -0.522871 0.000000 0.000000 0.000000 0.000000 1 6.426125765e-08
98 0.506894 -0.224123 -0.438088 1.208061 -0.103134 -0.522871 0.000000 0.000000 0.000000 0.000000 1 5.774199963e-08
98 0.508791 -0.225043 -0.437377 1.208061 -0.103134 -0.522871 0.000000 0.000000 0.000000 0.000000 1 6.705522537e-08
98 0.510664 -0.225881 -0.436695 1.208061 -0.103134 -0.522871 0.000000 0.000000 0.000000 0.000000 1 1.173466444e-07
98 0.512517 -0.226646 -0.436042 1.208061 -0.103134 -0.522871 0.000000 0.000000 0.000000 0.000000 1 6.053596735e-08
98 0.514352 -0.227353 -0.435420 1.208061 -0.103134 -0.522871 0.000000 0.000000 0.000000 0.000000 1 6.332993507e-08
98 0.516174 -0.228017 -0.434828 1.208061 -0.103134 -0.522871 0.000000 0.000000 0.000000 0.000000 1 9.965151548e-08
98 0.517986 -0.228653 -0.434268 1.208061 -0.103134 -0.522871 0.000000 0.000000 0.000000 0.000000 1 5.867332220e-08
98 0.519790 -0.229267 -0.433737 1.208061 -0.103134 -0.522871 0.000000 0.000000 0.000000 0.000000 1 6.332993507e-08
98 0.521584 -0.229854 -0.433233 1.208061 -0.103134 -0.522871 0.000000 0.000000 0.000000 0.000000 1 2.086162567e-07
98 0.523366 -0.230399 -0.432749 1.208061 -0.103134 -0.522871 0.000000 0.000000 0.000000 0.000000 1 5.681067705e-08
98 0.525134 -0.230881 -0.432280 1.208061 -0.103134 -0.522871 0.000000 0.000000 0.000000 0.000000 1 5.960464478e-08
98 0.526885 -0.231280 -0.431822 1.208061 -0.103134 -0.522871 0.000000 0.000000 0.000000 0.000000 1 6.239861250e-08
98 0.528618 -0.231579 -0.431371 1.208061 -0.103134 -0.522871 0.000000 0.000000 0.000000 0.000000 1 5.681067705e-08
98 0.530333 -0.231777 -0.430928 1.208061 -0.103134 -0.522871 0.000000 0.000000 0.000000 0.000000 1 6.426125765e-08
98 0.532034 -0.231884 -0.430494 1.208061 -0.103134 -0.522871 0.000000 0.000000 0.000000 0.000000 1 1.247972250e-07
98 0.533726 -0.231920 -0.430073 1.208061 -0.103134 -0.522871 0.000000 0.000000 0.000000 0.000000 1 8.288770914e-08
99 0.525591 -0.273541 -0.552656 1.249584 -0.137551 -0.654104 0.000000 0.000000 0.000000 -0.000000 1 6.984919310e-08
99 0.528745 -0.265163 -0.551592 1.249584 -0.137551 -0.654104 0.000000 0.000000 0.000000 -0.000000 1 6.146728992e-08
99 0.530871 -0.259906 -0.550638 1.249584 -0.137551 -0.654104 0.000000 0.000000 0.000000 -0.000000 1 6.146728992e-08
99 0.532768 -0.256226 -0.549810 1.249584 -0.137551 -0.654104 0.000000 0.000000 0.000000 -0.000000 1 5.960464478e-08
99 0.534617 -0.253427 -0.549066 1.249584 -0.137551 -0.654104 0.000000 0.000000 0.000000 -0.000000 1 6.146728992e-08
99 0.536469 -0.251096 -0.548364 1.249584 -0.137551 -0.654104 0.000000 0.000000 0.000000 -0.000000 1 6.239861250e-08
99 0.538341 -0.248959 -0.547671 1.249584 -0.137551 -0.654104 0.000000 0.000000 0.000000 0.000000 1 6.053596735e-08
99 0.540239 -0.246847 -0.546964 1.249584 -0.137551 -0.654104 0.000000 0.000000 0.000000 0.000000 1 5.494803190e-08
99 0.542167 -0.244683 -0.546237 1.249584 -0.137551 -0.654104 0.000000 0.000000 0.000000 0.000000 1 5.587935448e-08
99 0.544125 -0.242481 -0.545492 1.249584 -0.137551 -0.654104 0.000000 0.000000 0.000000 0.000000 1 7.450580597e-08
99 0.546110 -0.240300 -0.544737 1.249584 -0.137551 -0.654104 0.000000 0.000000 0.000000 0.000000 1 5.774199963e-08
99 0.548119 -0.238205 -0.543979 1.249584 -0.137551 -0.654104 0.000000 0.000000 0.000000 0.000000 1 5.681067705e-08
99 0.550145 -0.236286 -0.543232 1.249584 -0.137551 -0.654104 0.000000 0.000000 0.000000 0.000000 1 5.867332220e-08
99 0.552187 -0.234570 -0.542504 1.249584 -0.137551 -0.654104 0.000000 0.000000 0.000000 0.000000 1 5.029141903e-08
99 0.554246 -0.232986 -0.541789 1.249584 -0.137551 -0.654104 0.000000 0.000000 0.000000 0.000000 1 1.732259989e-07
99 0.556323 -0.231422 -0.541073 1.249584 -0.137551 -0.654104 0.000000 0.000000 0.000000 0.000000 1 9.313225746e-08
99 0.558421 -0.229776 -0.540346 1.249584 -0.137551 -0.654104 0.000000 0.000000 0.000000 0.000000 1 6.053596735e-08
99 0.560546 -0.227974 -0.539603 1.249584 -0.137551 -0.654104 0.000000 0.000000 0.000000 0.000000 1 5.867332220e-08
99 0.562691 -0.226209 -0.538874 1.249584 -0.137551 -0.654104 0.000000 0.000000 0.000000 0.000000 1 6.332993507e-08
99 0.564837 -0.225044 -0.538248 1.249584 -0.137551 -0.654104 0.000000 0.000000 0.000000 0.000000 1 5.681067705e-08
100 0.575090 -0.138514 -0.449707 1.310108 -0.043121 -0.576806 0.000000 0.000000 0.000000 -0.000000 1 5.867332220e-08
100 0.579951 -0.145392 -0.450746 1.310108 -0.043121 -0.576806 0.000000 0.000000 0.000000 -0.000000 1 1.359730959e-07
100 0.584589 -0.151872 -0.451689 1.310108 -0.043121 -0.576806 0.000000 0.000000 0.000000 -0.000000 1 7.450580597e-08
100 0.589019 -0.157974 -0.452541 1.310108 -0.043121 -0.576806 0.000000 0.000000 0.000000 -0.000000 1 6.146728992e-08
100 0.593255 -0.163715 -0.453311 1.310108 -0.043121 -0.576806 0.000000 0.000000 0.000000 -0.000000 1 5.960464478e-08
100 0.597312 -0.169114 -0.454006 1.310108 -0.043121 -0.576806 0.000000 0.000000 0.000000 -0.000000 1 6.146728992e-08
100 0.601202 -0.174188 -0.454630 1.310108 -0.043121 -0.576806 0.000000 0.000000 0.000000 -0.000000 1 5.867332220e-08
100 0.604938 -0.178954 -0.455191 1.310108 -0.043121 -0.576806 0.000000 0.000000 0.000000 -0.000000 1 5.867332220e-08
100 0.608526 -0.183422 -0.455694 1.310108 -0.043121 -0.576806 0.000000 0.000000 0.000000 -0.000000 1 6.053596735e-08
100 0.611968 -0.187596 -0.456148 1.310108 -0.043121 -0.576806 0.000000 0.000000 0.000000 -0.000000 1 5.587935448e-08
100 0.615267 -0.191481 -0.456559 1.310108 -0.043121 -0.576806 0.000000 0.000000 0.000000 -0.000000 1 9.126961231e-08
100 0.618425 -0.195080 -0.456937 1.310108 -0.043121 -0.576806 0.000000 0.000000 0.000000 -0.000000 1 1.424923539e-07
100 0.621449 -0.198404 -0.457286 1.310108 -0.043121 -0.576806 0.000000 0.000000 0.000000 -0.000000 1 6.053596735e-08
100 0.624351 -0.201470 -0.457610 1.310108 -0.043121 -0.576806 0.000000 0.000000 0.000000 -0.000000 1 5.681067705e-08
100 0.627146 -0.204299 -0.457912 1.310108 -0.043121 -0.576806 0.000000 0.000000 0.000000 -0.000000 1 6.519258022e-08
100 0.629848 -0.206911 -0.458191 1.310108 -0.043121 -0.576806 0.000000 0.000000 0.000000 -0.000000 1 6.426125765e-08
100 0.632470 -0.209328 -0.458449 1.310108 -0.043121 -0.576806 0.000000 0.000000 0.000000 -0.000000 1 5.867332220e-08
100 0.635023 -0.211566 -0.458687 1.310108 -0.043121 -0.576806 0.000000 0.000000 0.000000 -0.000000 1 6.332993507e-08
100 0.637514 -0.213639 -0.458906 1.310108 -0.043121 -0.576806 0.000000 0.000000 0.000000 -0.000000 1 6.146728992e-08
100 0.639948 -0.215558 -0.459108 1.310108 -0.043121 -0.576806 0.000000 0.000000 0.000000 -0.000000 1 5.774199963e-08
101 0.621830 -0.250472 -0.634750 1.298583 -0.073916 -0.753529 0.000000 0.000000 0.000000 -0.000000 1 5.867332220e-08
101 0.623978 -0.249237 -0.633972 1.298583 -0.073916 -0.753529 0.000000 0.000000 0.000000 -0.000000 1 5.867332220e-08
101 0.626136 -0.248233 -0.633376 1.298583 -0.073916 -0.753529 0.000000 0.000000 0.000000 -0.000000 1 6.239861250e-08
101 0.628306 -0.247402 -0.632913 1.298583 -0.073916 -0.753529 0.000000 0.000000 0.000000 -0.000000 1 1.033768058e-07
101 0.630492 -0.246692 -0.632529 1.298583 -0.073916 -0.753529 0.000000 0.000000 0.000000 -0.000000 1 6.332993507e-08
101 0.632699 -0.246058 -0.632173 1.298583 -0.073916 -0.753529 0.000000 0.000000 0.000000 -0.000000 1 2.030283213e-07
101 0.634929 -0.245468 -0.631809 1.298583 -0.073916 -0.753529 0.000000 0.000000 0.000000 -0.000000 1 6.239861250e-08
101 0.637185 -0.244894 -0.631408 1.298583 -0.073916 -0.753529 0.000000 0.000000 0.000000 -0.000000 1 7.264316082e-08
101 0.639468 -0.244316 -0.630954 1.298583 -0.073916 -0.753529 0.000000 0.000000 0.000000 -0.000000 1 2.197921276e-07
101 0.641775 -0.243723 -0.630444 1.298583 -0.073916 -0.753529 0.000000 0.000000 0.000000 -0.000000 1 5.774199963e-08
101 0.644106 -0.243119 -0.629886 1.298583 -0.073916 -0.753529 0.000000 0.000000 0.000000 -0.000000 1 5.960464478e-08
101 0.646457 -0.242521 -0.629300 1.298583 -0.073916 -0.753529 0.000000 0.000000 0.000000 -0.000000 1 5.867332220e-08
101 0.648826 -0.241957 -0.628715 1.298583 -0.073916 -0.753529 0.000000 0.000000 0.000000 -0.000000 1 6.053596735e-08
101 0.651211 -0.241429 -0.628136 1.298583 -0.073916 -0.753529 0.000000 0.000000 0.000000 -0.000000 1 5.681067705e-08
101 0.653613 -0.240916 -0.627542 1.298583 -0.073916 -0.753529 0.000000 0.000000 0.000000 -0.000000 1 6.146728992e-08
101 0.656032 -0.240385 -0.626910 1.298583 -0.073916 -0.753529 0.000000 0.000000 0.000000 -0.000000 1 6.239861250e-08
101 0.658468 -0.239813 -0.626223 1.298583 -0.073916 -0.753529 0.000000 0.000000 0.000000 -0.000000 1 5.774199963e-08
101 0.660921 -0.239177 -0.625473 1.298583 -0.073916 -0.753529 0.000000 0.000000 0.000000 -0.000000 1 8.288770914e-08
101 0.663389 -0.238466 -0.624660 1.298583 -0.073916 -0.753529 0.000000 0.000000 0.000000 -0.000000 1 1.080334187e-07
101 0.665873 -0.237700 -0.623812 1.298583 -0.073916 -0.753529 0.000000 0.000000 0.000000 -0.000000 1 7.078051567e-08
102 0.632206 -0.124604 -0.563311 1.259954 0.038473 -0.692810 0.000000 0.000000 0.000000 -0.000000 1 6.519258022e-08
102 0.635830 -0.127375 -0.564744 1.259954 0.038473 -0.692810 0.000000 0.000000 0.000000 -0.000000 1 6.426125765e-08
102 0.639409 -0.130001 -0.566101 1.259954 0.038473 -0.692810 0.000000 0.000000 0.000000 -0.000000 1 5.681067705e-08
102 0.642937 -0.132476 -0.567388 1.259954 0.038473 -0.692810 0.000000 0.000000 0.000000 -0.000000 1 5.867332220e-08
102 0.646417 -0.134808 -0.568609 1.259954 0.038473 -0.692810 0.000000 0.000000 0.000000 -0.000000 1 5.867332220e-08
102 0.649855 -0.137006 -0.569767 1.259954 0.038473 -0.692810 0.000000 0.000000 0.000000 -0.000000 1 1.527369022e-07
102 0.653255 -0.139078 -0.570866 1.259954 0.038473 -0.692810 0.000000 0.000000 0.000000 -0.000000 1 5.960464478e-08
102 0.656618 -0.141029 -0.571910 1.259954 0.038473 -0.692810 0.000000 0.000000 0.000000 -0.000000 1 7.171183825e-08
102 0.659940 -0.142855 -0.572903 1.259954 0.038473 -0.692810 0.000000 0.000000 0.000000 -0.000000 1 7.078051567e-08
102 0.663215 -0.144551 -0.573851 1.259954 0.038473 -0.692810 0.000000 0.000000 0.000000 -0.000000 1 6.053596735e-08
102 0.666440 -0.146115 -0.574759 1.259954 0.038473 -0.692810 0.000000 0.000000 0.000000 -0.000000 1 5.960464478e-08
102 0.669616 -0.147554 -0.575630 1.259954 0.038473 -0.692810 0.000000 0.000000 0.000000 -0.000000 1 3.352761269e-08
102 0.672748 -0.148877 -0.576465 1.259954 0.038473 -0.692810 0.000000 0.000000 0.000000 -0.000000 1 9.592622519e-08
102 0.675845 -0.150098 -0.577265 1.259954 0.038473 -0.692810 0.000000 0.000000 0.000000 -0.000000 1 7.636845112e-08
102 0.678914 -0.151230 -0.578031 1.259954 0.038473 -0.692810 0.000000 0.000000 0.000000 -0.000000 1 9.126961231e-08
102 0.681963 -0.152286 -0.578764 1.259954 0.038473 -0.692810 0.000000 0.000000 0.000000 -0.000000 1 5.774199963e-08
102 0.684998 -0.153277 -0.579463 1.259954 0.038473 -0.692810 0.000000 0.000000 0.000000 -0.000000 1 5.867332220e-08
102 0.688022 -0.154205 -0.580130 1.259954 0.038473 -0.692810 0.000000 0.000000 0.000000 -0.000000 1 6.053596735e-08
102 0.691034 -0.155072 -0.580768 1.259954 0.038473 -0.692810 0.000000 0.000000 0.000000 -0.000000 1 5.587935448e-08
102 0.694032 -0.155875 -0.581380 1.259954 0.038473 -0.692810 0.000000 0.000000 0.000000 -0.000000 1 6.053596735e-08
103 0.638184 -0.117720 -0.619789 1.199328 0.076325 -0.729962 0.000000 0.000000 0.000000 0.000000 1 6.332993507e-08
103 0.641412 -0.118272 -0.620794 1.199328 0.076325 -0.729962 0.000000 0.000000 0.000000 0.000000 1 7.078051567e-08
103 0.644626 -0.118767 -0.621761 1.199328 0.076325 -0.729962 0.000000 0.000000 0.000000 0.000000 1 1.750886440e-07
103 0.647828 -0.119211 -0.622693 1.199328 0.076325 -0.729962 0.000000 0.000000 0.000000 0.000000 1 5.681067705e-08
103 0.651026 -0.119618 -0.623588 1.199328 0.076325 -0.729962 0.000000 0.000000 0.000000 0.000000 1 5.960464478e-08
103 0.654234 -0.120005 -0.624443 1.199328 0.076325 -0.729962 0.000000 0.000000 0.000000 0.000000 1 5.774199963e-08
103 0.657465 -0.120389 -0.625253 1.199328 0.076325 -0.729962 0.000000 0.000000 0.000000 0.000000 1 1.899898052e-07
103 0.660727 -0.120778 -0.626017 1.199328 0.076325 -0.729962 0.000000 0.000000 0.000000 0.000000 1 6.146728992e-08
103 0.664025 -0.121170 -0.626733 1.199328 0.076325 -0.729962 0.000000 0.000000 0.000000 0.000000 1 6.426125765e-08
103 0.667354 -0.121558 -0.627400 1.199328 0.076325 -0.729962 0.000000 0.000000 0.000000 0.000000 1 5.774199963e-08
103 0.670707 -0.121931 -0.628022 1.199328 0.076325 -0.729962 0.000000 0.000000 0.000000 0.000000 1 6.053596735e-08
103 0.674075 -0.122281 -0.628603 1.199328 0.076325 -0.729962 0.000000 0.000000 0.000000 0.000000 1 5.867332220e-08
103 0.677452 -0.122603 -0.629148 1.199328 0.076325 -0.729962 0.000000 0.000000 0.000000 0.000000 1 5.960464478e-08
103 0.680834 -0.122895 -0.629659 1.199328 0.076325 -0.729962 0.000000 0.000000 0.000000 0.000000 1 5.587935448e-08
103 0.684223 -0.123156 -0.630134 1.199328 0.076325 -0.729962 0.000000 0.000000 0.000000 0.000000 1 1.443549991e-07
103 0.687618 -0.123383 -0.630570 1.199328 0.076325 -0.729962 0.000000 0.000000 0.000000 0.000000 1 5.681067705e-08
103 0.691020 -0.123567 -0.630962 1.199328 0.076325 -0.729962 0.000000 0.000000 0.000000 0.000000 1 5.681067705e-08
103 0.694427 -0.123695 -0.631304 1.199328 0.076325 -0.729962 0.000000 0.000000 0.000000 0.000000 1 7.636845112e-08
103 0.697832 -0.123747 -0.631589 1.199328 0.076325 -0.729962 0.000000 0.000000 0.000000 0.000000 1 6.146728992e-08
103 0.701232 -0.123713 -0.631815 1.199328 0.076325 -0.729962 0.000000 0.000000 0.000000 0.000000 1 1.452863216e-07
104 0.654988 -0.033855 -0.533483 1.147997 0.165411 -0.631215 0.000000 0.000000 0.000000 0.000000 1 6.053596735e-08
104 0.659199 -0.035254 -0.534456 1.147997 0.165411 -0.631215 0.000000 0.000000 0.000000 0.000000 1 6.053596735e-08
104 0.663359 -0.036543 -0.535385 1.147997 0.165411 -0.631215 0.000000 0.000000 0.000000 0.000000 1 5.867332220e-08
104 0.667470 -0.037727 -0.536272 1.147997 0.165411 -0.631215 0.000000 0.000000 0.000000 0.000000 1 6.053596735e-08
104 0.671536 -0.038812 -0.537119 1.147997 0.165411 -0.631215 0.000000 0.000000 0.000000 0.000000 1 5.774199963e-08
104 0.675565 -0.039807 -0.537928 1.147997 0.165411 -0.631215 0.000000 0.000000 0.000000 0.000000 1 5.960464478e-08
104 0.679562 -0.040718 -0.538700 1.147997 0.165411 -0.631215 0.000000 0.000000 0.000000 0.000000 1 6.891787052e-08
104 0.683527 -0.041548 -0.539438 1.147997 0.165411 -0.631215 0.000000 0.000000 0.000000 0.000000 1 5.960464478e-08
104 0.687455 -0.042296 -0.540145 1.147997 0.165411 -0.631215 0.000000 0.000000 0.000000 0.000000 1 1.117587090e-07
104 0.691341 -0.042959 -0.540825 1.147997 0.165411 -0.631215 0.000000 0.000000 0.000000 0.000000 1 7.636845112e-08
104 0.695180 -0.043540 -0.541483 1.147997 0.165411 -0.631215 0.000000 0.000000 0.000000 0.000000 1 6.519258022e-08
104 0.698974 -0.044040 -0.542119 1.147997 0.165411 -0.631215 0.000000 0.000000 0.000000 0.000000 1 6.146728992e-08
104 0.702725 -0.044466 -0.542736 1.147997 0.165411 -0.631215 0.000000 0.000000 0.000000 0.000000 1 6.612390280e-08
104 0.706437 -0.044822 -0.543333 1.147997 0.165411 -0.631215 0.000000 0.000000 0.000000 0.000000 1 6.426125765e-08
104 0.710115 -0.045114 -0.543912 1.147997 0.165411 -0.631215 0.000000 0.000000 0.000000 0.000000 1 6.612390280e-08
104 0.713764 -0.045347 -0.544472 1.147997 0.165411 -0.631215 0.000000 0.000000 0.000000 0.000000 1 6.426125765e-08
104 0.717387 -0.045526 -0.545015 1.147997 0.165411 -0.631215 0.000000 0.000000 0.000000 0.000000 1 5.867332220e-08
104 0.720986 -0.045653 -0.545542 1.147997 0.165411 -0.631215 0.000000 0.000000 0.000000 0.000000 1 6.705522537e-08
104 0.724560 -0.045727 -0.546054 1.147997 0.165411 -0.631215 0.000000 0.000000 0.000000 0.000000 1 5.587935448e-08
104 0.728103 -0.045745 -0.546555 1.147997 0.165411 -0.631215 0.000000 0.000000 0.000000 0.000000 1 5.681067705e-08
105 0.675222 -0.024124 -0.566839 1.090478 0.185976 -0.650562 0.000000 0.000000 0.000000 0.000000 1 6.053596735e-08
105 0.678830 -0.023738 -0.567586 1.090478 0.185976 -0.650562 0.000000 0.000000 0.000000 0.000000 1 6.612390280e-08
105 0.682419 -0.023325 -0.568320 1.090478 0.185976 -0.650562 0.000000 0.000000 0.000000 0.000000 1 6.053596735e-08
105 0.685990 -0.022884 -0.569041 1.090478 0.185976 -0.650562 0.000000 0.000000 0.000000 0.000000 1 6.146728992e-08
105 0.689546 -0.022414 -0.569747 1.090478 0.185976 -0.650562 0.000000 0.000000 0.000000 0.000000 1 5.960464478e-08
105 0.693096 -0.021917 -0.570436 1.090478 0.185976 -0.650562 0.000000 0.000000 0.000000 0.000000 1 4.749745131e-08
105 0.696646 -0.021394 -0.571107 1.090478 0.185976 -0.650562 0.000000 0.000000 0.000000 0.000000 1 5.215406418e-08
105 0.700201 -0.020846 -0.571758 1.090478 0.185976 -0.650562 0.000000 0.000000 0.000000 0.000000 1 4.097819328e-08
105 0.703761 -0.020270 -0.572391 1.090478 0.185976 -0.650562 0.000000 0.000000 0.000000 0.000000 1 6.239861250e-08
105 0.707321 -0.019661 -0.573008 1.090478 0.185976 -0.650562 0.000000 0.000000 0.000000 0.000000 1 5.960464478e-08
105 0.710875 -0.019022 -0.573612 1.090478 0.185976 -0.650562 0.000000 0.000000 0.000000 0.000000 1 5.867332220e-08
105 0.714418 -0.018352 -0.574207 1.090478 0.185976 -0.650562 0.000000 0.000000 0.000000 0.000000 1 5.587935448e-08
105 0.717945 -0.017653 -0.574793 1.090478 0.185976 -0.650562 0.000000 0.000000 0.000000 0.000000 1 6.146728992e-08
105 0.721454 -0.016926 -0.575375 1.090478 0.185976 -0.650562 0.000000 0.000000 0.000000 0.000000 1 1.350417733e-07
105 0.724940 -0.016168 -0.575952 1.090478 0.185976 -0.650562 0.000000 0.000000 0.000000 0.000000 1 6.239861250e-08
105 0.728399 -0.015373 -0.576527 1.090478 0.185976 -0.650562 0.000000 0.000000 0.000000 0.000000 1 1.145526767e-07
105 0.731821 -0.014534 -0.577102 1.090478 0.185976 -0.650562 0.000000 0.000000 0.000000 0.000000 1 5.867332220e-08
105 0.735191 -0.013634 -0.577681 1.090478 0.185976 -0.650562 0.000000 0.000000 0.000000 0.000000 1 5.867332220e-08
105 0.738486 -0.012656 -0.578271 1.090478 0.185976 -0.650562 0.000000 0.000000 0.000000 0.000000 1 6.332993507e-08
105 0.741686 -0.011585 -0.578879 1.090478 0.185976 -0.650562 0.000000 0.000000 0.000000 0.000000 1 5.867332220e-08
106 0.660073 -0.002629 -0.536051 1.001830 0.191090 -0.606399 0.000000 0.000000 0.000000 0.000000 1 5.494803190e-08
106 0.669040 0.002219 -0.538272 1.001830 0.191090 -0.606399 0.000000 0.000000 0.000000 0.000001 1 5.960464478e-08
106 0.675895 0.003617 -0.540214 1.001830 0.191090 -0.606399 0.000000 0.000000 0.000000 0.000001 1 6.053596735e-08
106 0.682008 0.004439 -0.542067 1.001830 0.191090 -0.606399 0.000000 0.000000 0.000000 0.000001 1 5.867332220e-08
106 0.687403 0.005133 -0.543854 1.001830 0.191090 -0.606399 0.000000 0.000000 0.000000 0.000001 1 5.681067705e-08
106 0.692181 0.005837 -0.545605 1.001830 0.191090 -0.606399 0.000000 0.000000 0.000000 0.000001 1 1.415610313e-07
106 0.696438 0.006595 -0.547343 1.001830 0.191090 -0.606399 0.000000 0.000000 0.000000 0.000001 1 1.220032573e-07
106 0.700249 0.007422 -0.549074 1.001830 0.191090 -0.606399 0.000000 0.000000 0.000000 0.000001 1 5.867332220e-08
106 0.703684 0.008318 -0.550797 1.001830 0.191090 -0.606399 0.000000 0.000000 0.000000 0.000001 1 6.053596735e-08
106 0.706804 0.009274 -0.552504 1.001830 0.191090 -0.606399 0.000000 0.000000 0.000000 0.000001 1 8.568167686e-08
106 0.709664 0.010283 -0.554185 1.001830 0.191090 -0.606399 0.000000 0.000000 0.000000 0.000001 1 1.648440957e-07
106 0.712307 0.011337 -0.555839 1.001830 0.191090 -0.606399 0.000000 0.000000 0.000000 0.000001 1 5.867332220e-08
106 0.714764 0.012429 -0.557466 1.001830 0.191090 -0.606399 0.000000 0.000000 0.000000 0.000001 1 6.426125765e-08
106 0.717063 0.013553 -0.559067 1.001830 0.191090 -0.606399 0.000000 0.000000 0.000000 0.000001 1 6.146728992e-08
106 0.719227 0.014704 -0.560639 1.001830 0.191090 -0.606399 0.000000 0.000000 0.000000 0.000001 1 5.867332220e-08
106 0.721272 0.015876 -0.562183 1.001830 0.191090 -0.606399 0.000000 0.000000 0.000000 0.000001 1 5.774199963e-08
106 0.723214 0.017064 -0.563697 1.001830 0.191090 -0.606399 0.000000 0.000000 0.000000 0.000001 1 1.117587090e-07
106 0.725067 0.018266 -0.565180 1.001830 0.191090 -0.606399 0.000000 0.000000 0.000000 0.000001 1 7.823109627e-08
106 0.726845 0.019476 -0.566629 1.001830 0.191090 -0.606399 0.000000 0.000000 0.000000 0.000001 1 7.078051567e-08
106 0.728559 0.020691 -0.568038 1.001830 0.191090 -0.606399 0.000000 0.000000 0.000000 0.000001 1 6.984919310e-08
107 0.641358 0.003573 -0.554691 0.909659 0.170623 -0.591689 0.000000 0.000000 0.000000 0.000000 1 6.239861250e-08
107 0.651641 0.007843 -0.556142 0.909659 0.170623 -0.591689 0.000000 0.000000 0.000000 0.000000 1 6.146728992e-08
107 0.661295 0.010236 -0.557535 0.909659 0.170623 -0.591689 0.000000 0.000000 0.000000 0.000000 1 5.960464478e-08
107 0.670333 0.011881 -0.558873 0.909659 0.170623 -0.591689 0.000000 0.000000 0.000000 0.000000 1 5.681067705e-08
107 0.678658 0.012983 -0.560158 0.909659 0.170623 -0.591689 0.000000 0.000000 0.000000 0.000000 1 6.053596735e-08
107 0.686138 0.013641 -0.561392 0.909659 0.170623 -0.591689 0.000000 0.000000 0.000000 0.000001 1 5.681067705e-08
107 0.692631 0.013975 -0.562576 0.909659 0.170623 -0.591689 0.000000 0.000000 0.000000 0.000001 1 6.146728992e-08
107 0.698072 0.014168 -0.563713 0.909659 0.170623 -0.591689 0.000000 0.000000 0.000000 0.000001 1 1.592561603e-07
107 0.702536 0.014410 -0.564806 0.909659 0.170623 -0.591689 0.000000 0.000000 0.000000 0.000001 1 5.960464478e-08
107 0.706213 0.014819 -0.565856 0.909659 0.170623 -0.591689 0.000000 0.000000 0.000000 0.000001 1 5.960464478e-08
107 0.709310 0.015420 -0.566866 0.909659 0.170623 -0.591689 0.000000 0.000000 0.000000 0.000001 1 6.053596735e-08
107 0.711998 0.016187 -0.567836 0.909659 0.170623 -0.591689 0.000000 0.000000 0.000000 0.000001 1 6.053596735e-08
107 0.714395 0.017083 -0.568768 0.909659 0.170623 -0.591689 0.000000 0.000000 0.000000 0.000001 1 5.960464478e-08
107 0.716578 0.018071 -0.569665 0.909659 0.170623 -0.591689 0.000000 0.000000 0.000000 0.000001 1 5.867332220e-08
107 0.718603 0.019124 -0.570526 0.909659 0.170623 -0.591689 0.000000 0.000000 0.000000 0.000001 1 6.798654795e-08
107 0.720504 0.020224 -0.571354 0.909659 0.170623 -0.591689 0.000000 0.000000 0.000000 0.000001 1 6.146728992e-08
107 0.722307 0.021357 -0.572149 0.909659 0.170623 -0.591689 0.000000 0.000000 0.000000 0.000000 1 5.960464478e-08
107 0.724031 0.022512 -0.572914 0.909659 0.170623 -0.591689 0.000000 0.000000 0.000000 0.000000 1 5.681067705e-08
107 0.725690 0.023684 -0.573648 0.909659 0.170623 -0.591689 0.000000 0.000000 0.000000 0.000000 1 6.519258022e-08
107 0.727294 0.024867 -0.574354 0.909659 0.170623 -0.591689 0.000000 0.000000 0.000000 0.000000 1 5.774199963e-08
108 0.661169 -0.013966 -0.553708 0.839984 0.128935 -0.570448 0.000000 0.000000 0.000000 0.000000 1 4.749745131e-08
108 0.668195 -0.008352 -0.554366 0.839984 0.128935 -0.570448 0.000000 0.000000 0.000000 0.000000 1 4.097819328e-08
108 0.674944 -0.002958 -0.554998 0.839984 0.128935 -0.570448 0.000000 0.000000 0.000000 0.000000 1 3.539025784e-08
108 0.681428 0.002223 -0.555605 0.839984 0.128935 -0.570448 0.000000 0.000000 0.000000 0.000000 1 4.190951586e-08
108 0.686227 0.005825 -0.556186 0.839984 0.128935 -0.570448 0.000000 0.000000 0.000000 0.000000 1 1.611188054e-07
108 0.690221 0.008054 -0.556743 0.839984 0.128935 -0.570448 0.000000 0.000000 0.000000 0.000000 1 7.078051567e-08
108 0.693887 0.009765 -0.557279 0.839984 0.128935 -0.570448 0.000000 0.000000 0.000000 0.000000 1 5.774199963e-08
108 0.697269 0.011216 -0.557794 0.839984 0.128935 -0.570448 0.000000 0.000000 0.000000 0.000000 1 5.867332220e-08
108 0.700390 0.012523 -0.558289 0.839984 0.128935 -0.570448 0.000000 0.000000 0.000000 0.000000 1 5.587935448e-08
108 0.703274 0.013748 -0.558765 0.839984 0.128935 -0.570448 0.000000 0.000000 0.000000 0.000000 1 6.332993507e-08
108 0.705947 0.014929 -0.559222 0.839984 0.128935 -0.570448 0.000000 0.000000 0.000000 0.000000 1 6.332993507e-08
108 0.708435 0.016088 -0.559661 0.839984 0.128935 -0.570448 0.000000 0.000000 0.000000 0.000000 1 6.426125765e-08
108 0.710762 0.017238 -0.560083 0.839984 0.128935 -0.570448 0.000000 0.000000 0.000000 0.000000 1 5.960464478e-08
108 0.712949 0.018387 -0.560489 0.839984 0.128935 -0.570448 0.000000 0.000000 0.000000 0.000000 1 6.053596735e-08
108 0.715016 0.019540 -0.560879 0.839984 0.128935 -0.570448 0.000000 0.000000 0.000000 0.000000 1 5.774199963e-08
108 0.716979 0.020700 -0.561254 0.839984 0.128935 -0.570448 0.000000 0.000000 0.000000 0.000000 1 6.053596735e-08
108 0.718852 0.021866 -0.561614 0.839984 0.128935 -0.570448 0.000000 0.000000 0.000000 0.000000 1 5.494803190e-08
108 0.720648 0.023038 -0.561960 0.839984 0.128935 -0.570448 0.000000 0.000000 0.000000 0.000000 1 5.774199963e-08
108 0.722376 0.024217 -0.562292 0.839984 0.128935 -0.570448 0.000000 0.000000 0.000000 0.000000 1 6.239861250e-08
108 0.724045 0.025401 -0.562612 0.839984 0.128935 -0.570448 0.000000 0.000000 0.000000 0.000000 1 6.239861250e-08
109 0.650201 -0.004310 -0.530639 0.763637 0.097003 -0.538295 0.000000 0.000000 0.000000 0.000000 1 6.053596735e-08
109 0.654657 -0.000330 -0.530940 0.763637 0.097003 -0.538295 0.000000 0.000000 0.000000 0.000000 1 1.750886440e-07
109 0.658939 0.003494 -0.531228 0.763637 0.097003 -0.538295 0.000000 0.000000 0.000000 0.000000 1 6.146728992e-08
109 0.663052 0.007168 -0.531506 0.763637 0.097003 -0.538295 0.000000 0.000000 0.000000 0.000000 1 1.424923539e-07
109 0.666912 0.010212 -0.531773 0.763637 0.097003 -0.538295 0.000000 0.000000 0.000000 0.000000 1 6.332993507e-08
109 0.670532 0.012586 -0.532029 0.763637 0.097003 -0.538295 0.000000 0.000000 0.000000 0.000000 1 7.729977369e-08
109 0.673972 0.014623 -0.532275 0.763637 0.097003 -0.538295 0.000000 0.000000 0.000000 0.000000 1 7.450580597e-08
109 0.677252 0.016450 -0.532511 0.763637 0.097003 -0.538295 0.000000 0.000000 0.000000 0.000000 1 7.078051567e-08
109 0.680383 0.018134 -0.532738 0.763637 0.097003 -0.538295 0.000000 0.000000 0.000000 0.000000 1 6.239861250e-08
109 0.683374 0.019712 -0.532956 0.763637 0.097003 -0.538295 0.000000 0.000000 0.000000 0.000000 1 6.426125765e-08
109 0.686231 0.021211 -0.533166 0.763637 0.097003 -0.538295 0.000000 0.000000 0.000000 0.000000 1 6.519258022e-08
109 0.688961 0.022649 -0.533367 0.763637 0.097003 -0.538295 0.000000 0.000000 0.000000 0.000000 1 6.332993507e-08
109 0.691571 0.024038 -0.533561 0.763637 0.097003 -0.538295 0.000000 0.000000 0.000000 0.000000 1 6.239861250e-08
109 0.694067 0.025390 -0.533747 0.763637 0.097003 -0.538295 0.000000 0.000000 0.000000 0.000000 1 1.024454832e-07
109 0.696455 0.026711 -0.533925 0.763637 0.097003 -0.538295 0.000000 0.000000 0.000000 0.000000 1 6.239861250e-08
109 0.698742 0.028009 -0.534097 0.763637 0.097003 -0.538295 0.000000 0.000000 0.000000 0.000000 1 9.406358004e-08
109 0.700932 0.029289 -0.534262 0.763637 0.097003 -0.538295 0.000000 0.000000 0.000000 0.000000 1 5.774199963e-08
109 0.703033 0.030554 -0.534420 0.763637 0.097003 -0.538295 0.000000 0.000000 0.000000 0.000000 1 5.960464478e-08
109 0.705049 0.031808 -0.534572 0.763637 0.097003 -0.538295 0.000000 0.000000 0.000000 0.000000 1 2.058222890e-07
109 0.706986 0.033055 -0.534718 0.763637 0.097003 -0.538295 0.000000 0.000000 0.000000 0.000000 1 6.053596735e-08
110 0.632732 -0.035736 -0.335637 0.687674 0.026739 -0.339857 0.000000 0.000000 0.000000 0.000000 1 5.587935448e-08
110 0.634891 -0.033281 -0.335802 0.687674 0.026739 -0.339857 0.000000 0.000000 0.000000 0.000000 1 5.215406418e-08
110 0.636965 -0.030923 -0.335962 0.687674 0.026739 -0.339857 0.000000 0.000000 0.000000 0.000000 1 6.239861250e-08
110 0.638957 -0.028658 -0.336115 0.687674 0.026739 -0.339857 0.000000 0.000000 0.000000 0.000000 1 5.681067705e-08
110 0.640871 -0.026481 -0.336262 0.687674 0.026739 -0.339857 0.000000 0.000000 0.000000 0.000000 1 5.681067705e-08
110 0.642710 -0.024391 -0.336403 0.687674 0.026739 -0.339857 0.000000 0.000000 0.000000 0.000000 1 5.774199963e-08
110 0.644476 -0.022382 -0.336539 0.687674 0.026739 -0.339857 0.000000 0.000000 0.000000 0.000000 1 5.960464478e-08
110 0.646173 -0.020452 -0.336669 0.687674 0.026739 -0.339857 0.000000 0.000000 0.000000 0.000000 1 5.401670933e-08
110 0.647804 -0.018598 -0.336794 0.687674 0.026739 -0.339857 0.000000 0.000000 0.000000 0.000000 1 5.401670933e-08
110 0.649370 -0.016817 -0.336915 0.687674 0.026739 -0.339857 0.000000 0.000000 0.000000 0.000000 1 5.401670933e-08
110 0.650875 -0.015105 -0.337030 0.687674 0.026739 -0.339857 0.000000 0.000000 0.000000 0.000000 1 1.452863216e-07
110 0.652321 -0.013462 -0.337141 0.687674 0.026739 -0.339857 0.000000 0.000000 0.000000 0.000000 1 9.313225746e-08
110 0.653710 -0.011882 -0.337248 0.687674 0.026739 -0.339857 0.000000 0.000000 0.000000 0.000000 1 6.146728992e-08
110 0.655044 -0.010365 -0.337351 0.687674 0.026739 -0.339857 0.000000 0.000000 0.000000 0.000000 1 5.774199963e-08
110 0.656326 -0.008907 -0.337449 0.687674 0.026739 -0.339857 0.000000 0.000000 0.000000 0.000000 1 5.401670933e-08
110 0.657557 -0.007507 -0.337544 0.687674 0.026739 -0.339857 0.000000 0.000000 0.000000 0.000000 1 5.681067705e-08
110 0.658741 -0.006161 -0.337634 0.687674 0.026739 -0.339857 0.000000 0.000000 0.000000 0.000000 1 5.774199963e-08
110 0.659877 -0.004869 -0.337722 0.687674 0.026739 -0.339857 0.000000 0.000000 0.000000 0.000000 1 1.043081284e-07
110 0.660969 -0.003627 -0.337806 0.687674 0.026739 -0.339857 0.000000 0.000000 0.000000 0.000000 1 7.078051567e-08
110 0.662019 -0.002434 -0.337886 0.687674 0.026739 -0.339857 0.000000 0.000000 0.000000 0.000000 1 6.519258022e-08
111 0.586969 -0.070453 -0.491713 0.612570 -0.042893 -0.493001 0.000000 0.000000 0.000000 0.000000 1 6.053596735e-08
111 0.587974 -0.069371 -0.491764 0.612570 -0.042893 -0.493001 0.000000 0.000000 0.000000 0.000000 1 6.984919310e-08
111 0.588941 -0.068330 -0.491812 0.612570 -0.042893 -0.493001 0.000000 0.000000 0.000000 0.000000 1 5.681067705e-08
111 0.589869 -0.067331 -0.491859 0.612570 -0.042893 -0.493001 0.000000 0.000000 0.000000 0.000000 1 6.053596735e-08
111 0.590761 -0.066371 -0.491904 0.612570 -0.042893 -0.493001 0.000000 0.000000 0.000000 0.000000 1 5.774199963e-08
111 0.591618 -0.065448 -0.491947 0.612570 -0.042893 -0.493001 0.000000 0.000000 0.000000 0.000000 1 5.401670933e-08
111 0.592441 -0.064562 -0.491989 0.612570 -0.042893 -0.493001 0.000000 0.000000 0.000000 0.000000 1 5.681067705e-08
111 0.593232 -0.063711 -0.492028 0.612570 -0.042893 -0.493001 0.000000 0.000000 0.000000 0.000000 1 5.587935448e-08
111 0.593991 -0.062893 -0.492067 0.612570 -0.042893 -0.493001 0.000000 0.000000 0.000000 0.000000 1 5.308538675e-08
111 0.594721 -0.062107 -0.492103 0.612570 -0.042893 -0.493001 0.000000 0.000000 0.000000 0.000000 1 5.401670933e-08
111 0.595422 -0.061352 -0.492139 0.612570 -0.042893 -0.493001 0.000000 0.000000 0.000000 0.000000 1 6.332993507e-08
111 0.596096 -0.060627 -0.492172 0.612570 -0.042893 -0.493001 0.000000 0.000000 0.000000 0.000000 1 5.401670933e-08
111 0.596743 -0.059931 -0.492205 0.612570 -0.042893 -0.493001 0.000000 0.000000 0.000000 0.000000 1 1.229345798e-07
111 0.597365 -0.059261 -0.492236 0.612570 -0.042893 -0.493001 0.000000 0.000000 0.000000 0.000000 1 5.494803190e-08
111 0.597962 -0.058618 -0.492266 0.612570 -0.042893 -0.493001 0.000000 0.000000 0.000000 0.000000 1 8.940696716e-08
111 0.598536 -0.058000 -0.492295 0.612570 -0.042893 -0.493001 0.000000 0.000000 0.000000 0.000000 1 1.024454832e-07
111 0.599088 -0.057407 -0.492323 0.612570 -0.042893 -0.493001 0.000000 0.000000 0.000000 0.000000 1 5.122274160e-08
111 0.599617 -0.056837 -0.492350 0.612570 -0.042893 -0.493001 0.000000 0.000000 0.000000 0.000000 1 5.401670933e-08
111 0.600126 -0.056289 -0.492375 0.612570 -0.042893 -0.493001 0.000000 0.000000 0.000000 0.000000 1 6.053596735e-08
111 0.600615 -0.055763 -0.492400 0.612570 -0.042893 -0.493001 0.000000 0.000000 0.000000 0.000000 1 5.960464478e-08
112 0.563880 -0.055966 -0.574194 0.575550 -0.132879 -0.574450 0.000000 0.000000 0.000000 0.000000 1 6.239861250e-08
112 0.564338 -0.057192 -0.574204 0.575550 -0.132879 -0.574450 0.000000 0.000000 0.000000 0.000000 1 5.960464478e-08
112 0.564779 -0.058411 -0.574213 0.575550 -0.132879 -0.574450 0.000000 0.000000 0.000000 0.000000 1 6.239861250e-08
112 0.565202 -0.059623 -0.574222 0.575550 -0.132879 -0.574450 0.000000 0.000000 0.000000 0.000000 1 6.146728992e-08
112 0.565608 -0.060829 -0.574231 0.575550 -0.132879 -0.574450 0.000000 0.000000 0.000000 0.000000 1 8.195638657e-08
112 0.565999 -0.062027 -0.574239 0.575550 -0.132879 -0.574450 0.000000 0.000000 0.000000 0.000000 1 5.867332220e-08
112 0.566374 -0.063219 -0.574248 0.575550 -0.132879 -0.574450 0.000000 0.000000 0.000000 0.000000 1 7.171183825e-08
112 0.566734 -0.064405 -0.574255 0.575550 -0.132879 -0.574450 0.000000 0.000000 0.000000 0.000000 1 5.774199963e-08
112 0.567081 -0.065584 -0.574263 0.575550 -0.132879 -0.574450 0.000000 0.000000 0.000000 0.000000 1 6.053596735e-08
112 0.567413 -0.066757 -0.574270 0.575550 -0.132879 -0.574450 0.000000 0.000000 0.000000 0.000000 1 1.480802894e-07
112 0.567733 -0.067924 -0.574277 0.575550 -0.132879 -0.574450 0.000000 0.000000 0.000000 0.000000 1 7.916241884e-08
112 0.568040 -0.069084 -0.574284 0.575550 -0.132879 -0.574450 0.000000 0.000000 0.000000 0.000000 1 6.239861250e-08
112 0.568335 -0.070239 -0.574290 0.575550 -0.132879 -0.574450 0.000000 0.000000 0.000000 0.000000 1 9.220093489e-08
112 0.568618 -0.071387 -0.574296 0.575550 -0.132879 -0.574450 0.000000 0.000000 0.000000 0.000000 1 6.053596735e-08
112 0.568891 -0.072530 -0.574302 0.575550 -0.132879 -0.574450 0.000000 0.000000 0.000000 0.000000 1 6.239861250e-08
112 0.569152 -0.073666 -0.574308 0.575550 -0.132879 -0.574450 0.000000 0.000000 0.000000 0.000000 1 5.867332220e-08
112 0.569404 -0.074797 -0.574314 0.575550 -0.132879 -0.574450 0.000000 0.000000 0.000000 0.000000 1 8.381903172e-08
112 0.569645 -0.075922 -0.574319 0.575550 -0.132879 -0.574450 0.000000 0.000000 0.000000 0.000000 1 5.960464478e-08
112 0.569877 -0.077041 -0.574324 0.575550 -0.132879 -0.574450 0.000000 0.000000 0.000000 0.000000 1 8.288770914e-08
112 0.570100 -0.078155 -0.574329 0.575550 -0.132879 -0.574450 0.000000 0.000000 0.000000 0.000000 1 7.543712854e-08
113 0.522131 -0.079262 -0.665168 0.527560 -0.220989 -0.664934 0.000000 0.000000 0.000000 0.000000 1 6.332993507e-08
113 0.522345 -0.080367 -0.665144 0.527560 -0.220989 -0.664934 0.000000 0.000000 0.000000 0.000000 1 5.774199963e-08
113 0.522550 -0.081467 -0.665122 0.527560 -0.220989 -0.664934 0.000000 0.000000 0.000000 0.000000 1 5.681067705e-08
113 0.522746 -0.082561 -0.665102 0.527560 -0.220989 -0.664934 0.000000 0.000000 0.000000 0.000000 1 6.332993507e-08
113 0.522936 -0.083649 -0.665083 0.527560 -0.220989 -0.664934 0.000000 0.000000 0.000000 0.000000 1 6.239861250e-08
113 0.523117 -0.084731 -0.665066 0.527560 -0.220989 -0.664934 0.000000 0.000000 0.000000 0.000000 1 6.705522537e-08
113 0.523292 -0.085808 -0.665051 0.527560 -0.220989 -0.664934 0.000000 0.000000 0.000000 0.000000 1 1.648440957e-07
113 0.523459 -0.086880 -0.665036 0.527560 -0.220989 -0.664934 0.000000 0.000000 0.000000 0.000000 1 5.960464478e-08
113 0.523621 -0.087945 -0.665023 0.527560 -0.220989 -0.664934 0.000000 0.000000 0.000000 0.000000 1 6.053596735e-08
113 0.523775 -0.089006 -0.665011 0.527560 -0.220989 -0.664934 0.000000 0.000000 0.000000 0.000000 1 6.053596735e-08
113 0.523924 -0.090061 -0.664999 0.527560 -0.220989 -0.664934 0.000000 0.000000 0.000000 0.000000 1 6.146728992e-08
113 0.524067 -0.091110 -0.664989 0.527560 -0.220989 -0.664934 0.000000 0.000000 0.000000 0.000000 1 6.332993507e-08
113 0.524204 -0.092154 -0.664980 0.527560 -0.220989 -0.664934 0.000000 0.000000 0.000000 0.000000 1 5.681067705e-08
113 0.524336 -0.093193 -0.664971 0.527560 -0.220989 -0.664934 0.000000 0.000000 0.000000 0.000000 1 6.053596735e-08
113 0.524463 -0.094227 -0.664963 0.527560 -0.220989 -0.664934 0.000000 0.000000 0.000000 0.000000 1 6.053596735e-08
113 0.524584 -0.095255 -0.664956 0.527560 -0.220989 -0.664934 0.000000 0.000000 0.000000 0.000000 1 1.676380634e-08
113 0.524701 -0.096278 -0.664950 0.527560 -0.220989 -0.664934 0.000000 0.000000 0.000000 0.000000 1 1.862645149e-08
113 0.524813 -0.097296 -0.664944 0.527560 -0.220989 -0.664934 0.000000 0.000000 0.000000 0.000000 1 6.239861250e-08
113 0.524921 -0.098308 -0.664938 0.527560 -0.220989 -0.664934 0.000000 0.000000 0.000000 0.000000 1 1.257285476e-07
113 0.525025 -0.099316 -0.664933 0.527560 -0.220989 -0.664934 0.000000 0.000000 0.000000 0.000000 1 9.220093489e-08
114 0.545192 -0.100309 -0.673100 0.547549 -0.279740 -0.673142 0.000000 0.000000 0.000000 0.000000 1 6.426125765e-08
114 0.545283 -0.101306 -0.673091 0.547549 -0.279740 -0.673142 0.000000 0.000000 0.000000 0.000000 1 5.960464478e-08
114 0.545372 -0.102298 -0.673083 0.547549 -0.279740 -0.673142 0.000000 0.000000 0.000000 0.000000 1 6.146728992e-08
114 0.545456 -0.103284 -0.673077 0.547549 -0.279740 -0.673142 0.000000 0.000000 0.000000 0.000000 1 1.508742571e-07
114 0.545536 -0.104265 -0.673070 0.547549 -0.279740 -0.673142 0.000000 0.000000 0.000000 0.000000 1 5.960464478e-08
114 0.545613 -0.105240 -0.673065 0.547549 -0.279740 -0.673142 0.000000 0.000000 0.000000 0.000000 1 5.774199963e-08
114 0.545686 -0.106209 -0.673060 0.547549 -0.279740 -0.673142 0.000000 0.000000 0.000000 0.000000 1 6.053596735e-08
114 0.545754 -0.107172 -0.673056 0.547549 -0.279740 -0.673142 0.000000 0.000000 0.000000 0.000000 1 5.774199963e-08
114 0.545818 -0.108127 -0.673053 0.547549 -0.279740 -0.673142 0.000000 0.000000 0.000000 0.000000 1 6.053596735e-08
114 0.545876 -0.109075 -0.673050 0.547549 -0.279740 -0.673142 0.000000 0.000000 0.000000 0.000000 1 5.867332220e-08
114 0.545930 -0.110015 -0.673047 0.547549 -0.279740 -0.673142 0.000000 0.000000 0.000000 0.000000 1 5.774199963e-08
114 0.545977 -0.110946 -0.673045 0.547549 -0.279740 -0.673142 0.000000 0.000000 0.000000 0.000000 1 5.774199963e-08
114 0.546019 -0.111868 -0.673043 0.547549 -0.279740 -0.673142 0.000000 0.000000 0.000000 0.000000 1 5.774199963e-08
114 0.546053 -0.112779 -0.673041 0.547549 -0.279740 -0.673142 0.000000 0.000000 0.000000 0.000000 1 5.867332220e-08
114 0.546078 -0.113677 -0.673040 0.547549 -0.279740 -0.673142 0.000000 0.000000 0.000000 0.000000 1 5.774199963e-08
114 0.546093 -0.114561 -0.673040 0.547549 -0.279740 -0.673142 0.000000 0.000000 0.000000 0.000000 1 5.960464478e-08
114 0.546093 -0.115425 -0.673039 0.547549 -0.279740 -0.673142 0.000000 0.000000 0.000000 0.000000 1 6.332993507e-08
114 0.546073 -0.116264 -0.673039 0.547549 -0.279740 -0.673142 0.000000 0.000000 0.000000 0.000000 1 6.146728992e-08
114 0.546028 -0.117072 -0.673039 0.547549 -0.279740 -0.673142 0.000000 0.000000 0.000000 0.000000 1 5.774199963e-08
114 0.545956 -0.117847 -0.673039 0.547549 -0.279740 -0.673142 0.000000 0.000000 0.000000 0.000000 1 1.732259989e-07
115 0.558775 -0.118133 -0.663135 0.562011 -0.329001 -0.663311 0.000000 0.000000 0.000000 0.000000 1 6.053596735e-08
115 0.558261 -0.118597 -0.663139 0.562011 -0.329001 -0.663311 0.000000 0.000000 0.000000 0.000000 1 6.053596735e-08
115 0.557708 -0.119024 -0.663143 0.562011 -0.329001 -0.663311 0.000000 0.000000 0.000000 0.000000 1 1.220032573e-07
115 0.557098 -0.119404 -0.663147 0.562011 -0.329001 -0.663311 0.000000 0.000000 0.000000 0.000000 1 6.984919310e-08
115 0.556389 -0.119720 -0.663151 0.562011 -0.329001 -0.663311 0.000000 0.000000 0.000000 0.000000 1 7.078051567e-08
115 0.555527 -0.119949 -0.663154 0.562011 -0.329001 -0.663311 0.000000 0.000000 0.000000 0.000000 1 6.053596735e-08
115 0.554454 -0.120079 -0.663158 0.562011 -0.329001 -0.663311 0.000000 0.000000 0.000000 0.000000 1 5.960464478e-08
115 0.553146 -0.120116 -0.663161 0.562011 -0.329001 -0.663311 0.000000 0.000000 0.000000 0.000000 1 6.332993507e-08
115 0.551598 -0.120074 -0.663165 0.562011 -0.329001 -0.663311 0.000000 0.000000 0.000000 0.000000 1 6.239861250e-08
115 0.549843 -0.119976 -0.663169 0.562011 -0.329001 -0.663311 0.000000 0.000000 0.000000 0.000000 1 5.867332220e-08
115 0.547959 -0.119845 -0.663172 0.562011 -0.329001 -0.663311 0.000000 0.000000 0.000000 0.000000 1 6.053596735e-08
115 0.546031 -0.119692 -0.663175 0.562011 -0.329001 -0.663311 0.000000 0.000000 0.000000 0.000000 1 5.774199963e-08
115 0.544124 -0.119525 -0.663178 0.562011 -0.329001 -0.663311 0.000000 0.000000 0.000000 0.000000 1 5.774199963e-08
115 0.542255 -0.119346 -0.663181 0.562011 -0.329001 -0.663311 0.000000 0.000000 0.000000 0.000000 1 6.053596735e-08
115 0.540403 -0.119154 -0.663184 0.562011 -0.329001 -0.663311 0.000000 0.000000 0.000000 0.000000 1 8.009374142e-08
115 0.538532 -0.118947 -0.663187 0.562011 -0.329001 -0.663311 0.000000 0.000000 0.000000 0.000000 1 6.612390280e-08
115 0.536615 -0.118726 -0.663190 0.562011 -0.329001 -0.663311 0.000000 0.000000 0.000000 0.000000 1 2.253800631e-07
115 0.534614 -0.118494 -0.663192 0.562011 -0.329001 -0.663311 0.000000 0.000000 0.000000 0.000000 1 1.303851604e-07
115 0.532509 -0.118257 -0.663195 0.562011 -0.329001 -0.663311 0.000000 0.000000 0.000000 0.000000 1 5.681067705e-08
115 0.530324 -0.118016 -0.663197 0.562011 -0.329001 -0.663311 0.000000 0.000000 0.000000 0.000000 1 1.275911927e-07
116 0.550213 -0.108862 -0.599124 0.605666 -0.371769 -0.599499 0.000000 0.000000 0.000000 0.000000 1 6.146728992e-08
116 0.545919 -0.109431 -0.599139 0.605666 -0.371769 -0.599499 0.000000 0.000000 0.000000 0.000000 1 9.033828974e-08
116 0.541959 -0.109828 -0.599153 0.605666 -0.371769 -0.599499 0.000000 0.000000 0.000000 0.000000 1 8.381903172e-08
116 0.538330 -0.110068 -0.599166 0.605666 -0.371769 -0.599499 0.000000 0.000000 0.000000 0.000000 1 9.685754776e-08
116 0.534980 -0.110187 -0.599179 0.605666 -0.371769 -0.599499 0.000000 0.000000 0.000000 0.000000 1 6.984919310e-08
116 0.531837 -0.110226 -0.599192 0.605666 -0.371769 -0.599499 0.000000 0.000000 0.000000 0.000000 1 8.940696716e-08
116 0.528820 -0.110220 -0.599204 0.605666 -0.371769 -0.599499 0.000000 0.000000 0.000000 0.000000 1 8.847564459e-08
116 0.525870 -0.110195 -0.599215 0.605666 -0.371769 -0.599499 0.000000 0.000000 0.000000 0.000000 1 6.798654795e-08
116 0.522987 -0.110151 -0.599226 0.605666 -0.371769 -0.599499 0.000000 0.000000 0.000000 0.000000 1 6.053596735e-08
116 0.520212 -0.110071 -0.599237 0.605666 -0.371769 -0.599499 0.000000 0.000000 0.000000 0.000000 1 4.097819328e-08
116 0.517601 -0.109932 -0.599247 0.605666 -0.371769 -0.599499 0.000000 0.000000 0.000000 0.000000 1 4.470348358e-08
116 0.515197 -0.109721 -0.599257 0.605666 -0.371769 -0.599499 0.000000 0.000000 0.000000 0.000000 1 7.916241884e-08
116 0.512988 -0.109447 -0.599266 0.605666 -0.371769 -0.599499 0.000000 0.000000 0.000000 0.000000 1 1.303851604e-07
116 0.510920 -0.109132 -0.599275 0.605666 -0.371769 -0.599499 0.000000 0.000000 0.000000 0.000000 1 7.171183825e-08
116 0.508936 -0.108794 -0.599284 0.605666 -0.371769 -0.599499 0.000000 0.000000 0.000000 0.000000 1 1.937150955e-07
116 0.506975 -0.108454 -0.599292 0.605666 -0.371769 -0.599499 0.000000 0.000000 0.000000 0.000000 1 6.984919310e-08
116 0.504985 -0.108127 -0.599300 0.605666 -0.371769 -0.599499 0.000000 0.000000 0.000000 0.000000 1 8.381903172e-08
116 0.502940 -0.107824 -0.599308 0.605666 -0.371769 -0.599499 0.000000 0.000000 0.000000 0.000000 1 1.527369022e-07
116 0.500856 -0.107541 -0.599315 0.605666 -0.371769 -0.599499 0.000000 0.000000 0.000000 0.000000 1 5.867332220e-08
116 0.498790 -0.107255 -0.599322 0.605666 -0.371769 -0.599499 0.000000 0.000000 0.000000 0.000000 1 6.053596735e-08
117 0.509242 -0.099745 -0.555747 0.643197 -0.407099 -0.556089 0.000000 0.000000 0.000000 0.000000 1 5.681067705e-08
117 0.506026 -0.100111 -0.555760 0.643197 -0.407099 -0.556089 0.000000 0.000000 0.000000 0.000000 1 6.053596735e-08
117 0.503121 -0.100299 -0.555773 0.643197 -0.407099 -0.556089 0.000000 0.000000 0.000000 0.000000 1 5.960464478e-08
117 0.500472 -0.100351 -0.555786 0.643197 -0.407099 -0.556089 0.000000 0.000000 0.000000 0.000000 1 6.146728992e-08
117 0.497963 -0.100339 -0.555798 0.643197 -0.407099 -0.556089 0.000000 0.000000 0.000000 0.000000 1 6.519258022e-08
117 0.495468 -0.100333 -0.555809 0.643197 -0.407099 -0.556089 0.000000 0.000000 0.000000 0.000000 1 6.146728992e-08
117 0.492902 -0.100384 -0.555820 0.643197 -0.407099 -0.556089 0.000000 0.000000 0.000000 0.000000 1 1.350417733e-07
117 0.490227 -0.100518 -0.555830 0.643197 -0.407099 -0.556089 0.000000 0.000000 0.000000 0.000000 1 7.264316082e-08
117 0.487457 -0.100735 -0.555841 0.643197 -0.407099 -0.556089 0.000000 0.000000 0.000000 0.000000 1 6.984919310e-08
117 0.484646 -0.101003 -0.555850 0.643197 -0.407099 -0.556089 0.000000 0.000000 0.000000 0.000000 1 1.899898052e-07
117 0.481864 -0.101276 -0.555860 0.643197 -0.407099 -0.556089 0.000000 0.000000 0.000000 0.000000 1 6.239861250e-08
117 0.479183 -0.101503 -0.555869 0.643197 -0.407099 -0.556089 0.000000 0.000000 0.000000 0.000000 1 1.434236765e-07
117 0.476662 -0.101645 -0.555877 0.643197 -0.407099 -0.556089 0.000000 0.000000 0.000000 0.000000 1 6.705522537e-08
117 0.474328 -0.101685 -0.555886 0.643197 -0.407099 -0.556089 0.000000 0.000000 0.000000 0.000000 1 1.043081284e-07
117 0.472153 -0.101644 -0.555894 0.643197 -0.407099 -0.556089 0.000000 0.000000 0.000000 0.000000 1 8.381903172e-08
117 0.470083 -0.101557 -0.555901 0.643197 -0.407099 -0.556089 0.000000 0.000000 0.000000 0.000000 1 6.612390280e-08
117 0.468063 -0.101455 -0.555909 0.643197 -0.407099 -0.556089 0.000000 0.000000 0.000000 0.000000 1 6.053596735e-08
117 0.466043 -0.101369 -0.555916 0.643197 -0.407099 -0.556089 0.000000 0.000000 0.000000 0.000000 1 6.146728992e-08
117 0.463998 -0.101315 -0.555922 0.643197 -0.407099 -0.556089 0.000000 0.000000 0.000000 0.000000 1 8.102506399e-08
117 0.461987 -0.101256 -0.555929 0.643197 -0.407099 -0.556089 0.000000 0.000000 0.000000 0.000000 1 6.146728992e-08
118 0.499407 -0.072440 -0.473418 0.716363 -0.422973 -0.473896 0.000000 0.000000 0.000000 0.000000 1 6.519258022e-08
118 0.494944 -0.074757 -0.473437 0.716363 -0.422973 -0.473896 0.000000 0.000000 0.000000 0.000000 1 5.960464478e-08
118 0.490696 -0.076841 -0.473455 0.716363 -0.422973 -0.473896 0.000000 0.000000 0.000000 0.000000 1 5.960464478e-08
118 0.486674 -0.078681 -0.473472 0.716363 -0.422973 -0.473896 0.000000 0.000000 0.000000 0.000000 1 6.053596735e-08
118 0.482878 -0.080287 -0.473489 0.716363 -0.422973 -0.473896 0.000000 0.000000 0.000000 0.000000 1 6.146728992e-08
118 0.479293 -0.081682 -0.473505 0.716363 -0.422973 -0.473896 0.000000 0.000000 0.000000 0.000000 1 5.867332220e-08
118 0.475897 -0.082897 -0.473520 0.716363 -0.422973 -0.473896 0.000000 0.000000 0.000000 0.000000 1 6.053596735e-08
118 0.472665 -0.083967 -0.473535 0.716363 -0.422973 -0.473896 0.000000 0.000000 0.000000 0.000000 1 6.332993507e-08
118 0.469583 -0.084905 -0.473549 0.716363 -0.422973 -0.473896 0.000000 0.000000 0.000000 0.000000 1 1.154839993e-07
118 0.466666 -0.085699 -0.473563 0.716363 -0.422973 -0.473896 0.000000 0.000000 0.000000 0.000000 1 6.146728992e-08
118 0.463940 -0.086328 -0.473576 0.716363 -0.422973 -0.473896 0.000000 0.000000 0.000000 0.000000 1 6.053596735e-08
118 0.461428 -0.086773 -0.473589 0.716363 -0.422973 -0.473896 0.000000 0.000000 0.000000 0.000000 1 5.960464478e-08
118 0.459129 -0.087044 -0.473601 0.716363 -0.422973 -0.473896 0.000000 0.000000 0.000000 0.000000 1 5.867332220e-08
118 0.457005 -0.087180 -0.473612 0.716363 -0.422973 -0.473896 0.000000 0.000000 0.000000 0.000000 1 6.053596735e-08
118 0.455001 -0.087232 -0.473623 0.716363 -0.422973 -0.473896 0.000000 0.000000 0.000000 0.000000 1 6.239861250e-08
118 0.453056 -0.087251 -0.473634 0.716363 -0.422973 -0.473896 0.000000 0.000000 0.000000 0.000000 1 1.005828381e-07
118 0.451119 -0.087279 -0.473644 0.716363 -0.422973 -0.473896 0.000000 0.000000 0.000000 0.000000 1 7.357448339e-08
118 0.449163 -0.087339 -0.473654 0.716363 -0.422973 -0.473896 0.000000 0.000000 0.000000 0.000000 1 7.078051567e-08
118 0.447194 -0.087425 -0.473664 0.716363 -0.422973 -0.473896 0.000000 0.000000 0.000000 0.000000 1 5.867332220e-08
118 0.445244 -0.087509 -0.473673 0.716363 -0.422973 -0.473896 0.000000 0.000000 0.000000 0.000000 1 6.612390280e-08
119 0.456176 -0.075306 -0.484357 0.763129 -0.445754 -0.484530 0.000000 0.000000 0.000000 0.000000 1 7.543712854e-08
119 0.453287 -0.076233 -0.484364 0.763129 -0.445754 -0.484530 0.000000 0.000000 0.000000 0.000000 1 5.587935448e-08
119 0.450599 -0.076965 -0.484370 0.763129 -0.445754 -0.484530 0.000000 0.000000 0.000000 0.000000 1 5.867332220e-08
119 0.448091 -0.077532 -0.484377 0.763129 -0.445754 -0.484530 0.000000 0.000000 0.000000 0.000000 1 5.587935448e-08
119 0.445716 -0.077983 -0.484383 0.763129 -0.445754 -0.484530 0.000000 0.000000 0.000000 0.000000 1 5.774199963e-08
119 0.443416 -0.078382 -0.484389 0.763129 -0.445754 -0.484530 0.000000 0.000000 0.000000 0.000000 1 1.518055797e-07
119 0.441139 -0.078782 -0.484394 0.763129 -0.445754 -0.484530 0.000000 0.000000 0.000000 0.000000 1 5.681067705e-08
119 0.438850 -0.079217 -0.484399 0.763129 -0.445754 -0.484530 0.000000 0.000000 0.000000 0.000000 1 1.955777407e-08
119 0.436547 -0.079695 -0.484405 0.763129 -0.445754 -0.484530 0.000000 0.000000 0.000000 0.000000 1 1.862645149e-08
119 0.434252 -0.080190 -0.484409 0.763129 -0.445754 -0.484530 0.000000 0.000000 0.000000 0.000000 1 6.332993507e-08
119 0.432009 -0.080657 -0.484414 0.763129 -0.445754 -0.484530 0.000000 0.000000 0.000000 0.000000 1 6.239861250e-08
119 0.429865 -0.081045 -0.484419 0.763129 -0.445754 -0.484530 0.000000 0.000000 0.000000 0.000000 1 7.823109627e-08
119 0.427861 -0.081311 -0.484423 0.763129 -0.445754 -0.484530 0.000000 0.000000 0.000000 0.000000 1 6.053596735e-08
119 0.426014 -0.081440 -0.484427 0.763129 -0.445754 -0.484530 0.000000 0.000000 0.000000 0.000000 1 5.960464478e-08
119 0.424306 -0.081452 -0.484431 0.763129 -0.445754 -0.484530 0.000000 0.000000 0.000000 0.000000 1 5.681067705e-08
119 0.422695 -0.081388 -0.484435 0.763129 -0.445754 -0.484530 0.000000 0.000000 0.000000 0.000000 1 6.053596735e-08
119 0.421128 -0.081301 -0.484439 0.763129 -0.445754 -0.484530 0.000000 0.000000 0.000000 0.000000 1 6.519258022e-08
119 0.419555 -0.081235 -0.484442 0.763129 -0.445754 -0.484530 0.000000 0.000000 0.000000 0.000000 1 6.426125765e-08
119 0.417953 -0.081214 -0.484446 0.763129 -0.445754 -0.484530 0.000000 0.000000 0.000000 0.000000 1 6.426125765e-08
119 0.416346 -0.081216 -0.484449 0.763129 -0.445754 -0.484530 0.000000 0.000000 0.000000 0.000000 1 5.774199963e-08
120 0.438976 -0.055807 -0.446942 0.826137 -0.456286 -0.447167 0.000000 0.000000 0.000000 0.000000 1 5.867332220e-08
120 0.435644 -0.057847 -0.446951 0.826137 -0.456286 -0.447167 0.000000 0.000000 0.000000 0.000000 1 5.774199963e-08
120 0.432507 -0.059637 -0.446959 0.826137 -0.456286 -0.447167 0.000000 0.000000 0.000000 0.000000 1 1.871958375e-07
120 0.429570 -0.061174 -0.446967 0.826137 -0.456286 -0.447167 0.000000 0.000000 0.000000 0.000000 1 6.239861250e-08
120 0.426820 -0.062484 -0.446975 0.826137 -0.456286 -0.447167 0.000000 0.000000 0.000000 0.000000 1 5.681067705e-08
120 0.424228 -0.063608 -0.446983 0.826137 -0.456286 -0.447167 0.000000 0.000000 0.000000 0.000000 1 5.774199963e-08
120 0.421762 -0.064595 -0.446990 0.826137 -0.456286 -0.447167 0.000000 0.000000 0.000000 0.000000 1 6.239861250e-08
120 0.419393 -0.065481 -0.446997 0.826137 -0.456286 -0.447167 0.000000 0.000000 0.000000 0.000000 1 6.239861250e-08
120 0.417116 -0.066273 -0.447004 0.826137 -0.456286 -0.447167 0.000000 0.000000 0.000000 0.000000 1 5.867332220e-08
120 0.414941 -0.066959 -0.447010 0.826137 -0.456286 -0.447167 0.000000 0.000000 0.000000 0.000000 1 6.798654795e-08
120 0.412889 -0.067515 -0.447016 0.826137 -0.456286 -0.447167 0.000000 0.000000 0.000000 0.000000 1 6.798654795e-08
120 0.410973 -0.067926 -0.447022 0.826137 -0.456286 -0.447167 0.000000 0.000000 0.000000 0.000000 1 6.705522537e-08
120 0.409190 -0.068201 -0.447028 0.826137 -0.456286 -0.447167 0.000000 0.000000 0.000000 0.000000 1 6.426125765e-08
120 0.407509 -0.068376 -0.447033 0.826137 -0.456286 -0.447167 0.000000 0.000000 0.000000 0.000000 1 5.960464478e-08
120 0.405891 -0.068498 -0.447039 0.826137 -0.456286 -0.447167 0.000000 0.000000 0.000000 0.000000 1 6.891787052e-08
120 0.404294 -0.068612 -0.447044 0.826137 -0.456286 -0.447167 0.000000 0.000000 0.000000 0.000000 1 5.867332220e-08
120 0.402682 -0.068760 -0.447048 0.826137 -0.456286 -0.447167 0.000000 0.000000 0.000000 0.000000 1 6.519258022e-08
120 0.401037 -0.068964 -0.447053 0.826137 -0.456286 -0.447167 0.000000 0.000000 0.000000 0.000000 1 5.960464478e-08
120 0.399364 -0.069216 -0.447058 0.826137 -0.456286 -0.447167 0.000000 0.000000 0.000000 0.000000 1 6.146728992e-08
120 0.397688 -0.069486 -0.447062 0.826137 -0.456286 -0.447167 0.000000 0.000000 0.000000 0.000000 1 5.960464478e-08
121 0.407611 -0.055424 -0.463559 0.872751 -0.469830 -0.463595 0.000000 0.000000 0.000000 0.000000 1 6.705522537e-08
121 0.405051 -0.056739 -0.463560 0.872751 -0.469830 -0.463595 0.000000 0.000000 0.000000 0.000000 1 6.332993507e-08
121 0.402648 -0.057858 -0.463562 0.872751 -0.469830 -0.463595 0.000000 0.000000 0.000000 0.000000 1 5.867332220e-08
121 0.400380 -0.058814 -0.463563 0.872751 -0.469830 -0.463595 0.000000 0.000000 0.000000 0.000000 1 5.774199963e-08
121 0.398212 -0.059661 -0.463564 0.872751 -0.469830 -0.463595 0.000000 0.000000 0.000000 0.000000 1 5.774199963e-08
121 0.396101 -0.060457 -0.463565 0.872751 -0.469830 -0.463595 0.000000 0.000000 0.000000 0.000000 1 5.681067705e-08
121 0.394009 -0.061257 -0.463566 0.872751 -0.469830 -0.463595 0.000000 0.000000 0.000000 0.000000 1 5.867332220e-08
121 0.391913 -0.062095 -0.463568 0.872751 -0.469830 -0.463595 0.000000 0.000000 0.000000 0.000000 1 5.867332220e-08
121 0.389812 -0.062973 -0.463569 0.872751 -0.469830 -0.463595 0.000000 0.000000 0.000000 0.000000 1 5.681067705e-08
121 0.387723 -0.063867 -0.463570 0.872751 -0.469830 -0.463595 0.000000 0.000000 0.000000 0.000000 1 6.239861250e-08
121 0.385681 -0.064726 -0.463571 0.872751 -0.469830 -0.463595 0.000000 0.000000 0.000000 0.000000 1 6.426125765e-08
121 0.383723 -0.065497 -0.463572 0.872751 -0.469830 -0.463595 0.000000 0.000000 0.000000 0.000000 1 7.450580597e-08
121 0.381878 -0.066137 -0.463573 0.872751 -0.469830 -0.463595 0.000000 0.000000 0.000000 0.000000 1 6.612390280e-08
121 0.380160 -0.066628 -0.463573 0.872751 -0.469830 -0.463595 0.000000 0.000000 0.000000 0.000000 1 6.146728992e-08
121 0.378557 -0.066988 -0.463574 0.872751 -0.469830 -0.463595 0.000000 0.000000 0.000000 0.000000 1 5.867332220e-08
121 0.377036 -0.067260 -0.463575 0.872751 -0.469830 -0.463595 0.000000 0.000000 0.000000 0.000000 1 5.867332220e-08
121 0.375559 -0.067496 -0.463576 0.872751 -0.469830 -0.463595 0.000000 0.000000 0.000000 0.000000 1 1.927837729e-07
121 0.374087 -0.067744 -0.463577 0.872751 -0.469830 -0.463595 0.000000 0.000000 0.000000 0.000000 1 5.494803190e-08
121 0.372599 -0.068034 -0.463577 0.872751 -0.469830 -0.463595 0.000000 0.000000 0.000000 0.000000 1 6.239861250e-08
121 0.371101 -0.068360 -0.463578 0.872751 -0.469830 -0.463595 0.000000 0.000000 0.000000 0.000000 1 5.587935448e-08
122 0.394616 -0.034561 -0.430918 0.941538 -0.466796 -0.431062 0.000000 0.000000 0.000000 0.000000 1 5.774199963e-08
122 0.391525 -0.037333 -0.430923 0.941538 -0.466796 -0.431062 0.000000 0.000000 0.000000 0.000000 1 5.960464478e-08
122 0.388573 -0.039886 -0.430929 0.941538 -0.466796 -0.431062 0.000000 0.000000 0.000000 0.000000 1 6.705522537e-08
122 0.385759 -0.042220 -0.430934 0.941538 -0.466796 -0.431062 0.000000 0.000000 0.000000 0.000000 1 2.235174179e-08
122 0.383076 -0.044353 -0.430939 0.941538 -0.466796 -0.431062 0.000000 0.000000 0.000000 0.000000 1 2.235174179e-08
122 0.380505 -0.046319 -0.430944 0.941538 -0.466796 -0.431062 0.000000 0.000000 0.000000 0.000000 1 5.681067705e-08
122 0.378026 -0.048157 -0.430949 0.941538 -0.466796 -0.431062 0.000000 0.000000 0.000000 0.000000 1 5.587935448e-08
122 0.375628 -0.049892 -0.430953 0.941538 -0.466796 -0.431062 0.000000 0.000000 0.000000 0.000000 1 5.867332220e-08
122 0.373307 -0.051528 -0.430957 0.941538 -0.466796 -0.431062 0.000000 0.000000 0.000000 0.000000 1 1.518055797e-07
122 0.371067 -0.053055 -0.430961 0.941538 -0.466796 -0.431062 0.000000 0.000000 0.000000 0.000000 1 5.494803190e-08
122 0.368918 -0.054457 -0.430965 0.941538 -0.466796 -0.431062 0.000000 0.000000 0.000000 0.000000 1 5.681067705e-08
122 0.366871 -0.055715 -0.430969 0.941538 -0.466796 -0.431062 0.000000 0.000000 0.000000 0.000000 1 5.774199963e-08
122 0.364924 -0.056833 -0.430973 0.941538 -0.466796 -0.431062 0.000000 0.000000 0.000000 0.000000 1 5.867332220e-08
122 0.363064 -0.057837 -0.430976 0.941538 -0.466796 -0.431062 0.000000 0.000000 0.000000 0.000000 1 6.612390280e-08
122 0.361270 -0.058760 -0.430980 0.941538 -0.466796 -0.431062 0.000000 0.000000 0.000000 0.000000 1 6.146728992e-08
122 0.359522 -0.059636 -0.430983 0.941538 -0.466796 -0.431062 0.000000 0.000000 0.000000 0.000000 1 8.568167686e-08
122 0.357803 -0.060495 -0.430986 0.941538 -0.466796 -0.431062 0.000000 0.000000 0.000000 0.000000 1 6.705522537e-08
122 0.356099 -0.061356 -0.430989 0.941538 -0.466796 -0.431062 0.000000 0.000000 0.000000 0.000000 1 6.332993507e-08
122 0.354412 -0.062217 -0.430992 0.941538 -0.466796 -0.431062 0.000000 0.000000 0.000000 0.000000 1 5.867332220e-08
122 0.352753 -0.063056 -0.430995 0.941538 -0.466796 -0.431062 0.000000 0.000000 0.000000 0.000000 1 5.494803190e-08
123 0.368255 -0.035778 -0.432633 1.000216 -0.463533 -0.432692 0.000000 0.000000 0.000000 0.000000 1 6.519258022e-08
123 0.365694 -0.038132 -0.432635 1.000216 -0.463533 -0.432692 0.000000 0.000000 0.000000 0.000000 1 6.146728992e-08
123 0.363248 -0.040289 -0.432638 1.000216 -0.463533 -0.432692 0.000000 0.000000 0.000000 0.000000 1 7.171183825e-08
123 0.360912 -0.042259 -0.432640 1.000216 -0.463533 -0.432692 0.000000 0.000000 0.000000 0.000000 1 6.984919310e-08
123 0.358672 -0.044075 -0.432642 1.000216 -0.463533 -0.432692 0.000000 0.000000 0.000000 0.000000 1 6.705522537e-08
123 0.356508 -0.045782 -0.432644 1.000216 -0.463533 -0.432692 0.000000 0.000000 0.000000 0.000000 1 1.685693860e-07
123 0.354396 -0.047428 -0.432646 1.000216 -0.463533 -0.432692 0.000000 0.000000 0.000000 0.000000 1 7.729977369e-08
123 0.352319 -0.049048 -0.432647 1.000216 -0.463533 -0.432692 0.000000 0.000000 0.000000 0.000000 1 7.264316082e-08
123 0.350274 -0.050654 -0.432649 1.000216 -0.463533 -0.432692 0.000000 0.000000 0.000000 0.000000 1 6.519258022e-08
123 0.348265 -0.052230 -0.432651 1.000216 -0.463533 -0.432692 0.000000 0.000000 0.000000 0.000000 1 1.005828381e-07
123 0.346310 -0.053741 -0.432652 1.000216 -0.463533 -0.432692 0.000000 0.000000 0.000000 0.000000 1 1.611188054e-07
123 0.344428 -0.055147 -0.432654 1.000216 -0.463533 -0.432692 0.000000 0.000000 0.000000 0.000000 1 5.681067705e-08
123 0.342634 -0.056412 -0.432655 1.000216 -0.463533 -0.432692 0.000000 0.000000 0.000000 0.000000 1 5.774199963e-08
123 0.340936 -0.057522 -0.432657 1.000216 -0.463533 -0.432692 0.000000 0.000000 0.000000 0.000000 1 6.053596735e-08
123 0.339329 -0.058489 -0.432658 1.000216 -0.463533 -0.432692 0.000000 0.000000 0.000000 0.000000 1 6.239861250e-08
123 0.337792 -0.059351 -0.432659 1.000216 -0.463533 -0.432692 0.000000 0.000000 0.000000 0.000000 1 5.774199963e-08
123 0.336303 -0.060152 -0.432661 1.000216 -0.463533 -0.432692 0.000000 0.000000 0.000000 0.000000 1 6.053596735e-08
123 0.334836 -0.060940 -0.432662 1.000216 -0.463533 -0.432692 0.000000 0.000000 0.000000 0.000000 1 6.332993507e-08
123 0.333377 -0.061743 -0.432663 1.000216 -0.463533 -0.432692 0.000000 0.000000 0.000000 0.000000 1 6.519258022e-08
123 0.331924 -0.062565 -0.432664 1.000216 -0.463533 -0.432692 0.000000 0.000000 0.000000 0.000000 1 6.705522537e-08
124 0.346862 -0.033065 -0.417264 1.066706 -0.459730 -0.417351 0.000000 0.000000 0.000000 0.000000 1 5.774199963e-08
124 0.344518 -0.035615 -0.417267 1.066706 -0.459730 -0.417351 0.000000 0.000000 0.000000 0.000000 1 6.239861250e-08
124 0.342265 -0.037997 -0.417270 1.066706 -0.459730 -0.417351 0.000000 0.000000 0.000000 0.000000 1 5.960464478e-08
124 0.340104 -0.040211 -0.417274 1.066706 -0.459730 -0.417351 0.000000 0.000000 0.000000 0.000000 1 6.332993507e-08
124 0.338026 -0.042276 -0.417277 1.066706 -0.459730 -0.417351 0.000000 0.000000 0.000000 0.000000 1 6.426125765e-08
124 0.336017 -0.044224 -0.417280 1.066706 -0.459730 -0.417351 0.000000 0.000000 0.000000 0.000000 1 6.332993507e-08
124 0.334064 -0.046089 -0.417282 1.066706 -0.459730 -0.417351 0.000000 0.000000 0.000000 0.000000 1 6.519258022e-08
124 0.332160 -0.047887 -0.417285 1.066706 -0.459730 -0.417351 0.000000 0.000000 0.000000 0.000000 1 7.171183825e-08
124 0.330301 -0.049623 -0.417288 1.066706 -0.459730 -0.417351 0.000000 0.000000 0.000000 0.000000 1 6.053596735e-08
124 0.328492 -0.051289 -0.417290 1.066706 -0.459730 -0.417351 0.000000 0.000000 0.000000 0.000000 1 6.612390280e-08
124 0.326739 -0.052868 -0.417292 1.066706 -0.459730 -0.417351 0.000000 0.000000 0.000000 0.000000 1 6.426125765e-08
124 0.325050 -0.054342 -0.417295 1.066706 -0.459730 -0.417351 0.000000 0.000000 0.000000 0.000000 1 5.774199963e-08
124 0.323424 -0.055711 -0.417297 1.066706 -0.459730 -0.417351 0.000000 0.000000 0.000000 0.000000 1 6.053596735e-08
124 0.321853 -0.056996 -0.417299 1.066706 -0.459730 -0.417351 0.000000 0.000000 0.000000 0.000000 1 5.774199963e-08
124 0.320326 -0.058221 -0.417301 1.066706 -0.459730 -0.417351 0.000000 0.000000 0.000000 0.000000 1 5.681067705e-08
124 0.318832 -0.059412 -0.417303 1.066706 -0.459730 -0.417351 0.000000 0.000000 0.000000 0.000000 1 5.681067705e-08
124 0.317360 -0.060592 -0.417305 1.066706 -0.459730 -0.417351 0.000000 0.000000 0.000000 0.000000 1 5.681067705e-08
124 0.315903 -0.061776 -0.417307 1.066706 -0.459730 -0.417351 0.000000 0.000000 0.000000 0.000000 1 5.774199963e-08
124 0.314462 -0.062961 -0.417308 1.066706 -0.459730 -0.417351 0.000000 0.000000 0.000000 0.000000 1 2.142041922e-08
124 0.313045 -0.064125 -0.417310 1.066706 -0.459730 -0.417351 0.000000 0.000000 0.000000 0.000000 1 5.867332220e-08
125 0.329951 -0.025966 -0.407845 1.133981 -0.442770 -0.407921 0.000000 0.000000 0.000000 0.000000 1 2.048909664e-08
125 0.327737 -0.028856 -0.407848 1.133981 -0.442770 -0.407921 0.000000 0.000000 0.000000 0.000000 1 6.053596735e-08
125 0.325602 -0.031577 -0.407851 1.133981 -0.442770 -0.407921 0.000000 0.000000 0.000000 0.000000 1 6.332993507e-08
125 0.323542 -0.034147 -0.407854 1.133981 -0.442770 -0.407921 0.000000 0.000000 0.000000 0.000000 1 5.867332220e-08
125 0.321546 -0.036598 -0.407857 1.133981 -0.442770 -0.407921 0.000000 0.000000 0.000000 0.000000 1 1.648440957e-07
125 0.319601 -0.038971 -0.407859 1.133981 -0.442770 -0.407921 0.000000 0.000000 0.000000 0.000000 1 6.146728992e-08
125 0.317693 -0.041305 -0.407862 1.133981 -0.442770 -0.407921 0.000000 0.000000 0.000000 0.000000 1 6.146728992e-08
125 0.315814 -0.043629 -0.407864 1.133981 -0.442770 -0.407921 0.000000 0.000000 0.000000 0.000000 1 5.494803190e-08
125 0.313963 -0.045948 -0.407866 1.133981 -0.442770 -0.407921 0.000000 0.000000 0.000000 0.000000 1 5.867332220e-08
125 0.312145 -0.048242 -0.407868 1.133981 -0.442770 -0.407921 0.000000 0.000000 0.000000 0.000000 1 5.960464478e-08
125 0.310371 -0.050476 -0.407870 1.133981 -0.442770 -0.407921 0.000000 0.000000 0.000000 0.000000 1 5.681067705e-08
125 0.308654 -0.052608 -0.407872 1.133981 -0.442770 -0.407921 0.000000 0.000000 0.000000 0.000000 1 9.126961231e-08
125 0.307003 -0.054607 -0.407874 1.133981 -0.442770 -0.407921 0.000000 0.000000 0.000000 0.000000 1 6.332993507e-08
125 0.305423 -0.056454 -0.407876 1.133981 -0.442770 -0.407921 0.000000 0.000000 0.000000 0.000000 1 6.332993507e-08
125 0.303912 -0.058158 -0.407878 1.133981 -0.442770 -0.407921 0.000000 0.000000 0.000000 0.000000 1 6.426125765e-08
125 0.302458 -0.059748 -0.407880 1.133981 -0.442770 -0.407921 0.000000 0.000000 0.000000 0.000000 1 5.867332220e-08
125 0.301049 -0.061264 -0.407881 1.133981 -0.442770 -0.407921 0.000000 0.000000 0.000000 0.000000 1 1.102769747e-04
125 0.299671 -0.062744 -0.407883 1.133981 -0.442770 -0.407921 0.000000 0.000000 0.000000 0.000000 1 6.053596735e-08
125 0.298314 -0.064215 -0.407884 1.133981 -0.442770 -0.407921 0.000000 0.000000 0.000000 0.000000 1 6.332993507e-08
125 0.296979 -0.065679 -0.407886 1.133981 -0.442770 -0.407921 0.000000 0.000000 0.000000 0.000000 1 6.332993507e-08
126 0.312299 -0.024617 -0.380749 1.209540 -0.422930 -0.380890 0.000000 0.000000 0.000000 0.000000 1 6.426125765e-08
126 0.310324 -0.027721 -0.380754 1.209540 -0.422930 -0.380890 0.000000 0.000000 0.000000 0.000000 1 1.629814506e-07
126 0.308412 -0.030683 -0.380760 1.209540 -0.422930 -0.380890 0.000000 0.000000 0.000000 0.000000 1 6.612390280e-08
126 0.306563 -0.033498 -0.380765 1.209540 -0.422930 -0.380890 0.000000 0.000000 0.000000 0.000000 1 5.774199963e-08
126 0.304772 -0.036180 -0.380770 1.209540 -0.422930 -0.380890 0.000000 0.000000 0.000000 0.000000 1 5.960464478e-08
126 0.303033 -0.038756 -0.380775 1.209540 -0.422930 -0.380890 0.000000 0.000000 0.000000 0.000000 1 5.867332220e-08
126 0.301338 -0.041250 -0.380779 1.209540 -0.422930 -0.380890 0.000000 0.000000 0.000000 0.000000 1 5.867332220e-08
126 0.299683 -0.043678 -0.380783 1.209540 -0.422930 -0.380890 0.000000 0.000000 0.000000 0.000000 1 5.867332220e-08
126 0.298066 -0.046045 -0.380788 1.209540 -0.422930 -0.380890 0.000000 0.000000 0.000000 0.000000 1 1.415610313e-07
126 0.296488 -0.048348 -0.380792 1.209540 -0.422930 -0.380890 0.000000 0.000000 0.000000 0.000000 1 9.592622519e-08
126 0.294953 -0.050572 -0.380795 1.209540 -0.422930 -0.380890 0.000000 0.000000 0.000000 0.000000 1 6.891787052e-08
126 0.293463 -0.052704 -0.380799 1.209540 -0.422930 -0.380890 0.000000 0.000000 0.000000 0.000000 1 7.078051567e-08
126 0.292018 -0.054743 -0.380803 1.209540 -0.422930 -0.380890 0.000000 0.000000 0.000000 0.000000 1 5.774199963e-08
126 0.290615 -0.056708 -0.380806 1.209540 -0.422930 -0.380890 0.000000 0.000000 0.000000 0.000000 1 5.960464478e-08
126 0.289246 -0.058621 -0.380809 1.209540 -0.422930 -0.380890 0.000000 0.000000 0.000000 0.000000 1 6.239861250e-08
126 0.287906 -0.060502 -0.380813 1.209540 -0.422930 -0.380890 0.000000 0.000000 0.000000 0.000000 1 5.960464478e-08
126 0.286590 -0.062370 -0.380816 1.209540 -0.422930 -0.380890 0.000000 0.000000 0.000000 0.000000 1 5.867332220e-08
126 0.285294 -0.064233 -0.380819 1.209540 -0.422930 -0.380890 0.000000 0.000000 0.000000 0.000000 1 5.681067705e-08
126 0.284021 -0.066084 -0.380821 1.209540 -0.422930 -0.380890 0.000000 0.000000 0.000000 0.000000 1 1.396983862e-07
126 0.282776 -0.067901 -0.380824 1.209540 -0.422930 -0.380890 0.000000 0.000000 0.000000 0.000000 1 5.587935448e-08
127 0.297735 -0.019707 -0.367388 1.284776 -0.391816 -0.367504 0.000000 0.000000 0.000000 0.000000 1 5.960464478e-08
127 0.295980 -0.022942 -0.367393 1.284776 -0.391816 -0.367504 0.000000 0.000000 0.000000 0.000000 1 6.239861250e-08
127 0.294276 -0.026047 -0.367397 1.284776 -0.391816 -0.367504 0.000000 0.000000 0.000000 0.000000 1 2.123415470e-07
127 0.292621 -0.029038 -0.367401 1.284776 -0.391816 -0.367504 0.000000 0.000000 0.000000 0.000000 1 6.053596735e-08
127 0.291006 -0.031948 -0.367405 1.284776 -0.391816 -0.367504 0.000000 0.000000 0.000000 0.000000 1 6.239861250e-08
127 0.289425 -0.034814 -0.367409 1.284776 -0.391816 -0.367504 0.000000 0.000000 0.000000 0.000000 1 5.681067705e-08
127 0.287871 -0.037670 -0.367413 1.284776 -0.391816 -0.367504 0.000000 0.000000 0.000000 0.000000 1 7.078051567e-08
127 0.286340 -0.040537 -0.367416 1.284776 -0.391816 -0.367504 0.000000 0.000000 0.000000 0.000000 1 5.960464478e-08
127 0.284833 -0.043417 -0.367420 1.284776 -0.391816 -0.367504 0.000000 0.000000 0.000000 0.000000 1 5.867332220e-08
127 0.283353 -0.046288 -0.367423 1.284776 -0.391816 -0.367504 0.000000 0.000000 0.000000 0.000000 1 6.053596735e-08
127 0.281907 -0.049111 -0.367426 1.284776 -0.391816 -0.367504 0.000000 0.000000 0.000000 0.000000 1 7.264316082e-08
127 0.280503 -0.051847 -0.367429 1.284776 -0.391816 -0.367504 0.000000 0.000000 0.000000 0.000000 1 6.239861250e-08
127 0.279146 -0.054461 -0.367432 1.284776 -0.391816 -0.367504 0.000000 0.000000 0.000000 0.000000 1 2.514570951e-08
127 0.277838 -0.056937 -0.367435 1.284776 -0.391816 -0.367504 0.000000 0.000000 0.000000 0.000000 1 2.887099981e-08
127 0.276578 -0.059279 -0.367438 1.284776 -0.391816 -0.367504 0.000000 0.000000 0.000000 0.000000 1 1.396983862e-08
127 0.275360 -0.061510 -0.367440 1.284776 -0.391816 -0.367504 0.000000 0.000000 0.000000 0.000000 1 6.798654795e-08
127 0.274178 -0.063665 -0.367443 1.284776 -0.391816 -0.367504 0.000000 0.000000 0.000000 0.000000 1 5.401670933e-08
127 0.273025 -0.065777 -0.367445 1.284776 -0.391816 -0.367504 0.000000 0.000000 0.000000 0.000000 1 1.657754183e-07
127 0.271896 -0.067868 -0.367448 1.284776 -0.391816 -0.367504 0.000000 0.000000 0.000000 0.000000 1 5.774199963e-08
127 0.270791 -0.069940 -0.367450 1.284776 -0.391816 -0.367504 0.000000 0.000000 0.000000 0.000000 1 5.681067705e-08
128 0.282920 -0.020974 -0.339525 1.364957 -0.357981 -0.339687 0.000000 0.000000 0.000000 0.000000 1 6.053596735e-08
128 0.281431 -0.024272 -0.339531 1.364957 -0.357981 -0.339687 0.000000 0.000000 0.000000 0.000000 1 5.867332220e-08
128 0.279985 -0.027445 -0.339537 1.364957 -0.357981 -0.339687 0.000000 0.000000 0.000000 0.000000 1 5.681067705e-08
128 0.278583 -0.030485 -0.339543 1.364957 -0.357981 -0.339687 0.000000 0.000000 0.000000 0.000000 1 6.239861250e-08
128 0.277220 -0.033401 -0.339549 1.364957 -0.357981 -0.339687 0.000000 0.000000 0.000000 0.000000 1 5.960464478e-08
128 0.275895 -0.036217 -0.339554 1.364957 -0.357981 -0.339687 0.000000 0.000000 0.000000 0.000000 1 5.960464478e-08
128 0.274601 -0.038957 -0.339559 1.364957 -0.357981 -0.339687 0.000000 0.000000 0.000000 0.000000 1 5.960464478e-08
128 0.273337 -0.041636 -0.339564 1.364957 -0.357981 -0.339687 0.000000 0.000000 0.000000 0.000000 1 6.798654795e-08
128 0.272100 -0.044264 -0.339569 1.364957 -0.357981 -0.339687 0.000000 0.000000 0.000000 0.000000 1 6.984919310e-08
128 0.270892 -0.046841 -0.339574 1.364957 -0.357981 -0.339687 0.000000 0.000000 0.000000 0.000000 1 6.612390280e-08
128 0.269712 -0.049358 -0.339578 1.364957 -0.357981 -0.339687 0.000000 0.000000 0.000000 0.000000 1 6.146728992e-08
128 0.268563 -0.051806 -0.339583 1.364957 -0.357981 -0.339687 0.000000 0.000000 0.000000 0.000000 1 1.359730959e-07
128 0.267444 -0.054186 -0.339587 1.364957 -0.357981 -0.339687 0.000000 0.000000 0.000000 0.000000 1 1.303851604e-07
128 0.266351 -0.056520 -0.339591 1.364957 -0.357981 -0.339687 0.000000 0.000000 0.000000 0.000000 1 5.960464478e-08
128 0.265282 -0.058832 -0.339594 1.364957 -0.357981 -0.339687 0.000000 0.000000 0.000000 0.000000 1 7.264316082e-08
128 0.264232 -0.061142 -0.339598 1.364957 -0.357981 -0.339687 0.000000 0.000000 0.000000 0.000000 1 6.146728992e-08
128 0.263201 -0.063465 -0.339602 1.364957 -0.357981 -0.339687 0.000000 0.000000 0.000000 0.000000 1 5.960464478e-08
128 0.262187 -0.065804 -0.339605 1.364957 -0.357981 -0.339687 0.000000 0.000000 0.000000 0.000000 1 5.867332220e-08
128 0.261192 -0.068148 -0.339608 1.364957 -0.357981 -0.339687 0.000000 0.000000 0.000000 0.000000 1 6.146728992e-08
128 0.260221 -0.070470 -0.339611 1.364957 -0.357981 -0.339687 0.000000 0.000000 0.000000 0.000000 1 5.774199963e-08
129 0.269904 -0.020304 -0.333689 1.441026 -0.318730 -0.333785 0.000000 0.000000 0.000000 0.000000 1 5.774199963e-08
129 0.268646 -0.023567 -0.333693 1.441026 -0.318730 -0.333785 0.000000 0.000000 0.000000 0.000000 1 5.960464478e-08
129 0.267419 -0.026740 -0.333697 1.441026 -0.318730 -0.333785 0.000000 0.000000 0.000000 0.000000 1 6.146728992e-08
129 0.266223 -0.029840 -0.333700 1.441026 -0.318730 -0.333785 0.000000 0.000000 0.000000 0.000000 1 5.867332220e-08
129 0.265054 -0.032898 -0.333704 1.441026 -0.318730 -0.333785 0.000000 0.000000 0.000000 0.000000 1 1.192092896e-07
129 0.263908 -0.035950 -0.333707 1.441026 -0.318730 -0.333785 0.000000 0.000000 0.000000 0.000000 1 7.450580597e-08
129 0.262783 -0.039026 -0.333710 1.441026 -0.318730 -0.333785 0.000000 0.000000 0.000000 0.000000 1 8.940696716e-08
129 0.261678 -0.042142 -0.333713 1.441026 -0.318730 -0.333785 0.000000 0.000000 0.000000 0.000000 1 8.847564459e-08
129 0.260595 -0.045295 -0.333716 1.441026 -0.318730 -0.333785 0.000000 0.000000 0.000000 0.000000 1 6.146728992e-08
129 0.259535 -0.048459 -0.333719 1.441026 -0.318730 -0.333785 0.000000 0.000000 0.000000 0.000000 1 1.527369022e-07
129 0.258503 -0.051592 -0.333721 1.441026 -0.318730 -0.333785 0.000000 0.000000 0.000000 0.000000 1 6.239861250e-08
129 0.257501 -0.054653 -0.333724 1.441026 -0.318730 -0.333785 0.000000 0.000000 0.000000 0.000000 1 6.146728992e-08
129 0.256531 -0.057606 -0.333726 1.441026 -0.318730 -0.333785 0.000000 0.000000 0.000000 0.000000 1 6.146728992e-08
129 0.255595 -0.060433 -0.333728 1.441026 -0.318730 -0.333785 0.000000 0.000000 0.000000 0.000000 1 5.681067705e-08
129 0.254691 -0.063136 -0.333731 1.441026 -0.318730 -0.333785 0.000000 0.000000 0.000000 0.000000 1 6.519258022e-08
129 0.253817 -0.065736 -0.333733 1.441026 -0.318730 -0.333785 0.000000 0.000000 0.000000 0.000000 1 5.681067705e-08
129 0.252970 -0.068266 -0.333735 1.441026 -0.318730 -0.333785 0.000000 0.000000 0.000000 0.000000 1 6.705522537e-08
129 0.252147 -0.070758 -0.333737 1.441026 -0.318730 -0.333785 0.000000 0.000000 0.000000 0.000000 1 6.705522537e-08
129 0.251345 -0.073233 -0.333739 1.441026 -0.318730 -0.333785 0.000000 0.000000 0.000000 0.000000 1 8.940696716e-08
129 0.250565 -0.075693 -0.333741 1.441026 -0.318730 -0.333785 0.000000 0.000000 0.000000 0.000000 1 5.681067705e-08
130 0.258035 -0.022949 -0.310059 1.519755 -0.274055 -0.310195 0.000000 0.000000 0.000000 0.000000 1 6.519258022e-08
130 0.257007 -0.026281 -0.310064 1.519755 -0.274055 -0.310195 0.000000 0.000000 0.000000 0.000000 1 1.257285476e-07
130 0.256007 -0.029498 -0.310069 1.519755 -0.274055 -0.310195 0.000000 0.000000 0.000000 0.000000 1 6.053596735e-08
130 0.255036 -0.032589 -0.310074 1.519755 -0.274055 -0.310195 0.000000 0.000000 0.000000 0.000000 1 5.960464478e-08
130 0.254092 -0.035562 -0.310079 1.519755 -0.274055 -0.310195 0.000000 0.000000 0.000000 0.000000 1 5.774199963e-08
130 0.253172 -0.038439 -0.310083 1.519755 -0.274055 -0.310195 0.000000 0.000000 0.000000 0.000000 1 1.164153218e-07
130 0.252276 -0.041244 -0.310088 1.519755 -0.274055 -0.310195 0.000000 0.000000 0.000000 0.000000 1 1.396983862e-07
130 0.251401 -0.043994 -0.310092 1.519755 -0.274055 -0.310195 0.000000 0.000000 0.000000 0.000000 1 6.984919310e-08
130 0.250547 -0.046702 -0.310096 1.519755 -0.274055 -0.310195 0.000000 0.000000 0.000000 0.000000 1 7.543712854e-08
130 0.249714 -0.049371 -0.310100 1.519755 -0.274055 -0.310195 0.000000 0.000000 0.000000 0.000000 1 6.984919310e-08
130 0.248901 -0.051999 -0.310104 1.519755 -0.274055 -0.310195 0.000000 0.000000 0.000000 0.000000 1 4.190951586e-08
130 0.248109 -0.054575 -0.310107 1.519755 -0.274055 -0.310195 0.000000 0.000000 0.000000 0.000000 1 3.445893526e-08
130 0.247339 -0.057107 -0.310111 1.519755 -0.274055 -0.310195 0.000000 0.000000 0.000000 0.000000 1 8.195638657e-08
130 0.246588 -0.059620 -0.310114 1.519755 -0.274055 -0.310195 0.000000 0.000000 0.000000 0.000000 1 6.426125765e-08
130 0.245855 -0.062141 -0.310117 1.519755 -0.274055 -0.310195 0.000000 0.000000 0.000000 0.000000 1 5.401670933e-08
130 0.245140 -0.064693 -0.310120 1.519755 -0.274055 -0.310195 0.000000 0.000000 0.000000 0.000000 1 1.071020961e-07
130 0.244442 -0.067291 -0.310123 1.519755 -0.274055 -0.310195 0.000000 0.000000 0.000000 0.000000 1 6.891787052e-08
130 0.243763 -0.069936 -0.310126 1.519755 -0.274055 -0.310195 0.000000 0.000000 0.000000 0.000000 1 8.754432201e-08
130 0.243102 -0.072612 -0.310129 1.519755 -0.274055 -0.310195 0.000000 0.000000 0.000000 0.000000 1 6.332993507e-08
130 0.242462 -0.075290 -0.310131 1.519755 -0.274055 -0.310195 0.000000 0.000000 0.000000 0.000000 1 6.519258022e-08
131 0.247049 -0.026178 -0.310118 1.593335 -0.229214 -0.310179 0.000000 0.000000 0.000000 0.000000 1 6.426125765e-08
131 0.246227 -0.029499 -0.310120 1.593335 -0.229214 -0.310179 0.000000 0.000000 0.000000 0.000000 1 5.867332220e-08
131 0.245429 -0.032763 -0.310123 1.593335 -0.229214 -0.310179 0.000000 0.000000 0.000000 0.000000 1 6.332993507e-08
131 0.244653 -0.035987 -0.310125 1.593335 -0.229214 -0.310179 0.000000 0.000000 0.000000 0.000000 1 1.620501280e-07
131 0.243899 -0.039203 -0.310127 1.593335 -0.229214 -0.310179 0.000000 0.000000 0.000000 0.000000 1 6.426125765e-08
131 0.243168 -0.042446 -0.310129 1.593335 -0.229214 -0.310179 0.000000 0.000000 0.000000 0.000000 1 5.867332220e-08
131 0.242460 -0.045742 -0.310131 1.593335 -0.229214 -0.310179 0.000000 0.000000 0.000000 0.000000 1 5.960464478e-08
131 0.241775 -0.049103 -0.310133 1.593335 -0.229214 -0.310179 0.000000 0.000000 0.000000 0.000000 1 1.657754183e-07
131 0.241116 -0.052522 -0.310135 1.593335 -0.229214 -0.310179 0.000000 0.000000 0.000000 0.000000 1 5.681067705e-08
131 0.240483 -0.055967 -0.310136 1.593335 -0.229214 -0.310179 0.000000 0.000000 0.000000 0.000000 1 5.867332220e-08
131 0.239876 -0.059393 -0.310138 1.593335 -0.229214 -0.310179 0.000000 0.000000 0.000000 0.000000 1 6.891787052e-08
131 0.239293 -0.062754 -0.310140 1.593335 -0.229214 -0.310179 0.000000 0.000000 0.000000 0.000000 1 5.960464478e-08
131 0.238734 -0.066014 -0.310141 1.593335 -0.229214 -0.310179 0.000000 0.000000 0.000000 0.000000 1 5.681067705e-08
131 0.238197 -0.069153 -0.310143 1.593335 -0.229214 -0.310179 0.000000 0.000000 0.000000 0.000000 1 6.239861250e-08
131 0.237682 -0.072170 -0.310144 1.593335 -0.229214 -0.310179 0.000000 0.000000 0.000000 0.000000 1 6.891787052e-08
131 0.237189 -0.075086 -0.310145 1.593335 -0.229214 -0.310179 0.000000 0.000000 0.000000 0.000000 1 6.332993507e-08
131 0.236716 -0.077934 -0.310147 1.593335 -0.229214 -0.310179 0.000000 0.000000 0.000000 0.000000 1 9.499490261e-08
131 0.236265 -0.080745 -0.310148 1.593335 -0.229214 -0.310179 0.000000 0.000000 0.000000 0.000000 1 5.774199963e-08
131 0.235836 -0.083540 -0.310149 1.593335 -0.229214 -0.310179 0.000000 0.000000 0.000000 0.000000 1 5.960464478e-08
131 0.235428 -0.086320 -0.310150 1.593335 -0.229214 -0.310179 0.000000 0.000000 0.000000 0.000000 1 6.332993507e-08
132 0.238092 -0.030868 -0.287077 1.669251 -0.174905 -0.287196 0.000000 0.000000 0.000000 0.000000 1 6.984919310e-08
132 0.237488 -0.034341 -0.287082 1.669251 -0.174905 -0.287196 0.000000 0.000000 0.000000 0.000000 1 7.264316082e-08
132 0.236903 -0.037699 -0.287087 1.669251 -0.174905 -0.287196 0.000000 0.000000 0.000000 0.000000 1 6.798654795e-08
132 0.236335 -0.040932 -0.287091 1.669251 -0.174905 -0.287196 0.000000 0.000000 0.000000 0.000000 1 5.960464478e-08
132 0.235783 -0.044042 -0.287095 1.669251 -0.174905 -0.287196 0.000000 0.000000 0.000000 0.000000 1 6.798654795e-08
132 0.235248 -0.047051 -0.287099 1.669251 -0.174905 -0.287196 0.000000 0.000000 0.000000 0.000000 1 5.960464478e-08
132 0.234729 -0.049981 -0.287103 1.669251 -0.174905 -0.287196 0.000000 0.000000 0.000000 0.000000 1 6.332993507e-08
132 0.234227 -0.052852 -0.287106 1.669251 -0.174905 -0.287196 0.000000 0.000000 0.000000 0.000000 1 6.332993507e-08
132 0.233741 -0.055681 -0.287110 1.669251 -0.174905 -0.287196 0.000000 0.000000 0.000000 0.000000 1 5.867332220e-08
132 0.233273 -0.058473 -0.287113 1.669251 -0.174905 -0.287196 0.000000 0.000000 0.000000 0.000000 1 6.426125765e-08
132 0.232823 -0.061229 -0.287117 1.669251 -0.174905 -0.287196 0.000000 0.000000 0.000000 0.000000 1 6.146728992e-08
132 0.232389 -0.063941 -0.287120 1.669251 -0.174905 -0.287196 0.000000 0.000000 0.000000 0.000000 1 7.729977369e-08
132 0.231973 -0.066621 -0.287123 1.669251 -0.174905 -0.287196 0.000000 0.000000 0.000000 0.000000 1 5.774199963e-08
132 0.231575 -0.069295 -0.287126 1.669251 -0.174905 -0.287196 0.000000 0.000000 0.000000 0.000000 1 6.239861250e-08
132 0.231198 -0.071997 -0.287128 1.669251 -0.174905 -0.287196 0.000000 0.000000 0.000000 0.000000 1 6.519258022e-08
132 0.230842 -0.074752 -0.287131 1.669251 -0.174905 -0.287196 0.000000 0.000000 0.000000 0.000000 1 5.960464478e-08
132 0.230510 -0.077576 -0.287133 1.669251 -0.174905 -0.287196 0.000000 0.000000 0.000000 0.000000 1 7.171183825e-08
132 0.230203 -0.080473 -0.287136 1.669251 -0.174905 -0.287196 0.000000 0.000000 0.000000 0.000000 1 1.778826118e-07
132 0.229921 -0.083423 -0.287138 1.669251 -0.174905 -0.287196 0.000000 0.000000 0.000000 0.000000 1 7.078051567e-08
132 0.229663 -0.086396 -0.287141 1.669251 -0.174905 -0.287196 0.000000 0.000000 0.000000 0.000000 1 7.357448339e-08
133 0.229813 -0.040503 -0.290826 1.739523 -0.126700 -0.290865 0.000000 0.000000 0.000000 0.000000 1 6.519258022e-08
133 0.229427 -0.043995 -0.290828 1.739523 -0.126700 -0.290865 0.000000 0.000000 0.000000 0.000000 1 6.146728992e-08
133 0.229062 -0.047449 -0.290829 1.739523 -0.126700 -0.290865 0.000000 0.000000 0.000000 0.000000 1 6.519258022e-08
133 0.228720 -0.050887 -0.290831 1.739523 -0.126700 -0.290865 0.000000 0.000000 0.000000 0.000000 1 6.426125765e-08
133 0.228402 -0.054339 -0.290832 1.739523 -0.126700 -0.290865 0.000000 0.000000 0.000000 0.000000 1 3.352761269e-08
133 0.228113 -0.057839 -0.290833 1.739523 -0.126700 -0.290865 0.000000 0.000000 0.000000 0.000000 1 2.887099981e-08
133 0.227857 -0.061410 -0.290835 1.739523 -0.126700 -0.290865 0.000000 0.000000 0.000000 0.000000 1 1.164153218e-07
133 0.227634 -0.065063 -0.290836 1.739523 -0.126700 -0.290865 0.000000 0.000000 0.000000 0.000000 1 5.960464478e-08
133 0.227445 -0.068783 -0.290837 1.739523 -0.126700 -0.290865 0.000000 0.000000 0.000000 0.000000 1 4.097819328e-08
133 0.227289 -0.072533 -0.290838 1.739523 -0.126700 -0.290865 0.000000 0.000000 0.000000 0.000000 1 7.357448339e-08
133 0.227160 -0.076266 -0.290839 1.739523 -0.126700 -0.290865 0.000000 0.000000 0.000000 0.000000 1 5.774199963e-08
133 0.227052 -0.079931 -0.290840 1.739523 -0.126700 -0.290865 0.000000 0.000000 0.000000 0.000000 1 7.543712854e-08
133 0.226962 -0.083491 -0.290841 1.739523 -0.126700 -0.290865 0.000000 0.000000 0.000000 0.000000 1 8.102506399e-08
133 0.226885 -0.086921 -0.290842 1.739523 -0.126700 -0.290865 0.000000 0.000000 0.000000 0.000000 1 7.078051567e-08
133 0.226821 -0.090223 -0.290843 1.739523 -0.126700 -0.290865 0.000000 0.000000 0.000000 0.000000 1 1.816079021e-07
133 0.226771 -0.093418 -0.290844 1.739523 -0.126700 -0.290865 0.000000 0.000000 0.000000 0.000000 1 7.078051567e-08
133 0.226739 -0.096536 -0.290845 1.739523 -0.126700 -0.290865 0.000000 0.000000 0.000000 0.000000 1 9.965151548e-08
133 0.226726 -0.099610 -0.290845 1.739523 -0.126700 -0.290865 0.000000 0.000000 0.000000 0.000000 1 1.899898052e-07
133 0.226735 -0.102659 -0.290846 1.739523 -0.126700 -0.290865 0.000000 0.000000 0.000000 0.000000 1 1.005828381e-07
133 0.226766 -0.105680 -0.290847 1.739523 -0.126700 -0.290865 0.000000 0.000000 0.000000 0.000000 1 7.171183825e-08
134 0.224629 -0.049724 -0.267828 1.812913 -0.065065 -0.267936 0.000000 0.000000 0.000000 0.000000 1 7.171183825e-08
134 0.224484 -0.053410 -0.267832 1.812913 -0.065065 -0.267936 0.000000 0.000000 0.000000 0.000000 1 6.612390280e-08
134 0.224347 -0.056955 -0.267836 1.812913 -0.065065 -0.267936 0.000000 0.000000 0.000000 0.000000 1 6.426125765e-08
134 0.224214 -0.060347 -0.267840 1.812913 -0.065065 -0.267936 0.000000 0.000000 0.000000 0.000000 1 5.774199963e-08
134 0.224086 -0.063593 -0.267844 1.812913 -0.065065 -0.267936 0.000000 0.000000 0.000000 0.000000 1 6.053596735e-08
134 0.223964 -0.066716 -0.267848 1.812913 -0.065065 -0.267936 0.000000 0.000000 0.000000 0.000000 1 6.426125765e-08
134 0.223852 -0.069741 -0.267851 1.812913 -0.065065 -0.267936 0.000000 0.000000 0.000000 0.000000 1 6.612390280e-08
134 0.223750 -0.072693 -0.267855 1.812913 -0.065065 -0.267936 0.000000 0.000000 0.000000 0.000000 1 6.426125765e-08
134 0.223662 -0.075592 -0.267858 1.812913 -0.065065 -0.267936 0.000000 0.000000 0.000000 0.000000 1 6.146728992e-08
134 0.223588 -0.078451 -0.267861 1.812913 -0.065065 -0.267936 0.000000 0.000000 0.000000 0.000000 1 6.612390280e-08
134 0.223529 -0.081271 -0.267864 1.812913 -0.065065 -0.267936 0.000000 0.000000 0.000000 0.000000 1 6.239861250e-08
134 0.223485 -0.084049 -0.267867 1.812913 -0.065065 -0.267936 0.000000 0.000000 0.000000 0.000000 1 2.039596438e-07
134 0.223457 -0.086799 -0.267869 1.812913 -0.065065 -0.267936 0.000000 0.000000 0.000000 0.000000 1 5.774199963e-08
134 0.223449 -0.089552 -0.267872 1.812913 -0.065065 -0.267936 0.000000 0.000000 0.000000 0.000000 1 5.681067705e-08
134 0.223467 -0.092345 -0.267874 1.812913 -0.065065 -0.267936 0.000000 0.000000 0.000000 0.000000 1 6.239861250e-08
134 0.223515 -0.095209 -0.267877 1.812913 -0.065065 -0.267936 0.000000 0.000000 0.000000 0.000000 1 9.406358004e-08
134 0.223597 -0.098162 -0.267879 1.812913 -0.065065 -0.267936 0.000000 0.000000 0.000000 0.000000 1 6.705522537e-08
134 0.223716 -0.101208 -0.267881 1.812913 -0.065065 -0.267936 0.000000 0.000000 0.000000 0.000000 1 5.960464478e-08
134 0.223870 -0.104331 -0.267884 1.812913 -0.065065 -0.267936 0.000000 0.000000 0.000000 0.000000 1 6.239861250e-08
134 0.224056 -0.107496 -0.267886 1.812913 -0.065065 -0.267936 0.000000 0.000000 0.000000 0.000000 1 6.332993507e-08
135 0.220938 -0.068568 -0.278653 1.879614 -0.017513 -0.278659 0.000000 0.000000 0.000000 0.000000 1 5.587935448e-08
135 0.221058 -0.072271 -0.278654 1.879614 -0.017513 -0.278659 0.000000 0.000000 0.000000 0.000000 1 6.612390280e-08
135 0.221203 -0.075954 -0.278654 1.879614 -0.017513 -0.278659 0.000000 0.000000 0.000000 0.000000 1 6.891787052e-08
135 0.221377 -0.079638 -0.278654 1.879614 -0.017513 -0.278659 0.000000 0.000000 0.000000 0.000000 1 7.171183825e-08
135 0.221585 -0.083357 -0.278654 1.879614 -0.017513 -0.278659 0.000000 0.000000 0.000000 0.000000 1 6.426125765e-08
135 0.221834 -0.087143 -0.278654 1.879614 -0.017513 -0.278659 0.000000 0.000000 0.000000 0.000000 1 6.705522537e-08
135 0.222131 -0.091017 -0.278655 1.879614 -0.017513 -0.278659 0.000000 0.000000 0.000000 0.000000 1 6.239861250e-08
135 0.222478 -0.094984 -0.278655 1.879614 -0.017513 -0.278659 0.000000 0.000000 0.000000 0.000000 1 6.053596735e-08
135 0.222874 -0.099024 -0.278655 1.879614 -0.017513 -0.278659 0.000000 0.000000 0.000000 0.000000 1 1.639127731e-07
135 0.223311 -0.103094 -0.278655 1.879614 -0.017513 -0.278659 0.000000 0.000000 0.000000 0.000000 1 6.519258022e-08
135 0.223778 -0.107137 -0.278655 1.879614 -0.017513 -0.278659 0.000000 0.000000 0.000000 0.000000 1 6.519258022e-08
135 0.224265 -0.111098 -0.278656 1.879614 -0.017513 -0.278659 0.000000 0.000000 0.000000 0.000000 1 6.519258022e-08
135 0.224762 -0.114934 -0.278656 1.879614 -0.017513 -0.278659 0.000000 0.000000 0.000000 0.000000 1 5.960464478e-08
135 0.225263 -0.118623 -0.278656 1.879614 -0.017513 -0.278659 0.000000 0.000000 0.000000 0.000000 1 6.426125765e-08
135 0.225768 -0.122166 -0.278656 1.879614 -0.017513 -0.278659 0.000000 0.000000 0.000000 0.000000 1 8.940696716e-08
135 0.226280 -0.125586 -0.278656 1.879614 -0.017513 -0.278659 0.000000 0.000000 0.000000 0.000000 1 9.499490261e-08
135 0.226805 -0.128915 -0.278656 1.879614 -0.017513 -0.278659 0.000000 0.000000 0.000000 0.000000 1 6.053596735e-08
135 0.227348 -0.132181 -0.278656 1.879614 -0.017513 -0.278659 0.000000 0.000000 0.000000 0.000000 1 6.612390280e-08
135 0.227912 -0.135400 -0.278656 1.879614 -0.017513 -0.278659 0.000000 0.000000 0.000000 0.000000 1 6.146728992e-08
135 0.228493 -0.138551 -0.278657 1.879614 -0.017513 -0.278659 0.000000 0.000000 0.000000 0.000000 1 6.239861250e-08
136 0.221436 -0.079157 -0.252065 1.950581 0.054518 -0.252173 0.000000 0.000000 0.000000 0.000000 1 1.229345798e-07
136 0.221858 -0.083235 -0.252069 1.950581 0.054518 -0.252173 0.000000 0.000000 0.000000 0.000000 1 6.984919310e-08
136 0.222266 -0.087108 -0.252074 1.950581 0.054518 -0.252173 0.000000 0.000000 0.000000 0.000000 1 6.426125765e-08
136 0.222658 -0.090771 -0.252077 1.950581 0.054518 -0.252173 0.000000 0.000000 0.000000 0.000000 1 5.774199963e-08
136 0.223034 -0.094234 -0.252081 1.950581 0.054518 -0.252173 0.000000 0.000000 0.000000 0.000000 1 7.078051567e-08
136 0.223399 -0.097523 -0.252085 1.950581 0.054518 -0.252173 0.000000 0.000000 0.000000 0.000000 1 1.527369022e-07
136 0.223760 -0.100676 -0.252088 1.950581 0.054518 -0.252173 0.000000 0.000000 0.000000 0.000000 1 5.960464478e-08
136 0.224122 -0.103726 -0.252092 1.950581 0.054518 -0.252173 0.000000 0.000000 0.000000 0.000000 1 6.332993507e-08
136 0.224491 -0.106696 -0.252095 1.950581 0.054518 -0.252173 0.000000 0.000000 0.000000 0.000000 1 6.053596735e-08
136 0.224868 -0.109601 -0.252098 1.950581 0.054518 -0.252173 0.000000 0.000000 0.000000 0.000000 1 6.146728992e-08
136 0.225255 -0.112449 -0.252101 1.950581 0.054518 -0.252173 0.000000 0.000000 0.000000 0.000000 1 5.774199963e-08
136 0.225654 -0.115243 -0.252104 1.950581 0.054518 -0.252173 0.000000 0.000000 0.000000 0.000000 1 6.519258022e-08
136 0.226067 -0.118002 -0.252106 1.950581 0.054518 -0.252173 0.000000 0.000000 0.000000 0.000000 1 5.960464478e-08
136 0.226503 -0.120767 -0.252109 1.950581 0.054518 -0.252173 0.000000 0.000000 0.000000 0.000000 1 6.891787052e-08
136 0.226974 -0.123584 -0.252111 1.950581 0.054518 -0.252173 0.000000 0.000000 0.000000 0.000000 1 6.053596735e-08
136 0.227487 -0.126488 -0.252114 1.950581 0.054518 -0.252173 0.000000 0.000000 0.000000 0.000000 1 6.053596735e-08
136 0.228051 -0.129501 -0.252116 1.950581 0.054518 -0.252173 0.000000 0.000000 0.000000 0.000000 1 7.078051567e-08
136 0.228670 -0.132632 -0.252118 1.950581 0.054518 -0.252173 0.000000 0.000000 0.000000 0.000000 1 6.239861250e-08
136 0.229341 -0.135865 -0.252121 1.950581 0.054518 -0.252173 0.000000 0.000000 0.000000 0.000000 1 5.774199963e-08
136 0.230060 -0.139168 -0.252123 1.950581 0.054518 -0.252173 0.000000 0.000000 0.000000 0.000000 1 6.239861250e-08
137 0.225868 -0.112525 -0.276417 2.013339 0.095643 -0.276369 0.000000 0.000000 0.000000 0.000000 1 6.146728992e-08
137 0.226644 -0.116422 -0.276415 2.013339 0.095643 -0.276369 0.000000 0.000000 0.000000 0.000000 1 5.681067705e-08
137 0.227456 -0.120317 -0.276413 2.013339 0.095643 -0.276369 0.000000 0.000000 0.000000 0.000000 1 6.891787052e-08
137 0.228308 -0.124226 -0.276412 2.013339 0.095643 -0.276369 0.000000 0.000000 0.000000 0.000000 1 6.426125765e-08
137 0.229210 -0.128178 -0.276410 2.013339 0.095643 -0.276369 0.000000 0.000000 0.000000 0.000000 1 6.426125765e-08
137 0.230171 -0.132201 -0.276408 2.013339 0.095643 -0.276369 0.000000 0.000000 0.000000 0.000000 1 6.612390280e-08
137 0.231197 -0.136307 -0.276407 2.013339 0.095643 -0.276369 0.000000 0.000000 0.000000 0.000000 1 6.426125765e-08
137 0.232289 -0.140494 -0.276405 2.013339 0.095643 -0.276369 0.000000 0.000000 0.000000 0.000000 1 5.960464478e-08
137 0.233443 -0.144731 -0.276404 2.013339 0.095643 -0.276369 0.000000 0.000000 0.000000 0.000000 1 6.426125765e-08
137 0.234644 -0.148969 -0.276403 2.013339 0.095643 -0.276369 0.000000 0.000000 0.000000 0.000000 1 5.960464478e-08
137 0.235875 -0.153146 -0.276401 2.013339 0.095643 -0.276369 0.000000 0.000000 0.000000 0.000000 1 6.053596735e-08
137 0.237119 -0.157206 -0.276400 2.013339 0.095643 -0.276369 0.000000 0.000000 0.000000 0.000000 1 6.332993507e-08
137 0.238360 -0.161105 -0.276399 2.013339 0.095643 -0.276369 0.000000 0.000000 0.000000 0.000000 1 6.519258022e-08
137 0.239593 -0.164827 -0.276398 2.013339 0.095643 -0.276369 0.000000 0.000000 0.000000 0.000000 1 6.053596735e-08
137 0.240817 -0.168375 -0.276397 2.013339 0.095643 -0.276369 0.000000 0.000000 0.000000 0.000000 1 7.823109627e-08
137 0.242037 -0.171774 -0.276396 2.013339 0.095643 -0.276369 0.000000 0.000000 0.000000 0.000000 1 5.867332220e-08
137 0.243262 -0.175052 -0.276395 2.013339 0.095643 -0.276369 0.000000 0.000000 0.000000 0.000000 1 6.519258022e-08
137 0.244498 -0.178235 -0.276394 2.013339 0.095643 -0.276369 0.000000 0.000000 0.000000 0.000000 1 5.960464478e-08
137 0.245748 -0.181334 -0.276393 2.013339 0.095643 -0.276369 0.000000 0.000000 0.000000 0.000000 1 6.519258022e-08
137 0.247000 -0.184314 -0.276392 2.013339 0.095643 -0.276369 0.000000 0.000000 0.000000 0.000000 1 1.573935151e-07
138 0.234394 -0.119358 -0.245296 2.080304 0.180136 -0.245397 0.000000 0.000000 0.000000 0.000000 1 5.774199963e-08
138 0.235630 -0.124085 -0.245300 2.080304 0.180136 -0.245397 0.000000 0.000000 0.000000 0.000000 1 6.426125765e-08
138 0.236813 -0.128516 -0.245304 2.080304 0.180136 -0.245397 0.000000 0.000000 0.000000 0.000000 1 6.146728992e-08
138 0.237943 -0.132648 -0.245307 2.080304 0.180136 -0.245397 0.000000 0.000000 0.000000 0.000000 1 5.867332220e-08
138 0.239021 -0.136501 -0.245311 2.080304 0.180136 -0.245397 0.000000 0.000000 0.000000 0.000000 1 5.867332220e-08
138 0.240056 -0.140099 -0.245314 2.080304 0.180136 -0.245397 0.000000 0.000000 0.000000 0.000000 1 6.519258022e-08
138 0.241057 -0.143486 -0.245318 2.080304 0.180136 -0.245397 0.000000 0.000000 0.000000 0.000000 1 6.239861250e-08
138 0.242040 -0.146708 -0.245321 2.080304 0.180136 -0.245397 0.000000 0.000000 0.000000 0.000000 1 6.705522537e-08
138 0.243012 -0.149802 -0.245324 2.080304 0.180136 -0.245397 0.000000 0.000000 0.000000 0.000000 1 6.519258022e-08
138 0.243981 -0.152791 -0.245327 2.080304 0.180136 -0.245397 0.000000 0.000000 0.000000 0.000000 1 5.587935448e-08
138 0.244952 -0.155691 -0.245329 2.080304 0.180136 -0.245397 0.000000 0.000000 0.000000 0.000000 1 6.612390280e-08
138 0.245926 -0.158515 -0.245332 2.080304 0.180136 -0.245397 0.000000 0.000000 0.000000 -0.000000 1 6.053596735e-08
138 0.246913 -0.161290 -0.245335 2.080304 0.180136 -0.245397 0.000000 0.000000 0.000000 -0.000000 1 5.960464478e-08
138 0.247928 -0.164067 -0.245337 2.080304 0.180136 -0.245397 0.000000 0.000000 0.000000 -0.000000 1 6.426125765e-08
138 0.248988 -0.166898 -0.245339 2.080304 0.180136 -0.245397 0.000000 0.000000 0.000000 -0.000000 1 6.053596735e-08
138 0.250110 -0.169827 -0.245342 2.080304 0.180136 -0.245397 0.000000 0.000000 0.000000 -0.000000 1 6.519258022e-08
138 0.251304 -0.172881 -0.245344 2.080304 0.180136 -0.245397 0.000000 0.000000 0.000000 -0.000000 1 1.657754183e-07
138 0.252577 -0.176069 -0.245346 2.080304 0.180136 -0.245397 0.000000 0.000000 0.000000 -0.000000 1 6.332993507e-08
138 0.253931 -0.179385 -0.245348 2.080304 0.180136 -0.245397 0.000000 0.000000 0.000000 -0.000000 1 1.676380634e-08
138 0.255358 -0.182798 -0.245350 2.080304 0.180136 -0.245397 0.000000 0.000000 0.000000 -0.000000 1 1.490116119e-08
139 0.254516 -0.176978 -0.293474 2.137854 0.204624 -0.293330 0.000000 0.000000 0.000000 -0.000000 1 5.029141903e-08
139 0.256185 -0.180732 -0.293468 2.137854 0.204624 -0.293330 0.000000 0.000000 0.000000 -0.000000 1 3.818422556e-08
139 0.257908 -0.184502 -0.293463 2.137854 0.204624 -0.293330 0.000000 0.000000 0.000000 -0.000000 1 6.519258022e-08
139 0.259693 -0.188303 -0.293458 2.137854 0.204624 -0.293330 0.000000 0.000000 0.000000 -0.000000 1 6.519258022e-08
139 0.261551 -0.192157 -0.293453 2.137854 0.204624 -0.293330 0.000000 0.000000 0.000000 -0.000000 1 5.587935448e-08
139 0.263488 -0.196072 -0.293448 2.137854 0.204624 -0.293330 0.000000 0.000000 0.000000 -0.000000 1 6.984919310e-08
139 0.265508 -0.200045 -0.293443 2.137854 0.204624 -0.293330 0.000000 0.000000 0.000000 -0.000000 1 6.612390280e-08
139 0.267603 -0.204049 -0.293439 2.137854 0.204624 -0.293330 0.000000 0.000000 0.000000 -0.000000 1 6.239861250e-08
139 0.269760 -0.208041 -0.293435 2.137854 0.204624 -0.293330 0.000000 0.000000 0.000000 -0.000000 1 6.426125765e-08
139 0.271957 -0.211965 -0.293430 2.137854 0.204624 -0.293330 0.000000 0.000000 0.000000 -0.000000 1 5.960464478e-08
139 0.274174 -0.215768 -0.293426 2.137854 0.204624 -0.293330 0.000000 0.000000 0.000000 -0.000000 1 6.053596735e-08
139 0.276392 -0.219413 -0.293423 2.137854 0.204624 -0.293330 0.000000 0.000000 0.000000 -0.000000 1 5.774199963e-08
139 0.278600 -0.222880 -0.293419 2.137854 0.204624 -0.293330 0.000000 0.000000 0.000000 -0.000000 1 6.053596735e-08
139 0.280795 -0.226171 -0.293416 2.137854 0.204624 -0.293330 0.000000 0.000000 0.000000 -0.000000 1 1.527369022e-07
139 0.282983 -0.229304 -0.293412 2.137854 0.204624 -0.293330 0.000000 0.000000 0.000000 -0.000000 1 5.867332220e-08
139 0.285170 -0.232305 -0.293409 2.137854 0.204624 -0.293330 0.000000 0.000000 0.000000 -0.000000 1 5.867332220e-08
139 0.287367 -0.235197 -0.293406 2.137854 0.204624 -0.293330 0.000000 0.000000 0.000000 -0.000000 1 6.239861250e-08
139 0.289581 -0.238002 -0.293403 2.137854 0.204624 -0.293330 0.000000 0.000000 0.000000 -0.000000 1 6.426125765e-08
139 0.291815 -0.240734 -0.293400 2.137854 0.204624 -0.293330 0.000000 0.000000 0.000000 -0.000000 1 6.332993507e-08
139 0.294066 -0.243401 -0.293397 2.137854 0.204624 -0.293330 0.000000 0.000000 0.000000 -0.000000 1 6.426125765e-08
140 0.271296 -0.159819 -0.246661 2.193306 0.314846 -0.246780 0.000000 0.000000 0.000000 -0.000000 1 6.053596735e-08
140 0.273987 -0.166033 -0.246666 2.193306 0.314846 -0.246780 0.000000 0.000000 0.000000 -0.000000 1 5.774199963e-08
140 0.276567 -0.171836 -0.246670 2.193306 0.314846 -0.246780 0.000000 0.000000 0.000000 -0.000000 1 8.195638657e-08
140 0.279037 -0.177235 -0.246674 2.193306 0.314846 -0.246780 0.000000 0.000000 0.000000 -0.000000 1 5.867332220e-08
140 0.281402 -0.182254 -0.246679 2.193306 0.314846 -0.246780 0.000000 0.000000 0.000000 -0.000000 1 5.867332220e-08
140 0.283678 -0.186928 -0.246683 2.193306 0.314846 -0.246780 0.000000 0.000000 0.000000 -0.000000 1 6.891787052e-08
140 0.285880 -0.191299 -0.246686 2.193306 0.314846 -0.246780 0.000000 0.000000 0.000000 -0.000000 1 6.426125765e-08
140 0.288028 -0.195418 -0.246690 2.193306 0.314846 -0.246780 0.000000 0.000000 0.000000 -0.000000 1 6.332993507e-08
140 0.290140 -0.199332 -0.246694 2.193306 0.314846 -0.246780 0.000000 0.000000 0.000000 -0.000000 1 6.146728992e-08
140 0.292227 -0.203068 -0.246697 2.193306 0.314846 -0.246780 0.000000 0.000000 0.000000 -0.000000 1 6.146728992e-08
140 0.294293 -0.206640 -0.246700 2.193306 0.314846 -0.246780 0.000000 0.000000 0.000000 -0.000000 1 1.629814506e-07
140 0.296344 -0.210067 -0.246703 2.193306 0.314846 -0.246780 0.000000 0.000000 0.000000 -0.000000 1 1.396983862e-08
140 0.298397 -0.213387 -0.246707 2.193306 0.314846 -0.246780 0.000000 0.000000 0.000000 -0.000000 1 6.798654795e-08
140 0.300477 -0.216663 -0.246709 2.193306 0.314846 -0.246780 0.000000 0.000000 0.000000 -0.000000 1 6.332993507e-08
140 0.302614 -0.219958 -0.246712 2.193306 0.314846 -0.246780 0.000000 0.000000 0.000000 -0.000000 1 1.490116119e-08
140 0.304836 -0.223328 -0.246715 2.193306 0.314846 -0.246780 0.000000 0.000000 0.000000 -0.000000 1 1.490116119e-08
140 0.307159 -0.226805 -0.246717 2.193306 0.314846 -0.246780 0.000000 0.000000 0.000000 -0.000000 1 2.142041922e-08
140 0.309598 -0.230407 -0.246720 2.193306 0.314846 -0.246780 0.000000 0.000000 0.000000 -0.000000 1 3.445893526e-08
140 0.312159 -0.234137 -0.246722 2.193306 0.314846 -0.246780 0.000000 0.000000 0.000000 -0.000000 1 2.235174179e-08
140 0.314839 -0.237978 -0.246725 2.193306 0.314846 -0.246780 0.000000 0.000000 0.000000 -0.000000 1 3.632158041e-08
141 0.324865 -0.261505 -0.326420 2.242480 0.310231 -0.326159 0.000000 0.000000 0.000000 -0.000000 1 2.328306437e-08
141 0.327899 -0.264550 -0.326409 2.242480 0.310231 -0.326159 0.000000 0.000000 0.000000 -0.000000 1 2.216547728e-07
141 0.331025 -0.267652 -0.326400 2.242480 0.310231 -0.326159 0.000000 0.000000 0.000000 -0.000000 1 6.146728992e-08
141 0.334251 -0.270818 -0.326390 2.242480 0.310231 -0.326159 0.000000 0.000000 0.000000 -0.000000 1 5.960464478e-08
141 0.337591 -0.274055 -0.326381 2.242480 0.310231 -0.326159 0.000000 0.000000 0.000000 -0.000000 1 7.078051567e-08
141 0.341047 -0.277355 -0.326372 2.242480 0.310231 -0.326159 0.000000 0.000000 0.000000 -0.000000 1 6.053596735e-08
141 0.344613 -0.280687 -0.326364 2.242480 0.310231 -0.326159 0.000000 0.000000 0.000000 -0.000000 1 5.774199963e-08
141 0.348277 -0.284014 -0.326356 2.242480 0.310231 -0.326159 0.000000 0.000000 0.000000 -0.000000 1 2.831220627e-07
141 0.352020 -0.287293 -0.326348 2.242480 0.310231 -0.326159 0.000000 0.000000 0.000000 -0.000000 1 5.681067705e-08
141 0.355828 -0.290497 -0.326341 2.242480 0.310231 -0.326159 0.000000 0.000000 0.000000 -0.000001 1 6.053596735e-08
141 0.359691 -0.293617 -0.326334 2.242480 0.310231 -0.326159 0.000000 0.000000 0.000000 -0.000001 1 6.426125765e-08
141 0.363609 -0.296662 -0.326327 2.242480 0.310231 -0.326159 0.000000 0.000000 0.000000 -0.000001 1 9.778887033e-08
141 0.367587 -0.299659 -0.326320 2.242480 0.310231 -0.326159 0.000000 0.000000 0.000000 -0.000001 1 6.426125765e-08
141 0.371742 -0.300000 -0.326314 2.242480 0.310231 -0.326159 0.000000 0.000000 0.000000 -0.000001 1 6.519258022e-08
141 0.376280 -0.300000 -0.326308 2.242480 0.310231 -0.326159 0.000000 0.000000 0.000000 -0.000001 1 6.705522537e-08
141 0.381211 -0.300000 -0.326302 2.242480 0.310231 -0.326159 0.000000 0.000000 0.000000 -0.000001 1 4.842877388e-08
141 0.386533 -0.300000 -0.326296 2.242480 0.310231 -0.326159 0.000000 0.000000 0.000000 -0.000001 1 6.053596735e-08
141 0.392242 -0.300000 -0.326291 2.242480 0.310231 -0.326159 0.000000 0.000000 0.000000 -0.000001 1 4.842877388e-08
141 0.398317 -0.300000 -0.326286 2.242480 0.310231 -0.326159 0.000000 0.000000 0.000000 -0.000001 1 3.818422556e-08
141 0.404670 -0.300000 -0.326281 2.242480 0.310231 -0.326159 0.000000 0.000000 0.000000 -0.000001 1 1.294538379e-07
142 0.358862 -0.193350 -0.250480 2.271777 0.458098 -0.250661 0.000000 0.000000 0.000000 -0.000001 1 6.426125765e-08
142 0.364226 -0.201675 -0.250487 2.271777 0.458098 -0.250661 0.000000 0.000000 0.000000 -0.000001 1 6.612390280e-08
142 0.369417 -0.209491 -0.250494 2.271777 0.458098 -0.250661 0.000000 0.000000 0.000000 -0.000001 1 6.239861250e-08
142 0.374443 -0.216816 -0.250500 2.271777 0.458098 -0.250661 0.000000 0.000000 0.000000 -0.000001 1 7.636845112e-08
142 0.379323 -0.223687 -0.250507 2.271777 0.458098 -0.250661 0.000000 0.000000 0.000000 -0.000001 1 2.011656761e-07
142 0.384082 -0.230148 -0.250513 2.271777 0.458098 -0.250661 0.000000 0.000000 0.000000 -0.000001 1 6.519258022e-08
142 0.388748 -0.236250 -0.250519 2.271777 0.458098 -0.250661 0.000000 0.000000 0.000000 -0.000001 1 6.705522537e-08
142 0.393352 -0.242044 -0.250524 2.271777 0.458098 -0.250661 0.000000 0.000000 0.000000 -0.000001 1 6.239861250e-08
142 0.397926 -0.247583 -0.250530 2.271777 0.458098 -0.250661 0.000000 0.000000 0.000000 -0.000001 1 5.960464478e-08
142 0.402488 -0.252899 -0.250535 2.271777 0.458098 -0.250661 0.000000 0.000000 0.000000 -0.000001 1 6.053596735e-08
142 0.407027 -0.257981 -0.250540 2.271777 0.458098 -0.250661 0.000000 0.000000 0.000000 -0.000001 1 6.146728992e-08
142 0.411531 -0.262817 -0.250545 2.271777 0.458098 -0.250661 0.000000 0.000000 0.000000 -0.000001 1 5.587935448e-08
142 0.416014 -0.267435 -0.250549 2.271777 0.458098 -0.250661 0.000000 0.000000 0.000000 -0.000001 1 5.774199963e-08
142 0.420521 -0.271904 -0.250554 2.271777 0.458098 -0.250661 0.000000 0.000000 0.000000 -0.000001 1 6.612390280e-08
142 0.425102 -0.276300 -0.250558 2.271777 0.458098 -0.250661 0.000000 0.000000 0.000000 -0.000001 1 5.774199963e-08
142 0.429807 -0.280695 -0.250562 2.271777 0.458098 -0.250661 0.000000 0.000000 0.000000 -0.000001 1 7.078051567e-08
142 0.434676 -0.285137 -0.250566 2.271777 0.458098 -0.250661 0.000000 0.000000 0.000000 -0.000001 1 1.639127731e-07
142 0.439725 -0.289639 -0.250570 2.271777 0.458098 -0.250661 0.000000 0.000000 0.000000 -0.000001 1 5.960464478e-08
142 0.444919 -0.294139 -0.250573 2.271777 0.458098 -0.250661 0.000000 0.000000 0.000000 -0.000001 1 6.146728992e-08
142 0.449991 -0.298230 -0.250577 2.271777 0.458098 -0.250661 0.000000 0.000000 0.000000 -0.000001 1 6.705522537e-08
143 0.470008 -0.297829 -0.354168 2.300698 0.427880 -0.353842 0.000000 0.000000 0.000000 -0.000001 1 6.053596735e-08
143 0.471631 -0.293936 -0.354155 2.300698 0.427880 -0.353842 0.000000 0.000000 0.000000 -0.000001 1 1.769512892e-07
143 0.473552 -0.290929 -0.354143 2.300698 0.427880 -0.353842 0.000000 0.000000 0.000000 -0.000001 1 7.171183825e-08
143 0.475413 -0.287822 -0.354131 2.300698 0.427880 -0.353842 0.000000 0.000000 0.000000 -0.000001 1 7.916241884e-08
143 0.477098 -0.284301 -0.354120 2.300698 0.427880 -0.353842 0.000000 0.000000 0.000000 -0.000001 1 3.166496754e-08
143 0.478626 -0.280413 -0.354109 2.300698 0.427880 -0.353842 0.000000 0.000000 0.000000 -0.000001 1 2.235174179e-08
143 0.480046 -0.276297 -0.354098 2.300698 0.427880 -0.353842 0.000000 0.000000 0.000000 -0.000001 1 2.235174179e-08
143 0.481415 -0.272114 -0.354088 2.300698 0.427880 -0.353842 0.000000 0.000000 0.000000 -0.000001 1 2.793967724e-08
143 0.482794 -0.268046 -0.354079 2.300698 0.427880 -0.353842 0.000000 0.000000 0.000000 -0.000001 1 6.146728992e-08
143 0.484226 -0.264209 -0.354069 2.300698 0.427880 -0.353842 0.000000 0.000000 0.000000 -0.000001 1 5.867332220e-08
143 0.485705 -0.260584 -0.354060 2.300698 0.427880 -0.353842 0.000000 0.000000 0.000000 -0.000001 1 5.774199963e-08
143 0.487203 -0.257086 -0.354052 2.300698 0.427880 -0.353842 0.000000 0.000000 0.000000 -0.000001 1 6.798654795e-08
143 0.488752 -0.253797 -0.354044 2.300698 0.427880 -0.353842 0.000000 0.000000 0.000000 -0.000001 1 6.146728992e-08
143 0.490309 -0.250593 -0.354036 2.300698 0.427880 -0.353842 0.000000 0.000000 0.000000 -0.000001 1 1.806765795e-07
143 0.491811 -0.247297 -0.354028 2.300698 0.427880 -0.353842 0.000000 0.000000 0.000000 -0.000001 1 6.984919310e-08
143 0.493222 -0.243809 -0.354021 2.300698 0.427880 -0.353842 0.000000 0.000000 0.000000 -0.000001 1 6.984919310e-08
143 0.494569 -0.240202 -0.354014 2.300698 0.427880 -0.353842 0.000000 0.000000 0.000000 -0.000001 1 6.891787052e-08
143 0.495893 -0.236599 -0.354007 2.300698 0.427880 -0.353842 0.000000 0.000000 0.000000 -0.000001 1 5.774199963e-08
143 0.497269 -0.233215 -0.354000 2.300698 0.427880 -0.353842 0.000000 0.000000 0.000000 -0.000001 1 1.518055797e-07
143 0.498909 -0.230620 -0.353994 2.300698 0.427880 -0.353842 0.000000 0.000000 0.000000 -0.000001 1 5.681067705e-08
144 0.432498 -0.029100 -0.217535 2.264912 0.644819 -0.217925 0.000000 0.000000 0.000000 -0.000002 1 6.239861250e-08
144 0.445404 -0.045989 -0.217550 2.264912 0.644819 -0.217925 0.000000 0.000000 0.000000 -0.000002 1 6.239861250e-08
144 0.458017 -0.062111 -0.217565 2.264912 0.644819 -0.217925 0.000000 0.000000 0.000000 -0.000002 1 5.960464478e-08
144 0.470373 -0.077499 -0.217579 2.264912 0.644819 -0.217925 0.000000 0.000000 0.000000 -0.000002 1 6.146728992e-08
144 0.482527 -0.092202 -0.217593 2.264912 0.644819 -0.217925 0.000000 0.000000 0.000000 -0.000002 1 6.332993507e-08
144 0.494539 -0.106270 -0.217606 2.264912 0.644819 -0.217925 0.000000 0.000000 0.000000 -0.000002 1 6.705522537e-08
144 0.506472 -0.119755 -0.217618 2.264912 0.644819 -0.217925 0.000000 0.000000 0.000000 -0.000002 1 6.426125765e-08
144 0.518377 -0.132699 -0.217630 2.264912 0.644819 -0.217925 0.000000 0.000000 0.000000 -0.000002 1 6.053596735e-08
144 0.530288 -0.145129 -0.217642 2.264912 0.644819 -0.217925 0.000000 0.000000 0.000000 -0.000002 1 6.146728992e-08
144 0.542209 -0.157052 -0.217653 2.264912 0.644819 -0.217925 0.000000 0.000000 0.000000 -0.000002 1 5.681067705e-08
144 0.553903 -0.168287 -0.217664 2.264912 0.644819 -0.217925 0.000000 0.000000 0.000000 -0.000002 1 3.818422556e-08
144 0.561962 -0.175609 -0.217674 2.264912 0.644819 -0.217925 0.000000 0.000000 0.000000 -0.000002 1 3.352761269e-08
144 0.564145 -0.174999 -0.217684 2.264912 0.644819 -0.217925 0.000000 0.000000 0.000000 -0.000002 1 3.911554813e-08
144 0.565588 -0.172997 -0.217693 2.264912 0.644819 -0.217925 0.000000 0.000000 0.000000 -0.000002 1 4.377216101e-08
144 0.566905 -0.170722 -0.217702 2.264912 0.644819 -0.217925 0.000000 0.000000 0.000000 -0.000002 1 5.960464478e-08
144 0.568082 -0.168136 -0.217711 2.264912 0.644819 -0.217925 0.000000 0.000000 0.000000 -0.000002 1 6.053596735e-08
144 0.569113 -0.165225 -0.217720 2.264912 0.644819 -0.217925 0.000000 0.000000 0.000000 -0.000002 1 6.612390280e-08
144 0.570009 -0.162006 -0.217728 2.264912 0.644819 -0.217925 0.000000 0.000000 0.000000 -0.000002 1 5.960464478e-08
144 0.570810 -0.158562 -0.217735 2.264912 0.644819 -0.217925 0.000000 0.000000 0.000000 -0.000002 1 5.587935448e-08
144 0.571577 -0.155030 -0.217743 2.264912 0.644819 -0.217925 0.000000 0.000000 0.000000 -0.000002 1 5.960464478e-08
145 0.550234 -0.153888 -0.291601 2.233663 0.642641 -0.291485 0.000000 0.000000 0.000000 -0.000002 1 9.406358004e-08
145 0.556125 -0.157600 -0.291597 2.233663 0.642641 -0.291485 0.000000 0.000000 0.000000 -0.000002 1 6.146728992e-08
145 0.557248 -0.154245 -0.291592 2.233663 0.642641 -0.291485 0.000000 0.000000 0.000000 -0.000002 1 6.332993507e-08
145 0.558199 -0.150511 -0.291588 2.233663 0.642641 -0.291485 0.000000 0.000000 0.000000 -0.000002 1 6.239861250e-08
145 0.558953 -0.146329 -0.291584 2.233663 0.642641 -0.291485 0.000000 0.000000 0.000000 -0.000002 1 6.053596735e-08
145 0.559493 -0.141646 -0.291580 2.233663 0.642641 -0.291485 0.000000 0.000000 0.000000 -0.000002 1 5.867332220e-08
145 0.559897 -0.136645 -0.291576 2.233663 0.642641 -0.291485 0.000000 0.000000 0.000000 -0.000002 1 6.239861250e-08
145 0.560241 -0.131514 -0.291573 2.233663 0.642641 -0.291485 0.000000 0.000000 0.000000 -0.000002 1 6.239861250e-08
145 0.560589 -0.126427 -0.291569 2.233663 0.642641 -0.291485 0.000000 0.000000 0.000000 -0.000002 1 6.053596735e-08
145 0.561010 -0.121559 -0.291566 2.233663 0.642641 -0.291485 0.000000 0.000000 0.000000 -0.000002 1 5.774199963e-08
145 0.561550 -0.117026 -0.291563 2.233663 0.642641 -0.291485 0.000000 0.000000 0.000000 -0.000002 1 5.867332220e-08
145 0.562236 -0.112885 -0.291560 2.233663 0.642641 -0.291485 0.000000 0.000000 0.000000 -0.000002 1 5.867332220e-08
145 0.563048 -0.109070 -0.291557 2.233663 0.642641 -0.291485 0.000000 0.000000 0.000000 -0.000002 1 1.499429345e-07
145 0.563887 -0.105333 -0.291554 2.233663 0.642641 -0.291485 0.000000 0.000000 0.000000 -0.000002 1 5.681067705e-08
145 0.564646 -0.101402 -0.291551 2.233663 0.642641 -0.291485 0.000000 0.000000 0.000000 -0.000002 1 6.146728992e-08
145 0.565347 -0.097334 -0.291548 2.233663 0.642641 -0.291485 0.000000 0.000000 0.000000 -0.000002 1 5.960464478e-08
145 0.566016 -0.093190 -0.291546 2.233663 0.642641 -0.291485 0.000000 0.000000 0.000000 -0.000002 1 6.053596735e-08
145 0.566631 -0.088909 -0.291544 2.233663 0.642641 -0.291485 0.000000 0.000000 0.000000 -0.000002 1 5.867332220e-08
145 0.567223 -0.084562 -0.291541 2.233663 0.642641 -0.291485 0.000000 0.000000 0.000000 -0.000002 1 6.146728992e-08
145 0.567868 -0.080350 -0.291539 2.233663 0.642641 -0.291485 0.000000 0.000000 0.000000 -0.000002 1 5.494803190e-08
146 0.461208 0.120518 -0.171163 2.117411 0.838799 -0.171588 0.000000 0.000000 0.000000 -0.000003 1 9.220093489e-08
146 0.488984 0.100074 -0.171179 2.117411 0.838799 -0.171588 0.000000 0.000000 0.000000 -0.000003 1 8.288770914e-08
146 0.516508 0.080705 -0.171195 2.117411 0.838799 -0.171588 0.000000 0.000000 0.000000 -0.000003 1 6.798654795e-08
146 0.543809 0.062412 -0.171211 2.117411 0.838799 -0.171588 0.000000 0.000000 0.000000 -0.000003 1 5.867332220e-08
146 0.570930 0.045196 -0.171226 2.117411 0.838799 -0.171588 0.000000 0.000000 0.000000 -0.000003 1 6.146728992e-08
146 0.597945 0.029058 -0.171240 2.117411 0.838799 -0.171588 0.000000 0.000000 0.000000 -0.000002 1 6.705522537e-08
146 0.624883 0.014005 -0.171253 2.117411 0.838799 -0.171588 0.000000 0.000000 0.000000 -0.000002 1 5.960464478e-08
146 0.643454 0.003339 -0.171267 2.117411 0.838799 -0.171588 0.000000 0.000000 0.000000 -0.000003 1 6.146728992e-08
146 0.644358 0.007379 -0.171279 2.117411 0.838799 -0.171588 0.000000 0.000000 0.000000 -0.000003 1 1.667067409e-07
146 0.645134 0.011730 -0.171291 2.117411 0.838799 -0.171588 0.000000 0.000000 0.000000 -0.000003 1 1.266598701e-07
146 0.646053 0.015870 -0.171303 2.117411 0.838799 -0.171588 0.000000 0.000000 0.000000 -0.000003 1 5.960464478e-08
146 0.647064 0.019903 -0.171314 2.117411 0.838799 -0.171588 0.000000 0.000000 0.000000 -0.000003 1 5.960464478e-08
146 0.648080 0.024004 -0.171325 2.117411 0.838799 -0.171588 0.000000 0.000000 0.000000 -0.000003 1 6.239861250e-08
146 0.649126 0.028122 -0.171335 2.117411 0.838799 -0.171588 0.000000 0.000000 0.000000 -0.000003 1 5.494803190e-08
146 0.650190 0.032288 -0.171345 2.117411 0.838799 -0.171588 0.000000 0.000000 0.000000 -0.000003 1 5.867332220e-08
146 0.651207 0.036640 -0.171355 2.117411 0.838799 -0.171588 0.000000 0.000000 0.000000 -0.000003 1 6.612390280e-08
146 0.652154 0.041233 -0.171364 2.117411 0.838799 -0.171588 0.000000 0.000000 0.000000 -0.000003 1 6.332993507e-08
146 0.653061 0.046015 -0.171373 2.117411 0.838799 -0.171588 0.000000 0.000000 0.000000 -0.000003 1 6.146728992e-08
146 0.654013 0.050811 -0.171381 2.117411 0.838799 -0.171588 0.000000 0.000000 0.000000 -0.000003 1 6.239861250e-08
146 0.655074 0.055488 -0.171389 2.117411 0.838799 -0.171588 0.000000 0.000000 0.000000 -0.000003 1 5.681067705e-08
147 0.546585 0.174427 -0.113120 2.002458 0.950128 -0.113543 0.000000 0.000000 0.000000 -0.000000 1 1.126900315e-07
147 0.580995 0.159555 -0.113137 2.002458 0.950128 -0.113543 0.000000 0.000000 0.000000 -0.000003 1 5.867332220e-08
147 0.614892 0.145976 -0.113153 2.002458 0.950128 -0.113543 0.000000 0.000000 0.000000 -0.000002 1 6.332993507e-08
147 0.648302 0.133698 -0.113168 2.002458 0.950128 -0.113543 0.000000 0.000000 0.000000 -0.000002 1 9.126961231e-08
147 0.681231 0.122727 -0.113183 2.002458 0.950128 -0.113543 0.000000 0.000000 0.000000 -0.000002 1 6.053596735e-08
147 0.704918 0.114442 -0.113197 2.002458 0.950128 -0.113543 0.000000 0.000000 0.000000 -0.000003 1 6.519258022e-08
147 0.707044 0.119019 -0.113210 2.002458 0.950128 -0.113543 0.000000 0.000000 0.000000 -0.000003 1 4.097819328e-08
147 0.708974 0.124157 -0.113223 2.002458 0.950128 -0.113543 0.000000 0.000000 0.000000 -0.000003 1 3.445893526e-08
147 0.710907 0.129555 -0.113236 2.002458 0.950128 -0.113543 0.000000 0.000000 0.000000 -0.000003 1 2.980232239e-08
147 0.712921 0.135082 -0.113248 2.002458 0.950128 -0.113543 0.000000 0.000000 0.000000 -0.000003 1 2.980232239e-08
147 0.715155 0.140483 -0.113260 2.002458 0.950128 -0.113543 0.000000 0.000000 0.000000 -0.000003 1 5.960464478e-08
147 0.717747 0.145514 -0.113271 2.002458 0.950128 -0.113543 0.000000 0.000000 0.000000 -0.000003 1 9.872019291e-08
147 0.720665 0.150252 -0.113282 2.002458 0.950128 -0.113543 0.000000 0.000000 0.000000 -0.000003 1 6.612390280e-08
147 0.723792 0.154919 -0.113292 2.002458 0.950128 -0.113543 0.000000 0.000000 0.000000 -0.000003 1 5.867332220e-08
147 0.727044 0.159676 -0.113302 2.002458 0.950128 -0.113543 0.000000 0.000000 0.000000 -0.000003 1 6.053596735e-08
147 0.730431 0.164526 -0.113311 2.002458 0.950128 -0.113543 0.000000 0.000000 0.000000 -0.000003 1 5.867332220e-08
147 0.733894 0.169601 -0.113320 2.002458 0.950128 -0.113543 0.000000 0.000000 0.000000 -0.000003 1 5.774199963e-08
147 0.737312 0.175152 -0.113329 2.002458 0.950128 -0.113543 0.000000 0.000000 0.000000 -0.000003 1 6.053596735e-08
147 0.740643 0.181309 -0.113337 2.002458 0.950128 -0.113543 0.000000 0.000000 0.000000 -0.000003 1 7.078051567e-08
147 0.744007 0.187887 -0.113345 2.002458 0.950128 -0.113543 0.000000 0.000000 0.000000 -0.000003 1 5.867332220e-08
147 0.747580 0.194554 -0.113353 2.002458 0.950128 -0.113543 0.000000 0.000000 0.000000 -0.000003 1 5.960464478e-08
148 0.661828 0.218068 -0.086352 1.876688 0.975902 -0.086638 0.000000 0.000000 0.000000 -0.000002 1 6.239861250e-08
148 0.700542 0.213599 -0.086363 1.876688 0.975902 -0.086638 0.000000 0.000000 0.000000 -0.000002 1 5.867332220e-08
148 0.737867 0.210377 -0.086374 1.876688 0.975902 -0.086638 0.000000 0.000000 0.000000 -0.000002 1 1.555308700e-07
148 0.750791 0.211496 -0.086384 1.876688 0.975902 -0.086638 0.000000 0.000000 0.000000 -0.000003 1 6.146728992e-08
148 0.754221 0.217372 -0.086394 1.876688 0.975902 -0.086638 0.000000 0.000000 0.000000 -0.000002 1 6.053596735e-08
148 0.755656 0.221971 -0.086404 1.876688 0.975902 -0.086638 0.000000 0.000000 0.000000 -0.000002 1 6.146728992e-08
148 0.755309 0.225409 -0.086413 1.876688 0.975902 -0.086638 0.000000 0.000000 0.000000 -0.000001 1 6.332993507e-08
148 0.753995 0.228224 -0.086422 1.876688 0.975902 -0.086638 0.000000 0.000000 0.000000 -0.000001 1 5.867332220e-08
148 0.752212 0.230649 -0.086430 1.876688 0.975902 -0.086638 0.000000 0.000000 0.000000 -0.000001 1 6.146728992e-08
148 0.750251 0.232708 -0.086438 1.876688 0.975902 -0.086638 0.000000 0.000000 0.000000 -0.000001 1 6.146728992e-08
148 0.748196 0.234533 -0.086446 1.876688 0.975902 -0.086638 0.000000 0.000000 0.000000 -0.000001 1 5.681067705e-08
148 0.746002 0.236356 -0.086454 1.876688 0.975902 -0.086638 0.000000 0.000000 0.000000 -0.000001 1 5.867332220e-08
148 0.743909 0.237816 -0.086461 1.876688 0.975902 -0.086638 0.000000 0.000000 0.000000 -0.000001 1 6.053596735e-08
148 0.742149 0.238546 -0.086468 1.876688 0.975902 -0.086638 0.000000 0.000000 0.000000 -0.000001 1 5.960464478e-08
148 0.740634 0.238735 -0.086475 1.876688 0.975902 -0.086638 0.000000 0.000000 0.000000 -0.000001 1 9.499490261e-08
148 0.739250 0.238597 -0.086481 1.876688 0.975902 -0.086638 0.000000 0.000000 0.000000 -0.000001 1 6.053596735e-08
148 0.737923 0.238269 -0.086487 1.876688 0.975902 -0.086638 0.000000 0.000000 0.000000 -0.000001 1 6.332993507e-08
148 0.736677 0.237742 -0.086493 1.876688 0.975902 -0.086638 0.000000 0.000000 0.000000 -0.000001 1 6.053596735e-08
148 0.735487 0.237075 -0.086499 1.876688 0.975902 -0.086638 0.000000 0.000000 0.000000 -0.000001 1 5.681067705e-08
148 0.734274 0.236403 -0.086504 1.876688 0.975902 -0.086638 0.000000 0.000000 0.000000 -0.000001 1 1.909211278e-07
149 0.659007 0.242800 -0.083149 1.762717 0.976509 -0.083290 0.000000 0.000000 0.000000 -0.000001 1 5.867332220e-08
149 0.695325 0.241715 -0.083155 1.762717 0.976509 -0.083290 0.000000 0.000000 0.000000 -0.000001 1 5.867332220e-08
149 0.709914 0.232268 -0.083160 1.762717 0.976509 -0.083290 0.000000 0.000000 0.000000 -0.000001 1 6.053596735e-08
149 0.714206 0.227089 -0.083165 1.762717 0.976509 -0.083290 0.000000 0.000000 0.000000 -0.000001 1 5.774199963e-08
149 0.713518 0.226367 -0.083170 1.762717 0.976509 -0.083290 0.000000 0.000000 0.000000 -0.000001 1 5.960464478e-08
149 0.712062 0.226492 -0.083175 1.762717 0.976509 -0.083290 0.000000 0.000000 0.000000 -0.000000 1 6.332993507e-08
149 0.710392 0.226803 -0.083180 1.762717 0.976509 -0.083290 0.000000 0.000000 0.000000 -0.000000 1 6.053596735e-08
149 0.708555 0.227285 -0.083184 1.762717 0.976509 -0.083290 0.000000 0.000000 0.000000 -0.000000 1 5.960464478e-08
149 0.706487 0.228065 -0.083188 1.762717 0.976509 -0.083290 0.000000 0.000000 0.000000 -0.000000 1 8.754432201e-08
149 0.704274 0.229040 -0.083192 1.762717 0.976509 -0.083290 0.000000 0.000000 0.000000 -0.000000 1 7.823109627e-08
149 0.702094 0.229951 -0.083196 1.762717 0.976509 -0.083290 0.000000 0.000000 0.000000 -0.000000 1 2.020969987e-07
149 0.700085 0.230591 -0.083200 1.762717 0.976509 -0.083290 0.000000 0.000000 0.000000 -0.000000 1 6.053596735e-08
149 0.698203 0.231036 -0.083203 1.762717 0.976509 -0.083290 0.000000 0.000000 0.000000 -0.000000 1 5.867332220e-08
149 0.696397 0.231364 -0.083207 1.762717 0.976509 -0.083290 0.000000 0.000000 0.000000 -0.000000 1 5.774199963e-08
149 0.694617 0.231652 -0.083210 1.762717 0.976509 -0.083290 0.000000 0.000000 0.000000 -0.000000 1 6.146728992e-08
149 0.692780 0.232026 -0.083213 1.762717 0.976509 -0.083290 0.000000 0.000000 0.000000 -0.000000 1 5.960464478e-08
149 0.690832 0.232566 -0.083216 1.762717 0.976509 -0.083290 0.000000 0.000000 0.000000 -0.000000 1 1.518055797e-07
149 0.688742 0.233327 -0.083219 1.762717 0.976509 -0.083290 0.000000 0.000000 0.000000 -0.000000 1 5.960464478e-08
149 0.686493 0.234340 -0.083222 1.762717 0.976509 -0.083290 0.000000 0.000000 0.000000 -0.000000 1 6.891787052e-08
149 0.684210 0.235409 -0.083225 1.762717 0.976509 -0.083290 0.000000 0.000000 0.000000 -0.000000 1 7.543712854e-08
150 0.589779 0.187203 -0.107603 1.628806 0.914332 -0.106655 0.000000 0.000000 0.000000 -0.000000 1 6.891787052e-08
150 0.623087 0.195243 -0.111410 1.628806 0.914332 -0.106655 0.000000 0.000000 0.000000 -0.000001 1 5.681067705e-08
150 0.629370 0.203135 -0.119279 1.628806 0.914332 -0.106655 0.000000 0.000000 0.000000 -0.000001 1 1.043081284e-07
150 0.631963 0.207367 -0.125247 1.628806 0.914332 -0.106655 0.000000 0.000000 0.000000 -0.000000 1 8.568167686e-08
150 0.631715 0.209217 -0.129557 1.628806 0.914332 -0.106655 0.000000 0.000000 0.000000 -0.000000 1 5.867332220e-08
150 0.630076 0.210252 -0.133396 1.628806 0.914332 -0.106655 0.000000 0.000000 0.000000 -0.000000 1 3.725290298e-08
150 0.627538 0.211034 -0.137287 1.628806 0.914332 -0.106655 0.000000 0.000000 0.000000 -0.000000 1 4.470348358e-08
150 0.624268 0.211897 -0.141366 1.628806 0.914332 -0.106655 0.000000 0.000000 0.000000 -0.000000 1 5.494803190e-08
150 0.620376 0.213069 -0.145590 1.628806 0.914332 -0.106655 0.000000 0.000000 0.000000 -0.000000 1 1.508742571e-07
150 0.615986 0.214648 -0.149865 1.628806 0.914332 -0.106655 0.000000 0.000000 0.000000 -0.000000 1 8.195638657e-08
150 0.611201 0.216662 -0.154131 1.628806 0.914332 -0.106655 0.000000 0.000000 0.000000 -0.000000 1 7.450580597e-08
150 0.606063 0.219159 -0.158384 1.628806 0.914332 -0.106655 0.000000 0.000000 0.000000 -0.000000 1 5.587935448e-08
150 0.600743 0.221896 -0.162553 1.628806 0.914332 -0.106655 0.000000 0.000000 0.000000 -0.000000 1 5.867332220e-08
150 0.595548 0.224335 -0.166479 1.628806 0.914332 -0.106655 0.000000 0.000000 0.000000 -0.000000 1 7.729977369e-08
150 0.590699 0.226121 -0.170043 1.628806 0.914332 -0.106655 0.000000 0.000000 0.000000 -0.000000 1 6.146728992e-08
150 0.586080 0.227490 -0.173287 1.628806 0.914332 -0.106655 0.000000 0.000000 0.000000 -0.000000 1 5.774199963e-08
150 0.581591 0.228625 -0.176249 1.628806 0.914332 -0.106655 0.000000 0.000000 0.000000 -0.000000 1 6.519258022e-08
150 0.577201 0.229589 -0.178942 1.628806 0.914332 -0.106655 0.000000 0.000000 0.000000 -0.000000 1 5.587935448e-08
150 0.572880 0.230447 -0.181392 1.628806 0.914332 -0.106655 0.000000 0.000000 0.000000 -0.000000 1 6.705522537e-08
150 0.568573 0.231293 -0.183648 1.628806 0.914332 -0.106655 0.000000 0.000000 0.000000 -0.000000 1 5.960464478e-08
151 0.523166 0.124551 -0.253649 1.552314 0.776872 -0.177384 0.000000 0.000000 0.000000 -0.000000 1 6.053596735e-08
151 0.554251 0.160621 -0.253185 1.552314 0.776872 -0.177384 0.000000 0.000000 0.000000 -0.000000 1 5.867332220e-08
151 0.581441 0.197070 -0.253556 1.552314 0.776872 -0.177384 0.000000 0.000000 0.000000 -0.000000 1 5.960464478e-08
151 0.582133 0.214095 -0.255938 1.552314 0.776872 -0.177384 0.000000 0.000000 0.000000 -0.000000 1 6.053596735e-08
151 0.577432 0.215779 -0.257212 1.552314 0.776872 -0.177384 0.000000 0.000000 0.000000 -0.000000 1 5.960464478e-08
151 0.572753 0.217454 -0.258438 1.552314 0.776872 -0.177384 0.000000 0.000000 0.000000 -0.000000 1 6.053596735e-08
151 0.567945 0.219407 -0.259681 1.552314 0.776872 -0.177384 0.000000 0.000000 0.000000 -0.000000 1 5.960464478e-08
151 0.563032 0.221597 -0.260936 1.552314 0.776872 -0.177384 0.000000 0.000000 0.000000 -0.000000 1 5.960464478e-08
151 0.558039 0.223982 -0.262198 1.552314 0.776872 -0.177384 0.000000 0.000000 0.000000 -0.000000 1 6.332993507e-08
151 0.553021 0.226446 -0.263451 1.552314 0.776872 -0.177384 0.000000 0.000000 0.000000 -0.000000 1 5.867332220e-08
151 0.548016 0.228902 -0.264685 1.552314 0.776872 -0.177384 0.000000 0.000000 0.000000 -0.000000 1 9.313225746e-08
151 0.543096 0.231190 -0.265872 1.552314 0.776872 -0.177384 0.000000 0.000000 0.000000 -0.000000 1 1.490116119e-08
151 0.538255 0.233326 -0.267017 1.552314 0.776872 -0.177384 0.000000 0.000000 0.000000 -0.000000 1 1.490116119e-08
151 0.533444 0.235417 -0.268142 1.552314 0.776872 -0.177384 0.000000 0.000000 0.000000 -0.000000 1 1.676380634e-08
151 0.528626 0.237544 -0.269263 1.552314 0.776872 -0.177384 0.000000 0.000000 0.000000 -0.000000 1 5.122274160e-08
151 0.523754 0.239810 -0.270401 1.552314 0.776872 -0.177384 0.000000 0.000000 0.000000 -0.000000 1 6.053596735e-08
151 0.518802 0.242287 -0.271572 1.552314 0.776872 -0.177384 0.000000 0.000000 0.000000 -0.000000 1 5.960464478e-08
151 0.513739 0.245053 -0.272793 1.552314 0.776872 -0.177384 0.000000 0.000000 0.000000 -0.000000 1 6.146728992e-08
151 0.508582 0.248080 -0.274069 1.552314 0.776872 -0.177384 0.000000 0.000000 0.000000 -0.000000 1 5.681067705e-08
151 0.503367 0.251273 -0.275390 1.552314 0.776872 -0.177384 0.000000 0.000000 0.000000 -0.000000 1 5.681067705e-08
152 0.440598 0.144990 -0.333158 1.467405 0.644529 -0.235885 0.000000 0.000000 0.000000 -0.000000 1 6.146728992e-08
152 0.465103 0.178897 -0.332538 1.467405 0.644529 -0.235885 0.000000 0.000000 0.000000 -0.000000 1 5.587935448e-08
152 0.485951 0.212386 -0.332634 1.467405 0.644529 -0.235885 0.000000 0.000000 0.000000 -0.000000 1 1.341104507e-07
152 0.501418 0.244922 -0.333722 1.467405 0.644529 -0.235885 0.000000 0.000000 0.000000 -0.000000 1 7.171183825e-08
152 0.496990 0.253999 -0.335497 1.467405 0.644529 -0.235885 0.000000 0.000000 0.000000 -0.000000 1 5.587935448e-08
152 0.492350 0.255673 -0.336509 1.467405 0.644529 -0.235885 0.000000 0.000000 0.000000 -0.000000 1 6.053596735e-08
152 0.487848 0.257008 -0.337443 1.467405 0.644529 -0.235885 0.000000 0.000000 0.000000 -0.000000 1 5.587935448e-08
152 0.483370 0.258329 -0.338357 1.467405 0.644529 -0.235885 0.000000 0.000000 0.000000 -0.000000 1 1.033768058e-07
152 0.478884 0.259717 -0.339270 1.467405 0.644529 -0.235885 0.000000 0.000000 0.000000 -0.000000 1 6.053596735e-08
152 0.474381 0.261193 -0.340196 1.467405 0.644529 -0.235885 0.000000 0.000000 0.000000 -0.000000 1 5.960464478e-08
152 0.469854 0.262759 -0.341146 1.467405 0.644529 -0.235885 0.000000 0.000000 0.000000 -0.000000 1 5.960464478e-08
152 0.465290 0.264436 -0.342132 1.467405 0.644529 -0.235885 0.000000 0.000000 0.000000 -0.000000 1 6.146728992e-08
152 0.460720 0.266123 -0.343146 1.467405 0.644529 -0.235885 0.000000 0.000000 0.000000 -0.000000 1 5.681067705e-08
152 0.456208 0.267617 -0.344156 1.467405 0.644529 -0.235885 0.000000 0.000000 0.000000 -0.000000 1 5.960464478e-08
152 0.451870 0.268591 -0.345104 1.467405 0.644529 -0.235885 0.000000 0.000000 0.000000 -0.000000 1 5.960464478e-08
152 0.447708 0.269087 -0.345977 1.467405 0.644529 -0.235885 0.000000 0.000000 0.000000 -0.000000 1 6.053596735e-08
152 0.443619 0.269425 -0.346817 1.467405 0.644529 -0.235885 0.000000 0.000000 0.000000 -0.000000 1 6.519258022e-08
152 0.439573 0.269692 -0.347635 1.467405 0.644529 -0.235885 0.000000 0.000000 0.000000 -0.000000 1 5.681067705e-08
152 0.435572 0.269889 -0.348434 1.467405 0.644529 -0.235885 0.000000 0.000000 0.000000 -0.000000 1 3.259629011e-08
152 0.431617 0.270012 -0.349217 1.467405 0.644529 -0.235885 0.000000 0.000000 0.000000 -0.000000 1 3.632158041e-08
153 0.392964 0.146389 -0.396553 1.413488 0.501396 -0.284100 0.000000 0.000000 0.000000 -0.000000 1 3.073364496e-08
153 0.411682 0.176673 -0.395590 1.413488 0.501396 -0.284100 0.000000 0.000000 0.000000 -0.000000 1 5.960464478e-08
153 0.427767 0.206055 -0.395206 1.413488 0.501396 -0.284100 0.000000 0.000000 0.000000 -0.000000 1 6.053596735e-08
153 0.440896 0.234347 -0.395464 1.413488 0.501396 -0.284100 0.000000 0.000000 0.000000 -0.000000 1 5.681067705e-08
153 0.443288 0.253398 -0.396631 1.413488 0.501396 -0.284100 0.000000 0.000000 0.000000 -0.000000 1 1.518055797e-07
153 0.439142 0.255262 -0.397099 1.413488 0.501396 -0.284100 0.000000 0.000000 0.000000 -0.000000 1 6.239861250e-08
153 0.435156 0.256368 -0.397478 1.413488 0.501396 -0.284100 0.000000 0.000000 0.000000 -0.000000 1 6.519258022e-08
153 0.431184 0.257517 -0.397867 1.413488 0.501396 -0.284100 0.000000 0.000000 0.000000 -0.000000 1 5.774199963e-08
153 0.427252 0.258599 -0.398249 1.413488 0.501396 -0.284100 0.000000 0.000000 0.000000 -0.000000 1 5.960464478e-08
153 0.423344 0.259684 -0.398638 1.413488 0.501396 -0.284100 0.000000 0.000000 0.000000 -0.000000 1 5.681067705e-08
153 0.419442 0.260837 -0.399050 1.413488 0.501396 -0.284100 0.000000 0.000000 0.000000 -0.000000 1 5.681067705e-08
153 0.415551 0.262018 -0.399490 1.413488 0.501396 -0.284100 0.000000 0.000000 0.000000 -0.000000 1 6.239861250e-08
153 0.411679 0.263167 -0.399957 1.413488 0.501396 -0.284100 0.000000 0.000000 0.000000 -0.000000 1 5.960464478e-08
153 0.407823 0.264292 -0.400454 1.413488 0.501396 -0.284100 0.000000 0.000000 0.000000 -0.000000 1 5.774199963e-08
153 0.403969 0.265477 -0.400989 1.413488 0.501396 -0.284100 0.000000 0.000000 0.000000 -0.000000 1 5.867332220e-08
153 0.400105 0.266789 -0.401568 1.413488 0.501396 -0.284100 0.000000 0.000000 0.000000 -0.000000 1 5.867332220e-08
153 0.396234 0.268233 -0.402189 1.413488 0.501396 -0.284100 0.000000 0.000000 0.000000 -0.000000 1 5.215406418e-08
153 0.392359 0.269827 -0.402851 1.413488 0.501396 -0.284100 0.000000 0.000000 0.000000 -0.000000 1 5.494803190e-08
153 0.388482 0.271572 -0.403554 1.413488 0.501396 -0.284100 0.000000 0.000000 0.000000 -0.000000 1 5.960464478e-08
153 0.384597 0.273501 -0.404303 1.413488 0.501396 -0.284100 0.000000 0.000000 0.000000 -0.000000 1 5.774199963e-08
154 0.334798 0.164898 -0.405384 1.353195 0.376357 -0.286269 0.000000 0.000000 0.000000 -0.000000 1 9.313225746e-08
154 0.345958 0.189534 -0.404341 1.353195 0.376357 -0.286269 0.000000 0.000000 0.000000 -0.000000 1 1.387670636e-07
154 0.354904 0.212713 -0.403750 1.353195 0.376357 -0.286269 0.000000 0.000000 0.000000 -0.000000 1 6.146728992e-08
154 0.361622 0.234232 -0.403604 1.353195 0.376357 -0.286269 0.000000 0.000000 0.000000 -0.000000 1 5.960464478e-08
154 0.365964 0.253702 -0.403916 1.353195 0.376357 -0.286269 0.000000 0.000000 0.000000 -0.000000 1 6.705522537e-08
154 0.367403 0.269995 -0.404705 1.353195 0.376357 -0.286269 0.000000 0.000000 0.000000 -0.000000 1 5.960464478e-08
154 0.365063 0.278945 -0.405740 1.353195 0.376357 -0.286269 0.000000 0.000000 0.000000 -0.000000 1 6.519258022e-08
154 0.361534 0.280939 -0.406514 1.353195 0.376357 -0.286269 0.000000 0.000000 0.000000 -0.000000 1 6.053596735e-08
154 0.358086 0.281355 -0.407163 1.353195 0.376357 -0.286269 0.000000 0.000000 0.000000 -0.000000 1 6.053596735e-08
154 0.354686 0.281524 -0.407784 1.353195 0.376357 -0.286269 0.000000 0.000000 0.000000 -0.000000 1 5.774199963e-08
154 0.351320 0.281601 -0.408394 1.353195 0.376357 -0.286269 0.000000 0.000000 0.000000 -0.000000 1 6.426125765e-08
154 0.347980 0.281651 -0.409003 1.353195 0.376357 -0.286269 0.000000 0.000000 0.000000 -0.000000 1 5.867332220e-08
154 0.344662 0.281713 -0.409613 1.353195 0.376357 -0.286269 0.000000 0.000000 0.000000 -0.000000 1 5.774199963e-08
154 0.341376 0.281724 -0.410218 1.353195 0.376357 -0.286269 0.000000 0.000000 0.000000 -0.000000 1 5.960464478e-08
154 0.338135 0.281574 -0.410805 1.353195 0.376357 -0.286269 0.000000 0.000000 0.000000 -0.000000 1 5.867332220e-08
154 0.334956 0.281130 -0.411363 1.353195 0.376357 -0.286269 0.000000 0.000000 0.000000 -0.000000 1 6.053596735e-08
154 0.331845 0.280401 -0.411887 1.353195 0.376357 -0.286269 0.000000 0.000000 0.000000 -0.000000 1 5.774199963e-08
154 0.328791 0.279514 -0.412383 1.353195 0.376357 -0.286269 0.000000 0.000000 0.000000 -0.000000 1 6.239861250e-08
154 0.325788 0.278529 -0.412855 1.353195 0.376357 -0.286269 0.000000 0.000000 0.000000 -0.000000 1 5.867332220e-08
154 0.322839 0.277437 -0.413303 1.353195 0.376357 -0.286269 0.000000 0.000000 0.000000 -0.000000 1 5.867332220e-08
155 0.324235 0.129918 -0.417070 1.346659 0.217566 -0.291645 0.000000 0.000000 0.000000 -0.000000 1 6.053596735e-08
155 0.331274 0.148875 -0.415274 1.346659 0.217566 -0.291645 0.000000 0.000000 0.000000 -0.000000 1 5.681067705e-08
155 0.337388 0.166862 -0.413823 1.346659 0.217566 -0.291645 0.000000 0.000000 0.000000 -0.000000 1 1.732259989e-07
155 0.342619 0.183889 -0.412695 1.346659 0.217566 -0.291645 0.000000 0.000000 0.000000 -0.000000 1 5.681067705e-08
155 0.346974 0.199928 -0.411867 1.346659 0.217566 -0.291645 0.000000 0.000000 0.000000 -0.000000 1 5.867332220e-08
155 0.350438 0.214918 -0.411315 1.346659 0.217566 -0.291645 0.000000 0.000000 0.000000 -0.000000 1 5.867332220e-08
155 0.352978 0.228749 -0.411015 1.346659 0.217566 -0.291645 0.000000 0.000000 0.000000 -0.000000 1 5.867332220e-08
155 0.354402 0.241048 -0.410943 1.346659 0.217566 -0.291645 0.000000 0.000000 0.000000 -0.000000 1 5.774199963e-08
155 0.353962 0.250059 -0.411017 1.346659 0.217566 -0.291645 0.000000 0.000000 0.000000 -0.000000 1 6.053596735e-08
155 0.351761 0.253748 -0.410997 1.346659 0.217566 -0.291645 0.000000 0.000000 0.000000 -0.000000 1 6.053596735e-08
155 0.349194 0.254648 -0.410848 1.346659 0.217566 -0.291645 0.000000 0.000000 0.000000 -0.000000 1 5.681067705e-08
155 0.346629 0.254970 -0.410671 1.346659 0.217566 -0.291645 0.000000 0.000000 0.000000 -0.000000 1 6.332993507e-08
155 0.344094 0.255211 -0.410494 1.346659 0.217566 -0.291645 0.000000 0.000000 0.000000 -0.000000 1 5.681067705e-08
155 0.341593 0.255440 -0.410323 1.346659 0.217566 -0.291645 0.000000 0.000000 0.000000 -0.000000 1 5.867332220e-08
155 0.339127 0.255717 -0.410158 1.346659 0.217566 -0.291645 0.000000 0.000000 0.000000 -0.000000 1 5.867332220e-08
155 0.336702 0.256081 -0.409999 1.346659 0.217566 -0.291645 0.000000 0.000000 0.000000 -0.000000 1 1.313164830e-07
155 0.334319 0.256527 -0.409841 1.346659 0.217566 -0.291645 0.000000 0.000000 0.000000 -0.000000 1 5.122274160e-08
155 0.331982 0.257059 -0.409683 1.346659 0.217566 -0.291645 0.000000 0.000000 0.000000 -0.000000 1 4.656612873e-08
155 0.329692 0.257662 -0.409521 1.346659 0.217566 -0.291645 0.000000 0.000000 0.000000 -0.000000 1 5.401670933e-08
155 0.327451 0.258370 -0.409358 1.346659 0.217566 -0.291645 0.000000 0.000000 0.000000 -0.000000 1 6.239861250e-08
156 0.318788 0.127156 -0.397938 1.340206 0.080672 -0.281054 0.000000 0.000000 0.000000 -0.000001 1 1.629814506e-07
156 0.321149 0.137732 -0.396143 1.340206 0.080672 -0.281054 0.000000 0.000000 0.000000 -0.000001 1 6.239861250e-08
156 0.322940 0.147288 -0.394517 1.340206 0.080672 -0.281054 0.000000 0.000000 0.000000 -0.000001 1 6.053596735e-08
156 0.324237 0.155884 -0.393040 1.340206 0.080672 -0.281054 0.000000 0.000000 0.000000 -0.000001 1 6.519258022e-08
156 0.325117 0.163595 -0.391694 1.340206 0.080672 -0.281054 0.000000 0.000000 0.000000 -0.000001 1 6.612390280e-08
156 0.325645 0.170498 -0.390467 1.340206 0.080672 -0.281054 0.000000 0.000000 0.000000 -0.000001 1 6.426125765e-08
156 0.325886 0.176687 -0.389346 1.340206 0.080672 -0.281054 0.000000 0.000000 0.000000 -0.000001 1 6.053596735e-08
156 0.325891 0.182249 -0.388325 1.340206 0.080672 -0.281054 0.000000 0.000000 0.000000 -0.000001 1 9.126961231e-08
156 0.325698 0.187247 -0.387394 1.340206 0.080672 -0.281054 0.000000 0.000000 0.000000 -0.000001 1 6.612390280e-08
156 0.325339 0.191741 -0.386544 1.340206 0.080672 -0.281054 0.000000 0.000000 0.000000 -0.000001 1 6.332993507e-08
156 0.324842 0.195790 -0.385770 1.340206 0.080672 -0.281054 0.000000 0.000000 0.000000 -0.000001 1 8.195638657e-08
156 0.324229 0.199441 -0.385065 1.340206 0.080672 -0.281054 0.000000 0.000000 0.000000 -0.000001 1 6.705522537e-08
156 0.323513 0.202716 -0.384422 1.340206 0.080672 -0.281054 0.000000 0.000000 0.000000 -0.000001 1 1.452863216e-07
156 0.322706 0.205627 -0.383831 1.340206 0.080672 -0.281054 0.000000 0.000000 0.000000 -0.000001 1 5.774199963e-08
156 0.321819 0.208195 -0.383285 1.340206 0.080672 -0.281054 0.000000 0.000000 0.000000 -0.000001 1 5.681067705e-08
156 0.320870 0.210462 -0.382782 1.340206 0.080672 -0.281054 0.000000 0.000000 0.000000 -0.000001 1 6.053596735e-08
156 0.319869 0.212468 -0.382317 1.340206 0.080672 -0.281054 0.000000 0.000000 0.000000 -0.000001 1 6.146728992e-08
156 0.318826 0.214229 -0.381887 1.340206 0.080672 -0.281054 0.000000 0.000000 0.000000 -0.000001 1 5.867332220e-08
156 0.317748 0.215768 -0.381487 1.340206 0.080672 -0.281054 0.000000 0.000000 0.000000 -0.000001 1 6.146728992e-08
156 0.316645 0.217116 -0.381117 1.340206 0.080672 -0.281054 0.000000 0.000000 0.000000 -0.000001 1 6.239861250e-08
157 0.294164 0.101331 -0.341616 1.376214 -0.046039 -0.237696 0.000000 0.000000 0.000000 -0.000001 1 5.867332220e-08
157 0.294654 0.104859 -0.339663 1.376214 -0.046039 -0.237696 0.000000 0.000000 0.000000 -0.000001 1 6.891787052e-08
157 0.295071 0.108124 -0.337832 1.376214 -0.046039 -0.237696 0.000000 0.000000 0.000000 -0.000001 1 5.960464478e-08
157 0.295417 0.111123 -0.336112 1.376214 -0.046039 -0.237696 0.000000 0.000000 0.000000 -0.000001 1 5.774199963e-08
157 0.295689 0.113828 -0.334489 1.376214 -0.046039 -0.237696 0.000000 0.000000 0.000000 -0.000001 1 5.960464478e-08
157 0.295882 0.116197 -0.332949 1.376214 -0.046039 -0.237696 0.000000 0.000000 0.000000 -0.000001 1 6.053596735e-08
157 0.295995 0.118187 -0.331477 1.376214 -0.046039 -0.237696 0.000000 0.000000 0.000000 -0.000001 1 6.146728992e-08
157 0.296030 0.119772 -0.330059 1.376214 -0.046039 -0.237696 0.000000 0.000000 0.000000 -0.000001 1 5.681067705e-08
157 0.295999 0.120954 -0.328684 1.376214 -0.046039 -0.237696 0.000000 0.000000 0.000000 -0.000001 1 6.146728992e-08
157 0.295916 0.121760 -0.327346 1.376214 -0.046039 -0.237696 0.000000 0.000000 0.000000 -0.000001 1 6.053596735e-08
157 0.295794 0.122230 -0.326039 1.376214 -0.046039 -0.237696 0.000000 0.000000 0.000000 -0.000001 1 5.774199963e-08
157 0.295644 0.122400 -0.324760 1.376214 -0.046039 -0.237696 0.000000 0.000000 0.000000 -0.000001 1 6.519258022e-08
157 0.295477 0.122303 -0.323505 1.376214 -0.046039 -0.237696 0.000000 0.000000 0.000000 -0.000001 1 6.053596735e-08
157 0.295298 0.121960 -0.322269 1.376214 -0.046039 -0.237696 0.000000 0.000000 0.000000 -0.000001 1 5.960464478e-08
157 0.295113 0.121374 -0.321048 1.376214 -0.046039 -0.237696 0.000000 0.000000 0.000000 -0.000001 1 5.681067705e-08
157 0.294926 0.120526 -0.319834 1.376214 -0.046039 -0.237696 0.000000 0.000000 0.000000 -0.000001 1 5.774199963e-08
157 0.294741 0.119390 -0.318618 1.376214 -0.046039 -0.237696 0.000000 0.000000 0.000000 -0.000001 1 6.239861250e-08
157 0.294563 0.117940 -0.317390 1.376214 -0.046039 -0.237696 0.000000 0.000000 0.000000 -0.000001 1 6.146728992e-08
157 0.294402 0.116164 -0.316144 1.376214 -0.046039 -0.237696 0.000000 0.000000 0.000000 -0.000001 1 5.960464478e-08
157 0.294265 0.114074 -0.314875 1.376214 -0.046039 -0.237696 0.000000 0.000000 0.000000 -0.000001 1 6.146728992e-08
158 0.282323 0.013123 -0.237806 1.385055 -0.146466 -0.161784 0.000000 0.000000 0.000000 -0.000001 1 5.587935448e-08
158 0.282826 0.011622 -0.235179 1.385055 -0.146466 -0.161784 0.000000 0.000000 0.000000 -0.000001 1 1.806765795e-07
158 0.283331 0.009768 -0.232592 1.385055 -0.146466 -0.161784 0.000000 0.000000 0.000000 -0.000001 1 8.009374142e-08
158 0.283847 0.007597 -0.230038 1.385055 -0.146466 -0.161784 0.000000 0.000000 0.000000 -0.000001 1 5.494803190e-08
158 0.284381 0.005173 -0.227518 1.385055 -0.146466 -0.161784 0.000000 0.000000 0.000000 -0.000001 1 5.960464478e-08
158 0.284938 0.002594 -0.225036 1.385055 -0.146466 -0.161784 0.000000 0.000000 0.000000 -0.000001 1 6.332993507e-08
158 0.285519 -0.000081 -0.222594 1.385055 -0.146466 -0.161784 0.000000 0.000000 0.000000 -0.000001 1 1.490116119e-07
158 0.286125 -0.002816 -0.220193 1.385055 -0.146466 -0.161784 0.000000 0.000000 0.000000 -0.000001 1 6.891787052e-08
158 0.286756 -0.005589 -0.217832 1.385055 -0.146466 -0.161784 0.000000 0.000000 0.000000 -0.000000 1 5.960464478e-08
158 0.287411 -0.008381 -0.215511 1.385055 -0.146466 -0.161784 0.000000 0.000000 0.000000 -0.000000 1 5.867332220e-08
158 0.288089 -0.011174 -0.213230 1.385055 -0.146466 -0.161784 0.000000 0.000000 0.000000 -0.000000 1 1.396983862e-08
158 0.288788 -0.013961 -0.210988 1.385055 -0.146466 -0.161784 0.000000 0.000000 0.000000 -0.000000 1 1.396983862e-08
158 0.289508 -0.016750 -0.208784 1.385055 -0.146466 -0.161784 0.000000 0.000000 0.000000 -0.000000 1 3.539025784e-08
158 0.290250 -0.019558 -0.206613 1.385055 -0.146466 -0.161784 0.000000 0.000000 0.000000 -0.000000 1 6.426125765e-08
158 0.291013 -0.022401 -0.204473 1.385055 -0.146466 -0.161784 0.000000 0.000000 0.000000 -0.000000 1 5.774199963e-08
158 0.291798 -0.025289 -0.202360 1.385055 -0.146466 -0.161784 0.000000 0.000000 0.000000 -0.000000 1 6.146728992e-08
158 0.292607 -0.028222 -0.200272 1.385055 -0.146466 -0.161784 0.000000 0.000000 0.000000 -0.000000 1 5.960464478e-08
158 0.293439 -0.031192 -0.198209 1.385055 -0.146466 -0.161784 0.000000 0.000000 0.000000 -0.000000 1 5.681067705e-08
158 0.294293 -0.034176 -0.196171 1.385055 -0.146466 -0.161784 0.000000 0.000000 0.000000 -0.000000 1 6.239861250e-08
158 0.295168 -0.037139 -0.194162 1.385055 -0.146466 -0.161784 0.000000 0.000000 0.000000 -0.000000 1 5.774199963e-08
159 0.295966 -0.092727 -0.095849 1.410025 -0.199708 -0.066469 0.000000 0.000000 0.000000 -0.000000 1 6.053596735e-08
159 0.296868 -0.095744 -0.093220 1.410025 -0.199708 -0.066469 0.000000 0.000000 0.000000 -0.000000 1 6.146728992e-08
159 0.297778 -0.098690 -0.090648 1.410025 -0.199708 -0.066469 0.000000 0.000000 0.000000 -0.000000 1 5.867332220e-08
159 0.298693 -0.101572 -0.088132 1.410025 -0.199708 -0.066469 0.000000 0.000000 0.000000 -0.000000 1 1.518055797e-07
159 0.299614 -0.104408 -0.085668 1.410025 -0.199708 -0.066469 0.000000 0.000000 0.000000 -0.000000 1 5.960464478e-08
159 0.300543 -0.107222 -0.083253 1.410025 -0.199708 -0.066469 0.000000 0.000000 0.000000 -0.000000 1 5.867332220e-08
159 0.301480 -0.110040 -0.080881 1.410025 -0.199708 -0.066469 0.000000 0.000000 0.000000 -0.000000 1 7.264316082e-08
159 0.302427 -0.112881 -0.078550 1.410025 -0.199708 -0.066469 0.000000 0.000000 0.000000 -0.000000 1 8.754432201e-08
159 0.303384 -0.115747 -0.076256 1.410025 -0.199708 -0.066469 0.000000 0.000000 0.000000 -0.000000 1 6.146728992e-08
159 0.304349 -0.118630 -0.073998 1.410025 -0.199708 -0.066469 0.000000 0.000000 0.000000 -0.000000 1 6.239861250e-08
159 0.305320 -0.121507 -0.071778 1.410025 -0.199708 -0.066469 0.000000 0.000000 0.000000 -0.000000 1 6.332993507e-08
159 0.306294 -0.124354 -0.069596 1.410025 -0.199708 -0.066469 0.000000 0.000000 0.000000 -0.000000 1 6.519258022e-08
159 0.307267 -0.127147 -0.067455 1.410025 -0.199708 -0.066469 0.000000 0.000000 0.000000 -0.000000 1 6.053596735e-08
159 0.308239 -0.129874 -0.065354 1.410025 -0.199708 -0.066469 0.000000 0.000000 0.000000 -0.000000 1 5.867332220e-08
159 0.309208 -0.132537 -0.063294 1.410025 -0.199708 -0.066469 0.000000 0.000000 0.000000 -0.000000 1 5.681067705e-08
159 0.310176 -0.135152 -0.061272 1.410025 -0.199708 -0.066469 0.000000 0.000000 0.000000 -0.000000 1 7.078051567e-08
159 0.311144 -0.137743 -0.059285 1.410025 -0.199708 -0.066469 0.000000 0.000000 0.000000 -0.000000 1 6.053596735e-08
159 0.312116 -0.140337 -0.057329 1.410025 -0.199708 -0.066469 0.000000 0.000000 0.000000 -0.000000 1 6.239861250e-08
159 0.313091 -0.142949 -0.055400 1.410025 -0.199708 -0.066469 0.000000 0.000000 0.000000 -0.000000 1 6.332993507e-08
159 0.314066 -0.145526 -0.053504 1.410025 -0.199708 -0.066469 0.000000 0.000000 0.000000 -0.000000 1 5.960464478e-08
160 0.317996 -0.193440 -0.004199 1.443925 -0.244869 -0.021138 0.000000 0.000000 0.000000 -0.000000 1 1.629814506e-07
160 0.318745 -0.195309 -0.001773 1.443925 -0.244869 -0.021138 0.000000 0.000000 0.000000 -0.000000 1 6.146728992e-08
160 0.319482 -0.197034 0.000576 1.443925 -0.244869 -0.021138 0.000000 0.000000 0.000000 -0.000000 1 6.053596735e-08
160 0.320210 -0.198594 0.002844 1.443925 -0.244869 -0.021138 0.000000 0.000000 0.000000 -0.000000 1 6.146728992e-08
160 0.320929 -0.199972 0.005029 1.443925 -0.244869 -0.021138 0.000000 0.000000 0.000000 -0.000000 1 6.426125765e-08
160 0.321643 -0.201161 0.007129 1.443925 -0.244869 -0.021138 0.000000 0.000000 0.000000 -0.000000 1 6.332993507e-08
160 0.322355 -0.202161 0.009143 1.443925 -0.244869 -0.021138 0.000000 0.000000 0.000000 -0.000000 1 6.519258022e-08
160 0.323067 -0.202978 0.011072 1.443925 -0.244869 -0.021138 0.000000 0.000000 0.000000 -0.000000 1 6.146728992e-08
160 0.323783 -0.203622 0.012916 1.443925 -0.244869 -0.021138 0.000000 0.000000 0.000000 -0.000000 1 6.146728992e-08
160 0.324502 -0.204117 0.014677 1.443925 -0.244869 -0.021138 0.000000 0.000000 0.000000 -0.000000 1 6.705522537e-08
160 0.325224 -0.204500 0.016360 1.443925 -0.244869 -0.021138 0.000000 0.000000 0.000000 -0.000000 1 6.612390280e-08
160 0.325949 -0.204815 0.017972 1.443925 -0.244869 -0.021138 0.000000 0.000000 0.000000 -0.000000 1 5.867332220e-08
160 0.326676 -0.205102 0.019520 1.443925 -0.244869 -0.021138 0.000000 0.000000 0.000000 -0.000000 1 6.146728992e-08
160 0.327403 -0.205394 0.021009 1.443925 -0.244869 -0.021138 0.000000 0.000000 0.000000 -0.000000 1 6.053596735e-08
160 0.328130 -0.205707 0.022446 1.443925 -0.244869 -0.021138 0.000000 0.000000 0.000000 -0.000000 1 1.350417733e-07
160 0.328858 -0.206050 0.023833 1.443925 -0.244869 -0.021138 0.000000 0.000000 0.000000 -0.000000 1 5.867332220e-08
160 0.329588 -0.206422 0.025175 1.443925 -0.244869 -0.021138 0.000000 0.000000 0.000000 -0.000000 1 6.053596735e-08
160 0.330321 -0.206814 0.026472 1.443925 -0.244869 -0.021138 0.000000 0.000000 0.000000 -0.000000 1 6.239861250e-08
160 0.331059 -0.207211 0.027724 1.443925 -0.244869 -0.021138 0.000000 0.000000 0.000000 -0.000000 1 5.774199963e-08
160 0.331800 -0.207611 0.028934 1.443925 -0.244869 -0.021138 0.000000 0.000000 0.000000 -0.000000 1 6.705522537e-08
161 0.328361 -0.255861 -0.011483 1.450410 -0.293422 -0.063472 0.000000 0.000000 0.000000 -0.000000 1 6.146728992e-08
161 0.329271 -0.253243 -0.009734 1.450410 -0.293422 -0.063472 0.000000 0.000000 0.000000 -0.000000 1 5.774199963e-08
161 0.330142 -0.250976 -0.008078 1.450410 -0.293422 -0.063472 0.000000 0.000000 0.000000 -0.000000 1 6.146728992e-08
161 0.330979 -0.249024 -0.006506 1.450410 -0.293422 -0.063472 0.000000 0.000000 0.000000 -0.000000 1 5.960464478e-08
161 0.331787 -0.247362 -0.005006 1.450410 -0.293422 -0.063472 0.000000 0.000000 0.000000 -0.000000 1 5.774199963e-08
161 0.332568 -0.245972 -0.003568 1.450410 -0.293422 -0.063472 0.000000 0.000000 0.000000 -0.000000 1 6.053596735e-08
161 0.333325 -0.244838 -0.002182 1.450410 -0.293422 -0.063472 0.000000 0.000000 0.000000 -0.000000 1 4.190951586e-08
161 0.334060 -0.243939 -0.000841 1.450410 -0.293422 -0.063472 0.000000 0.000000 0.000000 -0.000000 1 3.445893526e-08
161 0.334776 -0.243242 0.000461 1.450410 -0.293422 -0.063472 0.000000 0.000000 0.000000 -0.000000 1 5.867332220e-08
161 0.335477 -0.242712 0.001725 1.450410 -0.293422 -0.063472 0.000000 0.000000 0.000000 -0.000000 1 7.078051567e-08
161 0.336165 -0.242318 0.002953 1.450410 -0.293422 -0.063472 0.000000 0.000000 0.000000 -0.000000 1 5.774199963e-08
161 0.336840 -0.242034 0.004144 1.450410 -0.293422 -0.063472 0.000000 0.000000 0.000000 -0.000000 1 6.519258022e-08
161 0.337505 -0.241831 0.005298 1.450410 -0.293422 -0.063472 0.000000 0.000000 0.000000 -0.000000 1 5.681067705e-08
161 0.338162 -0.241686 0.006413 1.450410 -0.293422 -0.063472 0.000000 0.000000 0.000000 -0.000000 1 5.774199963e-08
161 0.338811 -0.241579 0.007489 1.450410 -0.293422 -0.063472 0.000000 0.000000 0.000000 -0.000000 1 5.681067705e-08
161 0.339456 -0.241491 0.008525 1.450410 -0.293422 -0.063472 0.000000 0.000000 0.000000 -0.000000 1 6.239861250e-08
161 0.340098 -0.241408 0.009521 1.450410 -0.293422 -0.063472 0.000000 0.000000 0.000000 -0.000000 1 6.053596735e-08
161 0.340738 -0.241321 0.010478 1.450410 -0.293422 -0.063472 0.000000 0.000000 0.000000 -0.000000 1 5.960464478e-08
161 0.341377 -0.241229 0.011397 1.450410 -0.293422 -0.063472 0.000000 0.000000 0.000000 -0.000000 1 5.681067705e-08
161 0.342016 -0.241142 0.012272 1.450410 -0.293422 -0.063472 0.000000 0.000000 0.000000 -0.000000 1 5.774199963e-08
162 0.362800 -0.107914 0.164425 1.533423 -0.163194 0.081876 0.000000 0.000000 0.000000 -0.000000 1 8.568167686e-08
162 0.364345 -0.114914 0.163331 1.533423 -0.163194 0.081876 0.000000 0.000000 0.000000 -0.000000 1 5.774199963e-08
162 0.365759 -0.121304 0.162350 1.533423 -0.163194 0.081876 0.000000 0.000000 0.000000 -0.000000 1 6.332993507e-08
162 0.367051 -0.127092 0.161466 1.533423 -0.163194 0.081876 0.000000 0.000000 0.000000 -0.000000 1 6.426125765e-08
162 0.368235 -0.132279 0.160662 1.533423 -0.163194 0.081876 0.000000 0.000000 0.000000 -0.000000 1 5.960464478e-08
162 0.369322 -0.136875 0.159921 1.533423 -0.163194 0.081876 0.000000 0.000000 0.000000 -0.000000 1 5.587935448e-08
162 0.370327 -0.140897 0.159231 1.533423 -0.163194 0.081876 0.000000 0.000000 0.000000 -0.000000 1 6.146728992e-08
162 0.371268 -0.144376 0.158580 1.533423 -0.163194 0.081876 0.000000 0.000000 0.000000 -0.000000 1 6.053596735e-08
162 0.372158 -0.147355 0.157959 1.533423 -0.163194 0.081876 0.000000 0.000000 0.000000 -0.000000 1 6.146728992e-08
162 0.373013 -0.149881 0.157364 1.533423 -0.163194 0.081876 0.000000 0.000000 0.000000 -0.000000 1 5.774199963e-08
162 0.373844 -0.152003 0.156789 1.533423 -0.163194 0.081876 0.000000 0.000000 0.000000 -0.000000 1 6.239861250e-08
162 0.374659 -0.153763 0.156230 1.533423 -0.163194 0.081876 0.000000 0.000000 0.000000 -0.000000 1 2.151355147e-07
162 0.375465 -0.155214 0.155686 1.533423 -0.163194 0.081876 0.000000 0.000000 0.000000 -0.000000 1 6.705522537e-08
162 0.376268 -0.156409 0.155156 1.533423 -0.163194 0.081876 0.000000 0.000000 0.000000 -0.000000 1 6.053596735e-08
162 0.377071 -0.157388 0.154641 1.533423 -0.163194 0.081876 0.000000 0.000000 0.000000 -0.000000 1 6.053596735e-08
162 0.377878 -0.158178 0.154139 1.533423 -0.163194 0.081876 0.000000 0.000000 0.000000 -0.000000 1 5.681067705e-08
162 0.378692 -0.158800 0.153647 1.533423 -0.163194 0.081876 0.000000 0.000000 0.000000 -0.000000 1 6.705522537e-08
162 0.379516 -0.159274 0.153164 1.533423 -0.163194 0.081876 0.000000 0.000000 0.000000 -0.000000 1 6.146728992e-08
162 0.380352 -0.159618 0.152690 1.533423 -0.163194 0.081876 0.000000 0.000000 0.000000 -0.000000 1 5.867332220e-08
162 0.381199 -0.159853 0.152223 1.533423 -0.163194 0.081876 0.000000 0.000000 0.000000 -0.000000 1 5.960464478e-08
163 0.375934 -0.197817 0.033614 1.531487 -0.200843 -0.036022 0.000000 0.000000 0.000000 -0.000001 1 5.681067705e-08
163 0.377007 -0.195554 0.033689 1.531487 -0.200843 -0.036022 0.000000 0.000000 0.000000 -0.000000 1 5.681067705e-08
163 0.378084 -0.193419 0.033724 1.531487 -0.200843 -0.036022 0.000000 0.000000 0.000000 -0.000000 1 5.681067705e-08
163 0.379164 -0.191408 0.033724 1.531487 -0.200843 -0.036022 0.000000 0.000000 0.000000 -0.000000 1 6.146728992e-08
163 0.380246 -0.189533 0.033694 1.531487 -0.200843 -0.036022 0.000000 0.000000 0.000000 -0.000000 1 5.774199963e-08
163 0.381328 -0.187811 0.033643 1.531487 -0.200843 -0.036022 0.000000 0.000000 0.000000 -0.000000 1 6.519258022e-08
163 0.382408 -0.186263 0.033577 1.531487 -0.200843 -0.036022 0.000000 0.000000 0.000000 -0.000000 1 6.426125765e-08
163 0.383482 -0.184917 0.033506 1.531487 -0.200843 -0.036022 0.000000 0.000000 0.000000 -0.000000 1 7.078051567e-08
163 0.384549 -0.183779 0.033436 1.531487 -0.200843 -0.036022 0.000000 0.000000 0.000000 -0.000000 1 2.020969987e-07
163 0.385612 -0.182836 0.033370 1.531487 -0.200843 -0.036022 0.000000 0.000000 0.000000 -0.000000 1 5.494803190e-08
163 0.386671 -0.182070 0.033308 1.531487 -0.200843 -0.036022 0.000000 0.000000 0.000000 -0.000000 1 5.587935448e-08
163 0.387727 -0.181457 0.033251 1.531487 -0.200843 -0.036022 0.000000 0.000000 0.000000 -0.000000 1 6.705522537e-08
163 0.388781 -0.180962 0.033196 1.531487 -0.200843 -0.036022 0.000000 0.000000 0.000000 -0.000000 1 1.145526767e-07
163 0.389835 -0.180548 0.033141 1.531487 -0.200843 -0.036022 0.000000 0.000000 0.000000 -0.000000 1 7.264316082e-08
163 0.390890 -0.180185 0.033082 1.531487 -0.200843 -0.036022 0.000000 0.000000 0.000000 -0.000000 1 5.867332220e-08
163 0.391947 -0.179849 0.033017 1.531487 -0.200843 -0.036022 0.000000 0.000000 0.000000 -0.000000 1 6.426125765e-08
163 0.393008 -0.179521 0.032942 1.531487 -0.200843 -0.036022 0.000000 0.000000 0.000000 -0.000000 1 5.587935448e-08
163 0.394073 -0.179190 0.032856 1.531487 -0.200843 -0.036022 0.000000 0.000000 0.000000 -0.000000 1 6.053596735e-08
163 0.395142 -0.178849 0.032757 1.531487 -0.200843 -0.036022 0.000000 0.000000 0.000000 -0.000000 1 6.053596735e-08
163 0.396214 -0.178498 0.032644 1.531487 -0.200843 -0.036022 0.000000 0.000000 0.000000 -0.000000 1 6.053596735e-08
164 0.408996 -0.024771 0.155983 1.575508 -0.049035 0.085054 0.000000 0.000000 0.000000 -0.000002 1 6.146728992e-08
164 0.410419 -0.028531 0.153725 1.575508 -0.049035 0.085054 0.000000 0.000000 0.000000 -0.000000 1 5.960464478e-08
164 0.411763 -0.031931 0.151583 1.575508 -0.049035 0.085054 0.000000 0.000000 0.000000 -0.000000 1 1.117587090e-07
164 0.413013 -0.034958 0.149541 1.575508 -0.049035 0.085054 0.000000 0.000000 0.000000 -0.000000 1 7.357448339e-08
164 0.414155 -0.037592 0.147581 1.575508 -0.049035 0.085054 0.000000 0.000000 0.000000 -0.000000 1 6.798654795e-08
164 0.415167 -0.039818 0.145684 1.575508 -0.049035 0.085054 0.000000 0.000000 0.000000 -0.000000 1 1.015141606e-07
164 0.416025 -0.041626 0.143834 1.575508 -0.049035 0.085054 0.000000 0.000000 0.000000 -0.000000 1 4.563480616e-08
164 0.416706 -0.043020 0.142014 1.575508 -0.049035 0.085054 0.000000 0.000000 0.000000 -0.000000 1 7.450580597e-08
164 0.417191 -0.044008 0.140214 1.575508 -0.049035 0.085054 0.000000 0.000000 0.000000 -0.000000 1 7.357448339e-08
164 0.417478 -0.044619 0.138427 1.575508 -0.049035 0.085054 0.000000 0.000000 0.000000 -0.000000 1 6.798654795e-08
164 0.417581 -0.044903 0.136656 1.575508 -0.049035 0.085054 0.000000 0.000000 0.000000 -0.000000 1 5.960464478e-08
164 0.417525 -0.044929 0.134907 1.575508 -0.049035 0.085054 0.000000 0.000000 0.000000 -0.000000 1 6.612390280e-08
164 0.417335 -0.044768 0.133188 1.575508 -0.049035 0.085054 0.000000 0.000000 0.000000 -0.000000 1 6.519258022e-08
164 0.417030 -0.044483 0.131504 1.575508 -0.049035 0.085054 0.000000 0.000000 0.000000 -0.000000 1 6.239861250e-08
164 0.416619 -0.044116 0.129857 1.575508 -0.049035 0.085054 0.000000 0.000000 0.000000 -0.000000 1 6.146728992e-08
164 0.416108 -0.043697 0.128248 1.575508 -0.049035 0.085054 0.000000 0.000000 0.000000 -0.000000 1 6.146728992e-08
164 0.415505 -0.043251 0.126679 1.575508 -0.049035 0.085054 0.000000 0.000000 0.000000 -0.000000 1 6.519258022e-08
164 0.414813 -0.042793 0.125149 1.575508 -0.049035 0.085054 0.000000 0.000000 0.000000 -0.000000 1 6.053596735e-08
164 0.414040 -0.042334 0.123660 1.575508 -0.049035 0.085054 0.000000 0.000000 0.000000 -0.000000 1 6.239861250e-08
164 0.413196 -0.041884 0.122211 1.575508 -0.049035 0.085054 0.000000 0.000000 0.000000 -0.000000 1 5.867332220e-08
165 0.409235 -0.007548 0.099665 1.567737 -0.015180 0.064002 0.000000 0.000000 0.000000 -0.000000 1 1.341104507e-07
165 0.408444 -0.007276 0.098264 1.567737 -0.015180 0.064002 0.000000 0.000000 0.000000 -0.000000 1 8.102506399e-08
165 0.407598 -0.007043 0.096917 1.567737 -0.015180 0.064002 0.000000 0.000000 0.000000 -0.000000 1 1.639127731e-07
165 0.406707 -0.006866 0.095622 1.567737 -0.015180 0.064002 0.000000 0.000000 0.000000 -0.000000 1 6.519258022e-08
165 0.405779 -0.006771 0.094378 1.567737 -0.015180 0.064002 0.000000 0.000000 0.000000 -0.000000 1 6.426125765e-08
165 0.404819 -0.006804 0.093183 1.567737 -0.015180 0.064002 0.000000 0.000000 0.000000 -0.000000 1 6.612390280e-08
165 0.403832 -0.007002 0.092036 1.567737 -0.015180 0.064002 0.000000 0.000000 0.000000 -0.000000 1 8.009374142e-08
165 0.402821 -0.007361 0.090935 1.567737 -0.015180 0.064002 0.000000 0.000000 0.000000 -0.000000 1 9.592622519e-08
165 0.401792 -0.007867 0.089878 1.567737 -0.015180 0.064002 0.000000 0.000000 0.000000 -0.000000 1 6.146728992e-08
165 0.400750 -0.008495 0.088862 1.567737 -0.015180 0.064002 0.000000 0.000000 0.000000 -0.000000 1 6.239861250e-08
165 0.399698 -0.009226 0.087887 1.567737 -0.015180 0.064002 0.000000 0.000000 0.000000 -0.000000 1 6.053596735e-08
165 0.398642 -0.010036 0.086951 1.567737 -0.015180 0.064002 0.000000 0.000000 0.000000 -0.000000 1 6.239861250e-08
165 0.397582 -0.010896 0.086051 1.567737 -0.015180 0.064002 0.000000 0.000000 0.000000 -0.000000 1 6.053596735e-08
165 0.396520 -0.011773 0.085187 1.567737 -0.015180 0.064002 0.000000 0.000000 0.000000 -0.000000 1 5.774199963e-08
165 0.395456 -0.012642 0.084356 1.567737 -0.015180 0.064002 0.000000 0.000000 0.000000 -0.000000 1 1.844018698e-07
165 0.394388 -0.013485 0.083558 1.567737 -0.015180 0.064002 0.000000 0.000000 0.000000 -0.000000 1 7.729977369e-08
165 0.393317 -0.014285 0.082791 1.567737 -0.015180 0.064002 0.000000 0.000000 0.000000 -0.000000 1 6.519258022e-08
165 0.392243 -0.015037 0.082054 1.567737 -0.015180 0.064002 0.000000 0.000000 0.000000 -0.000000 1 6.146728992e-08
165 0.391166 -0.015746 0.081346 1.567737 -0.015180 0.064002 0.000000 0.000000 0.000000 -0.000000 1 6.053596735e-08
165 0.390087 -0.016423 0.080666 1.567737 -0.015180 0.064002 0.000000 0.000000 0.000000 -0.000000 1 5.681067705e-08
165 0.389008 -0.017079 0.080012 1.567737 -0.015180 0.064002 0.000000 0.000000 0.000000 -0.000000 1 6.891787052e-08
166 0.386859 0.060714 0.143483 1.562345 0.062899 0.127860 0.000000 0.000000 0.000000 -0.000000 1 5.774199963e-08
166 0.385893 0.060066 0.142865 1.562345 0.062899 0.127860 0.000000 0.000000 0.000000 -0.000000 1 6.426125765e-08
166 0.384925 0.059434 0.142273 1.562345 0.062899 0.127860 0.000000 0.000000 0.000000 -0.000000 1 5.960464478e-08
166 0.383956 0.058817 0.141704 1.562345 0.062899 0.127860 0.000000 0.000000 0.000000 -0.000000 1 6.332993507e-08
166 0.382986 0.058223 0.141158 1.562345 0.062899 0.127860 0.000000 0.000000 0.000000 -0.000000 1 5.960464478e-08
166 0.382014 0.057671 0.140634 1.562345 0.062899 0.127860 0.000000 0.000000 0.000000 -0.000000 1 7.636845112e-08
166 0.381042 0.057176 0.140131 1.562345 0.062899 0.127860 0.000000 0.000000 0.000000 -0.000000 1 6.984919310e-08
166 0.380069 0.056748 0.139648 1.562345 0.062899 0.127860 0.000000 0.000000 0.000000 -0.000000 1 6.519258022e-08
166 0.379096 0.056383 0.139185 1.562345 0.062899 0.127860 0.000000 0.000000 0.000000 -0.000000 1 6.239861250e-08
166 0.378123 0.056068 0.138739 1.562345 0.062899 0.127860 0.000000 0.000000 0.000000 -0.000000 1 6.332993507e-08
166 0.377152 0.055782 0.138311 1.562345 0.062899 0.127860 0.000000 0.000000 0.000000 -0.000000 1 5.774199963e-08
166 0.376182 0.055501 0.137900 1.562345 0.062899 0.127860 0.000000 0.000000 0.000000 -0.000000 1 6.053596735e-08
166 0.375213 0.055200 0.137506 1.562345 0.062899 0.127860 0.000000 0.000000 0.000000 -0.000000 1 5.681067705e-08
166 0.374246 0.054867 0.137127 1.562345 0.062899 0.127860 0.000000 0.000000 0.000000 -0.000000 1 5.867332220e-08
166 0.373280 0.054498 0.136762 1.562345 0.062899 0.127860 0.000000 0.000000 0.000000 -0.000000 1 6.332993507e-08
166 0.372315 0.054094 0.136412 1.562345 0.062899 0.127860 0.000000 0.000000 0.000000 -0.000000 1 1.518055797e-07
166 0.371351 0.053662 0.136076 1.562345 0.062899 0.127860 0.000000 0.000000 0.000000 -0.000000 1 6.239861250e-08
166 0.370387 0.053219 0.135754 1.562345 0.062899 0.127860 0.000000 0.000000 0.000000 -0.000000 1 5.867332220e-08
166 0.369425 0.052779 0.135443 1.562345 0.062899 0.127860 0.000000 0.000000 0.000000 -0.000000 1 6.146728992e-08
166 0.368463 0.052344 0.135145 1.562345 0.062899 0.127860 0.000000 0.000000 0.000000 -0.000000 1 2.607703209e-08
167 0.355055 0.082895 0.142067 1.544987 0.093695 0.135041 0.000000 0.000000 0.000000 -0.000000 1 3.073364496e-08
167 0.354231 0.082422 0.141791 1.544987 0.093695 0.135041 0.000000 0.000000 0.000000 -0.000000 1 2.328306437e-08
167 0.353406 0.081925 0.141526 1.544987 0.093695 0.135041 0.000000 0.000000 0.000000 -0.000000 1 6.239861250e-08
167 0.352581 0.081409 0.141271 1.544987 0.093695 0.135041 0.000000 0.000000 0.000000 -0.000000 1 6.053596735e-08
167 0.351755 0.080885 0.141026 1.544987 0.093695 0.135041 0.000000 0.000000 0.000000 -0.000000 1 5.960464478e-08
167 0.350929 0.080366 0.140791 1.544987 0.093695 0.135041 0.000000 0.000000 0.000000 -0.000000 1 5.774199963e-08
167 0.350102 0.079856 0.140565 1.544987 0.093695 0.135041 0.000000 0.000000 0.000000 -0.000000 1 6.146728992e-08
167 0.349274 0.079358 0.140348 1.544987 0.093695 0.135041 0.000000 0.000000 0.000000 -0.000000 1 6.239861250e-08
167 0.348446 0.078877 0.140139 1.544987 0.093695 0.135041 0.000000 0.000000 0.000000 -0.000000 1 5.774199963e-08
167 0.347617 0.078414 0.139939 1.544987 0.093695 0.135041 0.000000 0.000000 0.000000 -0.000000 1 6.332993507e-08
167 0.346788 0.077971 0.139747 1.544987 0.093695 0.135041 0.000000 0.000000 0.000000 -0.000000 1 5.867332220e-08
167 0.345959 0.077557 0.139562 1.544987 0.093695 0.135041 0.000000 0.000000 0.000000 -0.000000 1 6.053596735e-08
167 0.345131 0.077189 0.139384 1.544987 0.093695 0.135041 0.000000 0.000000 0.000000 -0.000000 1 1.629814506e-07
167 0.344303 0.076887 0.139214 1.544987 0.093695 0.135041 0.000000 0.000000 0.000000 -0.000000 1 6.332993507e-08
167 0.343476 0.076668 0.139050 1.544987 0.093695 0.135041 0.000000 0.000000 0.000000 -0.000000 1 6.053596735e-08
167 0.342651 0.076544 0.138892 1.544987 0.093695 0.135041 0.000000 0.000000 0.000000 -0.000000 1 6.239861250e-08
167 0.341827 0.076513 0.138741 1.544987 0.093695 0.135041 0.000000 0.000000 0.000000 -0.000000 1 7.543712854e-08
167 0.341005 0.076557 0.138595 1.544987 0.093695 0.135041 0.000000 0.000000 0.000000 -0.000000 1 9.033828974e-08
167 0.340185 0.076652 0.138456 1.544987 0.093695 0.135041 0.000000 0.000000 0.000000 -0.000000 1 6.332993507e-08
167 0.339366 0.076772 0.138322 1.544987 0.093695 0.135041 0.000000 0.000000 0.000000 -0.000000 1 6.612390280e-08
168 0.325365 0.079369 0.147474 1.526910 0.096116 0.144286 0.000000 0.000000 0.000000 0.000000 1 6.146728992e-08
168 0.324635 0.079471 0.147349 1.526910 0.096116 0.144286 0.000000 0.000000 0.000000 0.000000 1 6.239861250e-08
168 0.323907 0.079579 0.147228 1.526910 0.096116 0.144286 0.000000 0.000000 0.000000 0.000000 1 6.426125765e-08
168 0.323181 0.079732 0.147113 1.526910 0.096116 0.144286 0.000000 0.000000 0.000000 0.000000 1 6.053596735e-08
168 0.322458 0.079962 0.147002 1.526910 0.096116 0.144286 0.000000 0.000000 0.000000 0.000000 1 6.239861250e-08
168 0.321740 0.080288 0.146895 1.526910 0.096116 0.144286 0.000000 0.000000 0.000000 0.000000 1 6.332993507e-08
168 0.321027 0.080718 0.146792 1.526910 0.096116 0.144286 0.000000 0.000000 0.000000 0.000000 1 6.612390280e-08
168 0.320320 0.081250 0.146694 1.526910 0.096116 0.144286 0.000000 0.000000 0.000000 0.000000 1 5.774199963e-08
168 0.319619 0.081870 0.146599 1.526910 0.096116 0.144286 0.000000 0.000000 0.000000 0.000000 1 6.146728992e-08
168 0.318924 0.082555 0.146508 1.526910 0.096116 0.144286 0.000000 0.000000 0.000000 0.000000 1 1.508742571e-07
168 0.318235 0.083275 0.146421 1.526910 0.096116 0.144286 0.000000 0.000000 0.000000 0.000000 1 5.774199963e-08
168 0.317550 0.084001 0.146337 1.526910 0.096116 0.144286 0.000000 0.000000 0.000000 0.000000 1 6.146728992e-08
168 0.316869 0.084710 0.146257 1.526910 0.096116 0.144286 0.000000 0.000000 0.000000 0.000000 1 5.960464478e-08
168 0.316191 0.085390 0.146179 1.526910 0.096116 0.144286 0.000000 0.000000 0.000000 0.000000 1 7.078051567e-08
168 0.315516 0.086041 0.146105 1.526910 0.096116 0.144286 0.000000 0.000000 0.000000 0.000000 1 8.568167686e-08
168 0.314844 0.086677 0.146033 1.526910 0.096116 0.144286 0.000000 0.000000 0.000000 0.000000 1 5.867332220e-08
168 0.314176 0.087317 0.145965 1.526910 0.096116 0.144286 0.000000 0.000000 0.000000 0.000000 1 6.612390280e-08
168 0.313513 0.087986 0.145899 1.526910 0.096116 0.144286 0.000000 0.000000 0.000000 0.000000 1 6.426125765e-08
168 0.312856 0.088701 0.145835 1.526910 0.096116 0.144286 0.000000 0.000000 0.000000 0.000000 1 5.960464478e-08
168 0.312204 0.089444 0.145774 1.526910 0.096116 0.144286 0.000000 0.000000 0.000000 0.000000 1 5.681067705e-08
169 0.311312 0.069796 0.130772 1.531848 0.075748 0.129400 0.000000 0.000000 0.000000 0.000000 1 6.239861250e-08
169 0.310603 0.070529 0.130719 1.531848 0.075748 0.129400 0.000000 0.000000 0.000000 0.000000 1 6.053596735e-08
169 0.309896 0.071224 0.130667 1.531848 0.075748 0.129400 0.000000 0.000000 0.000000 0.000000 1 6.332993507e-08
169 0.309191 0.071880 0.130617 1.531848 0.075748 0.129400 0.000000 0.000000 0.000000 0.000000 1 6.146728992e-08
169 0.308487 0.072505 0.130569 1.531848 0.075748 0.129400 0.000000 0.000000 0.000000 0.000000 1 6.891787052e-08
169 0.307786 0.073111 0.130523 1.531848 0.075748 0.129400 0.000000 0.000000 0.000000 0.000000 1 6.146728992e-08
169 0.307088 0.073708 0.130479 1.531848 0.075748 0.129400 0.000000 0.000000 0.000000 0.000000 1 1.452863216e-07
169 0.306392 0.074303 0.130437 1.531848 0.075748 0.129400 0.000000 0.000000 0.000000 0.000000 1 6.984919310e-08
169 0.305699 0.074902 0.130396 1.531848 0.075748 0.129400 0.000000 0.000000 0.000000 -0.000000 1 6.612390280e-08
169 0.305010 0.075510 0.130357 1.531848 0.075748 0.129400 0.000000 0.000000 0.000000 -0.000000 1 6.146728992e-08
169 0.304324 0.076131 0.130319 1.531848 0.075748 0.129400 0.000000 0.000000 0.000000 -0.000000 1 6.519258022e-08
169 0.303644 0.076772 0.130283 1.531848 0.075748 0.129400 0.000000 0.000000 0.000000 -0.000000 1 6.146728992e-08
169 0.302969 0.077455 0.130249 1.531848 0.075748 0.129400 0.000000 0.000000 0.000000 -0.000000 1 6.053596735e-08
169 0.302303 0.078203 0.130215 1.531848 0.075748 0.129400 0.000000 0.000000 0.000000 -0.000000 1 6.519258022e-08
169 0.301645 0.079035 0.130183 1.531848 0.075748 0.129400 0.000000 0.000000 0.000000 -0.000000 1 6.239861250e-08
169 0.300998 0.079964 0.130152 1.531848 0.075748 0.129400 0.000000 0.000000 0.000000 -0.000000 1 6.239861250e-08
169 0.300363 0.080990 0.130123 1.531848 0.075748 0.129400 0.000000 0.000000 0.000000 -0.000000 1 3.352761269e-08
169 0.299740 0.082097 0.130095 1.531848 0.075748 0.129400 0.000000 0.000000 0.000000 -0.000000 1 2.328306437e-08
169 0.299126 0.083259 0.130067 1.531848 0.075748 0.129400 0.000000 0.000000 0.000000 -0.000000 1 1.089647412e-07
169 0.298519 0.084443 0.130041 1.531848 0.075748 0.129400 0.000000 0.000000 0.000000 -0.000000 1 6.332993507e-08
170 0.296996 0.057202 0.138139 1.536322 0.047262 0.137492 0.000000 0.000000 0.000000 -0.000000 1 5.681067705e-08
170 0.296335 0.058380 0.138114 1.536322 0.047262 0.137492 0.000000 0.000000 0.000000 -0.000000 1 5.867332220e-08
170 0.295679 0.059547 0.138090 1.536322 0.047262 0.137492 0.000000 0.000000 0.000000 -0.000000 1 6.053596735e-08
170 0.295032 0.060746 0.138066 1.536322 0.047262 0.137492 0.000000 0.000000 0.000000 -0.000000 1 1.527369022e-07
170 0.294397 0.062009 0.138044 1.536322 0.047262 0.137492 0.000000 0.000000 0.000000 -0.000000 1 5.960464478e-08
170 0.293775 0.063355 0.138022 1.536322 0.047262 0.137492 0.000000 0.000000 0.000000 -0.000000 1 6.891787052e-08
170 0.293169 0.064790 0.138001 1.536322 0.047262 0.137492 0.000000 0.000000 0.000000 -0.000000 1 6.612390280e-08
170 0.292579 0.066313 0.137981 1.536322 0.047262 0.137492 0.000000 0.000000 0.000000 -0.000000 1 6.053596735e-08
170 0.292004 0.067909 0.137962 1.536322 0.047262 0.137492 0.000000 0.000000 0.000000 -0.000000 1 6.332993507e-08
170 0.291443 0.069552 0.137943 1.536322 0.047262 0.137492 0.000000 0.000000 0.000000 -0.000000 1 5.681067705e-08
170 0.290893 0.071210 0.137926 1.536322 0.047262 0.137492 0.000000 0.000000 0.000000 -0.000000 1 6.332993507e-08
170 0.290351 0.072855 0.137909 1.536322 0.047262 0.137492 0.000000 0.000000 0.000000 -0.000000 1 6.332993507e-08
170 0.289814 0.074461 0.137892 1.536322 0.047262 0.137492 0.000000 0.000000 0.000000 -0.000000 1 6.239861250e-08
170 0.289281 0.076018 0.137877 1.536322 0.047262 0.137492 0.000000 0.000000 0.000000 -0.000000 1 6.332993507e-08
170 0.288752 0.077527 0.137861 1.536322 0.047262 0.137492 0.000000 0.000000 0.000000 -0.000000 1 6.519258022e-08
170 0.288227 0.079000 0.137847 1.536322 0.047262 0.137492 0.000000 0.000000 0.000000 -0.000000 1 6.332993507e-08
170 0.287709 0.080462 0.137833 1.536322 0.047262 0.137492 0.000000 0.000000 0.000000 -0.000000 1 6.612390280e-08
170 0.287201 0.081937 0.137820 1.536322 0.047262 0.137492 0.000000 0.000000 0.000000 -0.000000 1 6.239861250e-08
170 0.286705 0.083443 0.137807 1.536322 0.047262 0.137492 0.000000 0.000000 0.000000 -0.000000 1 6.239861250e-08
170 0.286220 0.084974 0.137794 1.536322 0.047262 0.137492 0.000000 0.000000 0.000000 -0.000000 1 5.960464478e-08
171 0.283488 0.050339 0.128508 1.561627 0.009554 0.128254 0.000000 0.000000 0.000000 -0.000000 1 6.332993507e-08
171 0.282916 0.051884 0.128498 1.561627 0.009554 0.128254 0.000000 0.000000 0.000000 -0.000000 1 6.426125765e-08
171 0.282348 0.053397 0.128488 1.561627 0.009554 0.128254 0.000000 0.000000 0.000000 -0.000000 1 8.102506399e-08
171 0.281784 0.054875 0.128479 1.561627 0.009554 0.128254 0.000000 0.000000 0.000000 -0.000000 1 7.916241884e-08
171 0.281223 0.056323 0.128470 1.561627 0.009554 0.128254 0.000000 0.000000 0.000000 -0.000000 1 6.705522537e-08
171 0.280667 0.057748 0.128462 1.561627 0.009554 0.128254 0.000000 0.000000 0.000000 -0.000000 1 6.891787052e-08
171 0.280115 0.059156 0.128454 1.561627 0.009554 0.128254 0.000000 0.000000 0.000000 -0.000000 1 6.332993507e-08
171 0.279570 0.060552 0.128446 1.561627 0.009554 0.128254 0.000000 0.000000 0.000000 -0.000000 1 6.426125765e-08
171 0.279030 0.061946 0.128438 1.561627 0.009554 0.128254 0.000000 0.000000 0.000000 -0.000000 1 6.798654795e-08
171 0.278498 0.063342 0.128431 1.561627 0.009554 0.128254 0.000000 0.000000 0.000000 -0.000000 1 5.774199963e-08
171 0.277974 0.064746 0.128424 1.561627 0.009554 0.128254 0.000000 0.000000 0.000000 -0.000000 1 6.891787052e-08
171 0.277459 0.066161 0.128417 1.561627 0.009554 0.128254 0.000000 0.000000 0.000000 -0.000000 1 6.239861250e-08
171 0.276955 0.067608 0.128411 1.561627 0.009554 0.128254 0.000000 0.000000 0.000000 -0.000000 1 6.891787052e-08
171 0.276467 0.069109 0.128405 1.561627 0.009554 0.128254 0.000000 0.000000 0.000000 -0.000000 1 5.774199963e-08
171 0.275996 0.070686 0.128399 1.561627 0.009554 0.128254 0.000000 0.000000 0.000000 -0.000000 1 6.146728992e-08
171 0.275547 0.072351 0.128393 1.561627 0.009554 0.128254 0.000000 0.000000 0.000000 -0.000000 1 6.984919310e-08
171 0.275119 0.074107 0.128388 1.561627 0.009554 0.128254 0.000000 0.000000 0.000000 -0.000000 1 8.847564459e-08
171 0.274712 0.075938 0.128382 1.561627 0.009554 0.128254 0.000000 0.000000 0.000000 -0.000000 1 1.639127731e-07
171 0.274322 0.077820 0.128377 1.561627 0.009554 0.128254 0.000000 0.000000 0.000000 -0.000000 1 7.543712854e-08
171 0.273946 0.079720 0.128372 1.561627 0.009554 0.128254 0.000000 0.000000 0.000000 -0.000000 1 5.774199963e-08
172 0.269847 0.041227 0.137816 1.584385 -0.033093 0.137665 0.000000 0.000000 0.000000 -0.000000 1 6.891787052e-08
172 0.269386 0.043121 0.137810 1.584385 -0.033093 0.137665 0.000000 0.000000 0.000000 -0.000000 1 6.984919310e-08
172 0.268930 0.044982 0.137804 1.584385 -0.033093 0.137665 0.000000 0.000000 0.000000 -0.000000 1 6.798654795e-08
172 0.268481 0.046822 0.137799 1.584385 -0.033093 0.137665 0.000000 0.000000 0.000000 -0.000000 1 8.195638657e-08
172 0.268040 0.048657 0.137793 1.584385 -0.033093 0.137665 0.000000 0.000000 0.000000 -0.000000 1 7.916241884e-08
172 0.267611 0.050508 0.137788 1.584385 -0.033093 0.137665 0.000000 0.000000 0.000000 -0.000000 1 6.705522537e-08
172 0.267197 0.052391 0.137784 1.584385 -0.033093 0.137665 0.000000 0.000000 0.000000 -0.000000 1 7.171183825e-08
172 0.266799 0.054313 0.137779 1.584385 -0.033093 0.137665 0.000000 0.000000 0.000000 -0.000000 1 4.936009645e-08
172 0.266417 0.056269 0.137774 1.584385 -0.033093 0.137665 0.000000 0.000000 0.000000 -0.000000 1 5.960464478e-08
172 0.266048 0.058241 0.137770 1.584385 -0.033093 0.137665 0.000000 0.000000 0.000000 -0.000000 1 6.519258022e-08
172 0.265688 0.060203 0.137766 1.584385 -0.033093 0.137665 0.000000 0.000000 0.000000 -0.000000 1 6.519258022e-08
172 0.265333 0.062129 0.137762 1.584385 -0.033093 0.137665 0.000000 0.000000 0.000000 -0.000000 1 3.725290298e-08
172 0.264981 0.064001 0.137758 1.584385 -0.033093 0.137665 0.000000 0.000000 0.000000 -0.000000 1 3.818422556e-08
172 0.264628 0.065808 0.137754 1.584385 -0.033093 0.137665 0.000000 0.000000 0.000000 -0.000000 1 1.396983862e-08
172 0.264275 0.067554 0.137751 1.584385 -0.033093 0.137665 0.000000 0.000000 0.000000 -0.000000 1 1.620501280e-07
172 0.263925 0.069252 0.137748 1.584385 -0.033093 0.137665 0.000000 0.000000 0.000000 -0.000000 1 6.798654795e-08
172 0.263579 0.070925 0.137744 1.584385 -0.033093 0.137665 0.000000 0.000000 0.000000 -0.000000 1 5.774199963e-08
172 0.263244 0.072601 0.137741 1.584385 -0.033093 0.137665 0.000000 0.000000 0.000000 -0.000000 1 6.146728992e-08
172 0.262922 0.074301 0.137738 1.584385 -0.033093 0.137665 0.000000 0.000000 0.000000 -0.000000 1 5.774199963e-08
172 0.262614 0.076027 0.137735 1.584385 -0.033093 0.137665 0.000000 0.000000 0.000000 -0.000000 1 5.867332220e-08
173 0.259907 0.057030 0.154015 1.618929 -0.058003 0.153884 0.000000 0.000000 0.000000 -0.000000 1 5.867332220e-08
173 0.259570 0.058765 0.154010 1.618929 -0.058003 0.153884 0.000000 0.000000 0.000000 -0.000000 1 5.494803190e-08
173 0.259237 0.060469 0.154005 1.618929 -0.058003 0.153884 0.000000 0.000000 0.000000 -0.000000 1 6.239861250e-08
173 0.258908 0.062139 0.154000 1.618929 -0.058003 0.153884 0.000000 0.000000 0.000000 -0.000000 1 6.239861250e-08
173 0.258582 0.063780 0.153996 1.618929 -0.058003 0.153884 0.000000 0.000000 0.000000 -0.000000 1 5.960464478e-08
173 0.258262 0.065399 0.153991 1.618929 -0.058003 0.153884 0.000000 0.000000 0.000000 -0.000000 1 6.146728992e-08
173 0.257948 0.067003 0.153987 1.618929 -0.058003 0.153884 0.000000 0.000000 0.000000 -0.000000 1 5.681067705e-08
173 0.257641 0.068601 0.153983 1.618929 -0.058003 0.153884 0.000000 0.000000 0.000000 -0.000000 1 6.239861250e-08
173 0.257343 0.070202 0.153979 1.618929 -0.058003 0.153884 0.000000 0.000000 0.000000 -0.000000 1 5.867332220e-08
173 0.257056 0.071813 0.153975 1.618929 -0.058003 0.153884 0.000000 0.000000 0.000000 -0.000000 1 5.681067705e-08
173 0.256781 0.073439 0.153972 1.618929 -0.058003 0.153884 0.000000 0.000000 0.000000 -0.000000 1 5.867332220e-08
173 0.256519 0.075081 0.153968 1.618929 -0.058003 0.153884 0.000000 0.000000 0.000000 -0.000000 1 6.146728992e-08
173 0.256272 0.076754 0.153965 1.618929 -0.058003 0.153884 0.000000 0.000000 0.000000 -0.000000 1 6.146728992e-08
173 0.256046 0.078482 0.153962 1.618929 -0.058003 0.153884 0.000000 0.000000 0.000000 -0.000000 1 6.146728992e-08
173 0.255845 0.080287 0.153959 1.618929 -0.058003 0.153884 0.000000 0.000000 0.000000 -0.000000 1 6.053596735e-08
173 0.255673 0.082182 0.153956 1.618929 -0.058003 0.153884 0.000000 0.000000 0.000000 -0.000000 1 5.681067705e-08
173 0.255533 0.084172 0.153953 1.618929 -0.058003 0.153884 0.000000 0.000000 0.000000 -0.000000 1 6.332993507e-08
173 0.255422 0.086245 0.153950 1.618929 -0.058003 0.153884 0.000000 0.000000 0.000000 -0.000000 1 6.239861250e-08
173 0.255338 0.088378 0.153947 1.618929 -0.058003 0.153884 0.000000 0.000000 0.000000 -0.000000 1 6.519258022e-08
173 0.255273 0.090539 0.153945 1.618929 -0.058003 0.153884 0.000000 0.000000 0.000000 -0.000000 1 6.426125765e-08
174 0.249816 0.056757 0.170412 1.651992 -0.099548 0.170288 0.000000 0.000000 0.000000 -0.000000 1 6.239861250e-08
174 0.249666 0.058937 0.170407 1.651992 -0.099548 0.170288 0.000000 0.000000 0.000000 -0.000000 1 6.332993507e-08
174 0.249525 0.061090 0.170402 1.651992 -0.099548 0.170288 0.000000 0.000000 0.000000 -0.000000 1 6.332993507e-08
174 0.249392 0.063228 0.170398 1.651992 -0.099548 0.170288 0.000000 0.000000 0.000000 -0.000000 1 7.264316082e-08
174 0.249274 0.065369 0.170393 1.651992 -0.099548 0.170288 0.000000 0.000000 0.000000 -0.000000 1 5.960464478e-08
174 0.249173 0.067530 0.170389 1.651992 -0.099548 0.170288 0.000000 0.000000 0.000000 -0.000000 1 5.867332220e-08
174 0.249094 0.069726 0.170385 1.651992 -0.099548 0.170288 0.000000 0.000000 0.000000 -0.000000 1 6.332993507e-08
174 0.249037 0.071963 0.170381 1.651992 -0.099548 0.170288 0.000000 0.000000 0.000000 -0.000000 1 5.587935448e-08
174 0.249003 0.074232 0.170378 1.651992 -0.099548 0.170288 0.000000 0.000000 0.000000 -0.000000 1 1.508742571e-07
174 0.248986 0.076514 0.170374 1.651992 -0.099548 0.170288 0.000000 0.000000 0.000000 -0.000000 1 6.146728992e-08
174 0.248980 0.078782 0.170371 1.651992 -0.099548 0.170288 0.000000 0.000000 0.000000 -0.000000 1 6.519258022e-08
174 0.248981 0.081009 0.170368 1.651992 -0.099548 0.170288 0.000000 0.000000 0.000000 -0.000000 1 6.053596735e-08
174 0.248982 0.083178 0.170364 1.651992 -0.099548 0.170288 0.000000 0.000000 0.000000 -0.000000 1 6.053596735e-08
174 0.248982 0.085279 0.170361 1.651992 -0.099548 0.170288 0.000000 0.000000 0.000000 -0.000000 1 6.146728992e-08
174 0.248982 0.087318 0.170359 1.651992 -0.099548 0.170288 0.000000 0.000000 0.000000 -0.000000 1 7.823109627e-08
174 0.248984 0.089313 0.170356 1.651992 -0.099548 0.170288 0.000000 0.000000 0.000000 -0.000000 1 6.798654795e-08
174 0.248997 0.091291 0.170353 1.651992 -0.099548 0.170288 0.000000 0.000000 0.000000 -0.000000 1 6.519258022e-08
174 0.249025 0.093282 0.170351 1.651992 -0.099548 0.170288 0.000000 0.000000 0.000000 -0.000000 1 5.960464478e-08
174 0.249076 0.095311 0.170348 1.651992 -0.099548 0.170288 0.000000 0.000000 0.000000 -0.000000 1 6.332993507e-08
174 0.249153 0.097384 0.170346 1.651992 -0.099548 0.170288 0.000000 0.000000 0.000000 -0.000000 1 7.357448339e-08
175 0.245693 0.079740 0.190752 1.693392 -0.127264 0.190617 0.000000 0.000000 0.000000 -0.000000 1 5.587935448e-08
175 0.245754 0.081878 0.190747 1.693392 -0.127264 0.190617 0.000000 0.000000 0.000000 -0.000000 1 5.867332220e-08
175 0.245825 0.084005 0.190742 1.693392 -0.127264 0.190617 0.000000 0.000000 0.000000 -0.000000 1 1.490116119e-08
175 0.245906 0.086108 0.190737 1.693392 -0.127264 0.190617 0.000000 0.000000 0.000000 -0.000000 1 1.490116119e-08
175 0.245995 0.088191 0.190732 1.693392 -0.127264 0.190617 0.000000 0.000000 0.000000 -0.000000 1 5.681067705e-08
175 0.246096 0.090260 0.190728 1.693392 -0.127264 0.190617 0.000000 0.000000 0.000000 -0.000000 1 1.313164830e-07
175 0.246210 0.092327 0.190723 1.693392 -0.127264 0.190617 0.000000 0.000000 0.000000 -0.000000 1 5.774199963e-08
175 0.246341 0.094407 0.190719 1.693392 -0.127264 0.190617 0.000000 0.000000 0.000000 -0.000000 1 3.539025784e-08
175 0.246493 0.096510 0.190715 1.693392 -0.127264 0.190617 0.000000 0.000000 0.000000 -0.000000 1 1.490116119e-08
175 0.246669 0.098643 0.190711 1.693392 -0.127264 0.190617 0.000000 0.000000 0.000000 -0.000000 1 6.146728992e-08
175 0.246867 0.100804 0.190707 1.693392 -0.127264 0.190617 0.000000 0.000000 0.000000 -0.000000 1 5.867332220e-08
175 0.247088 0.102990 0.190704 1.693392 -0.127264 0.190617 0.000000 0.000000 0.000000 -0.000000 1 5.960464478e-08
175 0.247336 0.105213 0.190700 1.693392 -0.127264 0.190617 0.000000 0.000000 0.000000 -0.000000 1 6.705522537e-08
175 0.247618 0.107495 0.190697 1.693392 -0.127264 0.190617 0.000000 0.000000 0.000000 -0.000000 1 6.146728992e-08
175 0.247942 0.109860 0.190694 1.693392 -0.127264 0.190617 0.000000 0.000000 0.000000 -0.000000 1 6.146728992e-08
175 0.248313 0.112325 0.190691 1.693392 -0.127264 0.190617 0.000000 0.000000 0.000000 -0.000000 1 5.774199963e-08
175 0.248737 0.114896 0.190688 1.693392 -0.127264 0.190617 0.000000 0.000000 0.000000 -0.000000 1 6.146728992e-08
175 0.249211 0.117562 0.190685 1.693392 -0.127264 0.190617 0.000000 0.000000 0.000000 -0.000000 1 7.636845112e-08
175 0.249729 0.120299 0.190683 1.693392 -0.127264 0.190617 0.000000 0.000000 0.000000 -0.000000 1 5.960464478e-08
175 0.250282 0.123072 0.190680 1.693392 -0.127264 0.190617 0.000000 0.000000 0.000000 -0.000000 1 6.332993507e-08
176 0.241334 0.083754 0.202328 1.731199 -0.179838 0.202221 0.000000 0.000000 0.000000 -0.000000 1 6.146728992e-08
176 0.241745 0.086594 0.202323 1.731199 -0.179838 0.202221 0.000000 0.000000 0.000000 -0.000000 1 6.798654795e-08
176 0.242166 0.089390 0.202319 1.731199 -0.179838 0.202221 0.000000 0.000000 0.000000 -0.000000 1 1.769512892e-07
176 0.242596 0.092146 0.202316 1.731199 -0.179838 0.202221 0.000000 0.000000 0.000000 -0.000000 1 6.798654795e-08
176 0.243041 0.094877 0.202312 1.731199 -0.179838 0.202221 0.000000 0.000000 0.000000 -0.000000 1 6.332993507e-08
176 0.243507 0.097602 0.202308 1.731199 -0.179838 0.202221 0.000000 0.000000 0.000000 -0.000000 1 6.519258022e-08
176 0.244000 0.100342 0.202305 1.731199 -0.179838 0.202221 0.000000 0.000000 0.000000 -0.000000 1 5.774199963e-08
176 0.244523 0.103106 0.202302 1.731199 -0.179838 0.202221 0.000000 0.000000 0.000000 -0.000000 1 6.053596735e-08
176 0.245077 0.105890 0.202298 1.731199 -0.179838 0.202221 0.000000 0.000000 0.000000 -0.000000 1 7.543712854e-08
176 0.245655 0.108679 0.202295 1.731199 -0.179838 0.202221 0.000000 0.000000 0.000000 -0.000000 1 6.984919310e-08
176 0.246251 0.111443 0.202293 1.731199 -0.179838 0.202221 0.000000 0.000000 0.000000 -0.000000 1 6.519258022e-08
176 0.246854 0.114157 0.202290 1.731199 -0.179838 0.202221 0.000000 0.000000 0.000000 -0.000000 1 6.332993507e-08
176 0.247458 0.116804 0.202287 1.731199 -0.179838 0.202221 0.000000 0.000000 0.000000 -0.000000 1 6.519258022e-08
176 0.248061 0.119376 0.202284 1.731199 -0.179838 0.202221 0.000000 0.000000 0.000000 -0.000000 1 5.867332220e-08
176 0.248666 0.121885 0.202282 1.731199 -0.179838 0.202221 0.000000 0.000000 0.000000 -0.000000 1 6.146728992e-08
176 0.249280 0.124353 0.202280 1.731199 -0.179838 0.202221 0.000000 0.000000 0.000000 -0.000000 1 5.960464478e-08
176 0.249915 0.126817 0.202277 1.731199 -0.179838 0.202221 0.000000 0.000000 0.000000 -0.000000 1 6.053596735e-08
176 0.250583 0.129314 0.202275 1.731199 -0.179838 0.202221 0.000000 0.000000 0.000000 -0.000000 1 6.519258022e-08
176 0.251295 0.131871 0.202273 1.731199 -0.179838 0.202221 0.000000 0.000000 0.000000 -0.000000 1 5.681067705e-08
176 0.252054 0.134490 0.202271 1.731199 -0.179838 0.202221 0.000000 0.000000 0.000000 -0.000000 1 1.853331923e-07
177 0.248287 0.119792 0.228445 1.781344 -0.211464 0.228294 0.000000 0.000000 0.000000 -0.000000 1 6.984919310e-08
177 0.249061 0.122490 0.228440 1.781344 -0.211464 0.228294 0.000000 0.000000 0.000000 -0.000000 1 7.078051567e-08
177 0.249852 0.125164 0.228434 1.781344 -0.211464 0.228294 0.000000 0.000000 0.000000 -0.000000 1 7.543712854e-08
177 0.250657 0.127806 0.228428 1.781344 -0.211464 0.228294 0.000000 0.000000 0.000000 -0.000000 1 7.543712854e-08
177 0.251477 0.130418 0.228423 1.781344 -0.211464 0.228294 0.000000 0.000000 0.000000 -0.000000 1 7.636845112e-08
177 0.252317 0.133015 0.228418 1.781344 -0.211464 0.228294 0.000000 0.000000 0.000000 -0.000000 1 5.774199963e-08
177 0.253182 0.135612 0.228413 1.781344 -0.211464 0.228294 0.000000 0.000000 0.000000 -0.000000 1 6.239861250e-08
177 0.254079 0.138224 0.228409 1.781344 -0.211464 0.228294 0.000000 0.000000 0.000000 -0.000000 1 5.960464478e-08
177 0.255012 0.140863 0.228404 1.781344 -0.211464 0.228294 0.000000 0.000000 0.000000 -0.000000 1 1.098960638e-07
177 0.255985 0.143535 0.228400 1.781344 -0.211464 0.228294 0.000000 0.000000 0.000000 -0.000000 1 7.078051567e-08
177 0.256996 0.146234 0.228396 1.781344 -0.211464 0.228294 0.000000 0.000000 0.000000 -0.000000 1 6.984919310e-08
177 0.258044 0.148953 0.228392 1.781344 -0.211464 0.228294 0.000000 0.000000 0.000000 -0.000000 1 6.146728992e-08
177 0.259132 0.151700 0.228388 1.781344 -0.211464 0.228294 0.000000 0.000000 0.000000 -0.000000 1 5.867332220e-08
177 0.260271 0.154498 0.228384 1.781344 -0.211464 0.228294 0.000000 0.000000 0.000000 -0.000000 1 5.960464478e-08
177 0.261472 0.157371 0.228381 1.781344 -0.211464 0.228294 0.000000 0.000000 0.000000 -0.000000 1 6.519258022e-08
177 0.262744 0.160335 0.228377 1.781344 -0.211464 0.228294 0.000000 0.000000 0.000000 -0.000000 1 6.426125765e-08
177 0.264091 0.163395 0.228374 1.781344 -0.211464 0.228294 0.000000 0.000000 0.000000 -0.000000 1 1.220032573e-07
177 0.265513 0.166546 0.228371 1.781344 -0.211464 0.228294 0.000000 0.000000 0.000000 -0.000000 1 5.867332220e-08
177 0.267006 0.169767 0.228368 1.781344 -0.211464 0.228294 0.000000 0.000000 0.000000 -0.000000 1 6.519258022e-08
177 0.268554 0.173022 0.228365 1.781344 -0.211464 0.228294 0.000000 0.000000 0.000000 -0.000000 1 5.867332220e-08
178 0.257290 0.136002 0.250675 1.822135 -0.268633 0.250519 0.000000 0.000000 0.000000 -0.000000 1 5.960464478e-08
178 0.258704 0.139418 0.250669 1.822135 -0.268633 0.250519 0.000000 0.000000 0.000000 -0.000000 1 6.053596735e-08
178 0.260135 0.142779 0.250663 1.822135 -0.268633 0.250519 0.000000 0.000000 0.000000 -0.000000 1 5.960464478e-08
178 0.261582 0.146083 0.250658 1.822135 -0.268633 0.250519 0.000000 0.000000 0.000000 -0.000000 1 2.421438694e-08
178 0.263050 0.149342 0.250652 1.822135 -0.268633 0.250519 0.000000 0.000000 0.000000 -0.000000 1 2.700835466e-08
178 0.264547 0.152577 0.250647 1.822135 -0.268633 0.250519 0.000000 0.000000 0.000000 -0.000000 1 3.725290298e-08
178 0.266084 0.155809 0.250642 1.822135 -0.268633 0.250519 0.000000 0.000000 0.000000 -0.000000 1 4.190951586e-08
178 0.267667 0.159052 0.250637 1.822135 -0.268633 0.250519 0.000000 0.000000 0.000000 -0.000000 1 6.332993507e-08
178 0.269298 0.162306 0.250632 1.822135 -0.268633 0.250519 0.000000 0.000000 0.000000 -0.000000 1 5.587935448e-08
178 0.270969 0.165555 0.250628 1.822135 -0.268633 0.250519 0.000000 0.000000 0.000000 -0.000000 1 6.146728992e-08
178 0.272669 0.168771 0.250624 1.822135 -0.268633 0.250519 0.000000 0.000000 0.000000 -0.000000 1 5.774199963e-08
178 0.274386 0.171928 0.250620 1.822135 -0.268633 0.250519 0.000000 0.000000 0.000000 -0.000000 1 5.960464478e-08
178 0.276108 0.175006 0.250616 1.822135 -0.268633 0.250519 0.000000 0.000000 0.000000 -0.000000 1 6.146728992e-08
178 0.277836 0.178003 0.250612 1.822135 -0.268633 0.250519 0.000000 0.000000 0.000000 -0.000000 1 1.424923539e-07
178 0.279575 0.180935 0.250608 1.822135 -0.268633 0.250519 0.000000 0.000000 0.000000 -0.000000 1 6.332993507e-08
178 0.281340 0.183835 0.250605 1.822135 -0.268633 0.250519 0.000000 0.000000 0.000000 -0.000000 1 5.960464478e-08
178 0.283153 0.186748 0.250601 1.822135 -0.268633 0.250519 0.000000 0.000000 0.000000 -0.000000 1 5.867332220e-08
178 0.285037 0.189718 0.250598 1.822135 -0.268633 0.250519 0.000000 0.000000 0.000000 -0.000000 1 5.774199963e-08
178 0.287008 0.192775 0.250595 1.822135 -0.268633 0.250519 0.000000 0.000000 0.000000 -0.000000 1 5.867332220e-08
178 0.289067 0.195912 0.250592 1.822135 -0.268633 0.250519 0.000000 0.000000 0.000000 -0.000000 1 5.960464478e-08
179 0.284301 0.180468 0.282918 1.873465 -0.308668 0.282719 0.000000 0.000000 0.000000 -0.000000 1 6.984919310e-08
179 0.286421 0.183732 0.282910 1.873465 -0.308668 0.282719 0.000000 0.000000 0.000000 -0.000000 1 6.519258022e-08
179 0.288572 0.186956 0.282902 1.873465 -0.308668 0.282719 0.000000 0.000000 0.000000 -0.000000 1 5.960464478e-08
179 0.290752 0.190135 0.282895 1.873465 -0.308668 0.282719 0.000000 0.000000 0.000000 -0.000000 1 6.239861250e-08
179 0.292963 0.193275 0.282888 1.873465 -0.308668 0.282719 0.000000 0.000000 0.000000 -0.000000 1 7.357448339e-08
179 0.295212 0.196390 0.282882 1.873465 -0.308668 0.282719 0.000000 0.000000 0.000000 -0.000000 1 6.053596735e-08
179 0.297514 0.199505 0.282875 1.873465 -0.308668 0.282719 0.000000 0.000000 0.000000 -0.000000 1 6.146728992e-08
179 0.299879 0.202637 0.282869 1.873465 -0.308668 0.282719 0.000000 0.000000 0.000000 -0.000000 1 5.960464478e-08
179 0.302311 0.205795 0.282863 1.873465 -0.308668 0.282719 0.000000 0.000000 0.000000 -0.000000 1 5.774199963e-08
179 0.304813 0.208975 0.282858 1.873465 -0.308668 0.282719 0.000000 0.000000 0.000000 -0.000000 1 5.960464478e-08
179 0.307380 0.212168 0.282852 1.873465 -0.308668 0.282719 0.000000 0.000000 0.000000 -0.000000 1 1.695007086e-07
179 0.310007 0.215361 0.282847 1.873465 -0.308668 0.282719 0.000000 0.000000 0.000000 -0.000000 1 1.089647412e-07
179 0.312697 0.218560 0.282842 1.873465 -0.308668 0.282719 0.000000 0.000000 0.000000 -0.000001 1 8.381903172e-08
179 0.315469 0.221791 0.282837 1.873465 -0.308668 0.282719 0.000000 0.000000 0.000000 -0.000001 1 7.078051567e-08
179 0.318338 0.225078 0.282833 1.873465 -0.308668 0.282719 0.000000 0.000000 0.000000 -0.000001 1 1.993030310e-07
179 0.321313 0.228431 0.282828 1.873465 -0.308668 0.282719 0.000000 0.000000 0.000000 -0.000001 1 6.426125765e-08
179 0.324401 0.231854 0.282824 1.873465 -0.308668 0.282719 0.000000 0.000000 0.000000 -0.000001 1 6.146728992e-08
179 0.327601 0.235339 0.282820 1.873465 -0.308668 0.282719 0.000000 0.000000 0.000000 -0.000001 1 5.681067705e-08
179 0.330908 0.238868 0.282816 1.873465 -0.308668 0.282719 0.000000 0.000000 0.000000 -0.000001 1 5.867332220e-08
179 0.334303 0.242407 0.282812 1.873465 -0.308668 0.282719 0.000000 0.000000 0.000000 -0.000001 1 6.426125765e-08
180 0.320909 0.207898 0.321501 1.908206 -0.369369 0.321258 0.000000 0.000000 0.000000 -0.000001 1 6.239861250e-08
180 0.324254 0.211746 0.321491 1.908206 -0.369369 0.321258 0.000000 0.000000 0.000000 -0.000001 1 5.587935448e-08
180 0.327639 0.215521 0.321482 1.908206 -0.369369 0.321258 0.000000 0.000000 0.000000 -0.000001 1 6.053596735e-08
180 0.331074 0.219238 0.321473 1.908206 -0.369369 0.321258 0.000000 0.000000 0.000000 -0.000001 1 5.867332220e-08
180 0.334568 0.222913 0.321465 1.908206 -0.369369 0.321258 0.000000 0.000000 0.000000 -0.000001 1 1.732259989e-07
180 0.338135 0.226565 0.321457 1.908206 -0.369369 0.321258 0.000000 0.000000 0.000000 -0.000001 1 6.519258022e-08
180 0.341790 0.230215 0.321449 1.908206 -0.369369 0.321258 0.000000 0.000000 0.000000 -0.000001 1 6.705522537e-08
180 0.345545 0.233875 0.321441 1.908206 -0.369369 0.321258 0.000000 0.000000 0.000000 -0.000001 1 1.536682248e-07
180 0.349402 0.237548 0.321434 1.908206 -0.369369 0.321258 0.000000 0.000000 0.000000 -0.000001 1 6.239861250e-08
180 0.353354 0.241213 0.321427 1.908206 -0.369369 0.321258 0.000000 0.000000 0.000000 -0.000001 1 6.332993507e-08
180 0.357380 0.244842 0.321421 1.908206 -0.369369 0.321258 0.000000 0.000000 0.000000 -0.000001 1 6.146728992e-08
180 0.361461 0.248402 0.321414 1.908206 -0.369369 0.321258 0.000000 0.000000 0.000000 -0.000001 1 6.705522537e-08
180 0.365579 0.251871 0.321408 1.908206 -0.369369 0.321258 0.000000 0.000000 0.000000 -0.000001 1 5.774199963e-08
180 0.369730 0.255242 0.321402 1.908206 -0.369369 0.321258 0.000000 0.000000 0.000000 -0.000001 1 6.519258022e-08
180 0.373928 0.258538 0.321397 1.908206 -0.369369 0.321258 0.000000 0.000000 0.000000 -0.000001 1 6.146728992e-08
180 0.378203 0.261801 0.321391 1.908206 -0.369369 0.321258 0.000000 0.000000 0.000000 -0.000001 1 6.332993507e-08
180 0.382596 0.265083 0.321386 1.908206 -0.369369 0.321258 0.000000 0.000000 0.000000 -0.000001 1 6.705522537e-08
180 0.387144 0.268428 0.321381 1.908206 -0.369369 0.321258 0.000000 0.000000 0.000000 -0.000001 1 5.960464478e-08
180 0.391878 0.271867 0.321376 1.908206 -0.369369 0.321258 0.000000 0.000000 0.000000 -0.000001 1 4.004687071e-08
180 0.396787 0.275373 0.321371 1.908206 -0.369369 0.321258 0.000000 0.000000 0.000000 -0.000001 1 3.539025784e-08
181 0.383761 0.244946 0.343773 1.947727 -0.433756 0.343574 0.000000 0.000000 0.000000 -0.000009 1 2.980232239e-08
181 0.388611 0.248774 0.343765 1.947727 -0.433756 0.343574 0.000000 0.000000 0.000000 -0.000001 1 2.523884177e-07
181 0.393519 0.252510 0.343757 1.947727 -0.433756 0.343574 0.000000 0.000000 0.000000 -0.000001 1 6.519258022e-08
181 0.398488 0.256154 0.343750 1.947727 -0.433756 0.343574 0.000000 0.000000 0.000000 -0.000001 1 6.146728992e-08
181 0.403526 0.259718 0.343743 1.947727 -0.433756 0.343574 0.000000 0.000000 0.000000 -0.000001 1 2.142041922e-07
181 0.408649 0.263220 0.343737 1.947727 -0.433756 0.343574 0.000000 0.000000 0.000000 -0.000001 1 5.867332220e-08
181 0.413874 0.266679 0.343730 1.947727 -0.433756 0.343574 0.000000 0.000000 0.000000 -0.000001 1 5.960464478e-08
181 0.419226 0.270121 0.343724 1.947727 -0.433756 0.343574 0.000000 0.000000 0.000000 -0.000001 1 5.587935448e-08
181 0.424719 0.273559 0.343718 1.947727 -0.433756 0.343574 0.000000 0.000000 0.000000 -0.000001 1 6.239861250e-08
181 0.430351 0.276982 0.343713 1.947727 -0.433756 0.343574 0.000000 0.000000 0.000000 -0.000001 1 5.774199963e-08
181 0.436107 0.280367 0.343707 1.947727 -0.433756 0.343574 0.000000 0.000000 0.000000 -0.000001 1 5.681067705e-08
181 0.441968 0.283690 0.343702 1.947727 -0.433756 0.343574 0.000000 0.000000 0.000000 -0.000001 1 7.543712854e-08
181 0.447932 0.286947 0.343697 1.947727 -0.433756 0.343574 0.000000 0.000000 0.000000 -0.000001 1 6.146728992e-08
181 0.454026 0.290164 0.343692 1.947727 -0.433756 0.343574 0.000000 0.000000 0.000000 -0.000001 1 6.519258022e-08
181 0.460274 0.293364 0.343688 1.947727 -0.433756 0.343574 0.000000 0.000000 0.000000 -0.000001 1 6.426125765e-08
181 0.466695 0.296559 0.343683 1.947727 -0.433756 0.343574 0.000000 0.000000 0.000000 -0.000001 1 6.239861250e-08
181 0.473302 0.299753 0.343679 1.947727 -0.433756 0.343574 0.000000 0.000000 0.000000 -0.000001 1 6.239861250e-08
181 0.480112 0.300000 0.343675 1.947727 -0.433756 0.343574 0.000000 0.000000 0.000000 -0.000001 1 6.239861250e-08
181 0.487144 0.300000 0.343671 1.947727 -0.433756 0.343574 0.000000 0.000000 0.000000 -0.000001 1 6.332993507e-08
181 0.494377 0.300000 0.343667 1.947727 -0.433756 0.343574 0.000000 0.000000 0.000000 -0.000001 1 5.960464478e-08
181 0.501784 0.300000 0.343663 1.947727 -0.433756 0.343574 0.000000 0.000000 0.000000 -0.000001 1 9.778887033e-08
182 0.488331 0.271857 0.407078 1.965362 -0.490469 0.406749 0.000000 0.000000 0.000000 -0.000001 1 1.527369022e-07
182 0.495714 0.275393 0.407065 1.965362 -0.490469 0.406749 0.000000 0.000000 0.000000 -0.000001 1 6.612390280e-08
182 0.503191 0.278785 0.407053 1.965362 -0.490469 0.406749 0.000000 0.000000 0.000000 -0.000001 1 6.146728992e-08
182 0.510781 0.282048 0.407041 1.965362 -0.490469 0.406749 0.000000 0.000000 0.000000 -0.000001 1 6.332993507e-08
182 0.518509 0.285202 0.407029 1.965362 -0.490469 0.406749 0.000000 0.000000 0.000000 -0.000001 1 5.774199963e-08
182 0.526408 0.288273 0.407018 1.965362 -0.490469 0.406749 0.000000 0.000000 0.000000 -0.000001 1 6.146728992e-08
182 0.534515 0.291285 0.407008 1.965362 -0.490469 0.406749 0.000000 0.000000 0.000000 -0.000001 1 7.543712854e-08
182 0.542853 0.294248 0.406997 1.965362 -0.490469 0.406749 0.000000 0.000000 0.000000 -0.000001 1 5.774199963e-08
182 0.551419 0.297147 0.406988 1.965362 -0.490469 0.406749 0.000000 0.000000 0.000000 -0.000001 1 5.681067705e-08
182 0.560193 0.299956 0.406978 1.965362 -0.490469 0.406749 0.000000 0.000000 0.000000 -0.000001 1 6.332993507e-08
182 0.569148 0.300000 0.406969 1.965362 -0.490469 0.406749 0.000000 0.000000 0.000000 -0.000001 1 6.519258022e-08
182 0.578257 0.300000 0.406961 1.965362 -0.490469 0.406749 0.000000 0.000000 0.000000 -0.000002 1 6.891787052e-08
182 0.587501 0.300000 0.406952 1.965362 -0.490469 0.406749 0.000000 0.000000 0.000000 -0.000002 1 1.154839993e-07
182 0.596903 0.300000 0.406944 1.965362 -0.490469 0.406749 0.000000 0.000000 0.000000 -0.000002 1 6.053596735e-08
182 0.606513 0.300000 0.406937 1.965362 -0.490469 0.406749 0.000000 0.000000 0.000000 -0.000002 1 6.984919310e-08
182 0.616397 0.300000 0.406929 1.965362 -0.490469 0.406749 0.000000 0.000000 0.000000 -0.000002 1 6.239861250e-08
182 0.626625 0.300000 0.406922 1.965362 -0.490469 0.406749 0.000000 0.000000 0.000000 -0.000002 1 6.984919310e-08
182 0.637254 0.300000 0.406915 1.965362 -0.490469 0.406749 0.000000 0.000000 0.000000 -0.000002 1 7.171183825e-08
182 0.648287 0.300000 0.406909 1.965362 -0.490469 0.406749 0.000000 0.000000 0.000000 -0.000002 1 7.450580597e-08
182 0.659633 0.300000 0.406903 1.965362 -0.490469 0.406749 0.000000 0.000000 0.000000 -0.000002 1 6.332993507e-08
183 0.622707 0.246197 0.408836 1.958449 -0.580766 0.408681 0.000000 0.000000 0.000000 -0.000002 1 5.867332220e-08
183 0.633252 0.249187 0.408830 1.958449 -0.580766 0.408681 0.000000 0.000000 0.000000 -0.000002 1 6.053596735e-08
183 0.643967 0.251936 0.408824 1.958449 -0.580766 0.408681 0.000000 0.000000 0.000000 -0.000002 1 5.867332220e-08
183 0.654881 0.254457 0.408818 1.958449 -0.580766 0.408681 0.000000 0.000000 0.000000 -0.000002 1 7.078051567e-08
183 0.666035 0.256766 0.408813 1.958449 -0.580766 0.408681 0.000000 0.000000 0.000000 -0.000002 1 1.201406121e-07
183 0.677468 0.258875 0.408807 1.958449 -0.580766 0.408681 0.000000 0.000000 0.000000 -0.000002 1 5.960464478e-08
183 0.689209 0.260785 0.408802 1.958449 -0.580766 0.408681 0.000000 0.000000 0.000000 -0.000002 1 5.960464478e-08
183 0.701274 0.262489 0.408798 1.958449 -0.580766 0.408681 0.000000 0.000000 0.000000 -0.000002 1 6.053596735e-08
183 0.713662 0.263972 0.408793 1.958449 -0.580766 0.408681 0.000000 0.000000 0.000000 -0.000002 1 1.331791282e-07
183 0.726359 0.265210 0.408789 1.958449 -0.580766 0.408681 0.000000 0.000000 0.000000 -0.000002 1 6.891787052e-08
183 0.739323 0.266167 0.408784 1.958449 -0.580766 0.408681 0.000000 0.000000 0.000000 -0.000002 1 4.936009645e-08
183 0.752507 0.266814 0.408780 1.958449 -0.580766 0.408681 0.000000 0.000000 0.000000 -0.000002 1 1.490116119e-08
183 0.765914 0.267140 0.408776 1.958449 -0.580766 0.408681 0.000000 0.000000 0.000000 -0.000002 1 1.396983862e-08
183 0.779575 0.267150 0.408773 1.958449 -0.580766 0.408681 0.000000 0.000000 0.000000 -0.000002 1 1.071020961e-07
183 0.793526 0.266845 0.408769 1.958449 -0.580766 0.408681 0.000000 0.000000 0.000000 -0.000002 1 3.539025784e-08
183 0.807801 0.266222 0.408766 1.958449 -0.580766 0.408681 0.000000 0.000000 0.000000 -0.000002 1 1.490116119e-08
183 0.822427 0.265271 0.408762 1.958449 -0.580766 0.408681 0.000000 0.000000 0.000000 -0.000002 1 4.656612873e-08
183 0.837418 0.263977 0.408759 1.958449 -0.580766 0.408681 0.000000 0.000000 0.000000 -0.000002 1 4.284083843e-08
183 0.852776 0.262316 0.408756 1.958449 -0.580766 0.408681 0.000000 0.000000 0.000000 -0.000002 1 6.239861250e-08
183 0.868479 0.260260 0.408753 1.958449 -0.580766 0.408681 0.000000 0.000000 0.000000 -0.000002 1 5.867332220e-08
184 0.813268 0.197450 0.457275 1.904133 -0.659686 0.457019 0.000000 0.000000 0.000000 -0.000002 1 6.146728992e-08
184 0.828111 0.196226 0.457265 1.904133 -0.659686 0.457019 0.000000 0.000000 0.000000 -0.000002 1 6.332993507e-08
184 0.843230 0.194583 0.457255 1.904133 -0.659686 0.457019 0.000000 0.000000 0.000000 -0.000002 1 5.867332220e-08
184 0.858647 0.192512 0.457246 1.904133 -0.659686 0.457019 0.000000 0.000000 0.000000 -0.000002 1 6.146728992e-08
184 0.874406 0.189999 0.457237 1.904133 -0.659686 0.457019 0.000000 0.000000 0.000000 -0.000002 1 6.239861250e-08
184 0.890559 0.187027 0.457229 1.904133 -0.659686 0.457019 0.000000 0.000000 0.000000 -0.000002 1 6.891787052e-08
184 0.907154 0.183567 0.457220 1.904133 -0.659686 0.457019 0.000000 0.000000 0.000000 -0.000002 1 7.450580597e-08
184 0.924221 0.179583 0.457212 1.904133 -0.659686 0.457019 0.000000 0.000000 0.000000 -0.000002 1 4.749745131e-08
184 0.941758 0.175032 0.457205 1.904133 -0.659686 0.457019 0.000000 0.000000 0.000000 -0.000002 1 6.705522537e-08
184 0.959739 0.169872 0.457197 1.904133 -0.659686 0.457019 0.000000 0.000000 0.000000 -0.000002 1 5.960464478e-08
184 0.978102 0.164064 0.457187 1.904133 -0.659686 0.457019 0.000000 0.000000 0.000000 -0.000002 1 6.239861250e-08
184 0.996584 0.157571 0.457148 1.904133 -0.659686 0.457019 0.000000 0.000000 0.000000 -0.000002 1 4.014000297e-07
184 1.000000 0.150599 0.457017 1.904133 -0.659686 0.457019 0.000000 0.000000 0.000000 -0.000002 1 7.636845112e-08
184 1.000000 0.143724 0.456888 1.904133 -0.659686 0.457019 0.000000 0.000000 0.000000 -0.000002 1 5.774199963e-08
184 1.000000 0.136945 0.456765 1.904133 -0.659686 0.457019 0.000000 0.000000 0.000000 -0.000002 1 5.587935448e-08
184 1.000000 0.130233 0.456641 1.904133 -0.659686 0.457019 0.000000 0.000000 0.000000 -0.000002 1 5.960464478e-08
184 1.000000 0.123557 0.456511 1.904133 -0.659686 0.457019 0.000000 0.000000 0.000000 -0.000001 1 6.053596735e-08
184 1.000000 0.116883 0.456369 1.904133 -0.659686 0.457019 0.000000 0.000000 0.000000 -0.000001 1 5.681067705e-08
184 1.000000 0.110184 0.456211 1.904133 -0.659686 0.457019 0.000000 0.000000 0.000000 -0.000001 1 6.053596735e-08
184 1.000000 0.103443 0.456037 1.904133 -0.659686 0.457019 0.000000 0.000000 0.000000 -0.000001 1 5.774199963e-08
185 0.840234 -0.003957 0.406306 1.744730 -0.797002 0.407788 0.000000 0.000000 0.000000 -0.000002 1 5.681067705e-08
185 0.862109 -0.006440 0.406364 1.744730 -0.797002 0.407788 0.000000 0.000000 0.000000 -0.000001 1 6.519258022e-08
185 0.884283 -0.010038 0.406420 1.744730 -0.797002 0.407788 0.000000 0.000000 0.000000 -0.000001 1 5.960464478e-08
185 0.906724 -0.014793 0.406474 1.744730 -0.797002 0.407788 0.000000 0.000000 0.000000 -0.000001 1 6.891787052e-08
185 0.929412 -0.020756 0.406526 1.744730 -0.797002 0.407788 0.000000 0.000000 0.000000 -0.000001 1 6.053596735e-08
185 0.952338 -0.027984 0.406575 1.744730 -0.797002 0.407788 0.000000 0.000000 0.000000 -0.000001 1 6.239861250e-08
185 0.975478 -0.036532 0.406623 1.744730 -0.797002 0.407788 0.000000 0.000000 0.000000 -0.000001 1 5.867332220e-08
185 0.998754 -0.046427 0.406666 1.744730 -0.797002 0.407788 0.000000 0.000000 0.000000 -0.000001 1 4.842877388e-08
185 1.000000 -0.057191 0.406697 1.744730 -0.797002 0.407788 0.000000 0.000000 0.000000 -0.000001 1 1.844018698e-07
185 1.000000 -0.068265 0.406725 1.744730 -0.797002 0.407788 0.000000 0.000000 0.000000 -0.000001 1 6.519258022e-08
185 1.000000 -0.079629 0.406749 1.744730 -0.797002 0.407788 0.000000 0.000000 0.000000 -0.000001 1 6.426125765e-08
185 1.000000 -0.091274 0.406771 1.744730 -0.797002 0.407788 0.000000 0.000000 0.000000 -0.000001 1 6.053596735e-08
185 1.000000 -0.103186 0.406786 1.744730 -0.797002 0.407788 0.000000 0.000000 0.000000 -0.000001 1 5.960464478e-08
185 1.000000 -0.115301 0.406783 1.744730 -0.797002 0.407788 0.000000 0.000000 0.000000 -0.000001 1 5.867332220e-08
185 1.000000 -0.127365 0.406716 1.744730 -0.797002 0.407788 0.000000 0.000000 0.000000 -0.000001 1 5.774199963e-08
185 1.000000 -0.138498 0.406423 1.744730 -0.797002 0.407788 0.000000 0.000000 0.000000 -0.000001 1 5.960464478e-08
185 1.000000 -0.146537 0.405330 1.744730 -0.797002 0.407788 0.000000 0.000000 0.000000 -0.000001 1 5.494803190e-08
185 1.000000 -0.149463 0.402186 1.744730 -0.797002 0.407788 0.000000 0.000000 0.000000 -0.000001 1 7.078051567e-08
185 1.000000 -0.148549 0.396372 1.744730 -0.797002 0.407788 0.000000 0.000000 0.000000 -0.000001 1 6.053596735e-08
185 1.000000 -0.146102 0.388765 1.744730 -0.797002 0.407788 0.000000 0.000000 0.000000 -0.000001 1 6.239861250e-08
186 0.783560 -0.276473 0.325709 1.507097 -0.919315 0.345958 0.000000 0.000000 0.000000 -0.000001 1 9.313225746e-08
186 0.810369 -0.285491 0.326480 1.507097 -0.919315 0.345958 0.000000 0.000000 0.000000 -0.000001 1 6.332993507e-08
186 0.835834 -0.294373 0.326971 1.507097 -0.919315 0.345958 0.000000 0.000000 0.000000 -0.000001 1 5.960464478e-08
186 0.855820 -0.297538 0.325595 1.507097 -0.919315 0.345958 0.000000 0.000000 0.000000 -0.000001 1 5.681067705e-08
186 0.867772 -0.295891 0.321250 1.507097 -0.919315 0.345958 0.000000 0.000000 0.000000 -0.000001 1 5.774199963e-08
186 0.875954 -0.293393 0.315638 1.507097 -0.919315 0.345958 0.000000 0.000000 0.000000 -0.000001 1 1.518055797e-07
186 0.882717 -0.290825 0.309718 1.507097 -0.919315 0.345958 0.000000 0.000000 0.000000 -0.000001 1 6.519258022e-08
186 0.888862 -0.288298 0.303806 1.507097 -0.919315 0.345958 0.000000 0.000000 0.000000 -0.000001 1 5.867332220e-08
186 0.894671 -0.285830 0.298000 1.507097 -0.919315 0.345958 0.000000 0.000000 0.000000 -0.000001 1 5.029141903e-08
186 0.900240 -0.283421 0.292331 1.507097 -0.919315 0.345958 0.000000 0.000000 0.000000 -0.000001 1 4.936009645e-08
186 0.905591 -0.281075 0.286809 1.507097 -0.919315 0.345958 0.000000 0.000000 0.000000 -0.000001 1 4.470348358e-08
186 0.910719 -0.278795 0.281437 1.507097 -0.919315 0.345958 0.000000 0.000000 0.000000 -0.000001 1 3.818422556e-08
186 0.915624 -0.276583 0.276215 1.507097 -0.919315 0.345958 0.000000 0.000000 0.000000 -0.000001 1 7.543712854e-08
186 0.920313 -0.274437 0.271139 1.507097 -0.919315 0.345958 0.000000 0.000000 0.000000 -0.000001 1 6.239861250e-08
186 0.924789 -0.272356 0.266208 1.507097 -0.919315 0.345958 0.000000 0.000000 0.000000 -0.000001 1 6.332993507e-08
186 0.929061 -0.270339 0.261418 1.507097 -0.919315 0.345958 0.000000 0.000000 0.000000 -0.000001 1 6.426125765e-08
186 0.933139 -0.268383 0.256766 1.507097 -0.919315 0.345958 0.000000 0.000000 0.000000 -0.000001 1 8.475035429e-08
186 0.937034 -0.266487 0.252247 1.507097 -0.919315 0.345958 0.000000 0.000000 0.000000 -0.000001 1 6.146728992e-08
186 0.940748 -0.264651 0.247861 1.507097 -0.919315 0.345958 0.000000 0.000000 0.000000 -0.000001 1 6.053596735e-08
186 0.944306 -0.262864 0.243600 1.507097 -0.919315 0.345958 0.000000 0.000000 0.000000 -0.000001 1 6.053596735e-08
187 0.682772 -0.300000 0.168971 1.230837 -0.980105 0.270763 0.000000 0.000000 0.000000 -0.000000 1 6.053596735e-08
187 0.694726 -0.298687 0.170206 1.230837 -0.980105 0.270763 0.000000 0.000000 0.000000 -0.000000 1 5.960464478e-08
187 0.696323 -0.296761 0.171624 1.230837 -0.980105 0.270763 0.000000 0.000000 0.000000 -0.000000 1 1.536682248e-07
187 0.688219 -0.299771 0.175855 1.230837 -0.980105 0.270763 0.000000 0.000000 0.000000 -0.000001 1 5.774199963e-08
187 0.675909 -0.300000 0.183414 1.230837 -0.980105 0.270763 0.000000 0.000000 0.000000 -0.000001 1 9.126961231e-08
187 0.665770 -0.300000 0.193479 1.230837 -0.980105 0.270763 0.000000 0.000000 0.000000 -0.000001 1 5.960464478e-08
187 0.661624 -0.300000 0.203109 1.230837 -0.980105 0.270763 0.000000 0.000000 0.000000 -0.000000 1 7.078051567e-08
187 0.662638 -0.300000 0.211450 1.230837 -0.980105 0.270763 0.000000 0.000000 0.000000 -0.000000 1 6.332993507e-08
187 0.667219 -0.300000 0.218593 1.230837 -0.980105 0.270763 0.000000 0.000000 0.000000 -0.000000 1 5.401670933e-08
187 0.674056 -0.300000 0.224810 1.230837 -0.980105 0.270763 0.000000 0.000000 0.000000 -0.000000 1 6.519258022e-08
187 0.682260 -0.300000 0.230331 1.230837 -0.980105 0.270763 0.000000 0.000000 0.000000 -0.000000 1 6.239861250e-08
187 0.691256 -0.300000 0.235324 1.230837 -0.980105 0.270763 0.000000 0.000000 0.000000 -0.000000 1 5.867332220e-08
187 0.700618 -0.300000 0.239913 1.230837 -0.980105 0.270763 0.000000 0.000000 0.000000 -0.000000 1 6.239861250e-08
187 0.710026 -0.300000 0.244193 1.230837 -0.980105 0.270763 0.000000 0.000000 0.000000 -0.000000 1 5.867332220e-08
187 0.719275 -0.300000 0.248230 1.230837 -0.980105 0.270763 0.000000 0.000000 0.000000 -0.000000 1 7.171183825e-08
187 0.728260 -0.300000 0.252062 1.230837 -0.980105 0.270763 0.000000 0.000000 0.000000 -0.000000 1 6.053596735e-08
187 0.736928 -0.300000 0.255715 1.230837 -0.980105 0.270763 0.000000 0.000000 0.000000 -0.000000 1 6.146728992e-08
187 0.745255 -0.300000 0.259206 1.230837 -0.980105 0.270763 0.000000 0.000000 0.000000 -0.000000 1 6.519258022e-08
187 0.753237 -0.300000 0.262547 1.230837 -0.980105 0.270763 0.000000 0.000000 0.000000 -0.000000 1 5.867332220e-08
187 0.760878 -0.300000 0.265750 1.230837 -0.980105 0.270763 0.000000 0.000000 0.000000 -0.000000 1 1.080334187e-07
188 0.578224 -0.299342 0.232239 1.039401 -0.957706 0.234998 0.000000 0.000000 0.000000 -0.000000 1 5.681067705e-08
188 0.585214 -0.300000 0.235024 1.039401 -0.957706 0.234998 0.000000 0.000000 0.000000 -0.000000 1 6.798654795e-08
188 0.592695 -0.300000 0.237510 1.039401 -0.957706 0.234998 0.000000 0.000000 0.000000 -0.000000 1 6.426125765e-08
188 0.600541 -0.300000 0.239735 1.039401 -0.957706 0.234998 0.000000 0.000000 0.000000 -0.000000 1 6.705522537e-08
188 0.608628 -0.300000 0.241734 1.039401 -0.957706 0.234998 0.000000 0.000000 0.000000 -0.000000 1 5.681067705e-08
188 0.616828 -0.300000 0.243540 1.039401 -0.957706 0.234998 0.000000 0.000000 0.000000 -0.000000 1 6.891787052e-08
188 0.625007 -0.300000 0.245189 1.039401 -0.957706 0.234998 0.000000 0.000000 0.000000 -0.000000 1 6.146728992e-08
188 0.633050 -0.300000 0.246714 1.039401 -0.957706 0.234998 0.000000 0.000000 0.000000 -0.000000 1 5.960464478e-08
188 0.640873 -0.300000 0.248140 1.039401 -0.957706 0.234998 0.000000 0.000000 0.000000 -0.000000 1 6.519258022e-08
188 0.648427 -0.300000 0.249484 1.039401 -0.957706 0.234998 0.000000 0.000000 0.000000 -0.000000 1 5.774199963e-08
188 0.655695 -0.300000 0.250759 1.039401 -0.957706 0.234998 0.000000 0.000000 0.000000 -0.000000 1 6.332993507e-08
188 0.662684 -0.300000 0.251970 1.039401 -0.957706 0.234998 0.000000 0.000000 0.000000 -0.000000 1 6.984919310e-08
188 0.669407 -0.300000 0.253122 1.039401 -0.957706 0.234998 0.000000 0.000000 0.000000 -0.000000 1 6.705522537e-08
188 0.675871 -0.300000 0.254218 1.039401 -0.957706 0.234998 0.000000 0.000000 0.000000 -0.000000 1 6.239861250e-08
188 0.682076 -0.300000 0.255263 1.039401 -0.957706 0.234998 0.000000 0.000000 0.000000 -0.000000 1 6.426125765e-08
188 0.688020 -0.300000 0.256259 1.039401 -0.957706 0.234998 0.000000 0.000000 0.000000 -0.000000 1 5.867332220e-08
188 0.693707 -0.300000 0.257211 1.039401 -0.957706 0.234998 0.000000 0.000000 0.000000 -0.000000 1 1.657754183e-07
188 0.699139 -0.300000 0.258119 1.039401 -0.957706 0.234998 0.000000 0.000000 0.000000 -0.000000 1 6.426125765e-08
188 0.704318 -0.300000 0.258988 1.039401 -0.957706 0.234998 0.000000 0.000000 0.000000 -0.000000 1 5.681067705e-08
188 0.709243 -0.300000 0.259821 1.039401 -0.957706 0.234998 0.000000 0.000000 0.000000 -0.000000 1 7.357448339e-08
189 0.640464 -0.244413 0.338223 0.963491 -0.882579 0.312941 0.000000 0.000000 0.000000 -0.000000 1 6.798654795e-08
189 0.647080 -0.272551 0.338444 0.963491 -0.882579 0.312941 0.000000 0.000000 0.000000 -0.000000 1 6.891787052e-08
189 0.652245 -0.299973 0.338932 0.963491 -0.882579 0.312941 0.000000 0.000000 0.000000 -0.000000 1 6.146728992e-08
189 0.656533 -0.300000 0.339554 0.963491 -0.882579 0.312941 0.000000 0.000000 0.000000 -0.000000 1 5.960464478e-08
189 0.660609 -0.300000 0.340149 0.963491 -0.882579 0.312941 0.000000 0.000000 0.000000 -0.000000 1 5.681067705e-08
189 0.664474 -0.300000 0.340717 0.963491 -0.882579 0.312941 0.000000 0.000000 0.000000 -0.000000 1 4.190951586e-08
189 0.668130 -0.300000 0.341260 0.963491 -0.882579 0.312941 0.000000 0.000000 0.000000 -0.000000 1 4.377216101e-08
189 0.671597 -0.300000 0.341779 0.963491 -0.882579 0.312941 0.000000 0.000000 0.000000 -0.000000 1 5.494803190e-08
189 0.674899 -0.300000 0.342271 0.963491 -0.882579 0.312941 0.000000 0.000000 0.000000 -0.000000 1 4.190951586e-08
189 0.678060 -0.300000 0.342737 0.963491 -0.882579 0.312941 0.000000 0.000000 0.000000 -0.000000 1 4.936009645e-08
189 0.681093 -0.300000 0.343177 0.963491 -0.882579 0.312941 0.000000 0.000000 0.000000 -0.000000 1 6.239861250e-08
189 0.684006 -0.300000 0.343593 0.963491 -0.882579 0.312941 0.000000 0.000000 0.000000 -0.000000 1 5.681067705e-08
189 0.686801 -0.300000 0.343986 0.963491 -0.882579 0.312941 0.000000 0.000000 0.000000 -0.000000 1 6.612390280e-08
189 0.689488 -0.300000 0.344356 0.963491 -0.882579 0.312941 0.000000 0.000000 0.000000 -0.000000 1 1.620501280e-07
189 0.692081 -0.300000 0.344703 0.963491 -0.882579 0.312941 0.000000 0.000000 0.000000 -0.000000 1 8.009374142e-08
189 0.694588 -0.300000 0.345028 0.963491 -0.882579 0.312941 0.000000 0.000000 0.000000 -0.000000 1 6.053596735e-08
189 0.697013 -0.300000 0.345332 0.963491 -0.882579 0.312941 0.000000 0.000000 0.000000 -0.000000 1 6.146728992e-08
189 0.699350 -0.300000 0.345615 0.963491 -0.882579 0.312941 0.000000 0.000000 0.000000 -0.000000 1 5.867332220e-08
189 0.701595 -0.300000 0.345878 0.963491 -0.882579 0.312941 0.000000 0.000000 0.000000 -0.000000 1 5.867332220e-08
189 0.703740 -0.300000 0.346122 0.963491 -0.882579 0.312941 0.000000 0.000000 0.000000 -0.000000 1 5.774199963e-08
190 0.684912 -0.191242 0.468698 0.941458 -0.758836 0.435113 0.000000 0.000000 0.000000 -0.000000 1 6.332993507e-08
190 0.689213 -0.216180 0.468327 0.941458 -0.758836 0.435113 0.000000 0.000000 0.000000 -0.000000 1 5.494803190e-08
190 0.692499 -0.240387 0.468142 0.941458 -0.758836 0.435113 0.000000 0.000000 0.000000 -0.000000 1 6.146728992e-08
190 0.694832 -0.263854 0.468137 0.941458 -0.758836 0.435113 0.000000 0.000000 0.000000 -0.000000 1 1.657754183e-07
190 0.696257 -0.286576 0.468306 0.941458 -0.758836 0.435113 0.000000 0.000000 0.000000 -0.000000 1 6.798654795e-08
190 0.696847 -0.300000 0.468635 0.941458 -0.758836 0.435113 0.000000 0.000000 0.000000 -0.000000 1 5.867332220e-08
190 0.697157 -0.300000 0.468981 0.941458 -0.758836 0.435113 0.000000 0.000000 0.000000 -0.000000 1 5.960464478e-08
190 0.697337 -0.300000 0.469305 0.941458 -0.758836 0.435113 0.000000 0.000000 0.000000 -0.000000 1 5.681067705e-08
190 0.697390 -0.300000 0.469606 0.941458 -0.758836 0.435113 0.000000 0.000000 0.000000 -0.000000 1 6.332993507e-08
190 0.697329 -0.300000 0.469887 0.941458 -0.758836 0.435113 0.000000 0.000000 0.000000 -0.000000 1 5.960464478e-08
190 0.697172 -0.300000 0.470147 0.941458 -0.758836 0.435113 0.000000 0.000000 0.000000 -0.000000 1 1.545995474e-07
190 0.696935 -0.300000 0.470388 0.941458 -0.758836 0.435113 0.000000 0.000000 0.000000 -0.000000 1 5.774199963e-08
190 0.696629 -0.300000 0.470611 0.941458 -0.758836 0.435113 0.000000 0.000000 0.000000 -0.000000 1 6.053596735e-08
190 0.696258 -0.300000 0.470818 0.941458 -0.758836 0.435113 0.000000 0.000000 0.000000 -0.000001 1 5.774199963e-08
190 0.695824 -0.300000 0.471008 0.941458 -0.758836 0.435113 0.000000 0.000000 0.000000 -0.000001 1 5.681067705e-08
190 0.695326 -0.300000 0.471182 0.941458 -0.758836 0.435113 0.000000 0.000000 0.000000 -0.000001 1 5.960464478e-08
190 0.694765 -0.300000 0.471340 0.941458 -0.758836 0.435113 0.000000 0.000000 0.000000 -0.000001 1 5.587935448e-08
190 0.694143 -0.300000 0.471483 0.941458 -0.758836 0.435113 0.000000 0.000000 0.000000 -0.000001 1 6.239861250e-08
190 0.693465 -0.300000 0.471611 0.941458 -0.758836 0.435113 0.000000 0.000000 0.000000 -0.000001 1 5.587935448e-08
190 0.692741 -0.300000 0.471724 0.941458 -0.758836 0.435113 0.000000 0.000000 0.000000 -0.000001 1 5.681067705e-08
191 0.550009 -0.242582 0.432498 0.797835 -0.691692 0.396332 0.000000 0.000000 0.000000 -0.000000 1 5.681067705e-08
191 0.551638 -0.262439 0.432099 0.797835 -0.691692 0.396332 0.000000 0.000000 0.000000 -0.000000 1 6.146728992e-08
191 0.552603 -0.281529 0.431825 0.797835 -0.691692 0.396332 0.000000 0.000000 0.000000 -0.000000 1 6.053596735e-08
191 0.552958 -0.299866 0.431671 0.797835 -0.691692 0.396332 0.000000 0.000000 0.000000 -0.000000 1 1.210719347e-07
191 0.552973 -0.300000 0.431582 0.797835 -0.691692 0.396332 0.000000 0.000000 0.000000 -0.000000 1 6.239861250e-08
191 0.552940 -0.300000 0.431491 0.797835 -0.691692 0.396332 0.000000 0.000000 0.000000 -0.000000 1 5.960464478e-08
191 0.552871 -0.300000 0.431399 0.797835 -0.691692 0.396332 0.000000 0.000000 0.000000 -0.000000 1 1.490116119e-08
191 0.552781 -0.300000 0.431306 0.797835 -0.691692 0.396332 0.000000 0.000000 0.000000 -0.000000 1 7.636845112e-08
191 0.552682 -0.300000 0.431211 0.797835 -0.691692 0.396332 0.000000 0.000000 0.000000 -0.000000 1 6.984919310e-08
191 0.552582 -0.300000 0.431116 0.797835 -0.691692 0.396332 0.000000 0.000000 0.000000 -0.000000 1 5.587935448e-08
191 0.552484 -0.300000 0.431021 0.797835 -0.691692 0.396332 0.000000 0.000000 0.000000 -0.000000 1 4.377216101e-08
191 0.552388 -0.300000 0.430925 0.797835 -0.691692 0.396332 0.000000 0.000000 0.000000 -0.000000 1 5.029141903e-08
191 0.552290 -0.300000 0.430830 0.797835 -0.691692 0.396332 0.000000 0.000000 0.000000 -0.000000 1 7.078051567e-08
191 0.552194 -0.300000 0.430734 0.797835 -0.691692 0.396332 0.000000 0.000000 0.000000 -0.000000 1 6.798654795e-08
191 0.552107 -0.300000 0.430639 0.797835 -0.691692 0.396332 0.000000 0.000000 0.000000 -0.000000 1 5.867332220e-08
191 0.552041 -0.300000 0.430544 0.797835 -0.691692 0.396332 0.000000 0.000000 0.000000 -0.000000 1 6.332993507e-08
191 0.551997 -0.300000 0.430449 0.797835 -0.691692 0.396332 0.000000 0.000000 0.000000 -0.000000 1 9.778887033e-08
191 0.551967 -0.300000 0.430353 0.797835 -0.691692 0.396332 0.000000 0.000000 0.000000 -0.000000 1 6.053596735e-08
191 0.551936 -0.300000 0.430257 0.797835 -0.691692 0.396332 0.000000 0.000000 0.000000 -0.000000 1 8.381903172e-08
191 0.551890 -0.300000 0.430158 0.797835 -0.691692 0.396332 0.000000 0.000000 0.000000 -0.000000 1 1.424923539e-07
192 0.528364 -0.131410 0.594954 0.772486 -0.516939 0.560925 0.000000 0.000000 0.000000 -0.000000 1 5.587935448e-08
192 0.531281 -0.148640 0.594148 0.772486 -0.516939 0.560925 0.000000 0.000000 0.000000 -0.000000 1 6.053596735e-08
192 0.533692 -0.165231 0.593435 0.772486 -0.516939 0.560925 0.000000 0.000000 0.000000 -0.000000 1 5.029141903e-08
192 0.535635 -0.181199 0.592813 0.772486 -0.516939 0.560925 0.000000 0.000000 0.000000 -0.000000 1 3.632158041e-08
192 0.537135 -0.196561 0.592277 0.772486 -0.516939 0.560925 0.000000 0.000000 0.000000 -0.000000 1 7.636845112e-08
192 0.538200 -0.211321 0.591823 0.772486 -0.516939 0.560925 0.000000 0.000000 0.000000 -0.000000 1 2.980232239e-08
192 0.538840 -0.225485 0.591447 0.772486 -0.516939 0.560925 0.000000 0.000000 0.000000 -0.000000 1 6.053596735e-08
192 0.539075 -0.239057 0.591143 0.772486 -0.516939 0.560925 0.000000 0.000000 0.000000 -0.000000 1 5.867332220e-08
192 0.538935 -0.252049 0.590906 0.772486 -0.516939 0.560925 0.000000 0.000000 0.000000 -0.000000 1 5.960464478e-08
192 0.538452 -0.264473 0.590733 0.772486 -0.516939 0.560925 0.000000 0.000000 0.000000 -0.000000 1 5.960464478e-08
192 0.537659 -0.276350 0.590619 0.772486 -0.516939 0.560925 0.000000 0.000000 0.000000 -0.000000 1 5.960464478e-08
192 0.536587 -0.287699 0.590563 0.772486 -0.516939 0.560925 0.000000 0.000000 0.000000 -0.000000 1 6.426125765e-08
192 0.535263 -0.298541 0.590560 0.772486 -0.516939 0.560925 0.000000 0.000000 0.000000 -0.000000 1 6.426125765e-08
192 0.533780 -0.300000 0.590590 0.772486 -0.516939 0.560925 0.000000 0.000000 0.000000 -0.000000 1 5.774199963e-08
192 0.532290 -0.300000 0.590612 0.772486 -0.516939 0.560925 0.000000 0.000000 0.000000 -0.000000 1 5.774199963e-08
192 0.530796 -0.300000 0.590626 0.772486 -0.516939 0.560925 0.000000 0.000000 0.000000 -0.000000 1 6.239861250e-08
192 0.529296 -0.300000 0.590630 0.772486 -0.516939 0.560925 0.000000 0.000000 0.000000 -0.000000 1 5.867332220e-08
192 0.527792 -0.300000 0.590626 0.772486 -0.516939 0.560925 0.000000 0.000000 0.000000 -0.000000 1 6.146728992e-08
192 0.526288 -0.300000 0.590614 0.772486 -0.516939 0.560925 0.000000 0.000000 0.000000 -0.000000 1 5.867332220e-08
192 0.524786 -0.300000 0.590594 0.772486 -0.516939 0.560925 0.000000 0.000000 0.000000 -0.000000 1 5.960464478e-08
193 0.450011 -0.192080 0.586978 0.697760 -0.405530 0.557614 0.000000 0.000000 0.000000 -0.000000 1 5.774199963e-08
193 0.450385 -0.202002 0.586485 0.697760 -0.405530 0.557614 0.000000 0.000000 0.000000 -0.000000 1 6.891787052e-08
193 0.450552 -0.211473 0.586043 0.697760 -0.405530 0.557614 0.000000 0.000000 0.000000 -0.000000 1 5.867332220e-08
193 0.450533 -0.220515 0.585651 0.697760 -0.405530 0.557614 0.000000 0.000000 0.000000 -0.000000 1 9.965151548e-08
193 0.450347 -0.229149 0.585306 0.697760 -0.405530 0.557614 0.000000 0.000000 0.000000 -0.000000 1 1.071020961e-07
193 0.450013 -0.237398 0.585007 0.697760 -0.405530 0.557614 0.000000 0.000000 0.000000 -0.000000 1 5.774199963e-08
193 0.449545 -0.245281 0.584752 0.697760 -0.405530 0.557614 0.000000 0.000000 0.000000 -0.000000 1 5.867332220e-08
193 0.448956 -0.252820 0.584541 0.697760 -0.405530 0.557614 0.000000 0.000000 0.000000 -0.000000 1 7.078051567e-08
193 0.448254 -0.260029 0.584371 0.697760 -0.405530 0.557614 0.000000 0.000000 0.000000 -0.000000 1 6.519258022e-08
193 0.447444 -0.266921 0.584240 0.697760 -0.405530 0.557614 0.000000 0.000000 0.000000 -0.000000 1 5.774199963e-08
193 0.446532 -0.273508 0.584149 0.697760 -0.405530 0.557614 0.000000 0.000000 0.000000 -0.000000 1 6.798654795e-08
193 0.445519 -0.279798 0.584095 0.697760 -0.405530 0.557614 0.000000 0.000000 0.000000 -0.000000 1 1.294538379e-07
193 0.444405 -0.285791 0.584077 0.697760 -0.405530 0.557614 0.000000 0.000000 0.000000 -0.000000 1 6.146728992e-08
193 0.443191 -0.291487 0.584093 0.697760 -0.405530 0.557614 0.000000 0.000000 0.000000 -0.000000 1 6.146728992e-08
193 0.441875 -0.296886 0.584143 0.697760 -0.405530 0.557614 0.000000 0.000000 0.000000 -0.000000 1 5.681067705e-08
193 0.440462 -0.300000 0.584225 0.697760 -0.405530 0.557614 0.000000 0.000000 0.000000 -0.000000 1 6.146728992e-08
193 0.439026 -0.300000 0.584319 0.697760 -0.405530 0.557614 0.000000 0.000000 0.000000 -0.000000 1 6.332993507e-08
193 0.437588 -0.300000 0.584416 0.697760 -0.405530 0.557614 0.000000 0.000000 0.000000 -0.000000 1 1.639127731e-07
193 0.436149 -0.300000 0.584513 0.697760 -0.405530 0.557614 0.000000 0.000000 0.000000 -0.000000 1 1.564621925e-07
193 0.434710 -0.300000 0.584608 0.697760 -0.405530 0.557614 0.000000 0.000000 0.000000 -0.000000 1 5.681067705e-08
194 0.445663 -0.091983 0.800071 0.722446 -0.195294 0.771128 0.000000 0.000000 0.000000 -0.000000 1 5.960464478e-08
194 0.446553 -0.098448 0.799277 0.722446 -0.195294 0.771128 0.000000 0.000000 0.000000 -0.000000 1 8.381903172e-08
194 0.447309 -0.104615 0.798531 0.722446 -0.195294 0.771128 0.000000 0.000000 0.000000 -0.000000 1 4.377216101e-08
194 0.447945 -0.110502 0.797830 0.722446 -0.195294 0.771128 0.000000 0.000000 0.000000 -0.000000 1 5.587935448e-08
194 0.448468 -0.116116 0.797172 0.722446 -0.195294 0.771128 0.000000 0.000000 0.000000 -0.000000 1 6.146728992e-08
194 0.448879 -0.121449 0.796551 0.722446 -0.195294 0.771128 0.000000 0.000000 0.000000 -0.000000 1 3.352761269e-08
194 0.449178 -0.126484 0.795960 0.722446 -0.195294 0.771128 0.000000 0.000000 0.000000 -0.000000 1 3.259629011e-08
194 0.449375 -0.131220 0.795395 0.722446 -0.195294 0.771128 0.000000 0.000000 0.000000 -0.000000 1 6.332993507e-08
194 0.449482 -0.135668 0.794854 0.722446 -0.195294 0.771128 0.000000 0.000000 0.000000 -0.000000 1 3.818422556e-08
194 0.449513 -0.139842 0.794335 0.722446 -0.195294 0.771128 0.000000 0.000000 0.000000 -0.000000 1 6.239861250e-08
194 0.449478 -0.143757 0.793836 0.722446 -0.195294 0.771128 0.000000 0.000000 0.000000 -0.000000 1 6.053596735e-08
194 0.449385 -0.147423 0.793357 0.722446 -0.195294 0.771128 0.000000 0.000000 0.000000 -0.000000 1 6.053596735e-08
194 0.449243 -0.150850 0.792896 0.722446 -0.195294 0.771128 0.000000 0.000000 0.000000 -0.000000 1 5.681067705e-08
194 0.449058 -0.154048 0.792451 0.722446 -0.195294 0.771128 0.000000 0.000000 0.000000 -0.000000 1 6.146728992e-08
194 0.448838 -0.157025 0.792020 0.722446 -0.195294 0.771128 0.000000 0.000000 0.000000 -0.000000 1 6.146728992e-08
194 0.448590 -0.159787 0.791602 0.722446 -0.195294 0.771128 0.000000 0.000000 0.000000 -0.000000 1 1.229345798e-07
194 0.448321 -0.162336 0.791193 0.722446 -0.195294 0.771128 0.000000 0.000000 0.000000 -0.000000 1 5.587935448e-08
194 0.448039 -0.164678 0.790793 0.722446 -0.195294 0.771128 0.000000 0.000000 0.000000 -0.000000 1 5.122274160e-08
194 0.447751 -0.166826 0.790401 0.722446 -0.195294 0.771128 0.000000 0.000000 0.000000 -0.000000 1 3.911554813e-08
194 0.447462 -0.168797 0.790017 0.722446 -0.195294 0.771128 0.000000 0.000000 0.000000 -0.000000 1 5.494803190e-08
195 0.425573 -0.052364 0.718669 0.699578 -0.077568 0.700548 0.000000 0.000000 0.000000 -0.000000 1 5.587935448e-08
195 0.426430 -0.054171 0.717940 0.699578 -0.077568 0.700548 0.000000 0.000000 0.000000 -0.000000 1 2.328306437e-08
195 0.427280 -0.055822 0.717233 0.699578 -0.077568 0.700548 0.000000 0.000000 0.000000 -0.000000 1 5.774199963e-08
195 0.428125 -0.057327 0.716548 0.699578 -0.077568 0.700548 0.000000 0.000000 0.000000 -0.000000 1 5.867332220e-08
195 0.428969 -0.058697 0.715883 0.699578 -0.077568 0.700548 0.000000 0.000000 0.000000 -0.000000 1 6.053596735e-08
195 0.429816 -0.059945 0.715239 0.699578 -0.077568 0.700548 0.000000 0.000000 0.000000 -0.000000 1 5.960464478e-08
195 0.430668 -0.061080 0.714614 0.699578 -0.077568 0.700548 0.000000 0.000000 0.000000 -0.000000 1 6.146728992e-08
195 0.431526 -0.062112 0.714009 0.699578 -0.077568 0.700548 0.000000 0.000000 0.000000 -0.000000 1 6.239861250e-08
195 0.432389 -0.063057 0.713424 0.699578 -0.077568 0.700548 0.000000 0.000000 0.000000 -0.000000 1 6.053596735e-08
195 0.433257 -0.063935 0.712861 0.699578 -0.077568 0.700548 0.000000 0.000000 0.000000 -0.000000 1 1.629814506e-07
195 0.434127 -0.064757 0.712319 0.699578 -0.077568 0.700548 0.000000 0.000000 0.000000 -0.000000 1 5.867332220e-08
195 0.434998 -0.065531 0.711799 0.699578 -0.077568 0.700548 0.000000 0.000000 0.000000 -0.000000 1 5.960464478e-08
195 0.435872 -0.066260 0.711299 0.699578 -0.077568 0.700548 0.000000 0.000000 0.000000 -0.000000 1 1.629814506e-07
195 0.436748 -0.066946 0.710820 0.699578 -0.077568 0.700548 0.000000 0.000000 0.000000 -0.000000 1 6.239861250e-08
195 0.437627 -0.067590 0.710359 0.699578 -0.077568 0.700548 0.000000 0.000000 0.000000 -0.000000 1 6.332993507e-08
195 0.438511 -0.068198 0.709916 0.699578 -0.077568 0.700548 0.000000 0.000000 0.000000 -0.000000 1 5.960464478e-08
195 0.439399 -0.068773 0.709492 0.699578 -0.077568 0.700548 0.000000 0.000000 0.000000 -0.000000 1 6.146728992e-08
195 0.440294 -0.069310 0.709083 0.699578 -0.077568 0.700548 0.000000 0.000000 0.000000 -0.000000 1 6.053596735e-08
195 0.441199 -0.069800 0.708688 0.699578 -0.077568 0.700548 0.000000 0.000000 0.000000 -0.000000 1 6.332993507e-08
195 0.442117 -0.070235 0.708305 0.699578 -0.077568 0.700548 0.000000 0.000000 0.000000 -0.000000 1 6.612390280e-08
196 0.440779 0.120815 0.813559 0.761426 0.113719 0.806313 0.000000 0.000000 0.000000 -0.000000 1 9.033828974e-08
196 0.442629 0.119474 0.812589 0.761426 0.113719 0.806313 0.000000 0.000000 0.000000 -0.000000 1 6.053596735e-08
196 0.444469 0.118236 0.811660 0.761426 0.113719 0.806313 0.000000 0.000000 0.000000 -0.000000 1 5.587935448e-08
196 0.446301 0.117093 0.810769 0.761426 0.113719 0.806313 0.000000 0.000000 0.000000 -0.000000 1 5.960464478e-08
196 0.448125 0.116043 0.809914 0.761426 0.113719 0.806313 0.000000 0.000000 0.000000 -0.000000 1 6.612390280e-08
196 0.449944 0.115098 0.809093 0.761426 0.113719 0.806313 0.000000 0.000000 0.000000 -0.000000 1 5.867332220e-08
196 0.451764 0.114269 0.808300 0.761426 0.113719 0.806313 0.000000 0.000000 0.000000 -0.000000 1 5.960464478e-08
196 0.453590 0.113562 0.807534 0.761426 0.113719 0.806313 0.000000 0.000000 0.000000 -0.000000 1 5.681067705e-08
196 0.455425 0.112972 0.806793 0.761426 0.113719 0.806313 0.000000 0.000000 0.000000 -0.000000 1 8.195638657e-08
196 0.457273 0.112490 0.806076 0.761426 0.113719 0.806313 0.000000 0.000000 0.000000 -0.000000 1 8.568167686e-08
196 0.459134 0.112105 0.805383 0.761426 0.113719 0.806313 0.000000 0.000000 0.000000 -0.000000 1 7.450580597e-08
196 0.461008 0.111806 0.804714 0.761426 0.113719 0.806313 0.000000 0.000000 0.000000 -0.000000 1 5.960464478e-08
196 0.462896 0.111582 0.804068 0.761426 0.113719 0.806313 0.000000 0.000000 0.000000 -0.000000 1 5.960464478e-08
196 0.464797 0.111427 0.803445 0.761426 0.113719 0.806313 0.000000 0.000000 0.000000 -0.000000 1 6.053596735e-08
196 0.466713 0.111341 0.802844 0.761426 0.113719 0.806313 0.000000 0.000000 0.000000 -0.000000 1 6.332993507e-08
196 0.468648 0.111325 0.802262 0.761426 0.113719 0.806313 0.000000 0.000000 0.000000 -0.000000 1 6.053596735e-08
196 0.470604 0.111376 0.801700 0.761426 0.113719 0.806313 0.000000 0.000000 0.000000 -0.000000 1 7.078051567e-08
196 0.472585 0.111495 0.801156 0.761426 0.113719 0.806313 0.000000 0.000000 0.000000 -0.000000 1 6.146728992e-08
196 0.474594 0.111678 0.800629 0.761426 0.113719 0.806313 0.000000 0.000000 0.000000 -0.000000 1 6.612390280e-08
196 0.476629 0.111918 0.800119 0.761426 0.113719 0.806313 0.000000 0.000000 0.000000 -0.000000 1 6.519258022e-08
197 0.485324 0.229005 0.755681 0.809965 0.228951 0.765943 0.000000 0.000000 0.000000 -0.000004 1 6.519258022e-08
197 0.487641 0.229010 0.754866 0.809965 0.228951 0.765943 0.000000 0.000000 0.000000 -0.000000 1 5.960464478e-08
197 0.489972 0.229070 0.754084 0.809965 0.228951 0.765943 0.000000 0.000000 0.000000 -0.000000 1 6.426125765e-08
197 0.492315 0.229180 0.753334 0.809965 0.228951 0.765943 0.000000 0.000000 0.000000 -0.000000 1 5.587935448e-08
197 0.494672 0.229332 0.752616 0.809965 0.228951 0.765943 0.000000 0.000000 0.000000 -0.000000 1 6.612390280e-08
197 0.497044 0.229527 0.751927 0.809965 0.228951 0.765943 0.000000 0.000000 0.000000 -0.000000 1 5.494803190e-08
197 0.499435 0.229767 0.751266 0.809965 0.228951 0.765943 0.000000 0.000000 0.000000 -0.000000 1 1.620501280e-07
197 0.501845 0.230054 0.750629 0.809965 0.228951 0.765943 0.000000 0.000000 0.000000 -0.000000 1 5.867332220e-08
197 0.504276 0.230384 0.750016 0.809965 0.228951 0.765943 0.000000 0.000000 0.000000 -0.000000 1 5.587935448e-08
197 0.506727 0.230747 0.749427 0.809965 0.228951 0.765943 0.000000 0.000000 0.000000 -0.000000 1 6.519258022e-08
197 0.509193 0.231136 0.748861 0.809965 0.228951 0.765943 0.000000 0.000000 0.000000 -0.000000 1 6.705522537e-08
197 0.511673 0.231542 0.748320 0.809965 0.228951 0.765943 0.000000 0.000000 0.000000 -0.000000 1 7.357448339e-08
197 0.514163 0.231960 0.747803 0.809965 0.228951 0.765943 0.000000 0.000000 0.000000 -0.000000 1 6.612390280e-08
197 0.516665 0.232388 0.747310 0.809965 0.228951 0.765943 0.000000 0.000000 0.000000 -0.000000 1 6.332993507e-08
197 0.519177 0.232826 0.746840 0.809965 0.228951 0.765943 0.000000 0.000000 0.000000 -0.000000 1 5.960464478e-08
197 0.521703 0.233272 0.746391 0.809965 0.228951 0.765943 0.000000 0.000000 0.000000 -0.000000 1 4.284083843e-08
197 0.524242 0.233728 0.745961 0.809965 0.228951 0.765943 0.000000 0.000000 0.000000 -0.000000 1 3.445893526e-08
197 0.526798 0.234193 0.745547 0.809965 0.228951 0.765943 0.000000 0.000000 0.000000 -0.000000 1 4.470348358e-08
197 0.529372 0.234666 0.745149 0.809965 0.228951 0.765943 0.000000 0.000000 0.000000 -0.000000 1 7.171183825e-08
197 0.531963 0.235144 0.744765 0.809965 0.228951 0.765943 0.000000 0.000000 0.000000 -0.000000 1 5.494803190e-08
198 0.548334 0.291812 0.683671 0.856697 0.282010 0.710254 0.000000 0.000000 0.000000 -0.000002 1 6.798654795e-08
198 0.550778 0.291722 0.683076 0.856697 0.282010 0.710254 0.000000 0.000000 0.000000 -0.000000 1 5.681067705e-08
198 0.553223 0.291656 0.682510 0.856697 0.282010 0.710254 0.000000 0.000000 0.000000 -0.000000 1 6.332993507e-08
198 0.555670 0.291613 0.681972 0.856697 0.282010 0.710254 0.000000 0.000000 0.000000 -0.000000 1 1.648440957e-07
198 0.558119 0.291583 0.681454 0.856697 0.282010 0.710254 0.000000 0.000000 0.000000 -0.000000 1 6.705522537e-08
198 0.560573 0.291545 0.680947 0.856697 0.282010 0.710254 0.000000 0.000000 0.000000 -0.000000 1 5.587935448e-08
198 0.563036 0.291470 0.680439 0.856697 0.282010 0.710254 0.000000 0.000000 0.000000 -0.000000 1 5.774199963e-08
198 0.565511 0.291328 0.679920 0.856697 0.282010 0.710254 0.000000 0.000000 0.000000 -0.000000 1 6.612390280e-08
198 0.568003 0.291087 0.679378 0.856697 0.282010 0.710254 0.000000 0.000000 0.000000 -0.000000 1 6.332993507e-08
198 0.570516 0.290726 0.678811 0.856697 0.282010 0.710254 0.000000 0.000000 0.000000 -0.000000 1 6.239861250e-08
198 0.573052 0.290252 0.678220 0.856697 0.282010 0.710254 0.000000 0.000000 0.000000 -0.000000 1 6.332993507e-08
198 0.575610 0.289693 0.677614 0.856697 0.282010 0.710254 0.000000 0.000000 0.000000 -0.000000 1 5.960464478e-08
198 0.578184 0.289090 0.677005 0.856697 0.282010 0.710254 0.000000 0.000000 0.000000 -0.000000 1 5.960464478e-08
198 0.580770 0.288462 0.676398 0.856697 0.282010 0.710254 0.000000 0.000000 0.000000 -0.000000 1 7.450580597e-08
198 0.583373 0.287791 0.675787 0.856697 0.282010 0.710254 0.000000 0.000000 0.000000 -0.000000 1 5.960464478e-08
198 0.586007 0.287030 0.675154 0.856697 0.282010 0.710254 0.000000 0.000000 0.000000 -0.000000 1 6.332993507e-08
198 0.588694 0.286117 0.674480 0.856697 0.282010 0.710254 0.000000 0.000000 0.000000 -0.000000 1 6.239861250e-08
198 0.591466 0.284998 0.673750 0.856697 0.282010 0.710254 0.000000 0.000000 0.000000 -0.000000 1 6.053596735e-08
198 0.594358 0.283637 0.672956 0.856697 0.282010 0.710254 0.000000 0.000000 0.000000 -0.000000 1 5.681067705e-08
198 0.597335 0.282152 0.672137 0.856697 0.282010 0.710254 0.000000 0.000000 0.000000 -0.000000 1 5.681067705e-08
199 0.647798 0.250598 0.536489 0.943343 0.258978 0.588196 0.000000 0.000000 0.000000 -0.000001 1 1.639127731e-07
199 0.650551 0.253309 0.536883 0.943343 0.258978 0.588196 0.000000 0.000000 0.000000 -0.000000 1 6.239861250e-08
199 0.653265 0.255883 0.537262 0.943343 0.258978 0.588196 0.000000 0.000000 0.000000 -0.000000 1 6.426125765e-08
199 0.655939 0.258323 0.537626 0.943343 0.258978 0.588196 0.000000 0.000000 0.000000 -0.000000 1 5.960464478e-08
199 0.658577 0.260633 0.537976 0.943343 0.258978 0.588196 0.000000 0.000000 0.000000 -0.000000 1 5.867332220e-08
199 0.661180 0.262818 0.538315 0.943343 0.258978 0.588196 0.000000 0.000000 0.000000 -0.000000 1 6.332993507e-08
199 0.663749 0.264880 0.538642 0.943343 0.258978 0.588196 0.000000 0.000000 0.000000 -0.000000 1 5.681067705e-08
199 0.666286 0.266824 0.538958 0.943343 0.258978 0.588196 0.000000 0.000000 0.000000 -0.000000 1 6.146728992e-08
199 0.668793 0.268655 0.539266 0.943343 0.258978 0.588196 0.000000 0.000000 0.000000 -0.000000 1 5.774199963e-08
199 0.671272 0.270379 0.539567 0.943343 0.258978 0.588196 0.000000 0.000000 0.000000 -0.000000 1 5.587935448e-08
199 0.673725 0.272003 0.539864 0.943343 0.258978 0.588196 0.000000 0.000000 0.000000 -0.000000 1 6.239861250e-08
199 0.676153 0.273537 0.540156 0.943343 0.258978 0.588196 0.000000 0.000000 0.000000 -0.000000 1 6.239861250e-08
199 0.678559 0.274984 0.540446 0.943343 0.258978 0.588196 0.000000 0.000000 0.000000 -0.000000 1 5.867332220e-08
199 0.680944 0.276349 0.540731 0.943343 0.258978 0.588196 0.000000 0.000000 0.000000 -0.000000 1 5.960464478e-08
199 0.683309 0.277631 0.541012 0.943343 0.258978 0.588196 0.000000 0.000000 0.000000 -0.000000 1 6.053596735e-08
199 0.685654 0.278828 0.541287 0.943343 0.258978 0.588196 0.000000 0.000000 0.000000 -0.000000 1 6.239861250e-08
199 0.687980 0.279939 0.541556 0.943343 0.258978 0.588196 0.000000 0.000000 0.000000 -0.000000 1 7.729977369e-08
199 0.690286 0.280963 0.541818 0.943343 0.258978 0.588196 0.000000 0.000000 0.000000 -0.000000 1 1.294538379e-07
199 0.692575 0.281902 0.542076 0.943343 0.258978 0.588196 0.000000 0.000000 0.000000 -0.000000 1 6.612390280e-08
199 0.694849 0.282764 0.542331 0.943343 0.258978 0.588196 0.000000 0.000000 0.000000 -0.000000 1 7.916241884e-08
199 0.697111 0.283562 0.542585 0.943343 0.258978 0.588196 0.000000 0.000000 0.000000 -0.000000 1 6.146728992e-08
200 0.693741 0.300000 0.598585 0.975719 0.275460 0.651650 0.000000 0.000000 0.000000 -0.000000 1 6.332993507e-08
200 0.696070 0.300000 0.598778 0.975719 0.275460 0.651650 0.000000 0.000000 0.000000 -0.000000 1 6.239861250e-08
200 0.698411 0.300000 0.598984 0.975719 0.275460 0.651650 0.000000 0.000000 0.000000 -0.000000 1 6.426125765e-08
200 0.700758 0.300000 0.599197 0.975719 0.275460 0.651650 0.000000 0.000000 0.000000 -0.000000 1 5.587935448e-08
200 0.703107 0.300000 0.599408 0.975719 0.275460 0.651650 0.000000 0.000000 0.000000 -0.000000 1 6.426125765e-08
200 0.705449 0.300000 0.599609 0.975719 0.275460 0.651650 0.000000 0.000000 0.000000 -0.000000 1 6.705522537e-08
200 0.707779 0.300000 0.599789 0.975719 0.275460 0.651650 0.000000 0.000000 0.000000 -0.000000 1 5.960464478e-08
200 0.710090 0.300000 0.599941 0.975719 0.275460 0.651650 0.000000 0.000000 0.000000 -0.000000 1 6.705522537e-08
200 0.712383 0.299993 0.600057 0.975719 0.275460 0.651650 0.000000 0.000000 0.000000 -0.000000 1 6.053596735e-08
200 0.714665 0.299801 0.600134 0.975719 0.275460 0.651650 0.000000 0.000000 0.000000 -0.000000 1 6.519258022e-08
200 0.716953 0.299349 0.600173 0.975719 0.275460 0.651650 0.000000 0.000000 0.000000 -0.000000 1 4.190951586e-08
200 0.719259 0.298685 0.600185 0.975719 0.275460 0.651650 0.000000 0.000000 0.000000 -0.000000 1 3.445893526e-08
200 0.721592 0.297863 0.600177 0.975719 0.275460 0.651650 0.000000 0.000000 0.000000 -0.000000 1 5.587935448e-08
200 0.723963 0.296873 0.600150 0.975719 0.275460 0.651650 0.000000 0.000000 0.000000 -0.000000 1 1.816079021e-07
200 0.726401 0.295645 0.600095 0.975719 0.275460 0.651650 0.000000 0.000000 0.000000 -0.000000 1 8.940696716e-08
200 0.728953 0.294112 0.600010 0.975719 0.275460 0.651650 0.000000 0.000000 0.000000 -0.000000 1 6.612390280e-08
200 0.731691 0.292212 0.599898 0.975719 0.275460 0.651650 0.000000 0.000000 0.000000 -0.000000 1 5.960464478e-08
200 0.734693 0.289936 0.599774 0.975719 0.275460 0.651650 0.000000 0.000000 0.000000 -0.000000 1 1.220032573e-07
200 0.737894 0.287482 0.599651 0.975719 0.275460 0.651650 0.000000 0.000000 0.000000 -0.000000 1 9.965151548e-08
200 0.741047 0.285197 0.599526 0.975719 0.275460 0.651650 0.000000 0.000000 0.000000 -0.000000 1 5.774199963e-08
201 0.792317 0.227531 0.508672 1.033322 0.218992 0.564007 0.000000 0.000000 0.000000 -0.000000 1 7.543712854e-08
201 0.795302 0.230012 0.509313 1.033322 0.218992 0.564007 0.000000 0.000000 0.000000 -0.000000 1 6.984919310e-08
201 0.798240 0.232370 0.509934 1.033322 0.218992 0.564007 0.000000 0.000000 0.000000 -0.000000 1 5.774199963e-08
201 0.801132 0.234608 0.510535 1.033322 0.218992 0.564007 0.000000 0.000000 0.000000 -0.000000 1 5.681067705e-08
201 0.803982 0.236732 0.511119 1.033322 0.218992 0.564007 0.000000 0.000000 0.000000 -0.000000 1 5.774199963e-08
201 0.806791 0.238744 0.511686 1.033322 0.218992 0.564007 0.000000 0.000000 0.000000 -0.000000 1 9.872019291e-08
201 0.809563 0.240648 0.512236 1.033322 0.218992 0.564007 0.000000 0.000000 0.000000 -0.000000 1 5.774199963e-08
201 0.812296 0.242448 0.512772 1.033322 0.218992 0.564007 0.000000 0.000000 0.000000 -0.000000 1 8.288770914e-08
201 0.814989 0.244143 0.513294 1.033322 0.218992 0.564007 0.000000 0.000000 0.000000 -0.000000 1 8.009374142e-08
201 0.817643 0.245738 0.513804 1.033322 0.218992 0.564007 0.000000 0.000000 0.000000 -0.000000 1 7.916241884e-08
201 0.820255 0.247236 0.514306 1.033322 0.218992 0.564007 0.000000 0.000000 0.000000 -0.000000 1 1.620501280e-07
201 0.822827 0.248640 0.514800 1.033322 0.218992 0.564007 0.000000 0.000000 0.000000 -0.000000 1 6.239861250e-08
201 0.825361 0.249953 0.515288 1.033322 0.218992 0.564007 0.000000 0.000000 0.000000 -0.000000 1 6.053596735e-08
201 0.827860 0.251181 0.515771 1.033322 0.218992 0.564007 0.000000 0.000000 0.000000 -0.000000 1 5.774199963e-08
201 0.830324 0.252325 0.516249 1.033322 0.218992 0.564007 0.000000 0.000000 0.000000 -0.000000 1 5.587935448e-08
201 0.832757 0.253390 0.516723 1.033322 0.218992 0.564007 0.000000 0.000000 0.000000 -0.000000 1 6.053596735e-08
201 0.835160 0.254376 0.517194 1.033322 0.218992 0.564007 0.000000 0.000000 0.000000 -0.000000 1 6.146728992e-08
201 0.837536 0.255284 0.517664 1.033322 0.218992 0.564007 0.000000 0.000000 0.000000 -0.000000 1 6.146728992e-08
201 0.839886 0.256117 0.518132 1.033322 0.218992 0.564007 0.000000 0.000000 0.000000 -0.000000 1 5.867332220e-08
201 0.842210 0.256878 0.518601 1.033322 0.218992 0.564007 0.000000 0.000000 0.000000 -0.000000 1 6.332993507e-08
202 0.811846 0.250796 0.599942 1.000023 0.212663 0.644348 0.000000 0.000000 0.000000 -0.000000 1 5.587935448e-08
202 0.814464 0.251152 0.600522 1.000023 0.212663 0.644348 0.000000 0.000000 0.000000 -0.000000 1 6.053596735e-08
202 0.817062 0.251459 0.601102 1.000023 0.212663 0.644348 0.000000 0.000000 0.000000 -0.000000 1 6.519258022e-08
202 0.819640 0.251717 0.601681 1.000023 0.212663 0.644348 0.000000 0.000000 0.000000 -0.000000 1 5.867332220e-08
202 0.822202 0.251929 0.602260 1.000023 0.212663 0.644348 0.000000 0.000000 0.000000 -0.000000 1 6.332993507e-08
202 0.824751 0.252099 0.602837 1.000023 0.212663 0.644348 0.000000 0.000000 0.000000 -0.000000 1 5.867332220e-08
202 0.827294 0.252229 0.603410 1.000023 0.212663 0.644348 0.000000 0.000000 0.000000 -0.000000 1 5.960464478e-08
202 0.829837 0.252325 0.603979 1.000023 0.212663 0.644348 0.000000 0.000000 0.000000 -0.000000 1 1.601874828e-07
202 0.832383 0.252387 0.604543 1.000023 0.212663 0.644348 0.000000 0.000000 0.000000 -0.000000 1 5.867332220e-08
202 0.834932 0.252417 0.605102 1.000023 0.212663 0.644348 0.000000 0.000000 0.000000 -0.000000 1 6.705522537e-08
202 0.837483 0.252414 0.605657 1.000023 0.212663 0.644348 0.000000 0.000000 0.000000 -0.000000 1 6.146728992e-08
202 0.840034 0.252379 0.606209 1.000023 0.212663 0.644348 0.000000 0.000000 0.000000 -0.000000 1 5.960464478e-08
202 0.842583 0.252312 0.606758 1.000023 0.212663 0.644348 0.000000 0.000000 0.000000 -0.000000 1 5.681067705e-08
202 0.845131 0.252215 0.607304 1.000023 0.212663 0.644348 0.000000 0.000000 0.000000 -0.000000 1 5.774199963e-08
202 0.847680 0.252089 0.607847 1.000023 0.212663 0.644348 0.000000 0.000000 0.000000 -0.000000 1 6.891787052e-08
202 0.850232 0.251932 0.608383 1.000023 0.212663 0.644348 0.000000 0.000000 0.000000 -0.000000 1 5.960464478e-08
202 0.852788 0.251741 0.608912 1.000023 0.212663 0.644348 0.000000 0.000000 0.000000 -0.000000 1 6.332993507e-08
202 0.855349 0.251513 0.609431 1.000023 0.212663 0.644348 0.000000 0.000000 0.000000 -0.000000 1 6.239861250e-08
202 0.857916 0.251241 0.609939 1.000023 0.212663 0.644348 0.000000 0.000000 0.000000 -0.000000 1 5.960464478e-08
202 0.860487 0.250922 0.610434 1.000023 0.212663 0.644348 0.000000 0.000000 0.000000 -0.000000 1 6.053596735e-08
203 0.814780 0.185274 0.586793 0.951438 0.147705 0.620084 0.000000 0.000000 0.000000 0.000000 1 5.867332220e-08
203 0.817644 0.184943 0.587486 0.951438 0.147705 0.620084 0.000000 0.000000 0.000000 0.000000 1 6.053596735e-08
203 0.820510 0.184573 0.588175 0.951438 0.147705 0.620084 0.000000 0.000000 0.000000 0.000000 1 5.960464478e-08
203 0.823379 0.184163 0.588861 0.951438 0.147705 0.620084 0.000000 0.000000 0.000000 0.000000 1 5.774199963e-08
203 0.826250 0.183717 0.589546 0.951438 0.147705 0.620084 0.000000 0.000000 0.000000 0.000000 1 1.527369022e-07
203 0.829122 0.183234 0.590229 0.951438 0.147705 0.620084 0.000000 0.000000 0.000000 0.000000 1 5.774199963e-08
203 0.831997 0.182715 0.590911 0.951438 0.147705 0.620084 0.000000 0.000000 0.000000 0.000000 1 4.377216101e-08
203 0.834873 0.182165 0.591593 0.951438 0.147705 0.620084 0.000000 0.000000 0.000000 0.000000 1 7.729977369e-08
203 0.837748 0.181587 0.592276 0.951438 0.147705 0.620084 0.000000 0.000000 0.000000 0.000000 1 3.911554813e-08
203 0.840619 0.180988 0.592958 0.951438 0.147705 0.620084 0.000000 0.000000 0.000000 0.000000 1 5.587935448e-08
203 0.843484 0.180372 0.593641 0.951438 0.147705 0.620084 0.000000 0.000000 0.000000 0.000000 1 6.984919310e-08
203 0.846342 0.179739 0.594325 0.951438 0.147705 0.620084 0.000000 0.000000 0.000000 0.000000 1 1.750886440e-07
203 0.849193 0.179087 0.595009 0.951438 0.147705 0.620084 0.000000 0.000000 0.000000 0.000000 1 5.867332220e-08
203 0.852037 0.178416 0.595693 0.951438 0.147705 0.620084 0.000000 0.000000 0.000000 0.000000 1 6.053596735e-08
203 0.854875 0.177724 0.596377 0.951438 0.147705 0.620084 0.000000 0.000000 0.000000 0.000000 1 6.239861250e-08
203 0.857708 0.177009 0.597062 0.951438 0.147705 0.620084 0.000000 0.000000 0.000000 0.000000 1 6.053596735e-08
203 0.860539 0.176272 0.597747 0.951438 0.147705 0.620084 0.000000 0.000000 0.000000 0.000000 1 6.519258022e-08
203 0.863366 0.175513 0.598433 0.951438 0.147705 0.620084 0.000000 0.000000 0.000000 0.000000 1 5.774199963e-08
203 0.866191 0.174732 0.599119 0.951438 0.147705 0.620084 0.000000 0.000000 0.000000 0.000000 1 7.636845112e-08
203 0.869012 0.173930 0.599807 0.951438 0.147705 0.620084 0.000000 0.000000 0.000000 0.000000 1 6.984919310e-08
204 0.762043 0.128274 0.600959 0.841748 0.103207 0.620462 0.000000 0.000000 0.000000 0.000000 1 5.587935448e-08
204 0.765174 0.127289 0.601726 0.841748 0.103207 0.620462 0.000000 0.000000 0.000000 0.000000 1 1.490116119e-07
204 0.768183 0.126343 0.602462 0.841748 0.103207 0.620462 0.000000 0.000000 0.000000 0.000000 1 9.685754776e-08
204 0.771073 0.125434 0.603169 0.841748 0.103207 0.620462 0.000000 0.000000 0.000000 0.000000 1 5.494803190e-08
204 0.773849 0.124561 0.603848 0.841748 0.103207 0.620462 0.000000 0.000000 0.000000 0.000000 1 5.308538675e-08
204 0.776517 0.123722 0.604501 0.841748 0.103207 0.620462 0.000000 0.000000 0.000000 0.000000 1 7.823109627e-08
204 0.779080 0.122916 0.605128 0.841748 0.103207 0.620462 0.000000 0.000000 0.000000 0.000000 1 5.681067705e-08
204 0.781542 0.122142 0.605731 0.841748 0.103207 0.620462 0.000000 0.000000 0.000000 0.000000 1 6.053596735e-08
204 0.783907 0.121398 0.606309 0.841748 0.103207 0.620462 0.000000 0.000000 0.000000 0.000000 1 5.587935448e-08
204 0.786180 0.120683 0.606865 0.841748 0.103207 0.620462 0.000000 0.000000 0.000000 0.000000 1 5.681067705e-08
204 0.788363 0.119996 0.607400 0.841748 0.103207 0.620462 0.000000 0.000000 0.000000 0.000000 1 5.867332220e-08
204 0.790460 0.119337 0.607913 0.841748 0.103207 0.620462 0.000000 0.000000 0.000000 0.000000 1 5.960464478e-08
204 0.792475 0.118703 0.608406 0.841748 0.103207 0.620462 0.000000 0.000000 0.000000 0.000000 1 7.450580597e-08
204 0.794411 0.118094 0.608879 0.841748 0.103207 0.620462 0.000000 0.000000 0.000000 0.000000 1 5.494803190e-08
204 0.796271 0.117510 0.609335 0.841748 0.103207 0.620462 0.000000 0.000000 0.000000 0.000000 1 6.239861250e-08
204 0.798057 0.116948 0.609772 0.841748 0.103207 0.620462 0.000000 0.000000 0.000000 0.000000 1 5.960464478e-08
204 0.799774 0.116408 0.610192 0.841748 0.103207 0.620462 0.000000 0.000000 0.000000 0.000000 1 5.774199963e-08
204 0.801423 0.115889 0.610595 0.841748 0.103207 0.620462 0.000000 0.000000 0.000000 0.000000 1 5.587935448e-08
204 0.803007 0.115391 0.610983 0.841748 0.103207 0.620462 0.000000 0.000000 0.000000 0.000000 1 1.555308700e-07
204 0.804529 0.114912 0.611355 0.841748 0.103207 0.620462 0.000000 0.000000 0.000000 0.000000 1 5.401670933e-08
205 0.690504 0.068747 0.532198 0.726710 0.057679 0.541257 0.000000 0.000000 0.000000 0.000000 1 5.867332220e-08
205 0.691926 0.068312 0.532554 0.726710 0.057679 0.541257 0.000000 0.000000 0.000000 0.000000 1 5.774199963e-08
205 0.693293 0.067894 0.532896 0.726710 0.057679 0.541257 0.000000 0.000000 0.000000 0.000000 1 7.916241884e-08
205 0.694606 0.067493 0.533224 0.726710 0.057679 0.541257 0.000000 0.000000 0.000000 0.000000 1 5.494803190e-08
205 0.695867 0.067107 0.533540 0.726710 0.057679 0.541257 0.000000 0.000000 0.000000 0.000000 1 5.774199963e-08
205 0.697079 0.066737 0.533843 0.726710 0.057679 0.541257 0.000000 0.000000 0.000000 0.000000 1 5.587935448e-08
205 0.698243 0.066381 0.534134 0.726710 0.057679 0.541257 0.000000 0.000000 0.000000 0.000000 1 5.681067705e-08
205 0.699361 0.066039 0.534414 0.726710 0.057679 0.541257 0.000000 0.000000 0.000000 0.000000 1 5.681067705e-08
205 0.700436 0.065711 0.534683 0.726710 0.057679 0.541257 0.000000 0.000000 0.000000 0.000000 1 5.494803190e-08
205 0.701468 0.065395 0.534941 0.726710 0.057679 0.541257 0.000000 0.000000 0.000000 0.000000 1 5.587935448e-08
205 0.702460 0.065092 0.535189 0.726710 0.057679 0.541257 0.000000 0.000000 0.000000 0.000000 1 5.774199963e-08
205 0.703412 0.064801 0.535428 0.726710 0.057679 0.541257 0.000000 0.000000 0.000000 0.000000 1 5.774199963e-08
205 0.704328 0.064521 0.535657 0.726710 0.057679 0.541257 0.000000 0.000000 0.000000 0.000000 1 5.867332220e-08
205 0.705207 0.064252 0.535877 0.726710 0.057679 0.541257 0.000000 0.000000 0.000000 0.000000 1 6.053596735e-08
205 0.706052 0.063994 0.536088 0.726710 0.057679 0.541257 0.000000 0.000000 0.000000 0.000000 1 6.332993507e-08
205 0.706863 0.063746 0.536291 0.726710 0.057679 0.541257 0.000000 0.000000 0.000000 0.000000 1 1.182779670e-07
205 0.707643 0.063508 0.536486 0.726710 0.057679 0.541257 0.000000 0.000000 0.000000 0.000000 1 5.681067705e-08
205 0.708392 0.063279 0.536674 0.726710 0.057679 0.541257 0.000000 0.000000 0.000000 0.000000 1 5.960464478e-08
205 0.709112 0.063059 0.536854 0.726710 0.057679 0.541257 0.000000 0.000000 0.000000 0.000000 1 5.867332220e-08
205 0.709803 0.062847 0.537027 0.726710 0.057679 0.541257 0.000000 0.000000 0.000000 0.000000 1 6.426125765e-08
206 0.581347 0.068269 0.533862 0.598093 0.063282 0.537939 0.000000 0.000000 0.000000 0.000000 1 5.401670933e-08
206 0.582005 0.068073 0.534023 0.598093 0.063282 0.537939 0.000000 0.000000 0.000000 0.000000 1 5.960464478e-08
206 0.582637 0.067885 0.534176 0.598093 0.063282 0.537939 0.000000 0.000000 0.000000 0.000000 1 1.396983862e-08
206 0.583244 0.067704 0.534324 0.598093 0.063282 0.537939 0.000000 0.000000 0.000000 0.000000 1 1.396983862e-08
206 0.583827 0.067530 0.534466 0.598093 0.063282 0.537939 0.000000 0.000000 0.000000 0.000000 1 3.632158041e-08
206 0.584388 0.067363 0.534603 0.598093 0.063282 0.537939 0.000000 0.000000 0.000000 0.000000 1 4.563480616e-08
206 0.584926 0.067203 0.534734 0.598093 0.063282 0.537939 0.000000 0.000000 0.000000 0.000000 1 5.774199963e-08
206 0.585444 0.067049 0.534860 0.598093 0.063282 0.537939 0.000000 0.000000 0.000000 0.000000 1 5.774199963e-08
206 0.585941 0.066901 0.534981 0.598093 0.063282 0.537939 0.000000 0.000000 0.000000 0.000000 1 5.774199963e-08
206 0.586418 0.066759 0.535097 0.598093 0.063282 0.537939 0.000000 0.000000 0.000000 0.000000 1 5.587935448e-08
206 0.586877 0.066622 0.535209 0.598093 0.063282 0.537939 0.000000 0.000000 0.000000 0.000000 1 5.681067705e-08
206 0.587317 0.066491 0.535316 0.598093 0.063282 0.537939 0.000000 0.000000 0.000000 0.000000 1 5.587935448e-08
206 0.587741 0.066365 0.535419 0.598093 0.063282 0.537939 0.000000 0.000000 0.000000 0.000000 1 1.164153218e-07
206 0.588148 0.066244 0.535518 0.598093 0.063282 0.537939 0.000000 0.000000 0.000000 0.000000 1 5.308538675e-08
206 0.588538 0.066127 0.535613 0.598093 0.063282 0.537939 0.000000 0.000000 0.000000 0.000000 1 5.587935448e-08
206 0.588914 0.066015 0.535704 0.598093 0.063282 0.537939 0.000000 0.000000 0.000000 0.000000 1 5.587935448e-08
206 0.589274 0.065908 0.535792 0.598093 0.063282 0.537939 0.000000 0.000000 0.000000 0.000000 1 5.681067705e-08
206 0.589621 0.065805 0.535877 0.598093 0.063282 0.537939 0.000000 0.000000 0.000000 0.000000 1 5.494803190e-08
206 0.589954 0.065706 0.535958 0.598093 0.063282 0.537939 0.000000 0.000000 0.000000 0.000000 1 5.960464478e-08
206 0.590273 0.065611 0.536035 0.598093 0.063282 0.537939 0.000000 0.000000 0.000000 0.000000 1 5.494803190e-08
207 0.501695 0.066292 0.506014 0.509560 0.097120 0.507961 0.000000 0.000000 0.000000 0.000000 1 6.146728992e-08
207 0.502004 0.067461 0.506091 0.509560 0.097120 0.507961 0.000000 0.000000 0.000000 0.000000 1 7.729977369e-08
207 0.502301 0.068620 0.506164 0.509560 0.097120 0.507961 0.000000 0.000000 0.000000 0.000000 1 6.053596735e-08
207 0.502587 0.069740 0.506235 0.509560 0.097120 0.507961 0.000000 0.000000 0.000000 0.000000 1 5.867332220e-08
207 0.502861 0.070816 0.506302 0.509560 0.097120 0.507961 0.000000 0.000000 0.000000 0.000000 1 6.053596735e-08
207 0.503124 0.071849 0.506368 0.509560 0.097120 0.507961 0.000000 0.000000 0.000000 0.000000 1 5.867332220e-08
207 0.503377 0.072842 0.506430 0.509560 0.097120 0.507961 0.000000 0.000000 0.000000 0.000000 1 6.146728992e-08
207 0.503620 0.073796 0.506490 0.509560 0.097120 0.507961 0.000000 0.000000 0.000000 0.000000 1 5.681067705e-08
207 0.503853 0.074712 0.506548 0.509560 0.097120 0.507961 0.000000 0.000000 0.000000 0.000000 1 5.587935448e-08
207 0.504077 0.075593 0.506604 0.509560 0.097120 0.507961 0.000000 0.000000 0.000000 0.000000 1 5.960464478e-08
207 0.504293 0.076438 0.506657 0.509560 0.097120 0.507961 0.000000 0.000000 0.000000 0.000000 1 5.587935448e-08
207 0.504500 0.077251 0.506708 0.509560 0.097120 0.507961 0.000000 0.000000 0.000000 0.000000 1 5.494803190e-08
207 0.504698 0.078031 0.506757 0.509560 0.097120 0.507961 0.000000 0.000000 0.000000 0.000000 1 6.612390280e-08
207 0.504889 0.078781 0.506805 0.509560 0.097120 0.507961 0.000000 0.000000 0.000000 0.000000 1 5.960464478e-08
207 0.505073 0.079502 0.506850 0.509560 0.097120 0.507961 0.000000 0.000000 0.000000 0.000000 1 5.401670933e-08
207 0.505249 0.080194 0.506894 0.509560 0.097120 0.507961 0.000000 0.000000 0.000000 0.000000 1 5.681067705e-08
207 0.505419 0.080859 0.506936 0.509560 0.097120 0.507961 0.000000 0.000000 0.000000 0.000000 1 5.308538675e-08
207 0.505581 0.081498 0.506976 0.509560 0.097120 0.507961 0.000000 0.000000 0.000000 0.000000 1 8.009374142e-08
207 0.505738 0.082112 0.507015 0.509560 0.097120 0.507961 0.000000 0.000000 0.000000 0.000000 1 6.519258022e-08
207 0.505888 0.082701 0.507052 0.509560 0.097120 0.507961 0.000000 0.000000 0.000000 0.000000 1 6.146728992e-08
208 0.429101 0.083582 0.526887 0.432930 0.147969 0.527683 0.000000 0.000000 0.000000 0.000000 1 6.053596735e-08
208 0.429251 0.084662 0.526918 0.432930 0.147969 0.527683 0.000000 0.000000 0.000000 0.000000 1 6.519258022e-08
208 0.429396 0.085737 0.526948 0.432930 0.147969 0.527683 0.000000 0.000000 0.000000 0.000000 1 6.426125765e-08
208 0.429535 0.086806 0.526977 0.432930 0.147969 0.527683 0.000000 0.000000 0.000000 0.000000 1 5.774199963e-08
208 0.429668 0.087870 0.527005 0.432930 0.147969 0.527683 0.000000 0.000000 0.000000 0.000000 1 6.239861250e-08
208 0.429796 0.088929 0.527031 0.432930 0.147969 0.527683 0.000000 0.000000 0.000000 0.000000 1 5.867332220e-08
208 0.429919 0.089982 0.527057 0.432930 0.147969 0.527683 0.000000 0.000000 0.000000 0.000000 1 1.601874828e-07
208 0.430038 0.091030 0.527082 0.432930 0.147969 0.527683 0.000000 0.000000 0.000000 0.000000 1 5.774199963e-08
208 0.430151 0.092073 0.527105 0.432930 0.147969 0.527683 0.000000 0.000000 0.000000 0.000000 1 5.681067705e-08
208 0.430260 0.093111 0.527128 0.432930 0.147969 0.527683 0.000000 0.000000 0.000000 0.000000 1 5.774199963e-08
208 0.430365 0.094143 0.527150 0.432930 0.147969 0.527683 0.000000 0.000000 0.000000 0.000000 1 6.519258022e-08
208 0.430466 0.095171 0.527171 0.432930 0.147969 0.527683 0.000000 0.000000 0.000000 0.000000 1 6.239861250e-08
208 0.430563 0.096193 0.527191 0.432930 0.147969 0.527683 0.000000 0.000000 0.000000 0.000000 1 6.332993507e-08
208 0.430656 0.097210 0.527210 0.432930 0.147969 0.527683 0.000000 0.000000 0.000000 0.000000 1 1.220032573e-07
208 0.430745 0.098222 0.527229 0.432930 0.147969 0.527683 0.000000 0.000000 0.000000 0.000000 1 6.798654795e-08
208 0.430831 0.099228 0.527246 0.432930 0.147969 0.527683 0.000000 0.000000 0.000000 0.000000 1 7.636845112e-08
208 0.430913 0.100230 0.527264 0.432930 0.147969 0.527683 0.000000 0.000000 0.000000 0.000000 1 5.867332220e-08
208 0.430993 0.101227 0.527280 0.432930 0.147969 0.527683 0.000000 0.000000 0.000000 0.000000 1 9.872019291e-08
208 0.431069 0.102219 0.527296 0.432930 0.147969 0.527683 0.000000 0.000000 0.000000 0.000000 1 6.426125765e-08
208 0.431142 0.103206 0.527311 0.432930 0.147969 0.527683 0.000000 0.000000 0.000000 0.000000 1 6.612390280e-08
209 0.417979 0.104188 0.506749 0.419749 0.192373 0.507186 0.000000 0.000000 0.000000 0.000000 1 2.887099981e-08
209 0.418049 0.105165 0.506766 0.419749 0.192373 0.507186 0.000000 0.000000 0.000000 0.000000 1 2.235174179e-08
209 0.418116 0.106137 0.506782 0.419749 0.192373 0.507186 0.000000 0.000000 0.000000 0.000000 1 6.239861250e-08
209 0.418180 0.107104 0.506798 0.419749 0.192373 0.507186 0.000000 0.000000 0.000000 0.000000 1 1.518055797e-07
209 0.418241 0.108066 0.506813 0.419749 0.192373 0.507186 0.000000 0.000000 0.000000 0.000000 1 5.960464478e-08
209 0.418301 0.109024 0.506828 0.419749 0.192373 0.507186 0.000000 0.000000 0.000000 0.000000 1 6.519258022e-08
209 0.418357 0.109977 0.506842 0.419749 0.192373 0.507186 0.000000 0.000000 0.000000 0.000000 1 6.519258022e-08
209 0.418412 0.110925 0.506856 0.419749 0.192373 0.507186 0.000000 0.000000 0.000000 0.000000 1 9.965151548e-08
209 0.418465 0.111868 0.506869 0.419749 0.192373 0.507186 0.000000 0.000000 0.000000 0.000000 1 7.171183825e-08
209 0.418515 0.112807 0.506881 0.419749 0.192373 0.507186 0.000000 0.000000 0.000000 0.000000 1 7.543712854e-08
209 0.418564 0.113741 0.506893 0.419749 0.192373 0.507186 0.000000 0.000000 0.000000 0.000000 1 6.053596735e-08
209 0.418610 0.114670 0.506905 0.419749 0.192373 0.507186 0.000000 0.000000 0.000000 0.000000 1 6.053596735e-08
209 0.418655 0.115595 0.506916 0.419749 0.192373 0.507186 0.000000 0.000000 0.000000 0.000000 1 6.053596735e-08
209 0.418698 0.116515 0.506926 0.419749 0.192373 0.507186 0.000000 0.000000 0.000000 0.000000 1 6.426125765e-08
209 0.418739 0.117430 0.506937 0.419749 0.192373 0.507186 0.000000 0.000000 0.000000 0.000000 1 5.960464478e-08
209 0.418779 0.118341 0.506946 0.419749 0.192373 0.507186 0.000000 0.000000 0.000000 0.000000 1 6.519258022e-08
