9 0.023670 -0.001591 0.088807 0.023670 -0.001591 0.088807 0.000000 0.000000 0.000000 0.000000 1 6.880145520e-07 1.937197521e-05
10 0.023448 -0.001723 0.088794 0.023449 -0.001723 0.088794 0.000000 0.000000 0.000000 0.000000 1 3.690365702e-07 1.713610254e-05
10 0.023448 -0.001723 0.088794 0.023449 -0.001723 0.088794 0.000000 0.000000 0.000000 0.000000 1 3.690365702e-07 1.577893272e-05
10 0.023448 -0.001723 0.088794 0.023449 -0.001723 0.088794 0.000000 0.000000 0.000000 0.000000 1 3.699678928e-07 1.712003723e-05
10 0.023448 -0.001723 0.088794 0.023449 -0.001723 0.088794 0.000000 0.000000 0.000000 0.000000 1 3.708992153e-07 1.575914212e-05
10 0.023448 -0.001723 0.088794 0.023449 -0.001723 0.088794 0.000000 0.000000 0.000000 0.000000 1 2.919696271e-07 8.465955034e-06
10 0.023448 -0.001723 0.088794 0.023449 -0.001723 0.088794 0.000000 0.000000 0.000000 0.000000 1 7.550697774e-07 2.624606714e-05
10 0.023448 -0.001723 0.088794 0.023449 -0.001723 0.088794 0.000000 0.000000 0.000000 0.000000 1 9.310897440e-07 2.836505882e-05
10 0.023448 -0.001723 0.088794 0.023449 -0.001723 0.088794 0.000000 0.000000 0.000000 0.000000 1 9.690411389e-07 1.901388168e-05
10 0.023448 -0.001723 0.088794 0.023449 -0.001723 0.088794 0.000000 0.000000 0.000000 0.000000 1 3.001186997e-07 8.392147720e-06
10 0.023449 -0.001723 0.088794 0.023449 -0.001723 0.088794 0.000000 0.000000 0.000000 0.000000 1 5.799811333e-07 9.011942893e-06
10 0.023449 -0.001723 0.088794 0.023449 -0.001723 0.088794 0.000000 0.000000 0.000000 0.000000 1 2.449378371e-07 8.353032172e-06
10 0.023449 -0.001723 0.088794 0.023449 -0.001723 0.088794 0.000000 0.000000 0.000000 0.000000 1 3.729946911e-07 1.714099199e-05
10 0.023449 -0.001723 0.088794 0.023449 -0.001723 0.088794 0.000000 0.000000 0.000000 0.000000 1 4.260800779e-07 1.888000406e-05
10 0.023449 -0.001723 0.088794 0.023449 -0.001723 0.088794 0.000000 0.000000 0.000000 0.000000 1 3.690365702e-07 1.850398257e-05
10 0.023449 -0.001723 0.088794 0.023449 -0.001723 0.088794 0.000000 0.000000 0.000000 0.000000 1 3.972090781e-07 1.572491601e-05
10 0.023449 -0.001723 0.088794 0.023449 -0.001723 0.088794 0.000000 0.000000 0.000000 0.000000 1 3.681052476e-07 1.556100324e-05
10 0.023449 -0.001723 0.088794 0.023449 -0.001723 0.088794 0.000000 0.000000 0.000000 0.000000 1 4.260800779e-07 1.618498936e-05
10 0.023449 -0.001723 0.088794 0.023449 -0.001723 0.088794 0.000000 0.000000 0.000000 0.000000 1 3.678724170e-07 1.572980545e-05
10 0.023449 -0.001723 0.088794 0.023449 -0.001723 0.088794 0.000000 0.000000 0.000000 0.000000 1 3.438908607e-07 1.602293923e-05
10 0.023449 -0.001723 0.088794 0.023449 -0.001723 0.088794 0.000000 0.000000 0.000000 0.000000 1 4.388857633e-07 1.725694165e-05
11 0.021162 -0.001012 0.085927 0.009371 0.002899 0.073806 0.000000 0.000000 0.000000 0.000000 1 4.121102393e-07 1.724902540e-05
11 0.020255 -0.000712 0.084995 0.009371 0.002899 0.073806 0.000000 0.000000 0.000000 0.000000 1 4.109460860e-07 1.595611684e-05
11 0.019418 -0.000434 0.084135 0.009371 0.002899 0.073806 0.000000 0.000000 0.000000 0.000000 1 4.109460860e-07 1.708394848e-05
11 0.018646 -0.000178 0.083341 0.009371 0.002899 0.073806 0.000000 0.000000 0.000000 0.000000 1 3.690365702e-07 1.722597517e-05
11 0.017933 0.000059 0.082608 0.009371 0.002899 0.073806 0.000000 0.000000 0.000000 0.000000 1 3.699678928e-07 1.706299372e-05
11 0.017274 0.000277 0.081931 0.009371 0.002899 0.073806 0.000000 0.000000 0.000000 0.000000 1 9.802170098e-08 3.853114322e-06
11 0.016667 0.000479 0.081307 0.009371 0.002899 0.073806 0.000000 0.000000 0.000000 0.000000 1 5.650799721e-07 2.006301656e-05
11 0.016106 0.000665 0.080730 0.009371 0.002899 0.073806 0.000000 0.000000 0.000000 0.000000 1 3.729946911e-07 1.881900243e-05
11 0.015588 0.000836 0.080198 0.009371 0.002899 0.073806 0.000000 0.000000 0.000000 0.000000 1 8.670613170e-07 2.644001506e-05
11 0.015110 0.000995 0.079706 0.009371 0.002899 0.073806 0.000000 0.000000 0.000000 0.000000 1 7.390044630e-07 2.610613592e-05
11 0.014669 0.001141 0.079253 0.009371 0.002899 0.073806 0.000000 0.000000 0.000000 0.000000 1 3.690365702e-07 1.715007238e-05
11 0.014262 0.001276 0.078834 0.009371 0.002899 0.073806 0.000000 0.000000 0.000000 0.000000 1 3.699678928e-07 1.882901415e-05
11 0.013886 0.001401 0.078447 0.009371 0.002899 0.073806 0.000000 0.000000 0.000000 0.000000 1 3.690365702e-07 1.720199361e-05
11 0.013539 0.001516 0.078091 0.009371 0.002899 0.073806 0.000000 0.000000 0.000000 0.000000 1 3.690365702e-07 1.901295036e-05
11 0.013218 0.001622 0.077761 0.009371 0.002899 0.073806 0.000000 0.000000 0.000000 0.000000 1 3.750901669e-07 1.707696356e-05
11 0.012922 0.001721 0.077457 0.009371 0.002899 0.073806 0.000000 0.000000 0.000000 0.000000 1 3.699678928e-07 1.601898111e-05
11 0.012649 0.001811 0.077176 0.009371 0.002899 0.073806 0.000000 0.000000 0.000000 0.000000 1 3.720633686e-07 1.728697680e-05
11 0.012397 0.001895 0.076917 0.009371 0.002899 0.073806 0.000000 0.000000 0.000000 0.000000 1 3.699678928e-07 1.704809256e-05
11 0.012165 0.001972 0.076678 0.009371 0.002899 0.073806 0.000000 0.000000 0.000000 0.000000 1 3.690365702e-07 1.577497460e-05
11 0.011950 0.002043 0.076457 0.009371 0.002899 0.073806 0.000000 0.000000 0.000000 0.000000 1 3.708992153e-07 1.888815314e-05
12 0.011296 0.002290 0.072075 0.005126 0.005106 0.033946 0.000000 0.000000 0.000000 0.000000 1 3.911554813e-07 1.888512634e-05
12 0.010821 0.002506 0.069143 0.005126 0.005106 0.033946 0.000000 0.000000 0.000000 0.000000 1 3.739260137e-07 1.723691821e-05
12 0.010383 0.002706 0.066437 0.005126 0.005106 0.033946 0.000000 0.000000 0.000000 0.000000 1 3.690365702e-07 1.721316949e-05
12 0.009979 0.002891 0.063939 0.005126 0.005106 0.033946 0.000000 0.000000 0.000000 0.000000 1 4.430767149e-07 2.017104998e-05
12 0.009606 0.003061 0.061633 0.005126 0.005106 0.033946 0.000000 0.000000 0.000000 0.000000 1 3.678724170e-07 1.896312460e-05
12 0.009262 0.003218 0.059505 0.005126 0.005106 0.033946 0.000000 0.000000 0.000000 0.000000 1 2.759043127e-07 8.415896446e-06
12 0.008944 0.003363 0.057540 0.005126 0.005106 0.033946 0.000000 0.000000 0.000000 0.000000 1 7.499475032e-07 2.634199336e-05
12 0.008650 0.003497 0.055726 0.005126 0.005106 0.033946 0.000000 0.000000 0.000000 0.000000 1 3.769528121e-07 1.897895709e-05
12 0.008379 0.003621 0.054051 0.005126 0.005106 0.033946 0.000000 0.000000 0.000000 0.000000 1 3.699678928e-07 1.729605719e-05
12 0.008129 0.003735 0.052505 0.005126 0.005106 0.033946 0.000000 0.000000 0.000000 0.000000 1 3.708992153e-07 1.890305430e-05
12 0.007898 0.003840 0.051079 0.005126 0.005106 0.033946 0.000000 0.000000 0.000000 0.000000 1 3.669410944e-07 1.887395047e-05
12 0.007685 0.003938 0.049761 0.005126 0.005106 0.033946 0.000000 0.000000 0.000000 0.000000 1 3.690365702e-07 1.885299571e-05
12 0.007488 0.004027 0.048545 0.005126 0.005106 0.033946 0.000000 0.000000 0.000000 0.000000 1 3.669410944e-07 1.580500975e-05
12 0.007307 0.004110 0.047423 0.005126 0.005106 0.033946 0.000000 0.000000 0.000000 0.000000 1 3.690365702e-07 1.716800034e-05
12 0.007139 0.004187 0.046387 0.005126 0.005106 0.033946 0.000000 0.000000 0.000000 0.000000 1 3.699678928e-07 1.901201904e-05
12 0.006984 0.004258 0.045430 0.005126 0.005106 0.033946 0.000000 0.000000 0.000000 0.000000 1 3.939494491e-07 1.727906056e-05
12 0.006841 0.004323 0.044547 0.005126 0.005106 0.033946 0.000000 0.000000 0.000000 0.000000 1 3.909226507e-07 1.692399383e-05
12 0.006710 0.004383 0.043732 0.005126 0.005106 0.033946 0.000000 0.000000 0.000000 0.000000 1 3.720633686e-07 1.724483445e-05
12 0.006588 0.004439 0.042980 0.005126 0.005106 0.033946 0.000000 0.000000 0.000000 0.000000 1 3.748573363e-07 1.731608063e-05
12 0.006475 0.004490 0.042285 0.005126 0.005106 0.033946 0.000000 0.000000 0.000000 0.000000 1 3.678724170e-07 1.731887460e-05
13 0.005701 0.005358 0.038568 -0.000408 0.012576 0.009202 0.000000 0.000000 0.000000 0.000000 1 7.259659469e-07 2.607190982e-05
13 0.005231 0.005913 0.036310 -0.000408 0.012576 0.009202 0.000000 0.000000 0.000000 0.000000 1 3.718305379e-07 1.761992462e-05
13 0.004798 0.006425 0.034226 -0.000408 0.012576 0.009202 0.000000 0.000000 0.000000 0.000000 1 2.619344741e-07 8.431961760e-06
13 0.004397 0.006898 0.032302 -0.000408 0.012576 0.009202 0.000000 0.000000 0.000000 0.000000 1 2.400483936e-07 8.399831131e-06
13 0.004028 0.007335 0.030526 -0.000408 0.012576 0.009202 0.000000 0.000000 0.000000 0.000000 1 2.391170710e-07 8.462928236e-06
13 0.003687 0.007738 0.028887 -0.000408 0.012576 0.009202 0.000000 0.000000 0.000000 0.000000 1 2.370215952e-07 8.346978575e-06
13 0.003372 0.008110 0.027373 -0.000408 0.012576 0.009202 0.000000 0.000000 0.000000 0.000000 1 8.321367204e-07 3.429292701e-05
13 0.003081 0.008453 0.025976 -0.000408 0.012576 0.009202 0.000000 0.000000 0.000000 0.000000 1 3.750901669e-07 1.701293513e-05
13 0.002813 0.008770 0.024687 -0.000408 0.012576 0.009202 0.000000 0.000000 0.000000 0.000000 1 3.669410944e-07 1.754285768e-05
13 0.002565 0.009063 0.023496 -0.000408 0.012576 0.009202 0.000000 0.000000 0.000000 0.000000 1 3.681052476e-07 1.711980440e-05
13 0.002337 0.009333 0.022397 -0.000408 0.012576 0.009202 0.000000 0.000000 0.000000 0.000000 1 3.729946911e-07 1.880596392e-05
13 0.002126 0.009582 0.021383 -0.000408 0.012576 0.009202 0.000000 0.000000 0.000000 0.000000 1 3.690365702e-07 1.728185453e-05
13 0.001931 0.009812 0.020446 -0.000408 0.012576 0.009202 0.000000 0.000000 0.000000 0.000000 1 4.000030458e-07 1.754006371e-05
13 0.001751 0.010025 0.019582 -0.000408 0.012576 0.009202 0.000000 0.000000 0.000000 0.000000 1 3.702007234e-07 1.604692079e-05
13 0.001585 0.010221 0.018784 -0.000408 0.012576 0.009202 0.000000 0.000000 0.000000 0.000000 1 3.729946911e-07 1.861806959e-05
13 0.001432 0.010402 0.018047 -0.000408 0.012576 0.009202 0.000000 0.000000 0.000000 0.000000 1 3.699678928e-07 1.711491495e-05
13 0.001290 0.010569 0.017367 -0.000408 0.012576 0.009202 0.000000 0.000000 0.000000 0.000000 1 3.690365702e-07 1.722993329e-05
13 0.001160 0.010724 0.016739 -0.000408 0.012576 0.009202 0.000000 0.000000 0.000000 0.000000 1 4.870817065e-07 1.750909723e-05
13 0.001039 0.010866 0.016160 -0.000408 0.012576 0.009202 0.000000 0.000000 0.000000 0.000000 1 3.909226507e-07 1.588091254e-05
13 0.000928 0.010998 0.015625 -0.000408 0.012576 0.009202 0.000000 0.000000 0.000000 0.000000 1 8.298084140e-07 2.631288953e-05
14 0.000974 0.011187 0.012023 0.000846 0.013921 -0.017002 0.000000 0.000000 0.000000 0.000000 1 3.681052476e-07 1.668301411e-05
14 0.000964 0.011397 0.009791 0.000846 0.013921 -0.017002 0.000000 0.000000 0.000000 0.000000 1 7.750932127e-07 2.640509047e-05
14 0.000955 0.011591 0.007731 0.000846 0.013921 -0.017002 0.000000 0.000000 0.000000 0.000000 1 7.480848581e-07 2.625095658e-05
14 0.000946 0.011770 0.005830 0.000846 0.013921 -0.017002 0.000000 0.000000 0.000000 0.000000 1 7.478520274e-07 2.619414590e-05
14 0.000939 0.011935 0.004074 0.000846 0.013921 -0.017002 0.000000 0.000000 0.000000 0.000000 1 9.499490261e-07 2.665398642e-05
14 0.000932 0.012088 0.002454 0.000846 0.013921 -0.017002 0.000000 0.000000 0.000000 0.000000 1 7.520429790e-07 2.630800009e-05
14 0.000925 0.012229 0.000958 0.000846 0.013921 -0.017002 0.000000 0.000000 0.000000 0.000000 1 8.048955351e-07 3.446801566e-05
14 0.000919 0.012359 -0.000423 0.000846 0.013921 -0.017002 0.000000 0.000000 0.000000 0.000000 1 7.520429790e-07 2.635479905e-05
14 0.000913 0.012479 -0.001697 0.000846 0.013921 -0.017002 0.000000 0.000000 0.000000 0.000000 1 3.979075700e-07 1.726113260e-05
14 0.000908 0.012590 -0.002874 0.000846 0.013921 -0.017002 0.000000 0.000000 0.000000 0.000000 1 4.370231181e-07 1.614307985e-05
14 0.000903 0.012692 -0.003960 0.000846 0.013921 -0.017002 0.000000 0.000000 0.000000 0.000000 1 3.669410944e-07 1.720199361e-05
14 0.000899 0.012787 -0.004963 0.000846 0.013921 -0.017002 0.000000 0.000000 0.000000 0.000000 1 3.699678928e-07 1.892400905e-05
14 0.000895 0.012874 -0.005889 0.000846 0.013921 -0.017002 0.000000 0.000000 0.000000 0.000000 1 4.470348358e-07 1.579592936e-05
14 0.000891 0.012954 -0.006743 0.000846 0.013921 -0.017002 0.000000 0.000000 0.000000 0.000000 1 7.511116564e-07 2.632196993e-05
14 0.000888 0.013029 -0.007532 0.000846 0.013921 -0.017002 0.000000 0.000000 0.000000 0.000000 1 9.329523891e-07 2.614594996e-05
14 0.000885 0.013097 -0.008260 0.000846 0.013921 -0.017002 0.000000 0.000000 0.000000 0.000000 1 5.450565368e-07 1.844787039e-05
14 0.000882 0.013161 -0.008932 0.000846 0.013921 -0.017002 0.000000 0.000000 0.000000 0.000000 1 9.196810424e-08 4.244036973e-06
14 0.000879 0.013219 -0.009552 0.000846 0.013921 -0.017002 0.000000 0.000000 0.000000 0.000000 1 1.301523298e-07 6.910180673e-06
14 0.000876 0.013273 -0.010125 0.000846 0.013921 -0.017002 0.000000 0.000000 0.000000 0.000000 1 3.559980541e-07 1.154793426e-05
14 0.000874 0.013323 -0.010654 0.000846 0.013921 -0.017002 0.000000 0.000000 0.000000 0.000000 1 1.389998943e-07 6.166985258e-06
15 0.001521 0.014004 -0.009950 0.002719 0.015950 -0.013837 0.000000 0.000000 0.000000 0.000000 1 3.669410944e-07 1.864600927e-05
15 0.001613 0.014153 -0.010249 0.002719 0.015950 -0.013837 0.000000 0.000000 0.000000 0.000000 1 4.258472472e-07 2.371985465e-05
15 0.001698 0.014292 -0.010525 0.002719 0.015950 -0.013837 0.000000 0.000000 0.000000 0.000000 1 3.699678928e-07 1.751119271e-05
15 0.001776 0.014419 -0.010779 0.002719 0.015950 -0.013837 0.000000 0.000000 0.000000 0.000000 1 3.909226507e-07 1.879897900e-05
15 0.001849 0.014537 -0.011014 0.002719 0.015950 -0.013837 0.000000 0.000000 0.000000 0.000000 1 3.669410944e-07 1.601106487e-05
15 0.001916 0.014645 -0.011231 0.002719 0.015950 -0.013837 0.000000 0.000000 0.000000 0.000000 1 7.450580597e-07 2.623908222e-05
15 0.001978 0.014746 -0.011432 0.002719 0.015950 -0.013837 0.000000 0.000000 0.000000 0.000000 1 7.869675756e-07 2.631801181e-05
15 0.002035 0.014838 -0.011617 0.002719 0.015950 -0.013837 0.000000 0.000000 0.000000 0.000000 1 3.690365702e-07 1.717195846e-05
15 0.002087 0.014924 -0.011787 0.002719 0.015950 -0.013837 0.000000 0.000000 0.000000 0.000000 1 3.669410944e-07 1.857010648e-05
15 0.002136 0.015003 -0.011945 0.002719 0.015950 -0.013837 0.000000 0.000000 0.000000 0.000000 1 4.139728844e-07 1.873006113e-05
15 0.002181 0.015075 -0.012090 0.002719 0.015950 -0.013837 0.000000 0.000000 0.000000 0.000000 1 4.081521183e-07 1.881597564e-05
15 0.002222 0.015143 -0.012225 0.002719 0.015950 -0.013837 0.000000 0.000000 0.000000 0.000000 1 4.430767149e-07 1.789606176e-05
15 0.002260 0.015205 -0.012349 0.002719 0.015950 -0.013837 0.000000 0.000000 0.000000 0.000000 1 3.660097718e-07 1.732492819e-05
15 0.002296 0.015262 -0.012463 0.002719 0.015950 -0.013837 0.000000 0.000000 0.000000 0.000000 1 3.681052476e-07 1.608394086e-05
15 0.002328 0.015315 -0.012569 0.002719 0.015950 -0.013837 0.000000 0.000000 0.000000 0.000000 1 3.678724170e-07 1.596589573e-05
15 0.002358 0.015364 -0.012666 0.002719 0.015950 -0.013837 0.000000 0.000000 0.000000 0.000000 1 3.678724170e-07 1.701619476e-05
15 0.002386 0.015409 -0.012756 0.002719 0.015950 -0.013837 0.000000 0.000000 0.000000 0.000000 1 3.660097718e-07 1.611514017e-05
15 0.002412 0.015450 -0.012839 0.002719 0.015950 -0.013837 0.000000 0.000000 0.000000 0.000000 1 3.660097718e-07 1.706299372e-05
15 0.002435 0.015489 -0.012916 0.002719 0.015950 -0.013837 0.000000 0.000000 0.000000 0.000000 1 6.179325283e-07 1.851399429e-05
15 0.002457 0.015524 -0.012987 0.002719 0.015950 -0.013837 0.000000 0.000000 0.000000 0.000000 1 3.750901669e-07 1.313304529e-05
16 0.002925 0.014732 -0.014638 0.006348 0.010391 -0.026932 0.000000 0.000000 0.000000 0.000000 1 2.838205546e-07 8.485047147e-06
16 0.003188 0.014398 -0.015584 0.006348 0.010391 -0.026932 0.000000 0.000000 0.000000 0.000000 1 2.391170710e-07 8.447095752e-06
16 0.003431 0.014090 -0.016456 0.006348 0.010391 -0.026932 0.000000 0.000000 0.000000 0.000000 1 3.678724170e-07 1.867813990e-05
16 0.003655 0.013806 -0.017261 0.006348 0.010391 -0.026932 0.000000 0.000000 0.000000 0.000000 1 6.039626896e-07 1.651188359e-05
16 0.003862 0.013543 -0.018005 0.006348 0.010391 -0.026932 0.000000 0.000000 0.000000 0.000000 1 3.639142960e-07 1.599709503e-05
16 0.004053 0.013301 -0.018691 0.006348 0.010391 -0.026932 0.000000 0.000000 0.000000 0.000000 1 9.010545909e-08 3.861961886e-06
16 0.004230 0.013077 -0.019325 0.006348 0.010391 -0.026932 0.000000 0.000000 0.000000 0.000000 1 9.080395103e-08 4.168134183e-06
16 0.004393 0.012871 -0.019910 0.006348 0.010391 -0.026932 0.000000 0.000000 0.000000 0.000000 1 2.440065145e-07 1.134187914e-05
16 0.004543 0.012680 -0.020449 0.006348 0.010391 -0.026932 0.000000 0.000000 0.000000 0.000000 1 6.610061973e-07 1.836894080e-05
16 0.004682 0.012504 -0.020948 0.006348 0.010391 -0.026932 0.000000 0.000000 0.000000 0.000000 1 3.799796104e-07 1.599011011e-05
16 0.004810 0.012342 -0.021408 0.006348 0.010391 -0.026932 0.000000 0.000000 0.000000 0.000000 1 3.909226507e-07 1.592002809e-05
16 0.004928 0.012192 -0.021833 0.006348 0.010391 -0.026932 0.000000 0.000000 0.000000 0.000000 1 4.949979484e-07 1.584598795e-05
16 0.005037 0.012053 -0.022225 0.006348 0.010391 -0.026932 0.000000 0.000000 0.000000 0.000000 1 3.650784492e-07 1.570000313e-05
16 0.005138 0.011925 -0.022587 0.006348 0.010391 -0.026932 0.000000 0.000000 0.000000 0.000000 1 3.711320460e-07 1.564808190e-05
16 0.005231 0.011807 -0.022921 0.006348 0.010391 -0.026932 0.000000 0.000000 0.000000 0.000000 1 3.669410944e-07 1.880992204e-05
16 0.005317 0.011698 -0.023229 0.006348 0.010391 -0.026932 0.000000 0.000000 0.000000 0.000000 1 3.960449249e-07 1.879106276e-05
16 0.005396 0.011598 -0.023514 0.006348 0.010391 -0.026932 0.000000 0.000000 0.000000 0.000000 1 3.690365702e-07 1.585995778e-05
16 0.005470 0.011505 -0.023776 0.006348 0.010391 -0.026932 0.000000 0.000000 0.000000 0.000000 1 3.871973604e-07 1.689698547e-05
16 0.005537 0.011420 -0.024019 0.006348 0.010391 -0.026932 0.000000 0.000000 0.000000 0.000000 1 3.699678928e-07 1.713703386e-05
16 0.005599 0.011340 -0.024243 0.006348 0.010391 -0.026932 0.000000 0.000000 0.000000 0.000000 1 3.678724170e-07 1.584296115e-05
17 0.006417 0.010865 -0.021770 0.012092 0.008022 -0.009102 0.000000 0.000000 0.000000 0.000000 1 5.438923836e-07 1.652212813e-05
17 0.006853 0.010646 -0.020796 0.012092 0.008022 -0.009102 0.000000 0.000000 0.000000 0.000000 1 3.702007234e-07 1.730187796e-05
17 0.007256 0.010444 -0.019897 0.012092 0.008022 -0.009102 0.000000 0.000000 0.000000 0.000000 1 3.648456186e-07 1.727789640e-05
17 0.007628 0.010258 -0.019067 0.012092 0.008022 -0.009102 0.000000 0.000000 0.000000 0.000000 1 3.678724170e-07 1.869094558e-05
17 0.007971 0.010086 -0.018301 0.012092 0.008022 -0.009102 0.000000 0.000000 0.000000 0.000000 1 3.669410944e-07 1.759803854e-05
17 0.008288 0.009927 -0.017594 0.012092 0.008022 -0.009102 0.000000 0.000000 0.000000 0.000000 1 8.328352123e-07 1.864600927e-05
17 0.008580 0.009781 -0.016941 0.012092 0.008022 -0.009102 0.000000 0.000000 0.000000 0.000000 1 3.681052476e-07 1.885090023e-05
17 0.008850 0.009646 -0.016338 0.012092 0.008022 -0.009102 0.000000 0.000000 0.000000 0.000000 1 3.648456186e-07 1.706788316e-05
17 0.009100 0.009521 -0.015782 0.012092 0.008022 -0.009102 0.000000 0.000000 0.000000 0.000000 1 3.720633686e-07 1.697894186e-05
17 0.009330 0.009405 -0.015268 0.012092 0.008022 -0.009102 0.000000 0.000000 0.000000 0.000000 1 3.778841347e-07 1.681898721e-05
17 0.009542 0.009299 -0.014794 0.012092 0.008022 -0.009102 0.000000 0.000000 0.000000 0.000000 1 3.669410944e-07 1.723691821e-05
17 0.009738 0.009201 -0.014356 0.012092 0.008022 -0.009102 0.000000 0.000000 0.000000 0.000000 1 3.708992153e-07 1.732097007e-05
17 0.009919 0.009110 -0.013952 0.012092 0.008022 -0.009102 0.000000 0.000000 0.000000 0.000000 1 3.909226507e-07 1.883809455e-05
17 0.010086 0.009027 -0.013579 0.012092 0.008022 -0.009102 0.000000 0.000000 0.000000 0.000000 1 3.920868039e-07 1.711514778e-05
17 0.010240 0.008949 -0.013235 0.012092 0.008022 -0.009102 0.000000 0.000000 0.000000 0.000000 1 3.681052476e-07 1.575890929e-05
17 0.010383 0.008878 -0.012917 0.012092 0.008022 -0.009102 0.000000 0.000000 0.000000 0.000000 1 3.669410944e-07 1.899991184e-05
17 0.010514 0.008812 -0.012624 0.012092 0.008022 -0.009102 0.000000 0.000000 0.000000 0.000000 1 3.699678928e-07 1.709605567e-05
17 0.010635 0.008751 -0.012353 0.012092 0.008022 -0.009102 0.000000 0.000000 0.000000 0.000000 1 4.861503839e-07 1.859199256e-05
17 0.010747 0.008695 -0.012103 0.012092 0.008022 -0.009102 0.000000 0.000000 0.000000 0.000000 1 3.688037395e-07 1.741386950e-05
17 0.010851 0.008643 -0.011872 0.012092 0.008022 -0.009102 0.000000 0.000000 0.000000 0.000000 1 3.681052476e-07 2.196105197e-05
18 0.011438 0.007724 -0.012180 0.017244 0.000751 -0.014327 0.000000 0.000000 0.000000 0.000000 1 3.669410944e-07 1.736893319e-05
18 0.011884 0.007188 -0.012345 0.017244 0.000751 -0.014327 0.000000 0.000000 0.000000 0.000000 1 3.918539733e-07 1.572398469e-05
18 0.012296 0.006693 -0.012498 0.017244 0.000751 -0.014327 0.000000 0.000000 0.000000 0.000000 1 8.419156075e-07 1.862086356e-05
18 0.012677 0.006236 -0.012638 0.017244 0.000751 -0.014327 0.000000 0.000000 0.000000 0.000000 1 3.708992153e-07 1.677498221e-05
18 0.013028 0.005815 -0.012768 0.017244 0.000751 -0.014327 0.000000 0.000000 0.000000 0.000000 1 3.948807716e-07 2.024206333e-05
18 0.013352 0.005425 -0.012888 0.017244 0.000751 -0.014327 0.000000 0.000000 0.000000 0.000000 1 3.639142960e-07 1.585995778e-05
18 0.013651 0.005066 -0.012999 0.017244 0.000751 -0.014327 0.000000 0.000000 0.000000 0.000000 1 3.639142960e-07 1.868512481e-05
18 0.013927 0.004734 -0.013101 0.017244 0.000751 -0.014327 0.000000 0.000000 0.000000 0.000000 1 3.660097718e-07 1.567718573e-05
18 0.014182 0.004428 -0.013195 0.017244 0.000751 -0.014327 0.000000 0.000000 0.000000 0.000000 1 3.669410944e-07 1.713610254e-05
18 0.014418 0.004145 -0.013282 0.017244 0.000751 -0.014327 0.000000 0.000000 0.000000 0.000000 1 3.990717232e-07 1.895078458e-05
18 0.014635 0.003884 -0.013362 0.017244 0.000751 -0.014327 0.000000 0.000000 0.000000 0.000000 1 3.690365702e-07 1.693284139e-05
18 0.014836 0.003643 -0.013437 0.017244 0.000751 -0.014327 0.000000 0.000000 0.000000 0.000000 1 3.690365702e-07 1.632398926e-05
18 0.015021 0.003421 -0.013505 0.017244 0.000751 -0.014327 0.000000 0.000000 0.000000 0.000000 1 3.678724170e-07 1.749000512e-05
18 0.015192 0.003216 -0.013568 0.017244 0.000751 -0.014327 0.000000 0.000000 0.000000 0.000000 1 3.669410944e-07 1.711794175e-05
18 0.015350 0.003026 -0.013627 0.017244 0.000751 -0.014327 0.000000 0.000000 0.000000 0.000000 1 2.419110388e-07 5.890149623e-06
18 0.015495 0.002851 -0.013680 0.017244 0.000751 -0.014327 0.000000 0.000000 0.000000 0.000000 1 1.320149750e-07 6.115064025e-06
18 0.015630 0.002690 -0.013730 0.017244 0.000751 -0.014327 0.000000 0.000000 0.000000 0.000000 1 1.550652087e-07 6.848946214e-06
18 0.015754 0.002541 -0.013776 0.017244 0.000751 -0.014327 0.000000 0.000000 0.000000 0.000000 1 1.781154424e-07 8.205883205e-06
18 0.015868 0.002403 -0.013818 0.017244 0.000751 -0.014327 0.000000 0.000000 0.000000 0.000000 1 4.470348358e-07 2.535688691e-05
18 0.015974 0.002276 -0.013857 0.017244 0.000751 -0.014327 0.000000 0.000000 0.000000 0.000000 1 9.478535503e-07 1.869909465e-05
19 0.016766 0.001886 -0.011358 0.023345 -0.001252 0.003949 0.000000 0.000000 0.000000 0.000000 1 3.690365702e-07 1.765904017e-05
19 0.017272 0.001645 -0.010182 0.023345 -0.001252 0.003949 0.000000 0.000000 0.000000 0.000000 1 3.711320460e-07 1.865602098e-05
19 0.017739 0.001422 -0.009095 0.023345 -0.001252 0.003949 0.000000 0.000000 0.000000 0.000000 1 3.690365702e-07 1.724599861e-05
19 0.018170 0.001217 -0.008092 0.023345 -0.001252 0.003949 0.000000 0.000000 0.000000 0.000000 1 3.718305379e-07 1.715100370e-05
19 0.018568 0.001027 -0.007166 0.023345 -0.001252 0.003949 0.000000 0.000000 0.000000 0.000000 1 3.960449249e-07 1.724716276e-05
19 0.018935 0.000852 -0.006312 0.023345 -0.001252 0.003949 0.000000 0.000000 0.000000 0.000000 1 3.690365702e-07 1.718918793e-05
19 0.019274 0.000690 -0.005523 0.023345 -0.001252 0.003949 0.000000 0.000000 0.000000 0.000000 1 4.030298442e-07 1.716590486e-05
19 0.019587 0.000541 -0.004795 0.023345 -0.001252 0.003949 0.000000 0.000000 0.000000 0.000000 1 3.708992153e-07 1.562596299e-05
19 0.019876 0.000403 -0.004122 0.023345 -0.001252 0.003949 0.000000 0.000000 0.000000 0.000000 1 3.711320460e-07 1.726695336e-05
19 0.020143 0.000276 -0.003502 0.023345 -0.001252 0.003949 0.000000 0.000000 0.000000 0.000000 1 3.711320460e-07 1.678313129e-05
19 0.020389 0.000158 -0.002929 0.023345 -0.001252 0.003949 0.000000 0.000000 0.000000 0.000000 1 3.708992153e-07 1.572887413e-05
19 0.020616 0.000050 -0.002400 0.023345 -0.001252 0.003949 0.000000 0.000000 0.000000 0.000000 1 5.669426173e-07 1.662597060e-05
19 0.020826 -0.000050 -0.001912 0.023345 -0.001252 0.003949 0.000000 0.000000 0.000000 0.000000 1 3.678724170e-07 1.725205220e-05
19 0.021020 -0.000143 -0.001461 0.023345 -0.001252 0.003949 0.000000 0.000000 0.000000 0.000000 1 3.690365702e-07 1.740106381e-05
19 0.021198 -0.000228 -0.001045 0.023345 -0.001252 0.003949 0.000000 0.000000 0.000000 0.000000 1 3.739260137e-07 1.892889850e-05
19 0.021363 -0.000307 -0.000661 0.023345 -0.001252 0.003949 0.000000 0.000000 0.000000 0.000000 1 3.690365702e-07 1.702015288e-05
19 0.021516 -0.000380 -0.000307 0.023345 -0.001252 0.003949 0.000000 0.000000 0.000000 0.000000 1 4.509929568e-07 1.945416443e-05
19 0.021656 -0.000447 0.000020 0.023345 -0.001252 0.003949 0.000000 0.000000 0.000000 0.000000 1 9.103678167e-08 4.767905921e-06
19 0.021786 -0.000509 0.000322 0.023345 -0.001252 0.003949 0.000000 0.000000 0.000000 0.000000 1 1.359730959e-07 6.573041901e-06
19 0.021906 -0.000566 0.000601 0.023345 -0.001252 0.003949 0.000000 0.000000 0.000000 0.000000 1 1.899898052e-07 7.441965863e-06
20 0.022509 -0.001372 0.000033 0.028273 -0.006996 -0.002067 0.000000 0.000000 0.000000 0.000000 1 2.251472324e-07 1.043896191e-05
20 0.022952 -0.001804 -0.000128 0.028273 -0.006996 -0.002067 0.000000 0.000000 0.000000 0.000000 1 2.451706678e-07 1.145619899e-05
20 0.023361 -0.002204 -0.000277 0.028273 -0.006996 -0.002067 0.000000 0.000000 0.000000 0.000000 1 3.678724170e-07 1.601083204e-05
20 0.023739 -0.002572 -0.000415 0.028273 -0.006996 -0.002067 0.000000 0.000000 0.000000 0.000000 1 3.771856427e-07 1.618592069e-05
20 0.024088 -0.002912 -0.000542 0.028273 -0.006996 -0.002067 0.000000 0.000000 0.000000 0.000000 1 3.648456186e-07 1.703202724e-05
20 0.024409 -0.003226 -0.000659 0.028273 -0.006996 -0.002067 0.000000 0.000000 0.000000 0.000000 1 3.699678928e-07 1.707300544e-05
20 0.024707 -0.003516 -0.000767 0.028273 -0.006996 -0.002067 0.000000 0.000000 0.000000 0.000000 1 3.681052476e-07 1.583201811e-05
20 0.024981 -0.003784 -0.000867 0.028273 -0.006996 -0.002067 0.000000 0.000000 0.000000 0.000000 1 3.660097718e-07 1.885788515e-05
20 0.025234 -0.004031 -0.000960 0.028273 -0.006996 -0.002067 0.000000 0.000000 0.000000 0.000000 1 3.769528121e-07 1.610186882e-05
20 0.025468 -0.004259 -0.001045 0.028273 -0.006996 -0.002067 0.000000 0.000000 0.000000 0.000000 1 3.718305379e-07 1.562503166e-05
20 0.025683 -0.004469 -0.001123 0.028273 -0.006996 -0.002067 0.000000 0.000000 0.000000 0.000000 1 3.699678928e-07 1.911399886e-05
20 0.025882 -0.004664 -0.001196 0.028273 -0.006996 -0.002067 0.000000 0.000000 0.000000 0.000000 1 3.660097718e-07 1.708511263e-05
20 0.026066 -0.004843 -0.001263 0.028273 -0.006996 -0.002067 0.000000 0.000000 0.000000 0.000000 1 4.670582712e-07 2.254894935e-05
20 0.026236 -0.005008 -0.001325 0.028273 -0.006996 -0.002067 0.000000 0.000000 0.000000 0.000000 1 7.338821888e-07 1.867208630e-05
20 0.026393 -0.005161 -0.001382 0.028273 -0.006996 -0.002067 0.000000 0.000000 0.000000 0.000000 1 3.650784492e-07 1.980201341e-05
20 0.026537 -0.005302 -0.001434 0.028273 -0.006996 -0.002067 0.000000 0.000000 0.000000 0.000000 1 3.681052476e-07 1.742807217e-05
20 0.026671 -0.005433 -0.001483 0.028273 -0.006996 -0.002067 0.000000 0.000000 0.000000 0.000000 1 4.600733519e-07 2.476992086e-05
20 0.026794 -0.005553 -0.001528 0.028273 -0.006996 -0.002067 0.000000 0.000000 0.000000 0.000000 1 3.639142960e-07 1.563015394e-05
20 0.026908 -0.005664 -0.001569 0.028273 -0.006996 -0.002067 0.000000 0.000000 0.000000 0.000000 1 3.650784492e-07 1.890887506e-05
20 0.027013 -0.005766 -0.001608 0.028273 -0.006996 -0.002067 0.000000 0.000000 0.000000 0.000000 1 3.678724170e-07 1.562200487e-05
21 0.027941 -0.005723 0.000671 0.033559 -0.006513 0.009935 0.000000 0.000000 0.000000 0.000000 1 9.520445019e-07 2.655200660e-05
21 0.028373 -0.005784 0.001383 0.033559 -0.006513 0.009935 0.000000 0.000000 0.000000 0.000000 1 7.499475032e-07 2.627191134e-05
21 0.028771 -0.005840 0.002041 0.033559 -0.006513 0.009935 0.000000 0.000000 0.000000 0.000000 1 7.939524949e-07 2.628006041e-05
21 0.029139 -0.005892 0.002647 0.033559 -0.006513 0.009935 0.000000 0.000000 0.000000 0.000000 1 3.699678928e-07 1.732190140e-05
21 0.029479 -0.005939 0.003208 0.033559 -0.006513 0.009935 0.000000 0.000000 0.000000 0.000000 1 3.927852958e-07 1.717382111e-05
21 0.029793 -0.005984 0.003725 0.033559 -0.006513 0.009935 0.000000 0.000000 0.000000 0.000000 1 3.699678928e-07 1.715309918e-05
21 0.030082 -0.006024 0.004202 0.033559 -0.006513 0.009935 0.000000 0.000000 0.000000 0.000000 1 3.699678928e-07 1.712189987e-05
21 0.030350 -0.006062 0.004643 0.033559 -0.006513 0.009935 0.000000 0.000000 0.000000 0.000000 1 3.729946911e-07 1.706695184e-05
21 0.030597 -0.006096 0.005050 0.033559 -0.006513 0.009935 0.000000 0.000000 0.000000 0.000000 1 3.750901669e-07 1.917895861e-05
21 0.030824 -0.006128 0.005425 0.033559 -0.006513 0.009935 0.000000 0.000000 0.000000 0.000000 1 3.648456186e-07 1.728581265e-05
21 0.031035 -0.006158 0.005772 0.033559 -0.006513 0.009935 0.000000 0.000000 0.000000 0.000000 1 5.420297384e-07 1.080287620e-05
21 0.031229 -0.006185 0.006092 0.033559 -0.006513 0.009935 0.000000 0.000000 0.000000 0.000000 1 2.570450306e-07 1.303013414e-05
21 0.031408 -0.006211 0.006388 0.033559 -0.006513 0.009935 0.000000 0.000000 0.000000 0.000000 1 2.339947969e-07 9.372131899e-06
21 0.031573 -0.006234 0.006660 0.033559 -0.006513 0.009935 0.000000 0.000000 0.000000 0.000000 1 1.909211278e-07 9.636860341e-06
21 0.031726 -0.006255 0.006912 0.033559 -0.006513 0.009935 0.000000 0.000000 0.000000 0.000000 1 3.429595381e-07 1.582992263e-05
21 0.031867 -0.006275 0.007144 0.033559 -0.006513 0.009935 0.000000 0.000000 0.000000 0.000000 1 3.699678928e-07 1.585786231e-05
21 0.031997 -0.006293 0.007359 0.033559 -0.006513 0.009935 0.000000 0.000000 0.000000 0.000000 1 3.729946911e-07 1.573399641e-05
21 0.032117 -0.006310 0.007557 0.033559 -0.006513 0.009935 0.000000 0.000000 0.000000 0.000000 1 4.239846021e-07 1.583900303e-05
21 0.032228 -0.006326 0.007740 0.033559 -0.006513 0.009935 0.000000 0.000000 0.000000 0.000000 1 3.681052476e-07 1.730909571e-05
21 0.032330 -0.006340 0.007908 0.033559 -0.006513 0.009935 0.000000 0.000000 0.000000 0.000000 1 3.708992153e-07 1.599895768e-05
22 0.033173 -0.007035 0.006405 0.038480 -0.010208 0.001787 0.000000 0.000000 0.000000 0.000000 1 3.688037395e-07 1.592002809e-05
22 0.033581 -0.007279 0.006050 0.038480 -0.010208 0.001787 0.000000 0.000000 0.000000 0.000000 1 3.708992153e-07 1.578405499e-05
22 0.033958 -0.007504 0.005723 0.038480 -0.010208 0.001787 0.000000 0.000000 0.000000 0.000000 1 5.369074643e-07 1.692399383e-05
22 0.034305 -0.007712 0.005420 0.038480 -0.010208 0.001787 0.000000 0.000000 0.000000 0.000000 1 3.720633686e-07 1.568091102e-05
22 0.034626 -0.007904 0.005141 0.038480 -0.010208 0.001787 0.000000 0.000000 0.000000 0.000000 1 3.720633686e-07 1.731398515e-05
22 0.034923 -0.008081 0.004883 0.038480 -0.010208 0.001787 0.000000 0.000000 0.000000 0.000000 1 3.690365702e-07 1.612002961e-05
22 0.035196 -0.008245 0.004645 0.038480 -0.010208 0.001787 0.000000 0.000000 0.000000 0.000000 1 3.729946911e-07 1.708487980e-05
22 0.035449 -0.008396 0.004425 0.038480 -0.010208 0.001787 0.000000 0.000000 0.000000 0.000000 1 4.810281098e-07 1.764507033e-05
22 0.035682 -0.008535 0.004222 0.038480 -0.010208 0.001787 0.000000 0.000000 0.000000 0.000000 1 3.678724170e-07 1.598801464e-05
22 0.035897 -0.008664 0.004035 0.038480 -0.010208 0.001787 0.000000 0.000000 0.000000 0.000000 1 3.690365702e-07 1.617101952e-05
22 0.036096 -0.008782 0.003862 0.038480 -0.010208 0.001787 0.000000 0.000000 0.000000 0.000000 1 3.699678928e-07 1.697917469e-05
22 0.036279 -0.008892 0.003703 0.038480 -0.010208 0.001787 0.000000 0.000000 0.000000 0.000000 1 3.690365702e-07 1.636613160e-05
22 0.036448 -0.008993 0.003555 0.038480 -0.010208 0.001787 0.000000 0.000000 0.000000 0.000000 1 3.729946911e-07 1.872004941e-05
22 0.036604 -0.009087 0.003419 0.038480 -0.010208 0.001787 0.000000 0.000000 0.000000 0.000000 1 3.699678928e-07 1.684785821e-05
22 0.036749 -0.009173 0.003294 0.038480 -0.010208 0.001787 0.000000 0.000000 0.000000 0.000000 1 3.681052476e-07 1.882691868e-05
22 0.036882 -0.009252 0.003178 0.038480 -0.010208 0.001787 0.000000 0.000000 0.000000 0.000000 1 3.690365702e-07 1.698709093e-05
22 0.037005 -0.009326 0.003071 0.038480 -0.010208 0.001787 0.000000 0.000000 0.000000 0.000000 1 3.699678928e-07 1.708394848e-05
22 0.037118 -0.009394 0.002972 0.038480 -0.010208 0.001787 0.000000 0.000000 0.000000 0.000000 1 3.729946911e-07 1.703808084e-05
22 0.037223 -0.009456 0.002881 0.038480 -0.010208 0.001787 0.000000 0.000000 0.000000 0.000000 1 3.718305379e-07 1.568696462e-05
22 0.037319 -0.009514 0.002797 0.038480 -0.010208 0.001787 0.000000 0.000000 0.000000 0.000000 1 4.020985216e-07 1.698802225e-05
23 0.037777 -0.008875 0.003751 0.042065 -0.006603 0.007801 0.000000 0.000000 0.000000 0.000000 1 3.690365702e-07 1.889886335e-05
23 0.038107 -0.008700 0.004062 0.042065 -0.006603 0.007801 0.000000 0.000000 0.000000 0.000000 1 3.681052476e-07 1.725298353e-05
23 0.038411 -0.008539 0.004350 0.042065 -0.006603 0.007801 0.000000 0.000000 0.000000 0.000000 1 3.720633686e-07 1.574493945e-05
23 0.038692 -0.008390 0.004615 0.042065 -0.006603 0.007801 0.000000 0.000000 0.000000 0.000000 1 3.690365702e-07 1.613190398e-05
23 0.038951 -0.008253 0.004860 0.042065 -0.006603 0.007801 0.000000 0.000000 0.000000 0.000000 1 3.918539733e-07 1.790095121e-05
23 0.039191 -0.008126 0.005086 0.042065 -0.006603 0.007801 0.000000 0.000000 0.000000 0.000000 1 3.708992153e-07 1.735379919e-05
23 0.039412 -0.008009 0.005295 0.042065 -0.006603 0.007801 0.000000 0.000000 0.000000 0.000000 1 3.750901669e-07 1.720990986e-05
23 0.039616 -0.007901 0.005488 0.042065 -0.006603 0.007801 0.000000 0.000000 0.000000 0.000000 1 3.720633686e-07 1.870188862e-05
23 0.039804 -0.007801 0.005666 0.042065 -0.006603 0.007801 0.000000 0.000000 0.000000 0.000000 1 3.769528121e-07 1.747696660e-05
23 0.039978 -0.007709 0.005830 0.042065 -0.006603 0.007801 0.000000 0.000000 0.000000 0.000000 1 3.699678928e-07 1.862994395e-05
23 0.040139 -0.007624 0.005981 0.042065 -0.006603 0.007801 0.000000 0.000000 0.000000 0.000000 1 3.681052476e-07 1.721200533e-05
23 0.040287 -0.007545 0.006121 0.042065 -0.006603 0.007801 0.000000 0.000000 0.000000 0.000000 1 3.711320460e-07 1.747300848e-05
23 0.040423 -0.007473 0.006250 0.042065 -0.006603 0.007801 0.000000 0.000000 0.000000 0.000000 1 3.660097718e-07 1.719291322e-05
23 0.040550 -0.007406 0.006370 0.042065 -0.006603 0.007801 0.000000 0.000000 0.000000 0.000000 1 3.699678928e-07 1.872493885e-05
23 0.040666 -0.007344 0.006480 0.042065 -0.006603 0.007801 0.000000 0.000000 0.000000 0.000000 1 3.708992153e-07 1.886487007e-05
23 0.040774 -0.007287 0.006581 0.042065 -0.006603 0.007801 0.000000 0.000000 0.000000 0.000000 1 3.690365702e-07 1.702108420e-05
23 0.040873 -0.007234 0.006675 0.042065 -0.006603 0.007801 0.000000 0.000000 0.000000 0.000000 1 3.690365702e-07 1.891516149e-05
23 0.040965 -0.007186 0.006762 0.042065 -0.006603 0.007801 0.000000 0.000000 0.000000 0.000000 1 3.939494491e-07 1.744995825e-05
23 0.041049 -0.007141 0.006842 0.042065 -0.006603 0.007801 0.000000 0.000000 0.000000 0.000000 1 3.941822797e-07 1.891516149e-05
23 0.041128 -0.007100 0.006915 0.042065 -0.006603 0.007801 0.000000 0.000000 0.000000 0.000000 1 3.951136023e-07 1.885998063e-05
24 0.041878 -0.007455 0.004799 0.046132 -0.008489 -0.001474 0.000000 0.000000 0.000000 0.000000 1 3.990717232e-07 1.576379873e-05
24 0.042205 -0.007535 0.004316 0.046132 -0.008489 -0.001474 0.000000 0.000000 0.000000 0.000000 1 6.598420441e-07 1.757498831e-05
24 0.042507 -0.007608 0.003871 0.046132 -0.008489 -0.001474 0.000000 0.000000 0.000000 0.000000 1 3.629829735e-07 1.886207610e-05
24 0.042786 -0.007676 0.003460 0.046132 -0.008489 -0.001474 0.000000 0.000000 0.000000 0.000000 1 3.660097718e-07 1.685600728e-05
24 0.043043 -0.007738 0.003081 0.046132 -0.008489 -0.001474 0.000000 0.000000 0.000000 0.000000 1 3.648456186e-07 1.893821172e-05
24 0.043281 -0.007796 0.002731 0.046132 -0.008489 -0.001474 0.000000 0.000000 0.000000 0.000000 1 3.690365702e-07 1.862016506e-05
24 0.043500 -0.007849 0.002408 0.046132 -0.008489 -0.001474 0.000000 0.000000 0.000000 0.000000 1 3.969762474e-07 1.614401117e-05
24 0.043702 -0.007899 0.002109 0.046132 -0.008489 -0.001474 0.000000 0.000000 0.000000 0.000000 1 2.339947969e-07 1.014908776e-05
24 0.043889 -0.007944 0.001834 0.046132 -0.008489 -0.001474 0.000000 0.000000 0.000000 0.000000 1 9.685754776e-08 4.210975021e-06
24 0.044062 -0.007986 0.001579 0.046132 -0.008489 -0.001474 0.000000 0.000000 0.000000 0.000000 1 8.987262845e-08 4.156958312e-06
24 0.044221 -0.008025 0.001345 0.046132 -0.008489 -0.001474 0.000000 0.000000 0.000000 0.000000 1 3.660097718e-07 1.656590030e-05
24 0.044368 -0.008060 0.001128 0.046132 -0.008489 -0.001474 0.000000 0.000000 0.000000 0.000000 1 3.690365702e-07 1.774681732e-05
24 0.044504 -0.008093 0.000928 0.046132 -0.008489 -0.001474 0.000000 0.000000 0.000000 0.000000 1 3.720633686e-07 1.736800186e-05
24 0.044629 -0.008124 0.000743 0.046132 -0.008489 -0.001474 0.000000 0.000000 0.000000 0.000000 1 4.090834409e-07 1.615611836e-05
24 0.044744 -0.008152 0.000573 0.046132 -0.008489 -0.001474 0.000000 0.000000 0.000000 0.000000 1 3.981404006e-07 1.885392703e-05
24 0.044851 -0.008178 0.000416 0.046132 -0.008489 -0.001474 0.000000 0.000000 0.000000 0.000000 1 3.639142960e-07 1.823506318e-05
24 0.044950 -0.008202 0.000270 0.046132 -0.008489 -0.001474 0.000000 0.000000 0.000000 0.000000 1 3.930181265e-07 1.741503365e-05
24 0.045041 -0.008224 0.000136 0.046132 -0.008489 -0.001474 0.000000 0.000000 0.000000 0.000000 1 3.918539733e-07 1.581385732e-05
24 0.045124 -0.008244 0.000013 0.046132 -0.008489 -0.001474 0.000000 0.000000 0.000000 0.000000 1 2.989545465e-07 4.891073331e-06
24 0.045202 -0.008263 -0.000102 0.046132 -0.008489 -0.001474 0.000000 0.000000 0.000000 0.000000 1 9.406358004e-08 3.869179636e-06
25 0.045338 -0.007563 0.000447 0.048970 -0.003602 0.003304 0.000000 0.000000 0.000000 0.000000 1 1.231674105e-07 5.862908438e-06
25 0.045617 -0.007259 0.000666 0.048970 -0.003602 0.003304 0.000000 0.000000 0.000000 0.000000 1 1.338776201e-07 6.417045370e-06
25 0.045875 -0.006977 0.000869 0.048970 -0.003602 0.003304 0.000000 0.000000 0.000000 0.000000 1 1.240987331e-07 5.262903869e-06
25 0.046113 -0.006718 0.001057 0.048970 -0.003602 0.003304 0.000000 0.000000 0.000000 0.000000 1 1.369044185e-07 6.264075637e-06
25 0.046333 -0.006478 0.001229 0.048970 -0.003602 0.003304 0.000000 0.000000 0.000000 0.000000 1 3.899913281e-07 1.850002445e-05
25 0.046535 -0.006257 0.001389 0.048970 -0.003602 0.003304 0.000000 0.000000 0.000000 0.000000 1 3.920868039e-07 1.743901521e-05
25 0.046723 -0.006053 0.001536 0.048970 -0.003602 0.003304 0.000000 0.000000 0.000000 0.000000 1 3.939494491e-07 1.717498526e-05
25 0.046895 -0.005865 0.001672 0.048970 -0.003602 0.003304 0.000000 0.000000 0.000000 0.000000 1 3.951136023e-07 1.731002703e-05
25 0.047055 -0.005691 0.001798 0.048970 -0.003602 0.003304 0.000000 0.000000 0.000000 0.000000 1 3.690365702e-07 1.612398773e-05
25 0.047202 -0.005530 0.001913 0.048970 -0.003602 0.003304 0.000000 0.000000 0.000000 0.000000 1 3.708992153e-07 1.573190093e-05
25 0.047338 -0.005382 0.002020 0.048970 -0.003602 0.003304 0.000000 0.000000 0.000000 0.000000 1 3.948807716e-07 1.745694317e-05
25 0.047464 -0.005245 0.002119 0.048970 -0.003602 0.003304 0.000000 0.000000 0.000000 0.000000 1 3.899913281e-07 1.728488132e-05
25 0.047580 -0.005119 0.002210 0.048970 -0.003602 0.003304 0.000000 0.000000 0.000000 0.000000 1 4.309695214e-07 1.898501068e-05
25 0.047686 -0.005002 0.002294 0.048970 -0.003602 0.003304 0.000000 0.000000 0.000000 0.000000 1 3.851018846e-07 1.890189014e-05
25 0.047785 -0.004894 0.002372 0.048970 -0.003602 0.003304 0.000000 0.000000 0.000000 0.000000 1 3.860332072e-07 1.570419408e-05
25 0.047876 -0.004795 0.002444 0.048970 -0.003602 0.003304 0.000000 0.000000 0.000000 0.000000 1 7.939524949e-07 1.989700831e-05
25 0.047960 -0.004703 0.002510 0.048970 -0.003602 0.003304 0.000000 0.000000 0.000000 0.000000 1 3.890600055e-07 1.688697375e-05
25 0.048038 -0.004619 0.002571 0.048970 -0.003602 0.003304 0.000000 0.000000 0.000000 0.000000 1 3.918539733e-07 1.731701195e-05
25 0.048110 -0.004540 0.002627 0.048970 -0.003602 0.003304 0.000000 0.000000 0.000000 0.000000 1 3.650784492e-07 1.607509330e-05
25 0.048176 -0.004468 0.002679 0.048970 -0.003602 0.003304 0.000000 0.000000 0.000000 0.000000 1 3.729946911e-07 1.743901521e-05
26 0.049132 -0.004797 0.000602 0.052979 -0.005025 -0.003907 0.000000 0.000000 0.000000 0.000000 1 3.708992153e-07 1.871888526e-05
26 0.049427 -0.004815 0.000255 0.052979 -0.005025 -0.003907 0.000000 0.000000 0.000000 0.000000 1 3.699678928e-07 1.752097160e-05
26 0.049700 -0.004831 -0.000065 0.052979 -0.005025 -0.003907 0.000000 0.000000 0.000000 0.000000 1 3.890600055e-07 1.702411100e-05
26 0.049952 -0.004846 -0.000360 0.052979 -0.005025 -0.003907 0.000000 0.000000 0.000000 0.000000 1 3.941822797e-07 1.658499241e-05
26 0.050185 -0.004860 -0.000633 0.052979 -0.005025 -0.003907 0.000000 0.000000 0.000000 0.000000 1 3.650784492e-07 1.866812818e-05
26 0.050400 -0.004872 -0.000885 0.052979 -0.005025 -0.003907 0.000000 0.000000 0.000000 0.000000 1 3.650784492e-07 1.573795453e-05
26 0.050598 -0.004884 -0.001117 0.052979 -0.005025 -0.003907 0.000000 0.000000 0.000000 0.000000 1 3.990717232e-07 1.719011925e-05
26 0.050781 -0.004895 -0.001332 0.052979 -0.005025 -0.003907 0.000000 0.000000 0.000000 0.000000 1 3.790482879e-07 1.707510091e-05
26 0.050950 -0.004905 -0.001530 0.052979 -0.005025 -0.003907 0.000000 0.000000 0.000000 0.000000 1 4.048924893e-07 1.705181785e-05
26 0.051106 -0.004914 -0.001712 0.052979 -0.005025 -0.003907 0.000000 0.000000 0.000000 0.000000 1 4.579778761e-07 1.906813122e-05
26 0.051250 -0.004923 -0.001881 0.052979 -0.005025 -0.003907 0.000000 0.000000 0.000000 0.000000 1 3.459863365e-07 1.774798147e-05
26 0.051383 -0.004931 -0.002037 0.052979 -0.005025 -0.003907 0.000000 0.000000 0.000000 0.000000 1 3.650784492e-07 1.738290302e-05
26 0.051506 -0.004938 -0.002181 0.052979 -0.005025 -0.003907 0.000000 0.000000 0.000000 0.000000 1 9.480863810e-07 1.947977580e-05
26 0.051619 -0.004945 -0.002313 0.052979 -0.005025 -0.003907 0.000000 0.000000 0.000000 0.000000 1 3.441236913e-07 1.492118463e-05
26 0.051723 -0.004951 -0.002436 0.052979 -0.005025 -0.003907 0.000000 0.000000 0.000000 0.000000 1 3.669410944e-07 1.726415940e-05
26 0.051820 -0.004957 -0.002549 0.052979 -0.005025 -0.003907 0.000000 0.000000 0.000000 0.000000 1 3.678724170e-07 1.707090996e-05
26 0.051909 -0.004962 -0.002653 0.052979 -0.005025 -0.003907 0.000000 0.000000 0.000000 0.000000 1 3.678724170e-07 1.572305337e-05
26 0.051991 -0.004967 -0.002750 0.052979 -0.005025 -0.003907 0.000000 0.000000 0.000000 0.000000 1 3.699678928e-07 1.885509118e-05
26 0.052067 -0.004971 -0.002839 0.052979 -0.005025 -0.003907 0.000000 0.000000 0.000000 0.000000 1 3.648456186e-07 1.721293665e-05
26 0.052137 -0.004976 -0.002921 0.052979 -0.005025 -0.003907 0.000000 0.000000 0.000000 0.000000 1 4.160683602e-07 1.744786277e-05
27 0.052358 -0.004284 -0.001849 0.056327 -0.000711 0.003402 0.000000 0.000000 0.000000 0.000000 1 3.699678928e-07 1.565809362e-05
27 0.052663 -0.004009 -0.001445 0.056327 -0.000711 0.003402 0.000000 0.000000 0.000000 0.000000 1 9.709037840e-08 3.847992048e-06
27 0.052945 -0.003755 -0.001073 0.056327 -0.000711 0.003402 0.000000 0.000000 0.000000 0.000000 1 4.000030458e-07 1.578009687e-05
27 0.053205 -0.003521 -0.000729 0.056327 -0.000711 0.003402 0.000000 0.000000 0.000000 0.000000 1 3.951136023e-07 1.568300650e-05
27 0.053445 -0.003305 -0.000411 0.056327 -0.000711 0.003402 0.000000 0.000000 0.000000 0.000000 1 6.470363587e-07 1.864903606e-05
27 0.053667 -0.003106 -0.000118 0.056327 -0.000711 0.003402 0.000000 0.000000 0.000000 0.000000 1 3.990717232e-07 1.412886195e-05
27 0.053871 -0.002922 0.000153 0.056327 -0.000711 0.003402 0.000000 0.000000 0.000000 0.000000 1 8.109491318e-07 2.671196125e-05
27 0.054060 -0.002752 0.000403 0.056327 -0.000711 0.003402 0.000000 0.000000 0.000000 0.000000 1 3.708992153e-07 1.729000360e-05
27 0.054234 -0.002595 0.000633 0.056327 -0.000711 0.003402 0.000000 0.000000 0.000000 0.000000 1 7.541384548e-07 2.637086436e-05
27 0.054395 -0.002450 0.000846 0.056327 -0.000711 0.003402 0.000000 0.000000 0.000000 0.000000 1 9.899958968e-07 2.801115625e-05
27 0.054544 -0.002316 0.001043 0.056327 -0.000711 0.003402 0.000000 0.000000 0.000000 0.000000 1 4.980247468e-07 1.763505861e-05
27 0.054681 -0.002193 0.001224 0.056327 -0.000711 0.003402 0.000000 0.000000 0.000000 0.000000 1 9.150244296e-07 2.656201832e-05
27 0.054808 -0.002079 0.001392 0.056327 -0.000711 0.003402 0.000000 0.000000 0.000000 0.000000 1 5.180481821e-07 1.803506166e-05
27 0.054924 -0.001974 0.001546 0.056327 -0.000711 0.003402 0.000000 0.000000 0.000000 0.000000 1 3.699678928e-07 1.602992415e-05
27 0.055032 -0.001877 0.001689 0.056327 -0.000711 0.003402 0.000000 0.000000 0.000000 0.000000 1 3.699678928e-07 1.853890717e-05
27 0.055132 -0.001787 0.001821 0.056327 -0.000711 0.003402 0.000000 0.000000 0.000000 0.000000 1 3.657769412e-07 1.562596299e-05
27 0.055224 -0.001704 0.001942 0.056327 -0.000711 0.003402 0.000000 0.000000 0.000000 0.000000 1 4.570465535e-07 1.773890108e-05
27 0.055309 -0.001628 0.002054 0.056327 -0.000711 0.003402 0.000000 0.000000 0.000000 0.000000 1 3.711320460e-07 1.698196866e-05
27 0.055387 -0.001557 0.002158 0.056327 -0.000711 0.003402 0.000000 0.000000 0.000000 0.000000 1 3.681052476e-07 1.725484617e-05
27 0.055459 -0.001492 0.002254 0.056327 -0.000711 0.003402 0.000000 0.000000 0.000000 0.000000 1 3.720633686e-07 1.681013964e-05
28 0.056409 -0.002075 0.000742 0.060792 -0.003098 -0.002426 0.000000 0.000000 0.000000 0.000000 1 3.681052476e-07 1.579406671e-05
28 0.056746 -0.002154 0.000499 0.060792 -0.003098 -0.002426 0.000000 0.000000 0.000000 0.000000 1 6.130430847e-07 1.627719030e-05
28 0.057057 -0.002226 0.000274 0.060792 -0.003098 -0.002426 0.000000 0.000000 0.000000 0.000000 1 3.811437637e-07 1.899292693e-05
28 0.057344 -0.002293 0.000066 0.060792 -0.003098 -0.002426 0.000000 0.000000 0.000000 0.000000 1 3.681052476e-07 1.738592982e-05
28 0.057609 -0.002355 -0.000125 0.060792 -0.003098 -0.002426 0.000000 0.000000 0.000000 0.000000 1 3.660097718e-07 1.694611274e-05
28 0.057854 -0.002412 -0.000302 0.060792 -0.003098 -0.002426 0.000000 0.000000 0.000000 0.000000 1 3.660097718e-07 1.728488132e-05
28 0.058080 -0.002465 -0.000466 0.060792 -0.003098 -0.002426 0.000000 0.000000 0.000000 0.000000 1 9.939540178e-07 1.914496534e-05
28 0.058288 -0.002514 -0.000616 0.060792 -0.003098 -0.002426 0.000000 0.000000 0.000000 0.000000 1 3.690365702e-07 1.717894338e-05
28 0.058481 -0.002558 -0.000755 0.060792 -0.003098 -0.002426 0.000000 0.000000 0.000000 0.000000 1 3.648456186e-07 1.844204962e-05
28 0.058658 -0.002600 -0.000884 0.060792 -0.003098 -0.002426 0.000000 0.000000 0.000000 0.000000 1 3.678724170e-07 1.568207517e-05
28 0.058822 -0.002638 -0.001002 0.060792 -0.003098 -0.002426 0.000000 0.000000 0.000000 0.000000 1 3.029126674e-07 1.448206604e-05
28 0.058974 -0.002674 -0.001112 0.060792 -0.003098 -0.002426 0.000000 0.000000 0.000000 0.000000 1 3.410968930e-07 1.492188312e-05
28 0.059114 -0.002706 -0.001213 0.060792 -0.003098 -0.002426 0.000000 0.000000 0.000000 0.000000 1 3.639142960e-07 1.745903865e-05
28 0.059243 -0.002736 -0.001306 0.060792 -0.003098 -0.002426 0.000000 0.000000 0.000000 0.000000 1 3.790482879e-07 1.753913239e-05
28 0.059362 -0.002764 -0.001392 0.060792 -0.003098 -0.002426 0.000000 0.000000 0.000000 0.000000 1 3.678724170e-07 2.634781413e-05
28 0.059472 -0.002790 -0.001472 0.060792 -0.003098 -0.002426 0.000000 0.000000 0.000000 0.000000 1 3.690365702e-07 1.898221672e-05
28 0.059573 -0.002813 -0.001545 0.060792 -0.003098 -0.002426 0.000000 0.000000 0.000000 0.000000 1 3.669410944e-07 1.591001637e-05
28 0.059667 -0.002835 -0.001613 0.060792 -0.003098 -0.002426 0.000000 0.000000 0.000000 0.000000 1 3.669410944e-07 1.580198295e-05
28 0.059753 -0.002855 -0.001675 0.060792 -0.003098 -0.002426 0.000000 0.000000 0.000000 0.000000 1 3.681052476e-07 1.570279710e-05
28 0.059833 -0.002874 -0.001733 0.060792 -0.003098 -0.002426 0.000000 0.000000 0.000000 0.000000 1 3.660097718e-07 1.879292540e-05
29 0.060340 -0.002219 -0.000020 0.065126 0.000326 0.006771 0.000000 0.000000 0.000000 0.000000 1 3.948807716e-07 1.605995931e-05
29 0.060708 -0.002024 0.000503 0.065126 0.000326 0.006771 0.000000 0.000000 0.000000 0.000000 1 3.930181265e-07 1.579290256e-05
29 0.061047 -0.001843 0.000985 0.065126 0.000326 0.006771 0.000000 0.000000 0.000000 0.000000 1 3.720633686e-07 1.564505510e-05
29 0.061361 -0.001676 0.001430 0.065126 0.000326 0.006771 0.000000 0.000000 0.000000 0.000000 1 8.391216397e-07 1.877988689e-05
29 0.061650 -0.001522 0.001840 0.065126 0.000326 0.006771 0.000000 0.000000 0.000000 0.000000 1 4.100147635e-07 1.906906255e-05
29 0.061917 -0.001380 0.002219 0.065126 0.000326 0.006771 0.000000 0.000000 0.000000 0.000000 1 3.681052476e-07 1.874682494e-05
29 0.062164 -0.001249 0.002569 0.065126 0.000326 0.006771 0.000000 0.000000 0.000000 0.000000 1 3.720633686e-07 1.714797691e-05
29 0.062392 -0.001128 0.002892 0.065126 0.000326 0.006771 0.000000 0.000000 0.000000 0.000000 1 3.720633686e-07 1.890282147e-05
29 0.062602 -0.001016 0.003191 0.065126 0.000326 0.006771 0.000000 0.000000 0.000000 0.000000 1 3.699678928e-07 1.723598689e-05
29 0.062796 -0.000913 0.003466 0.065126 0.000326 0.006771 0.000000 0.000000 0.000000 0.000000 1 3.708992153e-07 1.589092426e-05
29 0.062975 -0.000817 0.003720 0.065126 0.000326 0.006771 0.000000 0.000000 0.000000 0.000000 1 3.739260137e-07 1.719594002e-05
29 0.063140 -0.000730 0.003955 0.065126 0.000326 0.006771 0.000000 0.000000 0.000000 0.000000 1 3.690365702e-07 1.892400905e-05
29 0.063293 -0.000648 0.004171 0.065126 0.000326 0.006771 0.000000 0.000000 0.000000 0.000000 1 3.669410944e-07 1.744111069e-05
29 0.063434 -0.000573 0.004371 0.065126 0.000326 0.006771 0.000000 0.000000 0.000000 0.000000 1 3.688037395e-07 1.718895510e-05
29 0.063564 -0.000504 0.004556 0.065126 0.000326 0.006771 0.000000 0.000000 0.000000 0.000000 1 3.711320460e-07 1.742620952e-05
29 0.063684 -0.000440 0.004726 0.065126 0.000326 0.006771 0.000000 0.000000 0.000000 0.000000 1 5.550682545e-07 1.745694317e-05
29 0.063795 -0.000381 0.004883 0.065126 0.000326 0.006771 0.000000 0.000000 0.000000 0.000000 1 4.009343684e-07 1.723505557e-05
29 0.063897 -0.000327 0.005028 0.065126 0.000326 0.006771 0.000000 0.000000 0.000000 0.000000 1 3.669410944e-07 1.577218063e-05
29 0.063992 -0.000277 0.005162 0.065126 0.000326 0.006771 0.000000 0.000000 0.000000 0.000000 1 3.229361027e-07 1.380080357e-05
29 0.064079 -0.000230 0.005286 0.065126 0.000326 0.006771 0.000000 0.000000 0.000000 0.000000 1 2.710148692e-07 8.488073945e-06
30 0.064801 -0.000853 0.004309 0.070369 -0.002965 0.001569 0.000000 0.000000 0.000000 0.000000 1 5.289912224e-07 1.466204412e-05
30 0.065229 -0.001015 0.004098 0.070369 -0.002965 0.001569 0.000000 0.000000 0.000000 0.000000 1 3.750901669e-07 1.320987940e-05
30 0.065624 -0.001165 0.003904 0.070369 -0.002965 0.001569 0.000000 0.000000 0.000000 0.000000 1 7.338821888e-07 2.460996620e-05
30 0.065989 -0.001304 0.003724 0.070369 -0.002965 0.001569 0.000000 0.000000 0.000000 0.000000 1 7.520429790e-07 2.627610229e-05
30 0.066326 -0.001431 0.003559 0.070369 -0.002965 0.001569 0.000000 0.000000 0.000000 0.000000 1 2.570450306e-07 1.232116483e-05
30 0.066637 -0.001549 0.003406 0.070369 -0.002965 0.001569 0.000000 0.000000 0.000000 0.000000 1 3.278255463e-07 1.630908810e-05
30 0.066924 -0.001658 0.003264 0.070369 -0.002965 0.001569 0.000000 0.000000 0.000000 0.000000 1 3.690365702e-07 1.867418177e-05
30 0.067189 -0.001759 0.003134 0.070369 -0.002965 0.001569 0.000000 0.000000 0.000000 0.000000 1 3.809109330e-07 1.746579073e-05
30 0.067433 -0.001851 0.003014 0.070369 -0.002965 0.001569 0.000000 0.000000 0.000000 0.000000 1 3.678724170e-07 1.706299372e-05
30 0.067659 -0.001937 0.002903 0.070369 -0.002965 0.001569 0.000000 0.000000 0.000000 0.000000 1 3.660097718e-07 1.891981810e-05
30 0.067867 -0.002016 0.002800 0.070369 -0.002965 0.001569 0.000000 0.000000 0.000000 0.000000 1 3.909226507e-07 1.898291521e-05
30 0.068059 -0.002089 0.002705 0.070369 -0.002965 0.001569 0.000000 0.000000 0.000000 0.000000 1 3.720633686e-07 1.587206498e-05
30 0.068237 -0.002156 0.002618 0.070369 -0.002965 0.001569 0.000000 0.000000 0.000000 0.000000 1 3.720633686e-07 1.708301716e-05
30 0.068401 -0.002218 0.002537 0.070369 -0.002965 0.001569 0.000000 0.000000 0.000000 0.000000 1 3.699678928e-07 1.580500975e-05
30 0.068552 -0.002276 0.002463 0.070369 -0.002965 0.001569 0.000000 0.000000 0.000000 0.000000 1 4.009343684e-07 1.686392352e-05
30 0.068692 -0.002329 0.002394 0.070369 -0.002965 0.001569 0.000000 0.000000 0.000000 0.000000 1 3.729946911e-07 1.865392551e-05
30 0.068821 -0.002378 0.002331 0.070369 -0.002965 0.001569 0.000000 0.000000 0.000000 0.000000 1 3.702007234e-07 1.864484511e-05
30 0.068940 -0.002423 0.002272 0.070369 -0.002965 0.001569 0.000000 0.000000 0.000000 0.000000 1 4.498288035e-07 1.947698183e-05
30 0.069050 -0.002465 0.002218 0.070369 -0.002965 0.001569 0.000000 0.000000 0.000000 0.000000 1 3.690365702e-07 1.587206498e-05
30 0.069151 -0.002503 0.002168 0.070369 -0.002965 0.001569 0.000000 0.000000 0.000000 0.000000 1 3.930181265e-07 1.703505404e-05
31 0.069819 -0.001871 0.003841 0.075430 0.000248 0.010125 0.000000 0.000000 0.000000 0.000000 1 3.699678928e-07 1.571397297e-05
31 0.070251 -0.001708 0.004324 0.075430 0.000248 0.010125 0.000000 0.000000 0.000000 0.000000 1 3.699678928e-07 1.742900349e-05
31 0.070649 -0.001557 0.004770 0.075430 0.000248 0.010125 0.000000 0.000000 0.000000 0.000000 1 3.939494491e-07 1.726811752e-05
31 0.071017 -0.001419 0.005182 0.075430 0.000248 0.010125 0.000000 0.000000 0.000000 0.000000 1 3.708992153e-07 1.747696660e-05
31 0.071356 -0.001290 0.005562 0.075430 0.000248 0.010125 0.000000 0.000000 0.000000 0.000000 1 3.741588444e-07 1.681502908e-05
31 0.071669 -0.001172 0.005913 0.075430 0.000248 0.010125 0.000000 0.000000 0.000000 0.000000 1 3.441236913e-07 1.745298505e-05
31 0.071958 -0.001063 0.006236 0.075430 0.000248 0.010125 0.000000 0.000000 0.000000 0.000000 1 3.729946911e-07 1.892121509e-05
31 0.072225 -0.000962 0.006535 0.075430 0.000248 0.010125 0.000000 0.000000 0.000000 0.000000 1 3.708992153e-07 1.748302020e-05
31 0.072472 -0.000869 0.006811 0.075430 0.000248 0.010125 0.000000 0.000000 0.000000 0.000000 1 8.910428733e-07 1.859385520e-05
31 0.072699 -0.000783 0.007066 0.075430 0.000248 0.010125 0.000000 0.000000 0.000000 0.000000 1 6.179325283e-07 1.987605356e-05
31 0.072909 -0.000704 0.007301 0.075430 0.000248 0.010125 0.000000 0.000000 0.000000 0.000000 1 3.678724170e-07 2.480694093e-05
31 0.073103 -0.000631 0.007519 0.075430 0.000248 0.010125 0.000000 0.000000 0.000000 0.000000 1 3.711320460e-07 1.865299419e-05
31 0.073282 -0.000563 0.007719 0.075430 0.000248 0.010125 0.000000 0.000000 0.000000 0.000000 1 3.690365702e-07 1.677894033e-05
31 0.073447 -0.000501 0.007904 0.075430 0.000248 0.010125 0.000000 0.000000 0.000000 0.000000 1 2.870801836e-07 1.330603845e-05
31 0.073600 -0.000443 0.008075 0.075430 0.000248 0.010125 0.000000 0.000000 0.000000 0.000000 1 9.059440345e-07 2.028490417e-05
31 0.073740 -0.000390 0.008232 0.075430 0.000248 0.010125 0.000000 0.000000 0.000000 0.000000 1 3.669410944e-07 1.749186777e-05
31 0.073870 -0.000341 0.008378 0.075430 0.000248 0.010125 0.000000 0.000000 0.000000 0.000000 1 3.678724170e-07 1.578498632e-05
31 0.073990 -0.000296 0.008512 0.075430 0.000248 0.010125 0.000000 0.000000 0.000000 0.000000 1 3.688037395e-07 1.861783676e-05
31 0.074101 -0.000254 0.008636 0.075430 0.000248 0.010125 0.000000 0.000000 0.000000 0.000000 1 3.660097718e-07 1.740106381e-05
31 0.074203 -0.000215 0.008751 0.075430 0.000248 0.010125 0.000000 0.000000 0.000000 0.000000 1 3.981404006e-07 1.844880171e-05
32 0.074838 -0.000854 0.007810 0.081138 -0.003471 0.004710 0.000000 0.000000 0.000000 0.000000 1 3.702007234e-07 1.691607758e-05
32 0.075322 -0.001055 0.007572 0.081138 -0.003471 0.004710 0.000000 0.000000 0.000000 0.000000 1 3.739260137e-07 1.598009840e-05
32 0.075769 -0.001241 0.007352 0.081138 -0.003471 0.004710 0.000000 0.000000 0.000000 0.000000 1 3.678724170e-07 1.862901263e-05
32 0.076182 -0.001413 0.007149 0.081138 -0.003471 0.004710 0.000000 0.000000 0.000000 0.000000 1 3.690365702e-07 1.706602052e-05
32 0.076563 -0.001571 0.006961 0.081138 -0.003471 0.004710 0.000000 0.000000 0.000000 0.000000 1 3.699678928e-07 1.854100265e-05
32 0.076915 -0.001717 0.006788 0.081138 -0.003471 0.004710 0.000000 0.000000 0.000000 0.000000 1 7.231719792e-07 2.452102490e-05
32 0.077239 -0.001852 0.006628 0.081138 -0.003471 0.004710 0.000000 0.000000 0.000000 0.000000 1 9.532086551e-07 2.664583735e-05
32 0.077539 -0.001976 0.006481 0.081138 -0.003471 0.004710 0.000000 0.000000 0.000000 0.000000 1 3.259629011e-07 1.491606236e-05
32 0.077816 -0.002091 0.006345 0.081138 -0.003471 0.004710 0.000000 0.000000 0.000000 0.000000 1 3.899913281e-07 1.724390313e-05
32 0.078071 -0.002197 0.006219 0.081138 -0.003471 0.004710 0.000000 0.000000 0.000000 0.000000 1 3.972090781e-07 1.888815314e-05
32 0.078307 -0.002295 0.006103 0.081138 -0.003471 0.004710 0.000000 0.000000 0.000000 0.000000 1 3.720633686e-07 1.686182804e-05
32 0.078525 -0.002386 0.005996 0.081138 -0.003471 0.004710 0.000000 0.000000 0.000000 0.000000 1 4.679895937e-07 1.755100675e-05
32 0.078726 -0.002469 0.005897 0.081138 -0.003471 0.004710 0.000000 0.000000 0.000000 0.000000 1 3.939494491e-07 1.889606938e-05
32 0.078911 -0.002546 0.005806 0.081138 -0.003471 0.004710 0.000000 0.000000 0.000000 0.000000 1 9.709037840e-08 4.607951269e-06
32 0.079082 -0.002617 0.005721 0.081138 -0.003471 0.004710 0.000000 0.000000 0.000000 0.000000 1 9.592622519e-08 4.303874448e-06
32 0.079240 -0.002683 0.005644 0.081138 -0.003471 0.004710 0.000000 0.000000 0.000000 0.000000 1 3.979075700e-07 1.882086508e-05
32 0.079386 -0.002743 0.005572 0.081138 -0.003471 0.004710 0.000000 0.000000 0.000000 0.000000 1 3.899913281e-07 1.871609129e-05
32 0.079521 -0.002799 0.005506 0.081138 -0.003471 0.004710 0.000000 0.000000 0.000000 0.000000 1 3.920868039e-07 1.724413596e-05
32 0.079645 -0.002851 0.005444 0.081138 -0.003471 0.004710 0.000000 0.000000 0.000000 0.000000 1 4.030298442e-07 1.726206392e-05
32 0.079760 -0.002899 0.005388 0.081138 -0.003471 0.004710 0.000000 0.000000 0.000000 0.000000 1 4.009343684e-07 1.872587018e-05
33 0.080272 -0.002263 0.006497 0.086343 0.000181 0.011335 0.000000 0.000000 0.000000 0.000000 1 8.188653737e-07 2.658902667e-05
33 0.080739 -0.002075 0.006869 0.086343 0.000181 0.011335 0.000000 0.000000 0.000000 0.000000 1 7.019843906e-07 2.455594949e-05
33 0.081170 -0.001901 0.007213 0.086343 0.000181 0.011335 0.000000 0.000000 0.000000 0.000000 1 8.149072528e-07 2.635014243e-05
33 0.081567 -0.001741 0.007530 0.086343 0.000181 0.011335 0.000000 0.000000 0.000000 0.000000 1 8.710194379e-07 7.028994150e-05
33 0.081935 -0.001593 0.007822 0.086343 0.000181 0.011335 0.000000 0.000000 0.000000 0.000000 1 3.890600055e-07 1.881504431e-05
33 0.082274 -0.001457 0.008092 0.086343 0.000181 0.011335 0.000000 0.000000 0.000000 0.000000 1 3.930181265e-07 1.739012077e-05
33 0.082586 -0.001331 0.008342 0.086343 0.000181 0.011335 0.000000 0.000000 0.000000 0.000000 1 3.729946911e-07 1.780805178e-05
33 0.082875 -0.001215 0.008572 0.086343 0.000181 0.011335 0.000000 0.000000 0.000000 0.000000 1 3.718305379e-07 1.725205220e-05
33 0.083142 -0.001107 0.008784 0.086343 0.000181 0.011335 0.000000 0.000000 0.000000 0.000000 1 5.769543350e-07 2.415291965e-05
33 0.083388 -0.001008 0.008980 0.086343 0.000181 0.011335 0.000000 0.000000 0.000000 0.000000 1 3.729946911e-07 1.750583760e-05
33 0.083615 -0.000917 0.009162 0.086343 0.000181 0.011335 0.000000 0.000000 0.000000 0.000000 1 3.729946911e-07 1.696194522e-05
33 0.083825 -0.000832 0.009329 0.086343 0.000181 0.011335 0.000000 0.000000 0.000000 0.000000 1 3.718305379e-07 1.882389188e-05
33 0.084019 -0.000755 0.009483 0.086343 0.000181 0.011335 0.000000 0.000000 0.000000 0.000000 1 3.708992153e-07 1.751305535e-05
33 0.084197 -0.000683 0.009625 0.086343 0.000181 0.011335 0.000000 0.000000 0.000000 0.000000 1 3.729946911e-07 1.876801252e-05
33 0.084362 -0.000616 0.009757 0.086343 0.000181 0.011335 0.000000 0.000000 0.000000 0.000000 1 3.678724170e-07 1.875800081e-05
33 0.084515 -0.000555 0.009878 0.086343 0.000181 0.011335 0.000000 0.000000 0.000000 0.000000 1 3.420282155e-07 1.603690907e-05
33 0.084655 -0.000498 0.009990 0.086343 0.000181 0.011335 0.000000 0.000000 0.000000 0.000000 1 3.702007234e-07 1.862598583e-05
33 0.084785 -0.000446 0.010094 0.086343 0.000181 0.011335 0.000000 0.000000 0.000000 0.000000 1 3.688037395e-07 1.583108678e-05
33 0.084905 -0.000398 0.010189 0.086343 0.000181 0.011335 0.000000 0.000000 0.000000 0.000000 1 3.690365702e-07 1.600896940e-05
33 0.085015 -0.000353 0.010277 0.086343 0.000181 0.011335 0.000000 0.000000 0.000000 0.000000 1 3.941822797e-07 1.719803549e-05
34 0.085583 -0.000990 0.009266 0.092189 -0.003650 0.005567 0.000000 0.000000 0.000000 0.000000 1 6.291083992e-07 1.775496639e-05
34 0.086091 -0.001194 0.008982 0.092189 -0.003650 0.005567 0.000000 0.000000 0.000000 0.000000 1 3.720633686e-07 1.679104753e-05
34 0.086559 -0.001383 0.008719 0.092189 -0.003650 0.005567 0.000000 0.000000 0.000000 0.000000 1 3.681052476e-07 1.698499545e-05
34 0.086992 -0.001557 0.008477 0.092189 -0.003650 0.005567 0.000000 0.000000 0.000000 0.000000 1 3.748573363e-07 1.581199467e-05
34 0.087392 -0.001718 0.008253 0.092189 -0.003650 0.005567 0.000000 0.000000 0.000000 0.000000 1 4.128087312e-07 1.609581523e-05
34 0.087761 -0.001867 0.008047 0.092189 -0.003650 0.005567 0.000000 0.000000 0.000000 0.000000 1 4.530884326e-07 1.938804053e-05
34 0.088101 -0.002004 0.007856 0.092189 -0.003650 0.005567 0.000000 0.000000 0.000000 0.000000 1 3.711320460e-07 1.569790766e-05
34 0.088415 -0.002131 0.007680 0.092189 -0.003650 0.005567 0.000000 0.000000 0.000000 0.000000 1 8.950009942e-07 2.656388097e-05
34 0.088706 -0.002247 0.007518 0.092189 -0.003650 0.005567 0.000000 0.000000 0.000000 0.000000 1 7.720664144e-07 2.633198164e-05
34 0.088973 -0.002355 0.007368 0.092189 -0.003650 0.005567 0.000000 0.000000 0.000000 0.000000 1 8.919741958e-07 1.937011257e-05
34 0.089221 -0.002455 0.007229 0.092189 -0.003650 0.005567 0.000000 0.000000 0.000000 0.000000 1 3.711320460e-07 1.728511415e-05
34 0.089449 -0.002547 0.007101 0.092189 -0.003650 0.005567 0.000000 0.000000 0.000000 0.000000 1 7.471535355e-07 2.634804696e-05
34 0.089659 -0.002632 0.006984 0.092189 -0.003650 0.005567 0.000000 0.000000 0.000000 0.000000 1 9.629875422e-07 1.877406612e-05
34 0.089854 -0.002710 0.006875 0.092189 -0.003650 0.005567 0.000000 0.000000 0.000000 0.000000 1 3.669410944e-07 1.711491495e-05
34 0.090034 -0.002782 0.006774 0.092189 -0.003650 0.005567 0.000000 0.000000 0.000000 0.000000 1 3.699678928e-07 1.725181937e-05
34 0.090199 -0.002849 0.006681 0.092189 -0.003650 0.005567 0.000000 0.000000 0.000000 0.000000 1 3.690365702e-07 2.721208148e-05
34 0.090352 -0.002911 0.006596 0.092189 -0.003650 0.005567 0.000000 0.000000 0.000000 0.000000 1 3.699678928e-07 1.709698699e-05
34 0.090493 -0.002967 0.006517 0.092189 -0.003650 0.005567 0.000000 0.000000 0.000000 0.000000 1 6.759073585e-07 1.680897549e-05
34 0.090624 -0.003020 0.006444 0.092189 -0.003650 0.005567 0.000000 0.000000 0.000000 0.000000 1 3.951136023e-07 1.594796777e-05
34 0.090744 -0.003068 0.006376 0.092189 -0.003650 0.005567 0.000000 0.000000 0.000000 0.000000 1 3.720633686e-07 1.585087739e-05
35 0.091028 -0.002419 0.007013 0.097201 0.000589 0.010230 0.000000 0.000000 0.000000 0.000000 1 3.909226507e-07 1.593097113e-05
35 0.091503 -0.002188 0.007261 0.097201 0.000589 0.010230 0.000000 0.000000 0.000000 0.000000 1 9.196810424e-08 4.236819223e-06
35 0.091941 -0.001974 0.007489 0.097201 0.000589 0.010230 0.000000 0.000000 0.000000 0.000000 1 7.608905435e-07 1.762690954e-05
35 0.092345 -0.001777 0.007700 0.097201 0.000589 0.010230 0.000000 0.000000 0.000000 0.000000 1 3.708992153e-07 1.721316949e-05
35 0.092719 -0.001595 0.007894 0.097201 0.000589 0.010230 0.000000 0.000000 0.000000 0.000000 1 8.987262845e-08 6.556976587e-06
35 0.093063 -0.001427 0.008074 0.097201 0.000589 0.010230 0.000000 0.000000 0.000000 0.000000 1 9.196810424e-08 4.251953214e-06
35 0.093382 -0.001272 0.008240 0.097201 0.000589 0.010230 0.000000 0.000000 0.000000 0.000000 1 9.196810424e-08 4.207948223e-06
35 0.093675 -0.001129 0.008393 0.097201 0.000589 0.010230 0.000000 0.000000 0.000000 0.000000 1 9.103678167e-08 3.915047273e-06
35 0.093946 -0.000997 0.008534 0.097201 0.000589 0.010230 0.000000 0.000000 0.000000 0.000000 1 1.778826118e-07 8.336966857e-06
35 0.094197 -0.000875 0.008664 0.097201 0.000589 0.010230 0.000000 0.000000 0.000000 0.000000 1 3.909226507e-07 1.761619933e-05
35 0.094428 -0.000762 0.008785 0.097201 0.000589 0.010230 0.000000 0.000000 0.000000 0.000000 1 3.029126674e-07 1.264805906e-05
35 0.094641 -0.000659 0.008896 0.097201 0.000589 0.010230 0.000000 0.000000 0.000000 0.000000 1 3.129243851e-07 1.570000313e-05
35 0.094838 -0.000563 0.008998 0.097201 0.000589 0.010230 0.000000 0.000000 0.000000 0.000000 1 2.260785550e-07 1.151696779e-05
35 0.095020 -0.000474 0.009093 0.097201 0.000589 0.010230 0.000000 0.000000 0.000000 0.000000 1 2.619344741e-07 1.134607010e-05
35 0.095187 -0.000392 0.009180 0.097201 0.000589 0.010230 0.000000 0.000000 0.000000 0.000000 1 3.960449249e-07 1.882808283e-05
35 0.095342 -0.000317 0.009261 0.097201 0.000589 0.010230 0.000000 0.000000 0.000000 0.000000 1 3.930181265e-07 1.694494858e-05
35 0.095485 -0.000247 0.009336 0.097201 0.000589 0.010230 0.000000 0.000000 0.000000 0.000000 1 3.711320460e-07 1.721992157e-05
35 0.095617 -0.000183 0.009404 0.097201 0.000589 0.010230 0.000000 0.000000 0.000000 0.000000 1 6.731133908e-07 1.679896377e-05
35 0.095739 -0.000124 0.009468 0.097201 0.000589 0.010230 0.000000 0.000000 0.000000 0.000000 1 3.890600055e-07 1.718103886e-05
35 0.095851 -0.000069 0.009526 0.097201 0.000589 0.010230 0.000000 0.000000 0.000000 0.000000 1 4.789326340e-07 1.740804873e-05
36 0.096301 -0.000699 0.008522 0.102914 -0.003332 0.004492 0.000000 0.000000 0.000000 0.000000 1 4.118774086e-07 1.574098133e-05
36 0.096809 -0.000902 0.008212 0.102914 -0.003332 0.004492 0.000000 0.000000 0.000000 0.000000 1 9.329523891e-07 2.654991113e-05
36 0.097279 -0.001089 0.007926 0.102914 -0.003332 0.004492 0.000000 0.000000 0.000000 0.000000 1 7.199123502e-07 2.453196794e-05
36 0.097712 -0.001261 0.007662 0.102914 -0.003332 0.004492 0.000000 0.000000 0.000000 0.000000 1 7.490161806e-07 2.630404197e-05
36 0.098112 -0.001420 0.007418 0.102914 -0.003332 0.004492 0.000000 0.000000 0.000000 0.000000 1 7.450580597e-07 2.620695159e-05
36 0.098481 -0.001567 0.007193 0.102914 -0.003332 0.004492 0.000000 0.000000 0.000000 0.000000 1 7.539056242e-07 2.627912909e-05
36 0.098822 -0.001703 0.006985 0.102914 -0.003332 0.004492 0.000000 0.000000 0.000000 0.000000 1 4.689209163e-07 1.634703949e-05
36 0.099136 -0.001828 0.006794 0.102914 -0.003332 0.004492 0.000000 0.000000 0.000000 0.000000 1 3.708992153e-07 1.728790812e-05
36 0.099427 -0.001944 0.006617 0.102914 -0.003332 0.004492 0.000000 0.000000 0.000000 0.000000 1 3.741588444e-07 1.570302993e-05
36 0.099695 -0.002051 0.006453 0.102914 -0.003332 0.004492 0.000000 0.000000 0.000000 0.000000 1 3.690365702e-07 1.602806151e-05
36 0.099943 -0.002149 0.006303 0.102914 -0.003332 0.004492 0.000000 0.000000 0.000000 0.000000 1 3.690365702e-07 1.721014269e-05
36 0.100171 -0.002240 0.006163 0.102914 -0.003332 0.004492 0.000000 0.000000 0.000000 0.000000 1 3.830064088e-07 1.713098027e-05
36 0.100382 -0.002324 0.006035 0.102914 -0.003332 0.004492 0.000000 0.000000 0.000000 0.000000 1 3.720633686e-07 1.713400707e-05
36 0.100577 -0.002402 0.005916 0.102914 -0.003332 0.004492 0.000000 0.000000 0.000000 0.000000 1 3.699678928e-07 1.714704558e-05
36 0.100756 -0.002473 0.005807 0.102914 -0.003332 0.004492 0.000000 0.000000 0.000000 0.000000 1 3.690365702e-07 1.721386798e-05
36 0.100922 -0.002539 0.005705 0.102914 -0.003332 0.004492 0.000000 0.000000 0.000000 0.000000 1 3.988388926e-07 1.863995567e-05
36 0.101075 -0.002600 0.005612 0.102914 -0.003332 0.004492 0.000000 0.000000 0.000000 0.000000 1 4.218891263e-07 1.813308336e-05
36 0.101217 -0.002657 0.005526 0.102914 -0.003332 0.004492 0.000000 0.000000 0.000000 0.000000 1 4.959292710e-07 1.719803549e-05
36 0.101347 -0.002709 0.005446 0.102914 -0.003332 0.004492 0.000000 0.000000 0.000000 0.000000 1 3.699678928e-07 1.701619476e-05
36 0.101468 -0.002757 0.005373 0.102914 -0.003332 0.004492 0.000000 0.000000 0.000000 0.000000 1 3.708992153e-07 1.714890823e-05
37 0.101591 -0.002099 0.005848 0.107709 0.001248 0.008354 0.000000 0.000000 0.000000 0.000000 1 3.690365702e-07 1.864903606e-05
37 0.102061 -0.001842 0.006040 0.107709 0.001248 0.008354 0.000000 0.000000 0.000000 0.000000 1 3.690365702e-07 1.757894643e-05
37 0.102496 -0.001604 0.006218 0.107709 0.001248 0.008354 0.000000 0.000000 0.000000 0.000000 1 3.690365702e-07 1.575006172e-05
37 0.102896 -0.001385 0.006382 0.107709 0.001248 0.008354 0.000000 0.000000 0.000000 0.000000 1 4.181638360e-07 1.711794175e-05
37 0.103266 -0.001183 0.006534 0.107709 0.001248 0.008354 0.000000 0.000000 0.000000 0.000000 1 3.681052476e-07 1.686904579e-05
37 0.103608 -0.000996 0.006674 0.107709 0.001248 0.008354 0.000000 0.000000 0.000000 0.000000 1 8.060596883e-07 2.635293640e-05
37 0.103923 -0.000823 0.006803 0.107709 0.001248 0.008354 0.000000 0.000000 0.000000 0.000000 1 3.681052476e-07 1.607602462e-05
37 0.104214 -0.000664 0.006922 0.107709 0.001248 0.008354 0.000000 0.000000 0.000000 0.000000 1 3.708992153e-07 1.734611578e-05
37 0.104483 -0.000517 0.007032 0.107709 0.001248 0.008354 0.000000 0.000000 0.000000 0.000000 1 4.020985216e-07 1.753889956e-05
37 0.104731 -0.000381 0.007134 0.107709 0.001248 0.008354 0.000000 0.000000 0.000000 0.000000 1 3.699678928e-07 1.711305231e-05
37 0.104960 -0.000256 0.007228 0.107709 0.001248 0.008354 0.000000 0.000000 0.000000 0.000000 1 3.699678928e-07 1.561990939e-05
37 0.105171 -0.000141 0.007314 0.107709 0.001248 0.008354 0.000000 0.000000 0.000000 0.000000 1 3.699678928e-07 1.717102714e-05
37 0.105367 -0.000034 0.007394 0.107709 0.001248 0.008354 0.000000 0.000000 0.000000 0.000000 1 3.699678928e-07 1.895707101e-05
37 0.105547 0.000065 0.007468 0.107709 0.001248 0.008354 0.000000 0.000000 0.000000 0.000000 1 5.990732461e-07 1.844600774e-05
37 0.105713 0.000156 0.007536 0.107709 0.001248 0.008354 0.000000 0.000000 0.000000 0.000000 1 3.459863365e-07 1.586694270e-05
37 0.105866 0.000240 0.007599 0.107709 0.001248 0.008354 0.000000 0.000000 0.000000 0.000000 1 8.780043572e-07 2.640392631e-05
37 0.106008 0.000317 0.007657 0.107709 0.001248 0.008354 0.000000 0.000000 0.000000 0.000000 1 3.729946911e-07 1.703505404e-05
37 0.106139 0.000389 0.007711 0.107709 0.001248 0.008354 0.000000 0.000000 0.000000 0.000000 1 4.488974810e-07 1.739198342e-05
37 0.106260 0.000455 0.007760 0.107709 0.001248 0.008354 0.000000 0.000000 0.000000 0.000000 1 3.720633686e-07 1.713982783e-05
37 0.106371 0.000516 0.007806 0.107709 0.001248 0.008354 0.000000 0.000000 0.000000 0.000000 1 3.911554813e-07 1.713586971e-05
38 0.106639 -0.000118 0.006869 0.113152 -0.002945 0.002670 0.000000 0.000000 0.000000 0.000000 1 3.669410944e-07 1.556286588e-05
38 0.107139 -0.000335 0.006546 0.113152 -0.002945 0.002670 0.000000 0.000000 0.000000 0.000000 1 3.690365702e-07 1.691002399e-05
38 0.107602 -0.000536 0.006248 0.113152 -0.002945 0.002670 0.000000 0.000000 0.000000 0.000000 1 3.688037395e-07 1.735822298e-05
38 0.108028 -0.000721 0.005973 0.113152 -0.002945 0.002670 0.000000 0.000000 0.000000 0.000000 1 3.699678928e-07 1.664110459e-05
38 0.108422 -0.000892 0.005719 0.113152 -0.002945 0.002670 0.000000 0.000000 0.000000 0.000000 1 3.720633686e-07 1.628999598e-05
38 0.108786 -0.001050 0.005485 0.113152 -0.002945 0.002670 0.000000 0.000000 0.000000 0.000000 1 3.089662641e-07 8.539995179e-06
38 0.109121 -0.001196 0.005268 0.113152 -0.002945 0.002670 0.000000 0.000000 0.000000 0.000000 1 2.479646355e-07 8.351169527e-06
38 0.109431 -0.001330 0.005068 0.113152 -0.002945 0.002670 0.000000 0.000000 0.000000 0.000000 1 5.271285772e-07 1.838291064e-05
38 0.109717 -0.001454 0.004884 0.113152 -0.002945 0.002670 0.000000 0.000000 0.000000 0.000000 1 2.358574420e-07 1.204013824e-05
38 0.109981 -0.001569 0.004714 0.113152 -0.002945 0.002670 0.000000 0.000000 0.000000 0.000000 1 3.708992153e-07 1.558009535e-05
38 0.110225 -0.001675 0.004557 0.113152 -0.002945 0.002670 0.000000 0.000000 0.000000 0.000000 1 6.649643183e-07 1.882691868e-05
38 0.110450 -0.001772 0.004412 0.113152 -0.002945 0.002670 0.000000 0.000000 0.000000 0.000000 1 4.181638360e-07 1.705205068e-05
38 0.110658 -0.001863 0.004278 0.113152 -0.002945 0.002670 0.000000 0.000000 0.000000 0.000000 1 8.761417121e-07 1.968187280e-05
38 0.110850 -0.001946 0.004154 0.113152 -0.002945 0.002670 0.000000 0.000000 0.000000 0.000000 1 3.678724170e-07 1.722900197e-05
38 0.111027 -0.002023 0.004040 0.113152 -0.002945 0.002670 0.000000 0.000000 0.000000 0.000000 1 3.699678928e-07 1.888885163e-05
38 0.111190 -0.002094 0.003935 0.113152 -0.002945 0.002670 0.000000 0.000000 0.000000 0.000000 1 3.718305379e-07 1.506693661e-05
38 0.111341 -0.002159 0.003837 0.113152 -0.002945 0.002670 0.000000 0.000000 0.000000 0.000000 1 3.720633686e-07 1.866603270e-05
38 0.111480 -0.002220 0.003748 0.113152 -0.002945 0.002670 0.000000 0.000000 0.000000 0.000000 1 9.350478649e-07 1.867907122e-05
38 0.111609 -0.002275 0.003665 0.113152 -0.002945 0.002670 0.000000 0.000000 0.000000 0.000000 1 3.699678928e-07 1.729489304e-05
38 0.111727 -0.002327 0.003588 0.113152 -0.002945 0.002670 0.000000 0.000000 0.000000 0.000000 1 3.699678928e-07 1.705787145e-05
39 0.111773 -0.001672 0.004062 0.117963 0.001705 0.006500 0.000000 0.000000 0.000000 0.000000 1 3.648456186e-07 1.599290408e-05
39 0.112249 -0.001412 0.004249 0.117963 0.001705 0.006500 0.000000 0.000000 0.000000 0.000000 1 3.720633686e-07 1.895008609e-05
39 0.112689 -0.001172 0.004422 0.117963 0.001705 0.006500 0.000000 0.000000 0.000000 0.000000 1 3.788154572e-07 1.742015593e-05
39 0.113094 -0.000951 0.004582 0.117963 0.001705 0.006500 0.000000 0.000000 0.000000 0.000000 1 3.699678928e-07 1.718802378e-05
39 0.113469 -0.000747 0.004730 0.117963 0.001705 0.006500 0.000000 0.000000 0.000000 0.000000 1 4.121102393e-07 1.734099351e-05
39 0.113814 -0.000558 0.004866 0.117963 0.001705 0.006500 0.000000 0.000000 0.000000 0.000000 1 3.690365702e-07 1.700711437e-05
39 0.114133 -0.000384 0.004991 0.117963 0.001705 0.006500 0.000000 0.000000 0.000000 0.000000 1 3.711320460e-07 1.886300743e-05
39 0.114428 -0.000224 0.005107 0.117963 0.001705 0.006500 0.000000 0.000000 0.000000 0.000000 1 4.989560694e-07 1.771003008e-05
39 0.114699 -0.000075 0.005214 0.117963 0.001705 0.006500 0.000000 0.000000 0.000000 0.000000 1 3.741588444e-07 1.681502908e-05
39 0.114950 0.000062 0.005313 0.117963 0.001705 0.006500 0.000000 0.000000 0.000000 0.000000 1 3.690365702e-07 1.873704605e-05
39 0.115182 0.000188 0.005405 0.117963 0.001705 0.006500 0.000000 0.000000 0.000000 0.000000 1 3.690365702e-07 1.709302887e-05
39 0.115396 0.000305 0.005489 0.117963 0.001705 0.006500 0.000000 0.000000 0.000000 0.000000 1 3.990717232e-07 1.609115861e-05
39 0.115593 0.000412 0.005567 0.117963 0.001705 0.006500 0.000000 0.000000 0.000000 0.000000 1 3.718305379e-07 1.746905036e-05
39 0.115775 0.000512 0.005638 0.117963 0.001705 0.006500 0.000000 0.000000 0.000000 0.000000 1 7.972121239e-07 2.639903687e-05
39 0.115944 0.000604 0.005705 0.117963 0.001705 0.006500 0.000000 0.000000 0.000000 0.000000 1 9.599607438e-07 2.695294097e-05
39 0.116099 0.000688 0.005766 0.117963 0.001705 0.006500 0.000000 0.000000 0.000000 0.000000 1 7.541384548e-07 2.636690624e-05
39 0.116242 0.000767 0.005822 0.117963 0.001705 0.006500 0.000000 0.000000 0.000000 0.000000 1 8.260831237e-07 2.635805868e-05
39 0.116374 0.000839 0.005874 0.117963 0.001705 0.006500 0.000000 0.000000 0.000000 0.000000 1 3.150198609e-07 1.550489105e-05
39 0.116497 0.000905 0.005922 0.117963 0.001705 0.006500 0.000000 0.000000 0.000000 0.000000 1 4.000030458e-07 1.706695184e-05
39 0.116609 0.000967 0.005967 0.117963 0.001705 0.006500 0.000000 0.000000 0.000000 0.000000 1 4.060566425e-07 1.579220407e-05
40 0.116752 0.000323 0.005133 0.123627 -0.002946 0.000899 0.000000 0.000000 0.000000 0.000000 1 4.649627954e-07 1.897197217e-05
40 0.117281 0.000071 0.004808 0.123627 -0.002946 0.000899 0.000000 0.000000 0.000000 0.000000 1 3.990717232e-07 1.901993528e-05
40 0.117769 -0.000161 0.004507 0.123627 -0.002946 0.000899 0.000000 0.000000 0.000000 0.000000 1 4.000030458e-07 1.721014269e-05
40 0.118219 -0.000375 0.004230 0.123627 -0.002946 0.000899 0.000000 0.000000 0.000000 0.000000 1 3.688037395e-07 1.574400812e-05
40 0.118635 -0.000572 0.003974 0.123627 -0.002946 0.000899 0.000000 0.000000 0.000000 0.000000 1 4.551839083e-07 1.018587500e-05
40 0.119019 -0.000755 0.003737 0.123627 -0.002946 0.000899 0.000000 0.000000 0.000000 0.000000 1 1.618172973e-07 7.444992661e-06
40 0.119373 -0.000923 0.003519 0.123627 -0.002946 0.000899 0.000000 0.000000 0.000000 0.000000 1 9.080395103e-08 4.156958312e-06
40 0.119700 -0.001079 0.003318 0.123627 -0.002946 0.000899 0.000000 0.000000 0.000000 0.000000 1 9.196810424e-08 4.614004865e-06
40 0.120002 -0.001222 0.003132 0.123627 -0.002946 0.000899 0.000000 0.000000 0.000000 0.000000 1 1.299194992e-07 5.480134860e-06
40 0.120281 -0.001355 0.002960 0.123627 -0.002946 0.000899 0.000000 0.000000 0.000000 0.000000 1 1.310836524e-07 5.577923730e-06
40 0.120538 -0.001477 0.002802 0.123627 -0.002946 0.000899 0.000000 0.000000 0.000000 0.000000 1 2.370215952e-07 1.088599674e-05
40 0.120775 -0.001590 0.002655 0.123627 -0.002946 0.000899 0.000000 0.000000 0.000000 0.000000 1 3.830064088e-07 1.893308945e-05
40 0.120995 -0.001694 0.002520 0.123627 -0.002946 0.000899 0.000000 0.000000 0.000000 0.000000 1 3.708992153e-07 1.733796671e-05
40 0.121197 -0.001790 0.002396 0.123627 -0.002946 0.000899 0.000000 0.000000 0.000000 0.000000 1 4.018656909e-07 1.707090996e-05
40 0.121384 -0.001879 0.002281 0.123627 -0.002946 0.000899 0.000000 0.000000 0.000000 0.000000 1 4.000030458e-07 1.882901415e-05
40 0.121556 -0.001961 0.002174 0.123627 -0.002946 0.000899 0.000000 0.000000 0.000000 0.000000 1 3.462191671e-07 1.604110003e-05
40 0.121715 -0.002037 0.002076 0.123627 -0.002946 0.000899 0.000000 0.000000 0.000000 0.000000 1 4.039611667e-07 1.571490429e-05
40 0.121862 -0.002107 0.001986 0.123627 -0.002946 0.000899 0.000000 0.000000 0.000000 0.000000 1 4.011671990e-07 1.884484664e-05
40 0.121998 -0.002171 0.001902 0.123627 -0.002946 0.000899 0.000000 0.000000 0.000000 0.000000 1 3.699678928e-07 1.575192437e-05
40 0.122123 -0.002231 0.001825 0.123627 -0.002946 0.000899 0.000000 0.000000 0.000000 0.000000 1 4.279427230e-07 1.711701043e-05
41 0.122179 -0.001583 0.002205 0.128897 0.001666 0.003985 0.000000 0.000000 0.000000 0.000000 1 4.018656909e-07 1.566810533e-05
41 0.122695 -0.001333 0.002341 0.128897 0.001666 0.003985 0.000000 0.000000 0.000000 0.000000 1 7.390044630e-07 1.956708729e-05
41 0.123172 -0.001103 0.002468 0.128897 0.001666 0.003985 0.000000 0.000000 0.000000 0.000000 1 7.699709386e-07 2.624606714e-05
41 0.123612 -0.000890 0.002584 0.128897 0.001666 0.003985 0.000000 0.000000 0.000000 0.000000 1 7.750932127e-07 2.666981891e-05
41 0.124019 -0.000693 0.002692 0.128897 0.001666 0.003985 0.000000 0.000000 0.000000 0.000000 1 4.582107067e-07 1.389905810e-05
41 0.124394 -0.000512 0.002791 0.128897 0.001666 0.003985 0.000000 0.000000 0.000000 0.000000 1 3.699678928e-07 1.884601079e-05
41 0.124740 -0.000345 0.002883 0.128897 0.001666 0.003985 0.000000 0.000000 0.000000 0.000000 1 3.708992153e-07 1.569301821e-05
41 0.125059 -0.000190 0.002968 0.128897 0.001666 0.003985 0.000000 0.000000 0.000000 0.000000 1 3.678724170e-07 2.221879549e-05
41 0.125354 -0.000047 0.003046 0.128897 0.001666 0.003985 0.000000 0.000000 0.000000 0.000000 1 4.519242793e-07 1.738918945e-05
41 0.125627 0.000084 0.003118 0.128897 0.001666 0.003985 0.000000 0.000000 0.000000 0.000000 1 3.690365702e-07 1.723482274e-05
41 0.125878 0.000206 0.003185 0.128897 0.001666 0.003985 0.000000 0.000000 0.000000 0.000000 1 3.660097718e-07 1.581897959e-05
41 0.126110 0.000318 0.003246 0.128897 0.001666 0.003985 0.000000 0.000000 0.000000 0.000000 1 3.690365702e-07 1.875194721e-05
41 0.126324 0.000422 0.003303 0.128897 0.001666 0.003985 0.000000 0.000000 0.000000 0.000000 1 3.688037395e-07 1.711305231e-05
41 0.126522 0.000517 0.003356 0.128897 0.001666 0.003985 0.000000 0.000000 0.000000 0.000000 1 4.211906344e-07 1.763598993e-05
41 0.126705 0.000606 0.003404 0.128897 0.001666 0.003985 0.000000 0.000000 0.000000 0.000000 1 3.690365702e-07 1.571304165e-05
41 0.126873 0.000687 0.003449 0.128897 0.001666 0.003985 0.000000 0.000000 0.000000 0.000000 1 3.790482879e-07 2.199411392e-05
41 0.127029 0.000762 0.003490 0.128897 0.001666 0.003985 0.000000 0.000000 0.000000 0.000000 1 3.681052476e-07 1.729512587e-05
41 0.127172 0.000832 0.003528 0.128897 0.001666 0.003985 0.000000 0.000000 0.000000 0.000000 1 3.820750862e-07 1.717405394e-05
41 0.127305 0.000896 0.003563 0.128897 0.001666 0.003985 0.000000 0.000000 0.000000 0.000000 1 4.828907549e-07 1.788279042e-05
41 0.127427 0.000955 0.003596 0.128897 0.001666 0.003985 0.000000 0.000000 0.000000 0.000000 1 3.711320460e-07 1.891003922e-05
42 0.127449 0.000295 0.002789 0.134829 -0.003563 -0.002032 0.000000 0.000000 0.000000 0.000000 1 3.720633686e-07 1.724017784e-05
42 0.128016 -0.000001 0.002418 0.134829 -0.003563 -0.002032 0.000000 0.000000 0.000000 0.000000 1 3.669410944e-07 1.577311195e-05
42 0.128540 -0.000275 0.002076 0.134829 -0.003563 -0.002032 0.000000 0.000000 0.000000 0.000000 1 3.729946911e-07 1.719105057e-05
42 0.129023 -0.000528 0.001760 0.134829 -0.003563 -0.002032 0.000000 0.000000 0.000000 0.000000 1 3.660097718e-07 1.714285463e-05
42 0.129470 -0.000761 0.001469 0.134829 -0.003563 -0.002032 0.000000 0.000000 0.000000 0.000000 1 8.719507605e-07 2.665910870e-05
42 0.129882 -0.000977 0.001200 0.134829 -0.003563 -0.002032 0.000000 0.000000 0.000000 0.000000 1 3.669410944e-07 1.894799061e-05
42 0.130262 -0.001176 0.000951 0.134829 -0.003563 -0.002032 0.000000 0.000000 0.000000 0.000000 1 3.657769412e-07 1.887604594e-05
42 0.130613 -0.001359 0.000722 0.134829 -0.003563 -0.002032 0.000000 0.000000 0.000000 0.000000 1 3.669410944e-07 1.866417006e-05
42 0.130938 -0.001529 0.000510 0.134829 -0.003563 -0.002032 0.000000 0.000000 0.000000 0.000000 1 3.690365702e-07 1.856894232e-05
42 0.131237 -0.001685 0.000315 0.134829 -0.003563 -0.002032 0.000000 0.000000 0.000000 0.000000 1 3.648456186e-07 1.870281994e-05
42 0.131513 -0.001829 0.000134 0.134829 -0.003563 -0.002032 0.000000 0.000000 0.000000 0.000000 1 3.699678928e-07 1.714914106e-05
42 0.131768 -0.001963 -0.000032 0.134829 -0.003563 -0.002032 0.000000 0.000000 0.000000 0.000000 1 3.681052476e-07 1.593702473e-05
42 0.132003 -0.002086 -0.000186 0.134829 -0.003563 -0.002032 0.000000 0.000000 0.000000 0.000000 1 3.660097718e-07 1.887092367e-05
42 0.132221 -0.002199 -0.000328 0.134829 -0.003563 -0.002032 0.000000 0.000000 0.000000 0.000000 1 3.648456186e-07 1.712399535e-05
42 0.132421 -0.002304 -0.000459 0.134829 -0.003563 -0.002032 0.000000 0.000000 0.000000 0.000000 1 3.690365702e-07 1.880805939e-05
42 0.132606 -0.002401 -0.000580 0.134829 -0.003563 -0.002032 0.000000 0.000000 0.000000 0.000000 1 3.939494491e-07 2.078013495e-05
42 0.132777 -0.002490 -0.000691 0.134829 -0.003563 -0.002032 0.000000 0.000000 0.000000 0.000000 1 3.657769412e-07 1.602899283e-05
42 0.132935 -0.002573 -0.000794 0.134829 -0.003563 -0.002032 0.000000 0.000000 0.000000 0.000000 1 3.678724170e-07 1.573818736e-05
42 0.133081 -0.002649 -0.000890 0.134829 -0.003563 -0.002032 0.000000 0.000000 0.000000 0.000000 1 3.690365702e-07 1.876684837e-05
42 0.133215 -0.002719 -0.000977 0.134829 -0.003563 -0.002032 0.000000 0.000000 0.000000 0.000000 1 3.741588444e-07 1.575308852e-05
43 0.133225 -0.002079 -0.000708 0.140308 0.001084 0.000264 0.000000 0.000000 0.000000 0.000000 1 3.708992153e-07 1.588999294e-05
43 0.133769 -0.001836 -0.000633 0.140308 0.001084 0.000264 0.000000 0.000000 0.000000 0.000000 1 3.690365702e-07 1.580407843e-05
43 0.134272 -0.001611 -0.000564 0.140308 0.001084 0.000264 0.000000 0.000000 0.000000 0.000000 1 3.681052476e-07 1.731608063e-05
43 0.134736 -0.001404 -0.000501 0.140308 0.001084 0.000264 0.000000 0.000000 0.000000 0.000000 1 3.690365702e-07 1.705694012e-05
43 0.135164 -0.001213 -0.000442 0.140308 0.001084 0.000264 0.000000 0.000000 0.000000 0.000000 1 3.702007234e-07 1.848186366e-05
43 0.135560 -0.001036 -0.000388 0.140308 0.001084 0.000264 0.000000 0.000000 0.000000 0.000000 1 3.939494491e-07 1.730001532e-05
43 0.135925 -0.000873 -0.000338 0.140308 0.001084 0.000264 0.000000 0.000000 0.000000 0.000000 1 3.920868039e-07 1.720315777e-05
43 0.136262 -0.000723 -0.000291 0.140308 0.001084 0.000264 0.000000 0.000000 0.000000 0.000000 1 3.960449249e-07 1.893215813e-05
43 0.136573 -0.000584 -0.000249 0.140308 0.001084 0.000264 0.000000 0.000000 0.000000 0.000000 1 3.951136023e-07 1.755286939e-05
43 0.136860 -0.000456 -0.000209 0.140308 0.001084 0.000264 0.000000 0.000000 0.000000 0.000000 1 3.681052476e-07 1.724506728e-05
43 0.137125 -0.000337 -0.000173 0.140308 0.001084 0.000264 0.000000 0.000000 0.000000 0.000000 1 3.690365702e-07 1.894612797e-05
43 0.137370 -0.000228 -0.000139 0.140308 0.001084 0.000264 0.000000 0.000000 0.000000 0.000000 1 3.660097718e-07 1.888815314e-05
43 0.137596 -0.000127 -0.000108 0.140308 0.001084 0.000264 0.000000 0.000000 0.000000 0.000000 1 4.030298442e-07 1.924787648e-05
43 0.137805 -0.000034 -0.000080 0.140308 0.001084 0.000264 0.000000 0.000000 0.000000 0.000000 1 7.450580597e-07 1.761410385e-05
43 0.137997 0.000052 -0.000053 0.140308 0.001084 0.000264 0.000000 0.000000 0.000000 0.000000 1 3.702007234e-07 1.887395047e-05
43 0.138175 0.000131 -0.000029 0.140308 0.001084 0.000264 0.000000 0.000000 0.000000 0.000000 1 3.720633686e-07 1.709093340e-05
43 0.138339 0.000205 -0.000006 0.140308 0.001084 0.000264 0.000000 0.000000 0.000000 0.000000 1 8.300412446e-07 2.652313560e-05
43 0.138490 0.000272 0.000015 0.140308 0.001084 0.000264 0.000000 0.000000 0.000000 0.000000 1 7.818453014e-07 2.639112063e-05
43 0.138630 0.000335 0.000034 0.140308 0.001084 0.000264 0.000000 0.000000 0.000000 0.000000 1 2.579763532e-07 8.399831131e-06
43 0.138759 0.000392 0.000051 0.140308 0.001084 0.000264 0.000000 0.000000 0.000000 0.000000 1 2.661254257e-07 8.394010365e-06
44 0.138668 -0.000278 -0.000776 0.146364 -0.004569 -0.006381 0.000000 0.000000 0.000000 0.000000 1 8.987262845e-08 4.219124094e-06
44 0.139260 -0.000608 -0.001207 0.146364 -0.004569 -0.006381 0.000000 0.000000 0.000000 0.000000 1 3.669410944e-07 1.714890823e-05
44 0.139806 -0.000912 -0.001604 0.146364 -0.004569 -0.006381 0.000000 0.000000 0.000000 0.000000 1 3.939494491e-07 1.721107401e-05
44 0.140310 -0.001194 -0.001972 0.146364 -0.004569 -0.006381 0.000000 0.000000 0.000000 0.000000 1 3.690365702e-07 1.581106335e-05
44 0.140775 -0.001453 -0.002311 0.146364 -0.004569 -0.006381 0.000000 0.000000 0.000000 0.000000 1 3.920868039e-07 1.883204095e-05
44 0.141205 -0.001693 -0.002624 0.146364 -0.004569 -0.006381 0.000000 0.000000 0.000000 0.000000 1 3.690365702e-07 1.728581265e-05
44 0.141602 -0.001914 -0.002913 0.146364 -0.004569 -0.006381 0.000000 0.000000 0.000000 0.000000 1 3.690365702e-07 1.745787449e-05
44 0.141968 -0.002118 -0.003179 0.146364 -0.004569 -0.006381 0.000000 0.000000 0.000000 0.000000 1 3.660097718e-07 1.599988900e-05
44 0.142306 -0.002306 -0.003425 0.146364 -0.004569 -0.006381 0.000000 0.000000 0.000000 0.000000 1 3.650784492e-07 1.743901521e-05
44 0.142618 -0.002480 -0.003653 0.146364 -0.004569 -0.006381 0.000000 0.000000 0.000000 0.000000 1 6.619375199e-07 1.781596802e-05
44 0.142906 -0.002641 -0.003862 0.146364 -0.004569 -0.006381 0.000000 0.000000 0.000000 0.000000 1 3.660097718e-07 1.882994547e-05
44 0.143172 -0.002789 -0.004056 0.146364 -0.004569 -0.006381 0.000000 0.000000 0.000000 0.000000 1 4.621688277e-07 1.740921289e-05
44 0.143417 -0.002926 -0.004235 0.146364 -0.004569 -0.006381 0.000000 0.000000 0.000000 0.000000 1 3.960449249e-07 1.707416959e-05
44 0.143644 -0.003052 -0.004400 0.146364 -0.004569 -0.006381 0.000000 0.000000 0.000000 0.000000 1 3.660097718e-07 1.888885163e-05
44 0.143853 -0.003169 -0.004552 0.146364 -0.004569 -0.006381 0.000000 0.000000 0.000000 0.000000 1 3.660097718e-07 1.708487980e-05
44 0.144046 -0.003277 -0.004693 0.146364 -0.004569 -0.006381 0.000000 0.000000 0.000000 0.000000 1 3.690365702e-07 1.583015546e-05
44 0.144224 -0.003376 -0.004823 0.146364 -0.004569 -0.006381 0.000000 0.000000 0.000000 0.000000 1 8.831266314e-07 2.754712477e-05
44 0.144388 -0.003468 -0.004942 0.146364 -0.004569 -0.006381 0.000000 0.000000 0.000000 0.000000 1 7.839407772e-07 2.629100345e-05
44 0.144540 -0.003552 -0.005053 0.146364 -0.004569 -0.006381 0.000000 0.000000 0.000000 0.000000 1 7.539056242e-07 2.632290125e-05
44 0.144680 -0.003630 -0.005155 0.146364 -0.004569 -0.006381 0.000000 0.000000 0.000000 0.000000 1 7.511116564e-07 2.640299499e-05
45 0.144616 -0.002993 -0.005051 0.151991 0.000173 -0.005297 0.000000 0.000000 0.000000 0.000000 1 3.760214895e-07 1.764297485e-05
45 0.145183 -0.002749 -0.005070 0.151991 0.000173 -0.005297 0.000000 0.000000 0.000000 0.000000 1 4.270114005e-07 1.740804873e-05
45 0.145706 -0.002525 -0.005087 0.151991 0.000173 -0.005297 0.000000 0.000000 0.000000 0.000000 1 3.930181265e-07 1.705088653e-05
45 0.146189 -0.002317 -0.005103 0.151991 0.000173 -0.005297 0.000000 0.000000 0.000000 0.000000 1 3.890600055e-07 1.702690497e-05
45 0.146635 -0.002126 -0.005118 0.151991 0.000173 -0.005297 0.000000 0.000000 0.000000 0.000000 1 4.160683602e-07 1.571304165e-05
45 0.147047 -0.001949 -0.005132 0.151991 0.000173 -0.005297 0.000000 0.000000 0.000000 0.000000 1 3.918539733e-07 1.633400097e-05
45 0.147427 -0.001786 -0.005145 0.151991 0.000173 -0.005297 0.000000 0.000000 0.000000 0.000000 1 1.149019226e-06 2.701114863e-05
45 0.147778 -0.001635 -0.005156 0.151991 0.000173 -0.005297 0.000000 0.000000 0.000000 0.000000 1 2.710148692e-07 8.404022083e-06
45 0.148102 -0.001496 -0.005167 0.151991 0.000173 -0.005297 0.000000 0.000000 0.000000 0.000000 1 3.341119736e-07 9.902054444e-06
45 0.148401 -0.001368 -0.005177 0.151991 0.000173 -0.005297 0.000000 0.000000 0.000000 0.000000 1 3.608874977e-07 1.209694892e-05
45 0.148677 -0.001249 -0.005186 0.151991 0.000173 -0.005297 0.000000 0.000000 0.000000 0.000000 1 1.369044185e-07 6.421003491e-06
45 0.148932 -0.001140 -0.005195 0.151991 0.000173 -0.005297 0.000000 0.000000 0.000000 0.000000 1 1.399312168e-07 5.967216566e-06
45 0.149167 -0.001039 -0.005203 0.151991 0.000173 -0.005297 0.000000 0.000000 0.000000 0.000000 1 2.849847078e-07 1.283804886e-05
45 0.149384 -0.000946 -0.005210 0.151991 0.000173 -0.005297 0.000000 0.000000 0.000000 0.000000 1 3.860332072e-07 1.710187644e-05
45 0.149585 -0.000860 -0.005217 0.151991 0.000173 -0.005297 0.000000 0.000000 0.000000 0.000000 1 3.881286830e-07 2.099783160e-05
45 0.149770 -0.000780 -0.005223 0.151991 0.000173 -0.005297 0.000000 0.000000 0.000000 0.000000 1 3.690365702e-07 1.692608930e-05
45 0.149940 -0.000707 -0.005229 0.151991 0.000173 -0.005297 0.000000 0.000000 0.000000 0.000000 1 3.650784492e-07 1.742318273e-05
45 0.150098 -0.000639 -0.005234 0.151991 0.000173 -0.005297 0.000000 0.000000 0.000000 0.000000 1 3.960449249e-07 1.695309766e-05
45 0.150244 -0.000577 -0.005239 0.151991 0.000173 -0.005297 0.000000 0.000000 0.000000 0.000000 1 3.471504897e-07 2.145208418e-05
45 0.150378 -0.000519 -0.005243 0.151991 0.000173 -0.005297 0.000000 0.000000 0.000000 0.000000 1 3.708992153e-07 1.576007344e-05
46 0.150134 -0.001202 -0.006108 0.157966 -0.006084 -0.012947 0.000000 0.000000 0.000000 0.000000 1 3.769528121e-07 1.610792242e-05
46 0.150736 -0.001577 -0.006634 0.157966 -0.006084 -0.012947 0.000000 0.000000 0.000000 0.000000 1 3.650784492e-07 1.566205174e-05
46 0.151292 -0.001924 -0.007120 0.157966 -0.006084 -0.012947 0.000000 0.000000 0.000000 0.000000 1 3.650784492e-07 1.742318273e-05
46 0.151805 -0.002244 -0.007568 0.157966 -0.006084 -0.012947 0.000000 0.000000 0.000000 0.000000 1 4.910398275e-07 1.674517989e-05
46 0.152279 -0.002539 -0.007981 0.157966 -0.006084 -0.012947 0.000000 0.000000 0.000000 0.000000 1 3.671739250e-07 1.735193655e-05
46 0.152716 -0.002811 -0.008363 0.157966 -0.006084 -0.012947 0.000000 0.000000 0.000000 0.000000 1 3.681052476e-07 1.702690497e-05
46 0.153120 -0.003063 -0.008715 0.157966 -0.006084 -0.012947 0.000000 0.000000 0.000000 0.000000 1 3.660097718e-07 1.595309004e-05
46 0.153492 -0.003295 -0.009041 0.157966 -0.006084 -0.012947 0.000000 0.000000 0.000000 0.000000 1 7.729977369e-07 2.636597492e-05
46 0.153836 -0.003510 -0.009341 0.157966 -0.006084 -0.012947 0.000000 0.000000 0.000000 0.000000 1 7.702037692e-07 2.651801333e-05
46 0.154154 -0.003707 -0.009618 0.157966 -0.006084 -0.012947 0.000000 0.000000 0.000000 0.000000 1 3.639142960e-07 1.893099397e-05
46 0.154447 -0.003890 -0.009874 0.157966 -0.006084 -0.012947 0.000000 0.000000 0.000000 0.000000 1 3.941822797e-07 1.616193913e-05
46 0.154718 -0.004059 -0.010111 0.157966 -0.006084 -0.012947 0.000000 0.000000 0.000000 0.000000 1 3.660097718e-07 1.735589467e-05
46 0.154967 -0.004214 -0.010329 0.157966 -0.006084 -0.012947 0.000000 0.000000 0.000000 0.000000 1 3.909226507e-07 1.632398926e-05
46 0.155198 -0.004358 -0.010530 0.157966 -0.006084 -0.012947 0.000000 0.000000 0.000000 0.000000 1 3.930181265e-07 1.885299571e-05
46 0.155411 -0.004491 -0.010716 0.157966 -0.006084 -0.012947 0.000000 0.000000 0.000000 0.000000 1 3.289896995e-07 1.153210178e-05
46 0.155607 -0.004613 -0.010887 0.157966 -0.006084 -0.012947 0.000000 0.000000 0.000000 0.000000 1 3.068707883e-07 8.547911420e-06
46 0.155788 -0.004726 -0.011046 0.157966 -0.006084 -0.012947 0.000000 0.000000 0.000000 0.000000 1 9.010545909e-08 4.139030352e-06
46 0.155956 -0.004831 -0.011192 0.157966 -0.006084 -0.012947 0.000000 0.000000 0.000000 0.000000 1 8.598435670e-07 2.649612725e-05
46 0.156110 -0.004927 -0.011327 0.157966 -0.006084 -0.012947 0.000000 0.000000 0.000000 0.000000 1 7.520429790e-07 2.633593976e-05
46 0.156253 -0.005016 -0.011451 0.157966 -0.006084 -0.012947 0.000000 0.000000 0.000000 0.000000 1 7.920898497e-07 2.658902667e-05
47 0.156108 -0.004383 -0.011516 0.163691 -0.001299 -0.013217 0.000000 0.000000 0.000000 0.000000 1 1.368112862e-06 2.934690565e-05
47 0.156691 -0.004146 -0.011646 0.163691 -0.001299 -0.013217 0.000000 0.000000 0.000000 0.000000 1 8.328352123e-07 2.328609116e-05
47 0.157229 -0.003927 -0.011767 0.163691 -0.001299 -0.013217 0.000000 0.000000 0.000000 0.000000 1 4.610046744e-07 1.603807323e-05
47 0.157726 -0.003725 -0.011879 0.163691 -0.001299 -0.013217 0.000000 0.000000 0.000000 0.000000 1 3.010500222e-07 1.303781755e-05
47 0.158184 -0.003539 -0.011981 0.163691 -0.001299 -0.013217 0.000000 0.000000 0.000000 0.000000 1 3.688037395e-07 1.612794586e-05
47 0.158608 -0.003366 -0.012076 0.163691 -0.001299 -0.013217 0.000000 0.000000 0.000000 0.000000 1 3.671739250e-07 1.676008105e-05
47 0.158999 -0.003207 -0.012164 0.163691 -0.001299 -0.013217 0.000000 0.000000 0.000000 0.000000 1 3.650784492e-07 1.718802378e-05
47 0.159359 -0.003061 -0.012245 0.163691 -0.001299 -0.013217 0.000000 0.000000 0.000000 0.000000 1 3.639142960e-07 1.579592936e-05
47 0.159693 -0.002925 -0.012320 0.163691 -0.001299 -0.013217 0.000000 0.000000 0.000000 0.000000 1 3.650784492e-07 1.573399641e-05
47 0.160000 -0.002800 -0.012389 0.163691 -0.001299 -0.013217 0.000000 0.000000 0.000000 0.000000 1 3.899913281e-07 1.721293665e-05
47 0.160284 -0.002685 -0.012452 0.163691 -0.001299 -0.013217 0.000000 0.000000 0.000000 0.000000 1 3.899913281e-07 1.895101741e-05
47 0.160546 -0.002578 -0.012511 0.163691 -0.001299 -0.013217 0.000000 0.000000 0.000000 0.000000 1 3.671739250e-07 1.878896728e-05
47 0.160788 -0.002480 -0.012565 0.163691 -0.001299 -0.013217 0.000000 0.000000 0.000000 0.000000 1 5.559995770e-07 1.726998016e-05
47 0.161011 -0.002389 -0.012615 0.163691 -0.001299 -0.013217 0.000000 0.000000 0.000000 0.000000 1 3.669410944e-07 1.720711589e-05
47 0.161217 -0.002305 -0.012662 0.163691 -0.001299 -0.013217 0.000000 0.000000 0.000000 0.000000 1 3.690365702e-07 1.735915430e-05
47 0.161407 -0.002228 -0.012704 0.163691 -0.001299 -0.013217 0.000000 0.000000 0.000000 0.000000 1 3.671739250e-07 1.707300544e-05
47 0.161583 -0.002156 -0.012744 0.163691 -0.001299 -0.013217 0.000000 0.000000 0.000000 0.000000 1 3.830064088e-07 1.765717752e-05
47 0.161745 -0.002090 -0.012780 0.163691 -0.001299 -0.013217 0.000000 0.000000 0.000000 0.000000 1 4.188623279e-07 1.759384759e-05
47 0.161894 -0.002030 -0.012814 0.163691 -0.001299 -0.013217 0.000000 0.000000 0.000000 0.000000 1 3.660097718e-07 1.583085395e-05
47 0.162033 -0.001973 -0.012845 0.163691 -0.001299 -0.013217 0.000000 0.000000 0.000000 0.000000 1 3.708992153e-07 1.712818630e-05
48 0.161660 -0.002669 -0.013671 0.169673 -0.008145 -0.021288 0.000000 0.000000 0.000000 0.000000 1 3.699678928e-07 1.574913040e-05
48 0.162276 -0.003090 -0.014257 0.169673 -0.008145 -0.021288 0.000000 0.000000 0.000000 0.000000 1 3.678724170e-07 1.692702062e-05
48 0.162845 -0.003478 -0.014797 0.169673 -0.008145 -0.021288 0.000000 0.000000 0.000000 0.000000 1 3.641471267e-07 1.593003981e-05
48 0.163370 -0.003837 -0.015296 0.169673 -0.008145 -0.021288 0.000000 0.000000 0.000000 0.000000 1 3.909226507e-07 1.738802530e-05
48 0.163854 -0.004168 -0.015757 0.169673 -0.008145 -0.021288 0.000000 0.000000 0.000000 0.000000 1 3.650784492e-07 1.724017784e-05
48 0.164302 -0.004474 -0.016182 0.169673 -0.008145 -0.021288 0.000000 0.000000 0.000000 0.000000 1 3.948807716e-07 1.851189882e-05
48 0.164715 -0.004756 -0.016575 0.169673 -0.008145 -0.021288 0.000000 0.000000 0.000000 0.000000 1 8.349306881e-07 2.638692968e-05
48 0.165096 -0.005017 -0.016937 0.169673 -0.008145 -0.021288 0.000000 0.000000 0.000000 0.000000 1 7.532071322e-07 2.627004869e-05
48 0.165448 -0.005257 -0.017272 0.169673 -0.008145 -0.021288 0.000000 0.000000 0.000000 0.000000 1 3.708992153e-07 1.606112346e-05
48 0.165773 -0.005479 -0.017580 0.169673 -0.008145 -0.021288 0.000000 0.000000 0.000000 0.000000 1 3.948807716e-07 1.720990986e-05
48 0.166073 -0.005684 -0.017865 0.169673 -0.008145 -0.021288 0.000000 0.000000 0.000000 0.000000 1 3.690365702e-07 1.888116822e-05
48 0.166349 -0.005873 -0.018129 0.169673 -0.008145 -0.021288 0.000000 0.000000 0.000000 0.000000 1 3.641471267e-07 1.608906314e-05
48 0.166605 -0.006048 -0.018371 0.169673 -0.008145 -0.021288 0.000000 0.000000 0.000000 0.000000 1 3.650784492e-07 1.697009429e-05
48 0.166841 -0.006209 -0.018596 0.169673 -0.008145 -0.021288 0.000000 0.000000 0.000000 0.000000 1 3.690365702e-07 1.606391743e-05
48 0.167059 -0.006358 -0.018803 0.169673 -0.008145 -0.021288 0.000000 0.000000 0.000000 0.000000 1 4.849862307e-07 2.358481288e-05
48 0.167260 -0.006495 -0.018994 0.169673 -0.008145 -0.021288 0.000000 0.000000 0.000000 0.000000 1 3.660097718e-07 1.703901216e-05
48 0.167445 -0.006622 -0.019170 0.169673 -0.008145 -0.021288 0.000000 0.000000 0.000000 0.000000 1 3.671739250e-07 1.714797691e-05
48 0.167616 -0.006739 -0.019333 0.169673 -0.008145 -0.021288 0.000000 0.000000 0.000000 0.000000 1 3.720633686e-07 1.700292341e-05
48 0.167774 -0.006847 -0.019483 0.169673 -0.008145 -0.021288 0.000000 0.000000 0.000000 0.000000 1 3.681052476e-07 1.609697938e-05
48 0.167920 -0.006947 -0.019622 0.169673 -0.008145 -0.021288 0.000000 0.000000 0.000000 0.000000 1 3.450550139e-07 1.473701559e-05
49 0.167684 -0.006321 -0.019806 0.175336 -0.003409 -0.022733 0.000000 0.000000 0.000000 0.000000 1 3.690365702e-07 1.713004895e-05
49 0.168272 -0.006097 -0.020031 0.175336 -0.003409 -0.022733 0.000000 0.000000 0.000000 0.000000 1 3.690365702e-07 1.708394848e-05
49 0.168815 -0.005890 -0.020239 0.175336 -0.003409 -0.022733 0.000000 0.000000 0.000000 0.000000 1 3.909226507e-07 1.567183062e-05
49 0.169316 -0.005700 -0.020431 0.175336 -0.003409 -0.022733 0.000000 0.000000 0.000000 0.000000 1 7.927883416e-07 2.638506703e-05
49 0.169779 -0.005523 -0.020608 0.175336 -0.003409 -0.022733 0.000000 0.000000 0.000000 0.000000 1 6.789341569e-07 2.297782339e-05
49 0.170206 -0.005361 -0.020771 0.175336 -0.003409 -0.022733 0.000000 0.000000 0.000000 0.000000 1 7.720664144e-07 2.650497481e-05
49 0.170601 -0.005211 -0.020922 0.175336 -0.003409 -0.022733 0.000000 0.000000 0.000000 0.000000 1 5.448237062e-07 1.658010297e-05
49 0.170965 -0.005072 -0.021061 0.175336 -0.003409 -0.022733 0.000000 0.000000 0.000000 0.000000 1 3.690365702e-07 1.749303192e-05
49 0.171301 -0.004944 -0.021190 0.175336 -0.003409 -0.022733 0.000000 0.000000 0.000000 0.000000 1 7.709022611e-07 2.630404197e-05
49 0.171611 -0.004826 -0.021308 0.175336 -0.003409 -0.022733 0.000000 0.000000 0.000000 0.000000 1 5.371402949e-07 1.622992568e-05
49 0.171897 -0.004717 -0.021418 0.175336 -0.003409 -0.022733 0.000000 0.000000 0.000000 0.000000 1 2.880115062e-07 1.163687557e-05
49 0.172162 -0.004617 -0.021519 0.175336 -0.003409 -0.022733 0.000000 0.000000 0.000000 0.000000 1 7.571652532e-07 1.758616418e-05
49 0.172406 -0.004524 -0.021612 0.175336 -0.003409 -0.022733 0.000000 0.000000 0.000000 0.000000 1 2.570450306e-07 1.204898581e-05
49 0.172631 -0.004438 -0.021698 0.175336 -0.003409 -0.022733 0.000000 0.000000 0.000000 0.000000 1 8.821953088e-07 2.651405521e-05
49 0.172839 -0.004359 -0.021778 0.175336 -0.003409 -0.022733 0.000000 0.000000 0.000000 0.000000 1 3.690365702e-07 1.704390161e-05
49 0.173031 -0.004286 -0.021851 0.175336 -0.003409 -0.022733 0.000000 0.000000 0.000000 0.000000 1 7.729977369e-07 2.634082921e-05
49 0.173208 -0.004219 -0.021919 0.175336 -0.003409 -0.022733 0.000000 0.000000 0.000000 0.000000 1 3.650784492e-07 1.601199619e-05
49 0.173372 -0.004156 -0.021982 0.175336 -0.003409 -0.022733 0.000000 0.000000 0.000000 0.000000 1 3.639142960e-07 1.720897853e-05
49 0.173523 -0.004099 -0.022039 0.175336 -0.003409 -0.022733 0.000000 0.000000 0.000000 0.000000 1 3.699678928e-07 1.602596603e-05
49 0.173662 -0.004046 -0.022093 0.175336 -0.003409 -0.022733 0.000000 0.000000 0.000000 0.000000 1 3.657769412e-07 1.577590592e-05
50 0.173005 -0.004740 -0.022855 0.181214 -0.010666 -0.031176 0.000000 0.000000 0.000000 0.038921 1 3.690365702e-07 1.715798862e-05
50 0.173090 -0.005163 -0.023401 0.181214 -0.010666 -0.031176 0.000000 0.000000 0.000000 0.039471 1 3.681052476e-07 1.584482379e-05
50 0.173159 -0.005553 -0.023903 0.181214 -0.010666 -0.031176 0.000000 0.000000 0.000000 0.040191 1 3.681052476e-07 1.605018042e-05
50 0.173212 -0.005913 -0.024365 0.181214 -0.010666 -0.031176 0.000000 0.000000 0.000000 0.040990 1 3.681052476e-07 1.731305383e-05
50 0.173249 -0.006245 -0.024789 0.181214 -0.010666 -0.031176 0.000000 0.000000 0.000000 0.041896 1 3.690365702e-07 1.567089930e-05
50 0.173270 -0.006550 -0.025178 0.181214 -0.010666 -0.031176 0.000000 0.000000 0.000000 0.043017 1 3.660097718e-07 1.592002809e-05
50 0.173271 -0.006830 -0.025534 0.181214 -0.010666 -0.031176 0.000000 0.000000 0.000000 0.044439 1 3.660097718e-07 1.579895616e-05
50 0.173249 -0.007088 -0.025859 0.181214 -0.010666 -0.031176 0.000000 0.000000 0.000000 0.046157 1 3.669410944e-07 1.716311090e-05
50 0.173204 -0.007324 -0.026155 0.181214 -0.010666 -0.031176 0.000000 0.000000 0.000000 0.048038 1 5.101319402e-07 9.567011148e-06
50 0.173136 -0.007541 -0.026423 0.181214 -0.010666 -0.031176 0.000000 0.000000 0.000000 0.049967 1 8.987262845e-08 4.644971341e-06
50 0.173046 -0.007740 -0.026666 0.181214 -0.010666 -0.031176 0.000000 0.000000 0.000000 0.051853 1 8.894130588e-08 3.956956789e-06
50 0.172937 -0.007921 -0.026886 0.181214 -0.010666 -0.031176 0.000000 0.000000 0.000000 0.053688 1 9.010545909e-08 4.546018317e-06
50 0.172811 -0.008087 -0.027085 0.181214 -0.010666 -0.031176 0.000000 0.000000 0.000000 0.055626 1 9.802170098e-08 4.325993359e-06
50 0.172665 -0.008239 -0.027263 0.181214 -0.010666 -0.031176 0.000000 0.000000 0.000000 0.057798 1 1.098960638e-07 4.675937817e-06
50 0.172499 -0.008377 -0.027422 0.181214 -0.010666 -0.031176 0.000000 0.000000 0.000000 0.060236 1 2.130400389e-07 9.258044884e-06
50 0.172309 -0.008503 -0.027563 0.181214 -0.010666 -0.031176 0.000000 0.000000 0.000000 0.062881 1 3.681052476e-07 1.695216633e-05
50 0.172097 -0.008616 -0.027686 0.181214 -0.010666 -0.031176 0.000000 0.000000 0.000000 0.065611 1 3.681052476e-07 1.717195846e-05
50 0.171863 -0.008719 -0.027794 0.181214 -0.010666 -0.031176 0.000000 0.000000 0.000000 0.068266 1 4.221219569e-07 1.753284596e-05
50 0.171611 -0.008811 -0.027887 0.181214 -0.010666 -0.031176 0.000000 0.000000 0.000000 0.070748 1 3.669410944e-07 1.888512634e-05
50 0.171346 -0.008895 -0.027967 0.181214 -0.010666 -0.031176 0.000000 0.000000 0.000000 0.073039 1 3.669410944e-07 1.728092320e-05
51 0.170739 -0.008262 -0.028237 0.186951 -0.006135 -0.033985 0.000000 0.000000 0.000000 0.077246 1 6.430782378e-07 1.951004378e-05
51 0.170862 -0.008062 -0.028474 0.186951 -0.006135 -0.033985 0.000000 0.000000 0.000000 0.078944 1 3.660097718e-07 1.893099397e-05
51 0.170951 -0.007876 -0.028689 0.186951 -0.006135 -0.033985 0.000000 0.000000 0.000000 0.080606 1 3.690365702e-07 1.720222645e-05
51 0.171009 -0.007704 -0.028883 0.186951 -0.006135 -0.033985 0.000000 0.000000 0.000000 0.082353 1 4.079192877e-07 1.729279757e-05
51 0.171036 -0.007544 -0.029058 0.186951 -0.006135 -0.033985 0.000000 0.000000 0.000000 0.084145 1 3.958120942e-07 1.581292599e-05
51 0.171037 -0.007396 -0.029214 0.186951 -0.006135 -0.033985 0.000000 0.000000 0.000000 0.085866 1 7.329508662e-07 1.821992919e-05
51 0.171013 -0.007258 -0.029354 0.186951 -0.006135 -0.033985 0.000000 0.000000 0.000000 0.087394 1 3.678724170e-07 1.835590228e-05
51 0.170973 -0.007130 -0.029480 0.186951 -0.006135 -0.033985 0.000000 0.000000 0.000000 0.088603 1 3.681052476e-07 1.851515844e-05
51 0.170920 -0.007011 -0.029594 0.186951 -0.006135 -0.033985 0.000000 0.000000 0.000000 0.089441 1 3.690365702e-07 1.702387817e-05
51 0.170863 -0.006902 -0.029697 0.186951 -0.006135 -0.033985 0.000000 0.000000 0.000000 0.089949 1 2.558808774e-07 1.144502312e-05
51 0.170805 -0.006800 -0.029791 0.186951 -0.006135 -0.033985 0.000000 0.000000 0.000000 0.090215 1 2.579763532e-07 9.740935639e-06
51 0.170749 -0.006707 -0.029878 0.186951 -0.006135 -0.033985 0.000000 0.000000 0.000000 0.090274 1 3.699678928e-07 1.571001485e-05
51 0.170698 -0.006620 -0.029958 0.186951 -0.006135 -0.033985 0.000000 0.000000 0.000000 0.090080 1 3.960449249e-07 1.881108619e-05
51 0.170656 -0.006540 -0.030033 0.186951 -0.006135 -0.033985 0.000000 0.000000 0.000000 0.089660 1 3.839377314e-07 1.583807170e-05
51 0.170624 -0.006467 -0.030103 0.186951 -0.006135 -0.033985 0.000000 0.000000 0.000000 0.089115 1 3.918539733e-07 1.694308594e-05
51 0.170603 -0.006400 -0.030170 0.186951 -0.006135 -0.033985 0.000000 0.000000 0.000000 0.088568 1 3.760214895e-07 1.719710417e-05
51 0.170591 -0.006338 -0.030232 0.186951 -0.006135 -0.033985 0.000000 0.000000 0.000000 0.088132 1 3.690365702e-07 1.695891842e-05
51 0.170584 -0.006281 -0.030291 0.186951 -0.006135 -0.033985 0.000000 0.000000 0.000000 0.087828 1 3.951136023e-07 2.367980778e-05
51 0.170582 -0.006228 -0.030346 0.186951 -0.006135 -0.033985 0.000000 0.000000 0.000000 0.087639 1 3.690365702e-07 1.719105057e-05
51 0.170582 -0.006180 -0.030397 0.186951 -0.006135 -0.033985 0.000000 0.000000 0.000000 0.087533 1 3.671739250e-07 1.729698852e-05
52 0.169766 -0.006786 -0.031037 0.194227 -0.013335 -0.042918 0.000000 0.000000 0.000000 0.158198 1 3.688037395e-07 1.681293361e-05
52 0.169282 -0.007127 -0.031428 0.194227 -0.013335 -0.042918 0.000000 0.000000 0.000000 0.158494 1 3.690365702e-07 1.576310024e-05
52 0.168829 -0.007442 -0.031788 0.194227 -0.013335 -0.042918 0.000000 0.000000 0.000000 0.158954 1 1.022126526e-06 1.909513958e-05
52 0.168404 -0.007732 -0.032118 0.194227 -0.013335 -0.042918 0.000000 0.000000 0.000000 0.159478 1 3.669410944e-07 1.579103991e-05
52 0.168003 -0.007999 -0.032421 0.194227 -0.013335 -0.042918 0.000000 0.000000 0.000000 0.160101 1 3.860332072e-07 1.701014116e-05
52 0.167622 -0.008244 -0.032698 0.194227 -0.013335 -0.042918 0.000000 0.000000 0.000000 0.160929 1 3.708992153e-07 1.894007437e-05
52 0.167255 -0.008470 -0.032951 0.194227 -0.013335 -0.042918 0.000000 0.000000 0.000000 0.162038 1 2.139713615e-07 9.569106624e-06
52 0.166898 -0.008677 -0.033180 0.194227 -0.013335 -0.042918 0.000000 0.000000 0.000000 0.163415 1 1.899898052e-07 8.040107787e-06
52 0.166546 -0.008867 -0.033387 0.194227 -0.013335 -0.042918 0.000000 0.000000 0.000000 0.164942 1 9.259674698e-07 1.754099503e-05
52 0.166198 -0.009040 -0.033573 0.194227 -0.013335 -0.042918 0.000000 0.000000 0.000000 0.166529 1 2.640299499e-07 1.185410656e-05
52 0.165853 -0.009199 -0.033739 0.194227 -0.013335 -0.042918 0.000000 0.000000 0.000000 0.168087 1 2.691522241e-07 1.282594167e-05
52 0.165512 -0.009344 -0.033887 0.194227 -0.013335 -0.042918 0.000000 0.000000 0.000000 0.169609 1 3.648456186e-07 1.732399687e-05
52 0.165174 -0.009476 -0.034019 0.194227 -0.013335 -0.042918 0.000000 0.000000 0.000000 0.171240 1 3.688037395e-07 1.714308746e-05
52 0.164835 -0.009596 -0.034135 0.194227 -0.013335 -0.042918 0.000000 0.000000 0.000000 0.173104 1 3.720633686e-07 1.717102714e-05
52 0.164493 -0.009705 -0.034235 0.194227 -0.013335 -0.042918 0.000000 0.000000 0.000000 0.175230 1 3.781169653e-07 1.850700937e-05
52 0.164143 -0.009803 -0.034320 0.194227 -0.013335 -0.042918 0.000000 0.000000 0.000000 0.177559 1 3.688037395e-07 1.564598642e-05
52 0.163784 -0.009891 -0.034391 0.194227 -0.013335 -0.042918 0.000000 0.000000 0.000000 0.179965 1 3.690365702e-07 1.620897092e-05
52 0.163418 -0.009970 -0.034448 0.194227 -0.013335 -0.042918 0.000000 0.000000 0.000000 0.182288 1 3.711320460e-07 1.674797386e-05
52 0.163047 -0.010041 -0.034494 0.194227 -0.013335 -0.042918 0.000000 0.000000 0.000000 0.184409 1 3.690365702e-07 1.574703492e-05
52 0.162674 -0.010104 -0.034530 0.194227 -0.013335 -0.042918 0.000000 0.000000 0.000000 0.186299 1 1.234002411e-06 2.742907964e-05
53 0.162690 -0.009474 -0.034994 0.203410 -0.009505 -0.047154 0.000000 0.000000 0.000000 0.203159 1 3.671739250e-07 1.568091102e-05
53 0.162632 -0.009328 -0.035190 0.203410 -0.009505 -0.047154 0.000000 0.000000 0.000000 0.204413 1 3.718305379e-07 1.708394848e-05
53 0.162560 -0.009192 -0.035367 0.203410 -0.009505 -0.047154 0.000000 0.000000 0.000000 0.205614 1 3.930181265e-07 1.866091043e-05
53 0.162474 -0.009065 -0.035525 0.203410 -0.009505 -0.047154 0.000000 0.000000 0.000000 0.206887 1 3.690365702e-07 1.733889803e-05
53 0.162375 -0.008947 -0.035666 0.203410 -0.009505 -0.047154 0.000000 0.000000 0.000000 0.208186 1 3.681052476e-07 1.560803503e-05
53 0.162263 -0.008837 -0.035792 0.203410 -0.009505 -0.047154 0.000000 0.000000 0.000000 0.209405 1 3.690365702e-07 1.894496381e-05
53 0.162142 -0.008735 -0.035904 0.203410 -0.009505 -0.047154 0.000000 0.000000 0.000000 0.210432 1 4.880130291e-07 1.722807065e-05
53 0.162017 -0.008640 -0.036005 0.203410 -0.009505 -0.047154 0.000000 0.000000 0.000000 0.211156 1 3.909226507e-07 1.877895556e-05
53 0.161894 -0.008552 -0.036096 0.203410 -0.009505 -0.047154 0.000000 0.000000 0.000000 0.211542 1 3.690365702e-07 1.723715104e-05
53 0.161776 -0.008471 -0.036179 0.203410 -0.009505 -0.047154 0.000000 0.000000 0.000000 0.211642 1 3.450550139e-07 1.714704558e-05
53 0.161668 -0.008396 -0.036255 0.203410 -0.009505 -0.047154 0.000000 0.000000 0.000000 0.211548 1 7.639173418e-07 2.624583431e-05
53 0.161571 -0.008327 -0.036327 0.203410 -0.009505 -0.047154 0.000000 0.000000 0.000000 0.211297 1 7.729977369e-07 2.635293640e-05
53 0.161487 -0.008263 -0.036394 0.203410 -0.009505 -0.047154 0.000000 0.000000 0.000000 0.210838 1 4.339963198e-07 2.068397589e-05
53 0.161418 -0.008205 -0.036458 0.203410 -0.009505 -0.047154 0.000000 0.000000 0.000000 0.210182 1 4.030298442e-07 1.710094512e-05
53 0.161366 -0.008151 -0.036520 0.203410 -0.009505 -0.047154 0.000000 0.000000 0.000000 0.209408 1 3.741588444e-07 1.577916555e-05
53 0.161331 -0.008103 -0.036580 0.203410 -0.009505 -0.047154 0.000000 0.000000 0.000000 0.208623 1 3.979075700e-07 1.882296056e-05
53 0.161309 -0.008058 -0.036638 0.203410 -0.009505 -0.047154 0.000000 0.000000 0.000000 0.207927 1 7.220078260e-07 2.042390406e-05
53 0.161300 -0.008018 -0.036694 0.203410 -0.009505 -0.047154 0.000000 0.000000 0.000000 0.207320 1 3.699678928e-07 1.578708179e-05
53 0.161300 -0.007981 -0.036748 0.203410 -0.009505 -0.047154 0.000000 0.000000 0.000000 0.206810 1 3.930181265e-07 1.604994759e-05
53 0.161307 -0.007947 -0.036799 0.203410 -0.009505 -0.047154 0.000000 0.000000 0.000000 0.206398 1 3.699678928e-07 1.695612445e-05
54 0.160686 -0.008351 -0.037384 0.216875 -0.016892 -0.060227 0.000000 0.000000 0.000000 0.285870 1 3.648456186e-07 1.732190140e-05
54 0.160239 -0.008636 -0.037816 0.216875 -0.016892 -0.060227 0.000000 0.000000 0.000000 0.285887 1 3.688037395e-07 1.866184175e-05
54 0.159825 -0.008899 -0.038215 0.216875 -0.016892 -0.060227 0.000000 0.000000 0.000000 0.286042 1 3.650784492e-07 1.470395364e-05
54 0.159440 -0.009142 -0.038583 0.216875 -0.016892 -0.060227 0.000000 0.000000 0.000000 0.286227 1 4.598405212e-07 1.757312566e-05
54 0.159081 -0.009366 -0.038921 0.216875 -0.016892 -0.060227 0.000000 0.000000 0.000000 0.286497 1 3.660097718e-07 1.729419455e-05
54 0.158743 -0.009572 -0.039231 0.216875 -0.016892 -0.060227 0.000000 0.000000 0.000000 0.286959 1 3.878958523e-07 1.621595584e-05
54 0.158422 -0.009762 -0.039515 0.216875 -0.016892 -0.060227 0.000000 0.000000 0.000000 0.287666 1 3.669410944e-07 1.723109744e-05
54 0.158111 -0.009936 -0.039773 0.216875 -0.016892 -0.060227 0.000000 0.000000 0.000000 0.288594 1 3.669410944e-07 1.696590334e-05
54 0.157807 -0.010095 -0.040006 0.216875 -0.016892 -0.060227 0.000000 0.000000 0.000000 0.289666 1 6.770715117e-07 1.787603833e-05
54 0.157508 -0.010241 -0.040217 0.216875 -0.016892 -0.060227 0.000000 0.000000 0.000000 0.290815 1 3.678724170e-07 1.707905903e-05
54 0.157211 -0.010374 -0.040405 0.216875 -0.016892 -0.060227 0.000000 0.000000 0.000000 0.292426 1 3.669410944e-07 1.860503107e-05
54 0.156894 -0.010493 -0.040567 0.216875 -0.016892 -0.060227 0.000000 0.000000 0.000000 0.295426 1 3.650784492e-07 1.567695290e-05
54 0.156553 -0.010599 -0.040703 0.216875 -0.016892 -0.060227 0.000000 0.000000 0.000000 0.298366 1 3.678724170e-07 1.734006219e-05
54 0.156187 -0.010693 -0.040815 0.216875 -0.016892 -0.060227 0.000000 0.000000 0.000000 0.301493 1 9.909272194e-07 2.474710345e-05
54 0.155794 -0.010776 -0.040903 0.216875 -0.016892 -0.060227 0.000000 0.000000 0.000000 0.304972 1 7.699709386e-07 2.643303014e-05
54 0.155370 -0.010847 -0.040966 0.216875 -0.016892 -0.060227 0.000000 0.000000 0.000000 0.308837 1 8.861534297e-07 2.649496309e-05
54 0.154910 -0.010908 -0.041006 0.216875 -0.016892 -0.060227 0.000000 0.000000 0.000000 0.313004 1 7.590278983e-07 1.845601946e-05
54 0.154416 -0.010958 -0.041024 0.216875 -0.016892 -0.060227 0.000000 0.000000 0.000000 0.317302 1 3.671739250e-07 1.729303040e-05
54 0.153888 -0.010999 -0.041020 0.216875 -0.016892 -0.060227 0.000000 0.000000 0.000000 0.321524 1 3.678724170e-07 1.866812818e-05
54 0.153332 -0.011032 -0.040998 0.216875 -0.016892 -0.060227 0.000000 0.000000 0.000000 0.325475 1 7.909256965e-07 2.642488107e-05
55 0.153358 -0.010670 -0.041250 0.234090 -0.013980 -0.066216 0.000000 0.000000 0.000000 0.362171 1 9.690411389e-07 2.691987902e-05
55 0.153020 -0.010534 -0.041318 0.234090 -0.013980 -0.066216 0.000000 0.000000 0.000000 0.364867 1 9.008217603e-07 3.413995728e-05
55 0.152660 -0.010405 -0.041367 0.234090 -0.013980 -0.066216 0.000000 0.000000 0.000000 0.367423 1 2.379529178e-07 8.327886462e-06
55 0.152282 -0.010283 -0.041400 0.234090 -0.013980 -0.066216 0.000000 0.000000 0.000000 0.370040 1 2.388842404e-07 8.311821148e-06
55 0.151885 -0.010168 -0.041417 0.234090 -0.013980 -0.066216 0.000000 0.000000 0.000000 0.372678 1 3.201421350e-07 1.083686948e-05
55 0.151473 -0.010059 -0.041419 0.234090 -0.013980 -0.066216 0.000000 0.000000 0.000000 0.375216 1 9.899958968e-07 2.682395279e-05
55 0.151048 -0.009956 -0.041408 0.234090 -0.013980 -0.066216 0.000000 0.000000 0.000000 0.377516 1 8.621718735e-07 1.928093843e-05
55 0.150618 -0.009858 -0.041388 0.234090 -0.013980 -0.066216 0.000000 0.000000 0.000000 0.379453 1 5.299225450e-07 1.755193807e-05
55 0.150191 -0.009766 -0.041361 0.234090 -0.013980 -0.066216 0.000000 0.000000 0.000000 0.380984 1 3.708992153e-07 1.900503412e-05
55 0.149772 -0.009680 -0.041329 0.234090 -0.013980 -0.066216 0.000000 0.000000 0.000000 0.382148 1 3.960449249e-07 1.621898264e-05
55 0.149368 -0.009599 -0.041294 0.234090 -0.013980 -0.066216 0.000000 0.000000 0.000000 0.383053 1 1.061009243e-06 2.820510417e-05
55 0.148980 -0.009524 -0.041258 0.234090 -0.013980 -0.066216 0.000000 0.000000 0.000000 0.383764 1 5.229376256e-07 1.845206134e-05
55 0.148611 -0.009454 -0.041221 0.234090 -0.013980 -0.066216 0.000000 0.000000 0.000000 0.384271 1 9.010545909e-08 4.244968295e-06
55 0.148263 -0.009388 -0.041186 0.234090 -0.013980 -0.066216 0.000000 0.000000 0.000000 0.384630 1 8.987262845e-08 4.217028618e-06
55 0.147936 -0.009328 -0.041151 0.234090 -0.013980 -0.066216 0.000000 0.000000 0.000000 0.384929 1 1.781154424e-07 8.216826245e-06
55 0.147629 -0.009272 -0.041118 0.234090 -0.013980 -0.066216 0.000000 0.000000 0.000000 0.385246 1 1.909211278e-07 8.336966857e-06
55 0.147339 -0.009219 -0.041085 0.234090 -0.013980 -0.066216 0.000000 0.000000 0.000000 0.385631 1 3.040768206e-07 1.396681182e-05
55 0.147065 -0.009171 -0.041053 0.234090 -0.013980 -0.066216 0.000000 0.000000 0.000000 0.386044 1 3.681052476e-07 1.728488132e-05
55 0.146803 -0.009125 -0.041021 0.234090 -0.013980 -0.066216 0.000000 0.000000 0.000000 0.386505 1 3.711320460e-07 1.736008562e-05
55 0.146552 -0.009083 -0.040989 0.234090 -0.013980 -0.066216 0.000000 0.000000 0.000000 0.387031 1 3.669410944e-07 2.627796493e-05
56 0.145829 -0.009324 -0.041298 0.256211 -0.022221 -0.083126 0.000000 0.000000 0.000000 0.463088 1 3.681052476e-07 1.709209755e-05
56 0.145184 -0.009524 -0.041551 0.256211 -0.022221 -0.083126 0.000000 0.000000 0.000000 0.464027 1 5.729962140e-07 1.743505709e-05
56 0.144565 -0.009706 -0.041777 0.256211 -0.022221 -0.083126 0.000000 0.000000 0.000000 0.465419 1 5.501788110e-07 1.676101238e-05
56 0.143964 -0.009872 -0.041976 0.256211 -0.022221 -0.083126 0.000000 0.000000 0.000000 0.466963 1 3.690365702e-07 1.733703539e-05
56 0.143377 -0.010022 -0.042150 0.256211 -0.022221 -0.083126 0.000000 0.000000 0.000000 0.468653 1 3.660097718e-07 1.707789488e-05
56 0.142799 -0.010157 -0.042298 0.256211 -0.022221 -0.083126 0.000000 0.000000 0.000000 0.470616 1 3.641471267e-07 1.749699004e-05
56 0.142224 -0.010279 -0.042421 0.256211 -0.022221 -0.083126 0.000000 0.000000 0.000000 0.472895 1 3.760214895e-07 1.584808342e-05
56 0.141645 -0.010386 -0.042520 0.256211 -0.022221 -0.083126 0.000000 0.000000 0.000000 0.475428 1 8.370261639e-07 1.888209954e-05
56 0.141059 -0.010482 -0.042594 0.256211 -0.022221 -0.083126 0.000000 0.000000 0.000000 0.478076 1 3.650784492e-07 1.889909618e-05
56 0.140466 -0.010565 -0.042645 0.256211 -0.022221 -0.083126 0.000000 0.000000 0.000000 0.480681 1 3.678724170e-07 1.882901415e-05
56 0.139870 -0.010637 -0.042677 0.256211 -0.022221 -0.083126 0.000000 0.000000 0.000000 0.483103 1 3.448221833e-07 1.604505815e-05
56 0.139273 -0.010701 -0.042691 0.256211 -0.022221 -0.083126 0.000000 0.000000 0.000000 0.485321 1 3.869645298e-07 1.903204247e-05
56 0.138680 -0.010755 -0.042691 0.256211 -0.022221 -0.083126 0.000000 0.000000 0.000000 0.487493 1 3.699678928e-07 1.895800233e-05
56 0.138088 -0.010802 -0.042676 0.256211 -0.022221 -0.083126 0.000000 0.000000 0.000000 0.489820 1 4.000030458e-07 1.890794374e-05
56 0.137493 -0.010840 -0.042646 0.256211 -0.022221 -0.083126 0.000000 0.000000 0.000000 0.492445 1 3.650784492e-07 1.592887565e-05
56 0.136888 -0.010871 -0.042601 0.256211 -0.022221 -0.083126 0.000000 0.000000 0.000000 0.495404 1 4.000030458e-07 1.887907274e-05
56 0.136269 -0.010894 -0.042539 0.256211 -0.022221 -0.083126 0.000000 0.000000 0.000000 0.498630 1 3.678724170e-07 1.686601900e-05
56 0.135631 -0.010910 -0.042461 0.256211 -0.022221 -0.083126 0.000000 0.000000 0.000000 0.501980 1 3.678724170e-07 1.740292646e-05
56 0.134977 -0.010919 -0.042367 0.256211 -0.022221 -0.083126 0.000000 0.000000 0.000000 0.505275 1 3.699678928e-07 1.704902388e-05
56 0.134311 -0.010922 -0.042261 0.256211 -0.022221 -0.083126 0.000000 0.000000 0.000000 0.508346 1 3.948807716e-07 1.604389399e-05
57 0.133967 -0.010741 -0.042339 0.282785 -0.020694 -0.093397 0.000000 0.000000 0.000000 0.547240 1 3.639142960e-07 1.692213118e-05
57 0.133486 -0.010634 -0.042327 0.282785 -0.020694 -0.093397 0.000000 0.000000 0.000000 0.549190 1 3.641471267e-07 1.893308945e-05
57 0.133003 -0.010532 -0.042303 0.282785 -0.020694 -0.093397 0.000000 0.000000 0.000000 0.551008 1 3.681052476e-07 1.706602052e-05
57 0.132516 -0.010435 -0.042267 0.282785 -0.020694 -0.093397 0.000000 0.000000 0.000000 0.552853 1 3.660097718e-07 2.463208511e-05
57 0.132027 -0.010342 -0.042221 0.282785 -0.020694 -0.093397 0.000000 0.000000 0.000000 0.554688 1 5.329493433e-07 1.951796003e-05
57 0.131537 -0.010254 -0.042165 0.282785 -0.020694 -0.093397 0.000000 0.000000 0.000000 0.556413 1 3.688037395e-07 1.732585952e-05
57 0.131050 -0.010170 -0.042103 0.282785 -0.020694 -0.093397 0.000000 0.000000 0.000000 0.557918 1 3.718305379e-07 1.910398714e-05
57 0.130571 -0.010090 -0.042035 0.282785 -0.020694 -0.093397 0.000000 0.000000 0.000000 0.559122 1 3.681052476e-07 1.878896728e-05
57 0.130106 -0.010015 -0.041965 0.282785 -0.020694 -0.093397 0.000000 0.000000 0.000000 0.560010 1 3.660097718e-07 1.706997864e-05
57 0.129661 -0.009945 -0.041896 0.282785 -0.020694 -0.093397 0.000000 0.000000 0.000000 0.560638 1 3.399327397e-07 1.467694528e-05
57 0.129239 -0.009879 -0.041828 0.282785 -0.020694 -0.093397 0.000000 0.000000 0.000000 0.561095 1 3.650784492e-07 1.725414768e-05
57 0.128841 -0.009817 -0.041762 0.282785 -0.020694 -0.093397 0.000000 0.000000 0.000000 0.561434 1 3.678724170e-07 1.729396172e-05
57 0.128467 -0.009760 -0.041700 0.282785 -0.020694 -0.093397 0.000000 0.000000 0.000000 0.561640 1 3.669410944e-07 1.888000406e-05
57 0.128120 -0.009707 -0.041641 0.282785 -0.020694 -0.093397 0.000000 0.000000 0.000000 0.561737 1 3.669410944e-07 1.893797889e-05
57 0.127797 -0.009658 -0.041586 0.282785 -0.020694 -0.093397 0.000000 0.000000 0.000000 0.561779 1 3.688037395e-07 1.740898006e-05
57 0.127499 -0.009612 -0.041536 0.282785 -0.020694 -0.093397 0.000000 0.000000 0.000000 0.561812 1 3.729946911e-07 1.611583866e-05
57 0.127223 -0.009571 -0.041488 0.282785 -0.020694 -0.093397 0.000000 0.000000 0.000000 0.561866 1 7.150229067e-07 1.634494402e-05
57 0.126966 -0.009532 -0.041445 0.282785 -0.020694 -0.093397 0.000000 0.000000 0.000000 0.561909 1 8.894130588e-08 4.164874554e-06
57 0.126729 -0.009496 -0.041404 0.282785 -0.020694 -0.093397 0.000000 0.000000 0.000000 0.561970 1 3.660097718e-07 1.614005305e-05
57 0.126508 -0.009463 -0.041365 0.282785 -0.020694 -0.093397 0.000000 0.000000 0.000000 0.562086 1 8.987262845e-08 3.881053999e-06
58 0.125960 -0.009599 -0.041566 0.316072 -0.029676 -0.116279 0.000000 0.000000 0.000000 0.622237 1 4.561152309e-07 1.478195190e-05
58 0.125449 -0.009723 -0.041745 0.316072 -0.029676 -0.116279 0.000000 0.000000 0.000000 0.622773 1 6.521586329e-07 1.740013249e-05
58 0.124959 -0.009835 -0.041904 0.316072 -0.029676 -0.116279 0.000000 0.000000 0.000000 0.623699 1 3.681052476e-07 1.917290501e-05
58 0.124483 -0.009936 -0.042041 0.316072 -0.029676 -0.116279 0.000000 0.000000 0.000000 0.624716 1 3.690365702e-07 1.751002856e-05
58 0.124017 -0.010027 -0.042158 0.316072 -0.029676 -0.116279 0.000000 0.000000 0.000000 0.625834 1 3.699678928e-07 1.691607758e-05
58 0.123557 -0.010108 -0.042256 0.316072 -0.029676 -0.116279 0.000000 0.000000 0.000000 0.627154 1 3.669410944e-07 1.652189530e-05
58 0.123098 -0.010180 -0.042333 0.316072 -0.029676 -0.116279 0.000000 0.000000 0.000000 0.628702 1 3.669410944e-07 1.711701043e-05
58 0.122633 -0.010242 -0.042389 0.316072 -0.029676 -0.116279 0.000000 0.000000 0.000000 0.630434 1 3.690365702e-07 1.697009429e-05
58 0.122161 -0.010295 -0.042425 0.316072 -0.029676 -0.116279 0.000000 0.000000 0.000000 0.632262 1 3.641471267e-07 1.577101648e-05
58 0.121680 -0.010341 -0.042441 0.316072 -0.029676 -0.116279 0.000000 0.000000 0.000000 0.634069 1 3.718305379e-07 1.582992263e-05
58 0.121194 -0.010378 -0.042441 0.316072 -0.029676 -0.116279 0.000000 0.000000 0.000000 0.635749 1 3.899913281e-07 1.734518446e-05
58 0.120707 -0.010410 -0.042427 0.316072 -0.029676 -0.116279 0.000000 0.000000 0.000000 0.637283 1 3.660097718e-07 1.684599556e-05
58 0.120221 -0.010435 -0.042400 0.316072 -0.029676 -0.116279 0.000000 0.000000 0.000000 0.638786 1 3.708992153e-07 1.574796624e-05
58 0.119734 -0.010455 -0.042362 0.316072 -0.029676 -0.116279 0.000000 0.000000 0.000000 0.640408 1 6.249174476e-07 1.661200076e-05
58 0.119242 -0.010469 -0.042310 0.316072 -0.029676 -0.116279 0.000000 0.000000 0.000000 0.642260 1 4.568137228e-07 1.737987623e-05
58 0.118740 -0.010478 -0.042245 0.316072 -0.029676 -0.116279 0.000000 0.000000 0.000000 0.644373 1 3.690365702e-07 1.743505709e-05
58 0.118222 -0.010481 -0.042165 0.316072 -0.029676 -0.116279 0.000000 0.000000 0.000000 0.646695 1 3.639142960e-07 1.745088957e-05
58 0.117685 -0.010478 -0.042070 0.316072 -0.029676 -0.116279 0.000000 0.000000 0.000000 0.649115 1 8.051283658e-07 1.713284291e-05
58 0.117131 -0.010470 -0.041960 0.316072 -0.029676 -0.116279 0.000000 0.000000 0.000000 0.651500 1 9.320210665e-07 1.856195740e-05
58 0.116564 -0.010457 -0.041839 0.316072 -0.029676 -0.116279 0.000000 0.000000 0.000000 0.653722 1 3.671739250e-07 1.871818677e-05
59 0.116199 -0.010345 -0.041802 0.355299 -0.029688 -0.131256 0.000000 0.000000 0.000000 0.687815 1 3.690365702e-07 1.569185406e-05
59 0.115773 -0.010260 -0.041731 0.355299 -0.029688 -0.131256 0.000000 0.000000 0.000000 0.689120 1 3.690365702e-07 1.661200076e-05
59 0.115346 -0.010179 -0.041653 0.355299 -0.029688 -0.131256 0.000000 0.000000 0.000000 0.690303 1 3.681052476e-07 1.681293361e-05
59 0.114920 -0.010102 -0.041569 0.355299 -0.029688 -0.131256 0.000000 0.000000 0.000000 0.691492 1 3.690365702e-07 1.700804569e-05
59 0.114494 -0.010028 -0.041480 0.355299 -0.029688 -0.131256 0.000000 0.000000 0.000000 0.692656 1 3.699678928e-07 1.560011879e-05
59 0.114070 -0.009957 -0.041386 0.355299 -0.029688 -0.131256 0.000000 0.000000 0.000000 0.693714 1 4.291068763e-07 1.582014374e-05
59 0.113653 -0.009890 -0.041290 0.355299 -0.029688 -0.131256 0.000000 0.000000 0.000000 0.694582 1 3.909226507e-07 1.557287760e-05
59 0.113248 -0.009826 -0.041194 0.355299 -0.029688 -0.131256 0.000000 0.000000 0.000000 0.695207 1 3.681052476e-07 1.556705683e-05
59 0.112861 -0.009765 -0.041100 0.355299 -0.029688 -0.131256 0.000000 0.000000 0.000000 0.695595 1 3.441236913e-07 1.596403308e-05
59 0.112496 -0.009709 -0.041011 0.355299 -0.029688 -0.131256 0.000000 0.000000 0.000000 0.695800 1 3.729946911e-07 2.281600609e-05
59 0.112155 -0.009657 -0.040927 0.355299 -0.029688 -0.131256 0.000000 0.000000 0.000000 0.695896 1 6.840564311e-07 1.625111327e-05
59 0.111838 -0.009608 -0.040849 0.355299 -0.029688 -0.131256 0.000000 0.000000 0.000000 0.695924 1 3.650784492e-07 1.557101496e-05
59 0.111547 -0.009564 -0.040777 0.355299 -0.029688 -0.131256 0.000000 0.000000 0.000000 0.695861 1 3.669410944e-07 2.650707029e-05
59 0.111281 -0.009523 -0.040712 0.355299 -0.029688 -0.131256 0.000000 0.000000 0.000000 0.695715 1 3.690365702e-07 1.561711542e-05
59 0.111040 -0.009486 -0.040654 0.355299 -0.029688 -0.131256 0.000000 0.000000 0.000000 0.695516 1 3.681052476e-07 1.718290150e-05
59 0.110824 -0.009452 -0.040602 0.355299 -0.029688 -0.131256 0.000000 0.000000 0.000000 0.695285 1 9.299255908e-07 1.849397086e-05
59 0.110631 -0.009421 -0.040557 0.355299 -0.029688 -0.131256 0.000000 0.000000 0.000000 0.695041 1 3.648456186e-07 1.563015394e-05
59 0.110460 -0.009393 -0.040518 0.355299 -0.029688 -0.131256 0.000000 0.000000 0.000000 0.694762 1 3.690365702e-07 1.578684896e-05
59 0.110310 -0.009368 -0.040484 0.355299 -0.029688 -0.131256 0.000000 0.000000 0.000000 0.694476 1 6.030313671e-07 1.655309461e-05
59 0.110179 -0.009345 -0.040456 0.355299 -0.029688 -0.131256 0.000000 0.000000 0.000000 0.694221 1 3.690365702e-07 1.739012077e-05
60 0.109791 -0.009439 -0.040585 0.401114 -0.040425 -0.160970 0.000000 0.000000 0.000000 0.738035 1 3.708992153e-07 1.725507900e-05
60 0.109426 -0.009527 -0.040706 0.401114 -0.040425 -0.160970 0.000000 0.000000 0.000000 0.738196 1 3.690365702e-07 1.710210927e-05
60 0.109079 -0.009607 -0.040813 0.401114 -0.040425 -0.160970 0.000000 0.000000 0.000000 0.738701 1 4.000030458e-07 1.720595174e-05
60 0.108741 -0.009680 -0.040905 0.401114 -0.040425 -0.160970 0.000000 0.000000 0.000000 0.739285 1 4.239846021e-07 1.898803748e-05
60 0.108410 -0.009745 -0.040982 0.401114 -0.040425 -0.160970 0.000000 0.000000 0.000000 0.739951 1 3.669410944e-07 1.698802225e-05
60 0.108081 -0.009802 -0.041044 0.401114 -0.040425 -0.160970 0.000000 0.000000 0.000000 0.740773 1 3.660097718e-07 1.709396020e-05
60 0.107749 -0.009853 -0.041090 0.401114 -0.040425 -0.160970 0.000000 0.000000 0.000000 0.741767 1 3.690365702e-07 1.851608977e-05
60 0.107409 -0.009896 -0.041119 0.401114 -0.040425 -0.160970 0.000000 0.000000 0.000000 0.742902 1 4.300381988e-07 1.638499089e-05
60 0.107059 -0.009932 -0.041131 0.401114 -0.040425 -0.160970 0.000000 0.000000 0.000000 0.744121 1 3.499444574e-07 1.753796823e-05
60 0.106698 -0.009962 -0.041127 0.401114 -0.040425 -0.160970 0.000000 0.000000 0.000000 0.745339 1 3.708992153e-07 1.786905341e-05
60 0.106328 -0.009985 -0.041109 0.401114 -0.040425 -0.160970 0.000000 0.000000 0.000000 0.746478 1 3.441236913e-07 1.594191417e-05
60 0.105954 -0.010004 -0.041079 0.401114 -0.040425 -0.160970 0.000000 0.000000 0.000000 0.747524 1 7.939524949e-07 2.629705705e-05
60 0.105576 -0.010017 -0.041038 0.401114 -0.040425 -0.160970 0.000000 0.000000 0.000000 0.748557 1 4.658941180e-07 1.114490442e-05
60 0.105194 -0.010027 -0.040987 0.401114 -0.040425 -0.160970 0.000000 0.000000 0.000000 0.749686 1 2.509914339e-07 8.546048775e-06
60 0.104804 -0.010032 -0.040925 0.401114 -0.040425 -0.160970 0.000000 0.000000 0.000000 0.750990 1 2.810265869e-07 8.400063962e-06
60 0.104400 -0.010032 -0.040850 0.401114 -0.040425 -0.160970 0.000000 0.000000 0.000000 0.752496 1 9.010545909e-08 4.208879545e-06
60 0.103978 -0.010027 -0.040761 0.401114 -0.040425 -0.160970 0.000000 0.000000 0.000000 0.754162 1 1.050066203e-07 3.864988685e-06
60 0.103536 -0.010017 -0.040658 0.401114 -0.040425 -0.160970 0.000000 0.000000 0.000000 0.755909 1 9.103678167e-08 3.835884854e-06
60 0.103073 -0.010003 -0.040541 0.401114 -0.040425 -0.160970 0.000000 0.000000 0.000000 0.757640 1 2.072192729e-07 9.498093277e-06
60 0.102594 -0.009984 -0.040412 0.401114 -0.040425 -0.160970 0.000000 0.000000 0.000000 0.759258 1 6.670597941e-07 1.861108467e-05
61 0.102242 -0.009909 -0.040345 0.452316 -0.042376 -0.182308 0.000000 0.000000 0.000000 0.784607 1 6.991904229e-07 2.453499474e-05
61 0.101854 -0.009847 -0.040255 0.452316 -0.042376 -0.182308 0.000000 0.000000 0.000000 0.785507 1 3.690365702e-07 1.575681381e-05
61 0.101467 -0.009788 -0.040160 0.452316 -0.042376 -0.182308 0.000000 0.000000 0.000000 0.786286 1 3.678724170e-07 1.724879257e-05
61 0.101083 -0.009730 -0.040062 0.452316 -0.042376 -0.182308 0.000000 0.000000 0.000000 0.787049 1 3.690365702e-07 1.564109698e-05
61 0.100703 -0.009675 -0.039961 0.452316 -0.042376 -0.182308 0.000000 0.000000 0.000000 0.787772 1 9.778887033e-07 2.662604675e-05
61 0.100328 -0.009621 -0.039859 0.452316 -0.042376 -0.182308 0.000000 0.000000 0.000000 0.788393 1 3.641471267e-07 1.885206439e-05
61 0.099964 -0.009570 -0.039756 0.452316 -0.042376 -0.182308 0.000000 0.000000 0.000000 0.788851 1 5.709007382e-07 1.656310633e-05
61 0.099616 -0.009521 -0.039657 0.452316 -0.042376 -0.182308 0.000000 0.000000 0.000000 0.789115 1 3.890600055e-07 1.894519664e-05
61 0.099288 -0.009476 -0.039563 0.452316 -0.042376 -0.182308 0.000000 0.000000 0.000000 0.789202 1 3.648456186e-07 1.736590639e-05
61 0.098986 -0.009435 -0.039476 0.452316 -0.042376 -0.182308 0.000000 0.000000 0.000000 0.789160 1 8.598435670e-07 1.974590123e-05
61 0.098710 -0.009396 -0.039397 0.452316 -0.042376 -0.182308 0.000000 0.000000 0.000000 0.789047 1 3.729946911e-07 1.883786172e-05
61 0.098459 -0.009361 -0.039326 0.452316 -0.042376 -0.182308 0.000000 0.000000 0.000000 0.788896 1 3.671739250e-07 1.715100370e-05
61 0.098235 -0.009330 -0.039263 0.452316 -0.042376 -0.182308 0.000000 0.000000 0.000000 0.788684 1 3.650784492e-07 1.569697633e-05
61 0.098036 -0.009302 -0.039208 0.452316 -0.042376 -0.182308 0.000000 0.000000 0.000000 0.788408 1 3.669410944e-07 1.561595127e-05
61 0.097863 -0.009276 -0.039162 0.452316 -0.042376 -0.182308 0.000000 0.000000 0.000000 0.788085 1 3.678724170e-07 1.706299372e-05
61 0.097715 -0.009254 -0.039124 0.452316 -0.042376 -0.182308 0.000000 0.000000 0.000000 0.787719 1 3.690365702e-07 1.689395867e-05
61 0.097592 -0.009235 -0.039095 0.452316 -0.042376 -0.182308 0.000000 0.000000 0.000000 0.787320 1 4.651956260e-07 1.875893213e-05
61 0.097494 -0.009219 -0.039073 0.452316 -0.042376 -0.182308 0.000000 0.000000 0.000000 0.786875 1 3.660097718e-07 1.852004789e-05
61 0.097419 -0.009205 -0.039060 0.452316 -0.042376 -0.182308 0.000000 0.000000 0.000000 0.786405 1 3.690365702e-07 1.709396020e-05
61 0.097366 -0.009194 -0.039055 0.452316 -0.042376 -0.182308 0.000000 0.000000 0.000000 0.785947 1 3.690365702e-07 1.671700738e-05
62 0.097078 -0.009275 -0.039157 0.508957 -0.055752 -0.219695 0.000000 0.000000 0.000000 0.815986 1 3.690365702e-07 1.707393676e-05
62 0.096817 -0.009351 -0.039256 0.508957 -0.055752 -0.219695 0.000000 0.000000 0.000000 0.815923 1 6.081536412e-07 1.643691212e-05
62 0.096572 -0.009420 -0.039345 0.508957 -0.055752 -0.219695 0.000000 0.000000 0.000000 0.816162 1 3.909226507e-07 1.571001485e-05
62 0.096334 -0.009483 -0.039422 0.508957 -0.055752 -0.219695 0.000000 0.000000 0.000000 0.816472 1 3.690365702e-07 1.579010859e-05
62 0.096101 -0.009540 -0.039488 0.508957 -0.055752 -0.219695 0.000000 0.000000 0.000000 0.816854 1 3.220047802e-07 1.303292811e-05
62 0.095869 -0.009590 -0.039541 0.508957 -0.055752 -0.219695 0.000000 0.000000 0.000000 0.817359 1 2.039596438e-07 8.797040209e-06
62 0.095631 -0.009634 -0.039580 0.508957 -0.055752 -0.219695 0.000000 0.000000 0.000000 0.817999 1 5.869660527e-07 1.157214865e-05
62 0.095384 -0.009672 -0.039604 0.508957 -0.055752 -0.219695 0.000000 0.000000 0.000000 0.818751 1 1.969747245e-07 8.478062227e-06
62 0.095126 -0.009703 -0.039613 0.508957 -0.055752 -0.219695 0.000000 0.000000 0.000000 0.819574 1 2.949964255e-07 1.225597225e-05
62 0.094854 -0.009729 -0.039607 0.508957 -0.055752 -0.219695 0.000000 0.000000 0.000000 0.820409 1 3.739260137e-07 1.604505815e-05
62 0.094571 -0.009749 -0.039588 0.508957 -0.055752 -0.219695 0.000000 0.000000 0.000000 0.821196 1 6.570480764e-07 2.165581100e-05
62 0.094281 -0.009764 -0.039557 0.508957 -0.055752 -0.219695 0.000000 0.000000 0.000000 0.821925 1 2.840533853e-07 1.342687756e-05
62 0.093985 -0.009775 -0.039517 0.508957 -0.055752 -0.219695 0.000000 0.000000 0.000000 0.822653 1 3.648456186e-07 1.595192589e-05
62 0.093681 -0.009781 -0.039467 0.508957 -0.055752 -0.219695 0.000000 0.000000 0.000000 0.823460 1 3.690365702e-07 1.714914106e-05
62 0.093367 -0.009784 -0.039406 0.508957 -0.055752 -0.219695 0.000000 0.000000 0.000000 0.824402 1 3.690365702e-07 1.702690497e-05
62 0.093036 -0.009782 -0.039332 0.508957 -0.055752 -0.219695 0.000000 0.000000 0.000000 0.825499 1 3.671739250e-07 1.567811705e-05
62 0.092685 -0.009775 -0.039244 0.508957 -0.055752 -0.219695 0.000000 0.000000 0.000000 0.826722 1 3.690365702e-07 1.572305337e-05
62 0.092312 -0.009763 -0.039142 0.508957 -0.055752 -0.219695 0.000000 0.000000 0.000000 0.828010 1 3.401655704e-07 1.467810944e-05
62 0.091916 -0.009747 -0.039025 0.508957 -0.055752 -0.219695 0.000000 0.000000 0.000000 0.829295 1 4.200264812e-07 1.704203896e-05
62 0.091503 -0.009726 -0.038897 0.508957 -0.055752 -0.219695 0.000000 0.000000 0.000000 0.830503 1 3.629829735e-07 1.701293513e-05
63 0.091148 -0.009679 -0.038824 0.570335 -0.060334 -0.248534 0.000000 0.000000 0.000000 0.848360 1 3.708992153e-07 1.731491648e-05
63 0.090773 -0.009636 -0.038730 0.570335 -0.060334 -0.248534 0.000000 0.000000 0.000000 0.849005 1 3.869645298e-07 1.571094617e-05
63 0.090403 -0.009594 -0.038632 0.570335 -0.060334 -0.248534 0.000000 0.000000 0.000000 0.849523 1 3.681052476e-07 1.595704816e-05
63 0.090038 -0.009554 -0.038532 0.570335 -0.060334 -0.248534 0.000000 0.000000 0.000000 0.850008 1 3.769528121e-07 1.586880535e-05
63 0.089682 -0.009514 -0.038431 0.570335 -0.060334 -0.248534 0.000000 0.000000 0.000000 0.850444 1 3.029126674e-07 1.526903361e-05
63 0.089336 -0.009475 -0.038330 0.570335 -0.060334 -0.248534 0.000000 0.000000 0.000000 0.850787 1 3.671739250e-07 1.734402031e-05
63 0.089005 -0.009438 -0.038232 0.570335 -0.060334 -0.248534 0.000000 0.000000 0.000000 0.850992 1 3.669410944e-07 1.728907228e-05
63 0.088694 -0.009403 -0.038139 0.570335 -0.060334 -0.248534 0.000000 0.000000 0.000000 0.851043 1 3.650784492e-07 1.564505510e-05
63 0.088408 -0.009372 -0.038054 0.570335 -0.060334 -0.248534 0.000000 0.000000 0.000000 0.850960 1 9.010545909e-08 3.853114322e-06
63 0.088150 -0.009343 -0.037977 0.570335 -0.060334 -0.248534 0.000000 0.000000 0.000000 0.850787 1 3.699678928e-07 1.708394848e-05
63 0.087921 -0.009317 -0.037911 0.570335 -0.060334 -0.248534 0.000000 0.000000 0.000000 0.850566 1 2.479646355e-07 1.061405055e-05
63 0.087720 -0.009295 -0.037854 0.570335 -0.060334 -0.248534 0.000000 0.000000 0.000000 0.850324 1 2.568122000e-07 1.096189953e-05
63 0.087546 -0.009275 -0.037807 0.570335 -0.060334 -0.248534 0.000000 0.000000 0.000000 0.850044 1 3.678724170e-07 1.586903818e-05
63 0.087398 -0.009258 -0.037769 0.570335 -0.060334 -0.248534 0.000000 0.000000 0.000000 0.849719 1 3.711320460e-07 1.720082946e-05
63 0.087277 -0.009245 -0.037741 0.570335 -0.060334 -0.248534 0.000000 0.000000 0.000000 0.849353 1 3.660097718e-07 1.560989767e-05
63 0.087183 -0.009234 -0.037722 0.570335 -0.060334 -0.248534 0.000000 0.000000 0.000000 0.848941 1 6.319023669e-07 1.648394391e-05
63 0.087114 -0.009226 -0.037713 0.570335 -0.060334 -0.248534 0.000000 0.000000 0.000000 0.848487 1 4.209578037e-07 1.718802378e-05
63 0.087073 -0.009220 -0.037714 0.570335 -0.060334 -0.248534 0.000000 0.000000 0.000000 0.847983 1 3.650784492e-07 1.569394954e-05
63 0.087057 -0.009218 -0.037725 0.570335 -0.060334 -0.248534 0.000000 0.000000 0.000000 0.847443 1 3.660097718e-07 1.719594002e-05
63 0.087067 -0.009218 -0.037745 0.570335 -0.060334 -0.248534 0.000000 0.000000 0.000000 0.846899 1 3.711320460e-07 1.564202830e-05
64 0.086758 -0.009320 -0.038660 0.636379 -0.081583 -0.386446 0.000000 0.000000 0.000000 0.869738 1 9.308569133e-07 1.882412471e-05
64 0.086466 -0.009421 -0.039561 0.636379 -0.081583 -0.386446 0.000000 0.000000 0.000000 0.869599 1 3.848690540e-07 1.564808190e-05
64 0.086195 -0.009515 -0.040393 0.636379 -0.081583 -0.386446 0.000000 0.000000 0.000000 0.869718 1 3.690365702e-07 1.716101542e-05
64 0.085938 -0.009600 -0.041155 0.636379 -0.081583 -0.386446 0.000000 0.000000 0.000000 0.869902 1 3.669410944e-07 1.568812877e-05
64 0.085690 -0.009677 -0.041852 0.636379 -0.081583 -0.386446 0.000000 0.000000 0.000000 0.870146 1 3.671739250e-07 1.560617238e-05
64 0.085446 -0.009746 -0.042487 0.636379 -0.081583 -0.386446 0.000000 0.000000 0.000000 0.870487 1 3.660097718e-07 1.561595127e-05
64 0.085202 -0.009808 -0.043062 0.636379 -0.081583 -0.386446 0.000000 0.000000 0.000000 0.870931 1 3.699678928e-07 1.577218063e-05
64 0.084952 -0.009861 -0.043577 0.636379 -0.081583 -0.386446 0.000000 0.000000 0.000000 0.871460 1 4.118774086e-07 1.571304165e-05
64 0.084694 -0.009908 -0.044036 0.636379 -0.081583 -0.386446 0.000000 0.000000 0.000000 0.872046 1 3.681052476e-07 1.878198236e-05
64 0.084426 -0.009946 -0.044442 0.636379 -0.081583 -0.386446 0.000000 0.000000 0.000000 0.872643 1 3.650784492e-07 1.561199315e-05
64 0.084151 -0.009978 -0.044800 0.636379 -0.081583 -0.386446 0.000000 0.000000 0.000000 0.873210 1 3.930181265e-07 1.575704664e-05
64 0.083870 -0.010005 -0.045114 0.636379 -0.081583 -0.386446 0.000000 0.000000 0.000000 0.873738 1 3.899913281e-07 1.564901322e-05
64 0.083585 -0.010026 -0.045388 0.636379 -0.081583 -0.386446 0.000000 0.000000 0.000000 0.874270 1 7.250346243e-07 1.629092731e-05
64 0.083295 -0.010041 -0.045624 0.636379 -0.081583 -0.386446 0.000000 0.000000 0.000000 0.874863 1 3.911554813e-07 1.682108268e-05
64 0.082995 -0.010052 -0.045824 0.636379 -0.081583 -0.386446 0.000000 0.000000 0.000000 0.875557 1 3.650784492e-07 1.719198190e-05
64 0.082681 -0.010057 -0.045985 0.636379 -0.081583 -0.386446 0.000000 0.000000 0.000000 0.876368 1 8.370261639e-07 2.056802623e-05
64 0.082349 -0.010056 -0.046108 0.636379 -0.081583 -0.386446 0.000000 0.000000 0.000000 0.877278 1 3.650784492e-07 1.728790812e-05
64 0.081996 -0.010049 -0.046193 0.636379 -0.081583 -0.386446 0.000000 0.000000 0.000000 0.878242 1 1.108041033e-06 1.880293712e-05
64 0.081622 -0.010037 -0.046243 0.636379 -0.081583 -0.386446 0.000000 0.000000 0.000000 0.879211 1 3.660097718e-07 1.884903759e-05
64 0.081231 -0.010020 -0.046261 0.636379 -0.081583 -0.386446 0.000000 0.000000 0.000000 0.880129 1 3.438908607e-07 1.747417264e-05
65 0.080743 -0.010022 -0.046079 0.706882 -0.094299 -0.416493 0.000000 0.000000 0.000000 0.894143 1 3.681052476e-07 1.608510502e-05
65 0.080273 -0.010017 -0.045917 0.706882 -0.094299 -0.416493 0.000000 0.000000 0.000000 0.894617 1 3.688037395e-07 1.758593135e-05
65 0.079818 -0.010010 -0.045755 0.706882 -0.094299 -0.416493 0.000000 0.000000 0.000000 0.894972 1 3.678724170e-07 1.560407691e-05
65 0.079379 -0.010000 -0.045595 0.706882 -0.094299 -0.416493 0.000000 0.000000 0.000000 0.895284 1 3.699678928e-07 1.708394848e-05
65 0.078959 -0.009989 -0.045437 0.706882 -0.094299 -0.416493 0.000000 0.000000 0.000000 0.895547 1 3.681052476e-07 1.566787250e-05
65 0.078559 -0.009978 -0.045285 0.706882 -0.094299 -0.416493 0.000000 0.000000 0.000000 0.895731 1 6.558839232e-07 2.819602378e-05
65 0.078183 -0.009966 -0.045141 0.706882 -0.094299 -0.416493 0.000000 0.000000 0.000000 0.895807 1 4.370231181e-07 1.578312367e-05
65 0.077836 -0.009956 -0.045007 0.706882 -0.094299 -0.416493 0.000000 0.000000 0.000000 0.895770 1 3.951136023e-07 1.720897853e-05
65 0.077520 -0.009946 -0.044886 0.706882 -0.094299 -0.416493 0.000000 0.000000 0.000000 0.895637 1 3.438908607e-07 1.605297439e-05
65 0.077237 -0.009939 -0.044781 0.706882 -0.094299 -0.416493 0.000000 0.000000 0.000000 0.895438 1 4.020985216e-07 1.713098027e-05
65 0.076989 -0.009934 -0.044690 0.706882 -0.094299 -0.416493 0.000000 0.000000 0.000000 0.895211 1 3.650784492e-07 1.562619582e-05
65 0.076772 -0.009931 -0.044614 0.706882 -0.094299 -0.416493 0.000000 0.000000 0.000000 0.894972 1 3.681052476e-07 1.566903666e-05
65 0.076585 -0.009930 -0.044551 0.706882 -0.094299 -0.416493 0.000000 0.000000 0.000000 0.894710 1 3.669410944e-07 1.725787297e-05
65 0.076428 -0.009931 -0.044503 0.706882 -0.094299 -0.416493 0.000000 0.000000 0.000000 0.894417 1 3.718305379e-07 1.572188921e-05
65 0.076300 -0.009934 -0.044468 0.706882 -0.094299 -0.416493 0.000000 0.000000 0.000000 0.894092 1 9.699724615e-07 2.430798486e-05
65 0.076200 -0.009940 -0.044447 0.706882 -0.094299 -0.416493 0.000000 0.000000 0.000000 0.893728 1 3.718305379e-07 1.526996493e-05
65 0.076129 -0.009947 -0.044440 0.706882 -0.094299 -0.416493 0.000000 0.000000 0.000000 0.893323 1 1.988373697e-07 7.085036486e-06
65 0.076087 -0.009958 -0.044447 0.706882 -0.094299 -0.416493 0.000000 0.000000 0.000000 0.892866 1 1.499429345e-07 6.888993084e-06
65 0.076075 -0.009971 -0.044469 0.706882 -0.094299 -0.416493 0.000000 0.000000 0.000000 0.892370 1 1.220032573e-07 5.193985999e-06
65 0.076091 -0.009987 -0.044506 0.706882 -0.094299 -0.416493 0.000000 0.000000 0.000000 0.891863 1 1.478474587e-07 5.197012797e-06
66 0.075842 -0.010078 -0.044308 0.781537 -0.119858 -0.449875 0.000000 0.000000 0.000000 0.906631 1 2.859160304e-07 1.387298107e-05
66 0.075629 -0.010164 -0.044136 0.781537 -0.119858 -0.449875 0.000000 0.000000 0.000000 0.906422 1 5.168840289e-07 1.915893517e-05
66 0.075438 -0.010245 -0.043979 0.781537 -0.119858 -0.449875 0.000000 0.000000 0.000000 0.906427 1 3.739260137e-07 1.560198143e-05
66 0.075259 -0.010320 -0.043834 0.781537 -0.119858 -0.449875 0.000000 0.000000 0.000000 0.906487 1 9.010545909e-08 4.615867510e-06
66 0.075088 -0.010388 -0.043696 0.781537 -0.119858 -0.449875 0.000000 0.000000 0.000000 0.906597 1 8.894130588e-08 3.840075806e-06
66 0.074921 -0.010449 -0.043564 0.781537 -0.119858 -0.449875 0.000000 0.000000 0.000000 0.906783 1 2.030283213e-07 8.794944733e-06
66 0.074754 -0.010503 -0.043434 0.781537 -0.119858 -0.449875 0.000000 0.000000 0.000000 0.907042 1 4.139728844e-07 1.890305430e-05
66 0.074582 -0.010551 -0.043304 0.781537 -0.119858 -0.449875 0.000000 0.000000 0.000000 0.907365 1 3.608874977e-07 1.564715058e-05
66 0.074402 -0.010591 -0.043171 0.781537 -0.119858 -0.449875 0.000000 0.000000 0.000000 0.907735 1 3.031454980e-07 1.425715163e-05
66 0.074212 -0.010625 -0.043036 0.781537 -0.119858 -0.449875 0.000000 0.000000 0.000000 0.908121 1 2.568122000e-07 1.174607314e-05
66 0.074015 -0.010653 -0.042898 0.781537 -0.119858 -0.449875 0.000000 0.000000 0.000000 0.908490 1 3.681052476e-07 1.610186882e-05
66 0.073811 -0.010675 -0.042758 0.781537 -0.119858 -0.449875 0.000000 0.000000 0.000000 0.908839 1 9.411014616e-07 1.855613664e-05
66 0.073602 -0.010693 -0.042617 0.781537 -0.119858 -0.449875 0.000000 0.000000 0.000000 0.909196 1 3.660097718e-07 1.679710113e-05
66 0.073386 -0.010706 -0.042474 0.781537 -0.119858 -0.449875 0.000000 0.000000 0.000000 0.909603 1 4.039611667e-07 1.733005047e-05
66 0.073160 -0.010713 -0.042326 0.781537 -0.119858 -0.449875 0.000000 0.000000 0.000000 0.910088 1 3.690365702e-07 1.558708027e-05
66 0.072919 -0.010715 -0.042171 0.781537 -0.119858 -0.449875 0.000000 0.000000 0.000000 0.910666 1 3.669410944e-07 2.918997779e-05
66 0.072659 -0.010711 -0.042006 0.781537 -0.119858 -0.449875 0.000000 0.000000 0.000000 0.911321 1 3.660097718e-07 1.729605719e-05
66 0.072378 -0.010701 -0.041830 0.781537 -0.119858 -0.449875 0.000000 0.000000 0.000000 0.912024 1 3.678724170e-07 1.572305337e-05
66 0.072075 -0.010686 -0.041643 0.781537 -0.119858 -0.449875 0.000000 0.000000 0.000000 0.912739 1 4.621688277e-07 1.594400965e-05
66 0.071754 -0.010665 -0.041446 0.781537 -0.119858 -0.449875 0.000000 0.000000 0.000000 0.913420 1 3.420282155e-07 1.725601032e-05
67 0.071369 -0.010652 -0.040943 0.861435 -0.134788 -0.459721 0.000000 0.000000 0.000000 0.922588 1 3.669410944e-07 1.729000360e-05
67 0.070995 -0.010633 -0.040524 0.861435 -0.134788 -0.459721 0.000000 0.000000 0.000000 0.922925 1 4.058238119e-07 1.730700023e-05
67 0.070633 -0.010613 -0.040128 0.861435 -0.134788 -0.459721 0.000000 0.000000 0.000000 0.923153 1 3.911554813e-07 1.557893120e-05
67 0.070285 -0.010592 -0.039756 0.861435 -0.134788 -0.459721 0.000000 0.000000 0.000000 0.923338 1 5.040783435e-07 2.388795838e-05
67 0.069953 -0.010571 -0.039406 0.861435 -0.134788 -0.459721 0.000000 0.000000 0.000000 0.923480 1 3.939494491e-07 1.719291322e-05
67 0.069640 -0.010551 -0.039079 0.861435 -0.134788 -0.459721 0.000000 0.000000 0.000000 0.923558 1 3.669410944e-07 1.576822251e-05
67 0.069348 -0.010532 -0.038776 0.861435 -0.134788 -0.459721 0.000000 0.000000 0.000000 0.923552 1 3.669410944e-07 1.552910544e-05
67 0.069082 -0.010515 -0.038498 0.861435 -0.134788 -0.459721 0.000000 0.000000 0.000000 0.923460 1 3.890600055e-07 1.566391438e-05
67 0.068846 -0.010501 -0.038247 0.861435 -0.134788 -0.459721 0.000000 0.000000 0.000000 0.923297 1 2.230517566e-07 4.539964721e-06
67 0.068640 -0.010489 -0.038021 0.861435 -0.134788 -0.459721 0.000000 0.000000 0.000000 0.923088 1 3.220047802e-07 1.377984881e-05
67 0.068465 -0.010481 -0.037821 0.861435 -0.134788 -0.459721 0.000000 0.000000 0.000000 0.922858 1 4.561152309e-07 1.624901779e-05
67 0.068319 -0.010476 -0.037645 0.861435 -0.134788 -0.459721 0.000000 0.000000 0.000000 0.922622 1 3.660097718e-07 1.700781286e-05
67 0.068201 -0.010474 -0.037490 0.861435 -0.134788 -0.459721 0.000000 0.000000 0.000000 0.922372 1 3.969762474e-07 1.846207306e-05
67 0.068108 -0.010475 -0.037357 0.861435 -0.134788 -0.459721 0.000000 0.000000 0.000000 0.922103 1 3.690365702e-07 1.884601079e-05
67 0.068041 -0.010478 -0.037243 0.861435 -0.134788 -0.459721 0.000000 0.000000 0.000000 0.921811 1 3.660097718e-07 1.569883898e-05
67 0.068000 -0.010485 -0.037150 0.861435 -0.134788 -0.459721 0.000000 0.000000 0.000000 0.921486 1 4.249159247e-07 1.730187796e-05
67 0.067985 -0.010494 -0.037076 0.861435 -0.134788 -0.459721 0.000000 0.000000 0.000000 0.921123 1 3.818422556e-07 1.863599755e-05
67 0.067997 -0.010507 -0.037021 0.861435 -0.134788 -0.459721 0.000000 0.000000 0.000000 0.920713 1 3.690365702e-07 1.607183367e-05
67 0.068037 -0.010524 -0.036986 0.861435 -0.134788 -0.459721 0.000000 0.000000 0.000000 0.920264 1 3.678724170e-07 1.720199361e-05
67 0.068104 -0.010543 -0.036970 0.861435 -0.134788 -0.459721 0.000000 0.000000 0.000000 0.919796 1 3.678724170e-07 1.888698898e-05
68 0.067961 -0.010617 -0.036675 0.944936 -0.162864 -0.474859 0.000000 0.000000 0.000000 0.929519 1 6.097834557e-07 1.939618960e-05
68 0.067867 -0.010685 -0.036434 0.944936 -0.162864 -0.474859 0.000000 0.000000 0.000000 0.929302 1 3.650784492e-07 1.572095789e-05
68 0.067787 -0.010749 -0.036214 0.944936 -0.162864 -0.474859 0.000000 0.000000 0.000000 0.929275 1 4.798639566e-07 1.612491906e-05
68 0.067713 -0.010808 -0.036012 0.944936 -0.162864 -0.474859 0.000000 0.000000 0.000000 0.929291 1 3.678724170e-07 1.708790660e-05
68 0.067642 -0.010862 -0.035824 0.944936 -0.162864 -0.474859 0.000000 0.000000 0.000000 0.929343 1 3.660097718e-07 1.573795453e-05
68 0.067571 -0.010911 -0.035647 0.944936 -0.162864 -0.474859 0.000000 0.000000 0.000000 0.929449 1 9.180512279e-07 1.881504431e-05
68 0.067495 -0.010954 -0.035479 0.944936 -0.162864 -0.474859 0.000000 0.000000 0.000000 0.929613 1 3.669410944e-07 1.675309613e-05
68 0.067411 -0.010992 -0.035317 0.944936 -0.162864 -0.474859 0.000000 0.000000 0.000000 0.929827 1 5.019828677e-07 1.920596696e-05
68 0.067316 -0.011024 -0.035158 0.944936 -0.162864 -0.474859 0.000000 0.000000 0.000000 0.930080 1 3.678724170e-07 1.723901369e-05
68 0.067209 -0.011050 -0.035003 0.944936 -0.162864 -0.474859 0.000000 0.000000 0.000000 0.930348 1 3.648456186e-07 1.886696555e-05
68 0.067092 -0.011071 -0.034849 0.944936 -0.162864 -0.474859 0.000000 0.000000 0.000000 0.930609 1 3.708992153e-07 1.478311606e-05
68 0.066965 -0.011087 -0.034698 0.944936 -0.162864 -0.474859 0.000000 0.000000 0.000000 0.930860 1 3.650784492e-07 1.677894033e-05
68 0.066829 -0.011098 -0.034549 0.944936 -0.162864 -0.474859 0.000000 0.000000 0.000000 0.931124 1 4.160683602e-07 1.725694165e-05
68 0.066682 -0.011105 -0.034401 0.944936 -0.162864 -0.474859 0.000000 0.000000 0.000000 0.931433 1 3.888271749e-07 1.572910696e-05
68 0.066522 -0.011108 -0.034252 0.944936 -0.162864 -0.474859 0.000000 0.000000 0.000000 0.931808 1 3.671739250e-07 1.574796624e-05
68 0.066344 -0.011104 -0.034100 0.944936 -0.162864 -0.474859 0.000000 0.000000 0.000000 0.932258 1 3.760214895e-07 1.686997712e-05
68 0.066144 -0.011095 -0.033941 0.944936 -0.162864 -0.474859 0.000000 0.000000 0.000000 0.932769 1 3.660097718e-07 1.574191265e-05
68 0.065921 -0.011080 -0.033775 0.944936 -0.162864 -0.474859 0.000000 0.000000 0.000000 0.933322 1 5.811452866e-07 1.767789945e-05
68 0.065674 -0.011059 -0.033601 0.944936 -0.162864 -0.474859 0.000000 0.000000 0.000000 0.933888 1 3.690365702e-07 1.709978096e-05
68 0.065406 -0.011033 -0.033420 0.944936 -0.162864 -0.474859 0.000000 0.000000 0.000000 0.934434 1 3.029126674e-07 1.413607970e-05
69 0.065107 -0.011005 -0.032900 1.033085 -0.178925 -0.467243 0.000000 0.000000 0.000000 0.940587 1 3.241002560e-07 1.494190656e-05
69 0.064807 -0.010974 -0.032499 1.033085 -0.178925 -0.467243 0.000000 0.000000 0.000000 0.940861 1 2.770684659e-07 1.103896648e-05
69 0.064513 -0.010943 -0.032121 1.033085 -0.178925 -0.467243 0.000000 0.000000 0.000000 0.941041 1 4.919711500e-07 1.947581768e-05
69 0.064230 -0.010911 -0.031766 1.033085 -0.178925 -0.467243 0.000000 0.000000 0.000000 0.941176 1 4.139728844e-07 1.578195952e-05
69 0.063960 -0.010881 -0.031435 1.033085 -0.178925 -0.467243 0.000000 0.000000 0.000000 0.941269 1 3.869645298e-07 1.560989767e-05
69 0.063705 -0.010852 -0.031127 1.033085 -0.178925 -0.467243 0.000000 0.000000 0.000000 0.941310 1 3.951136023e-07 1.715496182e-05
69 0.063469 -0.010825 -0.030843 1.033085 -0.178925 -0.467243 0.000000 0.000000 0.000000 0.941281 1 3.918539733e-07 1.712399535e-05
69 0.063257 -0.010801 -0.030583 1.033085 -0.178925 -0.467243 0.000000 0.000000 0.000000 0.941183 1 3.678724170e-07 1.870398410e-05
69 0.063072 -0.010781 -0.030347 1.033085 -0.178925 -0.467243 0.000000 0.000000 0.000000 0.941033 1 3.911554813e-07 1.568906009e-05
69 0.062914 -0.010765 -0.030136 1.033085 -0.178925 -0.467243 0.000000 0.000000 0.000000 0.940850 1 3.941822797e-07 1.728395000e-05
69 0.062784 -0.010752 -0.029948 1.033085 -0.178925 -0.467243 0.000000 0.000000 0.000000 0.940650 1 3.909226507e-07 1.737801358e-05
69 0.062680 -0.010744 -0.029781 1.033085 -0.178925 -0.467243 0.000000 0.000000 0.000000 0.940446 1 3.650784492e-07 1.713610254e-05
69 0.062601 -0.010738 -0.029635 1.033085 -0.178925 -0.467243 0.000000 0.000000 0.000000 0.940231 1 3.210734576e-07 1.475494355e-05
69 0.062545 -0.010737 -0.029508 1.033085 -0.178925 -0.467243 0.000000 0.000000 0.000000 0.940003 1 3.678724170e-07 1.710513607e-05
69 0.062512 -0.010738 -0.029400 1.033085 -0.178925 -0.467243 0.000000 0.000000 0.000000 0.939756 1 4.079192877e-07 2.637808211e-05
69 0.062503 -0.010744 -0.029309 1.033085 -0.178925 -0.467243 0.000000 0.000000 0.000000 0.939479 1 3.681052476e-07 1.727789640e-05
69 0.062518 -0.010753 -0.029236 1.033085 -0.178925 -0.467243 0.000000 0.000000 0.000000 0.939163 1 4.260800779e-07 1.565902494e-05
69 0.062559 -0.010765 -0.029181 1.033085 -0.178925 -0.467243 0.000000 0.000000 0.000000 0.938806 1 3.869645298e-07 1.602899283e-05
69 0.062627 -0.010783 -0.029143 1.033085 -0.178925 -0.467243 0.000000 0.000000 0.000000 0.938409 1 3.671739250e-07 1.567485742e-05
69 0.062723 -0.010804 -0.029124 1.033085 -0.178925 -0.467243 0.000000 0.000000 0.000000 0.937988 1 5.599576980e-07 1.844204962e-05
70 0.062647 -0.010865 -0.028823 1.123744 -0.208733 -0.465899 0.000000 0.000000 0.000000 0.944604 1 3.729946911e-07 1.985090785e-05
70 0.062628 -0.010921 -0.028596 1.123744 -0.208733 -0.465899 0.000000 0.000000 0.000000 0.944387 1 3.660097718e-07 1.714820974e-05
70 0.062621 -0.010974 -0.028391 1.123744 -0.208733 -0.465899 0.000000 0.000000 0.000000 0.944339 1 5.571637303e-07 2.658786252e-05
70 0.062616 -0.011024 -0.028202 1.123744 -0.208733 -0.465899 0.000000 0.000000 0.000000 0.944335 1 3.688037395e-07 1.577800140e-05
70 0.062610 -0.011069 -0.028027 1.123744 -0.208733 -0.465899 0.000000 0.000000 0.000000 0.944366 1 3.660097718e-07 1.572608016e-05
70 0.062599 -0.011110 -0.027864 1.123744 -0.208733 -0.465899 0.000000 0.000000 0.000000 0.944443 1 3.690365702e-07 1.695496030e-05
70 0.062580 -0.011147 -0.027709 1.123744 -0.208733 -0.465899 0.000000 0.000000 0.000000 0.944572 1 3.948807716e-07 1.592398621e-05
70 0.062550 -0.011178 -0.027561 1.123744 -0.208733 -0.465899 0.000000 0.000000 0.000000 0.944747 1 3.690365702e-07 1.861201599e-05
70 0.062504 -0.011203 -0.027417 1.123744 -0.208733 -0.465899 0.000000 0.000000 0.000000 0.944959 1 3.899913281e-07 1.568184234e-05
70 0.062443 -0.011223 -0.027276 1.123744 -0.208733 -0.465899 0.000000 0.000000 0.000000 0.945187 1 4.279427230e-07 1.712283120e-05
70 0.062367 -0.011238 -0.027138 1.123744 -0.208733 -0.465899 0.000000 0.000000 0.000000 0.945411 1 3.660097718e-07 1.711794175e-05
70 0.062278 -0.011248 -0.027002 1.123744 -0.208733 -0.465899 0.000000 0.000000 0.000000 0.945627 1 5.771871656e-07 1.411302947e-05
70 0.062177 -0.011254 -0.026870 1.123744 -0.208733 -0.465899 0.000000 0.000000 0.000000 0.945857 1 3.690365702e-07 1.845695078e-05
70 0.062062 -0.011255 -0.026738 1.123744 -0.208733 -0.465899 0.000000 0.000000 0.000000 0.946126 1 3.660097718e-07 1.568580046e-05
70 0.061930 -0.011251 -0.026606 1.123744 -0.208733 -0.465899 0.000000 0.000000 0.000000 0.946451 1 3.029126674e-07 1.287995838e-05
70 0.061777 -0.011242 -0.026471 1.123744 -0.208733 -0.465899 0.000000 0.000000 0.000000 0.946838 1 3.657769412e-07 1.700804569e-05
70 0.061599 -0.011227 -0.026331 1.123744 -0.208733 -0.465899 0.000000 0.000000 0.000000 0.947277 1 6.728805602e-07 1.507811248e-05
70 0.061396 -0.011206 -0.026186 1.123744 -0.208733 -0.465899 0.000000 0.000000 0.000000 0.947749 1 3.660097718e-07 1.562503166e-05
70 0.061167 -0.011179 -0.026035 1.123744 -0.208733 -0.465899 0.000000 0.000000 0.000000 0.948233 1 2.931337804e-07 8.445931599e-06
70 0.060914 -0.011146 -0.025878 1.123744 -0.208733 -0.465899 0.000000 0.000000 0.000000 0.948704 1 2.591405064e-07 8.361181244e-06
71 0.060674 -0.011103 -0.025364 1.218267 -0.224400 -0.440520 0.000000 0.000000 0.000000 0.952848 1 5.799811333e-07 1.606787555e-05
71 0.060411 -0.011061 -0.025006 1.218267 -0.224400 -0.440520 0.000000 0.000000 0.000000 0.953094 1 6.519258022e-07 2.047303133e-05
71 0.060152 -0.011018 -0.024669 1.218267 -0.224400 -0.440520 0.000000 0.000000 0.000000 0.953246 1 3.650784492e-07 1.715403050e-05
71 0.059900 -0.010976 -0.024354 1.218267 -0.224400 -0.440520 0.000000 0.000000 0.000000 0.953352 1 6.160698831e-07 2.751685679e-05
71 0.059661 -0.010937 -0.024060 1.218267 -0.224400 -0.440520 0.000000 0.000000 0.000000 0.953414 1 3.711320460e-07 1.724599861e-05
71 0.059436 -0.010899 -0.023787 1.218267 -0.224400 -0.440520 0.000000 0.000000 0.000000 0.953428 1 3.669410944e-07 1.879385673e-05
71 0.059231 -0.010865 -0.023537 1.218267 -0.224400 -0.440520 0.000000 0.000000 0.000000 0.953382 1 4.000030458e-07 1.567509025e-05
71 0.059048 -0.010835 -0.023308 1.218267 -0.224400 -0.440520 0.000000 0.000000 0.000000 0.953279 1 3.690365702e-07 1.554191113e-05
71 0.058892 -0.010809 -0.023101 1.218267 -0.224400 -0.440520 0.000000 0.000000 0.000000 0.953135 1 6.689224392e-07 1.631095074e-05
71 0.058762 -0.010789 -0.022915 1.218267 -0.224400 -0.440520 0.000000 0.000000 0.000000 0.952965 1 4.689209163e-07 1.763692126e-05
71 0.058659 -0.010772 -0.022750 1.218267 -0.224400 -0.440520 0.000000 0.000000 0.000000 0.952782 1 3.702007234e-07 1.702783629e-05
71 0.058582 -0.010761 -0.022603 1.218267 -0.224400 -0.440520 0.000000 0.000000 0.000000 0.952595 1 3.459863365e-07 1.603597775e-05
71 0.058528 -0.010753 -0.022475 1.218267 -0.224400 -0.440520 0.000000 0.000000 0.000000 0.952402 1 4.249159247e-07 1.570396125e-05
71 0.058497 -0.010749 -0.022363 1.218267 -0.224400 -0.440520 0.000000 0.000000 0.000000 0.952199 1 8.381903172e-07 1.833192073e-05
71 0.058488 -0.010750 -0.022266 1.218267 -0.224400 -0.440520 0.000000 0.000000 0.000000 0.951980 1 3.639142960e-07 1.666601747e-05
71 0.058502 -0.010754 -0.022185 1.218267 -0.224400 -0.440520 0.000000 0.000000 0.000000 0.951732 1 3.429595381e-07 1.454004087e-05
71 0.058540 -0.010763 -0.022120 1.218267 -0.224400 -0.440520 0.000000 0.000000 0.000000 0.951444 1 2.339947969e-07 1.083198003e-05
71 0.058604 -0.010776 -0.022070 1.218267 -0.224400 -0.440520 0.000000 0.000000 0.000000 0.951117 1 8.917413652e-08 4.186993465e-06
71 0.058695 -0.010794 -0.022035 1.218267 -0.224400 -0.440520 0.000000 0.000000 0.000000 0.950753 1 9.080395103e-08 4.193978384e-06
71 0.058816 -0.010818 -0.022016 1.218267 -0.224400 -0.440520 0.000000 0.000000 0.000000 0.950363 1 3.660097718e-07 1.585599966e-05
72 0.058809 -0.010868 -0.021707 1.314687 -0.253569 -0.419040 0.000000 0.000000 0.000000 0.954848 1 4.300381988e-07 1.586996950e-05
72 0.058865 -0.010916 -0.021497 1.314687 -0.253569 -0.419040 0.000000 0.000000 0.000000 0.954635 1 3.688037395e-07 1.752702519e-05
72 0.058929 -0.010962 -0.021307 1.314687 -0.253569 -0.419040 0.000000 0.000000 0.000000 0.954574 1 3.899913281e-07 1.731398515e-05
72 0.058991 -0.011005 -0.021133 1.314687 -0.253569 -0.419040 0.000000 0.000000 0.000000 0.954556 1 3.678724170e-07 1.552095637e-05
72 0.059048 -0.011044 -0.020972 1.314687 -0.253569 -0.419040 0.000000 0.000000 0.000000 0.954575 1 3.860332072e-07 1.729605719e-05
72 0.059097 -0.011080 -0.020822 1.314687 -0.253569 -0.419040 0.000000 0.000000 0.000000 0.954635 1 6.300397217e-07 1.772982068e-05
72 0.059133 -0.011112 -0.020681 1.314687 -0.253569 -0.419040 0.000000 0.000000 0.000000 0.954745 1 3.210734576e-07 1.372606494e-05
72 0.059152 -0.011138 -0.020546 1.314687 -0.253569 -0.419040 0.000000 0.000000 0.000000 0.954900 1 3.690365702e-07 1.702201553e-05
72 0.059153 -0.011159 -0.020416 1.314687 -0.253569 -0.419040 0.000000 0.000000 0.000000 0.955088 1 3.678724170e-07 1.571397297e-05
72 0.059133 -0.011174 -0.020290 1.314687 -0.253569 -0.419040 0.000000 0.000000 0.000000 0.955294 1 4.200264812e-07 1.595309004e-05
72 0.059094 -0.011185 -0.020167 1.314687 -0.253569 -0.419040 0.000000 0.000000 0.000000 0.955497 1 6.319023669e-07 2.481113188e-05
72 0.059038 -0.011190 -0.020046 1.314687 -0.253569 -0.419040 0.000000 0.000000 0.000000 0.955693 1 3.699678928e-07 1.855916344e-05
72 0.058966 -0.011191 -0.019929 1.314687 -0.253569 -0.419040 0.000000 0.000000 0.000000 0.955902 1 3.648456186e-07 1.853099093e-05
72 0.058876 -0.011188 -0.019813 1.314687 -0.253569 -0.419040 0.000000 0.000000 0.000000 0.956147 1 4.128087312e-07 1.715496182e-05
72 0.058766 -0.011180 -0.019697 1.314687 -0.253569 -0.419040 0.000000 0.000000 0.000000 0.956442 1 3.690365702e-07 1.875101589e-05
72 0.058631 -0.011166 -0.019580 1.314687 -0.253569 -0.419040 0.000000 0.000000 0.000000 0.956791 1 3.930181265e-07 1.720408909e-05
72 0.058469 -0.011145 -0.019460 1.314687 -0.253569 -0.419040 0.000000 0.000000 0.000000 0.957183 1 3.669410944e-07 1.719105057e-05
72 0.058278 -0.011119 -0.019336 1.314687 -0.253569 -0.419040 0.000000 0.000000 0.000000 0.957604 1 4.200264812e-07 1.714611426e-05
72 0.058059 -0.011086 -0.019207 1.314687 -0.253569 -0.419040 0.000000 0.000000 0.000000 0.958034 1 3.990717232e-07 1.701712608e-05
72 0.057813 -0.011047 -0.019075 1.314687 -0.253569 -0.419040 0.000000 0.000000 0.000000 0.958455 1 3.690365702e-07 1.722318120e-05
73 0.057660 -0.010989 -0.018537 1.414556 -0.266361 -0.372679 0.000000 0.000000 0.000000 0.961173 1 3.790482879e-07 1.720804721e-05
73 0.057435 -0.010937 -0.018221 1.414556 -0.266361 -0.372679 0.000000 0.000000 0.000000 0.961395 1 3.981404006e-07 1.575914212e-05
73 0.057209 -0.010885 -0.017924 1.414556 -0.266361 -0.372679 0.000000 0.000000 0.000000 0.961531 1 6.409827620e-07 1.781596802e-05
73 0.056989 -0.010834 -0.017646 1.414556 -0.266361 -0.372679 0.000000 0.000000 0.000000 0.961622 1 4.009343684e-07 1.575704664e-05
73 0.056778 -0.010787 -0.017388 1.414556 -0.266361 -0.372679 0.000000 0.000000 0.000000 0.961671 1 3.690365702e-07 1.577707008e-05
73 0.056580 -0.010742 -0.017150 1.414556 -0.266361 -0.372679 0.000000 0.000000 0.000000 0.961674 1 3.660097718e-07 1.854402944e-05
73 0.056401 -0.010702 -0.016930 1.414556 -0.266361 -0.372679 0.000000 0.000000 0.000000 0.961624 1 3.650784492e-07 1.718290150e-05
73 0.056244 -0.010666 -0.016729 1.414556 -0.266361 -0.372679 0.000000 0.000000 0.000000 0.961523 1 9.848736227e-07 1.855008304e-05
73 0.056112 -0.010635 -0.016548 1.414556 -0.266361 -0.372679 0.000000 0.000000 0.000000 0.961390 1 3.648456186e-07 1.852191053e-05
73 0.056006 -0.010610 -0.016384 1.414556 -0.266361 -0.372679 0.000000 0.000000 0.000000 0.961236 1 3.690365702e-07 2.402486280e-05
73 0.055926 -0.010590 -0.016238 1.414556 -0.266361 -0.372679 0.000000 0.000000 0.000000 0.961068 1 3.669410944e-07 1.889490522e-05
73 0.055871 -0.010575 -0.016108 1.414556 -0.266361 -0.372679 0.000000 0.000000 0.000000 0.960896 1 3.688037395e-07 1.554610208e-05
73 0.055839 -0.010565 -0.015993 1.414556 -0.266361 -0.372679 0.000000 0.000000 0.000000 0.960719 1 3.648456186e-07 1.723994501e-05
73 0.055829 -0.010559 -0.015891 1.414556 -0.266361 -0.372679 0.000000 0.000000 0.000000 0.960534 1 8.598435670e-07 1.838617027e-05
73 0.055841 -0.010558 -0.015804 1.414556 -0.266361 -0.372679 0.000000 0.000000 0.000000 0.960333 1 6.109476089e-07 1.633795910e-05
73 0.055875 -0.010561 -0.015729 1.414556 -0.266361 -0.372679 0.000000 0.000000 0.000000 0.960101 1 3.639142960e-07 1.717009582e-05
73 0.055935 -0.010569 -0.015667 1.414556 -0.266361 -0.372679 0.000000 0.000000 0.000000 0.959828 1 3.690365702e-07 1.585017890e-05
73 0.056022 -0.010583 -0.015618 1.414556 -0.266361 -0.372679 0.000000 0.000000 0.000000 0.959515 1 3.678724170e-07 1.727486961e-05
73 0.056138 -0.010602 -0.015583 1.414556 -0.266361 -0.372679 0.000000 0.000000 0.000000 0.959166 1 8.170027286e-07 2.639181912e-05
73 0.056286 -0.010627 -0.015561 1.414556 -0.266361 -0.372679 0.000000 0.000000 0.000000 0.958789 1 9.210780263e-07 2.659601159e-05
74 0.056361 -0.010670 -0.015224 1.515827 -0.292668 -0.328572 0.000000 0.000000 0.000000 0.961805 1 3.590248525e-07 1.740315929e-05
74 0.056494 -0.010712 -0.015022 1.515827 -0.292668 -0.328572 0.000000 0.000000 0.000000 0.961593 1 3.681052476e-07 1.576612704e-05
74 0.056632 -0.010754 -0.014838 1.515827 -0.292668 -0.328572 0.000000 0.000000 0.000000 0.961521 1 4.118774086e-07 1.572491601e-05
74 0.056765 -0.010793 -0.014670 1.515827 -0.292668 -0.328572 0.000000 0.000000 0.000000 0.961485 1 3.890600055e-07 1.566717401e-05
74 0.056890 -0.010830 -0.014515 1.515827 -0.292668 -0.328572 0.000000 0.000000 0.000000 0.961479 1 1.125968993e-06 4.594586790e-05
74 0.057004 -0.010864 -0.014372 1.515827 -0.292668 -0.328572 0.000000 0.000000 0.000000 0.961511 1 7.499475032e-07 2.613500692e-05
74 0.057102 -0.010894 -0.014238 1.515827 -0.292668 -0.328572 0.000000 0.000000 0.000000 0.961589 1 8.570495993e-07 1.842505299e-05
74 0.057181 -0.010919 -0.014112 1.515827 -0.292668 -0.328572 0.000000 0.000000 0.000000 0.961714 1 3.641471267e-07 1.882389188e-05
74 0.057236 -0.010939 -0.013992 1.515827 -0.292668 -0.328572 0.000000 0.000000 0.000000 0.961872 1 3.699678928e-07 1.553609036e-05
74 0.057268 -0.010954 -0.013877 1.515827 -0.292668 -0.328572 0.000000 0.000000 0.000000 0.962050 1 3.639142960e-07 1.717614941e-05
74 0.057276 -0.010963 -0.013766 1.515827 -0.292668 -0.328572 0.000000 0.000000 0.000000 0.962230 1 3.669410944e-07 1.879781485e-05
74 0.057263 -0.010968 -0.013660 1.515827 -0.292668 -0.328572 0.000000 0.000000 0.000000 0.962407 1 4.428438842e-07 1.718895510e-05
74 0.057229 -0.010968 -0.013556 1.515827 -0.292668 -0.328572 0.000000 0.000000 0.000000 0.962599 1 3.238674253e-07 1.537101343e-05
74 0.057174 -0.010964 -0.013456 1.515827 -0.292668 -0.328572 0.000000 0.000000 0.000000 0.962828 1 2.251472324e-07 1.045898534e-05
74 0.057093 -0.010954 -0.013357 1.515827 -0.292668 -0.328572 0.000000 0.000000 0.000000 0.963104 1 3.019813448e-07 1.317285933e-05
74 0.056982 -0.010938 -0.013257 1.515827 -0.292668 -0.328572 0.000000 0.000000 0.000000 0.963432 1 3.830064088e-07 1.565902494e-05
74 0.056839 -0.010915 -0.013157 1.515827 -0.292668 -0.328572 0.000000 0.000000 0.000000 0.963799 1 3.648456186e-07 1.710210927e-05
74 0.056663 -0.010886 -0.013054 1.515827 -0.292668 -0.328572 0.000000 0.000000 0.000000 0.964191 1 3.660097718e-07 1.568207517e-05
74 0.056454 -0.010850 -0.012949 1.515827 -0.292668 -0.328572 0.000000 0.000000 0.000000 0.964592 1 3.690365702e-07 1.579406671e-05
74 0.056214 -0.010807 -0.012843 1.515827 -0.292668 -0.328572 0.000000 0.000000 0.000000 0.964985 1 3.960449249e-07 1.705298200e-05
75 0.056259 -0.010731 -0.012176 1.620373 -0.299542 -0.257085 0.000000 0.000000 0.000000 0.966608 1 3.690365702e-07 1.881294884e-05
75 0.056078 -0.010672 -0.011897 1.620373 -0.299542 -0.257085 0.000000 0.000000 0.000000 0.966822 1 4.831235856e-07 1.791794784e-05
75 0.055890 -0.010614 -0.011637 1.620373 -0.299542 -0.257085 0.000000 0.000000 0.000000 0.966944 1 3.899913281e-07 1.677987166e-05
75 0.055706 -0.010558 -0.011395 1.620373 -0.299542 -0.257085 0.000000 0.000000 0.000000 0.967018 1 3.920868039e-07 1.706508920e-05
75 0.055529 -0.010505 -0.011170 1.620373 -0.299542 -0.257085 0.000000 0.000000 0.000000 0.967048 1 3.660097718e-07 1.570512541e-05
75 0.055366 -0.010457 -0.010963 1.620373 -0.299542 -0.257085 0.000000 0.000000 0.000000 0.967031 1 4.100147635e-07 1.717405394e-05
75 0.055221 -0.010413 -0.010772 1.620373 -0.299542 -0.257085 0.000000 0.000000 0.000000 0.966962 1 3.660097718e-07 1.562712714e-05
75 0.055099 -0.010375 -0.010598 1.620373 -0.299542 -0.257085 0.000000 0.000000 0.000000 0.966846 1 3.699678928e-07 1.698615961e-05
75 0.055003 -0.010342 -0.010440 1.620373 -0.299542 -0.257085 0.000000 0.000000 0.000000 0.966701 1 3.639142960e-07 1.724786125e-05
75 0.054934 -0.010316 -0.010298 1.620373 -0.299542 -0.257085 0.000000 0.000000 0.000000 0.966536 1 3.639142960e-07 1.668487675e-05
75 0.054891 -0.010296 -0.010169 1.620373 -0.299542 -0.257085 0.000000 0.000000 0.000000 0.966358 1 8.859205991e-07 2.633593976e-05
75 0.054875 -0.010281 -0.010054 1.620373 -0.299542 -0.257085 0.000000 0.000000 0.000000 0.966177 1 3.690365702e-07 1.574121416e-05
75 0.054882 -0.010272 -0.009952 1.620373 -0.299542 -0.257085 0.000000 0.000000 0.000000 0.965992 1 3.690365702e-07 1.567997970e-05
75 0.054912 -0.010268 -0.009861 1.620373 -0.299542 -0.257085 0.000000 0.000000 0.000000 0.965800 1 9.881332517e-07 2.659484744e-05
75 0.054965 -0.010269 -0.009781 1.620373 -0.299542 -0.257085 0.000000 0.000000 0.000000 0.965590 1 6.319023669e-07 1.765694469e-05
75 0.055043 -0.010275 -0.009712 1.620373 -0.299542 -0.257085 0.000000 0.000000 0.000000 0.965348 1 9.592622519e-08 3.872904927e-06
75 0.055147 -0.010287 -0.009653 1.620373 -0.299542 -0.257085 0.000000 0.000000 0.000000 0.965060 1 9.615905583e-08 3.874069080e-06
75 0.055283 -0.010304 -0.009605 1.620373 -0.299542 -0.257085 0.000000 0.000000 0.000000 0.964730 1 3.939494491e-07 1.728697680e-05
75 0.055451 -0.010329 -0.009568 1.620373 -0.299542 -0.257085 0.000000 0.000000 0.000000 0.964362 1 6.381887943e-07 1.700990833e-05
75 0.055655 -0.010361 -0.009541 1.620373 -0.299542 -0.257085 0.000000 0.000000 0.000000 0.963970 1 3.629829735e-07 1.181405969e-05
76 0.055885 -0.010400 -0.009113 1.725537 -0.319423 -0.185471 0.000000 0.000000 0.000000 0.965831 1 2.861488611e-07 8.584000170e-06
76 0.056141 -0.010443 -0.008902 1.725537 -0.319423 -0.185471 0.000000 0.000000 0.000000 0.965592 1 2.400483936e-07 8.648028597e-06
76 0.056398 -0.010487 -0.008709 1.725537 -0.319423 -0.185471 0.000000 0.000000 0.000000 0.965490 1 2.710148692e-07 8.628005162e-06
76 0.056645 -0.010529 -0.008532 1.725537 -0.319423 -0.185471 0.000000 0.000000 0.000000 0.965427 1 2.561137080e-07 8.428003639e-06
76 0.056879 -0.010569 -0.008369 1.725537 -0.319423 -0.185471 0.000000 0.000000 0.000000 0.965396 1 2.931337804e-07 8.636154234e-06
76 0.057097 -0.010606 -0.008219 1.725537 -0.319423 -0.185471 0.000000 0.000000 0.000000 0.965406 1 3.110617399e-07 8.436152712e-06
76 0.057292 -0.010639 -0.008080 1.725537 -0.319423 -0.185471 0.000000 0.000000 0.000000 0.965467 1 2.519227564e-07 8.368864655e-06
76 0.057461 -0.010668 -0.007950 1.725537 -0.319423 -0.185471 0.000000 0.000000 0.000000 0.965583 1 9.709037840e-08 4.259869456e-06
76 0.057598 -0.010691 -0.007829 1.725537 -0.319423 -0.185471 0.000000 0.000000 0.000000 0.965736 1 8.987262845e-08 4.620989785e-06
76 0.057703 -0.010708 -0.007714 1.725537 -0.319423 -0.185471 0.000000 0.000000 0.000000 0.965912 1 3.040768206e-07 1.559895463e-05
76 0.057775 -0.010720 -0.007606 1.725537 -0.319423 -0.185471 0.000000 0.000000 0.000000 0.966092 1 6.498303264e-07 1.764390618e-05
76 0.057819 -0.010726 -0.007503 1.725537 -0.319423 -0.185471 0.000000 0.000000 0.000000 0.966270 1 3.760214895e-07 1.574913040e-05
76 0.057834 -0.010727 -0.007406 1.725537 -0.319423 -0.185471 0.000000 0.000000 0.000000 0.966465 1 3.690365702e-07 1.716008410e-05
76 0.057820 -0.010723 -0.007313 1.725537 -0.319423 -0.185471 0.000000 0.000000 0.000000 0.966698 1 3.681052476e-07 1.707393676e-05
76 0.057772 -0.010712 -0.007223 1.725537 -0.319423 -0.185471 0.000000 0.000000 0.000000 0.966980 1 9.802170098e-08 4.234956577e-06
76 0.057687 -0.010695 -0.007136 1.725537 -0.319423 -0.185471 0.000000 0.000000 0.000000 0.967312 1 8.461065590e-07 1.846393570e-05
76 0.057562 -0.010671 -0.007051 1.725537 -0.319423 -0.185471 0.000000 0.000000 0.000000 0.967681 1 3.660097718e-07 1.715798862e-05
76 0.057395 -0.010639 -0.006966 1.725537 -0.319423 -0.185471 0.000000 0.000000 0.000000 0.968071 1 3.639142960e-07 1.569883898e-05
76 0.057189 -0.010599 -0.006883 1.725537 -0.319423 -0.185471 0.000000 0.000000 0.000000 0.968467 1 3.681052476e-07 1.568603329e-05
76 0.056947 -0.010554 -0.006800 1.725537 -0.319423 -0.185471 0.000000 0.000000 0.000000 0.968855 1 3.690365702e-07 1.575006172e-05
77 0.057922 -0.010429 -0.005307 1.833176 -0.317434 -0.085696 0.000000 0.000000 0.000000 0.969473 1 3.681052476e-07 1.564202830e-05
77 0.057753 -0.010369 -0.005099 1.833176 -0.317434 -0.085696 0.000000 0.000000 0.000000 0.969685 1 3.650784492e-07 1.744087785e-05
77 0.057576 -0.010310 -0.004906 1.833176 -0.317434 -0.085696 0.000000 0.000000 0.000000 0.969797 1 9.259674698e-07 2.647819929e-05
77 0.057401 -0.010254 -0.004728 1.833176 -0.317434 -0.085696 0.000000 0.000000 0.000000 0.969854 1 7.487833500e-07 2.612103708e-05
77 0.057236 -0.010201 -0.004563 1.833176 -0.317434 -0.085696 0.000000 0.000000 0.000000 0.969863 1 3.660097718e-07 1.716311090e-05
77 0.057085 -0.010153 -0.004411 1.833176 -0.317434 -0.085696 0.000000 0.000000 0.000000 0.969819 1 4.260800779e-07 1.717219129e-05
77 0.056957 -0.010110 -0.004271 1.833176 -0.317434 -0.085696 0.000000 0.000000 0.000000 0.969718 1 3.860332072e-07 1.718197018e-05
77 0.056858 -0.010074 -0.004143 1.833176 -0.317434 -0.085696 0.000000 0.000000 0.000000 0.969566 1 3.068707883e-07 8.478993550e-06
77 0.056790 -0.010044 -0.004025 1.833176 -0.317434 -0.085696 0.000000 0.000000 0.000000 0.969383 1 3.171153367e-07 1.028203405e-05
77 0.056755 -0.010022 -0.003918 1.833176 -0.317434 -0.085696 0.000000 0.000000 0.000000 0.969180 1 3.599561751e-07 1.280009747e-05
77 0.056752 -0.010007 -0.003821 1.833176 -0.317434 -0.085696 0.000000 0.000000 0.000000 0.968965 1 3.241002560e-07 1.382199116e-05
77 0.056780 -0.009998 -0.003732 1.833176 -0.317434 -0.085696 0.000000 0.000000 0.000000 0.968747 1 3.878958523e-07 1.717801206e-05
77 0.056836 -0.009995 -0.003652 1.833176 -0.317434 -0.085696 0.000000 0.000000 0.000000 0.968525 1 3.830064088e-07 9.205890819e-06
77 0.056921 -0.009998 -0.003580 1.833176 -0.317434 -0.085696 0.000000 0.000000 0.000000 0.968293 1 2.689193934e-07 8.360017091e-06
77 0.057033 -0.010006 -0.003514 1.833176 -0.317434 -0.085696 0.000000 0.000000 0.000000 0.968039 1 7.550697774e-07 2.628215589e-05
77 0.057175 -0.010021 -0.003456 1.833176 -0.317434 -0.085696 0.000000 0.000000 0.000000 0.967742 1 8.549541235e-07 1.924182288e-05
77 0.057353 -0.010042 -0.003404 1.833176 -0.317434 -0.085696 0.000000 0.000000 0.000000 0.967392 1 7.699709386e-07 2.614618279e-05
77 0.057570 -0.010071 -0.003358 1.833176 -0.317434 -0.085696 0.000000 0.000000 0.000000 0.966991 1 7.720664144e-07 2.621486783e-05
77 0.057831 -0.010109 -0.003319 1.833176 -0.317434 -0.085696 0.000000 0.000000 0.000000 0.966547 1 3.669410944e-07 1.562386751e-05
77 0.058136 -0.010154 -0.003286 1.833176 -0.317434 -0.085696 0.000000 0.000000 0.000000 0.966079 1 4.388857633e-07 1.603900455e-05
78 0.058756 -0.010198 -0.002547 1.941075 -0.327668 0.016864 0.000000 0.000000 0.000000 0.966834 1 3.669410944e-07 2.166698687e-05
78 0.059216 -0.010254 -0.002308 1.941075 -0.327668 0.016864 0.000000 0.000000 0.000000 0.966531 1 7.969792932e-07 2.629891969e-05
78 0.059672 -0.010311 -0.002087 1.941075 -0.327668 0.016864 0.000000 0.000000 0.000000 0.966373 1 3.729946911e-07 1.557101496e-05
78 0.060113 -0.010367 -0.001882 1.941075 -0.327668 0.016864 0.000000 0.000000 0.000000 0.966244 1 3.718305379e-07 1.558987424e-05
78 0.060538 -0.010422 -0.001694 1.941075 -0.327668 0.016864 0.000000 0.000000 0.000000 0.966142 1 7.560010999e-07 1.800898463e-05
78 0.060942 -0.010475 -0.001520 1.941075 -0.327668 0.016864 0.000000 0.000000 0.000000 0.966085 1 3.690365702e-07 1.567299478e-05
78 0.061318 -0.010524 -0.001359 1.941075 -0.327668 0.016864 0.000000 0.000000 0.000000 0.966089 1 3.918539733e-07 1.726485789e-05
78 0.061659 -0.010568 -0.001211 1.941075 -0.327668 0.016864 0.000000 0.000000 0.000000 0.966165 1 4.158355296e-07 1.588393934e-05
78 0.061958 -0.010606 -0.001074 1.941075 -0.327668 0.016864 0.000000 0.000000 0.000000 0.966296 1 3.699678928e-07 1.568603329e-05
78 0.062211 -0.010638 -0.000948 1.941075 -0.327668 0.016864 0.000000 0.000000 0.000000 0.966460 1 8.489005268e-07 1.971609890e-05
78 0.062419 -0.010662 -0.000831 1.941075 -0.327668 0.016864 0.000000 0.000000 0.000000 0.966636 1 3.729946911e-07 1.563387923e-05
78 0.062584 -0.010681 -0.000724 1.941075 -0.327668 0.016864 0.000000 0.000000 0.000000 0.966817 1 3.729946911e-07 1.712096855e-05
78 0.062708 -0.010693 -0.000626 1.941075 -0.327668 0.016864 0.000000 0.000000 0.000000 0.967025 1 3.708992153e-07 1.590815373e-05
78 0.062787 -0.010698 -0.000535 1.941075 -0.327668 0.016864 0.000000 0.000000 0.000000 0.967284 1 3.720633686e-07 1.561804675e-05
78 0.062816 -0.010695 -0.000452 1.941075 -0.327668 0.016864 0.000000 0.000000 0.000000 0.967602 1 3.669410944e-07 1.573795453e-05
78 0.062791 -0.010684 -0.000375 1.941075 -0.327668 0.016864 0.000000 0.000000 0.000000 0.967976 1 7.650814950e-07 2.626795322e-05
78 0.062709 -0.010663 -0.000305 1.941075 -0.327668 0.016864 0.000000 0.000000 0.000000 0.968388 1 1.017935574e-06 2.666609362e-05
78 0.062570 -0.010634 -0.000241 1.941075 -0.327668 0.016864 0.000000 0.000000 0.000000 0.968818 1 7.529743016e-07 2.618203871e-05
78 0.062377 -0.010596 -0.000182 1.941075 -0.327668 0.016864 0.000000 0.000000 0.000000 0.969247 1 3.699678928e-07 1.705787145e-05
78 0.062135 -0.010550 -0.000129 1.941075 -0.327668 0.016864 0.000000 0.000000 0.000000 0.969668 1 3.869645298e-07 1.724902540e-05
79 0.063376 -0.010231 0.001959 2.050836 -0.312261 0.149050 0.000000 0.000000 0.000000 0.968797 1 7.960479707e-07 2.627912909e-05
79 0.063402 -0.010190 0.002164 2.050836 -0.312261 0.149050 0.000000 0.000000 0.000000 0.969019 1 3.708992153e-07 1.738802530e-05
79 0.063403 -0.010149 0.002352 2.050836 -0.312261 0.149050 0.000000 0.000000 0.000000 0.969115 1 4.088506103e-07 1.582293771e-05
79 0.063395 -0.010110 0.002525 2.050836 -0.312261 0.149050 0.000000 0.000000 0.000000 0.969141 1 4.130415618e-07 1.706788316e-05
79 0.063389 -0.010074 0.002685 2.050836 -0.312261 0.149050 0.000000 0.000000 0.000000 0.969102 1 4.030298442e-07 1.881411299e-05
79 0.063396 -0.010042 0.002833 2.050836 -0.312261 0.149050 0.000000 0.000000 0.000000 0.968992 1 7.699709386e-07 2.636504360e-05
79 0.063427 -0.010017 0.002972 2.050836 -0.312261 0.149050 0.000000 0.000000 0.000000 0.968800 1 9.578652680e-07 1.844996586e-05
79 0.063492 -0.009999 0.003102 2.050836 -0.312261 0.149050 0.000000 0.000000 0.000000 0.968538 1 7.578637451e-07 1.801317558e-05
79 0.063598 -0.009990 0.003226 2.050836 -0.312261 0.149050 0.000000 0.000000 0.000000 0.968233 1 6.228219718e-07 1.626391895e-05
79 0.063746 -0.009989 0.003344 2.050836 -0.312261 0.149050 0.000000 0.000000 0.000000 0.967898 1 3.699678928e-07 1.573399641e-05
79 0.063937 -0.009996 0.003457 2.050836 -0.312261 0.149050 0.000000 0.000000 0.000000 0.967549 1 5.341134965e-07 1.746788621e-05
79 0.064169 -0.010012 0.003566 2.050836 -0.312261 0.149050 0.000000 0.000000 0.000000 0.967198 1 3.690365702e-07 1.572305337e-05
79 0.064439 -0.010034 0.003670 2.050836 -0.312261 0.149050 0.000000 0.000000 0.000000 0.966840 1 3.688037395e-07 1.721386798e-05
79 0.064746 -0.010064 0.003770 2.050836 -0.312261 0.149050 0.000000 0.000000 0.000000 0.966463 1 3.708992153e-07 1.756497659e-05
79 0.065092 -0.010101 0.003867 2.050836 -0.312261 0.149050 0.000000 0.000000 0.000000 0.966041 1 3.699678928e-07 1.726788469e-05
79 0.065484 -0.010146 0.003962 2.050836 -0.312261 0.149050 0.000000 0.000000 0.000000 0.965549 1 3.678724170e-07 1.565110870e-05
79 0.065931 -0.010200 0.004056 2.050836 -0.312261 0.149050 0.000000 0.000000 0.000000 0.964973 1 3.979075700e-07 1.710001379e-05
79 0.066441 -0.010266 0.004149 2.050836 -0.312261 0.149050 0.000000 0.000000 0.000000 0.964319 1 3.417953849e-07 1.594703645e-05
79 0.067021 -0.010342 0.004244 2.050836 -0.312261 0.149050 0.000000 0.000000 0.000000 0.963606 1 9.390059859e-07 2.670590766e-05
79 0.067672 -0.010431 0.004339 2.050836 -0.312261 0.149050 0.000000 0.000000 0.000000 0.962871 1 5.150213838e-07 1.937220804e-05
80 0.069723 -0.010426 0.006488 2.159798 -0.308823 0.284404 0.000000 0.000000 0.000000 0.961525 1 3.681052476e-07 1.576798968e-05
80 0.070809 -0.010546 0.006838 2.159798 -0.308823 0.284404 0.000000 0.000000 0.000000 0.960923 1 4.270114005e-07 1.727696508e-05
80 0.071896 -0.010669 0.007172 2.159798 -0.308823 0.284404 0.000000 0.000000 0.000000 0.960473 1 9.802170098e-08 4.129949957e-06
80 0.072972 -0.010793 0.007491 2.159798 -0.308823 0.284404 0.000000 0.000000 0.000000 0.960039 1 5.629844964e-07 1.072906889e-05
80 0.074036 -0.010918 0.007794 2.159798 -0.308823 0.284404 0.000000 0.000000 0.000000 0.959625 1 2.579763532e-07 1.098588109e-05
80 0.075083 -0.011042 0.008082 2.159798 -0.308823 0.284404 0.000000 0.000000 0.000000 0.959267 1 3.729946911e-07 1.890491694e-05
80 0.076100 -0.011164 0.008354 2.159798 -0.308823 0.284404 0.000000 0.000000 0.000000 0.959005 1 3.729946911e-07 1.570815220e-05
80 0.077070 -0.011281 0.008610 2.159798 -0.308823 0.284404 0.000000 0.000000 0.000000 0.958872 1 8.419156075e-07 2.641789615e-05
80 0.077977 -0.011390 0.008848 2.159798 -0.308823 0.284404 0.000000 0.000000 0.000000 0.958861 1 8.209608495e-07 2.633221447e-05
80 0.078807 -0.011491 0.009066 2.159798 -0.308823 0.284404 0.000000 0.000000 0.000000 0.958934 1 7.790513337e-07 2.626515925e-05
80 0.079556 -0.011581 0.009266 2.159798 -0.308823 0.284404 0.000000 0.000000 0.000000 0.959055 1 1.000938937e-06 2.647098154e-05
80 0.080225 -0.011661 0.009447 2.159798 -0.308823 0.284404 0.000000 0.000000 0.000000 0.959209 1 7.480848581e-07 2.615293488e-05
80 0.080811 -0.011730 0.009610 2.159798 -0.308823 0.284404 0.000000 0.000000 0.000000 0.959436 1 8.011702448e-07 2.627493814e-05
80 0.081305 -0.011787 0.009754 2.159798 -0.308823 0.284404 0.000000 0.000000 0.000000 0.959763 1 3.250315785e-07 1.649698243e-05
80 0.081697 -0.011831 0.009879 2.159798 -0.308823 0.284404 0.000000 0.000000 0.000000 0.960188 1 3.990717232e-07 1.563597471e-05
80 0.081982 -0.011860 0.009984 2.159798 -0.308823 0.284404 0.000000 0.000000 0.000000 0.960690 1 5.718320608e-07 1.717102714e-05
80 0.082156 -0.011874 0.010070 2.159798 -0.308823 0.284404 0.000000 0.000000 0.000000 0.961230 1 3.690365702e-07 1.717708074e-05
80 0.082227 -0.011875 0.010137 2.159798 -0.308823 0.284404 0.000000 0.000000 0.000000 0.961772 1 3.741588444e-07 1.881807111e-05
80 0.082206 -0.011863 0.010187 2.159798 -0.308823 0.284404 0.000000 0.000000 0.000000 0.962282 1 3.459863365e-07 1.467904076e-05
80 0.082104 -0.011840 0.010222 2.159798 -0.308823 0.284404 0.000000 0.000000 0.000000 0.962767 1 3.718305379e-07 1.876894385e-05
81 0.083278 -0.011374 0.012377 2.268396 -0.276939 0.446808 0.000000 0.000000 0.000000 0.956844 1 3.981404006e-07 8.817994967e-06
81 0.084396 -0.011418 0.012907 2.268396 -0.276939 0.446808 0.000000 0.000000 0.000000 0.956859 1 1.599546522e-07 8.038012311e-06
81 0.085448 -0.011461 0.013400 2.268396 -0.276939 0.446808 0.000000 0.000000 0.000000 0.956670 1 9.103678167e-08 4.275934771e-06
81 0.086465 -0.011506 0.013864 2.268396 -0.276939 0.446808 0.000000 0.000000 0.000000 0.956346 1 9.103678167e-08 4.221918061e-06
81 0.087474 -0.011556 0.014306 2.268396 -0.276939 0.446808 0.000000 0.000000 0.000000 0.955866 1 3.390014172e-07 1.118890941e-05
81 0.088509 -0.011615 0.014735 2.268396 -0.276939 0.446808 0.000000 0.000000 0.000000 0.955190 1 2.768356353e-07 9.430106729e-06
81 0.089604 -0.011686 0.015158 2.268396 -0.276939 0.446808 0.000000 0.000000 0.000000 0.954270 1 1.201406121e-07 4.773028195e-06
81 0.090800 -0.011775 0.015585 2.268396 -0.276939 0.446808 0.000000 0.000000 0.000000 0.953118 1 3.939494491e-07 1.745391637e-05
81 0.092122 -0.011883 0.016022 2.268396 -0.276939 0.446808 0.000000 0.000000 0.000000 0.951782 1 3.671739250e-07 1.727906056e-05
81 0.093589 -0.012014 0.016475 2.268396 -0.276939 0.446808 0.000000 0.000000 0.000000 0.950318 1 8.831266314e-07 2.634897828e-05
81 0.095208 -0.012166 0.016944 2.268396 -0.276939 0.446808 0.000000 0.000000 0.000000 0.948774 1 3.729946911e-07 1.890887506e-05
81 0.096976 -0.012340 0.017431 2.268396 -0.276939 0.446808 0.000000 0.000000 0.000000 0.947176 1 3.699678928e-07 1.558987424e-05
81 0.098896 -0.012536 0.017938 2.268396 -0.276939 0.446808 0.000000 0.000000 0.000000 0.945468 1 5.778856575e-07 1.763994806e-05
81 0.100986 -0.012756 0.018468 2.268396 -0.276939 0.446808 0.000000 0.000000 0.000000 0.943539 1 3.699678928e-07 1.565902494e-05
81 0.103285 -0.013003 0.019030 2.268396 -0.276939 0.446808 0.000000 0.000000 0.000000 0.941259 1 3.720633686e-07 1.576589420e-05
81 0.105848 -0.013286 0.019636 2.268396 -0.276939 0.446808 0.000000 0.000000 0.000000 0.938514 1 3.720633686e-07 1.706602052e-05
81 0.108743 -0.013612 0.020300 2.268396 -0.276939 0.446808 0.000000 0.000000 0.000000 0.935238 1 3.720633686e-07 1.575914212e-05
81 0.112039 -0.013988 0.021035 2.268396 -0.276939 0.446808 0.000000 0.000000 0.000000 0.931436 1 9.760260582e-07 1.871190034e-05
81 0.115791 -0.014422 0.021853 2.268396 -0.276939 0.446808 0.000000 0.000000 0.000000 0.927169 1 3.699678928e-07 1.719500870e-05
81 0.120041 -0.014919 0.022764 2.268396 -0.276939 0.446808 0.000000 0.000000 0.000000 0.922453 1 4.281755537e-07 1.901295036e-05
82 0.126219 -0.015281 0.021858 2.376724 -0.269605 0.347179 0.000000 0.000000 0.000000 0.906403 1 3.708992153e-07 1.711817458e-05
82 0.134521 -0.016149 0.022808 2.376724 -0.269605 0.347179 0.000000 0.000000 0.000000 0.897142 1 3.702007234e-07 1.557287760e-05
82 0.144202 -0.017179 0.023979 2.376724 -0.269605 0.347179 0.000000 0.000000 0.000000 0.884354 1 3.429595381e-07 1.490488648e-05
82 0.154776 -0.018315 0.025300 2.376724 -0.269605 0.347179 0.000000 0.000000 0.000000 0.881428 1 2.379529178e-07 8.346978575e-06
82 0.164517 -0.019362 0.026516 2.376724 -0.269605 0.347179 0.000000 0.000000 0.000000 0.881685 1 4.989560694e-07 1.619383693e-05
82 0.173463 -0.020323 0.027632 2.376724 -0.269605 0.347179 0.000000 0.000000 0.000000 0.881925 1 3.708992153e-07 1.708907075e-05
82 0.181680 -0.021205 0.028656 2.376724 -0.269605 0.347179 0.000000 0.000000 0.000000 0.882138 1 3.720633686e-07 1.715007238e-05
82 0.189231 -0.022016 0.029596 2.376724 -0.269605 0.347179 0.000000 0.000000 0.000000 0.882314 1 3.690365702e-07 1.737195998e-05
82 0.196173 -0.022761 0.030460 2.376724 -0.269605 0.347179 0.000000 0.000000 0.000000 0.882450 1 3.690365702e-07 1.745298505e-05
82 0.202559 -0.023446 0.031254 2.376724 -0.269605 0.347179 0.000000 0.000000 0.000000 0.882553 1 5.371402949e-07 1.757289283e-05
82 0.208439 -0.024077 0.031985 2.376724 -0.269605 0.347179 0.000000 0.000000 0.000000 0.882629 1 3.951136023e-07 1.721410081e-05
82 0.213855 -0.024658 0.032658 2.376724 -0.269605 0.347179 0.000000 0.000000 0.000000 0.882683 1 3.718305379e-07 1.570605673e-05
82 0.218847 -0.025194 0.033278 2.376724 -0.269605 0.347179 0.000000 0.000000 0.000000 0.882707 1 3.869645298e-07 1.705810428e-05
82 0.223454 -0.025688 0.033850 2.376724 -0.269605 0.347179 0.000000 0.000000 0.000000 0.882706 1 3.699678928e-07 1.569511369e-05
82 0.227710 -0.026145 0.034379 2.376724 -0.269605 0.347179 0.000000 0.000000 0.000000 0.882687 1 9.781215340e-07 1.872587018e-05
82 0.231641 -0.026566 0.034867 2.376724 -0.269605 0.347179 0.000000 0.000000 0.000000 0.882667 1 3.720633686e-07 1.564109698e-05
82 0.235273 -0.026956 0.035319 2.376724 -0.269605 0.347179 0.000000 0.000000 0.000000 0.882660 1 3.708992153e-07 1.563085243e-05
82 0.238625 -0.027316 0.035735 2.376724 -0.269605 0.347179 0.000000 0.000000 0.000000 0.882677 1 3.669410944e-07 1.682899892e-05
82 0.241713 -0.027647 0.036119 2.376724 -0.269605 0.347179 0.000000 0.000000 0.000000 0.882715 1 2.598389983e-07 1.019705087e-05
82 0.244556 -0.027952 0.036472 2.376724 -0.269605 0.347179 0.000000 0.000000 0.000000 0.882765 1 2.530869097e-07 8.356990293e-06
83 0.246684 -0.027461 0.037356 2.477406 -0.239619 0.398377 0.000000 0.000000 0.000000 0.888850 1 4.831235856e-07 1.595099457e-05
83 0.248884 -0.027397 0.037888 2.477406 -0.239619 0.398377 0.000000 0.000000 0.000000 0.888890 1 7.960479707e-07 2.630683593e-05
83 0.250908 -0.027337 0.038377 2.477406 -0.239619 0.398377 0.000000 0.000000 0.000000 0.888931 1 7.750932127e-07 2.646306530e-05
83 0.252768 -0.027281 0.038828 2.477406 -0.239619 0.398377 0.000000 0.000000 0.000000 0.888984 1 7.732305676e-07 2.624699846e-05
83 0.254472 -0.027228 0.039242 2.477406 -0.239619 0.398377 0.000000 0.000000 0.000000 0.889059 1 6.980262697e-07 2.848496661e-05
83 0.256028 -0.027177 0.039621 2.477406 -0.239619 0.398377 0.000000 0.000000 0.000000 0.889165 1 3.729946911e-07 1.578195952e-05
83 0.257440 -0.027128 0.039967 2.477406 -0.239619 0.398377 0.000000 0.000000 0.000000 0.889303 1 6.661284715e-07 1.755985431e-05
83 0.258714 -0.027080 0.040282 2.477406 -0.239619 0.398377 0.000000 0.000000 0.000000 0.889472 1 3.660097718e-07 1.722201705e-05
83 0.259856 -0.027032 0.040567 2.477406 -0.239619 0.398377 0.000000 0.000000 0.000000 0.889660 1 3.790482879e-07 1.717102714e-05
83 0.260874 -0.026985 0.040825 2.477406 -0.239619 0.398377 0.000000 0.000000 0.000000 0.889851 1 3.490131348e-07 1.736287959e-05
83 0.261778 -0.026938 0.041056 2.477406 -0.239619 0.398377 0.000000 0.000000 0.000000 0.890036 1 8.018687367e-07 2.638087608e-05
83 0.262577 -0.026890 0.041265 2.477406 -0.239619 0.398377 0.000000 0.000000 0.000000 0.890222 1 1.134118065e-06 2.812314779e-05
83 0.263278 -0.026843 0.041451 2.477406 -0.239619 0.398377 0.000000 0.000000 0.000000 0.890424 1 8.598435670e-07 1.682993025e-05
83 0.263883 -0.026796 0.041616 2.477406 -0.239619 0.398377 0.000000 0.000000 0.000000 0.890658 1 4.600733519e-07 1.693796366e-05
83 0.264393 -0.026747 0.041761 2.477406 -0.239619 0.398377 0.000000 0.000000 0.000000 0.890929 1 3.690365702e-07 1.709209755e-05
83 0.264809 -0.026697 0.041886 2.477406 -0.239619 0.398377 0.000000 0.000000 0.000000 0.891229 1 3.741588444e-07 2.841395326e-05
83 0.265134 -0.026645 0.041992 2.477406 -0.239619 0.398377 0.000000 0.000000 0.000000 0.891546 1 3.690365702e-07 1.703482121e-05
83 0.265373 -0.026592 0.042080 2.477406 -0.239619 0.398377 0.000000 0.000000 0.000000 0.891865 1 3.429595381e-07 1.371814869e-05
83 0.265533 -0.026536 0.042151 2.477406 -0.239619 0.398377 0.000000 0.000000 0.000000 0.892184 1 5.748588592e-07 1.761293970e-05
83 0.265615 -0.026478 0.042206 2.477406 -0.239619 0.398377 0.000000 0.000000 0.000000 0.892567 1 4.060566425e-07 1.710187644e-05
84 0.265523 -0.026277 0.042751 2.552947 -0.241276 0.432856 0.000000 0.000000 0.000000 0.896289 1 3.809109330e-07 1.555006020e-05
84 0.265425 -0.026177 0.042909 2.552947 -0.241276 0.432856 0.000000 0.000000 0.000000 0.896653 1 3.899913281e-07 1.571699977e-05
84 0.265263 -0.026078 0.043042 2.552947 -0.241276 0.432856 0.000000 0.000000 0.000000 0.897019 1 3.702007234e-07 1.690001227e-05
84 0.265042 -0.025979 0.043153 2.552947 -0.241276 0.432856 0.000000 0.000000 0.000000 0.897387 1 5.778856575e-07 1.768791117e-05
84 0.264766 -0.025882 0.043244 2.552947 -0.241276 0.432856 0.000000 0.000000 0.000000 0.897746 1 3.699678928e-07 1.556915231e-05
84 0.264441 -0.025785 0.043315 2.552947 -0.241276 0.432856 0.000000 0.000000 0.000000 0.898100 1 3.769528121e-07 1.573492773e-05
84 0.264073 -0.025689 0.043370 2.552947 -0.241276 0.432856 0.000000 0.000000 0.000000 0.898449 1 3.690365702e-07 2.317596227e-05
84 0.263666 -0.025594 0.043409 2.552947 -0.241276 0.432856 0.000000 0.000000 0.000000 0.898780 1 3.729946911e-07 1.695891842e-05
84 0.263228 -0.025501 0.043434 2.552947 -0.241276 0.432856 0.000000 0.000000 0.000000 0.899078 1 9.741634130e-07 1.848512329e-05
84 0.262771 -0.025410 0.043449 2.552947 -0.241276 0.432856 0.000000 0.000000 0.000000 0.899332 1 3.699678928e-07 1.563900150e-05
84 0.262304 -0.025322 0.043454 2.552947 -0.241276 0.432856 0.000000 0.000000 0.000000 0.899537 1 4.610046744e-07 1.579895616e-05
84 0.261838 -0.025237 0.043454 2.552947 -0.241276 0.432856 0.000000 0.000000 0.000000 0.899691 1 3.729946911e-07 1.579103991e-05
84 0.261384 -0.025156 0.043449 2.552947 -0.241276 0.432856 0.000000 0.000000 0.000000 0.899798 1 3.690365702e-07 1.676403917e-05
84 0.260947 -0.025080 0.043442 2.552947 -0.241276 0.432856 0.000000 0.000000 0.000000 0.899870 1 3.438908607e-07 1.611700282e-05
84 0.260532 -0.025009 0.043433 2.552947 -0.241276 0.432856 0.000000 0.000000 0.000000 0.899925 1 3.708992153e-07 1.713610254e-05
84 0.260138 -0.024942 0.043423 2.552947 -0.241276 0.432856 0.000000 0.000000 0.000000 0.899982 1 4.549510777e-07 1.600501128e-05
84 0.259761 -0.024879 0.043412 2.552947 -0.241276 0.432856 0.000000 0.000000 0.000000 0.900054 1 4.169996828e-07 1.902109943e-05
84 0.259398 -0.024819 0.043399 2.552947 -0.241276 0.432856 0.000000 0.000000 0.000000 0.900142 1 3.720633686e-07 1.565506682e-05
84 0.259043 -0.024762 0.043384 2.552947 -0.241276 0.432856 0.000000 0.000000 0.000000 0.900246 1 3.688037395e-07 1.708092168e-05
84 0.258695 -0.024708 0.043366 2.552947 -0.241276 0.432856 0.000000 0.000000 0.000000 0.900351 1 3.678724170e-07 1.556007192e-05
85 0.258656 -0.025119 0.043077 2.591664 -0.255633 0.431544 0.000000 0.000000 0.000000 0.901639 1 6.700865924e-07 1.790397801e-05
85 0.258361 -0.025120 0.043027 2.591664 -0.255633 0.431544 0.000000 0.000000 0.000000 0.901708 1 3.699678928e-07 1.722807065e-05
85 0.258075 -0.025120 0.042979 2.591664 -0.255633 0.431544 0.000000 0.000000 0.000000 0.901780 1 3.720633686e-07 1.712818630e-05
85 0.257795 -0.025118 0.042932 2.591664 -0.255633 0.431544 0.000000 0.000000 0.000000 0.901860 1 3.490131348e-07 1.457985491e-05
85 0.257520 -0.025115 0.042886 2.591664 -0.255633 0.431544 0.000000 0.000000 0.000000 0.901954 1 8.388888091e-07 2.640183084e-05
85 0.257245 -0.025110 0.042840 2.591664 -0.255633 0.431544 0.000000 0.000000 0.000000 0.902072 1 1.034000888e-06 2.768496051e-05
85 0.256964 -0.025102 0.042792 2.591664 -0.255633 0.431544 0.000000 0.000000 0.000000 0.902219 1 3.708992153e-07 1.712283120e-05
85 0.256672 -0.025092 0.042743 2.591664 -0.255633 0.431544 0.000000 0.000000 0.000000 0.902394 1 4.479661584e-07 1.751398668e-05
85 0.256366 -0.025079 0.042692 2.591664 -0.255633 0.431544 0.000000 0.000000 0.000000 0.902585 1 6.391201168e-07 1.792400144e-05
85 0.256044 -0.025064 0.042638 2.591664 -0.255633 0.431544 0.000000 0.000000 0.000000 0.902779 1 3.699678928e-07 1.688604243e-05
85 0.255710 -0.025045 0.042582 2.591664 -0.255633 0.431544 0.000000 0.000000 0.000000 0.902966 1 3.708992153e-07 1.568486914e-05
85 0.255364 -0.025025 0.042524 2.591664 -0.255633 0.431544 0.000000 0.000000 0.000000 0.903148 1 3.788154572e-07 1.714914106e-05
85 0.255008 -0.025002 0.042465 2.591664 -0.255633 0.431544 0.000000 0.000000 0.000000 0.903343 1 9.238719940e-07 1.934287138e-05
85 0.254637 -0.024977 0.042403 2.591664 -0.255633 0.431544 0.000000 0.000000 0.000000 0.903566 1 3.718305379e-07 1.739896834e-05
85 0.254247 -0.024950 0.042338 2.591664 -0.255633 0.431544 0.000000 0.000000 0.000000 0.903822 1 3.231689334e-07 1.508998685e-05
85 0.253833 -0.024919 0.042269 2.591664 -0.255633 0.431544 0.000000 0.000000 0.000000 0.904105 1 3.708992153e-07 1.705810428e-05
85 0.253392 -0.024884 0.042195 2.591664 -0.255633 0.431544 0.000000 0.000000 0.000000 0.904401 1 2.358574420e-07 1.091207378e-05
85 0.252926 -0.024847 0.042117 2.591664 -0.255633 0.431544 0.000000 0.000000 0.000000 0.904701 1 3.180466592e-07 1.609791070e-05
85 0.250596 -0.024625 0.041729 2.591664 -0.255633 0.431544 0.000000 0.000000 0.000000 0.904964 1 6.358604878e-07 1.395400614e-05
85 0.250235 -0.024596 0.041669 2.591664 -0.255633 0.431544 0.000000 0.000000 0.000000 0.905246 1 3.690365702e-07 1.891190186e-05
86 0.249321 -0.023881 0.042213 2.628573 -0.235803 0.463572 0.000000 0.000000 0.000000 0.907463 1 3.708992153e-07 1.711305231e-05
86 0.248825 -0.023720 0.042261 2.628573 -0.235803 0.463572 0.000000 0.000000 0.000000 0.907717 1 2.819579095e-07 1.680804417e-05
86 0.248315 -0.023567 0.042296 2.628573 -0.235803 0.463572 0.000000 0.000000 0.000000 0.907978 1 2.458691597e-07 5.549984053e-06
86 0.247791 -0.023420 0.042318 2.628573 -0.235803 0.463572 0.000000 0.000000 0.000000 0.908247 1 9.313225746e-08 4.290835932e-06
86 0.245335 -0.023109 0.041991 2.628573 -0.235803 0.463572 0.000000 0.000000 0.000000 1.000000 0 1.008156687e-07 3.894791007e-06
86 0.244929 -0.022988 0.042018 2.628573 -0.235803 0.463572 0.000000 0.000000 0.000000 0.908806 1 9.196810424e-08 3.813067451e-06
86 0.244495 -0.022870 0.042032 2.628573 -0.235803 0.463572 0.000000 0.000000 0.000000 0.909102 1 2.779997885e-07 7.702037692e-06
86 0.244035 -0.022757 0.042034 2.628573 -0.235803 0.463572 0.000000 0.000000 0.000000 0.909386 1 2.069864422e-07 9.805895388e-06
86 0.243556 -0.022648 0.042027 2.628573 -0.235803 0.463572 0.000000 0.000000 0.000000 0.909643 1 8.412171155e-07 1.897010952e-05
86 0.243066 -0.022542 0.042012 2.628573 -0.235803 0.463572 0.000000 0.000000 0.000000 0.909862 1 4.488974810e-07 1.733307727e-05
86 0.242574 -0.022441 0.041991 2.628573 -0.235803 0.463572 0.000000 0.000000 0.000000 0.910038 1 4.169996828e-07 1.630885527e-05
86 0.242088 -0.022346 0.041966 2.628573 -0.235803 0.463572 0.000000 0.000000 0.000000 0.910174 1 3.678724170e-07 1.618498936e-05
86 0.241618 -0.022255 0.041939 2.628573 -0.235803 0.463572 0.000000 0.000000 0.000000 0.910271 1 3.699678928e-07 1.723901369e-05
86 0.241167 -0.022170 0.041911 2.628573 -0.235803 0.463572 0.000000 0.000000 0.000000 0.910337 1 3.690365702e-07 1.883693039e-05
86 0.240740 -0.022090 0.041883 2.628573 -0.235803 0.463572 0.000000 0.000000 0.000000 0.910389 1 4.118774086e-07 1.745205373e-05
86 0.240334 -0.022016 0.041856 2.628573 -0.235803 0.463572 0.000000 0.000000 0.000000 0.910444 1 3.690365702e-07 1.723412424e-05
86 0.239948 -0.021946 0.041828 2.628573 -0.235803 0.463572 0.000000 0.000000 0.000000 0.910516 1 3.729946911e-07 1.719105057e-05
86 0.239574 -0.021880 0.041800 2.628573 -0.235803 0.463572 0.000000 0.000000 0.000000 0.910608 1 3.699678928e-07 1.724110916e-05
86 0.239208 -0.021818 0.041770 2.628573 -0.235803 0.463572 0.000000 0.000000 0.000000 0.910716 1 3.690365702e-07 1.714215614e-05
86 0.238848 -0.021758 0.041739 2.628573 -0.235803 0.463572 0.000000 0.000000 0.000000 0.910833 1 6.849877536e-07 4.456401803e-05
87 0.238086 -0.021139 0.041925 2.660421 -0.220843 0.479055 0.000000 0.000000 0.000000 0.912471 1 4.169996828e-07 2.032192424e-05
87 0.237672 -0.020999 0.041923 2.660421 -0.220843 0.479055 0.000000 0.000000 0.000000 0.912582 1 4.558824003e-07 1.880293712e-05
87 0.237267 -0.020867 0.041917 2.660421 -0.220843 0.479055 0.000000 0.000000 0.000000 0.912692 1 3.711320460e-07 1.709884964e-05
87 0.236871 -0.020744 0.041908 2.660421 -0.220843 0.479055 0.000000 0.000000 0.000000 0.912802 1 4.018656909e-07 1.727091148e-05
87 0.236481 -0.020629 0.041895 2.660421 -0.220843 0.479055 0.000000 0.000000 0.000000 0.912923 1 3.688037395e-07 1.643900760e-05
87 0.236095 -0.020520 0.041878 2.660421 -0.220843 0.479055 0.000000 0.000000 0.000000 0.913063 1 3.729946911e-07 1.708092168e-05
87 0.235708 -0.020417 0.041858 2.660421 -0.220843 0.479055 0.000000 0.000000 0.000000 0.913221 1 4.349276423e-07 1.576193608e-05
87 0.235316 -0.020319 0.041832 2.660421 -0.220843 0.479055 0.000000 0.000000 0.000000 0.913396 1 3.718305379e-07 1.735100523e-05
87 0.234917 -0.020226 0.041802 2.660421 -0.220843 0.479055 0.000000 0.000000 0.000000 0.913583 1 8.218921721e-07 2.635386772e-05
87 0.234511 -0.020136 0.041767 2.660421 -0.220843 0.479055 0.000000 0.000000 0.000000 0.913771 1 8.440110832e-07 2.639694139e-05
87 0.234098 -0.020050 0.041728 2.660421 -0.220843 0.479055 0.000000 0.000000 0.000000 0.913949 1 3.748573363e-07 1.892796718e-05
87 0.233681 -0.019968 0.041686 2.660421 -0.220843 0.479055 0.000000 0.000000 0.000000 0.914119 1 8.030328900e-07 1.897895709e-05
87 0.233261 -0.019890 0.041640 2.660421 -0.220843 0.479055 0.000000 0.000000 0.000000 0.914298 1 6.260816008e-07 1.928815618e-05
87 0.232835 -0.019814 0.041591 2.660421 -0.220843 0.479055 0.000000 0.000000 0.000000 0.914498 1 4.591420293e-07 1.621502452e-05
87 0.232397 -0.019740 0.041538 2.660421 -0.220843 0.479055 0.000000 0.000000 0.000000 0.914725 1 3.690365702e-07 1.728814095e-05
87 0.230155 -0.019519 0.041158 2.660421 -0.220843 0.479055 0.000000 0.000000 0.000000 0.914957 1 3.699678928e-07 1.759198494e-05
87 0.229825 -0.019460 0.041121 2.660421 -0.220843 0.479055 0.000000 0.000000 0.000000 0.915219 1 1.086853445e-06 2.836785279e-05
87 0.229467 -0.019401 0.041077 2.660421 -0.220843 0.479055 0.000000 0.000000 0.000000 0.915480 1 3.690365702e-07 1.585297287e-05
87 0.229084 -0.019342 0.041026 2.660421 -0.220843 0.479055 0.000000 0.000000 0.000000 0.915729 1 4.060566425e-07 1.606298611e-05
87 0.228681 -0.019284 0.040971 2.660421 -0.220843 0.479055 0.000000 0.000000 0.000000 0.915968 1 9.420327842e-07 1.842086203e-05
88 0.227926 -0.018785 0.041152 2.703240 -0.207369 0.499158 0.000000 0.000000 0.000000 0.917948 1 4.188623279e-07 1.717591658e-05
88 0.227432 -0.018647 0.041132 2.703240 -0.207369 0.499158 0.000000 0.000000 0.000000 0.918150 1 3.690365702e-07 1.578195952e-05
88 0.225203 -0.018383 0.040787 2.703240 -0.207369 0.499158 0.000000 0.000000 0.000000 0.918341 1 3.848690540e-07 1.707999036e-05
88 0.224835 -0.018270 0.040780 2.703240 -0.207369 0.499158 0.000000 0.000000 0.000000 0.918560 1 4.898756742e-07 1.599197276e-05
88 0.224448 -0.018162 0.040766 2.703240 -0.207369 0.499158 0.000000 0.000000 0.000000 0.918793 1 3.708992153e-07 1.765484922e-05
88 0.224041 -0.018058 0.040743 2.703240 -0.207369 0.499158 0.000000 0.000000 0.000000 0.919032 1 3.699678928e-07 1.778593287e-05
88 0.223617 -0.017958 0.040713 2.703240 -0.207369 0.499158 0.000000 0.000000 0.000000 0.919268 1 6.090849638e-07 2.504000440e-05
88 0.223177 -0.017863 0.040676 2.703240 -0.207369 0.499158 0.000000 0.000000 0.000000 0.919491 1 4.461035132e-07 1.583807170e-05
88 0.222728 -0.017771 0.040634 2.703240 -0.207369 0.499158 0.000000 0.000000 0.000000 0.919688 1 9.429641068e-07 2.674409188e-05
88 0.222276 -0.017684 0.040588 2.703240 -0.207369 0.499158 0.000000 0.000000 0.000000 0.919851 1 3.720633686e-07 1.883902587e-05
88 0.221829 -0.017601 0.040541 2.703240 -0.207369 0.499158 0.000000 0.000000 0.000000 0.919979 1 4.940666258e-07 1.484598033e-05
88 0.221394 -0.017523 0.040493 2.703240 -0.207369 0.499158 0.000000 0.000000 0.000000 0.920074 1 6.270129234e-07 1.949002035e-05
88 0.220976 -0.017449 0.040445 2.703240 -0.207369 0.499158 0.000000 0.000000 0.000000 0.920137 1 7.930211723e-07 2.633500844e-05
88 0.220580 -0.017380 0.040400 2.703240 -0.207369 0.499158 0.000000 0.000000 0.000000 0.920174 1 4.521571100e-07 1.440406777e-05
88 0.220209 -0.017317 0.040357 2.703240 -0.207369 0.499158 0.000000 0.000000 0.000000 0.920199 1 4.221219569e-07 1.878198236e-05
88 0.219861 -0.017257 0.040316 2.703240 -0.207369 0.499158 0.000000 0.000000 0.000000 0.920226 1 3.690365702e-07 1.726485789e-05
88 0.219532 -0.017202 0.040277 2.703240 -0.207369 0.499158 0.000000 0.000000 0.000000 0.920268 1 3.729946911e-07 1.569720916e-05
88 0.219218 -0.017150 0.040239 2.703240 -0.207369 0.499158 0.000000 0.000000 0.000000 0.920328 1 3.678724170e-07 1.724204049e-05
88 0.218914 -0.017101 0.040201 2.703240 -0.207369 0.499158 0.000000 0.000000 0.000000 0.920405 1 3.888271749e-07 1.703691669e-05
88 0.218616 -0.017055 0.040163 2.703240 -0.207369 0.499158 0.000000 0.000000 0.000000 0.920492 1 3.720633686e-07 1.675914973e-05
89 0.217843 -0.016417 0.040200 2.747096 -0.183909 0.515145 0.000000 0.000000 0.000000 0.922504 1 3.729946911e-07 1.690303907e-05
89 0.217452 -0.016250 0.040177 2.747096 -0.183909 0.515145 0.000000 0.000000 0.000000 0.922593 1 3.699678928e-07 1.894915476e-05
89 0.217072 -0.016095 0.040151 2.747096 -0.183909 0.515145 0.000000 0.000000 0.000000 0.922682 1 3.711320460e-07 1.724087633e-05
89 0.216702 -0.015950 0.040125 2.747096 -0.183909 0.515145 0.000000 0.000000 0.000000 0.922771 1 3.781169653e-07 1.692306250e-05
89 0.216341 -0.015815 0.040096 2.747096 -0.183909 0.515145 0.000000 0.000000 0.000000 0.922870 1 3.408640623e-07 1.621898264e-05
89 0.215985 -0.015688 0.040066 2.747096 -0.183909 0.515145 0.000000 0.000000 0.000000 0.922986 1 3.690365702e-07 1.902482472e-05
89 0.215630 -0.015570 0.040033 2.747096 -0.183909 0.515145 0.000000 0.000000 0.000000 0.923119 1 3.720633686e-07 1.573795453e-05
89 0.215272 -0.015459 0.039997 2.747096 -0.183909 0.515145 0.000000 0.000000 0.000000 0.923270 1 3.699678928e-07 1.579103991e-05
89 0.214908 -0.015354 0.039957 2.747096 -0.183909 0.515145 0.000000 0.000000 0.000000 0.923432 1 3.809109330e-07 1.698499545e-05
89 0.214537 -0.015255 0.039914 2.747096 -0.183909 0.515145 0.000000 0.000000 0.000000 0.923596 1 3.708992153e-07 1.588393934e-05
89 0.214161 -0.015161 0.039868 2.747096 -0.183909 0.515145 0.000000 0.000000 0.000000 0.923751 1 4.251487553e-07 1.885998063e-05
89 0.213783 -0.015073 0.039819 2.747096 -0.183909 0.515145 0.000000 0.000000 0.000000 0.923899 1 3.720633686e-07 1.888209954e-05
89 0.213401 -0.014989 0.039769 2.747096 -0.183909 0.515145 0.000000 0.000000 0.000000 0.924055 1 3.729946911e-07 1.727184281e-05
89 0.213014 -0.014909 0.039715 2.747096 -0.183909 0.515145 0.000000 0.000000 0.000000 0.924229 1 3.471504897e-07 1.619197428e-05
89 0.212617 -0.014832 0.039658 2.747096 -0.183909 0.515145 0.000000 0.000000 0.000000 0.924428 1 3.441236913e-07 1.451908611e-05
89 0.210557 -0.014648 0.039288 2.747096 -0.183909 0.515145 0.000000 0.000000 0.000000 1.000000 0 4.707835615e-07 1.627113670e-05
89 0.210260 -0.014586 0.039248 2.747096 -0.183909 0.515145 0.000000 0.000000 0.000000 0.924862 1 3.699678928e-07 1.868885010e-05
89 0.209937 -0.014525 0.039201 2.747096 -0.183909 0.515145 0.000000 0.000000 0.000000 0.925092 1 5.499459803e-07 1.760502346e-05
89 0.209591 -0.014466 0.039149 2.747096 -0.183909 0.515145 0.000000 0.000000 0.000000 0.925309 1 3.711320460e-07 1.897104084e-05
89 0.209228 -0.014408 0.039093 2.747096 -0.183909 0.515145 0.000000 0.000000 0.000000 0.925517 1 3.690365702e-07 1.568789594e-05
90 0.208549 -0.013998 0.039073 2.800856 -0.170077 0.530249 0.000000 0.000000 0.000000 0.927547 1 3.920868039e-07 1.719710417e-05
90 0.208097 -0.013868 0.039018 2.800856 -0.170077 0.530249 0.000000 0.000000 0.000000 0.927719 1 3.688037395e-07 1.703784801e-05
90 0.206045 -0.013649 0.038659 2.800856 -0.170077 0.530249 0.000000 0.000000 0.000000 0.927877 1 8.610077202e-07 1.667579636e-05
90 0.205713 -0.013541 0.038623 2.800856 -0.170077 0.530249 0.000000 0.000000 0.000000 0.928059 1 5.299225450e-07 1.645903103e-05
90 0.205366 -0.013440 0.038582 2.800856 -0.170077 0.530249 0.000000 0.000000 0.000000 0.928252 1 9.131617844e-07 2.653407864e-05
90 0.205003 -0.013343 0.038536 2.800856 -0.170077 0.530249 0.000000 0.000000 0.000000 0.928448 1 3.869645298e-07 1.730397344e-05
90 0.204627 -0.013251 0.038486 2.800856 -0.170077 0.530249 0.000000 0.000000 0.000000 0.928639 1 3.699678928e-07 1.632212661e-05
90 0.204240 -0.013164 0.038432 2.800856 -0.170077 0.530249 0.000000 0.000000 0.000000 0.928816 1 4.048924893e-07 1.660594717e-05
90 0.203847 -0.013082 0.038376 2.800856 -0.170077 0.530249 0.000000 0.000000 0.000000 0.928967 1 3.818422556e-07 1.881085336e-05
90 0.203456 -0.013004 0.038318 2.800856 -0.170077 0.530249 0.000000 0.000000 0.000000 0.929088 1 4.051253200e-07 1.574191265e-05
90 0.203073 -0.012931 0.038261 2.800856 -0.170077 0.530249 0.000000 0.000000 0.000000 0.929178 1 3.669410944e-07 1.723598689e-05
90 0.202702 -0.012862 0.038205 2.800856 -0.170077 0.530249 0.000000 0.000000 0.000000 0.929242 1 3.690365702e-07 1.581502147e-05
90 0.202350 -0.012798 0.038152 2.800856 -0.170077 0.530249 0.000000 0.000000 0.000000 0.929279 1 3.699678928e-07 1.719105057e-05
90 0.202020 -0.012739 0.038101 2.800856 -0.170077 0.530249 0.000000 0.000000 0.000000 0.929293 1 3.778841347e-07 1.717801206e-05
90 0.201713 -0.012684 0.038054 2.800856 -0.170077 0.530249 0.000000 0.000000 0.000000 0.929294 1 9.809155017e-07 2.672499977e-05
90 0.201431 -0.012633 0.038011 2.800856 -0.170077 0.530249 0.000000 0.000000 0.000000 0.929297 1 8.100178093e-07 2.641510218e-05
90 0.201168 -0.012587 0.037971 2.800856 -0.170077 0.530249 0.000000 0.000000 0.000000 0.929311 1 9.699724615e-07 2.663419582e-05
90 0.200920 -0.012543 0.037932 2.800856 -0.170077 0.530249 0.000000 0.000000 0.000000 0.929342 1 3.729946911e-07 1.630489714e-05
90 0.200683 -0.012502 0.037896 2.800856 -0.170077 0.530249 0.000000 0.000000 0.000000 0.929388 1 3.729946911e-07 1.678499393e-05
90 0.200452 -0.012464 0.037859 2.800856 -0.170077 0.530249 0.000000 0.000000 0.000000 0.929444 1 3.988388926e-07 1.846416853e-05
91 0.199758 -0.011911 0.037792 2.855742 -0.143031 0.544197 0.000000 0.000000 0.000000 0.931561 1 3.699678928e-07 1.573213376e-05
91 0.199419 -0.011747 0.037749 2.855742 -0.143031 0.544197 0.000000 0.000000 0.000000 0.931624 1 4.197936505e-07 1.735403202e-05
91 0.199091 -0.011596 0.037706 2.855742 -0.143031 0.544197 0.000000 0.000000 0.000000 0.931690 1 3.720633686e-07 1.621386036e-05
91 0.198775 -0.011455 0.037663 2.855742 -0.143031 0.544197 0.000000 0.000000 0.000000 0.931755 1 4.288740456e-07 1.721992157e-05
91 0.198467 -0.011324 0.037621 2.855742 -0.143031 0.544197 0.000000 0.000000 0.000000 0.931830 1 5.159527063e-07 1.337099820e-05
91 0.198165 -0.011203 0.037579 2.855742 -0.143031 0.544197 0.000000 0.000000 0.000000 0.931920 1 3.220047802e-07 9.739072993e-06
91 0.197864 -0.011090 0.037536 2.855742 -0.143031 0.544197 0.000000 0.000000 0.000000 0.932029 1 2.819579095e-07 8.553965017e-06
91 0.197560 -0.010984 0.037491 2.855742 -0.143031 0.544197 0.000000 0.000000 0.000000 0.932154 1 2.579763532e-07 8.390052244e-06
91 0.197250 -0.010884 0.037444 2.855742 -0.143031 0.544197 0.000000 0.000000 0.000000 0.932292 1 5.459878594e-07 1.761200838e-05
91 0.196934 -0.010791 0.037395 2.855742 -0.143031 0.544197 0.000000 0.000000 0.000000 0.932432 1 2.619344741e-07 8.421950042e-06
91 0.196611 -0.010704 0.037343 2.855742 -0.143031 0.544197 0.000000 0.000000 0.000000 0.932566 1 2.910383046e-07 1.343595795e-05
91 0.196285 -0.010622 0.037291 2.855742 -0.143031 0.544197 0.000000 0.000000 0.000000 0.932695 1 3.708992153e-07 1.697288826e-05
91 0.195955 -0.010544 0.037237 2.855742 -0.143031 0.544197 0.000000 0.000000 0.000000 0.932830 1 3.681052476e-07 1.590303145e-05
91 0.195619 -0.010471 0.037181 2.855742 -0.143031 0.544197 0.000000 0.000000 0.000000 0.932983 1 7.930211723e-07 2.643186599e-05
91 0.195272 -0.010402 0.037122 2.855742 -0.143031 0.544197 0.000000 0.000000 0.000000 0.933157 1 7.690396160e-07 3.598001786e-05
91 0.194912 -0.010336 0.037060 2.855742 -0.143031 0.544197 0.000000 0.000000 0.000000 0.933349 1 7.380731404e-07 2.631382085e-05
91 0.193105 -0.010202 0.036722 2.855742 -0.143031 0.544197 0.000000 0.000000 0.000000 0.933539 1 5.720648915e-07 1.614401117e-05
91 0.192826 -0.010147 0.036675 2.855742 -0.143031 0.544197 0.000000 0.000000 0.000000 0.933741 1 4.169996828e-07 1.885090023e-05
91 0.192525 -0.010094 0.036623 2.855742 -0.143031 0.544197 0.000000 0.000000 0.000000 0.933931 1 3.708992153e-07 2.258690074e-05
91 0.192207 -0.010044 0.036567 2.855742 -0.143031 0.544197 0.000000 0.000000 0.000000 0.934110 1 3.839377314e-07 1.696986146e-05
92 0.191589 -0.009695 0.036451 2.918290 -0.127905 0.555904 0.000000 0.000000 0.000000 0.936088 1 3.729946911e-07 1.580105163e-05
92 0.191181 -0.009578 0.036377 2.918290 -0.127905 0.555904 0.000000 0.000000 0.000000 0.936231 1 9.371433407e-07 1.905020326e-05
92 0.190772 -0.009468 0.036302 2.918290 -0.127905 0.555904 0.000000 0.000000 0.000000 0.936375 1 3.678724170e-07 1.567392610e-05
92 0.188977 -0.009304 0.035963 2.918290 -0.127905 0.555904 0.000000 0.000000 0.000000 0.936511 1 4.628673196e-07 1.617288217e-05
92 0.188673 -0.009212 0.035908 2.918290 -0.127905 0.555904 0.000000 0.000000 0.000000 0.936669 1 3.729946911e-07 1.727300696e-05
92 0.188356 -0.009126 0.035850 2.918290 -0.127905 0.555904 0.000000 0.000000 0.000000 0.936830 1 3.699678928e-07 1.732609235e-05
92 0.188029 -0.009044 0.035790 2.918290 -0.127905 0.555904 0.000000 0.000000 0.000000 0.936983 1 3.720633686e-07 1.722993329e-05
92 0.187694 -0.008968 0.035728 2.918290 -0.127905 0.555904 0.000000 0.000000 0.000000 0.937120 1 4.000030458e-07 1.745484769e-05
92 0.187357 -0.008896 0.035666 2.918290 -0.127905 0.555904 0.000000 0.000000 0.000000 0.937234 1 4.949979484e-07 1.776008867e-05
92 0.187024 -0.008829 0.035604 2.918290 -0.127905 0.555904 0.000000 0.000000 0.000000 0.937320 1 3.688037395e-07 1.596612856e-05
92 0.186700 -0.008766 0.035544 2.918290 -0.127905 0.555904 0.000000 0.000000 0.000000 0.937379 1 3.720633686e-07 1.566298306e-05
92 0.186391 -0.008708 0.035487 2.918290 -0.127905 0.555904 0.000000 0.000000 0.000000 0.937419 1 3.699678928e-07 1.755612902e-05
92 0.186099 -0.008654 0.035433 2.918290 -0.127905 0.555904 0.000000 0.000000 0.000000 0.937435 1 3.729946911e-07 1.898198389e-05
92 0.185829 -0.008604 0.035383 2.918290 -0.127905 0.555904 0.000000 0.000000 0.000000 0.937431 1 6.100162864e-07 1.816404983e-05
92 0.185583 -0.008557 0.035337 2.918290 -0.127905 0.555904 0.000000 0.000000 0.000000 0.937414 1 3.711320460e-07 1.892796718e-05
92 0.185359 -0.008515 0.035295 2.918290 -0.127905 0.555904 0.000000 0.000000 0.000000 0.937397 1 3.708992153e-07 1.853401773e-05
92 0.185155 -0.008476 0.035258 2.918290 -0.127905 0.555904 0.000000 0.000000 0.000000 0.937389 1 3.688037395e-07 1.718988642e-05
92 0.184967 -0.008440 0.035223 2.918290 -0.127905 0.555904 0.000000 0.000000 0.000000 0.937395 1 3.708992153e-07 1.598312519e-05
92 0.184791 -0.008407 0.035190 2.918290 -0.127905 0.555904 0.000000 0.000000 0.000000 0.937415 1 9.690411389e-07 1.870794222e-05
92 0.184622 -0.008376 0.035159 2.918290 -0.127905 0.555904 0.000000 0.000000 0.000000 0.937445 1 3.711320460e-07 1.726485789e-05
93 0.183993 -0.007894 0.035047 2.981309 -0.097634 0.568429 0.000000 0.000000 0.000000 0.939526 1 1.250300556e-07 4.703877494e-06
93 0.183703 -0.007741 0.034994 2.981309 -0.097634 0.568429 0.000000 0.000000 0.000000 0.939572 1 9.988434613e-08 5.064997822e-06
93 0.183424 -0.007599 0.034943 2.981309 -0.097634 0.568429 0.000000 0.000000 0.000000 0.939620 1 2.249144018e-07 9.691109881e-06
93 0.183156 -0.007468 0.034894 2.981309 -0.097634 0.568429 0.000000 0.000000 0.000000 0.939667 1 1.860316843e-07 8.800067008e-06
93 0.182896 -0.007346 0.034847 2.981309 -0.097634 0.568429 0.000000 0.000000 0.000000 0.939721 1 2.358574420e-07 1.098099165e-05
93 0.182643 -0.007234 0.034800 2.981309 -0.097634 0.568429 0.000000 0.000000 0.000000 0.939789 1 3.410968930e-07 1.341383904e-05
93 0.182391 -0.007129 0.034754 2.981309 -0.097634 0.568429 0.000000 0.000000 0.000000 0.939875 1 3.480818123e-07 1.460709609e-05
93 0.182137 -0.007032 0.034707 2.981309 -0.097634 0.568429 0.000000 0.000000 0.000000 0.939976 1 3.660097718e-07 1.874496229e-05
93 0.181878 -0.006941 0.034659 2.981309 -0.097634 0.568429 0.000000 0.000000 0.000000 0.940091 1 3.708992153e-07 1.588207670e-05
93 0.181611 -0.006857 0.034610 2.981309 -0.097634 0.568429 0.000000 0.000000 0.000000 0.940209 1 3.708992153e-07 1.732888632e-05
93 0.181339 -0.006778 0.034559 2.981309 -0.097634 0.568429 0.000000 0.000000 0.000000 0.940323 1 4.039611667e-07 1.780898310e-05
93 0.181061 -0.006704 0.034508 2.981309 -0.097634 0.568429 0.000000 0.000000 0.000000 0.940433 1 3.969762474e-07 1.734308898e-05
93 0.180780 -0.006636 0.034455 2.981309 -0.097634 0.568429 0.000000 0.000000 0.000000 0.940549 1 3.702007234e-07 1.569604501e-05
93 0.180491 -0.006571 0.034401 2.981309 -0.097634 0.568429 0.000000 0.000000 0.000000 0.940682 1 3.729946911e-07 1.864717342e-05
93 0.180192 -0.006511 0.034345 2.981309 -0.097634 0.568429 0.000000 0.000000 0.000000 0.940833 1 3.920868039e-07 1.594796777e-05
93 0.179879 -0.006453 0.034286 2.981309 -0.097634 0.568429 0.000000 0.000000 0.000000 0.941000 1 1.090113074e-06 1.931795850e-05
93 0.178217 -0.006356 0.033970 2.981309 -0.097634 0.568429 0.000000 0.000000 0.000000 0.941166 1 3.690365702e-07 2.044602297e-05
93 0.177978 -0.006308 0.033925 2.981309 -0.097634 0.568429 0.000000 0.000000 0.000000 0.941342 1 3.729946911e-07 2.284394577e-05
93 0.177718 -0.006263 0.033876 2.981309 -0.097634 0.568429 0.000000 0.000000 0.000000 0.941507 1 3.660097718e-07 1.889280975e-05
93 0.177443 -0.006220 0.033824 2.981309 -0.097634 0.568429 0.000000 0.000000 0.000000 0.941659 1 8.940696716e-07 2.848310396e-05
94 0.176892 -0.005937 0.033649 3.050089 -0.082503 0.576240 0.000000 0.000000 0.000000 0.943475 1 2.770684659e-07 4.688045010e-06
94 0.176532 -0.005839 0.033563 3.050089 -0.082503 0.576240 0.000000 0.000000 0.000000 0.943592 1 2.600718290e-07 1.145293936e-05
94 0.176172 -0.005747 0.033479 3.050089 -0.082503 0.576240 0.000000 0.000000 0.000000 0.943709 1 3.878958523e-07 1.125084236e-05
94 0.174521 -0.005627 0.033152 3.050089 -0.082503 0.576240 0.000000 0.000000 0.000000 0.943818 1 2.139713615e-07 1.014396548e-05
94 0.174262 -0.005550 0.033089 3.050089 -0.082503 0.576240 0.000000 0.000000 0.000000 0.943943 1 3.699678928e-07 1.596496440e-05
94 0.173993 -0.005479 0.033026 3.050089 -0.082503 0.576240 0.000000 0.000000 0.000000 0.944068 1 4.600733519e-07 1.702317968e-05
94 0.173717 -0.005412 0.032962 3.050089 -0.082503 0.576240 0.000000 0.000000 0.000000 0.944183 1 8.449424058e-07 2.671312541e-05
94 0.173437 -0.005350 0.032898 3.050089 -0.082503 0.576240 0.000000 0.000000 0.000000 0.944282 1 6.279442459e-07 1.785694622e-05
94 0.173158 -0.005291 0.032835 3.050089 -0.082503 0.576240 0.000000 0.000000 0.000000 0.944358 1 3.690365702e-07 1.702806912e-05
94 0.172886 -0.005237 0.032774 3.050089 -0.082503 0.576240 0.000000 0.000000 0.000000 0.944410 1 1.041917130e-06 2.034800127e-05
94 0.172625 -0.005187 0.032717 3.050089 -0.082503 0.576240 0.000000 0.000000 0.000000 0.944440 1 3.699678928e-07 1.703179441e-05
94 0.172380 -0.005141 0.032662 3.050089 -0.082503 0.576240 0.000000 0.000000 0.000000 0.944455 1 3.699678928e-07 1.711584628e-05
94 0.172153 -0.005098 0.032612 3.050089 -0.082503 0.576240 0.000000 0.000000 0.000000 0.944450 1 9.948853403e-07 1.866812818e-05
94 0.171946 -0.005058 0.032566 3.050089 -0.082503 0.576240 0.000000 0.000000 0.000000 0.944427 1 3.969762474e-07 1.721410081e-05
94 0.171763 -0.005022 0.032525 3.050089 -0.082503 0.576240 0.000000 0.000000 0.000000 0.944393 1 4.449393600e-07 1.750094816e-05
94 0.171602 -0.004989 0.032489 3.050089 -0.082503 0.576240 0.000000 0.000000 0.000000 0.944356 1 3.699678928e-07 1.573399641e-05
94 0.171461 -0.004958 0.032457 3.050089 -0.082503 0.576240 0.000000 0.000000 0.000000 0.944325 1 3.690365702e-07 1.560314558e-05
94 0.171337 -0.004930 0.032429 3.050089 -0.082503 0.576240 0.000000 0.000000 0.000000 0.944307 1 3.681052476e-07 1.755612902e-05
94 0.171225 -0.004905 0.032403 3.050089 -0.082503 0.576240 0.000000 0.000000 0.000000 0.944301 1 3.720633686e-07 1.707999036e-05
94 0.171122 -0.004881 0.032380 3.050089 -0.082503 0.576240 0.000000 0.000000 0.000000 0.944305 1 4.291068763e-07 1.585995778e-05
95 0.170553 -0.004456 0.032249 3.118846 -0.048933 0.587494 0.000000 0.000000 0.000000 0.946285 1 3.669410944e-07 1.721805893e-05
95 0.170318 -0.004316 0.032195 3.118846 -0.048933 0.587494 0.000000 0.000000 0.000000 0.946306 1 3.708992153e-07 1.715891995e-05
95 0.170095 -0.004186 0.032145 3.118846 -0.048933 0.587494 0.000000 0.000000 0.000000 0.946332 1 3.718305379e-07 1.589790918e-05
95 0.169883 -0.004066 0.032097 3.118846 -0.048933 0.587494 0.000000 0.000000 0.000000 0.946356 1 3.690365702e-07 1.718290150e-05
95 0.169682 -0.003955 0.032051 3.118846 -0.048933 0.587494 0.000000 0.000000 0.000000 0.946386 1 6.209593266e-07 2.323091030e-05
95 0.169486 -0.003853 0.032008 3.118846 -0.048933 0.587494 0.000000 0.000000 0.000000 0.946430 1 3.729946911e-07 1.577520743e-05
95 0.169293 -0.003758 0.031965 3.118846 -0.048933 0.587494 0.000000 0.000000 0.000000 0.946493 1 3.781169653e-07 1.882598735e-05
95 0.169097 -0.003670 0.031922 3.118846 -0.048933 0.587494 0.000000 0.000000 0.000000 0.946572 1 3.909226507e-07 1.745508052e-05
95 0.168896 -0.003589 0.031879 3.118846 -0.048933 0.587494 0.000000 0.000000 0.000000 0.946664 1 3.990717232e-07 1.709209755e-05
95 0.168687 -0.003513 0.031835 3.118846 -0.048933 0.587494 0.000000 0.000000 0.000000 0.946761 1 9.268987924e-07 1.888605766e-05
95 0.168471 -0.003443 0.031790 3.118846 -0.048933 0.587494 0.000000 0.000000 0.000000 0.946856 1 3.699678928e-07 1.883902587e-05
95 0.168249 -0.003378 0.031744 3.118846 -0.048933 0.587494 0.000000 0.000000 0.000000 0.946949 1 3.741588444e-07 1.585995778e-05
95 0.168021 -0.003318 0.031697 3.118846 -0.048933 0.587494 0.000000 0.000000 0.000000 0.947049 1 3.690365702e-07 1.715798862e-05
95 0.167785 -0.003262 0.031649 3.118846 -0.048933 0.587494 0.000000 0.000000 0.000000 0.947165 1 3.681052476e-07 1.704692841e-05
95 0.167537 -0.003209 0.031599 3.118846 -0.048933 0.587494 0.000000 0.000000 0.000000 0.947299 1 3.688037395e-07 1.880712807e-05
95 0.167274 -0.003161 0.031546 3.118846 -0.048933 0.587494 0.000000 0.000000 0.000000 0.947446 1 3.718305379e-07 1.728604548e-05
95 0.165742 -0.003095 0.031255 3.118846 -0.048933 0.587494 0.000000 0.000000 0.000000 0.947592 1 9.101349860e-07 2.663698979e-05
95 0.165546 -0.003054 0.031215 3.118846 -0.048933 0.587494 0.000000 0.000000 0.000000 0.947745 1 3.569293767e-07 1.598196104e-05
95 0.165329 -0.003016 0.031172 3.118846 -0.048933 0.587494 0.000000 0.000000 0.000000 0.947886 1 3.718305379e-07 1.722993329e-05
95 0.165097 -0.002980 0.031126 3.118846 -0.048933 0.587494 0.000000 0.000000 0.000000 0.948015 1 3.690365702e-07 1.707905903e-05
96 0.164499 -0.002669 0.033198 3.191660 -0.025152 0.802396 0.000000 0.000000 0.000000 0.949843 1 3.890600055e-07 1.628394239e-05
96 0.164145 -0.002561 0.033737 3.191660 -0.025152 0.802396 0.000000 0.000000 0.000000 0.949943 1 6.528571248e-07 2.797110938e-05
96 0.163796 -0.002461 0.034228 3.191660 -0.025152 0.802396 0.000000 0.000000 0.000000 0.950038 1 3.739260137e-07 1.581804827e-05
96 0.162241 -0.002359 0.034371 3.191660 -0.025152 0.802396 0.000000 0.000000 0.000000 0.950127 1 5.010515451e-07 1.727486961e-05
96 0.161991 -0.002274 0.034802 3.191660 -0.025152 0.802396 0.000000 0.000000 0.000000 0.950228 1 3.729946911e-07 1.722294837e-05
96 0.161737 -0.002195 0.035193 3.191660 -0.025152 0.802396 0.000000 0.000000 0.000000 0.950325 1 3.878958523e-07 1.730793156e-05
96 0.161480 -0.002122 0.035549 3.191660 -0.025152 0.802396 0.000000 0.000000 0.000000 0.950409 1 8.419156075e-07 2.160086296e-05
96 0.161224 -0.002055 0.035873 3.191660 -0.025152 0.802396 0.000000 0.000000 0.000000 0.950475 1 2.090819180e-07 9.668990970e-06
96 0.160975 -0.001993 0.036168 3.191660 -0.025152 0.802396 0.000000 0.000000 0.000000 0.950520 1 1.001171768e-07 3.956025466e-06
96 0.160737 -0.001935 0.036439 3.191660 -0.025152 0.802396 0.000000 0.000000 0.000000 0.950542 1 9.103678167e-08 4.183966666e-06
96 0.160514 -0.001882 0.036689 3.191660 -0.025152 0.802396 0.000000 0.000000 0.000000 0.950548 1 2.451706678e-07 8.397037163e-06
96 0.160308 -0.001833 0.036919 3.191660 -0.025152 0.802396 0.000000 0.000000 0.000000 0.950543 1 2.400483936e-07 8.368864655e-06
96 0.160122 -0.001788 0.037132 3.191660 -0.025152 0.802396 0.000000 0.000000 0.000000 0.950521 1 2.458691597e-07 1.264107414e-05
96 0.159957 -0.001746 0.037331 3.191660 -0.025152 0.802396 0.000000 0.000000 0.000000 0.950484 1 5.140900612e-07 1.609208994e-05
96 0.159816 -0.001707 0.037517 3.191660 -0.025152 0.802396 0.000000 0.000000 0.000000 0.950436 1 3.690365702e-07 1.698010601e-05
96 0.159698 -0.001672 0.037692 3.191660 -0.025152 0.802396 0.000000 0.000000 0.000000 0.950384 1 3.748573363e-07 1.761503518e-05
96 0.159602 -0.001640 0.037857 3.191660 -0.025152 0.802396 0.000000 0.000000 0.000000 0.950336 1 9.313225746e-08 4.639849067e-06
96 0.159517 -0.001609 0.038010 3.191660 -0.025152 0.802396 0.000000 0.000000 0.000000 0.950373 1 3.068707883e-07 1.542083919e-05
96 0.159418 -0.001582 0.038146 3.191660 -0.025152 0.802396 0.000000 0.000000 0.000000 0.950468 1 4.030298442e-07 1.911609434e-05
96 0.159301 -0.001556 0.038265 3.191660 -0.025152 0.802396 0.000000 0.000000 0.000000 0.950574 1 3.699678928e-07 1.878687181e-05
97 0.158553 -0.001078 0.038432 3.264869 0.029171 0.847504 0.000000 0.000000 0.000000 0.952880 1 3.678724170e-07 1.596310176e-05
97 0.158174 -0.000889 0.038543 3.264869 0.029171 0.847504 0.000000 0.000000 0.000000 0.953009 1 3.720633686e-07 1.609814353e-05
97 0.157787 -0.000716 0.038636 3.264869 0.029171 0.847504 0.000000 0.000000 0.000000 0.953156 1 3.818422556e-07 1.723412424e-05
97 0.157394 -0.000556 0.038713 3.264869 0.029171 0.847504 0.000000 0.000000 0.000000 0.953307 1 9.189825505e-07 1.855287701e-05
97 0.156991 -0.000409 0.038773 3.264869 0.029171 0.847504 0.000000 0.000000 0.000000 0.953472 1 3.699678928e-07 1.869117841e-05
97 0.156574 -0.000273 0.038817 3.264869 0.029171 0.847504 0.000000 0.000000 0.000000 0.953660 1 3.699678928e-07 1.898105256e-05
97 0.156139 -0.000148 0.038845 3.264869 0.029171 0.847504 0.000000 0.000000 0.000000 0.953874 1 3.729946911e-07 1.700804569e-05
97 0.155680 -0.000034 0.038855 3.264869 0.029171 0.847504 0.000000 0.000000 0.000000 0.954110 1 3.699678928e-07 1.593190245e-05
97 0.155196 0.000071 0.038849 3.264869 0.029171 0.847504 0.000000 0.000000 0.000000 0.954358 1 3.699678928e-07 1.566507854e-05
97 0.154686 0.000168 0.038827 3.264869 0.029171 0.847504 0.000000 0.000000 0.000000 0.954602 1 3.429595381e-07 1.606415026e-05
97 0.154157 0.000257 0.038792 3.264869 0.029171 0.847504 0.000000 0.000000 0.000000 0.954829 1 4.509929568e-07 1.617986709e-05
97 0.153614 0.000338 0.038745 3.264869 0.029171 0.847504 0.000000 0.000000 0.000000 0.955037 1 3.809109330e-07 1.633306965e-05
97 0.153062 0.000412 0.038689 3.264869 0.029171 0.847504 0.000000 0.000000 0.000000 0.955240 1 3.939494491e-07 1.735100523e-05
97 0.152500 0.000481 0.038623 3.264869 0.029171 0.847504 0.000000 0.000000 0.000000 0.955454 1 4.179310054e-07 1.709302887e-05
97 0.151924 0.000544 0.038548 3.264869 0.029171 0.847504 0.000000 0.000000 0.000000 0.955691 1 8.710194379e-07 1.886603422e-05
97 0.151330 0.000601 0.038462 3.264869 0.029171 0.847504 0.000000 0.000000 0.000000 0.955954 1 5.520414561e-07 1.790397801e-05
97 0.150711 0.000653 0.038364 3.264869 0.029171 0.847504 0.000000 0.000000 0.000000 0.956241 1 3.699678928e-07 1.591490582e-05
97 0.150066 0.000701 0.038255 3.264869 0.029171 0.847504 0.000000 0.000000 0.000000 0.956542 1 3.899913281e-07 1.602713019e-05
97 0.149395 0.000744 0.038135 3.264869 0.029171 0.847504 0.000000 0.000000 0.000000 0.956844 1 4.940666258e-07 1.774402335e-05
97 0.148701 0.000783 0.038004 3.264869 0.029171 0.847504 0.000000 0.000000 0.000000 0.957130 1 3.720633686e-07 1.712399535e-05
98 0.147611 0.001085 0.037787 3.343118 0.062917 0.870312 0.000000 0.000000 0.000000 0.958963 1 1.146923751e-06 2.815690823e-05
98 0.146779 0.001199 0.037620 3.343118 0.062917 0.870312 0.000000 0.000000 0.000000 0.959172 1 3.459863365e-07 2.091913484e-05
98 0.145960 0.001304 0.037452 3.343118 0.062917 0.870312 0.000000 0.000000 0.000000 0.959368 1 4.169996828e-07 1.733913086e-05
98 0.145154 0.001400 0.037284 3.343118 0.062917 0.870312 0.000000 0.000000 0.000000 0.959568 1 3.729946911e-07 1.720199361e-05
98 0.144357 0.001487 0.037116 3.343118 0.062917 0.870312 0.000000 0.000000 0.000000 0.959773 1 3.739260137e-07 1.596007496e-05
98 0.143569 0.001567 0.036946 3.343118 0.062917 0.870312 0.000000 0.000000 0.000000 0.959976 1 3.729946911e-07 1.746509224e-05
98 0.142790 0.001639 0.036776 3.343118 0.062917 0.870312 0.000000 0.000000 0.000000 0.960166 1 3.711320460e-07 1.716217957e-05
98 0.142026 0.001706 0.036608 3.343118 0.062917 0.870312 0.000000 0.000000 0.000000 0.960336 1 4.610046744e-07 2.829683945e-05
98 0.141280 0.001766 0.036442 3.343118 0.062917 0.870312 0.000000 0.000000 0.000000 0.960482 1 3.769528121e-07 1.883786172e-05
98 0.140558 0.001821 0.036280 3.343118 0.062917 0.870312 0.000000 0.000000 0.000000 0.960601 1 9.359791875e-07 5.923118442e-05
98 0.139863 0.001871 0.036123 3.343118 0.062917 0.870312 0.000000 0.000000 0.000000 0.960700 1 5.909241736e-07 1.676008105e-05
98 0.139199 0.001917 0.035972 3.343118 0.062917 0.870312 0.000000 0.000000 0.000000 0.960785 1 3.729946911e-07 1.690397039e-05
98 0.138566 0.001959 0.035828 3.343118 0.062917 0.870312 0.000000 0.000000 0.000000 0.960854 1 9.969808161e-07 2.747494727e-05
98 0.137966 0.001998 0.035690 3.343118 0.062917 0.870312 0.000000 0.000000 0.000000 0.960911 1 3.699678928e-07 1.882296056e-05
98 0.137398 0.002033 0.035560 3.343118 0.062917 0.870312 0.000000 0.000000 0.000000 0.960963 1 4.321336746e-07 1.696986146e-05
98 0.136861 0.002066 0.035436 3.343118 0.062917 0.870312 0.000000 0.000000 0.000000 0.961016 1 3.650784492e-07 1.510116272e-05
98 0.136351 0.002095 0.035318 3.343118 0.062917 0.870312 0.000000 0.000000 0.000000 0.961075 1 8.367933333e-07 2.644094639e-05
98 0.135863 0.002122 0.035205 3.343118 0.062917 0.870312 0.000000 0.000000 0.000000 0.961142 1 9.329523891e-07 2.544396557e-05
98 0.135395 0.002147 0.035096 3.343118 0.062917 0.870312 0.000000 0.000000 0.000000 0.961216 1 7.818453014e-07 2.635014243e-05
98 0.134942 0.002169 0.034989 3.343118 0.062917 0.870312 0.000000 0.000000 0.000000 0.961300 1 7.532071322e-07 2.631708048e-05
99 0.133998 0.002513 0.034718 3.422778 0.117547 0.885215 0.000000 0.000000 0.000000 0.963157 1 4.060566425e-07 1.581106335e-05
99 0.133376 0.002652 0.034552 3.422778 0.117547 0.885215 0.000000 0.000000 0.000000 0.963269 1 4.018656909e-07 1.874100417e-05
99 0.132768 0.002779 0.034391 3.422778 0.117547 0.885215 0.000000 0.000000 0.000000 0.963397 1 4.000030458e-07 1.587788574e-05
99 0.132174 0.002896 0.034233 3.422778 0.117547 0.885215 0.000000 0.000000 0.000000 0.963530 1 3.720633686e-07 1.691002399e-05
99 0.131588 0.003002 0.034077 3.422778 0.117547 0.885215 0.000000 0.000000 0.000000 0.963673 1 6.679911166e-07 1.743691973e-05
99 0.131007 0.003099 0.033924 3.422778 0.117547 0.885215 0.000000 0.000000 0.000000 0.963836 1 3.820750862e-07 1.581897959e-05
99 0.130425 0.003186 0.033770 3.422778 0.117547 0.885215 0.000000 0.000000 0.000000 0.964019 1 9.681098163e-07 2.657109872e-05
99 0.129837 0.003265 0.033615 3.422778 0.117547 0.885215 0.000000 0.000000 0.000000 0.964220 1 3.799796104e-07 1.877406612e-05
99 0.129240 0.003337 0.033458 3.422778 0.117547 0.885215 0.000000 0.000000 0.000000 0.964429 1 5.881302059e-07 2.284394577e-05
99 0.128634 0.003401 0.033298 3.422778 0.117547 0.885215 0.000000 0.000000 0.000000 0.964633 1 6.030313671e-07 1.701992005e-05
99 0.128023 0.003458 0.033138 3.422778 0.117547 0.885215 0.000000 0.000000 0.000000 0.964823 1 3.699678928e-07 1.737498678e-05
99 0.127411 0.003509 0.032978 3.422778 0.117547 0.885215 0.000000 0.000000 0.000000 0.964995 1 4.009343684e-07 1.714006066e-05
99 0.126803 0.003555 0.032818 3.422778 0.117547 0.885215 0.000000 0.000000 0.000000 0.965161 1 3.718305379e-07 1.706508920e-05
99 0.126197 0.003595 0.032660 3.422778 0.117547 0.885215 0.000000 0.000000 0.000000 0.965336 1 3.930181265e-07 1.721619628e-05
99 0.125589 0.003631 0.032501 3.422778 0.117547 0.885215 0.000000 0.000000 0.000000 0.965529 1 3.690365702e-07 1.554680057e-05
99 0.124973 0.003663 0.032340 3.422778 0.117547 0.885215 0.000000 0.000000 0.000000 0.965745 1 3.951136023e-07 1.893402077e-05
99 0.124345 0.003689 0.032176 3.422778 0.117547 0.885215 0.000000 0.000000 0.000000 0.965982 1 3.708992153e-07 1.685996540e-05
99 0.123700 0.003712 0.032008 3.422778 0.117547 0.885215 0.000000 0.000000 0.000000 0.966232 1 3.729946911e-07 1.720711589e-05
99 0.123039 0.003730 0.031836 3.422778 0.117547 0.885215 0.000000 0.000000 0.000000 0.966482 1 3.669410944e-07 1.576612704e-05
99 0.122364 0.003745 0.031660 3.422778 0.117547 0.885215 0.000000 0.000000 0.000000 0.966721 1 3.711320460e-07 1.600314863e-05
100 0.121386 0.003937 0.031228 3.510407 0.151283 0.878998 0.000000 0.000000 0.000000 0.968193 1 3.860332072e-07 1.706206240e-05
100 0.120612 0.004003 0.030970 3.510407 0.151283 0.878998 0.000000 0.000000 0.000000 0.968360 1 3.899913281e-07 1.577497460e-05
100 0.119856 0.004062 0.030721 3.510407 0.151283 0.878998 0.000000 0.000000 0.000000 0.968513 1 3.711320460e-07 1.715798862e-05
100 0.119116 0.004115 0.030482 3.510407 0.151283 0.878998 0.000000 0.000000 0.000000 0.968668 1 3.739260137e-07 1.708394848e-05
100 0.118390 0.004162 0.030250 3.510407 0.151283 0.878998 0.000000 0.000000 0.000000 0.968825 1 3.720633686e-07 1.868512481e-05
100 0.117679 0.004204 0.030025 3.510407 0.151283 0.878998 0.000000 0.000000 0.000000 0.968976 1 4.218891263e-07 1.723994501e-05
100 0.116984 0.004240 0.029808 3.510407 0.151283 0.878998 0.000000 0.000000 0.000000 0.969114 1 1.037027687e-06 2.712407149e-05
100 0.116307 0.004273 0.029599 3.510407 0.151283 0.878998 0.000000 0.000000 0.000000 0.969233 1 9.131617844e-07 2.666492946e-05
100 0.115654 0.004301 0.029399 3.510407 0.151283 0.878998 0.000000 0.000000 0.000000 0.969332 1 8.509960026e-07 2.680602483e-05
100 0.115027 0.004327 0.029208 3.510407 0.151283 0.878998 0.000000 0.000000 0.000000 0.969410 1 8.030328900e-07 2.659880556e-05
100 0.114429 0.004350 0.029027 3.510407 0.151283 0.878998 0.000000 0.000000 0.000000 0.969476 1 3.729946911e-07 1.869490370e-05
100 0.113861 0.004370 0.028856 3.510407 0.151283 0.878998 0.000000 0.000000 0.000000 0.969532 1 9.539071470e-07 3.626197577e-05
100 0.113323 0.004388 0.028695 3.510407 0.151283 0.878998 0.000000 0.000000 0.000000 0.969577 1 1.060077921e-06 1.860316843e-05
100 0.112816 0.004404 0.028543 3.510407 0.151283 0.878998 0.000000 0.000000 0.000000 0.969612 1 5.259644240e-07 1.622783020e-05
100 0.112339 0.004419 0.028401 3.510407 0.151283 0.878998 0.000000 0.000000 0.000000 0.969644 1 3.820750862e-07 1.715985127e-05
100 0.111890 0.004432 0.028268 3.510407 0.151283 0.878998 0.000000 0.000000 0.000000 0.969676 1 3.480818123e-07 1.746602356e-05
100 0.111466 0.004444 0.028142 3.510407 0.151283 0.878998 0.000000 0.000000 0.000000 0.969712 1 3.441236913e-07 1.464597881e-05
100 0.111065 0.004454 0.028024 3.510407 0.151283 0.878998 0.000000 0.000000 0.000000 0.969753 1 7.518101484e-07 2.623791806e-05
100 0.110682 0.004463 0.027912 3.510407 0.151283 0.878998 0.000000 0.000000 0.000000 0.969799 1 9.171199054e-07 2.655806020e-05
100 0.110316 0.004471 0.027805 3.510407 0.151283 0.878998 0.000000 0.000000 0.000000 0.969851 1 7.860362530e-07 2.636900172e-05
101 0.109529 0.004720 0.027457 3.601973 0.213518 0.871406 0.000000 0.000000 0.000000 0.971446 1 9.501818568e-07 2.670101821e-05
101 0.109003 0.004825 0.027256 3.601973 0.213518 0.871406 0.000000 0.000000 0.000000 0.971530 1 3.699678928e-07 1.567020081e-05
101 0.108490 0.004920 0.027064 3.601973 0.213518 0.871406 0.000000 0.000000 0.000000 0.971636 1 4.270114005e-07 1.696380787e-05
101 0.107987 0.005007 0.026880 3.601973 0.213518 0.871406 0.000000 0.000000 0.000000 0.971747 1 4.640314728e-07 1.728697680e-05
101 0.107491 0.005084 0.026701 3.601973 0.213518 0.871406 0.000000 0.000000 0.000000 0.971868 1 3.739260137e-07 1.580687240e-05
101 0.106996 0.005154 0.026528 3.601973 0.213518 0.871406 0.000000 0.000000 0.000000 0.972004 1 3.920868039e-07 1.739291474e-05
101 0.106500 0.005216 0.026359 3.601973 0.213518 0.871406 0.000000 0.000000 0.000000 0.972157 1 4.069879651e-07 1.607183367e-05
101 0.105997 0.005271 0.026192 3.601973 0.213518 0.871406 0.000000 0.000000 0.000000 0.972322 1 3.718305379e-07 2.129399218e-05
101 0.105487 0.005318 0.026026 3.601973 0.213518 0.871406 0.000000 0.000000 0.000000 0.972491 1 3.620516509e-07 7.183989510e-06
101 0.104969 0.005359 0.025862 3.601973 0.213518 0.871406 0.000000 0.000000 0.000000 0.972657 1 1.429580152e-07 5.949987099e-06
101 0.104447 0.005395 0.025699 3.601973 0.213518 0.871406 0.000000 0.000000 0.000000 0.972810 1 9.592622519e-08 3.952998668e-06
101 0.103925 0.005425 0.025540 3.601973 0.213518 0.871406 0.000000 0.000000 0.000000 0.972950 1 8.987262845e-08 3.959052265e-06
101 0.103405 0.005451 0.025384 3.601973 0.213518 0.871406 0.000000 0.000000 0.000000 0.973084 1 1.108273864e-07 4.703877494e-06
101 0.102887 0.005472 0.025230 3.601973 0.213518 0.871406 0.000000 0.000000 0.000000 0.973224 1 1.259613782e-07 5.758833140e-06
101 0.102368 0.005490 0.025079 3.601973 0.213518 0.871406 0.000000 0.000000 0.000000 0.973380 1 2.861488611e-07 1.318496652e-05
101 0.101843 0.005503 0.024927 3.601973 0.213518 0.871406 0.000000 0.000000 0.000000 0.973556 1 4.121102393e-07 1.753494143e-05
101 0.101307 0.005512 0.024775 3.601973 0.213518 0.871406 0.000000 0.000000 0.000000 0.973750 1 3.718305379e-07 1.713610254e-05
101 0.100756 0.005518 0.024622 3.601973 0.213518 0.871406 0.000000 0.000000 0.000000 0.973956 1 3.690365702e-07 1.874892041e-05
101 0.100190 0.005519 0.024466 3.601973 0.213518 0.871406 0.000000 0.000000 0.000000 0.974164 1 3.790482879e-07 1.859804615e-05
101 0.099610 0.005517 0.024308 3.601973 0.213518 0.871406 0.000000 0.000000 0.000000 0.974365 1 4.118774086e-07 1.644203439e-05
102 0.098802 0.005629 0.023838 3.702354 0.247605 0.839821 0.000000 0.000000 0.000000 0.975548 1 4.468020052e-07 1.902086660e-05
102 0.098144 0.005660 0.023579 3.702354 0.247605 0.839821 0.000000 0.000000 0.000000 0.975683 1 3.778841347e-07 1.719500870e-05
102 0.097501 0.005687 0.023332 3.702354 0.247605 0.839821 0.000000 0.000000 0.000000 0.975805 1 9.210780263e-07 2.658693120e-05
102 0.096872 0.005709 0.023096 3.702354 0.247605 0.839821 0.000000 0.000000 0.000000 0.975928 1 3.210734576e-07 1.509906724e-05
102 0.096257 0.005727 0.022870 3.702354 0.247605 0.839821 0.000000 0.000000 0.000000 0.976049 1 2.479646355e-07 1.071300358e-05
102 0.095656 0.005741 0.022654 3.702354 0.247605 0.839821 0.000000 0.000000 0.000000 0.976163 1 1.271953806e-06 3.009103239e-05
102 0.095070 0.005752 0.022448 3.702354 0.247605 0.839821 0.000000 0.000000 0.000000 0.976264 1 8.440110832e-07 2.646795474e-05
102 0.094504 0.005761 0.022251 3.702354 0.247605 0.839821 0.000000 0.000000 0.000000 0.976347 1 8.319038898e-07 2.731685527e-05
102 0.093960 0.005768 0.022065 3.702354 0.247605 0.839821 0.000000 0.000000 0.000000 0.976414 1 2.400483936e-07 8.418923244e-06
102 0.093441 0.005773 0.021890 3.702354 0.247605 0.839821 0.000000 0.000000 0.000000 0.976466 1 3.678724170e-07 1.703691669e-05
102 0.092949 0.005776 0.021725 3.702354 0.247605 0.839821 0.000000 0.000000 0.000000 0.976509 1 3.231689334e-07 1.584016718e-05
102 0.092483 0.005779 0.021570 3.702354 0.247605 0.839821 0.000000 0.000000 0.000000 0.976545 1 1.469161361e-07 6.866874173e-06
102 0.092045 0.005781 0.021425 3.702354 0.247605 0.839821 0.000000 0.000000 0.000000 0.976571 1 2.980232239e-07 1.369602978e-05
102 0.091634 0.005782 0.021290 3.702354 0.247605 0.839821 0.000000 0.000000 0.000000 0.976591 1 2.719461918e-07 1.174793579e-05
102 0.091250 0.005783 0.021164 3.702354 0.247605 0.839821 0.000000 0.000000 0.000000 0.976606 1 3.678724170e-07 1.839804463e-05
102 0.090891 0.005784 0.021047 3.702354 0.247605 0.839821 0.000000 0.000000 0.000000 0.976621 1 3.280583769e-07 1.520616934e-05
102 0.090555 0.005784 0.020938 3.702354 0.247605 0.839821 0.000000 0.000000 0.000000 0.976636 1 3.729946911e-07 1.752912067e-05
102 0.090241 0.005784 0.020836 3.702354 0.247605 0.839821 0.000000 0.000000 0.000000 0.976654 1 6.030313671e-07 1.627695747e-05
102 0.089945 0.005783 0.020741 3.702354 0.247605 0.839821 0.000000 0.000000 0.000000 0.976675 1 3.990717232e-07 1.854705624e-05
102 0.089665 0.005783 0.020651 3.702354 0.247605 0.839821 0.000000 0.000000 0.000000 0.976699 1 3.448221833e-07 1.781992614e-05
103 0.089050 0.005952 0.020305 3.806115 0.312593 0.808766 0.000000 0.000000 0.000000 0.977969 1 3.708992153e-07 1.892610453e-05
103 0.088642 0.006023 0.020112 3.806115 0.312593 0.808766 0.000000 0.000000 0.000000 0.978029 1 3.690365702e-07 1.884205267e-05
103 0.088243 0.006087 0.019929 3.806115 0.312593 0.808766 0.000000 0.000000 0.000000 0.978114 1 9.431969374e-07 1.900899224e-05
103 0.087848 0.006144 0.019755 3.806115 0.312593 0.808766 0.000000 0.000000 0.000000 0.978205 1 3.511086106e-07 1.599686220e-05
103 0.087455 0.006194 0.019588 3.806115 0.312593 0.808766 0.000000 0.000000 0.000000 0.978306 1 4.058238119e-07 1.764693297e-05
103 0.087062 0.006238 0.019427 3.806115 0.312593 0.808766 0.000000 0.000000 0.000000 0.978418 1 3.478489816e-07 1.476285979e-05
103 0.086664 0.006275 0.019271 3.806115 0.312593 0.808766 0.000000 0.000000 0.000000 0.978543 1 3.050081432e-07 1.294002868e-05
103 0.086258 0.006307 0.019119 3.806115 0.312593 0.808766 0.000000 0.000000 0.000000 0.978677 1 2.158340067e-07 9.299954399e-06
103 0.085844 0.006332 0.018970 3.806115 0.312593 0.808766 0.000000 0.000000 0.000000 0.978814 1 1.569278538e-07 6.629154086e-06
103 0.085421 0.006353 0.018824 3.806115 0.312593 0.808766 0.000000 0.000000 0.000000 0.978947 1 8.998904377e-07 2.481392585e-05
103 0.084994 0.006369 0.018682 3.806115 0.312593 0.808766 0.000000 0.000000 0.000000 0.979071 1 6.458722055e-07 2.299621701e-05
103 0.084565 0.006380 0.018543 3.806115 0.312593 0.808766 0.000000 0.000000 0.000000 0.979184 1 8.130446076e-07 2.671894617e-05
103 0.084137 0.006389 0.018408 3.806115 0.312593 0.808766 0.000000 0.000000 0.000000 0.979293 1 2.449378371e-07 8.365837857e-06
103 0.083709 0.006394 0.018276 3.806115 0.312593 0.808766 0.000000 0.000000 0.000000 0.979408 1 7.140915841e-07 2.456502989e-05
103 0.083279 0.006395 0.018147 3.806115 0.312593 0.808766 0.000000 0.000000 0.000000 0.979535 1 5.639158189e-07 1.671793871e-05
103 0.082842 0.006394 0.018020 3.806115 0.312593 0.808766 0.000000 0.000000 0.000000 0.979679 1 6.810296327e-07 1.582689583e-05
103 0.082393 0.006388 0.017892 3.806115 0.312593 0.808766 0.000000 0.000000 0.000000 0.979839 1 3.671739250e-07 1.872912981e-05
103 0.081931 0.006379 0.017764 3.806115 0.312593 0.808766 0.000000 0.000000 0.000000 0.980010 1 3.450550139e-07 1.776614226e-05
103 0.081453 0.006367 0.017636 3.806115 0.312593 0.808766 0.000000 0.000000 0.000000 0.980186 1 3.438908607e-07 1.495098695e-05
103 0.080960 0.006351 0.017506 3.806115 0.312593 0.808766 0.000000 0.000000 0.000000 0.980359 1 4.291068763e-07 1.828698441e-05
104 0.080321 0.006397 0.017046 3.918279 0.342327 0.750581 0.000000 0.000000 0.000000 0.981249 1 3.648456186e-07 1.587206498e-05
104 0.079773 0.006397 0.016814 3.918279 0.342327 0.750581 0.000000 0.000000 0.000000 0.981368 1 4.260800779e-07 1.725601032e-05
104 0.079236 0.006394 0.016593 3.918279 0.342327 0.750581 0.000000 0.000000 0.000000 0.981472 1 3.739260137e-07 1.735216938e-05
104 0.078708 0.006388 0.016383 3.918279 0.342327 0.750581 0.000000 0.000000 0.000000 0.981574 1 3.720633686e-07 1.722108573e-05
104 0.078191 0.006381 0.016184 3.918279 0.342327 0.750581 0.000000 0.000000 0.000000 0.981672 1 3.690365702e-07 1.583504491e-05
104 0.077686 0.006371 0.015994 3.918279 0.342327 0.750581 0.000000 0.000000 0.000000 0.981761 1 3.059394658e-07 1.438101754e-05
104 0.077195 0.006360 0.015814 3.918279 0.342327 0.750581 0.000000 0.000000 0.000000 0.981836 1 9.599607438e-07 4.070694558e-05
104 0.076721 0.006348 0.015645 3.918279 0.342327 0.750581 0.000000 0.000000 0.000000 0.981897 1 7.520429790e-07 2.625398338e-05
104 0.076268 0.006336 0.015485 3.918279 0.342327 0.750581 0.000000 0.000000 0.000000 0.981943 1 8.039642125e-07 2.650101669e-05
104 0.075837 0.006324 0.015335 3.918279 0.342327 0.750581 0.000000 0.000000 0.000000 0.981980 1 9.220093489e-08 4.306901246e-06
104 0.075430 0.006311 0.015195 3.918279 0.342327 0.750581 0.000000 0.000000 0.000000 0.982008 1 3.699678928e-07 1.724506728e-05
104 0.075047 0.006299 0.015064 3.918279 0.342327 0.750581 0.000000 0.000000 0.000000 0.982030 1 5.569308996e-07 1.797499135e-05
104 0.074688 0.006288 0.014943 3.918279 0.342327 0.750581 0.000000 0.000000 0.000000 0.982045 1 9.406358004e-08 3.929017112e-06
104 0.074353 0.006277 0.014830 3.918279 0.342327 0.750581 0.000000 0.000000 0.000000 0.982053 1 4.488974810e-07 1.742201857e-05
104 0.074042 0.006266 0.014725 3.918279 0.342327 0.750581 0.000000 0.000000 0.000000 0.982058 1 3.690365702e-07 1.737405546e-05
104 0.073754 0.006257 0.014628 3.918279 0.342327 0.750581 0.000000 0.000000 0.000000 0.982062 1 2.740416676e-07 2.200901508e-05
104 0.073487 0.006248 0.014539 3.918279 0.342327 0.750581 0.000000 0.000000 0.000000 0.982064 1 6.458722055e-07 1.773913391e-05
104 0.073240 0.006240 0.014456 3.918279 0.342327 0.750581 0.000000 0.000000 0.000000 0.982067 1 3.469176590e-07 1.777685247e-05
104 0.073011 0.006232 0.014379 3.918279 0.342327 0.750581 0.000000 0.000000 0.000000 0.982071 1 8.819624782e-07 1.958804205e-05
104 0.072798 0.006224 0.014308 3.918279 0.342327 0.750581 0.000000 0.000000 0.000000 0.982076 1 3.711320460e-07 1.697381958e-05
105 0.072335 0.006332 0.013985 4.032378 0.404655 0.693668 0.000000 0.000000 0.000000 0.983017 1 3.450550139e-07 1.634098589e-05
105 0.072033 0.006373 0.013814 4.032378 0.404655 0.693668 0.000000 0.000000 0.000000 0.983055 1 3.990717232e-07 1.733307727e-05
105 0.071738 0.006409 0.013654 4.032378 0.404655 0.693668 0.000000 0.000000 0.000000 0.983121 1 3.459863365e-07 1.587788574e-05
105 0.071442 0.006440 0.013502 4.032378 0.404655 0.693668 0.000000 0.000000 0.000000 0.983196 1 9.648501873e-07 2.710707486e-05
105 0.071145 0.006466 0.013358 4.032378 0.404655 0.693668 0.000000 0.000000 0.000000 0.983281 1 8.449424058e-07 2.649193630e-05
105 0.070842 0.006488 0.013220 4.032378 0.404655 0.693668 0.000000 0.000000 0.000000 0.983377 1 2.840533853e-07 1.227995381e-05
105 0.070531 0.006504 0.013087 4.032378 0.404655 0.693668 0.000000 0.000000 0.000000 0.983483 1 2.358574420e-07 1.084106043e-05
105 0.070210 0.006516 0.012958 4.032378 0.404655 0.693668 0.000000 0.000000 0.000000 0.983596 1 3.711320460e-07 1.584901474e-05
105 0.069877 0.006523 0.012833 4.032378 0.404655 0.693668 0.000000 0.000000 0.000000 0.983711 1 5.580950528e-07 1.657498069e-05
105 0.069536 0.006527 0.012712 4.032378 0.404655 0.693668 0.000000 0.000000 0.000000 0.983823 1 5.911570042e-07 1.808512025e-05
105 0.069187 0.006526 0.012594 4.032378 0.404655 0.693668 0.000000 0.000000 0.000000 0.983927 1 3.469176590e-07 1.518893987e-05
105 0.068834 0.006523 0.012480 4.032378 0.404655 0.693668 0.000000 0.000000 0.000000 0.984022 1 3.459863365e-07 1.590489410e-05
105 0.068479 0.006517 0.012370 4.032378 0.404655 0.693668 0.000000 0.000000 0.000000 0.984113 1 3.690365702e-07 1.754984260e-05
105 0.068123 0.006509 0.012264 4.032378 0.404655 0.693668 0.000000 0.000000 0.000000 0.984209 1 8.181668818e-07 1.772609539e-05
105 0.067763 0.006498 0.012160 4.032378 0.404655 0.693668 0.000000 0.000000 0.000000 0.984315 1 3.699678928e-07 1.573096961e-05
105 0.067396 0.006484 0.012058 4.032378 0.404655 0.693668 0.000000 0.000000 0.000000 0.984434 1 8.810311556e-07 2.679298632e-05
105 0.067017 0.006468 0.011957 4.032378 0.404655 0.693668 0.000000 0.000000 0.000000 0.984568 1 8.039642125e-07 2.644816414e-05
105 0.066624 0.006448 0.011857 4.032378 0.404655 0.693668 0.000000 0.000000 0.000000 0.984712 1 7.920898497e-07 2.642883919e-05
105 0.066216 0.006425 0.011756 4.032378 0.404655 0.693668 0.000000 0.000000 0.000000 0.984863 1 8.370261639e-07 7.999688387e-05
105 0.065791 0.006400 0.011655 4.032378 0.404655 0.693668 0.000000 0.000000 0.000000 0.985015 1 2.379529178e-07 8.327187970e-06
106 0.065299 0.006395 0.011217 4.154650 0.426420 0.607508 0.000000 0.000000 0.000000 0.985654 1 7.750932127e-07 2.644699998e-05
106 0.064841 0.006371 0.011022 4.154650 0.426420 0.607508 0.000000 0.000000 0.000000 0.985760 1 6.989575922e-07 2.471916378e-05
106 0.064388 0.006347 0.010837 4.154650 0.426420 0.607508 0.000000 0.000000 0.000000 0.985852 1 4.069879651e-07 1.908396371e-05
106 0.063941 0.006321 0.010663 4.154650 0.426420 0.607508 0.000000 0.000000 0.000000 0.985940 1 3.820750862e-07 1.881178468e-05
106 0.063501 0.006294 0.010497 4.154650 0.426420 0.607508 0.000000 0.000000 0.000000 0.986022 1 3.469176590e-07 1.637195237e-05
106 0.063071 0.006267 0.010341 4.154650 0.426420 0.607508 0.000000 0.000000 0.000000 0.986096 1 1.009088010e-06 6.746500731e-05
106 0.062652 0.006240 0.010194 4.154650 0.426420 0.607508 0.000000 0.000000 0.000000 0.986156 1 3.699678928e-07 1.725507900e-05
106 0.062249 0.006213 0.010056 4.154650 0.426420 0.607508 0.000000 0.000000 0.000000 0.986202 1 3.708992153e-07 1.892820001e-05
106 0.061864 0.006187 0.009926 4.154650 0.426420 0.607508 0.000000 0.000000 0.000000 0.986237 1 3.688037395e-07 1.624203287e-05
106 0.061499 0.006162 0.009805 4.154650 0.426420 0.607508 0.000000 0.000000 0.000000 0.986262 1 3.720633686e-07 1.903180964e-05
106 0.061156 0.006139 0.009692 4.154650 0.426420 0.607508 0.000000 0.000000 0.000000 0.986279 1 5.550682545e-07 9.349081665e-06
106 0.060834 0.006116 0.009588 4.154650 0.426420 0.607508 0.000000 0.000000 0.000000 0.986292 1 9.709037840e-08 4.288041964e-06
106 0.060535 0.006095 0.009491 4.154650 0.426420 0.607508 0.000000 0.000000 0.000000 0.986298 1 9.406358004e-08 3.996072337e-06
106 0.060257 0.006076 0.009401 4.154650 0.426420 0.607508 0.000000 0.000000 0.000000 0.986299 1 9.313225746e-08 4.243804142e-06
106 0.060001 0.006058 0.009318 4.154650 0.426420 0.607508 0.000000 0.000000 0.000000 0.986297 1 2.079177648e-07 9.102048352e-06
106 0.059766 0.006042 0.009242 4.154650 0.426420 0.607508 0.000000 0.000000 0.000000 0.986292 1 2.398155630e-07 1.209392212e-05
106 0.059551 0.006027 0.009172 4.154650 0.426420 0.607508 0.000000 0.000000 0.000000 0.986286 1 3.748573363e-07 1.740199514e-05
106 0.059354 0.006013 0.009107 4.154650 0.426420 0.607508 0.000000 0.000000 0.000000 0.986278 1 3.471504897e-07 1.638685353e-05
106 0.059175 0.006001 0.009048 4.154650 0.426420 0.607508 0.000000 0.000000 0.000000 0.986271 1 3.441236913e-07 1.624994911e-05
106 0.059013 0.005990 0.008994 4.154650 0.426420 0.607508 0.000000 0.000000 0.000000 0.986263 1 5.739275366e-07 1.639989205e-05
107 0.058684 0.006050 0.008694 4.277969 0.480333 0.521899 0.000000 0.000000 0.000000 0.986910 1 3.760214895e-07 1.638103276e-05
107 0.058474 0.006068 0.008550 4.277969 0.480333 0.521899 0.000000 0.000000 0.000000 0.986933 1 6.800983101e-07 2.291309647e-05
107 0.058267 0.006083 0.008416 4.277969 0.480333 0.521899 0.000000 0.000000 0.000000 0.986984 1 1.751817763e-06 1.403330825e-04
107 0.058057 0.006095 0.008290 4.277969 0.480333 0.521899 0.000000 0.000000 0.000000 0.987047 1 3.459863365e-07 1.777312718e-05
107 0.057841 0.006103 0.008171 4.277969 0.480333 0.521899 0.000000 0.000000 0.000000 0.987121 1 3.708992153e-07 1.770001836e-05
107 0.057614 0.006108 0.008058 4.277969 0.480333 0.521899 0.000000 0.000000 0.000000 0.987205 1 3.690365702e-07 1.577707008e-05
107 0.057377 0.006109 0.007949 4.277969 0.480333 0.521899 0.000000 0.000000 0.000000 0.987296 1 3.690365702e-07 1.751212403e-05
107 0.057126 0.006106 0.007846 4.277969 0.480333 0.521899 0.000000 0.000000 0.000000 0.987392 1 3.559980541e-07 8.775852621e-06
107 0.056863 0.006100 0.007746 4.277969 0.480333 0.521899 0.000000 0.000000 0.000000 0.987490 1 7.760245353e-07 2.636201680e-05
107 0.056589 0.006092 0.007651 4.277969 0.480333 0.521899 0.000000 0.000000 0.000000 0.987584 1 3.718305379e-07 1.760409214e-05
107 0.056305 0.006080 0.007559 4.277969 0.480333 0.521899 0.000000 0.000000 0.000000 0.987672 1 3.702007234e-07 1.573003829e-05
107 0.056016 0.006066 0.007470 4.277969 0.480333 0.521899 0.000000 0.000000 0.000000 0.987753 1 3.729946911e-07 1.599406824e-05
107 0.055723 0.006050 0.007386 4.277969 0.480333 0.521899 0.000000 0.000000 0.000000 0.987831 1 3.699678928e-07 1.749210060e-05
107 0.055427 0.006033 0.007304 4.277969 0.480333 0.521899 0.000000 0.000000 0.000000 0.987911 1 3.760214895e-07 1.640408300e-05
107 0.055126 0.006014 0.007226 4.277969 0.480333 0.521899 0.000000 0.000000 0.000000 0.987999 1 4.039611667e-07 1.752213575e-05
107 0.054817 0.005993 0.007150 4.277969 0.480333 0.521899 0.000000 0.000000 0.000000 0.988098 1 3.669410944e-07 1.594191417e-05
107 0.054497 0.005969 0.007075 4.277969 0.480333 0.521899 0.000000 0.000000 0.000000 0.988210 1 4.409812391e-07 1.624296419e-05
107 0.054162 0.005943 0.007002 4.277969 0.480333 0.521899 0.000000 0.000000 0.000000 0.988332 1 3.690365702e-07 1.599383540e-05
107 0.053812 0.005914 0.006929 4.277969 0.480333 0.521899 0.000000 0.000000 0.000000 0.988462 1 4.009343684e-07 1.908000559e-05
107 0.053445 0.005883 0.006856 4.277969 0.480333 0.521899 0.000000 0.000000 0.000000 0.988596 1 9.729992598e-07 2.700602636e-05
108 0.053101 0.005835 0.006425 4.409461 0.488518 0.405540 0.000000 0.000000 0.000000 0.989024 1 2.828892320e-07 8.445931599e-06
108 0.052720 0.005797 0.006271 4.409461 0.488518 0.405540 0.000000 0.000000 0.000000 0.989121 1 7.720664144e-07 1.694215462e-05
108 0.052340 0.005758 0.006127 4.409461 0.488518 0.405540 0.000000 0.000000 0.000000 0.989202 1 3.871973604e-07 1.664296724e-05
108 0.051962 0.005719 0.005991 4.409461 0.488518 0.405540 0.000000 0.000000 0.000000 0.989278 1 3.708992153e-07 1.892703585e-05
108 0.051589 0.005681 0.005864 4.409461 0.488518 0.405540 0.000000 0.000000 0.000000 0.989348 1 1.056818292e-06 1.941714436e-05
108 0.051222 0.005643 0.005744 4.409461 0.488518 0.405540 0.000000 0.000000 0.000000 0.989409 1 3.699678928e-07 1.732888632e-05
108 0.050864 0.005606 0.005632 4.409461 0.488518 0.405540 0.000000 0.000000 0.000000 0.989459 1 9.592622519e-08 3.952998668e-06
108 0.050520 0.005570 0.005527 4.409461 0.488518 0.405540 0.000000 0.000000 0.000000 0.989496 1 9.103678167e-08 4.285015166e-06
108 0.050191 0.005536 0.005429 4.409461 0.488518 0.405540 0.000000 0.000000 0.000000 0.989525 1 1.678708941e-07 7.316004485e-06
108 0.049880 0.005503 0.005338 4.409461 0.488518 0.405540 0.000000 0.000000 0.000000 0.989544 1 1.930166036e-07 9.230105206e-06
108 0.049587 0.005472 0.005253 4.409461 0.488518 0.405540 0.000000 0.000000 0.000000 0.989558 1 2.728775144e-07 1.281220466e-05
108 0.049313 0.005444 0.005175 4.409461 0.488518 0.405540 0.000000 0.000000 0.000000 0.989566 1 2.479646355e-07 1.157796942e-05
108 0.049058 0.005417 0.005102 4.409461 0.488518 0.405540 0.000000 0.000000 0.000000 0.989568 1 3.010500222e-07 1.476798207e-05
108 0.048823 0.005392 0.005035 4.409461 0.488518 0.405540 0.000000 0.000000 0.000000 0.989566 1 3.690365702e-07 1.776497811e-05
108 0.048608 0.005370 0.004973 4.409461 0.488518 0.405540 0.000000 0.000000 0.000000 0.989561 1 3.690365702e-07 1.740898006e-05
108 0.048411 0.005349 0.004917 4.409461 0.488518 0.405540 0.000000 0.000000 0.000000 0.989552 1 3.720633686e-07 1.921691000e-05
108 0.048233 0.005330 0.004865 4.409461 0.488518 0.405540 0.000000 0.000000 0.000000 0.989541 1 3.729946911e-07 1.602596603e-05
108 0.048073 0.005314 0.004817 4.409461 0.488518 0.405540 0.000000 0.000000 0.000000 0.989528 1 3.750901669e-07 1.898501068e-05
108 0.047930 0.005299 0.004773 4.409461 0.488518 0.405540 0.000000 0.000000 0.000000 0.989514 1 3.739260137e-07 1.603993587e-05
108 0.047803 0.005286 0.004734 4.409461 0.488518 0.405540 0.000000 0.000000 0.000000 0.989498 1 3.711320460e-07 1.711212099e-05
109 0.047583 0.005313 0.004454 4.541015 0.530556 0.290761 0.000000 0.000000 0.000000 0.989918 1 3.699678928e-07 1.595611684e-05
109 0.047443 0.005315 0.004337 4.541015 0.530556 0.290761 0.000000 0.000000 0.000000 0.989931 1 4.391185939e-07 1.788907684e-05
109 0.047303 0.005316 0.004228 4.541015 0.530556 0.290761 0.000000 0.000000 0.000000 0.989972 1 3.748573363e-07 1.711212099e-05
109 0.047158 0.005316 0.004126 4.541015 0.530556 0.290761 0.000000 0.000000 0.000000 0.990025 1 3.690365702e-07 1.756497659e-05
109 0.047002 0.005312 0.004031 4.541015 0.530556 0.290761 0.000000 0.000000 0.000000 0.990090 1 3.729946911e-07 1.751095988e-05
109 0.046834 0.005306 0.003942 4.541015 0.530556 0.290761 0.000000 0.000000 0.000000 0.990163 1 3.708992153e-07 1.628790051e-05
109 0.046653 0.005298 0.003858 4.541015 0.530556 0.290761 0.000000 0.000000 0.000000 0.990242 1 3.720633686e-07 1.716613770e-05
109 0.046457 0.005287 0.003778 4.541015 0.530556 0.290761 0.000000 0.000000 0.000000 0.990324 1 3.948807716e-07 1.882901415e-05
109 0.046247 0.005273 0.003703 4.541015 0.530556 0.290761 0.000000 0.000000 0.000000 0.990406 1 8.980277926e-07 2.658087760e-05
109 0.046026 0.005257 0.003632 4.541015 0.530556 0.290761 0.000000 0.000000 0.000000 0.990486 1 9.750947356e-07 1.963786781e-05
109 0.045794 0.005240 0.003565 4.541015 0.530556 0.290761 0.000000 0.000000 0.000000 0.990560 1 3.678724170e-07 1.689395867e-05
109 0.045556 0.005220 0.003501 4.541015 0.530556 0.290761 0.000000 0.000000 0.000000 0.990629 1 3.718305379e-07 1.738802530e-05
109 0.045312 0.005200 0.003440 4.541015 0.530556 0.290761 0.000000 0.000000 0.000000 0.990695 1 3.729946911e-07 1.621898264e-05
109 0.045064 0.005178 0.003383 4.541015 0.530556 0.290761 0.000000 0.000000 0.000000 0.990762 1 3.960449249e-07 1.736404374e-05
109 0.044810 0.005155 0.003328 4.541015 0.530556 0.290761 0.000000 0.000000 0.000000 0.990836 1 3.711320460e-07 1.605204307e-05
109 0.044549 0.005131 0.003276 4.541015 0.530556 0.290761 0.000000 0.000000 0.000000 0.990919 1 3.741588444e-07 1.627206802e-05
109 0.044276 0.005104 0.003226 4.541015 0.530556 0.290761 0.000000 0.000000 0.000000 0.991013 1 3.699678928e-07 1.607206650e-05
109 0.043990 0.005076 0.003178 4.541015 0.530556 0.290761 0.000000 0.000000 0.000000 0.991117 1 7.729977369e-07 2.642115578e-05
109 0.043687 0.005046 0.003131 4.541015 0.530556 0.290761 0.000000 0.000000 0.000000 0.991230 1 6.661284715e-07 1.752283424e-05
109 0.043367 0.005013 0.003085 4.541015 0.530556 0.290761 0.000000 0.000000 0.000000 0.991349 1 3.688037395e-07 1.732399687e-05
110 0.043186 0.004924 0.002625 4.680922 0.520733 0.144845 0.000000 0.000000 0.000000 0.991616 1 3.918539733e-07 1.750607044e-05
110 0.042865 0.004879 0.002516 4.680922 0.520733 0.144845 0.000000 0.000000 0.000000 0.991704 1 3.690365702e-07 1.739198342e-05
110 0.042540 0.004835 0.002414 4.680922 0.520733 0.144845 0.000000 0.000000 0.000000 0.991777 1 3.690365702e-07 1.619197428e-05
110 0.042216 0.004791 0.002320 4.680922 0.520733 0.144845 0.000000 0.000000 0.000000 0.991842 1 3.690365702e-07 1.598009840e-05
110 0.041894 0.004748 0.002232 4.680922 0.520733 0.144845 0.000000 0.000000 0.000000 0.991900 1 3.960449249e-07 1.729908399e-05
110 0.041578 0.004706 0.002150 4.680922 0.520733 0.144845 0.000000 0.000000 0.000000 0.991948 1 4.039611667e-07 1.603714190e-05
110 0.041272 0.004665 0.002074 4.680922 0.520733 0.144845 0.000000 0.000000 0.000000 0.991985 1 3.469176590e-07 1.833704300e-05
110 0.040977 0.004627 0.002004 4.680922 0.520733 0.144845 0.000000 0.000000 0.000000 0.992012 1 8.780043572e-07 1.688604243e-05
110 0.040698 0.004591 0.001939 4.680922 0.520733 0.144845 0.000000 0.000000 0.000000 0.992030 1 3.699678928e-07 1.902808435e-05
110 0.040434 0.004556 0.001878 4.680922 0.520733 0.144845 0.000000 0.000000 0.000000 0.992042 1 3.911554813e-07 1.730397344e-05
110 0.040189 0.004525 0.001823 4.680922 0.520733 0.144845 0.000000 0.000000 0.000000 0.992047 1 3.711320460e-07 1.651281491e-05
110 0.039961 0.004495 0.001771 4.680922 0.520733 0.144845 0.000000 0.000000 0.000000 0.992048 1 3.972090781e-07 1.757382415e-05
110 0.039751 0.004468 0.001723 4.680922 0.520733 0.144845 0.000000 0.000000 0.000000 0.992044 1 3.690365702e-07 1.879711635e-05
110 0.039559 0.004443 0.001680 4.680922 0.520733 0.144845 0.000000 0.000000 0.000000 0.992037 1 3.899913281e-07 1.718802378e-05
110 0.039385 0.004421 0.001639 4.680922 0.520733 0.144845 0.000000 0.000000 0.000000 0.992027 1 3.960449249e-07 1.751887612e-05
110 0.039229 0.004400 0.001602 4.680922 0.520733 0.144845 0.000000 0.000000 0.000000 0.992015 1 5.019828677e-07 1.762295142e-05
110 0.039090 0.004382 0.001568 4.680922 0.520733 0.144845 0.000000 0.000000 0.000000 0.991998 1 3.899913281e-07 1.754099503e-05
110 0.038968 0.004366 0.001536 4.680922 0.520733 0.144845 0.000000 0.000000 0.000000 0.991979 1 1.532025635e-07 6.845919415e-06
110 0.038862 0.004352 0.001508 4.680922 0.520733 0.144845 0.000000 0.000000 0.000000 0.991959 1 1.250300556e-07 5.561159924e-06
110 0.038773 0.004340 0.001482 4.680922 0.520733 0.144845 0.000000 0.000000 0.000000 0.991935 1 2.090819180e-07 9.759096429e-06
111 0.038604 0.004360 0.001759 4.822940 0.566894 0.371897 0.000000 0.000000 0.000000 0.992263 1 2.239830792e-07 1.110997982e-05
111 0.038505 0.004362 0.001845 4.822940 0.566894 0.371897 0.000000 0.000000 0.000000 0.992269 1 3.729946911e-07 1.583807170e-05
111 0.038405 0.004363 0.001924 4.822940 0.566894 0.371897 0.000000 0.000000 0.000000 0.992302 1 4.670582712e-07 1.927302219e-05
111 0.038297 0.004362 0.001995 4.822940 0.566894 0.371897 0.000000 0.000000 0.000000 0.992348 1 3.690365702e-07 2.152589150e-05
111 0.038179 0.004359 0.002060 4.822940 0.566894 0.371897 0.000000 0.000000 0.000000 0.992405 1 3.979075700e-07 1.749093644e-05
111 0.038046 0.004353 0.002117 4.822940 0.566894 0.371897 0.000000 0.000000 0.000000 0.992470 1 3.790482879e-07 1.895497553e-05
111 0.037899 0.004345 0.002169 4.822940 0.566894 0.371897 0.000000 0.000000 0.000000 0.992539 1 3.969762474e-07 1.739896834e-05
111 0.037737 0.004334 0.002214 4.822940 0.566894 0.371897 0.000000 0.000000 0.000000 0.992610 1 6.330665201e-07 1.811212860e-05
111 0.037562 0.004322 0.002254 4.822940 0.566894 0.371897 0.000000 0.000000 0.000000 0.992681 1 3.678724170e-07 1.742178574e-05
111 0.037374 0.004307 0.002289 4.822940 0.566894 0.371897 0.000000 0.000000 0.000000 0.992749 1 3.711320460e-07 1.804321073e-05
111 0.037175 0.004290 0.002319 4.822940 0.566894 0.371897 0.000000 0.000000 0.000000 0.992814 1 3.711320460e-07 1.759803854e-05
111 0.036969 0.004272 0.002346 4.822940 0.566894 0.371897 0.000000 0.000000 0.000000 0.992875 1 3.688037395e-07 1.599499956e-05
111 0.036757 0.004253 0.002368 4.822940 0.566894 0.371897 0.000000 0.000000 0.000000 0.992934 1 4.069879651e-07 1.713517122e-05
111 0.036539 0.004232 0.002387 4.822940 0.566894 0.371897 0.000000 0.000000 0.000000 0.992994 1 1.930166036e-07 8.323928341e-06
111 0.036314 0.004211 0.002403 4.822940 0.566894 0.371897 0.000000 0.000000 0.000000 0.993058 1 9.103678167e-08 4.166038707e-06
111 0.036082 0.004188 0.002415 4.822940 0.566894 0.371897 0.000000 0.000000 0.000000 0.993130 1 9.010545909e-08 4.644971341e-06
111 0.035839 0.004163 0.002425 4.822940 0.566894 0.371897 0.000000 0.000000 0.000000 0.993211 1 3.508757800e-07 1.089391299e-05
111 0.035582 0.004137 0.002431 4.822940 0.566894 0.371897 0.000000 0.000000 0.000000 0.993301 1 1.890584826e-07 6.223097444e-06
111 0.035310 0.004108 0.002434 4.822940 0.566894 0.371897 0.000000 0.000000 0.000000 0.993402 1 2.740416676e-07 1.401407644e-05
111 0.035020 0.004077 0.002434 4.822940 0.566894 0.371897 0.000000 0.000000 0.000000 0.993510 1 3.699678928e-07 1.750281081e-05
112 0.034768 0.004026 0.002338 4.972313 0.570057 0.326335 0.000000 0.000000 0.000000 0.993766 1 3.699678928e-07 1.606508158e-05
112 0.034460 0.003988 0.002313 4.972313 0.570057 0.326335 0.000000 0.000000 0.000000 0.993846 1 4.249159247e-07 1.619500108e-05
112 0.034149 0.003949 0.002289 4.972313 0.570057 0.326335 0.000000 0.000000 0.000000 0.993909 1 3.708992153e-07 1.752423123e-05
112 0.033840 0.003911 0.002265 4.972313 0.570057 0.326335 0.000000 0.000000 0.000000 0.993964 1 6.488990039e-07 1.785089262e-05
112 0.033536 0.003874 0.002242 4.972313 0.570057 0.326335 0.000000 0.000000 0.000000 0.994011 1 6.170012057e-07 1.788907684e-05
112 0.033238 0.003838 0.002219 4.972313 0.570057 0.326335 0.000000 0.000000 0.000000 0.994050 1 3.690365702e-07 1.587090082e-05
112 0.032951 0.003803 0.002197 4.972313 0.570057 0.326335 0.000000 0.000000 0.000000 0.994077 1 3.699678928e-07 1.917290501e-05
112 0.032678 0.003769 0.002177 4.972313 0.570057 0.326335 0.000000 0.000000 0.000000 0.994095 1 3.699678928e-07 1.806300133e-05
112 0.032421 0.003738 0.002157 4.972313 0.570057 0.326335 0.000000 0.000000 0.000000 0.994106 1 3.750901669e-07 1.896196045e-05
112 0.032180 0.003709 0.002139 4.972313 0.570057 0.326335 0.000000 0.000000 0.000000 0.994110 1 5.431938916e-07 1.873890869e-05
112 0.031958 0.003682 0.002123 4.972313 0.570057 0.326335 0.000000 0.000000 0.000000 0.994111 1 3.671739250e-07 1.761293970e-05
112 0.031752 0.003657 0.002107 4.972313 0.570057 0.326335 0.000000 0.000000 0.000000 0.994108 1 3.702007234e-07 1.892005093e-05
112 0.031565 0.003634 0.002093 4.972313 0.570057 0.326335 0.000000 0.000000 0.000000 0.994102 1 3.688037395e-07 1.898105256e-05
112 0.031394 0.003614 0.002080 4.972313 0.570057 0.326335 0.000000 0.000000 0.000000 0.994093 1 3.799796104e-07 1.895497553e-05
112 0.031241 0.003595 0.002069 4.972313 0.570057 0.326335 0.000000 0.000000 0.000000 0.994082 1 3.729946911e-07 1.729605719e-05
112 0.031104 0.003578 0.002058 4.972313 0.570057 0.326335 0.000000 0.000000 0.000000 0.994069 1 3.699678928e-07 1.920806244e-05
112 0.030984 0.003563 0.002049 4.972313 0.570057 0.326335 0.000000 0.000000 0.000000 0.994051 1 4.931353033e-07 1.612911001e-05
112 0.030880 0.003551 0.002041 4.972313 0.570057 0.326335 0.000000 0.000000 0.000000 0.994030 1 3.699678928e-07 1.747300848e-05
112 0.030793 0.003540 0.002034 4.972313 0.570057 0.326335 0.000000 0.000000 0.000000 0.994007 1 6.679911166e-07 1.596193761e-05
112 0.030723 0.003531 0.002029 4.972313 0.570057 0.326335 0.000000 0.000000 0.000000 0.993980 1 2.910383046e-07 1.354212873e-05
113 0.030603 0.003544 0.001967 5.119156 0.612404 0.287723 0.000000 0.000000 0.000000 0.994194 1 7.699709386e-07 2.644606866e-05
113 0.030536 0.003545 0.001945 5.119156 0.612404 0.287723 0.000000 0.000000 0.000000 0.994194 1 4.440080374e-07 1.700804569e-05
113 0.030468 0.003545 0.001923 5.119156 0.612404 0.287723 0.000000 0.000000 0.000000 0.994220 1 3.781169653e-07 1.780013554e-05
113 0.030392 0.003544 0.001903 5.119156 0.612404 0.287723 0.000000 0.000000 0.000000 0.994259 1 2.630986273e-07 9.353971109e-06
113 0.030305 0.003541 0.001883 5.119156 0.612404 0.287723 0.000000 0.000000 0.000000 0.994309 1 2.610031515e-07 1.219497062e-05
113 0.030202 0.003535 0.001863 5.119156 0.612404 0.287723 0.000000 0.000000 0.000000 0.994365 1 3.748573363e-07 1.633004285e-05
113 0.030085 0.003527 0.001844 5.119156 0.612404 0.287723 0.000000 0.000000 0.000000 0.994424 1 6.060581654e-07 1.676520333e-05
113 0.029953 0.003517 0.001825 5.119156 0.612404 0.287723 0.000000 0.000000 0.000000 0.994484 1 3.960449249e-07 1.897709444e-05
113 0.029809 0.003504 0.001806 5.119156 0.612404 0.287723 0.000000 0.000000 0.000000 0.994542 1 4.109460860e-07 1.744809560e-05
113 0.029652 0.003491 0.001787 5.119156 0.612404 0.287723 0.000000 0.000000 0.000000 0.994599 1 3.720633686e-07 1.735403202e-05
113 0.029486 0.003475 0.001768 5.119156 0.612404 0.287723 0.000000 0.000000 0.000000 0.994655 1 8.249189705e-07 3.279815428e-05
113 0.029311 0.003458 0.001750 5.119156 0.612404 0.287723 0.000000 0.000000 0.000000 0.994708 1 7.499475032e-07 2.637412399e-05
113 0.029129 0.003440 0.001732 5.119156 0.612404 0.287723 0.000000 0.000000 0.000000 0.994760 1 8.130446076e-07 2.465397120e-05
113 0.028940 0.003421 0.001714 5.119156 0.612404 0.287723 0.000000 0.000000 0.000000 0.994813 1 9.099021554e-07 2.657109872e-05
113 0.028745 0.003401 0.001696 5.119156 0.612404 0.287723 0.000000 0.000000 0.000000 0.994869 1 7.648486644e-07 2.630217932e-05
113 0.028541 0.003379 0.001679 5.119156 0.612404 0.287723 0.000000 0.000000 0.000000 0.994930 1 7.771886885e-07 2.635386772e-05
113 0.028327 0.003356 0.001661 5.119156 0.612404 0.287723 0.000000 0.000000 0.000000 0.995000 1 2.600718290e-07 1.334305853e-05
113 0.028100 0.003332 0.001643 5.119156 0.612404 0.287723 0.000000 0.000000 0.000000 0.995078 1 3.939494491e-07 1.742807217e-05
113 0.027858 0.003305 0.001624 5.119156 0.612404 0.287723 0.000000 0.000000 0.000000 0.995166 1 4.249159247e-07 1.767301001e-05
113 0.027598 0.003276 0.001605 5.119156 0.612404 0.287723 0.000000 0.000000 0.000000 0.995262 1 3.920868039e-07 1.747882925e-05
114 0.027415 0.003216 0.001481 5.272440 0.604308 0.224157 0.000000 0.000000 0.000000 0.995438 1 4.030298442e-07 1.913192682e-05
114 0.027139 0.003179 0.001445 5.272440 0.604308 0.224157 0.000000 0.000000 0.000000 0.995510 1 3.690365702e-07 1.736800186e-05
114 0.026860 0.003141 0.001411 5.272440 0.604308 0.224157 0.000000 0.000000 0.000000 0.995563 1 4.309695214e-07 1.738499850e-05
114 0.026584 0.003105 0.001378 5.272440 0.604308 0.224157 0.000000 0.000000 0.000000 0.995608 1 7.280614227e-07 1.786695793e-05
114 0.026312 0.003069 0.001348 5.272440 0.604308 0.224157 0.000000 0.000000 0.000000 0.995645 1 4.221219569e-07 1.882412471e-05
114 0.026047 0.003035 0.001319 5.272440 0.604308 0.224157 0.000000 0.000000 0.000000 0.995674 1 3.911554813e-07 1.609907486e-05
114 0.025793 0.003002 0.001292 5.272440 0.604308 0.224157 0.000000 0.000000 0.000000 0.995693 1 3.690365702e-07 1.597101800e-05
114 0.025553 0.002971 0.001267 5.272440 0.604308 0.224157 0.000000 0.000000 0.000000 0.995704 1 3.699678928e-07 1.794099808e-05
114 0.025329 0.002942 0.001243 5.272440 0.604308 0.224157 0.000000 0.000000 0.000000 0.995709 1 3.690365702e-07 1.754192635e-05
114 0.025120 0.002915 0.001222 5.272440 0.604308 0.224157 0.000000 0.000000 0.000000 0.995710 1 9.289942682e-08 4.283851013e-06
114 0.024929 0.002890 0.001202 5.272440 0.604308 0.224157 0.000000 0.000000 0.000000 0.995707 1 9.068753570e-07 2.480298281e-05
114 0.024753 0.002868 0.001183 5.272440 0.604308 0.224157 0.000000 0.000000 0.000000 0.995701 1 8.859205991e-07 3.446079791e-05
114 0.024595 0.002847 0.001166 5.272440 0.604308 0.224157 0.000000 0.000000 0.000000 0.995692 1 3.429595381e-07 1.767603680e-05
114 0.024453 0.002829 0.001151 5.272440 0.604308 0.224157 0.000000 0.000000 0.000000 0.995680 1 2.719461918e-07 1.283898018e-05
114 0.024327 0.002812 0.001137 5.272440 0.604308 0.224157 0.000000 0.000000 0.000000 0.995665 1 2.160668373e-07 1.109880395e-05
114 0.024218 0.002798 0.001125 5.272440 0.604308 0.224157 0.000000 0.000000 0.000000 0.995648 1 6.239861250e-07 1.648394391e-05
114 0.024125 0.002786 0.001113 5.272440 0.604308 0.224157 0.000000 0.000000 0.000000 0.995627 1 3.920868039e-07 1.771189272e-05
114 0.024048 0.002775 0.001103 5.272440 0.604308 0.224157 0.000000 0.000000 0.000000 0.995603 1 3.960449249e-07 1.583085395e-05
114 0.023988 0.002767 0.001095 5.272440 0.604308 0.224157 0.000000 0.000000 0.000000 0.995575 1 3.459863365e-07 1.775589772e-05
114 0.023944 0.002760 0.001087 5.272440 0.604308 0.224157 0.000000 0.000000 0.000000 0.995545 1 3.690365702e-07 1.655495726e-05
115 0.023880 0.002767 0.001022 5.421210 0.637999 0.167241 0.000000 0.000000 0.000000 0.995669 1 5.781184882e-07 1.769000664e-05
115 0.023851 0.002767 0.000999 5.421210 0.637999 0.167241 0.000000 0.000000 0.000000 0.995664 1 3.939494491e-07 1.733400859e-05
115 0.023821 0.002766 0.000978 5.421210 0.637999 0.167241 0.000000 0.000000 0.000000 0.995685 1 3.708992153e-07 1.722411253e-05
115 0.023780 0.002764 0.000958 5.421210 0.637999 0.167241 0.000000 0.000000 0.000000 0.995721 1 9.592622519e-08 4.268949851e-06
115 0.023724 0.002760 0.000939 5.421210 0.637999 0.167241 0.000000 0.000000 0.000000 0.995767 1 3.720633686e-07 1.720990986e-05
115 0.023653 0.002754 0.000921 5.421210 0.637999 0.167241 0.000000 0.000000 0.000000 0.995819 1 3.699678928e-07 1.895194873e-05
115 0.023565 0.002746 0.000904 5.421210 0.637999 0.167241 0.000000 0.000000 0.000000 0.995871 1 9.103678167e-08 4.270812497e-06
115 0.023462 0.002736 0.000887 5.421210 0.637999 0.167241 0.000000 0.000000 0.000000 0.995922 1 3.748573363e-07 1.571094617e-05
115 0.023346 0.002725 0.000871 5.421210 0.637999 0.167241 0.000000 0.000000 0.000000 0.995972 1 4.190951586e-07 1.767301001e-05
115 0.023219 0.002711 0.000855 5.421210 0.637999 0.167241 0.000000 0.000000 0.000000 0.996021 1 3.748573363e-07 1.756707206e-05
115 0.023081 0.002697 0.000840 5.421210 0.637999 0.167241 0.000000 0.000000 0.000000 0.996068 1 3.750901669e-07 1.776707359e-05
115 0.022935 0.002681 0.000826 5.421210 0.637999 0.167241 0.000000 0.000000 0.000000 0.996114 1 7.378403097e-07 2.450286411e-05
115 0.022780 0.002664 0.000812 5.421210 0.637999 0.167241 0.000000 0.000000 0.000000 0.996160 1 3.459863365e-07 1.771911047e-05
115 0.022619 0.002647 0.000799 5.421210 0.637999 0.167241 0.000000 0.000000 0.000000 0.996205 1 3.699678928e-07 1.718499698e-05
115 0.022451 0.002628 0.000786 5.421210 0.637999 0.167241 0.000000 0.000000 0.000000 0.996253 1 3.729946911e-07 1.719594002e-05
115 0.022275 0.002608 0.000773 5.421210 0.637999 0.167241 0.000000 0.000000 0.000000 0.996304 1 3.711320460e-07 1.705298200e-05
115 0.022090 0.002588 0.000761 5.421210 0.637999 0.167241 0.000000 0.000000 0.000000 0.996362 1 3.720633686e-07 1.590210013e-05
115 0.021893 0.002565 0.000749 5.421210 0.637999 0.167241 0.000000 0.000000 0.000000 0.996427 1 8.719507605e-07 1.899618655e-05
115 0.021682 0.002541 0.000737 5.421210 0.637999 0.167241 0.000000 0.000000 0.000000 0.996502 1 3.690365702e-07 1.591909677e-05
115 0.021453 0.002515 0.000724 5.421210 0.637999 0.167241 0.000000 0.000000 0.000000 0.996586 1 3.699678928e-07 1.726392657e-05
116 0.021344 0.002447 0.000588 5.574939 0.617440 0.084087 0.000000 0.000000 0.000000 0.996707 1 3.839377314e-07 1.700199209e-05
116 0.021098 0.002413 0.000564 5.574939 0.617440 0.084087 0.000000 0.000000 0.000000 0.996770 1 9.313225746e-08 4.692934453e-06
116 0.020849 0.002380 0.000541 5.574939 0.617440 0.084087 0.000000 0.000000 0.000000 0.996815 1 9.802170098e-08 4.281988367e-06
116 0.020603 0.002347 0.000520 5.574939 0.617440 0.084087 0.000000 0.000000 0.000000 0.996851 1 2.598389983e-07 1.211999916e-05
116 0.020361 0.002315 0.000501 5.574939 0.617440 0.084087 0.000000 0.000000 0.000000 0.996880 1 1.000938937e-06 2.681883052e-05
116 0.020128 0.002285 0.000482 5.574939 0.617440 0.084087 0.000000 0.000000 0.000000 0.996901 1 9.059440345e-07 2.645887434e-05
116 0.019905 0.002256 0.000465 5.574939 0.617440 0.084087 0.000000 0.000000 0.000000 0.996913 1 8.500646800e-07 2.625887282e-05
116 0.019697 0.002229 0.000449 5.574939 0.617440 0.084087 0.000000 0.000000 0.000000 0.996919 1 8.330680430e-07 1.879502088e-05
116 0.019502 0.002204 0.000435 5.574939 0.617440 0.084087 0.000000 0.000000 0.000000 0.996920 1 8.640345186e-07 2.642511390e-05
116 0.019323 0.002181 0.000421 5.574939 0.617440 0.084087 0.000000 0.000000 0.000000 0.996919 1 3.550667316e-07 1.778802834e-05
116 0.019159 0.002159 0.000409 5.574939 0.617440 0.084087 0.000000 0.000000 0.000000 0.996914 1 3.462191671e-07 1.411978155e-05
116 0.019011 0.002140 0.000397 5.574939 0.617440 0.084087 0.000000 0.000000 0.000000 0.996906 1 1.180451363e-07 4.756031558e-06
116 0.018878 0.002123 0.000387 5.574939 0.617440 0.084087 0.000000 0.000000 0.000000 0.996895 1 1.359730959e-07 6.056157872e-06
116 0.018761 0.002107 0.000377 5.574939 0.617440 0.084087 0.000000 0.000000 0.000000 0.996881 1 8.600763977e-07 2.634385601e-05
116 0.018659 0.002094 0.000368 5.574939 0.617440 0.084087 0.000000 0.000000 0.000000 0.996865 1 5.371402949e-07 9.265029803e-06
116 0.018573 0.002082 0.000360 5.574939 0.617440 0.084087 0.000000 0.000000 0.000000 0.996846 1 2.549495548e-07 8.397037163e-06
116 0.018502 0.002072 0.000353 5.574939 0.617440 0.084087 0.000000 0.000000 0.000000 0.996824 1 1.189764589e-07 4.737870768e-06
116 0.018447 0.002064 0.000347 5.574939 0.617440 0.084087 0.000000 0.000000 0.000000 0.996798 1 9.103678167e-08 4.183035344e-06
116 0.018408 0.002058 0.000341 5.574939 0.617440 0.084087 0.000000 0.000000 0.000000 0.996769 1 6.889458746e-07 2.318294719e-05
116 0.018385 0.002054 0.000336 5.574939 0.617440 0.084087 0.000000 0.000000 0.000000 0.996737 1 1.341104507e-07 4.153000191e-06
117 0.018364 0.002056 0.000271 5.722575 0.641245 0.006733 0.000000 0.000000 0.000000 0.996799 1 3.280583769e-07 1.474888995e-05
117 0.018364 0.002056 0.000252 5.722575 0.641245 0.006733 0.000000 0.000000 0.000000 0.996792 1 9.390059859e-07 2.521811984e-05
117 0.018360 0.002056 0.000234 5.722575 0.641245 0.006733 0.000000 0.000000 0.000000 0.996810 1 3.688037395e-07 1.756800339e-05
117 0.018344 0.002054 0.000218 5.722575 0.641245 0.006733 0.000000 0.000000 0.000000 0.996843 1 3.711320460e-07 1.686904579e-05
117 0.018313 0.002051 0.000203 5.722575 0.641245 0.006733 0.000000 0.000000 0.000000 0.996885 1 3.720633686e-07 1.590000466e-05
117 0.018264 0.002046 0.000189 5.722575 0.641245 0.006733 0.000000 0.000000 0.000000 0.996932 1 3.471504897e-07 1.627602614e-05
117 0.018198 0.002038 0.000176 5.722575 0.641245 0.006733 0.000000 0.000000 0.000000 0.996978 1 3.930181265e-07 1.927302219e-05
117 0.018118 0.002029 0.000164 5.722575 0.641245 0.006733 0.000000 0.000000 0.000000 0.997022 1 3.860332072e-07 1.725112088e-05
117 0.018025 0.002019 0.000153 5.722575 0.641245 0.006733 0.000000 0.000000 0.000000 0.997064 1 3.620516509e-07 1.499289647e-05
117 0.017921 0.002007 0.000142 5.722575 0.641245 0.006733 0.000000 0.000000 0.000000 0.997105 1 3.729946911e-07 2.237712033e-05
117 0.017807 0.001995 0.000133 5.722575 0.641245 0.006733 0.000000 0.000000 0.000000 0.997144 1 3.720633686e-07 1.623295248e-05
117 0.017685 0.001981 0.000124 5.722575 0.641245 0.006733 0.000000 0.000000 0.000000 0.997184 1 1.148087904e-06 2.513104118e-05
117 0.017555 0.001966 0.000116 5.722575 0.641245 0.006733 0.000000 0.000000 0.000000 0.997222 1 3.720633686e-07 1.907115802e-05
117 0.017418 0.001951 0.000109 5.722575 0.641245 0.006733 0.000000 0.000000 0.000000 0.997260 1 5.161855370e-07 1.713191159e-05
117 0.017274 0.001935 0.000102 5.722575 0.641245 0.006733 0.000000 0.000000 0.000000 0.997300 1 3.720633686e-07 1.601385884e-05
117 0.017124 0.001918 0.000095 5.722575 0.641245 0.006733 0.000000 0.000000 0.000000 0.997343 1 4.020985216e-07 1.750304364e-05
117 0.016965 0.001901 0.000089 5.722575 0.641245 0.006733 0.000000 0.000000 0.000000 0.997390 1 3.450550139e-07 1.768302172e-05
117 0.016796 0.001882 0.000084 5.722575 0.641245 0.006733 0.000000 0.000000 0.000000 0.997445 1 3.718305379e-07 1.588696614e-05
117 0.016613 0.001861 0.000079 5.722575 0.641245 0.006733 0.000000 0.000000 0.000000 0.997509 1 4.530884326e-07 1.633306965e-05
117 0.016414 0.001839 0.000074 5.722575 0.641245 0.006733 0.000000 0.000000 0.000000 0.997583 1 3.699678928e-07 1.771212555e-05
118 0.016439 0.001745 -0.000120 5.874164 0.603987 -0.099590 0.000000 0.000000 0.000000 0.997665 1 4.300381988e-07 1.880899072e-05
118 0.016215 0.001718 -0.000128 5.874164 0.603987 -0.099590 0.000000 0.000000 0.000000 0.997721 1 3.930181265e-07 1.624599099e-05
118 0.015987 0.001691 -0.000136 5.874164 0.603987 -0.099590 0.000000 0.000000 0.000000 0.997758 1 4.209578037e-07 1.747906208e-05
118 0.015763 0.001664 -0.000142 5.874164 0.603987 -0.099590 0.000000 0.000000 0.000000 0.997788 1 4.651956260e-07 1.747813076e-05
118 0.015544 0.001638 -0.000148 5.874164 0.603987 -0.099590 0.000000 0.000000 0.000000 0.997811 1 3.951136023e-07 1.898617484e-05
118 0.015333 0.001613 -0.000153 5.874164 0.603987 -0.099590 0.000000 0.000000 0.000000 0.997826 1 3.979075700e-07 1.760618761e-05
118 0.015134 0.001590 -0.000158 5.874164 0.603987 -0.099590 0.000000 0.000000 0.000000 0.997834 1 3.960449249e-07 1.907721162e-05
118 0.014948 0.001568 -0.000163 5.874164 0.603987 -0.099590 0.000000 0.000000 0.000000 0.997836 1 3.979075700e-07 1.751212403e-05
118 0.014776 0.001548 -0.000167 5.874164 0.603987 -0.099590 0.000000 0.000000 0.000000 0.997836 1 8.959323168e-07 1.798616722e-05
118 0.014618 0.001530 -0.000170 5.874164 0.603987 -0.099590 0.000000 0.000000 0.000000 0.997832 1 3.429595381e-07 1.482106745e-05
118 0.014475 0.001513 -0.000174 5.874164 0.603987 -0.099590 0.000000 0.000000 0.000000 0.997825 1 3.869645298e-07 1.760991290e-05
118 0.014347 0.001498 -0.000177 5.874164 0.603987 -0.099590 0.000000 0.000000 0.000000 0.997815 1 3.699678928e-07 1.593213528e-05
118 0.014234 0.001485 -0.000180 5.874164 0.603987 -0.099590 0.000000 0.000000 0.000000 0.997803 1 3.429595381e-07 1.628487371e-05
118 0.014135 0.001473 -0.000183 5.874164 0.603987 -0.099590 0.000000 0.000000 0.000000 0.997788 1 3.620516509e-07 1.573492773e-05
118 0.014051 0.001463 -0.000186 5.874164 0.603987 -0.099590 0.000000 0.000000 0.000000 0.997772 1 3.438908607e-07 2.201390453e-05
118 0.013982 0.001454 -0.000189 5.874164 0.603987 -0.099590 0.000000 0.000000 0.000000 0.997752 1 5.098991096e-07 1.776614226e-05
118 0.013928 0.001447 -0.000192 5.874164 0.603987 -0.099590 0.000000 0.000000 0.000000 0.997729 1 3.459863365e-07 1.745391637e-05
118 0.013889 0.001442 -0.000195 5.874164 0.603987 -0.099590 0.000000 0.000000 0.000000 0.997703 1 3.429595381e-07 1.719105057e-05
118 0.013866 0.001439 -0.000197 5.874164 0.603987 -0.099590 0.000000 0.000000 0.000000 0.997674 1 3.641471267e-07 1.736404374e-05
118 0.013858 0.001437 -0.000200 5.874164 0.603987 -0.099590 0.000000 0.000000 0.000000 0.997642 1 6.239861250e-07 1.738686115e-05
119 0.013869 0.001436 -0.000266 6.017940 0.617183 -0.200006 0.000000 0.000000 0.000000 0.997663 1 8.570495993e-07 1.910608262e-05
119 0.013887 0.001437 -0.000281 6.017940 0.617183 -0.200006 0.000000 0.000000 0.000000 0.997654 1 3.429595381e-07 1.627113670e-05
119 0.013902 0.001437 -0.000296 6.017940 0.617183 -0.200006 0.000000 0.000000 0.000000 0.997670 1 4.181638360e-07 1.625297591e-05
119 0.013904 0.001437 -0.000309 6.017940 0.617183 -0.200006 0.000000 0.000000 0.000000 0.997700 1 3.690365702e-07 1.752795652e-05
119 0.013889 0.001434 -0.000320 6.017940 0.617183 -0.200006 0.000000 0.000000 0.000000 0.997740 1 7.690396160e-07 2.456805669e-05
119 0.013855 0.001430 -0.000330 6.017940 0.617183 -0.200006 0.000000 0.000000 0.000000 0.997783 1 1.173932105e-06 2.789404243e-05
119 0.013805 0.001424 -0.000338 6.017940 0.617183 -0.200006 0.000000 0.000000 0.000000 0.997824 1 3.750901669e-07 1.866021194e-05
119 0.013740 0.001417 -0.000345 6.017940 0.617183 -0.200006 0.000000 0.000000 0.000000 0.997863 1 4.488974810e-07 1.421687193e-05
119 0.013664 0.001409 -0.000351 6.017940 0.617183 -0.200006 0.000000 0.000000 0.000000 0.997898 1 5.320180207e-07 1.842086203e-05
119 0.013577 0.001399 -0.000356 6.017940 0.617183 -0.200006 0.000000 0.000000 0.000000 0.997932 1 6.139744073e-07 1.762690954e-05
119 0.013481 0.001389 -0.000360 6.017940 0.617183 -0.200006 0.000000 0.000000 0.000000 0.997965 1 3.448221833e-07 1.615402289e-05
119 0.013378 0.001378 -0.000364 6.017940 0.617183 -0.200006 0.000000 0.000000 0.000000 0.997998 1 7.839407772e-07 2.467096783e-05
119 0.013267 0.001366 -0.000366 6.017940 0.617183 -0.200006 0.000000 0.000000 0.000000 0.998031 1 5.329493433e-07 1.665204763e-05
119 0.013150 0.001353 -0.000368 6.017940 0.617183 -0.200006 0.000000 0.000000 0.000000 0.998063 1 3.948807716e-07 1.775007695e-05
119 0.013026 0.001340 -0.000369 6.017940 0.617183 -0.200006 0.000000 0.000000 0.000000 0.998096 1 3.690365702e-07 1.638708636e-05
119 0.012897 0.001327 -0.000370 6.017940 0.617183 -0.200006 0.000000 0.000000 0.000000 0.998131 1 3.431923687e-07 1.481897198e-05
119 0.012760 0.001312 -0.000370 6.017940 0.617183 -0.200006 0.000000 0.000000 0.000000 0.998170 1 3.648456186e-07 1.723296009e-05
119 0.012614 0.001297 -0.000369 6.017940 0.617183 -0.200006 0.000000 0.000000 0.000000 0.998216 1 4.689209163e-07 1.678802073e-05
119 0.012456 0.001281 -0.000368 6.017940 0.617183 -0.200006 0.000000 0.000000 0.000000 0.998271 1 3.669410944e-07 1.617916860e-05
119 0.012282 0.001263 -0.000366 6.017940 0.617183 -0.200006 0.000000 0.000000 0.000000 0.998336 1 3.678724170e-07 1.906789839e-05
120 0.013734 0.000777 -0.001547 6.164683 0.560546 -0.332687 0.000000 0.000000 0.000000 0.998392 1 4.500616342e-07 1.726089977e-05
120 0.013426 0.000786 -0.001469 6.164683 0.560546 -0.332687 0.000000 0.000000 0.000000 0.998442 1 3.702007234e-07 1.590303145e-05
120 0.013124 0.000792 -0.001395 6.164683 0.560546 -0.332687 0.000000 0.000000 0.000000 0.998475 1 9.920913726e-07 1.914217137e-05
120 0.012831 0.000796 -0.001326 6.164683 0.560546 -0.332687 0.000000 0.000000 0.000000 0.998499 1 3.681052476e-07 1.750094816e-05
120 0.012551 0.000799 -0.001263 6.164683 0.560546 -0.332687 0.000000 0.000000 0.000000 0.998516 1 3.678724170e-07 1.743994653e-05
120 0.012286 0.000801 -0.001203 6.164683 0.560546 -0.332687 0.000000 0.000000 0.000000 0.998526 1 3.708992153e-07 1.729000360e-05
120 0.012039 0.000803 -0.001148 6.164683 0.560546 -0.332687 0.000000 0.000000 0.000000 0.998530 1 3.830064088e-07 1.577194780e-05
120 0.011810 0.000805 -0.001098 6.164683 0.560546 -0.332687 0.000000 0.000000 0.000000 0.998529 1 5.301553756e-07 2.333405428e-05
120 0.011600 0.000806 -0.001051 6.164683 0.560546 -0.332687 0.000000 0.000000 0.000000 0.998525 1 3.660097718e-07 1.587299630e-05
120 0.011409 0.000808 -0.001008 6.164683 0.560546 -0.332687 0.000000 0.000000 0.000000 0.998519 1 3.927852958e-07 1.610303298e-05
120 0.011236 0.000810 -0.000969 6.164683 0.560546 -0.332687 0.000000 0.000000 0.000000 0.998509 1 3.660097718e-07 1.731305383e-05
120 0.011082 0.000812 -0.000932 6.164683 0.560546 -0.332687 0.000000 0.000000 0.000000 0.998498 1 1.013046131e-06 1.913099550e-05
120 0.010945 0.000815 -0.000899 6.164683 0.560546 -0.332687 0.000000 0.000000 0.000000 0.998485 1 3.459863365e-07 1.628999598e-05
120 0.010826 0.000818 -0.000869 6.164683 0.560546 -0.332687 0.000000 0.000000 0.000000 0.998469 1 3.660097718e-07 1.740898006e-05
120 0.010723 0.000821 -0.000842 6.164683 0.560546 -0.332687 0.000000 0.000000 0.000000 0.998452 1 4.079192877e-07 1.777196303e-05
120 0.010638 0.000825 -0.000817 6.164683 0.560546 -0.332687 0.000000 0.000000 0.000000 0.998432 1 3.541354090e-07 1.639709808e-05
120 0.010569 0.000830 -0.000794 6.164683 0.560546 -0.332687 0.000000 0.000000 0.000000 0.998409 1 3.969762474e-07 1.610396430e-05
120 0.010518 0.000835 -0.000774 6.164683 0.560546 -0.332687 0.000000 0.000000 0.000000 0.998383 1 3.969762474e-07 1.612189226e-05
120 0.010483 0.000842 -0.000757 6.164683 0.560546 -0.332687 0.000000 0.000000 0.000000 0.998354 1 4.300381988e-07 1.889909618e-05
120 0.010465 0.000848 -0.000741 6.164683 0.560546 -0.332687 0.000000 0.000000 0.000000 0.998322 1 8.749775589e-07 1.947302371e-05
121 0.010491 0.000849 -0.000802 6.302382 0.557431 -0.460102 0.000000 0.000000 0.000000 0.998314 1 3.918539733e-07 1.741293818e-05
121 0.010506 0.000857 -0.000800 6.302382 0.557431 -0.460102 0.000000 0.000000 0.000000 0.998303 1 4.000030458e-07 1.759501174e-05
121 0.010517 0.000863 -0.000798 6.302382 0.557431 -0.460102 0.000000 0.000000 0.000000 0.998319 1 3.748573363e-07 1.748907380e-05
121 0.010515 0.000868 -0.000796 6.302382 0.557431 -0.460102 0.000000 0.000000 0.000000 0.998352 1 3.420282155e-07 1.502595842e-05
121 0.010494 0.000871 -0.000792 6.302382 0.557431 -0.460102 0.000000 0.000000 0.000000 0.998394 1 3.580935299e-07 1.663900912e-05
121 0.010453 0.000872 -0.000787 6.302382 0.557431 -0.460102 0.000000 0.000000 0.000000 0.998439 1 3.641471267e-07 1.735100523e-05
121 0.010394 0.000871 -0.000781 6.302382 0.557431 -0.460102 0.000000 0.000000 0.000000 0.998481 1 3.650784492e-07 1.600687392e-05
121 0.010321 0.000868 -0.000774 6.302382 0.557431 -0.460102 0.000000 0.000000 0.000000 0.998519 1 3.678724170e-07 1.869001426e-05
121 0.010235 0.000864 -0.000766 6.302382 0.557431 -0.460102 0.000000 0.000000 0.000000 0.998554 1 3.690365702e-07 1.891283318e-05
121 0.010140 0.000859 -0.000758 6.302382 0.557431 -0.460102 0.000000 0.000000 0.000000 0.998587 1 3.650784492e-07 1.594005153e-05
121 0.010037 0.000852 -0.000749 6.302382 0.557431 -0.460102 0.000000 0.000000 0.000000 0.998618 1 3.660097718e-07 1.897686161e-05
121 0.009926 0.000845 -0.000740 6.302382 0.557431 -0.460102 0.000000 0.000000 0.000000 0.998650 1 9.608920664e-07 2.671009861e-05
121 0.009809 0.000837 -0.000730 6.302382 0.557431 -0.460102 0.000000 0.000000 0.000000 0.998681 1 7.441267371e-07 2.615503035e-05
121 0.009686 0.000829 -0.000720 6.302382 0.557431 -0.460102 0.000000 0.000000 0.000000 0.998710 1 3.438908607e-07 1.493585296e-05
121 0.009559 0.000820 -0.000710 6.302382 0.557431 -0.460102 0.000000 0.000000 0.000000 0.998739 1 3.688037395e-07 1.717102714e-05
121 0.009426 0.000810 -0.000699 6.302382 0.557431 -0.460102 0.000000 0.000000 0.000000 0.998770 1 3.678724170e-07 1.642201096e-05
121 0.009289 0.000800 -0.000688 6.302382 0.557431 -0.460102 0.000000 0.000000 0.000000 0.998804 1 8.551869541e-07 1.774891280e-05
121 0.009144 0.000789 -0.000677 6.302382 0.557431 -0.460102 0.000000 0.000000 0.000000 0.998844 1 2.468004823e-07 1.211091876e-05
121 0.008988 0.000776 -0.000665 6.302382 0.557431 -0.460102 0.000000 0.000000 0.000000 0.998894 1 9.103678167e-08 3.907829523e-06
121 0.008817 0.000763 -0.000652 6.302382 0.557431 -0.460102 0.000000 0.000000 0.000000 0.998953 1 9.103678167e-08 4.258006811e-06
122 0.010056 0.000162 -0.001917 6.441215 0.478540 -0.621002 0.000000 0.000000 0.000000 0.998989 1 9.103678167e-08 4.282919690e-06
122 0.009770 0.000186 -0.001817 6.441215 0.478540 -0.621002 0.000000 0.000000 0.000000 0.999036 1 9.010545909e-08 4.337867722e-06
122 0.009487 0.000207 -0.001722 6.441215 0.478540 -0.621002 0.000000 0.000000 0.000000 0.999066 1 1.140870154e-07 5.702022463e-06
122 0.009214 0.000225 -0.001634 6.441215 0.478540 -0.621002 0.000000 0.000000 0.000000 0.999087 1 3.699678928e-07 1.743808389e-05
122 0.008954 0.000241 -0.001551 6.441215 0.478540 -0.621002 0.000000 0.000000 0.000000 0.999101 1 3.711320460e-07 1.762504689e-05
122 0.008708 0.000255 -0.001475 6.441215 0.478540 -0.621002 0.000000 0.000000 0.000000 0.999108 1 3.660097718e-07 1.745601185e-05
122 0.008479 0.000268 -0.001404 6.441215 0.478540 -0.621002 0.000000 0.000000 0.000000 0.999110 1 4.039611667e-07 1.908396371e-05
122 0.008269 0.000280 -0.001339 6.441215 0.478540 -0.621002 0.000000 0.000000 0.000000 0.999108 1 3.699678928e-07 1.725996844e-05
122 0.008076 0.000292 -0.001278 6.441215 0.478540 -0.621002 0.000000 0.000000 0.000000 0.999102 1 3.699678928e-07 1.593003981e-05
122 0.007902 0.000302 -0.001223 6.441215 0.478540 -0.621002 0.000000 0.000000 0.000000 0.999094 1 3.739260137e-07 1.611211337e-05
122 0.007746 0.000313 -0.001173 6.441215 0.478540 -0.621002 0.000000 0.000000 0.000000 0.999084 1 3.681052476e-07 1.582805999e-05
122 0.007608 0.000323 -0.001127 6.441215 0.478540 -0.621002 0.000000 0.000000 0.000000 0.999072 1 3.450550139e-07 1.482921652e-05
122 0.007486 0.000332 -0.001085 6.441215 0.478540 -0.621002 0.000000 0.000000 0.000000 0.999058 1 3.681052476e-07 1.597707160e-05
122 0.007381 0.000342 -0.001047 6.441215 0.478540 -0.621002 0.000000 0.000000 0.000000 0.999042 1 5.429610610e-07 1.971400343e-05
122 0.007293 0.000351 -0.001012 6.441215 0.478540 -0.621002 0.000000 0.000000 0.000000 0.999024 1 3.681052476e-07 1.590605825e-05
122 0.007221 0.000360 -0.000982 6.441215 0.478540 -0.621002 0.000000 0.000000 0.000000 0.999004 1 3.410968930e-07 1.505715773e-05
122 0.007165 0.000370 -0.000954 6.441215 0.478540 -0.621002 0.000000 0.000000 0.000000 0.998981 1 3.420282155e-07 1.499895006e-05
122 0.007126 0.000379 -0.000930 6.441215 0.478540 -0.621002 0.000000 0.000000 0.000000 0.998955 1 4.759058356e-07 1.641898416e-05
122 0.007103 0.000389 -0.000909 6.441215 0.478540 -0.621002 0.000000 0.000000 0.000000 0.998927 1 3.799796104e-07 1.754192635e-05
122 0.007097 0.000399 -0.000892 6.441215 0.478540 -0.621002 0.000000 0.000000 0.000000 0.998896 1 3.979075700e-07 1.593213528e-05
123 0.007157 0.000397 -0.000966 6.570534 0.459580 -0.774728 0.000000 0.000000 0.000000 0.998869 1 4.828907549e-07 1.704785973e-05
123 0.007184 0.000406 -0.000960 6.570534 0.459580 -0.774728 0.000000 0.000000 0.000000 0.998851 1 3.690365702e-07 1.897895709e-05
123 0.007210 0.000416 -0.000954 6.570534 0.459580 -0.774728 0.000000 0.000000 0.000000 0.998862 1 3.438908607e-07 1.570791937e-05
123 0.007222 0.000423 -0.000948 6.570534 0.459580 -0.774728 0.000000 0.000000 0.000000 0.998894 1 3.441236913e-07 1.757708378e-05
123 0.007215 0.000429 -0.000939 6.570534 0.459580 -0.774728 0.000000 0.000000 0.000000 0.998935 1 3.648456186e-07 1.776986755e-05
123 0.007186 0.000433 -0.000929 6.570534 0.459580 -0.774728 0.000000 0.000000 0.000000 0.998979 1 5.739275366e-07 1.671910286e-05
123 0.007137 0.000435 -0.000917 6.570534 0.459580 -0.774728 0.000000 0.000000 0.000000 0.999019 1 3.410968930e-07 1.485995017e-05
123 0.007074 0.000435 -0.000904 6.570534 0.459580 -0.774728 0.000000 0.000000 0.000000 0.999056 1 3.688037395e-07 1.737498678e-05
123 0.006998 0.000435 -0.000890 6.570534 0.459580 -0.774728 0.000000 0.000000 0.000000 0.999087 1 3.690365702e-07 1.720502041e-05
123 0.006913 0.000433 -0.000875 6.570534 0.459580 -0.774728 0.000000 0.000000 0.000000 0.999116 1 3.669410944e-07 1.636706293e-05
123 0.006820 0.000430 -0.000859 6.570534 0.459580 -0.774728 0.000000 0.000000 0.000000 0.999144 1 9.830109775e-07 1.900689676e-05
123 0.006719 0.000427 -0.000843 6.570534 0.459580 -0.774728 0.000000 0.000000 0.000000 0.999173 1 3.639142960e-07 1.487601548e-05
123 0.006613 0.000423 -0.000827 6.570534 0.459580 -0.774728 0.000000 0.000000 0.000000 0.999201 1 3.690365702e-07 1.669698395e-05
123 0.006501 0.000418 -0.000810 6.570534 0.459580 -0.774728 0.000000 0.000000 0.000000 0.999226 1 3.648456186e-07 1.620501280e-05
123 0.006385 0.000413 -0.000793 6.570534 0.459580 -0.774728 0.000000 0.000000 0.000000 0.999251 1 2.330634743e-07 1.015607268e-05
123 0.006266 0.000407 -0.000776 6.570534 0.459580 -0.774728 0.000000 0.000000 0.000000 0.999276 1 2.048909664e-07 8.980976418e-06
123 0.006141 0.000401 -0.000758 6.570534 0.459580 -0.774728 0.000000 0.000000 0.000000 0.999305 1 2.188608050e-07 9.230105206e-06
123 0.006011 0.000394 -0.000740 6.570534 0.459580 -0.774728 0.000000 0.000000 0.000000 0.999340 1 5.459878594e-07 1.556612551e-05
123 0.005871 0.000386 -0.000721 6.570534 0.459580 -0.774728 0.000000 0.000000 0.000000 0.999383 1 6.179325283e-07 1.982110552e-05
123 0.005716 0.000377 -0.000701 6.570534 0.459580 -0.774728 0.000000 0.000000 0.000000 0.999437 1 3.699678928e-07 1.714099199e-05
124 0.006560 -0.000217 -0.002004 6.700765 0.353614 -1.001899 0.000000 0.000000 0.000000 0.999466 1 3.650784492e-07 1.746090129e-05
124 0.006318 -0.000187 -0.001889 6.700765 0.353614 -1.001899 0.000000 0.000000 0.000000 0.999509 1 4.339963198e-07 1.904810779e-05
124 0.006077 -0.000160 -0.001781 6.700765 0.353614 -1.001899 0.000000 0.000000 0.000000 0.999536 1 4.509929568e-07 1.657498069e-05
124 0.005843 -0.000135 -0.001679 6.700765 0.353614 -1.001899 0.000000 0.000000 0.000000 0.999554 1 3.669410944e-07 1.587998122e-05
124 0.005620 -0.000113 -0.001583 6.700765 0.353614 -1.001899 0.000000 0.000000 0.000000 0.999565 1 7.750932127e-07 3.376905806e-05
124 0.005411 -0.000092 -0.001495 6.700765 0.353614 -1.001899 0.000000 0.000000 0.000000 0.999569 1 3.650784492e-07 1.743109897e-05
124 0.005217 -0.000073 -0.001413 6.700765 0.353614 -1.001899 0.000000 0.000000 0.000000 0.999569 1 9.089708328e-07 2.659601159e-05
124 0.005039 -0.000056 -0.001338 6.700765 0.353614 -1.001899 0.000000 0.000000 0.000000 0.999564 1 1.044012606e-06 2.721603960e-05
124 0.004878 -0.000040 -0.001269 6.700765 0.353614 -1.001899 0.000000 0.000000 0.000000 0.999556 1 3.860332072e-07 1.774611883e-05
124 0.004735 -0.000024 -0.001206 6.700765 0.353614 -1.001899 0.000000 0.000000 0.000000 0.999546 1 4.048924893e-07 1.771701500e-05
124 0.004607 -0.000010 -0.001149 6.700765 0.353614 -1.001899 0.000000 0.000000 0.000000 0.999535 1 3.681052476e-07 1.725694165e-05
124 0.004496 0.000003 -0.001097 6.700765 0.353614 -1.001899 0.000000 0.000000 0.000000 0.999523 1 3.678724170e-07 1.742318273e-05
124 0.004400 0.000016 -0.001050 6.700765 0.353614 -1.001899 0.000000 0.000000 0.000000 0.999509 1 3.690365702e-07 1.730606891e-05
124 0.004320 0.000029 -0.001008 6.700765 0.353614 -1.001899 0.000000 0.000000 0.000000 0.999492 1 3.678724170e-07 1.906091347e-05
124 0.004254 0.000041 -0.000970 6.700765 0.353614 -1.001899 0.000000 0.000000 0.000000 0.999474 1 2.710148692e-07 8.412869647e-06
124 0.004204 0.000052 -0.000937 6.700765 0.353614 -1.001899 0.000000 0.000000 0.000000 0.999453 1 2.370215952e-07 8.339062333e-06
124 0.004169 0.000063 -0.000908 6.700765 0.353614 -1.001899 0.000000 0.000000 0.000000 0.999430 1 8.440110832e-07 2.462114207e-05
124 0.004150 0.000074 -0.000883 6.700765 0.353614 -1.001899 0.000000 0.000000 0.000000 0.999404 1 7.888302207e-07 2.626702189e-05
124 0.004146 0.000085 -0.000862 6.700765 0.353614 -1.001899 0.000000 0.000000 0.000000 0.999376 1 7.508788258e-07 2.637202851e-05
124 0.004157 0.000096 -0.000845 6.700765 0.353614 -1.001899 0.000000 0.000000 0.000000 0.999345 1 6.081536412e-07 1.788302325e-05
125 0.004306 0.000074 -0.000909 6.824666 0.315469 -1.086361 0.000000 0.000000 0.000000 0.999310 1 4.200264812e-07 1.755310223e-05
125 0.004344 0.000085 -0.000898 6.824666 0.315469 -1.086361 0.000000 0.000000 0.000000 0.999291 1 3.660097718e-07 1.914007589e-05
125 0.004381 0.000096 -0.000888 6.824666 0.315469 -1.086361 0.000000 0.000000 0.000000 0.999300 1 3.720633686e-07 1.587904990e-05
125 0.004404 0.000105 -0.000877 6.824666 0.315469 -1.086361 0.000000 0.000000 0.000000 0.999327 1 8.929055184e-07 2.657296136e-05
125 0.004407 0.000113 -0.000864 6.824666 0.315469 -1.086361 0.000000 0.000000 0.000000 0.999365 1 3.442587331e-05 6.056111306e-05
125 0.004390 0.000119 -0.000849 6.824666 0.315469 -1.086361 0.000000 0.000000 0.000000 0.999404 1 7.760245353e-07 2.664909698e-05
125 0.004355 0.000124 -0.000832 6.824666 0.315469 -1.086361 0.000000 0.000000 0.000000 0.999439 1 3.681052476e-07 1.758802682e-05
125 0.004305 0.000127 -0.000813 6.824666 0.315469 -1.086361 0.000000 0.000000 0.000000 0.999470 1 3.648456186e-07 1.739314757e-05
125 0.004245 0.000130 -0.000794 6.824666 0.315469 -1.086361 0.000000 0.000000 0.000000 0.999495 1 5.718320608e-07 1.771398820e-05
125 0.004177 0.000132 -0.000774 6.824666 0.315469 -1.086361 0.000000 0.000000 0.000000 0.999517 1 3.650784492e-07 1.744716428e-05
125 0.004103 0.000133 -0.000754 6.824666 0.315469 -1.086361 0.000000 0.000000 0.000000 0.999539 1 3.729946911e-07 1.740409061e-05
125 0.004022 0.000134 -0.000733 6.824666 0.315469 -1.086361 0.000000 0.000000 0.000000 0.999562 1 3.660097718e-07 1.892889850e-05
125 0.003936 0.000134 -0.000712 6.824666 0.315469 -1.086361 0.000000 0.000000 0.000000 0.999584 1 3.681052476e-07 1.741410233e-05
125 0.003846 0.000134 -0.000691 6.824666 0.315469 -1.086361 0.000000 0.000000 0.000000 0.999603 1 3.678724170e-07 1.854891889e-05
125 0.003753 0.000133 -0.000670 6.824666 0.315469 -1.086361 0.000000 0.000000 0.000000 0.999622 1 3.690365702e-07 1.752818935e-05
125 0.003658 0.000131 -0.000650 6.824666 0.315469 -1.086361 0.000000 0.000000 0.000000 0.999640 1 4.249159247e-07 1.742015593e-05
125 0.003559 0.000130 -0.000629 6.824666 0.315469 -1.086361 0.000000 0.000000 0.000000 0.999662 1 4.000030458e-07 1.710909419e-05
125 0.003456 0.000128 -0.000607 6.824666 0.315469 -1.086361 0.000000 0.000000 0.000000 0.999689 1 3.969762474e-07 1.760222949e-05
125 0.003343 0.000125 -0.000585 6.824666 0.315469 -1.086361 0.000000 0.000000 0.000000 0.999726 1 3.860332072e-07 1.579197124e-05
125 0.003216 0.000121 -0.000561 6.824666 0.315469 -1.086361 0.000000 0.000000 0.000000 0.999774 1 3.669410944e-07 1.593912020e-05
126 0.003941 -0.000467 -0.000986 6.950156 0.193369 -1.170607 0.000000 0.000000 0.000000 0.999804 1 3.688037395e-07 1.726299524e-05
126 0.003730 -0.000428 -0.000926 6.950156 0.193369 -1.170607 0.000000 0.000000 0.000000 0.999843 1 6.321351975e-07 1.837778836e-05
126 0.003520 -0.000393 -0.000867 6.950156 0.193369 -1.170607 0.000000 0.000000 0.000000 0.999865 1 3.420282155e-07 1.741712913e-05
126 0.003317 -0.000361 -0.000812 6.950156 0.193369 -1.170607 0.000000 0.000000 0.000000 0.999878 1 3.869645298e-07 1.748395152e-05
126 0.003125 -0.000332 -0.000760 6.950156 0.193369 -1.170607 0.000000 0.000000 0.000000 0.999884 1 3.960449249e-07 1.834286377e-05
126 0.002946 -0.000305 -0.000712 6.950156 0.193369 -1.170607 0.000000 0.000000 0.000000 0.999884 1 9.241048247e-07 2.660509199e-05
126 0.002783 -0.000279 -0.000668 6.950156 0.193369 -1.170607 0.000000 0.000000 0.000000 0.999879 1 8.319038898e-07 2.640509047e-05
126 0.002636 -0.000256 -0.000628 6.950156 0.193369 -1.170607 0.000000 0.000000 0.000000 0.999870 1 8.239876479e-07 2.645305358e-05
126 0.002506 -0.000234 -0.000592 6.950156 0.193369 -1.170607 0.000000 0.000000 0.000000 0.999858 1 4.160683602e-07 1.749699004e-05
126 0.002393 -0.000214 -0.000560 6.950156 0.193369 -1.170607 0.000000 0.000000 0.000000 0.999845 1 3.708992153e-07 1.709396020e-05
126 0.002297 -0.000195 -0.000532 6.950156 0.193369 -1.170607 0.000000 0.000000 0.000000 0.999830 1 3.769528121e-07 1.729489304e-05
126 0.002215 -0.000178 -0.000507 6.950156 0.193369 -1.170607 0.000000 0.000000 0.000000 0.999815 1 3.648456186e-07 1.638894901e-05
126 0.002149 -0.000161 -0.000485 6.950156 0.193369 -1.170607 0.000000 0.000000 0.000000 0.999798 1 3.678724170e-07 1.750490628e-05
126 0.002098 -0.000145 -0.000467 6.950156 0.193369 -1.170607 0.000000 0.000000 0.000000 0.999778 1 3.948807716e-07 1.917500049e-05
126 0.002061 -0.000131 -0.000452 6.950156 0.193369 -1.170607 0.000000 0.000000 0.000000 0.999757 1 3.979075700e-07 1.719291322e-05
126 0.002039 -0.000117 -0.000440 6.950156 0.193369 -1.170607 0.000000 0.000000 0.000000 0.999734 1 3.641471267e-07 1.718499698e-05
126 0.002032 -0.000104 -0.000432 6.950156 0.193369 -1.170607 0.000000 0.000000 0.000000 0.999707 1 4.300381988e-07 1.603295095e-05
126 0.002041 -0.000091 -0.000427 6.950156 0.193369 -1.170607 0.000000 0.000000 0.000000 0.999678 1 3.660097718e-07 1.747580245e-05
126 0.002066 -0.000079 -0.000424 6.950156 0.193369 -1.170607 0.000000 0.000000 0.000000 0.999647 1 5.930196494e-07 1.107784919e-05
126 0.002106 -0.000068 -0.000425 6.950156 0.193369 -1.170607 0.000000 0.000000 0.000000 0.999613 1 1.548323780e-07 6.911810488e-06
127 0.002380 -0.000117 -0.000496 7.071232 0.148191 -1.212967 0.000000 0.000000 0.000000 0.999574 1 9.010545909e-08 4.310160875e-06
127 0.002437 -0.000103 -0.000499 7.071232 0.148191 -1.212967 0.000000 0.000000 0.000000 0.999551 1 8.987262845e-08 4.583969712e-06
127 0.002493 -0.000090 -0.000502 7.071232 0.148191 -1.212967 0.000000 0.000000 0.000000 0.999557 1 1.569278538e-07 7.600989193e-06
127 0.002534 -0.000078 -0.000504 7.071232 0.148191 -1.212967 0.000000 0.000000 0.000000 0.999583 1 1.708976924e-07 8.285045624e-06
127 0.002556 -0.000067 -0.000502 7.071232 0.148191 -1.212967 0.000000 0.000000 0.000000 0.999619 1 3.417953849e-07 1.628999598e-05
127 0.002555 -0.000058 -0.000497 7.071232 0.148191 -1.212967 0.000000 0.000000 0.000000 0.999655 1 8.600763977e-07 2.673710696e-05
127 0.002536 -0.000050 -0.000489 7.071232 0.148191 -1.212967 0.000000 0.000000 0.000000 0.999688 1 8.631031960e-07 2.645305358e-05
127 0.002503 -0.000043 -0.000479 7.071232 0.148191 -1.212967 0.000000 0.000000 0.000000 0.999714 1 8.258502930e-07 2.641906030e-05
127 0.002459 -0.000036 -0.000468 7.071232 0.148191 -1.212967 0.000000 0.000000 0.000000 0.999736 1 3.650784492e-07 1.759314910e-05
127 0.002408 -0.000031 -0.000456 7.071232 0.148191 -1.212967 0.000000 0.000000 0.000000 0.999754 1 3.669410944e-07 1.732399687e-05
127 0.002351 -0.000025 -0.000443 7.071232 0.148191 -1.212967 0.000000 0.000000 0.000000 0.999772 1 5.068723112e-07 1.763296314e-05
127 0.002289 -0.000021 -0.000429 7.071232 0.148191 -1.212967 0.000000 0.000000 0.000000 0.999791 1 3.660097718e-07 1.711398363e-05
127 0.002221 -0.000017 -0.000415 7.071232 0.148191 -1.212967 0.000000 0.000000 0.000000 0.999810 1 3.690365702e-07 1.770304516e-05
127 0.002149 -0.000014 -0.000400 7.071232 0.148191 -1.212967 0.000000 0.000000 0.000000 0.999826 1 3.681052476e-07 1.582084224e-05
127 0.002074 -0.000011 -0.000384 7.071232 0.148191 -1.212967 0.000000 0.000000 0.000000 0.999840 1 2.940651029e-07 9.510200471e-06
127 0.001997 -0.000008 -0.000369 7.071232 0.148191 -1.212967 0.000000 0.000000 0.000000 0.999854 1 8.628703654e-07 1.890421845e-05
127 0.001918 -0.000006 -0.000353 7.071232 0.148191 -1.212967 0.000000 0.000000 0.000000 0.999871 1 3.699678928e-07 1.739081927e-05
127 0.001834 -0.000004 -0.000337 7.071232 0.148191 -1.212967 0.000000 0.000000 0.000000 0.999894 1 3.690365702e-07 1.744902693e-05
127 0.001741 -0.000003 -0.000319 7.071232 0.148191 -1.212967 0.000000 0.000000 0.000000 0.999928 1 3.708992153e-07 1.763389446e-05
127 0.001633 -0.000002 -0.000299 7.071232 0.148191 -1.212967 0.000000 0.000000 0.000000 0.999973 1 3.690365702e-07 1.734495163e-05
128 0.002309 -0.000585 -0.000533 7.192725 0.017181 -1.260269 0.000000 0.000000 0.000000 1.000000 0 4.689209163e-07 1.742690802e-05
128 0.002131 -0.000540 -0.000492 7.192725 0.017181 -1.260269 0.000000 0.000000 0.000000 1.000000 0 3.650784492e-07 1.608091407e-05
128 0.001968 -0.000499 -0.000454 7.192725 0.017181 -1.260269 0.000000 0.000000 0.000000 1.000000 0 8.351635188e-07 2.664001659e-05
128 0.001816 -0.000460 -0.000419 7.192725 0.017181 -1.260269 0.000000 0.000000 0.000000 1.000000 0 7.201451808e-07 2.464093268e-05
128 0.001677 -0.000425 -0.000387 7.192725 0.017181 -1.260269 0.000000 0.000000 0.000000 1.000000 0 6.868503988e-07 2.628588118e-05
128 0.001548 -0.000392 -0.000357 7.192725 0.017181 -1.260269 0.000000 0.000000 0.000000 1.000000 0 3.611203283e-07 1.671514474e-05
128 0.001429 -0.000362 -0.000330 7.192725 0.017181 -1.260269 0.000000 0.000000 0.000000 1.000000 0 3.641471267e-07 1.921597868e-05
128 0.001319 -0.000334 -0.000304 7.192725 0.017181 -1.260269 0.000000 0.000000 0.000000 1.000000 0 5.008187145e-07 1.677684486e-05
128 0.001218 -0.000309 -0.000281 7.192725 0.017181 -1.260269 0.000000 0.000000 0.000000 1.000000 0 3.641471267e-07 1.878500916e-05
128 0.001124 -0.000285 -0.000259 7.192725 0.017181 -1.260269 0.000000 0.000000 0.000000 1.000000 0 3.599561751e-07 1.632701606e-05
128 0.001037 -0.000263 -0.000239 7.192725 0.017181 -1.260269 0.000000 0.000000 0.000000 1.000000 0 3.390014172e-07 1.626205631e-05
128 0.000958 -0.000243 -0.000221 7.192725 0.017181 -1.260269 0.000000 0.000000 0.000000 0.999998 1 6.000045687e-07 1.769699156e-05
128 0.000891 -0.000224 -0.000205 7.192725 0.017181 -1.260269 0.000000 0.000000 0.000000 0.999978 1 9.951181710e-07 1.794798300e-05
128 0.000841 -0.000207 -0.000193 7.192725 0.017181 -1.260269 0.000000 0.000000 0.000000 0.999956 1 3.688037395e-07 1.714308746e-05
128 0.000809 -0.000191 -0.000183 7.192725 0.017181 -1.260269 0.000000 0.000000 0.000000 0.999932 1 3.671739250e-07 1.897709444e-05
128 0.000792 -0.000176 -0.000177 7.192725 0.017181 -1.260269 0.000000 0.000000 0.000000 0.999905 1 3.420282155e-07 1.616799273e-05
128 0.000793 -0.000162 -0.000175 7.192725 0.017181 -1.260269 0.000000 0.000000 0.000000 0.999874 1 5.520414561e-07 2.298690379e-05
128 0.000812 -0.000150 -0.000175 7.192725 0.017181 -1.260269 0.000000 0.000000 0.000000 0.999841 1 3.660097718e-07 1.910002902e-05
128 0.000848 -0.000138 -0.000179 7.192725 0.017181 -1.260269 0.000000 0.000000 0.000000 0.999806 1 3.909226507e-07 1.749210060e-05
128 0.000902 -0.000127 -0.000186 7.192725 0.017181 -1.260269 0.000000 0.000000 0.000000 0.999768 1 8.880160749e-07 2.658693120e-05
129 0.001276 -0.000201 -0.000227 7.312351 -0.029952 -1.268824 0.000000 0.000000 0.000000 0.999724 1 8.421484381e-07 2.650800161e-05
129 0.001343 -0.000187 -0.000238 7.312351 -0.029952 -1.268824 0.000000 0.000000 0.000000 0.999699 1 7.189810276e-07 2.464186400e-05
129 0.001409 -0.000173 -0.000249 7.312351 -0.029952 -1.268824 0.000000 0.000000 0.000000 0.999703 1 7.150229067e-07 1.596589573e-05
129 0.001460 -0.000160 -0.000258 7.312351 -0.029952 -1.268824 0.000000 0.000000 0.000000 0.999728 1 4.819594324e-07 1.604901627e-05
129 0.001490 -0.000149 -0.000263 7.312351 -0.029952 -1.268824 0.000000 0.000000 0.000000 0.999763 1 3.629829735e-07 1.784297638e-05
129 0.001497 -0.000138 -0.000264 7.312351 -0.029952 -1.268824 0.000000 0.000000 0.000000 0.999799 1 3.681052476e-07 1.893402077e-05
129 0.001485 -0.000127 -0.000261 7.312351 -0.029952 -1.268824 0.000000 0.000000 0.000000 0.999831 1 6.668269634e-07 1.777196303e-05
129 0.001457 -0.000118 -0.000256 7.312351 -0.029952 -1.268824 0.000000 0.000000 0.000000 0.999856 1 3.681052476e-07 1.723389141e-05
129 0.001420 -0.000109 -0.000249 7.312351 -0.029952 -1.268824 0.000000 0.000000 0.000000 0.999876 1 3.671739250e-07 1.585716382e-05
129 0.001375 -0.000101 -0.000241 7.312351 -0.029952 -1.268824 0.000000 0.000000 0.000000 0.999891 1 1.159962267e-06 2.793897875e-05
129 0.001326 -0.000094 -0.000233 7.312351 -0.029952 -1.268824 0.000000 0.000000 0.000000 0.999907 1 6.249174476e-07 1.661689021e-05
129 0.001270 -0.000087 -0.000223 7.312351 -0.029952 -1.268824 0.000000 0.000000 0.000000 0.999925 1 3.960449249e-07 1.743086614e-05
129 0.001209 -0.000080 -0.000212 7.312351 -0.029952 -1.268824 0.000000 0.000000 0.000000 0.999942 1 3.690365702e-07 1.630908810e-05
129 0.001144 -0.000074 -0.000201 7.312351 -0.029952 -1.268824 0.000000 0.000000 0.000000 0.999956 1 3.641471267e-07 1.755403355e-05
129 0.001077 -0.000068 -0.000189 7.312351 -0.029952 -1.268824 0.000000 0.000000 0.000000 0.999968 1 3.408640623e-07 1.619500108e-05
129 0.001008 -0.000063 -0.000177 7.312351 -0.029952 -1.268824 0.000000 0.000000 0.000000 0.999980 1 3.669410944e-07 1.737591811e-05
129 0.000938 -0.000058 -0.000164 7.312351 -0.029952 -1.268824 0.000000 0.000000 0.000000 0.999995 1 4.339963198e-07 1.761410385e-05
129 0.000866 -0.000054 -0.000152 7.312351 -0.029952 -1.268824 0.000000 0.000000 0.000000 1.000000 0 3.590248525e-07 1.899385825e-05
129 0.000799 -0.000050 -0.000140 7.312351 -0.029952 -1.268824 0.000000 0.000000 0.000000 1.000000 0 3.688037395e-07 1.898384653e-05
129 0.000738 -0.000046 -0.000129 7.312351 -0.029952 -1.268824 0.000000 0.000000 0.000000 1.000000 0 3.671739250e-07 1.758104190e-05
130 0.001444 -0.000626 -0.000235 7.430559 -0.164476 -1.285381 0.000000 0.000000 0.000000 1.000000 0 4.088506103e-07 1.911399886e-05
130 0.001333 -0.000578 -0.000217 7.430559 -0.164476 -1.285381 0.000000 0.000000 0.000000 1.000000 0 3.848690540e-07 1.757987775e-05
130 0.001231 -0.000534 -0.000200 7.430559 -0.164476 -1.285381 0.000000 0.000000 0.000000 1.000000 0 3.660097718e-07 1.899502240e-05
130 0.001136 -0.000492 -0.000185 7.430559 -0.164476 -1.285381 0.000000 0.000000 0.000000 1.000000 0 3.629829735e-07 1.753005199e-05
130 0.001049 -0.000455 -0.000170 7.430559 -0.164476 -1.285381 0.000000 0.000000 0.000000 1.000000 0 3.841705620e-07 1.875706948e-05
130 0.000968 -0.000420 -0.000157 7.430559 -0.164476 -1.285381 0.000000 0.000000 0.000000 1.000000 0 7.629860193e-07 2.646981739e-05
130 0.000894 -0.000387 -0.000145 7.430559 -0.164476 -1.285381 0.000000 0.000000 0.000000 1.000000 0 5.059409887e-07 1.736916602e-05
130 0.000825 -0.000358 -0.000134 7.430559 -0.164476 -1.285381 0.000000 0.000000 0.000000 1.000000 0 3.650784492e-07 1.870607957e-05
130 0.000762 -0.000330 -0.000124 7.430559 -0.164476 -1.285381 0.000000 0.000000 0.000000 1.000000 0 5.480833352e-07 1.762504689e-05
130 0.000703 -0.000305 -0.000114 7.430559 -0.164476 -1.285381 0.000000 0.000000 0.000000 1.000000 0 2.679880708e-07 1.278310083e-05
130 0.000649 -0.000281 -0.000105 7.430559 -0.164476 -1.285381 0.000000 0.000000 0.000000 1.000000 0 6.170012057e-07 2.226815559e-05
130 0.000599 -0.000260 -0.000097 7.430559 -0.164476 -1.285381 0.000000 0.000000 0.000000 1.000000 0 4.069879651e-07 1.593888737e-05
130 0.000553 -0.000240 -0.000090 7.430559 -0.164476 -1.285381 0.000000 0.000000 0.000000 1.000000 0 3.380700946e-07 1.667090692e-05
130 0.000511 -0.000221 -0.000083 7.430559 -0.164476 -1.285381 0.000000 0.000000 0.000000 1.000000 0 4.379544407e-07 1.845485531e-05
130 0.000471 -0.000204 -0.000077 7.430559 -0.164476 -1.285381 0.000000 0.000000 0.000000 1.000000 0 3.620516509e-07 1.737801358e-05
130 0.000435 -0.000189 -0.000071 7.430559 -0.164476 -1.285381 0.000000 0.000000 0.000000 1.000000 0 3.611203283e-07 1.741503365e-05
130 0.000409 -0.000174 -0.000067 7.430559 -0.164476 -1.285381 0.000000 0.000000 0.000000 0.999972 1 3.660097718e-07 1.904810779e-05
130 0.000405 -0.000161 -0.000066 7.430559 -0.164476 -1.285381 0.000000 0.000000 0.000000 0.999936 1 9.469222277e-07 2.672383562e-05
130 0.000422 -0.000150 -0.000069 7.430559 -0.164476 -1.285381 0.000000 0.000000 0.000000 0.999898 1 7.310882211e-07 1.724995673e-05
130 0.000461 -0.000140 -0.000076 7.430559 -0.164476 -1.285381 0.000000 0.000000 0.000000 0.999858 1 3.660097718e-07 1.723901369e-05
131 0.000644 -0.000166 -0.000078 7.549091 -0.209815 -1.264937 0.000000 0.000000 0.000000 0.999812 1 4.149042070e-07 1.891609281e-05
131 0.000714 -0.000157 -0.000092 7.549091 -0.209815 -1.264937 0.000000 0.000000 0.000000 0.999784 1 3.869645298e-07 1.635402441e-05
131 0.000784 -0.000148 -0.000106 7.549091 -0.209815 -1.264937 0.000000 0.000000 0.000000 0.999788 1 3.681052476e-07 1.740898006e-05
131 0.000840 -0.000140 -0.000117 7.549091 -0.209815 -1.264937 0.000000 0.000000 0.000000 0.999812 1 9.490177035e-07 1.910701394e-05
131 0.000874 -0.000132 -0.000124 7.549091 -0.209815 -1.264937 0.000000 0.000000 0.000000 0.999847 1 3.729946911e-07 1.623295248e-05
131 0.000883 -0.000124 -0.000128 7.549091 -0.209815 -1.264937 0.000000 0.000000 0.000000 0.999884 1 4.810281098e-07 1.929886639e-05
131 0.000872 -0.000116 -0.000127 7.549091 -0.209815 -1.264937 0.000000 0.000000 0.000000 0.999915 1 3.669410944e-07 1.732981764e-05
131 0.000846 -0.000108 -0.000124 7.549091 -0.209815 -1.264937 0.000000 0.000000 0.000000 0.999940 1 3.690365702e-07 1.486390829e-05
131 0.000810 -0.000101 -0.000120 7.549091 -0.209815 -1.264937 0.000000 0.000000 0.000000 0.999958 1 5.250331014e-07 2.243090421e-05
131 0.000767 -0.000094 -0.000114 7.549091 -0.209815 -1.264937 0.000000 0.000000 0.000000 0.999973 1 3.708992153e-07 1.737009734e-05
131 0.000719 -0.000087 -0.000107 7.549091 -0.209815 -1.264937 0.000000 0.000000 0.000000 0.999988 1 4.919711500e-07 1.791794784e-05
131 0.000666 -0.000080 -0.000099 7.549091 -0.209815 -1.264937 0.000000 0.000000 0.000000 1.000000 0 3.650784492e-07 1.597916707e-05
131 0.000615 -0.000074 -0.000091 7.549091 -0.209815 -1.264937 0.000000 0.000000 0.000000 1.000000 0 3.620516509e-07 1.738104038e-05
131 0.000567 -0.000068 -0.000084 7.549091 -0.209815 -1.264937 0.000000 0.000000 0.000000 1.000000 0 3.611203283e-07 1.587206498e-05
131 0.000524 -0.000063 -0.000078 7.549091 -0.209815 -1.264937 0.000000 0.000000 0.000000 1.000000 0 3.608874977e-07 1.714006066e-05
131 0.000484 -0.000058 -0.000072 7.549091 -0.209815 -1.264937 0.000000 0.000000 0.000000 1.000000 0 3.611203283e-07 1.721410081e-05
131 0.000446 -0.000054 -0.000066 7.549091 -0.209815 -1.264937 0.000000 0.000000 0.000000 1.000000 0 3.669410944e-07 1.597497612e-05
131 0.000412 -0.000050 -0.000061 7.549091 -0.209815 -1.264937 0.000000 0.000000 0.000000 1.000000 0 3.641471267e-07 1.904089004e-05
131 0.000380 -0.000046 -0.000057 7.549091 -0.209815 -1.264937 0.000000 0.000000 0.000000 1.000000 0 3.620516509e-07 1.741806045e-05
131 0.000351 -0.000042 -0.000052 7.549091 -0.209815 -1.264937 0.000000 0.000000 0.000000 1.000000 0 3.811437637e-07 1.749093644e-05
132 0.001083 -0.000623 -0.000043 7.664798 -0.343141 -1.253594 0.000000 0.000000 0.000000 1.000000 0 4.579778761e-07 1.497799531e-05
132 0.001000 -0.000575 -0.000039 7.664798 -0.343141 -1.253594 0.000000 0.000000 0.000000 1.000000 0 3.159511834e-07 1.057703048e-05
132 0.000923 -0.000531 -0.000036 7.664798 -0.343141 -1.253594 0.000000 0.000000 0.000000 1.000000 0 2.209562808e-07 8.407048881e-06
132 0.000852 -0.000490 -0.000033 7.664798 -0.343141 -1.253594 0.000000 0.000000 0.000000 1.000000 0 9.802170098e-08 4.273140803e-06
132 0.000787 -0.000452 -0.000031 7.664798 -0.343141 -1.253594 0.000000 0.000000 0.000000 1.000000 0 1.690350473e-07 7.642898709e-06
132 0.000726 -0.000417 -0.000029 7.664798 -0.343141 -1.253594 0.000000 0.000000 0.000000 1.000000 0 1.750886440e-07 7.761875167e-06
132 0.000670 -0.000385 -0.000026 7.664798 -0.343141 -1.253594 0.000000 0.000000 0.000000 1.000000 0 3.150198609e-07 1.528789289e-05
132 0.000619 -0.000356 -0.000024 7.664798 -0.343141 -1.253594 0.000000 0.000000 0.000000 1.000000 0 5.702022463e-07 1.671304926e-05
132 0.000571 -0.000328 -0.000022 7.664798 -0.343141 -1.253594 0.000000 0.000000 0.000000 1.000000 0 3.718305379e-07 1.742318273e-05
132 0.000527 -0.000303 -0.000021 7.664798 -0.343141 -1.253594 0.000000 0.000000 0.000000 1.000000 0 3.979075700e-07 1.746509224e-05
132 0.000487 -0.000280 -0.000019 7.664798 -0.343141 -1.253594 0.000000 0.000000 0.000000 1.000000 0 3.951136023e-07 1.591397449e-05
132 0.000449 -0.000258 -0.000018 7.664798 -0.343141 -1.253594 0.000000 0.000000 0.000000 1.000000 0 3.639142960e-07 1.853308640e-05
132 0.000415 -0.000238 -0.000016 7.664798 -0.343141 -1.253594 0.000000 0.000000 0.000000 1.000000 0 6.069894880e-07 1.888512634e-05
132 0.000383 -0.000220 -0.000015 7.664798 -0.343141 -1.253594 0.000000 0.000000 0.000000 1.000000 0 3.981404006e-07 1.909607090e-05
132 0.000354 -0.000203 -0.000014 7.664798 -0.343141 -1.253594 0.000000 0.000000 0.000000 1.000000 0 7.520429790e-07 2.645095810e-05
132 0.000326 -0.000188 -0.000013 7.664798 -0.343141 -1.253594 0.000000 0.000000 0.000000 1.000000 0 7.380731404e-07 2.624187618e-05
132 0.000301 -0.000173 -0.000012 7.664798 -0.343141 -1.253594 0.000000 0.000000 0.000000 1.000000 0 3.648456186e-07 1.729698852e-05
132 0.000278 -0.000160 -0.000011 7.664798 -0.343141 -1.253594 0.000000 0.000000 0.000000 1.000000 0 6.039626896e-07 1.752399839e-05
132 0.000269 -0.000148 -0.000012 7.664798 -0.343141 -1.253594 0.000000 0.000000 0.000000 0.999960 1 5.022156984e-07 1.748488285e-05
132 0.000286 -0.000138 -0.000017 7.664798 -0.343141 -1.253594 0.000000 0.000000 0.000000 0.999917 1 4.130415618e-07 1.748790964e-05
133 0.000353 -0.000138 -0.000019 7.783284 -0.382197 -1.205669 0.000000 0.000000 0.000000 0.999870 1 3.410968930e-07 1.741200686e-05
133 0.000415 -0.000132 -0.000031 7.783284 -0.382197 -1.205669 0.000000 0.000000 0.000000 0.999839 1 3.690365702e-07 1.895288005e-05
133 0.000480 -0.000126 -0.000044 7.783284 -0.382197 -1.205669 0.000000 0.000000 0.000000 0.999841 1 3.920868039e-07 1.789513044e-05
133 0.000532 -0.000121 -0.000054 7.783284 -0.382197 -1.205669 0.000000 0.000000 0.000000 0.999865 1 3.660097718e-07 1.743691973e-05
133 0.000560 -0.000115 -0.000061 7.783284 -0.382197 -1.205669 0.000000 0.000000 0.000000 0.999900 1 9.688083082e-07 2.686004154e-05
133 0.000565 -0.000108 -0.000063 7.783284 -0.382197 -1.205669 0.000000 0.000000 0.000000 0.999936 1 8.987262845e-08 4.111090675e-06
133 0.000549 -0.000101 -0.000063 7.783284 -0.382197 -1.205669 0.000000 0.000000 0.000000 0.999967 1 3.650784492e-07 1.870305277e-05
133 0.000518 -0.000094 -0.000060 7.783284 -0.382197 -1.205669 0.000000 0.000000 0.000000 0.999992 1 9.103678167e-08 4.654051736e-06
133 0.000479 -0.000087 -0.000055 7.783284 -0.382197 -1.205669 0.000000 0.000000 0.000000 1.000000 0 3.690365702e-07 1.718010753e-05
133 0.000442 -0.000080 -0.000051 7.783284 -0.382197 -1.205669 0.000000 0.000000 0.000000 1.000000 0 3.629829735e-07 1.708487980e-05
133 0.000408 -0.000074 -0.000047 7.783284 -0.382197 -1.205669 0.000000 0.000000 0.000000 1.000000 0 3.620516509e-07 1.729512587e-05
133 0.000377 -0.000068 -0.000043 7.783284 -0.382197 -1.205669 0.000000 0.000000 0.000000 1.000000 0 3.639142960e-07 1.735007390e-05
133 0.000348 -0.000063 -0.000040 7.783284 -0.382197 -1.205669 0.000000 0.000000 0.000000 1.000000 0 3.429595381e-07 1.779105514e-05
133 0.000321 -0.000058 -0.000037 7.783284 -0.382197 -1.205669 0.000000 0.000000 0.000000 1.000000 0 3.608874977e-07 1.731188968e-05
133 0.000297 -0.000054 -0.000034 7.783284 -0.382197 -1.205669 0.000000 0.000000 0.000000 1.000000 0 3.860332072e-07 1.815496944e-05
133 0.000274 -0.000050 -0.000032 7.783284 -0.382197 -1.205669 0.000000 0.000000 0.000000 1.000000 0 3.608874977e-07 1.644995064e-05
133 0.000253 -0.000046 -0.000029 7.783284 -0.382197 -1.205669 0.000000 0.000000 0.000000 1.000000 0 3.648456186e-07 1.593399793e-05
133 0.000233 -0.000042 -0.000027 7.783284 -0.382197 -1.205669 0.000000 0.000000 0.000000 1.000000 0 3.641471267e-07 1.588719897e-05
133 0.000215 -0.000039 -0.000025 7.783284 -0.382197 -1.205669 0.000000 0.000000 0.000000 1.000000 0 3.620516509e-07 1.723784953e-05
133 0.000199 -0.000036 -0.000023 7.783284 -0.382197 -1.205669 0.000000 0.000000 0.000000 1.000000 0 3.641471267e-07 1.730304211e-05
134 0.000962 -0.000617 0.000107 7.897438 -0.511075 -1.167188 0.000000 0.000000 0.000000 1.000000 0 3.629829735e-07 1.727091148e-05
134 0.000888 -0.000570 0.000099 7.897438 -0.511075 -1.167188 0.000000 0.000000 0.000000 1.000000 0 6.339978427e-07 1.824088395e-05
134 0.000820 -0.000526 0.000091 7.897438 -0.511075 -1.167188 0.000000 0.000000 0.000000 1.000000 0 3.669410944e-07 1.591281034e-05
134 0.000757 -0.000485 0.000084 7.897438 -0.511075 -1.167188 0.000000 0.000000 0.000000 1.000000 0 8.631031960e-07 2.641393803e-05
134 0.000698 -0.000448 0.000078 7.897438 -0.511075 -1.167188 0.000000 0.000000 0.000000 1.000000 0 7.669441402e-07 1.863297075e-05
134 0.000645 -0.000414 0.000072 7.897438 -0.511075 -1.167188 0.000000 0.000000 0.000000 1.000000 0 3.587920219e-07 1.637591049e-05
134 0.000595 -0.000382 0.000066 7.897438 -0.511075 -1.167188 0.000000 0.000000 0.000000 1.000000 0 3.920868039e-07 1.778686419e-05
134 0.000549 -0.000352 0.000061 7.897438 -0.511075 -1.167188 0.000000 0.000000 0.000000 1.000000 0 3.620516509e-07 1.612980850e-05
134 0.000507 -0.000325 0.000056 7.897438 -0.511075 -1.167188 0.000000 0.000000 0.000000 1.000000 0 3.669410944e-07 1.602596603e-05
134 0.000468 -0.000300 0.000052 7.897438 -0.511075 -1.167188 0.000000 0.000000 0.000000 1.000000 0 3.869645298e-07 1.595402136e-05
134 0.000432 -0.000277 0.000048 7.897438 -0.511075 -1.167188 0.000000 0.000000 0.000000 1.000000 0 3.590248525e-07 1.585902646e-05
134 0.000399 -0.000256 0.000044 7.897438 -0.511075 -1.167188 0.000000 0.000000 0.000000 1.000000 0 5.748588592e-07 1.775100827e-05
134 0.000368 -0.000236 0.000041 7.897438 -0.511075 -1.167188 0.000000 0.000000 0.000000 1.000000 0 3.369059414e-07 1.616589725e-05
134 0.000340 -0.000218 0.000038 7.897438 -0.511075 -1.167188 0.000000 0.000000 0.000000 1.000000 0 7.841736078e-07 2.646911889e-05
134 0.000314 -0.000201 0.000035 7.897438 -0.511075 -1.167188 0.000000 0.000000 0.000000 1.000000 0 3.648456186e-07 1.740898006e-05
134 0.000290 -0.000186 0.000032 7.897438 -0.511075 -1.167188 0.000000 0.000000 0.000000 1.000000 0 3.960449249e-07 1.882086508e-05
134 0.000267 -0.000172 0.000030 7.897438 -0.511075 -1.167188 0.000000 0.000000 0.000000 1.000000 0 3.939494491e-07 1.718499698e-05
134 0.000247 -0.000158 0.000027 7.897438 -0.511075 -1.167188 0.000000 0.000000 0.000000 1.000000 0 3.639142960e-07 1.903693192e-05
134 0.000228 -0.000146 0.000025 7.897438 -0.511075 -1.167188 0.000000 0.000000 0.000000 1.000000 0 5.599576980e-07 1.768092625e-05
134 0.000218 -0.000135 0.000022 7.897438 -0.511075 -1.167188 0.000000 0.000000 0.000000 0.999968 1 4.600733519e-07 1.900293864e-05
135 0.000242 -0.000129 0.000019 8.016530 -0.540072 -1.091584 0.000000 0.000000 0.000000 0.999919 1 4.298053682e-07 1.893099397e-05
135 0.000286 -0.000123 0.000009 8.016530 -0.540072 -1.091584 0.000000 0.000000 0.000000 0.999888 1 3.681052476e-07 1.728790812e-05
135 0.000334 -0.000118 -0.000001 8.016530 -0.540072 -1.091584 0.000000 0.000000 0.000000 0.999890 1 8.519273251e-07 2.472894266e-05
135 0.000368 -0.000113 -0.000009 8.016530 -0.540072 -1.091584 0.000000 0.000000 0.000000 0.999915 1 1.006061211e-06 2.693501301e-05
135 0.000380 -0.000107 -0.000014 8.016530 -0.540072 -1.091584 0.000000 0.000000 0.000000 0.999952 1 3.690365702e-07 1.622806303e-05
135 0.000367 -0.000100 -0.000015 8.016530 -0.540072 -1.091584 0.000000 0.000000 0.000000 0.999991 1 3.678724170e-07 1.733889803e-05
135 0.000339 -0.000092 -0.000014 8.016530 -0.540072 -1.091584 0.000000 0.000000 0.000000 1.000000 0 3.390014172e-07 1.608184539e-05
135 0.000313 -0.000085 -0.000013 8.016530 -0.540072 -1.091584 0.000000 0.000000 0.000000 1.000000 0 3.757886589e-07 1.725810580e-05
135 0.000289 -0.000079 -0.000012 8.016530 -0.540072 -1.091584 0.000000 0.000000 0.000000 1.000000 0 3.979075700e-07 1.718802378e-05
135 0.000267 -0.000073 -0.000011 8.016530 -0.540072 -1.091584 0.000000 0.000000 0.000000 1.000000 0 3.369059414e-07 1.629907638e-05
135 0.000246 -0.000067 -0.000010 8.016530 -0.540072 -1.091584 0.000000 0.000000 0.000000 1.000000 0 4.060566425e-07 1.877592877e-05
135 0.000227 -0.000062 -0.000009 8.016530 -0.540072 -1.091584 0.000000 0.000000 0.000000 1.000000 0 3.380700946e-07 1.602503471e-05
135 0.000210 -0.000057 -0.000009 8.016530 -0.540072 -1.091584 0.000000 0.000000 0.000000 1.000000 0 3.608874977e-07 1.881783828e-05
135 0.000194 -0.000053 -0.000008 8.016530 -0.540072 -1.091584 0.000000 0.000000 0.000000 1.000000 0 3.620516509e-07 1.621199772e-05
135 0.000179 -0.000049 -0.000007 8.016530 -0.540072 -1.091584 0.000000 0.000000 0.000000 1.000000 0 4.190951586e-07 1.759896986e-05
135 0.000165 -0.000045 -0.000007 8.016530 -0.540072 -1.091584 0.000000 0.000000 0.000000 1.000000 0 4.230532795e-07 1.748604700e-05
135 0.000152 -0.000042 -0.000006 8.016530 -0.540072 -1.091584 0.000000 0.000000 0.000000 1.000000 0 3.918539733e-07 1.592794433e-05
135 0.000141 -0.000038 -0.000006 8.016530 -0.540072 -1.091584 0.000000 0.000000 0.000000 1.000000 0 4.281755537e-07 1.817708835e-05
135 0.000130 -0.000035 -0.000005 8.016530 -0.540072 -1.091584 0.000000 0.000000 0.000000 1.000000 0 3.420282155e-07 1.624505967e-05
135 0.000120 -0.000033 -0.000005 8.016530 -0.540072 -1.091584 0.000000 0.000000 0.000000 1.000000 0 3.648456186e-07 1.873192377e-05
136 0.000949 -0.000614 0.000271 8.129760 -0.658860 -1.024746 0.000000 0.000000 0.000000 1.000000 0 3.729946911e-07 1.616403461e-05
136 0.000876 -0.000567 0.000250 8.129760 -0.658860 -1.024746 0.000000 0.000000 0.000000 1.000000 0 3.171153367e-07 1.523201354e-05
136 0.000809 -0.000523 0.000231 8.129760 -0.658860 -1.024746 0.000000 0.000000 0.000000 1.000000 0 7.578637451e-07 2.635410056e-05
136 0.000747 -0.000483 0.000213 8.129760 -0.658860 -1.024746 0.000000 0.000000 0.000000 1.000000 0 6.689224392e-07 2.632010728e-05
136 0.000689 -0.000446 0.000197 8.129760 -0.658860 -1.024746 0.000000 0.000000 0.000000 1.000000 0 3.660097718e-07 1.436984167e-05
136 0.000636 -0.000411 0.000182 8.129760 -0.658860 -1.024746 0.000000 0.000000 0.000000 1.000000 0 5.080364645e-07 1.973100007e-05
136 0.000587 -0.000380 0.000168 8.129760 -0.658860 -1.024746 0.000000 0.000000 0.000000 1.000000 0 3.669410944e-07 1.738104038e-05
136 0.000542 -0.000351 0.000155 8.129760 -0.658860 -1.024746 0.000000 0.000000 0.000000 1.000000 0 3.639142960e-07 1.702015288e-05
136 0.000501 -0.000324 0.000143 8.129760 -0.658860 -1.024746 0.000000 0.000000 0.000000 1.000000 0 5.480833352e-07 1.832586713e-05
136 0.000462 -0.000299 0.000132 8.129760 -0.658860 -1.024746 0.000000 0.000000 0.000000 1.000000 0 7.289927453e-07 2.637598664e-05
136 0.000427 -0.000276 0.000122 8.129760 -0.658860 -1.024746 0.000000 0.000000 0.000000 1.000000 0 5.839392543e-07 1.696404070e-05
136 0.000394 -0.000255 0.000113 8.129760 -0.658860 -1.024746 0.000000 0.000000 0.000000 1.000000 0 3.629829735e-07 1.904997043e-05
136 0.000363 -0.000235 0.000104 8.129760 -0.658860 -1.024746 0.000000 0.000000 0.000000 1.000000 0 3.690365702e-07 1.724110916e-05
136 0.000336 -0.000217 0.000096 8.129760 -0.658860 -1.024746 0.000000 0.000000 0.000000 1.000000 0 3.639142960e-07 1.710187644e-05
136 0.000310 -0.000200 0.000089 8.129760 -0.658860 -1.024746 0.000000 0.000000 0.000000 1.000000 0 5.450565368e-07 1.776590943e-05
136 0.000286 -0.000185 0.000082 8.129760 -0.658860 -1.024746 0.000000 0.000000 0.000000 1.000000 0 3.620516509e-07 1.886882819e-05
136 0.000264 -0.000171 0.000075 8.129760 -0.658860 -1.024746 0.000000 0.000000 0.000000 1.000000 0 3.641471267e-07 1.583015546e-05
136 0.000244 -0.000158 0.000070 8.129760 -0.658860 -1.024746 0.000000 0.000000 0.000000 1.000000 0 3.620516509e-07 1.637195237e-05
136 0.000225 -0.000145 0.000064 8.129760 -0.658860 -1.024746 0.000000 0.000000 0.000000 1.000000 0 3.618188202e-07 1.907302067e-05
136 0.000208 -0.000134 0.000059 8.129760 -0.658860 -1.024746 0.000000 0.000000 0.000000 1.000000 0 3.650784492e-07 1.684599556e-05
137 0.000201 -0.000125 0.000055 8.250069 -0.674456 -0.920575 0.000000 0.000000 0.000000 0.999964 1 4.090834409e-07 1.631793566e-05
137 0.000222 -0.000118 0.000046 8.250069 -0.674456 -0.920575 0.000000 0.000000 0.000000 0.999931 1 4.060566425e-07 1.716101542e-05
137 0.000249 -0.000113 0.000038 8.250069 -0.674456 -0.920575 0.000000 0.000000 0.000000 0.999934 1 2.011656761e-07 6.470130756e-06
137 0.000264 -0.000107 0.000031 8.250069 -0.674456 -0.920575 0.000000 0.000000 0.000000 0.999960 1 9.010545909e-08 4.254980013e-06
137 0.000256 -0.000100 0.000027 8.250069 -0.674456 -0.920575 0.000000 0.000000 0.000000 0.999998 1 8.987262845e-08 3.982102498e-06
137 0.000236 -0.000092 0.000025 8.250069 -0.674456 -0.920575 0.000000 0.000000 0.000000 1.000000 0 8.987262845e-08 4.213070497e-06
137 0.000218 -0.000085 0.000023 8.250069 -0.674456 -0.920575 0.000000 0.000000 0.000000 1.000000 0 8.894130588e-08 4.070112482e-06
137 0.000201 -0.000078 0.000022 8.250069 -0.674456 -0.920575 0.000000 0.000000 0.000000 1.000000 0 8.917413652e-08 3.946013749e-06
137 0.000186 -0.000072 0.000020 8.250069 -0.674456 -0.920575 0.000000 0.000000 0.000000 1.000000 0 2.679880708e-07 1.277588308e-05
137 0.000172 -0.000067 0.000018 8.250069 -0.674456 -0.920575 0.000000 0.000000 0.000000 1.000000 0 3.618188202e-07 1.601688564e-05
137 0.000158 -0.000062 0.000017 8.250069 -0.674456 -0.920575 0.000000 0.000000 0.000000 1.000000 0 3.671739250e-07 1.719896682e-05
137 0.000146 -0.000057 0.000016 8.250069 -0.674456 -0.920575 0.000000 0.000000 0.000000 1.000000 0 3.618188202e-07 1.714006066e-05
137 0.000135 -0.000053 0.000014 8.250069 -0.674456 -0.920575 0.000000 0.000000 0.000000 1.000000 0 3.629829735e-07 1.837499440e-05
137 0.000125 -0.000048 0.000013 8.250069 -0.674456 -0.920575 0.000000 0.000000 0.000000 1.000000 0 6.919726729e-07 2.642697655e-05
137 0.000115 -0.000045 0.000012 8.250069 -0.674456 -0.920575 0.000000 0.000000 0.000000 1.000000 0 8.489005268e-07 2.681114711e-05
137 0.000106 -0.000041 0.000011 8.250069 -0.674456 -0.920575 0.000000 0.000000 0.000000 1.000000 0 7.119961083e-07 2.645491622e-05
137 0.000098 -0.000038 0.000011 8.250069 -0.674456 -0.920575 0.000000 0.000000 0.000000 1.000000 0 6.698537618e-07 2.614501864e-05
137 0.000090 -0.000035 0.000010 8.250069 -0.674456 -0.920575 0.000000 0.000000 0.000000 1.000000 0 3.629829735e-07 1.878896728e-05
137 0.000084 -0.000032 0.000009 8.250069 -0.674456 -0.920575 0.000000 0.000000 0.000000 1.000000 0 8.051283658e-07 2.643116750e-05
137 0.000077 -0.000030 0.000008 8.250069 -0.674456 -0.920575 0.000000 0.000000 0.000000 1.000000 0 6.780028343e-07 1.942110248e-05
138 0.001002 -0.000611 0.000468 8.363254 -0.781101 -0.824926 0.000000 0.000000 0.000000 1.000000 0 3.669410944e-07 1.733493991e-05
138 0.000925 -0.000564 0.000432 8.363254 -0.781101 -0.824926 0.000000 0.000000 0.000000 1.000000 0 3.839377314e-07 1.902692020e-05
138 0.000854 -0.000521 0.000399 8.363254 -0.781101 -0.824926 0.000000 0.000000 0.000000 1.000000 0 3.629829735e-07 1.623178832e-05
138 0.000788 -0.000481 0.000368 8.363254 -0.781101 -0.824926 0.000000 0.000000 0.000000 1.000000 0 3.599561751e-07 1.586088911e-05
138 0.000728 -0.000444 0.000340 8.363254 -0.781101 -0.824926 0.000000 0.000000 0.000000 1.000000 0 3.639142960e-07 1.753703691e-05
138 0.000672 -0.000410 0.000314 8.363254 -0.781101 -0.824926 0.000000 0.000000 0.000000 1.000000 0 3.641471267e-07 1.890980639e-05
138 0.000620 -0.000378 0.000290 8.363254 -0.781101 -0.824926 0.000000 0.000000 0.000000 1.000000 0 3.650784492e-07 1.718010753e-05
138 0.000572 -0.000349 0.000267 8.363254 -0.781101 -0.824926 0.000000 0.000000 0.000000 1.000000 0 3.660097718e-07 1.757801510e-05
138 0.000528 -0.000322 0.000247 8.363254 -0.781101 -0.824926 0.000000 0.000000 0.000000 1.000000 0 3.639142960e-07 1.749303192e-05
138 0.000488 -0.000298 0.000228 8.363254 -0.781101 -0.824926 0.000000 0.000000 0.000000 1.000000 0 3.671739250e-07 1.919292845e-05
138 0.000450 -0.000275 0.000210 8.363254 -0.781101 -0.824926 0.000000 0.000000 0.000000 1.000000 0 3.620516509e-07 1.724809408e-05
138 0.000416 -0.000254 0.000194 8.363254 -0.781101 -0.824926 0.000000 0.000000 0.000000 1.000000 0 5.769543350e-07 1.770001836e-05
138 0.000384 -0.000234 0.000179 8.363254 -0.781101 -0.824926 0.000000 0.000000 0.000000 1.000000 0 3.608874977e-07 1.581385732e-05
138 0.000354 -0.000216 0.000165 8.363254 -0.781101 -0.824926 0.000000 0.000000 0.000000 1.000000 0 3.650784492e-07 1.620501280e-05
138 0.000327 -0.000199 0.000153 8.363254 -0.781101 -0.824926 0.000000 0.000000 0.000000 1.000000 0 3.681052476e-07 1.767580397e-05
138 0.000302 -0.000184 0.000141 8.363254 -0.781101 -0.824926 0.000000 0.000000 0.000000 1.000000 0 3.629829735e-07 1.598196104e-05
138 0.000279 -0.000170 0.000130 8.363254 -0.781101 -0.824926 0.000000 0.000000 0.000000 1.000000 0 7.150229067e-07 2.288608812e-05
138 0.000257 -0.000157 0.000120 8.363254 -0.781101 -0.824926 0.000000 0.000000 0.000000 1.000000 0 4.200264812e-07 1.877592877e-05
138 0.000237 -0.000145 0.000111 8.363254 -0.781101 -0.824926 0.000000 0.000000 0.000000 1.000000 0 6.898771971e-07 1.659779809e-05
138 0.000219 -0.000134 0.000102 8.363254 -0.781101 -0.824926 0.000000 0.000000 0.000000 1.000000 0 8.894130588e-08 4.275934771e-06
139 0.000202 -0.000123 0.000094 8.483331 -0.787608 -0.997536 0.000000 0.000000 0.000000 1.000000 0 6.270129234e-07 2.063484862e-05
139 0.000200 -0.000115 0.000086 8.483331 -0.787608 -0.997536 0.000000 0.000000 0.000000 0.999968 1 4.291068763e-07 1.420616172e-05
139 0.000206 -0.000108 0.000077 8.483331 -0.787608 -0.997536 0.000000 0.000000 0.000000 0.999970 1 9.103678167e-08 4.298053682e-06
139 0.000201 -0.000101 0.000069 8.483331 -0.787608 -0.997536 0.000000 0.000000 0.000000 0.999996 1 2.789311111e-07 8.483184502e-06
139 0.000186 -0.000093 0.000064 8.483331 -0.787608 -0.997536 0.000000 0.000000 0.000000 1.000000 0 2.339947969e-07 9.162817150e-06
139 0.000171 -0.000086 0.000059 8.483331 -0.787608 -0.997536 0.000000 0.000000 0.000000 1.000000 0 2.109445632e-07 1.114886254e-05
139 0.000158 -0.000079 0.000055 8.483331 -0.787608 -0.997536 0.000000 0.000000 0.000000 1.000000 0 2.421438694e-07 1.267297193e-05
139 0.000146 -0.000073 0.000050 8.483331 -0.787608 -0.997536 0.000000 0.000000 0.000000 1.000000 0 7.739290595e-07 2.644397318e-05
139 0.000135 -0.000068 0.000047 8.483331 -0.787608 -0.997536 0.000000 0.000000 0.000000 1.000000 0 7.380731404e-07 2.637016587e-05
139 0.000124 -0.000062 0.000043 8.483331 -0.787608 -0.997536 0.000000 0.000000 0.000000 1.000000 0 6.859190762e-07 2.627703361e-05
139 0.000115 -0.000058 0.000040 8.483331 -0.787608 -0.997536 0.000000 0.000000 0.000000 1.000000 0 6.640329957e-07 2.625212073e-05
139 0.000106 -0.000053 0.000037 8.483331 -0.787608 -0.997536 0.000000 0.000000 0.000000 1.000000 0 6.230548024e-07 2.453895286e-05
139 0.000098 -0.000049 0.000034 8.483331 -0.787608 -0.997536 0.000000 0.000000 0.000000 1.000000 0 6.670597941e-07 2.627819777e-05
139 0.000090 -0.000045 0.000031 8.483331 -0.787608 -0.997536 0.000000 0.000000 0.000000 1.000000 0 6.221234798e-07 1.892703585e-05
139 0.000083 -0.000042 0.000029 8.483331 -0.787608 -0.997536 0.000000 0.000000 0.000000 1.000000 0 3.629829735e-07 1.903111115e-05
139 0.000077 -0.000039 0.000027 8.483331 -0.787608 -0.997536 0.000000 0.000000 0.000000 1.000000 0 7.890630513e-07 2.650520764e-05
139 0.000071 -0.000036 0.000025 8.483331 -0.787608 -0.997536 0.000000 0.000000 0.000000 1.000000 0 6.689224392e-07 2.626492642e-05
139 0.000066 -0.000033 0.000023 8.483331 -0.787608 -0.997536 0.000000 0.000000 0.000000 1.000000 0 3.641471267e-07 1.882202923e-05
139 0.000061 -0.000030 0.000021 8.483331 -0.787608 -0.997536 0.000000 0.000000 0.000000 1.000000 0 8.917413652e-08 4.312023520e-06
139 0.000056 -0.000028 0.000019 8.483331 -0.787608 -0.997536 0.000000 0.000000 0.000000 1.000000 0 3.350432962e-07 1.650582999e-05
140 0.000890 -0.000610 -0.000063 8.590785 -0.903014 -1.006518 0.000000 0.000000 0.000000 1.000000 0 4.027970135e-07 1.905602403e-05
140 0.000822 -0.000563 -0.000058 8.590785 -0.903014 -1.006518 0.000000 0.000000 0.000000 1.000000 0 3.618188202e-07 1.599197276e-05
140 0.000758 -0.000519 -0.000054 8.590785 -0.903014 -1.006518 0.000000 0.000000 0.000000 1.000000 0 3.930181265e-07 2.244603820e-05
140 0.000700 -0.000479 -0.000050 8.590785 -0.903014 -1.006518 0.000000 0.000000 0.000000 1.000000 0 3.671739250e-07 1.891399734e-05
140 0.000646 -0.000443 -0.000046 8.590785 -0.903014 -1.006518 0.000000 0.000000 0.000000 1.000000 0 3.688037395e-07 1.898291521e-05
140 0.000597 -0.000409 -0.000042 8.590785 -0.903014 -1.006518 0.000000 0.000000 0.000000 1.000000 0 6.770715117e-07 1.913588494e-05
140 0.000551 -0.000377 -0.000039 8.590785 -0.903014 -1.006518 0.000000 0.000000 0.000000 1.000000 0 3.639142960e-07 1.586996950e-05
140 0.000508 -0.000348 -0.000036 8.590785 -0.903014 -1.006518 0.000000 0.000000 0.000000 1.000000 0 4.379544407e-07 1.756590791e-05
140 0.000469 -0.000321 -0.000033 8.590785 -0.903014 -1.006518 0.000000 0.000000 0.000000 1.000000 0 3.611203283e-07 1.717288978e-05
140 0.000433 -0.000297 -0.000031 8.590785 -0.903014 -1.006518 0.000000 0.000000 0.000000 1.000000 0 3.620516509e-07 1.583388075e-05
140 0.000400 -0.000274 -0.000028 8.590785 -0.903014 -1.006518 0.000000 0.000000 0.000000 1.000000 0 6.759073585e-07 2.862303518e-05
140 0.000369 -0.000253 -0.000026 8.590785 -0.903014 -1.006518 0.000000 0.000000 0.000000 1.000000 0 3.650784492e-07 1.892494038e-05
140 0.000341 -0.000233 -0.000024 8.590785 -0.903014 -1.006518 0.000000 0.000000 0.000000 1.000000 0 3.599561751e-07 1.785787754e-05
140 0.000315 -0.000215 -0.000022 8.590785 -0.903014 -1.006518 0.000000 0.000000 0.000000 1.000000 0 3.990717232e-07 1.596985385e-05
140 0.000290 -0.000199 -0.000021 8.590785 -0.903014 -1.006518 0.000000 0.000000 0.000000 1.000000 0 3.648456186e-07 1.898990013e-05
140 0.000268 -0.000184 -0.000019 8.590785 -0.903014 -1.006518 0.000000 0.000000 0.000000 1.000000 0 3.629829735e-07 1.738499850e-05
140 0.000247 -0.000169 -0.000018 8.590785 -0.903014 -1.006518 0.000000 0.000000 0.000000 1.000000 0 3.948807716e-07 1.749000512e-05
140 0.000228 -0.000156 -0.000016 8.590785 -0.903014 -1.006518 0.000000 0.000000 0.000000 1.000000 0 4.509929568e-07 1.852796413e-05
140 0.000211 -0.000144 -0.000015 8.590785 -0.903014 -1.006518 0.000000 0.000000 0.000000 1.000000 0 3.608874977e-07 1.733191311e-05
140 0.000195 -0.000133 -0.000014 8.590785 -0.903014 -1.006518 0.000000 0.000000 0.000000 1.000000 0 2.959277481e-07 1.432583667e-05
141 0.000180 -0.000123 -0.000013 8.706500 -0.915218 -0.988669 0.000000 0.000000 0.000000 1.000000 0 3.629829735e-07 1.604598947e-05
141 0.000166 -0.000114 -0.000012 8.706500 -0.915218 -0.988669 0.000000 0.000000 0.000000 0.999998 1 7.189810276e-07 1.780106686e-05
141 0.000155 -0.000105 -0.000011 8.706500 -0.915218 -0.988669 0.000000 0.000000 0.000000 1.000000 0 6.530899554e-07 1.918012276e-05
141 0.000143 -0.000097 -0.000010 8.706500 -0.915218 -0.988669 0.000000 0.000000 0.000000 1.000000 0 3.639142960e-07 1.583597623e-05
141 0.000132 -0.000090 -0.000009 8.706500 -0.915218 -0.988669 0.000000 0.000000 0.000000 1.000000 0 3.599561751e-07 1.738406718e-05
141 0.000122 -0.000083 -0.000009 8.706500 -0.915218 -0.988669 0.000000 0.000000 0.000000 1.000000 0 3.648456186e-07 1.742085442e-05
141 0.000113 -0.000076 -0.000008 8.706500 -0.915218 -0.988669 0.000000 0.000000 0.000000 1.000000 0 7.550697774e-07 2.635689452e-05
141 0.000104 -0.000070 -0.000007 8.706500 -0.915218 -0.988669 0.000000 0.000000 0.000000 1.000000 0 7.441267371e-07 2.700299956e-05
141 0.000096 -0.000065 -0.000007 8.706500 -0.915218 -0.988669 0.000000 0.000000 0.000000 1.000000 0 4.768371582e-07 1.774099655e-05
141 0.000089 -0.000060 -0.000006 8.706500 -0.915218 -0.988669 0.000000 0.000000 0.000000 1.000000 0 3.890600055e-07 1.750490628e-05
141 0.000082 -0.000055 -0.000006 8.706500 -0.915218 -0.988669 0.000000 0.000000 0.000000 1.000000 0 3.629829735e-07 1.732702367e-05
141 0.000075 -0.000051 -0.000005 8.706500 -0.915218 -0.988669 0.000000 0.000000 0.000000 1.000000 0 8.109491318e-07 3.402307630e-05
141 0.000070 -0.000047 -0.000005 8.706500 -0.915218 -0.988669 0.000000 0.000000 0.000000 1.000000 0 2.130400389e-07 8.351868019e-06
141 0.000064 -0.000044 -0.000005 8.706500 -0.915218 -0.988669 0.000000 0.000000 0.000000 1.000000 0 2.139713615e-07 8.358852938e-06
141 0.000059 -0.000040 -0.000004 8.706500 -0.915218 -0.988669 0.000000 0.000000 0.000000 1.000000 0 5.441252142e-07 1.389998943e-05
141 0.000055 -0.000037 -0.000004 8.706500 -0.915218 -0.988669 0.000000 0.000000 0.000000 1.000000 0 3.180466592e-07 1.512491144e-05
141 0.000051 -0.000034 -0.000004 8.706500 -0.915218 -0.988669 0.000000 0.000000 0.000000 1.000000 0 4.081521183e-07 1.741596498e-05
141 0.000047 -0.000032 -0.000003 8.706500 -0.915218 -0.988669 0.000000 0.000000 0.000000 1.000000 0 3.580935299e-07 1.752912067e-05
141 0.000043 -0.000029 -0.000003 8.706500 -0.915218 -0.988669 0.000000 0.000000 0.000000 1.000000 0 3.608874977e-07 1.591211185e-05
141 0.000040 -0.000027 -0.000003 8.706500 -0.915218 -0.988669 0.000000 0.000000 0.000000 1.000000 0 3.760214895e-07 2.399692312e-05
142 0.000868 -0.000608 -0.000047 8.810425 -1.029367 -0.990050 0.000000 0.000000 0.000000 1.000000 0 3.599561751e-07 1.605320722e-05
142 0.000802 -0.000562 -0.000043 8.810425 -1.029367 -0.990050 0.000000 0.000000 0.000000 1.000000 0 4.118774086e-07 1.911493018e-05
142 0.000740 -0.000519 -0.000040 8.810425 -1.029367 -0.990050 0.000000 0.000000 0.000000 1.000000 0 3.639142960e-07 1.751189120e-05
142 0.000683 -0.000479 -0.000037 8.810425 -1.029367 -0.990050 0.000000 0.000000 0.000000 1.000000 0 3.948807716e-07 1.738290302e-05
142 0.000631 -0.000442 -0.000034 8.810425 -1.029367 -0.990050 0.000000 0.000000 0.000000 1.000000 0 6.100162864e-07 1.921202056e-05
142 0.000582 -0.000408 -0.000031 8.810425 -1.029367 -0.990050 0.000000 0.000000 0.000000 1.000000 0 3.660097718e-07 1.272186637e-05
142 0.000537 -0.000377 -0.000029 8.810425 -1.029367 -0.990050 0.000000 0.000000 0.000000 1.000000 0 9.895302355e-08 8.646864444e-06
142 0.000496 -0.000348 -0.000027 8.810425 -1.029367 -0.990050 0.000000 0.000000 0.000000 1.000000 0 8.917413652e-08 3.905035555e-06
142 0.000458 -0.000321 -0.000025 8.810425 -1.029367 -0.990050 0.000000 0.000000 0.000000 1.000000 0 2.421438694e-07 1.055793837e-05
142 0.000423 -0.000296 -0.000023 8.810425 -1.029367 -0.990050 0.000000 0.000000 0.000000 1.000000 0 2.111773938e-07 1.106294803e-05
142 0.000390 -0.000273 -0.000021 8.810425 -1.029367 -0.990050 0.000000 0.000000 0.000000 1.000000 0 2.309679985e-07 1.008599065e-05
142 0.000360 -0.000252 -0.000019 8.810425 -1.029367 -0.990050 0.000000 0.000000 0.000000 1.000000 0 5.580950528e-07 1.932308078e-05
142 0.000333 -0.000233 -0.000018 8.810425 -1.029367 -0.990050 0.000000 0.000000 0.000000 1.000000 0 3.669410944e-07 1.899199560e-05
142 0.000307 -0.000215 -0.000017 8.810425 -1.029367 -0.990050 0.000000 0.000000 0.000000 1.000000 0 3.608874977e-07 1.591001637e-05
142 0.000283 -0.000199 -0.000015 8.810425 -1.029367 -0.990050 0.000000 0.000000 0.000000 1.000000 0 3.948807716e-07 1.627905294e-05
142 0.000262 -0.000183 -0.000014 8.810425 -1.029367 -0.990050 0.000000 0.000000 0.000000 1.000000 0 4.048924893e-07 1.733889803e-05
142 0.000241 -0.000169 -0.000013 8.810425 -1.029367 -0.990050 0.000000 0.000000 0.000000 1.000000 0 4.009343684e-07 1.624203287e-05
142 0.000223 -0.000156 -0.000012 8.810425 -1.029367 -0.990050 0.000000 0.000000 0.000000 1.000000 0 3.988388926e-07 1.716404222e-05
142 0.000206 -0.000144 -0.000011 8.810425 -1.029367 -0.990050 0.000000 0.000000 0.000000 1.000000 0 3.639142960e-07 1.739501022e-05
142 0.000190 -0.000133 -0.000010 8.810425 -1.029367 -0.990050 0.000000 0.000000 0.000000 1.000000 0 3.650784492e-07 1.735100523e-05
143 0.000175 -0.000123 -0.000009 8.924070 -1.037383 -0.964949 0.000000 0.000000 0.000000 1.000000 0 3.599561751e-07 1.673703082e-05
143 0.000162 -0.000113 -0.000009 8.924070 -1.037383 -0.964949 0.000000 0.000000 0.000000 1.000000 0 5.180481821e-07 1.924112439e-05
143 0.000149 -0.000105 -0.000008 8.924070 -1.037383 -0.964949 0.000000 0.000000 0.000000 1.000000 0 3.629829735e-07 1.583900303e-05
143 0.000138 -0.000097 -0.000007 8.924070 -1.037383 -0.964949 0.000000 0.000000 0.000000 1.000000 0 8.218921721e-07 2.669985406e-05
143 0.000127 -0.000089 -0.000007 8.924070 -1.037383 -0.964949 0.000000 0.000000 0.000000 1.000000 0 6.929039955e-07 2.645212226e-05
143 0.000118 -0.000082 -0.000006 8.924070 -1.037383 -0.964949 0.000000 0.000000 0.000000 1.000000 0 3.639142960e-07 1.670210622e-05
143 0.000108 -0.000076 -0.000006 8.924070 -1.037383 -0.964949 0.000000 0.000000 0.000000 1.000000 0 3.639142960e-07 1.735403202e-05
143 0.000100 -0.000070 -0.000005 8.924070 -1.037383 -0.964949 0.000000 0.000000 0.000000 1.000000 0 3.639142960e-07 1.585111022e-05
143 0.000092 -0.000065 -0.000005 8.924070 -1.037383 -0.964949 0.000000 0.000000 0.000000 1.000000 0 5.129259080e-07 1.853518188e-05
143 0.000085 -0.000060 -0.000005 8.924070 -1.037383 -0.964949 0.000000 0.000000 0.000000 1.000000 0 3.881286830e-07 1.733889803e-05
143 0.000079 -0.000055 -0.000004 8.924070 -1.037383 -0.964949 0.000000 0.000000 0.000000 1.000000 0 3.599561751e-07 1.624692231e-05
143 0.000073 -0.000051 -0.000004 8.924070 -1.037383 -0.964949 0.000000 0.000000 0.000000 1.000000 0 3.650784492e-07 1.748302020e-05
143 0.000067 -0.000047 -0.000004 8.924070 -1.037383 -0.964949 0.000000 0.000000 0.000000 1.000000 0 3.890600055e-07 1.894496381e-05
143 0.000062 -0.000043 -0.000003 8.924070 -1.037383 -0.964949 0.000000 0.000000 0.000000 1.000000 0 5.238689482e-07 1.647905447e-05
143 0.000057 -0.000040 -0.000003 8.924070 -1.037383 -0.964949 0.000000 0.000000 0.000000 1.000000 0 3.390014172e-07 1.485412940e-05
143 0.000053 -0.000037 -0.000003 8.924070 -1.037383 -0.964949 0.000000 0.000000 0.000000 1.000000 0 7.639173418e-07 2.646609209e-05
143 0.000049 -0.000034 -0.000003 8.924070 -1.037383 -0.964949 0.000000 0.000000 0.000000 1.000000 0 6.691552699e-07 2.625607885e-05
143 0.000045 -0.000032 -0.000002 8.924070 -1.037383 -0.964949 0.000000 0.000000 0.000000 1.000000 0 6.970949471e-07 2.645794302e-05
143 0.000042 -0.000029 -0.000002 8.924070 -1.037383 -0.964949 0.000000 0.000000 0.000000 1.000000 0 5.508773029e-07 1.763505861e-05
143 0.000038 -0.000027 -0.000002 8.924070 -1.037383 -0.964949 0.000000 0.000000 0.000000 1.000000 0 3.657769412e-07 1.744111069e-05
144 0.000858 -0.000608 -0.000013 9.024529 -1.150659 -0.959661 0.000000 0.000000 0.000000 1.000000 0 3.648456186e-07 1.599197276e-05
144 0.000792 -0.000562 -0.000012 9.024529 -1.150659 -0.959661 0.000000 0.000000 0.000000 1.000000 0 3.450550139e-07 1.759803854e-05
144 0.000731 -0.000518 -0.000011 9.024529 -1.150659 -0.959661 0.000000 0.000000 0.000000 1.000000 0 4.619359970e-07 1.803506166e-05
144 0.000675 -0.000479 -0.000010 9.024529 -1.150659 -0.959661 0.000000 0.000000 0.000000 1.000000 0 3.420282155e-07 1.622713171e-05
144 0.000623 -0.000442 -0.000010 9.024529 -1.150659 -0.959661 0.000000 0.000000 0.000000 1.000000 0 3.620516509e-07 1.716590486e-05
144 0.000575 -0.000408 -0.000009 9.024529 -1.150659 -0.959661 0.000000 0.000000 0.000000 1.000000 0 8.461065590e-07 2.684793435e-05
144 0.000531 -0.000376 -0.000008 9.024529 -1.150659 -0.959661 0.000000 0.000000 0.000000 1.000000 0 7.220078260e-07 2.672313713e-05
144 0.000490 -0.000348 -0.000008 9.024529 -1.150659 -0.959661 0.000000 0.000000 0.000000 1.000000 0 7.369089872e-07 2.636620775e-05
144 0.000452 -0.000321 -0.000007 9.024529 -1.150659 -0.959661 0.000000 0.000000 0.000000 1.000000 0 3.599561751e-07 1.729815267e-05
144 0.000418 -0.000296 -0.000006 9.024529 -1.150659 -0.959661 0.000000 0.000000 0.000000 1.000000 0 1.580920070e-07 7.001915947e-06
144 0.000386 -0.000273 -0.000006 9.024529 -1.150659 -0.959661 0.000000 0.000000 0.000000 1.000000 0 5.799811333e-07 1.865089871e-05
144 0.000356 -0.000252 -0.000006 9.024529 -1.150659 -0.959661 0.000000 0.000000 0.000000 1.000000 0 2.209562808e-07 1.155911013e-05
144 0.000329 -0.000233 -0.000005 9.024529 -1.150659 -0.959661 0.000000 0.000000 0.000000 1.000000 0 3.620516509e-07 1.896894537e-05
144 0.000303 -0.000215 -0.000005 9.024529 -1.150659 -0.959661 0.000000 0.000000 0.000000 1.000000 0 3.639142960e-07 1.723715104e-05
144 0.000280 -0.000199 -0.000004 9.024529 -1.150659 -0.959661 0.000000 0.000000 0.000000 1.000000 0 3.599561751e-07 1.615006477e-05
144 0.000258 -0.000183 -0.000004 9.024529 -1.150659 -0.959661 0.000000 0.000000 0.000000 1.000000 0 7.851049304e-07 2.731499262e-05
144 0.000239 -0.000169 -0.000004 9.024529 -1.150659 -0.959661 0.000000 0.000000 0.000000 1.000000 0 6.700865924e-07 2.629193477e-05
144 0.000220 -0.000156 -0.000003 9.024529 -1.150659 -0.959661 0.000000 0.000000 0.000000 1.000000 0 7.899943739e-07 1.873495057e-05
144 0.000203 -0.000144 -0.000003 9.024529 -1.150659 -0.959661 0.000000 0.000000 0.000000 1.000000 0 3.660097718e-07 1.738080755e-05
144 0.000188 -0.000133 -0.000003 9.024529 -1.150659 -0.959661 0.000000 0.000000 0.000000 1.000000 0 3.641471267e-07 1.775915734e-05
145 0.000173 -0.000123 -0.000003 9.136523 -1.154038 -0.927820 0.000000 0.000000 0.000000 1.000000 0 3.848690540e-07 1.721503213e-05
145 0.000160 -0.000113 -0.000002 9.136523 -1.154038 -0.927820 0.000000 0.000000 0.000000 1.000000 0 3.608874977e-07 1.740502194e-05
145 0.000148 -0.000105 -0.000002 9.136523 -1.154038 -0.927820 0.000000 0.000000 0.000000 1.000000 0 3.830064088e-07 1.662992872e-05
145 0.000136 -0.000097 -0.000002 9.136523 -1.154038 -0.927820 0.000000 0.000000 0.000000 1.000000 0 3.550667316e-07 1.628394239e-05
145 0.000126 -0.000089 -0.000002 9.136523 -1.154038 -0.927820 0.000000 0.000000 0.000000 1.000000 0 3.899913281e-07 1.751189120e-05
145 0.000116 -0.000082 -0.000002 9.136523 -1.154038 -0.927820 0.000000 0.000000 0.000000 1.000000 0 3.760214895e-07 1.717894338e-05
145 0.000107 -0.000076 -0.000002 9.136523 -1.154038 -0.927820 0.000000 0.000000 0.000000 1.000000 0 3.650784492e-07 1.732585952e-05
145 0.000099 -0.000070 -0.000002 9.136523 -1.154038 -0.927820 0.000000 0.000000 0.000000 1.000000 0 8.218921721e-07 2.663000487e-05
145 0.000091 -0.000065 -0.000001 9.136523 -1.154038 -0.927820 0.000000 0.000000 0.000000 1.000000 0 3.639142960e-07 1.736008562e-05
145 0.000084 -0.000060 -0.000001 9.136523 -1.154038 -0.927820 0.000000 0.000000 0.000000 1.000000 0 3.729946911e-07 1.523992978e-05
145 0.000078 -0.000055 -0.000001 9.136523 -1.154038 -0.927820 0.000000 0.000000 0.000000 1.000000 0 2.679880708e-07 1.162593253e-05
145 0.000072 -0.000051 -0.000001 9.136523 -1.154038 -0.927820 0.000000 0.000000 0.000000 1.000000 0 3.669410944e-07 1.748977229e-05
145 0.000066 -0.000047 -0.000001 9.136523 -1.154038 -0.927820 0.000000 0.000000 0.000000 1.000000 0 8.598435670e-07 2.748798579e-05
145 0.000061 -0.000043 -0.000001 9.136523 -1.154038 -0.927820 0.000000 0.000000 0.000000 1.000000 0 7.839407772e-07 2.628099173e-05
145 0.000057 -0.000040 -0.000001 9.136523 -1.154038 -0.927820 0.000000 0.000000 0.000000 1.000000 0 6.698537618e-07 2.626399510e-05
145 0.000052 -0.000037 -0.000001 9.136523 -1.154038 -0.927820 0.000000 0.000000 0.000000 1.000000 0 6.710179150e-07 2.632406540e-05
145 0.000048 -0.000034 -0.000001 9.136523 -1.154038 -0.927820 0.000000 0.000000 0.000000 1.000000 0 6.700865924e-07 2.630194649e-05
145 0.000044 -0.000032 -0.000001 9.136523 -1.154038 -0.927820 0.000000 0.000000 0.000000 1.000000 0 3.618188202e-07 1.724180765e-05
145 0.000041 -0.000029 -0.000001 9.136523 -1.154038 -0.927820 0.000000 0.000000 0.000000 1.000000 0 3.629829735e-07 1.738709398e-05
145 0.000038 -0.000027 -0.000001 9.136523 -1.154038 -0.927820 0.000000 0.000000 0.000000 1.000000 0 3.979075700e-07 1.740804873e-05
146 0.000882 -0.000618 0.000022 9.233973 -1.263894 -0.915851 0.000000 0.000000 0.000000 1.000000 0 5.408655852e-07 1.636217348e-05
146 0.000814 -0.000570 0.000021 9.233973 -1.263894 -0.915851 0.000000 0.000000 0.000000 1.000000 0 3.632158041e-07 1.737195998e-05
146 0.000751 -0.000526 0.000019 9.233973 -1.263894 -0.915851 0.000000 0.000000 0.000000 1.000000 0 3.608874977e-07 1.701014116e-05
146 0.000694 -0.000486 0.000018 9.233973 -1.263894 -0.915851 0.000000 0.000000 0.000000 1.000000 0 3.601890057e-07 1.990702003e-05
146 0.000640 -0.000449 0.000016 9.233973 -1.263894 -0.915851 0.000000 0.000000 0.000000 1.000000 0 9.019859135e-07 2.567097545e-05
146 0.000591 -0.000414 0.000015 9.233973 -1.263894 -0.915851 0.000000 0.000000 0.000000 1.000000 0 3.660097718e-07 1.730001532e-05
146 0.000546 -0.000382 0.000014 9.233973 -1.263894 -0.915851 0.000000 0.000000 0.000000 1.000000 0 7.839407772e-07 2.664909698e-05
146 0.000504 -0.000353 0.000013 9.233973 -1.263894 -0.915851 0.000000 0.000000 0.000000 1.000000 0 7.359776646e-07 2.635899000e-05
146 0.000465 -0.000326 0.000012 9.233973 -1.263894 -0.915851 0.000000 0.000000 0.000000 1.000000 0 6.658956409e-07 2.631405368e-05
146 0.000429 -0.000301 0.000011 9.233973 -1.263894 -0.915851 0.000000 0.000000 0.000000 1.000000 0 8.200295269e-07 2.772198059e-05
146 0.000396 -0.000278 0.000010 9.233973 -1.263894 -0.915851 0.000000 0.000000 0.000000 1.000000 0 3.648456186e-07 1.746206544e-05
146 0.000366 -0.000256 0.000009 9.233973 -1.263894 -0.915851 0.000000 0.000000 0.000000 1.000000 0 4.139728844e-07 1.733284444e-05
146 0.000338 -0.000237 0.000009 9.233973 -1.263894 -0.915851 0.000000 0.000000 0.000000 1.000000 0 3.629829735e-07 1.745810732e-05
146 0.000312 -0.000218 0.000008 9.233973 -1.263894 -0.915851 0.000000 0.000000 0.000000 1.000000 0 3.948807716e-07 1.629092731e-05
146 0.000288 -0.000202 0.000007 9.233973 -1.263894 -0.915851 0.000000 0.000000 0.000000 1.000000 0 3.890600055e-07 2.500880510e-05
146 0.000266 -0.000186 0.000007 9.233973 -1.263894 -0.915851 0.000000 0.000000 0.000000 1.000000 0 3.641471267e-07 1.909490675e-05
146 0.000245 -0.000172 0.000006 9.233973 -1.263894 -0.915851 0.000000 0.000000 0.000000 1.000000 0 6.021000445e-07 1.900992356e-05
146 0.000226 -0.000159 0.000006 9.233973 -1.263894 -0.915851 0.000000 0.000000 0.000000 1.000000 0 4.500616342e-07 1.739896834e-05
146 0.000209 -0.000146 0.000005 9.233973 -1.263894 -0.915851 0.000000 0.000000 0.000000 1.000000 0 3.660097718e-07 1.584296115e-05
146 0.000193 -0.000135 0.000005 9.233973 -1.263894 -0.915851 0.000000 0.000000 0.000000 1.000000 0 3.899913281e-07 1.751910895e-05
147 0.000178 -0.000125 0.000005 9.343739 -1.261505 -0.877883 0.000000 0.000000 0.000000 1.000000 0 4.619359970e-07 1.744087785e-05
147 0.000164 -0.000115 0.000004 9.343739 -1.261505 -0.877883 0.000000 0.000000 0.000000 1.000000 0 4.740431905e-07 1.831911504e-05
147 0.000152 -0.000106 0.000004 9.343739 -1.261505 -0.877883 0.000000 0.000000 0.000000 1.000000 0 4.090834409e-07 1.600314863e-05
147 0.000140 -0.000098 0.000004 9.343739 -1.261505 -0.877883 0.000000 0.000000 0.000000 1.000000 0 3.869645298e-07 1.746392809e-05
147 0.000129 -0.000091 0.000003 9.343739 -1.261505 -0.877883 0.000000 0.000000 0.000000 1.000000 0 3.639142960e-07 1.777918078e-05
147 0.000119 -0.000084 0.000003 9.343739 -1.261505 -0.877883 0.000000 0.000000 0.000000 1.000000 0 1.890584826e-07 8.955132216e-06
147 0.000110 -0.000077 0.000003 9.343739 -1.261505 -0.877883 0.000000 0.000000 0.000000 1.000000 0 1.389998943e-07 6.558140740e-06
147 0.000102 -0.000071 0.000003 9.343739 -1.261505 -0.877883 0.000000 0.000000 0.000000 1.000000 0 1.101288944e-07 4.854053259e-06
147 0.000094 -0.000066 0.000002 9.343739 -1.261505 -0.877883 0.000000 0.000000 0.000000 1.000000 0 1.050066203e-07 4.002824426e-06
147 0.000087 -0.000061 0.000002 9.343739 -1.261505 -0.877883 0.000000 0.000000 0.000000 1.000000 0 8.800998330e-08 3.905966878e-06
147 0.000080 -0.000056 0.000002 9.343739 -1.261505 -0.877883 0.000000 0.000000 0.000000 1.000000 0 2.039596438e-07 9.792158380e-06
147 0.000074 -0.000052 0.000002 9.343739 -1.261505 -0.877883 0.000000 0.000000 0.000000 1.000000 0 2.239830792e-07 1.057004556e-05
147 0.000068 -0.000048 0.000002 9.343739 -1.261505 -0.877883 0.000000 0.000000 0.000000 1.000000 0 3.362074494e-07 1.611979678e-05
147 0.000063 -0.000044 0.000002 9.343739 -1.261505 -0.877883 0.000000 0.000000 0.000000 1.000000 0 3.369059414e-07 1.511606388e-05
147 0.000058 -0.000041 0.000001 9.343739 -1.261505 -0.877883 0.000000 0.000000 0.000000 1.000000 0 3.390014172e-07 1.626205631e-05
147 0.000054 -0.000038 0.000001 9.343739 -1.261505 -0.877883 0.000000 0.000000 0.000000 1.000000 0 3.650784492e-07 1.746998169e-05
147 0.000050 -0.000035 0.000001 9.343739 -1.261505 -0.877883 0.000000 0.000000 0.000000 1.000000 0 3.390014172e-07 1.507205889e-05
147 0.000046 -0.000032 0.000001 9.343739 -1.261505 -0.877883 0.000000 0.000000 0.000000 1.000000 0 3.450550139e-07 1.497194171e-05
147 0.000042 -0.000030 0.000001 9.343739 -1.261505 -0.877883 0.000000 0.000000 0.000000 1.000000 0 7.529743016e-07 2.538785338e-05
147 0.000039 -0.000027 0.000001 9.343739 -1.261505 -0.877883 0.000000 0.000000 0.000000 1.000000 0 3.918539733e-07 2.097105607e-05
147 0.000036 -0.000025 0.000001 9.343739 -1.261505 -0.877883 0.000000 0.000000 0.000000 1.000000 0 4.291068763e-07 1.903204247e-05
148 0.000837 -0.000579 0.000053 9.437692 -1.367817 -0.860088 0.000000 0.000000 0.000000 1.000000 0 4.852190614e-07 1.782993786e-05
148 0.000773 -0.000535 0.000049 9.437692 -1.367817 -0.860088 0.000000 0.000000 0.000000 1.000000 0 3.629829735e-07 1.594703645e-05
148 0.000713 -0.000494 0.000045 9.437692 -1.367817 -0.860088 0.000000 0.000000 0.000000 1.000000 0 4.461035132e-07 1.726695336e-05
148 0.000658 -0.000456 0.000041 9.437692 -1.367817 -0.860088 0.000000 0.000000 0.000000 1.000000 0 3.550667316e-07 1.550884917e-05
148 0.000608 -0.000421 0.000038 9.437692 -1.367817 -0.860088 0.000000 0.000000 0.000000 1.000000 0 4.400499165e-07 1.626298763e-05
148 0.000561 -0.000388 0.000035 9.437692 -1.367817 -0.860088 0.000000 0.000000 0.000000 1.000000 0 3.629829735e-07 1.591187902e-05
148 0.000518 -0.000359 0.000033 9.437692 -1.367817 -0.860088 0.000000 0.000000 0.000000 1.000000 0 6.689224392e-07 2.622883767e-05
148 0.000478 -0.000331 0.000030 9.437692 -1.367817 -0.860088 0.000000 0.000000 0.000000 1.000000 0 3.408640623e-07 1.706089824e-05
148 0.000441 -0.000306 0.000028 9.437692 -1.367817 -0.860088 0.000000 0.000000 0.000000 1.000000 0 3.429595381e-07 1.653400250e-05
148 0.000407 -0.000282 0.000026 9.437692 -1.367817 -0.860088 0.000000 0.000000 0.000000 1.000000 0 4.959292710e-07 1.754309051e-05
148 0.000376 -0.000260 0.000024 9.437692 -1.367817 -0.860088 0.000000 0.000000 0.000000 1.000000 0 3.380700946e-07 1.581502147e-05
148 0.000347 -0.000240 0.000022 9.437692 -1.367817 -0.860088 0.000000 0.000000 0.000000 1.000000 0 3.620516509e-07 1.708394848e-05
148 0.000320 -0.000222 0.000020 9.437692 -1.367817 -0.860088 0.000000 0.000000 0.000000 1.000000 0 3.431923687e-07 1.602014527e-05
148 0.000296 -0.000205 0.000019 9.437692 -1.367817 -0.860088 0.000000 0.000000 0.000000 1.000000 0 3.362074494e-07 1.625111327e-05
148 0.000273 -0.000189 0.000017 9.437692 -1.367817 -0.860088 0.000000 0.000000 0.000000 1.000000 0 3.408640623e-07 1.515308395e-05
148 0.000252 -0.000175 0.000016 9.437692 -1.367817 -0.860088 0.000000 0.000000 0.000000 1.000000 0 8.987262845e-08 3.900146112e-06
148 0.000233 -0.000161 0.000015 9.437692 -1.367817 -0.860088 0.000000 0.000000 0.000000 1.000000 0 7.729977369e-07 2.506119199e-05
148 0.000215 -0.000149 0.000014 9.437692 -1.367817 -0.860088 0.000000 0.000000 0.000000 1.000000 0 2.100132406e-07 1.095817424e-05
148 0.000198 -0.000137 0.000012 9.437692 -1.367817 -0.860088 0.000000 0.000000 0.000000 1.000000 0 3.669410944e-07 1.476891339e-05
148 0.000183 -0.000127 0.000012 9.437692 -1.367817 -0.860088 0.000000 0.000000 0.000000 1.000000 0 7.029157132e-07 1.887301914e-05
149 0.000169 -0.000117 0.000011 9.545120 -1.359386 -0.816616 0.000000 0.000000 0.000000 1.000000 0 4.000030458e-07 1.762900501e-05
149 0.000156 -0.000108 0.000010 9.545120 -1.359386 -0.816616 0.000000 0.000000 0.000000 1.000000 0 7.220078260e-07 2.478901297e-05
149 0.000144 -0.000100 0.000009 9.545120 -1.359386 -0.816616 0.000000 0.000000 0.000000 1.000000 0 3.911554813e-07 1.857103780e-05
149 0.000133 -0.000092 0.000008 9.545120 -1.359386 -0.816616 0.000000 0.000000 0.000000 1.000000 0 3.830064088e-07 1.645414159e-05
149 0.000123 -0.000085 0.000008 9.545120 -1.359386 -0.816616 0.000000 0.000000 0.000000 1.000000 0 3.939494491e-07 2.046511509e-05
149 0.000113 -0.000078 0.000007 9.545120 -1.359386 -0.816616 0.000000 0.000000 0.000000 1.000000 0 3.650784492e-07 1.736497506e-05
149 0.000105 -0.000072 0.000007 9.545120 -1.359386 -0.816616 0.000000 0.000000 0.000000 1.000000 0 3.369059414e-07 1.620990224e-05
149 0.000097 -0.000067 0.000006 9.545120 -1.359386 -0.816616 0.000000 0.000000 0.000000 1.000000 0 3.650784492e-07 1.589604653e-05
149 0.000089 -0.000062 0.000006 9.545120 -1.359386 -0.816616 0.000000 0.000000 0.000000 1.000000 0 3.860332072e-07 1.583900303e-05
149 0.000082 -0.000057 0.000005 9.545120 -1.359386 -0.816616 0.000000 0.000000 0.000000 1.000000 0 3.569293767e-07 1.614587381e-05
149 0.000076 -0.000053 0.000005 9.545120 -1.359386 -0.816616 0.000000 0.000000 0.000000 1.000000 0 3.608874977e-07 1.595402136e-05
149 0.000070 -0.000049 0.000004 9.545120 -1.359386 -0.816616 0.000000 0.000000 0.000000 1.000000 0 8.810311556e-07 2.679298632e-05
149 0.000065 -0.000045 0.000004 9.545120 -1.359386 -0.816616 0.000000 0.000000 0.000000 1.000000 0 6.230548024e-07 2.450309694e-05
149 0.000060 -0.000041 0.000004 9.545120 -1.359386 -0.816616 0.000000 0.000000 0.000000 1.000000 0 7.008202374e-07 1.760898158e-05
149 0.000055 -0.000038 0.000003 9.545120 -1.359386 -0.816616 0.000000 0.000000 0.000000 1.000000 0 3.648456186e-07 1.601199619e-05
149 0.000051 -0.000035 0.000003 9.545120 -1.359386 -0.816616 0.000000 0.000000 0.000000 1.000000 0 3.380700946e-07 1.622200944e-05
149 0.000047 -0.000033 0.000003 9.545120 -1.359386 -0.816616 0.000000 0.000000 0.000000 1.000000 0 4.209578037e-07 1.773517579e-05
149 0.000043 -0.000030 0.000003 9.545120 -1.359386 -0.816616 0.000000 0.000000 0.000000 1.000000 0 3.911554813e-07 1.768209040e-05
149 0.000040 -0.000028 0.000003 9.545120 -1.359386 -0.816616 0.000000 0.000000 0.000000 1.000000 0 9.313225746e-08 4.208879545e-06
149 0.000037 -0.000026 0.000002 9.545120 -1.359386 -0.816616 0.000000 0.000000 0.000000 1.000000 0 8.917413652e-08 4.640081897e-06
150 0.000857 -0.000584 0.000083 9.635064 -1.461519 -0.793807 0.000000 0.000000 0.000000 1.000000 0 1.799780875e-07 7.392140105e-06
150 0.000791 -0.000539 0.000077 9.635064 -1.461519 -0.793807 0.000000 0.000000 0.000000 1.000000 0 1.650769264e-07 7.377006114e-06
150 0.000730 -0.000498 0.000071 9.635064 -1.461519 -0.793807 0.000000 0.000000 0.000000 1.000000 0 2.689193934e-07 1.285807230e-05
150 0.000674 -0.000460 0.000065 9.635064 -1.461519 -0.793807 0.000000 0.000000 0.000000 1.000000 0 3.650784492e-07 1.751887612e-05
150 0.000622 -0.000424 0.000060 9.635064 -1.461519 -0.793807 0.000000 0.000000 0.000000 1.000000 0 3.660097718e-07 1.607788727e-05
150 0.000574 -0.000392 0.000056 9.635064 -1.461519 -0.793807 0.000000 0.000000 0.000000 1.000000 0 8.321367204e-07 2.656807192e-05
150 0.000530 -0.000362 0.000051 9.635064 -1.461519 -0.793807 0.000000 0.000000 0.000000 1.000000 0 7.019843906e-07 2.639787272e-05
150 0.000489 -0.000334 0.000048 9.635064 -1.461519 -0.793807 0.000000 0.000000 0.000000 1.000000 0 3.639142960e-07 1.726113260e-05
150 0.000452 -0.000308 0.000044 9.635064 -1.461519 -0.793807 0.000000 0.000000 0.000000 1.000000 0 6.111804396e-07 1.685600728e-05
150 0.000417 -0.000284 0.000041 9.635064 -1.461519 -0.793807 0.000000 0.000000 0.000000 1.000000 0 3.399327397e-07 1.762108877e-05
150 0.000385 -0.000263 0.000037 9.635064 -1.461519 -0.793807 0.000000 0.000000 0.000000 1.000000 0 4.128087312e-07 1.781107858e-05
150 0.000355 -0.000242 0.000035 9.635064 -1.461519 -0.793807 0.000000 0.000000 0.000000 1.000000 0 3.390014172e-07 1.477589831e-05
150 0.000328 -0.000224 0.000032 9.635064 -1.461519 -0.793807 0.000000 0.000000 0.000000 1.000000 0 3.920868039e-07 1.627090387e-05
150 0.000303 -0.000207 0.000029 9.635064 -1.461519 -0.793807 0.000000 0.000000 0.000000 1.000000 0 7.259659469e-07 1.878407784e-05
150 0.000280 -0.000191 0.000027 9.635064 -1.461519 -0.793807 0.000000 0.000000 0.000000 1.000000 0 3.611203283e-07 1.897709444e-05
150 0.000258 -0.000176 0.000025 9.635064 -1.461519 -0.793807 0.000000 0.000000 0.000000 1.000000 0 3.650784492e-07 1.650606282e-05
150 0.000238 -0.000162 0.000023 9.635064 -1.461519 -0.793807 0.000000 0.000000 0.000000 1.000000 0 3.390014172e-07 1.475517638e-05
150 0.000220 -0.000150 0.000021 9.635064 -1.461519 -0.793807 0.000000 0.000000 0.000000 1.000000 0 3.639142960e-07 1.734099351e-05
150 0.000203 -0.000138 0.000020 9.635064 -1.461519 -0.793807 0.000000 0.000000 0.000000 1.000000 0 4.400499165e-07 1.748511568e-05
150 0.000187 -0.000128 0.000018 9.635064 -1.461519 -0.793807 0.000000 0.000000 0.000000 1.000000 0 3.639142960e-07 1.636100933e-05
151 0.000173 -0.000118 0.000017 9.739494 -1.446904 -0.745730 0.000000 0.000000 0.000000 1.000000 0 4.668254405e-07 1.781689934e-05
151 0.000160 -0.000109 0.000016 9.739494 -1.446904 -0.745730 0.000000 0.000000 0.000000 1.000000 0 3.438908607e-07 1.678499393e-05
151 0.000147 -0.000101 0.000014 9.739494 -1.446904 -0.745730 0.000000 0.000000 0.000000 1.000000 0 3.390014172e-07 1.480593346e-05
151 0.000136 -0.000093 0.000013 9.739494 -1.446904 -0.745730 0.000000 0.000000 0.000000 1.000000 0 3.639142960e-07 1.722900197e-05
151 0.000126 -0.000086 0.000012 9.739494 -1.446904 -0.745730 0.000000 0.000000 0.000000 1.000000 0 3.881286830e-07 1.629418693e-05
151 0.000116 -0.000079 0.000011 9.739494 -1.446904 -0.745730 0.000000 0.000000 0.000000 1.000000 0 5.539041013e-07 1.671793871e-05
151 0.000107 -0.000073 0.000010 9.739494 -1.446904 -0.745730 0.000000 0.000000 0.000000 1.000000 0 3.720633686e-07 1.691910438e-05
151 0.000099 -0.000067 0.000010 9.739494 -1.446904 -0.745730 0.000000 0.000000 0.000000 1.000000 0 3.639142960e-07 1.752609387e-05
151 0.000091 -0.000062 0.000009 9.739494 -1.446904 -0.745730 0.000000 0.000000 0.000000 1.000000 0 7.769558579e-07 2.803397365e-05
151 0.000084 -0.000057 0.000008 9.739494 -1.446904 -0.745730 0.000000 0.000000 0.000000 1.000000 0 2.209562808e-07 8.394941688e-06
151 0.000078 -0.000053 0.000008 9.739494 -1.446904 -0.745730 0.000000 0.000000 0.000000 1.000000 0 2.789311111e-07 9.694835171e-06
151 0.000072 -0.000049 0.000007 9.739494 -1.446904 -0.745730 0.000000 0.000000 0.000000 1.000000 0 2.339947969e-07 8.395873010e-06
151 0.000066 -0.000045 0.000006 9.739494 -1.446904 -0.745730 0.000000 0.000000 0.000000 1.000000 0 1.178123057e-07 4.065921530e-06
151 0.000061 -0.000042 0.000006 9.739494 -1.446904 -0.745730 0.000000 0.000000 0.000000 1.000000 0 8.894130588e-08 4.235887900e-06
151 0.000056 -0.000038 0.000005 9.739494 -1.446904 -0.745730 0.000000 0.000000 0.000000 1.000000 0 9.220093489e-08 4.226109013e-06
151 0.000052 -0.000036 0.000005 9.739494 -1.446904 -0.745730 0.000000 0.000000 0.000000 1.000000 0 8.894130588e-08 4.224013537e-06
151 0.000048 -0.000033 0.000005 9.739494 -1.446904 -0.745730 0.000000 0.000000 0.000000 1.000000 0 3.350432962e-07 1.310301013e-05
151 0.000044 -0.000030 0.000004 9.739494 -1.446904 -0.745730 0.000000 0.000000 0.000000 1.000000 0 5.709007382e-07 1.674494706e-05
151 0.000041 -0.000028 0.000004 9.739494 -1.446904 -0.745730 0.000000 0.000000 0.000000 1.000000 0 3.639142960e-07 1.669907942e-05
151 0.000038 -0.000026 0.000004 9.739494 -1.446904 -0.745730 0.000000 0.000000 0.000000 1.000000 0 3.390014172e-07 1.485086977e-05
152 0.000882 -0.000589 0.000115 9.826409 -1.544967 -0.718242 0.000000 0.000000 0.000000 1.000000 0 3.378372639e-07 1.612608321e-05
152 0.000814 -0.000544 0.000106 9.826409 -1.544967 -0.718242 0.000000 0.000000 0.000000 1.000000 0 3.918539733e-07 1.734890975e-05
152 0.000752 -0.000502 0.000098 9.826409 -1.544967 -0.718242 0.000000 0.000000 0.000000 1.000000 0 5.548354238e-07 1.658685505e-05
152 0.000694 -0.000463 0.000090 9.826409 -1.544967 -0.718242 0.000000 0.000000 0.000000 1.000000 0 8.800998330e-08 4.664063454e-06
152 0.000641 -0.000428 0.000083 9.826409 -1.544967 -0.718242 0.000000 0.000000 0.000000 1.000000 0 3.608874977e-07 1.774006523e-05
152 0.000591 -0.000395 0.000077 9.826409 -1.544967 -0.718242 0.000000 0.000000 0.000000 1.000000 0 3.620516509e-07 1.741922460e-05
152 0.000546 -0.000364 0.000071 9.826409 -1.544967 -0.718242 0.000000 0.000000 0.000000 1.000000 0 7.799826562e-07 2.696295269e-05
152 0.000504 -0.000336 0.000066 9.826409 -1.544967 -0.718242 0.000000 0.000000 0.000000 1.000000 0 2.880115062e-07 8.970033377e-06
152 0.000465 -0.000311 0.000060 9.826409 -1.544967 -0.718242 0.000000 0.000000 0.000000 1.000000 0 2.239830792e-07 8.458038792e-06
152 0.000429 -0.000287 0.000056 9.826409 -1.544967 -0.718242 0.000000 0.000000 0.000000 1.000000 0 1.038424671e-07 4.831003025e-06
152 0.000396 -0.000265 0.000052 9.826409 -1.544967 -0.718242 0.000000 0.000000 0.000000 1.000000 0 9.499490261e-08 4.529953003e-06
152 0.000366 -0.000244 0.000048 9.826409 -1.544967 -0.718242 0.000000 0.000000 0.000000 1.000000 0 6.209593266e-07 2.180202864e-05
152 0.000338 -0.000226 0.000044 9.826409 -1.544967 -0.718242 0.000000 0.000000 0.000000 1.000000 0 4.670582712e-07 1.832609996e-05
152 0.000312 -0.000208 0.000041 9.826409 -1.544967 -0.718242 0.000000 0.000000 0.000000 1.000000 0 2.279412001e-07 8.379807696e-06
152 0.000288 -0.000192 0.000037 9.826409 -1.544967 -0.718242 0.000000 0.000000 0.000000 1.000000 0 9.220093489e-07 2.695899457e-05
152 0.000266 -0.000177 0.000035 9.826409 -1.544967 -0.718242 0.000000 0.000000 0.000000 1.000000 0 6.230548024e-07 2.448516898e-05
152 0.000245 -0.000164 0.000032 9.826409 -1.544967 -0.718242 0.000000 0.000000 0.000000 1.000000 0 4.621688277e-07 1.750700176e-05
152 0.000226 -0.000151 0.000029 9.826409 -1.544967 -0.718242 0.000000 0.000000 0.000000 1.000000 0 2.209562808e-07 1.071486622e-05
152 0.000209 -0.000140 0.000027 9.826409 -1.544967 -0.718242 0.000000 0.000000 0.000000 1.000000 0 3.650784492e-07 1.739198342e-05
152 0.000193 -0.000129 0.000025 9.826409 -1.544967 -0.718242 0.000000 0.000000 0.000000 1.000000 0 6.072223186e-07 1.762202010e-05
153 0.000178 -0.000119 0.000023 9.928723 -1.523729 -0.665792 0.000000 0.000000 0.000000 1.000000 0 3.860332072e-07 1.748488285e-05
153 0.000164 -0.000110 0.000021 9.928723 -1.523729 -0.665792 0.000000 0.000000 0.000000 1.000000 0 3.979075700e-07 1.881201752e-05
153 0.000152 -0.000101 0.000020 9.928723 -1.523729 -0.665792 0.000000 0.000000 0.000000 1.000000 0 4.179310054e-07 1.905905083e-05
153 0.000140 -0.000094 0.000018 9.928723 -1.523729 -0.665792 0.000000 0.000000 0.000000 1.000000 0 3.608874977e-07 1.585483551e-05
153 0.000129 -0.000086 0.000017 9.928723 -1.523729 -0.665792 0.000000 0.000000 0.000000 1.000000 0 7.320195436e-07 1.907511614e-05
153 0.000119 -0.000080 0.000016 9.928723 -1.523729 -0.665792 0.000000 0.000000 0.000000 1.000000 0 3.599561751e-07 1.582782716e-05
153 0.000110 -0.000074 0.000014 9.928723 -1.523729 -0.665792 0.000000 0.000000 0.000000 1.000000 0 3.599561751e-07 1.592095941e-05
153 0.000102 -0.000068 0.000013 9.928723 -1.523729 -0.665792 0.000000 0.000000 0.000000 1.000000 0 3.629829735e-07 1.735193655e-05
153 0.000094 -0.000063 0.000012 9.928723 -1.523729 -0.665792 0.000000 0.000000 0.000000 1.000000 0 6.919726729e-07 7.343199104e-05
153 0.000087 -0.000058 0.000011 9.928723 -1.523729 -0.665792 0.000000 0.000000 0.000000 1.000000 0 6.679911166e-07 2.621696331e-05
153 0.000080 -0.000053 0.000010 9.928723 -1.523729 -0.665792 0.000000 0.000000 0.000000 1.000000 0 3.608874977e-07 1.738197170e-05
153 0.000074 -0.000049 0.000010 9.928723 -1.523729 -0.665792 0.000000 0.000000 0.000000 1.000000 0 3.608874977e-07 1.596403308e-05
153 0.000068 -0.000046 0.000009 9.928723 -1.523729 -0.665792 0.000000 0.000000 0.000000 1.000000 0 3.650784492e-07 1.743109897e-05
153 0.000063 -0.000042 0.000008 9.928723 -1.523729 -0.665792 0.000000 0.000000 0.000000 1.000000 0 3.648456186e-07 1.763901673e-05
153 0.000058 -0.000039 0.000008 9.928723 -1.523729 -0.665792 0.000000 0.000000 0.000000 1.000000 0 4.149042070e-07 1.601199619e-05
153 0.000054 -0.000036 0.000007 9.928723 -1.523729 -0.665792 0.000000 0.000000 0.000000 1.000000 0 3.620516509e-07 1.746113412e-05
153 0.000050 -0.000033 0.000006 9.928723 -1.523729 -0.665792 0.000000 0.000000 0.000000 1.000000 0 3.830064088e-07 1.906580292e-05
153 0.000046 -0.000031 0.000006 9.928723 -1.523729 -0.665792 0.000000 0.000000 0.000000 1.000000 0 4.100147635e-07 1.739501022e-05
153 0.000042 -0.000028 0.000005 9.928723 -1.523729 -0.665792 0.000000 0.000000 0.000000 1.000000 0 3.620516509e-07 1.742597669e-05
153 0.000039 -0.000026 0.000005 9.928723 -1.523729 -0.665792 0.000000 0.000000 0.000000 1.000000 0 3.639142960e-07 1.901597716e-05
154 0.000906 -0.000594 0.000143 10.011556 -1.617425 -0.634787 0.000000 0.000000 0.000000 1.000000 0 4.069879651e-07 1.739105210e-05
154 0.000837 -0.000548 0.000132 10.011556 -1.617425 -0.634787 0.000000 0.000000 0.000000 1.000000 0 4.321336746e-07 1.789885573e-05
154 0.000772 -0.000506 0.000122 10.011556 -1.617425 -0.634787 0.000000 0.000000 0.000000 1.000000 0 3.650784492e-07 1.735799015e-05
154 0.000713 -0.000467 0.000113 10.011556 -1.617425 -0.634787 0.000000 0.000000 0.000000 1.000000 0 3.690365702e-07 1.749303192e-05
154 0.000658 -0.000431 0.000104 10.011556 -1.617425 -0.634787 0.000000 0.000000 0.000000 1.000000 0 3.599561751e-07 1.602596603e-05
154 0.000608 -0.000398 0.000096 10.011556 -1.617425 -0.634787 0.000000 0.000000 0.000000 1.000000 0 3.611203283e-07 1.930701546e-05
154 0.000561 -0.000367 0.000089 10.011556 -1.617425 -0.634787 0.000000 0.000000 0.000000 1.000000 0 3.362074494e-07 1.782504842e-05
154 0.000518 -0.000339 0.000082 10.011556 -1.617425 -0.634787 0.000000 0.000000 0.000000 1.000000 0 1.159496605e-07 5.057081580e-06
154 0.000478 -0.000313 0.000076 10.011556 -1.617425 -0.634787 0.000000 0.000000 0.000000 1.000000 0 8.987262845e-08 4.180008546e-06
154 0.000441 -0.000289 0.000070 10.011556 -1.617425 -0.634787 0.000000 0.000000 0.000000 1.000000 0 8.987262845e-08 4.256842658e-06
154 0.000407 -0.000267 0.000064 10.011556 -1.617425 -0.634787 0.000000 0.000000 0.000000 1.000000 0 3.171153367e-07 1.421198249e-05
154 0.000376 -0.000246 0.000059 10.011556 -1.617425 -0.634787 0.000000 0.000000 0.000000 1.000000 0 4.598405212e-07 2.418598160e-05
154 0.000347 -0.000227 0.000055 10.011556 -1.617425 -0.634787 0.000000 0.000000 0.000000 1.000000 0 3.639142960e-07 1.592095941e-05
154 0.000320 -0.000210 0.000051 10.011556 -1.617425 -0.634787 0.000000 0.000000 0.000000 1.000000 0 6.188638508e-07 1.761619933e-05
154 0.000296 -0.000194 0.000047 10.011556 -1.617425 -0.634787 0.000000 0.000000 0.000000 1.000000 0 3.608874977e-07 1.586205326e-05
154 0.000273 -0.000179 0.000043 10.011556 -1.617425 -0.634787 0.000000 0.000000 0.000000 1.000000 0 3.878958523e-07 1.768604852e-05
154 0.000252 -0.000165 0.000040 10.011556 -1.617425 -0.634787 0.000000 0.000000 0.000000 1.000000 0 3.888271749e-07 1.739198342e-05
154 0.000233 -0.000152 0.000037 10.011556 -1.617425 -0.634787 0.000000 0.000000 0.000000 1.000000 0 3.930181265e-07 1.744180918e-05
154 0.000215 -0.000141 0.000034 10.011556 -1.617425 -0.634787 0.000000 0.000000 0.000000 1.000000 0 4.291068763e-07 1.696194522e-05
154 0.000198 -0.000130 0.000031 10.011556 -1.617425 -0.634787 0.000000 0.000000 0.000000 1.000000 0 3.648456186e-07 1.597194932e-05
155 0.000183 -0.000120 0.000029 10.110553 -1.590003 -0.579286 0.000000 0.000000 0.000000 1.000000 0 3.648456186e-07 1.744600013e-05
155 0.000169 -0.000111 0.000027 10.110553 -1.590003 -0.579286 0.000000 0.000000 0.000000 1.000000 0 3.620516509e-07 1.598987728e-05
155 0.000156 -0.000102 0.000025 10.110553 -1.590003 -0.579286 0.000000 0.000000 0.000000 1.000000 0 3.669410944e-07 1.757289283e-05
155 0.000144 -0.000094 0.000023 10.110553 -1.590003 -0.579286 0.000000 0.000000 0.000000 1.000000 0 3.641471267e-07 1.737987623e-05
155 0.000133 -0.000087 0.000021 10.110553 -1.590003 -0.579286 0.000000 0.000000 0.000000 1.000000 0 3.608874977e-07 1.750490628e-05
155 0.000123 -0.000080 0.000019 10.110553 -1.590003 -0.579286 0.000000 0.000000 0.000000 1.000000 0 5.159527063e-07 1.773890108e-05
155 0.000113 -0.000074 0.000018 10.110553 -1.590003 -0.579286 0.000000 0.000000 0.000000 1.000000 0 3.629829735e-07 1.730304211e-05
155 0.000105 -0.000068 0.000017 10.110553 -1.590003 -0.579286 0.000000 0.000000 0.000000 1.000000 0 3.629829735e-07 1.618405804e-05
155 0.000096 -0.000063 0.000015 10.110553 -1.590003 -0.579286 0.000000 0.000000 0.000000 1.000000 0 3.620516509e-07 1.578195952e-05
155 0.000089 -0.000058 0.000014 10.110553 -1.590003 -0.579286 0.000000 0.000000 0.000000 1.000000 0 4.200264812e-07 1.757009886e-05
155 0.000082 -0.000054 0.000013 10.110553 -1.590003 -0.579286 0.000000 0.000000 0.000000 1.000000 0 2.139713615e-07 7.091090083e-06
155 0.000076 -0.000050 0.000012 10.110553 -1.590003 -0.579286 0.000000 0.000000 0.000000 1.000000 0 1.690350473e-07 7.886905223e-06
155 0.000070 -0.000046 0.000011 10.110553 -1.590003 -0.579286 0.000000 0.000000 0.000000 1.000000 0 2.630986273e-07 9.034061804e-06
155 0.000065 -0.000042 0.000010 10.110553 -1.590003 -0.579286 0.000000 0.000000 0.000000 1.000000 0 2.670567483e-07 1.046620309e-05
155 0.000060 -0.000039 0.000009 10.110553 -1.590003 -0.579286 0.000000 0.000000 0.000000 1.000000 0 6.370246410e-07 1.713680103e-05
155 0.000055 -0.000036 0.000009 10.110553 -1.590003 -0.579286 0.000000 0.000000 0.000000 1.000000 0 6.291083992e-07 1.871818677e-05
155 0.000051 -0.000033 0.000008 10.110553 -1.590003 -0.579286 0.000000 0.000000 0.000000 1.000000 0 3.629829735e-07 1.883017831e-05
155 0.000047 -0.000031 0.000007 10.110553 -1.590003 -0.579286 0.000000 0.000000 0.000000 1.000000 0 3.629829735e-07 1.586391591e-05
155 0.000043 -0.000028 0.000007 10.110553 -1.590003 -0.579286 0.000000 0.000000 0.000000 1.000000 0 3.648456186e-07 1.902598888e-05
155 0.000040 -0.000026 0.000006 10.110553 -1.590003 -0.579286 0.000000 0.000000 0.000000 1.000000 0 3.899913281e-07 1.711002551e-05
156 0.000936 -0.000599 0.000172 10.190219 -1.679480 -0.545153 0.000000 0.000000 0.000000 1.000000 0 3.639142960e-07 1.732609235e-05
156 0.000864 -0.000553 0.000159 10.190219 -1.679480 -0.545153 0.000000 0.000000 0.000000 1.000000 0 3.648456186e-07 1.728208736e-05
156 0.000798 -0.000510 0.000147 10.190219 -1.679480 -0.545153 0.000000 0.000000 0.000000 1.000000 0 5.331821740e-07 1.773284748e-05
156 0.000737 -0.000471 0.000135 10.190219 -1.679480 -0.545153 0.000000 0.000000 0.000000 1.000000 0 3.869645298e-07 2.234498970e-05
156 0.000680 -0.000435 0.000125 10.190219 -1.679480 -0.545153 0.000000 0.000000 0.000000 1.000000 0 3.639142960e-07 1.766881905e-05
156 0.000628 -0.000401 0.000115 10.190219 -1.679480 -0.545153 0.000000 0.000000 0.000000 1.000000 0 3.641471267e-07 1.727510244e-05
156 0.000579 -0.000370 0.000106 10.190219 -1.679480 -0.545153 0.000000 0.000000 0.000000 1.000000 0 3.629829735e-07 1.737009734e-05
156 0.000535 -0.000342 0.000098 10.190219 -1.679480 -0.545153 0.000000 0.000000 0.000000 1.000000 0 5.881302059e-07 1.533702016e-05
156 0.000494 -0.000316 0.000091 10.190219 -1.679480 -0.545153 0.000000 0.000000 0.000000 1.000000 0 3.639142960e-07 1.742993481e-05
156 0.000456 -0.000291 0.000084 10.190219 -1.679480 -0.545153 0.000000 0.000000 0.000000 1.000000 0 7.329508662e-07 2.461206168e-05
156 0.000421 -0.000269 0.000077 10.190219 -1.679480 -0.545153 0.000000 0.000000 0.000000 1.000000 0 6.658956409e-07 2.616504207e-05
156 0.000388 -0.000248 0.000071 10.190219 -1.679480 -0.545153 0.000000 0.000000 0.000000 1.000000 0 6.910413504e-07 2.636900172e-05
156 0.000359 -0.000229 0.000066 10.190219 -1.679480 -0.545153 0.000000 0.000000 0.000000 1.000000 0 4.579778761e-07 1.790793613e-05
156 0.000331 -0.000212 0.000061 10.190219 -1.679480 -0.545153 0.000000 0.000000 0.000000 1.000000 0 3.639142960e-07 1.584691927e-05
156 0.000306 -0.000195 0.000056 10.190219 -1.679480 -0.545153 0.000000 0.000000 0.000000 1.000000 0 3.699678928e-07 1.703784801e-05
156 0.000282 -0.000180 0.000052 10.190219 -1.679480 -0.545153 0.000000 0.000000 0.000000 1.000000 0 3.620516509e-07 1.770909876e-05
156 0.000260 -0.000166 0.000048 10.190219 -1.679480 -0.545153 0.000000 0.000000 0.000000 1.000000 0 3.660097718e-07 1.906114630e-05
156 0.000240 -0.000154 0.000044 10.190219 -1.679480 -0.545153 0.000000 0.000000 0.000000 1.000000 0 3.632158041e-07 1.710979268e-05
156 0.000222 -0.000142 0.000041 10.190219 -1.679480 -0.545153 0.000000 0.000000 0.000000 1.000000 0 3.608874977e-07 1.750909723e-05
156 0.000205 -0.000131 0.000038 10.190219 -1.679480 -0.545153 0.000000 0.000000 0.000000 1.000000 0 8.281785995e-07 2.678902820e-05
157 0.000189 -0.000121 0.000035 10.286801 -1.645326 -0.455677 0.000000 0.000000 0.000000 1.000000 0 5.469191819e-07 1.692003570e-05
157 0.000175 -0.000112 0.000032 10.286801 -1.645326 -0.455677 0.000000 0.000000 0.000000 1.000000 0 3.608874977e-07 1.700595021e-05
157 0.000161 -0.000103 0.000030 10.286801 -1.645326 -0.455677 0.000000 0.000000 0.000000 1.000000 0 3.410968930e-07 1.615192741e-05
157 0.000149 -0.000095 0.000027 10.286801 -1.645326 -0.455677 0.000000 0.000000 0.000000 1.000000 0 6.991904229e-07 2.635805868e-05
157 0.000137 -0.000088 0.000025 10.286801 -1.645326 -0.455677 0.000000 0.000000 0.000000 1.000000 0 5.259644240e-07 1.706508920e-05
157 0.000127 -0.000081 0.000023 10.286801 -1.645326 -0.455677 0.000000 0.000000 0.000000 1.000000 0 3.648456186e-07 1.736194827e-05
157 0.000117 -0.000075 0.000021 10.286801 -1.645326 -0.455677 0.000000 0.000000 0.000000 1.000000 0 7.369089872e-07 2.652988769e-05
157 0.000108 -0.000069 0.000020 10.286801 -1.645326 -0.455677 0.000000 0.000000 0.000000 1.000000 0 3.650784492e-07 1.747906208e-05
157 0.000100 -0.000064 0.000018 10.286801 -1.645326 -0.455677 0.000000 0.000000 0.000000 1.000000 0 3.641471267e-07 1.717987470e-05
157 0.000092 -0.000059 0.000017 10.286801 -1.645326 -0.455677 0.000000 0.000000 0.000000 1.000000 0 2.358574420e-07 6.038928404e-06
157 0.000085 -0.000054 0.000016 10.286801 -1.645326 -0.455677 0.000000 0.000000 0.000000 1.000000 0 1.010484993e-07 4.333909601e-06
157 0.000078 -0.000050 0.000014 10.286801 -1.645326 -0.455677 0.000000 0.000000 0.000000 1.000000 0 8.987262845e-08 4.265923053e-06
157 0.000072 -0.000046 0.000013 10.286801 -1.645326 -0.455677 0.000000 0.000000 0.000000 1.000000 0 1.150183380e-07 9.479932487e-06
157 0.000067 -0.000043 0.000012 10.286801 -1.645326 -0.455677 0.000000 0.000000 0.000000 1.000000 0 9.010545909e-08 3.925058991e-06
157 0.000062 -0.000039 0.000011 10.286801 -1.645326 -0.455677 0.000000 0.000000 0.000000 1.000000 0 9.592622519e-08 4.283152521e-06
157 0.000057 -0.000036 0.000010 10.286801 -1.645326 -0.455677 0.000000 0.000000 0.000000 1.000000 0 2.130400389e-07 8.723000064e-06
157 0.000053 -0.000034 0.000010 10.286801 -1.645326 -0.455677 0.000000 0.000000 0.000000 1.000000 0 2.488959581e-07 8.550938219e-06
157 0.000049 -0.000031 0.000009 10.286801 -1.645326 -0.455677 0.000000 0.000000 0.000000 1.000000 0 2.321321517e-07 8.452916518e-06
157 0.000045 -0.000029 0.000008 10.286801 -1.645326 -0.455677 0.000000 0.000000 0.000000 1.000000 0 2.200249583e-07 8.342089131e-06
157 0.000041 -0.000026 0.000008 10.286801 -1.645326 -0.455677 0.000000 0.000000 0.000000 1.000000 0 8.987262845e-08 4.037050530e-06
158 0.000986 -0.000608 0.000153 10.363317 -1.729662 -0.427670 0.000000 0.000000 0.000000 1.000000 0 1.539010555e-07 7.378170267e-06
158 0.000910 -0.000561 0.000141 10.363317 -1.729662 -0.427670 0.000000 0.000000 0.000000 1.000000 0 2.309679985e-07 1.103291288e-05
158 0.000840 -0.000518 0.000131 10.363317 -1.729662 -0.427670 0.000000 0.000000 0.000000 1.000000 0 2.440065145e-07 1.148902811e-05
158 0.000775 -0.000478 0.000120 10.363317 -1.729662 -0.427670 0.000000 0.000000 0.000000 1.000000 0 2.828892320e-07 1.371302642e-05
158 0.000716 -0.000441 0.000111 10.363317 -1.729662 -0.427670 0.000000 0.000000 0.000000 1.000000 0 3.359746188e-07 1.620990224e-05
158 0.000661 -0.000408 0.000103 10.363317 -1.729662 -0.427670 0.000000 0.000000 0.000000 1.000000 0 9.010545909e-08 4.684785381e-06
158 0.000610 -0.000376 0.000095 10.363317 -1.729662 -0.427670 0.000000 0.000000 0.000000 1.000000 0 4.279427230e-07 1.282803714e-05
158 0.000563 -0.000347 0.000087 10.363317 -1.729662 -0.427670 0.000000 0.000000 0.000000 1.000000 0 2.419110388e-07 1.162011176e-05
158 0.000520 -0.000321 0.000081 10.363317 -1.729662 -0.427670 0.000000 0.000000 0.000000 1.000000 0 4.719477147e-07 1.607090235e-05
158 0.000480 -0.000296 0.000075 10.363317 -1.729662 -0.427670 0.000000 0.000000 0.000000 1.000000 0 1.380685717e-07 6.150919944e-06
158 0.000443 -0.000273 0.000069 10.363317 -1.729662 -0.427670 0.000000 0.000000 0.000000 1.000000 0 3.820750862e-07 1.668906771e-05
158 0.000409 -0.000252 0.000064 10.363317 -1.729662 -0.427670 0.000000 0.000000 0.000000 1.000000 0 3.660097718e-07 1.795100980e-05
158 0.000377 -0.000233 0.000059 10.363317 -1.729662 -0.427670 0.000000 0.000000 0.000000 1.000000 0 2.370215952e-07 1.092115417e-05
158 0.000348 -0.000215 0.000054 10.363317 -1.729662 -0.427670 0.000000 0.000000 0.000000 1.000000 0 3.029126674e-07 9.569805115e-06
158 0.000322 -0.000198 0.000050 10.363317 -1.729662 -0.427670 0.000000 0.000000 0.000000 1.000000 0 2.421438694e-07 1.054303721e-05
158 0.000297 -0.000183 0.000046 10.363317 -1.729662 -0.427670 0.000000 0.000000 0.000000 1.000000 0 3.001186997e-07 1.431908458e-05
158 0.000274 -0.000169 0.000043 10.363317 -1.729662 -0.427670 0.000000 0.000000 0.000000 1.000000 0 3.608874977e-07 1.906300895e-05
158 0.000253 -0.000156 0.000039 10.363317 -1.729662 -0.427670 0.000000 0.000000 0.000000 1.000000 0 6.959307939e-07 2.634478733e-05
158 0.000234 -0.000144 0.000036 10.363317 -1.729662 -0.427670 0.000000 0.000000 0.000000 1.000000 0 8.030328900e-07 2.667284571e-05
158 0.000216 -0.000133 0.000033 10.363317 -1.729662 -0.427670 0.000000 0.000000 0.000000 1.000000 0 6.679911166e-07 2.630101517e-05
159 0.000199 -0.000123 0.000031 10.456664 -1.689134 -0.381446 0.000000 0.000000 0.000000 1.000000 0 5.050096661e-07 1.771817915e-05
159 0.000184 -0.000113 0.000029 10.456664 -1.689134 -0.381446 0.000000 0.000000 0.000000 1.000000 0 3.818422556e-07 1.622620039e-05
159 0.000170 -0.000105 0.000026 10.456664 -1.689134 -0.381446 0.000000 0.000000 0.000000 1.000000 0 3.380700946e-07 1.630303450e-05
159 0.000157 -0.000097 0.000024 10.456664 -1.689134 -0.381446 0.000000 0.000000 0.000000 1.000000 0 8.849892765e-07 2.761697397e-05
159 0.000145 -0.000089 0.000022 10.456664 -1.689134 -0.381446 0.000000 0.000000 0.000000 1.000000 0 6.449408829e-07 2.460414544e-05
159 0.000133 -0.000082 0.000021 10.456664 -1.689134 -0.381446 0.000000 0.000000 0.000000 1.000000 0 6.081536412e-07 1.791911200e-05
159 0.000123 -0.000076 0.000019 10.456664 -1.689134 -0.381446 0.000000 0.000000 0.000000 1.000000 0 3.650784492e-07 1.601711847e-05
159 0.000114 -0.000070 0.000018 10.456664 -1.689134 -0.381446 0.000000 0.000000 0.000000 1.000000 0 3.641471267e-07 1.900317147e-05
159 0.000105 -0.000065 0.000016 10.456664 -1.689134 -0.381446 0.000000 0.000000 0.000000 1.000000 0 3.380700946e-07 1.608510502e-05
159 0.000097 -0.000060 0.000015 10.456664 -1.689134 -0.381446 0.000000 0.000000 0.000000 1.000000 0 3.420282155e-07 1.770188101e-05
159 0.000089 -0.000055 0.000014 10.456664 -1.689134 -0.381446 0.000000 0.000000 0.000000 1.000000 0 6.880145520e-07 2.325489186e-05
159 0.000083 -0.000051 0.000013 10.456664 -1.689134 -0.381446 0.000000 0.000000 0.000000 1.000000 0 6.998889148e-07 2.616294660e-05
159 0.000076 -0.000047 0.000012 10.456664 -1.689134 -0.381446 0.000000 0.000000 0.000000 1.000000 0 3.450550139e-07 1.541781239e-05
159 0.000070 -0.000043 0.000011 10.456664 -1.689134 -0.381446 0.000000 0.000000 0.000000 1.000000 0 4.100147635e-07 1.902994700e-05
159 0.000065 -0.000040 0.000010 10.456664 -1.689134 -0.381446 0.000000 0.000000 0.000000 1.000000 0 6.610061973e-07 2.453289926e-05
159 0.000060 -0.000037 0.000009 10.456664 -1.689134 -0.381446 0.000000 0.000000 0.000000 1.000000 0 3.620516509e-07 1.909490675e-05
159 0.000055 -0.000034 0.000009 10.456664 -1.689134 -0.381446 0.000000 0.000000 0.000000 1.000000 0 3.641471267e-07 1.735403202e-05
159 0.000051 -0.000032 0.000008 10.456664 -1.689134 -0.381446 0.000000 0.000000 0.000000 1.000000 0 5.078036338e-07 1.680804417e-05
159 0.000047 -0.000029 0.000007 10.456664 -1.689134 -0.381446 0.000000 0.000000 0.000000 1.000000 0 3.590248525e-07 1.627299935e-05
159 0.000044 -0.000027 0.000007 10.456664 -1.689134 -0.381446 0.000000 0.000000 0.000000 1.000000 0 6.640329957e-07 2.464582212e-05
160 0.000997 -0.000608 0.000105 10.528797 -1.770375 -0.362412 0.000000 0.000000 0.000000 1.000000 0 8.880160749e-07 2.811197191e-05
160 0.000920 -0.000562 0.000097 10.528797 -1.770375 -0.362412 0.000000 0.000000 0.000000 1.000000 0 6.470363587e-07 2.481415868e-05
160 0.000849 -0.000518 0.000089 10.528797 -1.770375 -0.362412 0.000000 0.000000 0.000000 1.000000 0 7.611233741e-07 2.637715079e-05
160 0.000784 -0.000479 0.000083 10.528797 -1.770375 -0.362412 0.000000 0.000000 0.000000 1.000000 0 3.639142960e-07 2.284091897e-05
160 0.000724 -0.000442 0.000076 10.528797 -1.770375 -0.362412 0.000000 0.000000 0.000000 1.000000 0 3.180466592e-07 1.545599662e-05
160 0.000668 -0.000408 0.000070 10.528797 -1.770375 -0.362412 0.000000 0.000000 0.000000 1.000000 0 2.530869097e-07 1.109600998e-05
160 0.000617 -0.000376 0.000065 10.528797 -1.770375 -0.362412 0.000000 0.000000 0.000000 1.000000 0 2.020969987e-07 8.852919564e-06
160 0.000569 -0.000348 0.000060 10.528797 -1.770375 -0.362412 0.000000 0.000000 0.000000 1.000000 0 5.399342626e-07 1.805298962e-05
160 0.000526 -0.000321 0.000055 10.528797 -1.770375 -0.362412 0.000000 0.000000 0.000000 1.000000 0 3.390014172e-07 1.605809666e-05
160 0.000485 -0.000296 0.000051 10.528797 -1.770375 -0.362412 0.000000 0.000000 0.000000 1.000000 0 6.989575922e-07 2.469005994e-05
160 0.000448 -0.000273 0.000047 10.528797 -1.770375 -0.362412 0.000000 0.000000 0.000000 1.000000 0 6.230548024e-07 2.443301491e-05
160 0.000413 -0.000252 0.000044 10.528797 -1.770375 -0.362412 0.000000 0.000000 0.000000 1.000000 0 6.831251085e-07 2.463301644e-05
160 0.000382 -0.000233 0.000040 10.528797 -1.770375 -0.362412 0.000000 0.000000 0.000000 1.000000 0 2.828892320e-07 1.250579953e-05
160 0.000352 -0.000215 0.000037 10.528797 -1.770375 -0.362412 0.000000 0.000000 0.000000 1.000000 0 2.970919013e-07 1.563597471e-05
160 0.000325 -0.000198 0.000034 10.528797 -1.770375 -0.362412 0.000000 0.000000 0.000000 1.000000 0 3.180466592e-07 1.552700996e-05
160 0.000300 -0.000183 0.000032 10.528797 -1.770375 -0.362412 0.000000 0.000000 0.000000 1.000000 0 3.951136023e-07 1.743203029e-05
160 0.000277 -0.000169 0.000029 10.528797 -1.770375 -0.362412 0.000000 0.000000 0.000000 1.000000 0 3.650784492e-07 1.592095941e-05
160 0.000256 -0.000156 0.000027 10.528797 -1.770375 -0.362412 0.000000 0.000000 0.000000 1.000000 0 7.078051567e-07 1.779315062e-05
160 0.000236 -0.000144 0.000025 10.528797 -1.770375 -0.362412 0.000000 0.000000 0.000000 1.000000 0 3.362074494e-07 1.751515083e-05
160 0.000218 -0.000133 0.000023 10.528797 -1.770375 -0.362412 0.000000 0.000000 0.000000 1.000000 0 3.960449249e-07 1.760898158e-05
161 0.000201 -0.000123 0.000021 10.618837 -1.725963 -0.324270 0.000000 0.000000 0.000000 1.000000 0 4.130415618e-07 1.741782762e-05
161 0.000186 -0.000113 0.000020 10.618837 -1.725963 -0.324270 0.000000 0.000000 0.000000 1.000000 0 6.961636245e-07 2.678693272e-05
161 0.000171 -0.000105 0.000018 10.618837 -1.725963 -0.324270 0.000000 0.000000 0.000000 1.000000 0 2.130400389e-07 8.403090760e-06
161 0.000158 -0.000097 0.000017 10.618837 -1.725963 -0.324270 0.000000 0.000000 0.000000 1.000000 0 4.079192877e-07 1.540011726e-05
161 0.000146 -0.000089 0.000015 10.618837 -1.725963 -0.324270 0.000000 0.000000 0.000000 1.000000 0 4.200264812e-07 1.601688564e-05
161 0.000135 -0.000082 0.000014 10.618837 -1.725963 -0.324270 0.000000 0.000000 0.000000 1.000000 0 3.608874977e-07 1.905602403e-05
161 0.000125 -0.000076 0.000013 10.618837 -1.725963 -0.324270 0.000000 0.000000 0.000000 1.000000 0 3.639142960e-07 1.596100628e-05
161 0.000115 -0.000070 0.000012 10.618837 -1.725963 -0.324270 0.000000 0.000000 0.000000 1.000000 0 3.639142960e-07 1.633097418e-05
161 0.000106 -0.000065 0.000011 10.618837 -1.725963 -0.324270 0.000000 0.000000 0.000000 1.000000 0 3.380700946e-07 1.482991502e-05
161 0.000098 -0.000060 0.000010 10.618837 -1.725963 -0.324270 0.000000 0.000000 0.000000 1.000000 0 5.608890206e-07 1.780106686e-05
161 0.000090 -0.000055 0.000010 10.618837 -1.725963 -0.324270 0.000000 0.000000 0.000000 1.000000 0 3.650784492e-07 1.724599861e-05
161 0.000083 -0.000051 0.000009 10.618837 -1.725963 -0.324270 0.000000 0.000000 0.000000 1.000000 0 3.941822797e-07 1.618289389e-05
161 0.000077 -0.000047 0.000008 10.618837 -1.725963 -0.324270 0.000000 0.000000 0.000000 1.000000 0 3.878958523e-07 1.595309004e-05
161 0.000071 -0.000043 0.000007 10.618837 -1.725963 -0.324270 0.000000 0.000000 0.000000 1.000000 0 3.951136023e-07 1.605204307e-05
161 0.000066 -0.000040 0.000007 10.618837 -1.725963 -0.324270 0.000000 0.000000 0.000000 1.000000 0 8.838251233e-07 2.794712782e-05
161 0.000061 -0.000037 0.000006 10.618837 -1.725963 -0.324270 0.000000 0.000000 0.000000 1.000000 0 6.691552699e-07 2.618506551e-05
161 0.000056 -0.000034 0.000006 10.618837 -1.725963 -0.324270 0.000000 0.000000 0.000000 1.000000 0 7.799826562e-07 2.648984082e-05
161 0.000052 -0.000032 0.000005 10.618837 -1.725963 -0.324270 0.000000 0.000000 0.000000 1.000000 0 3.641471267e-07 1.917197369e-05
161 0.000048 -0.000029 0.000005 10.618837 -1.725963 -0.324270 0.000000 0.000000 0.000000 1.000000 0 7.110647857e-07 2.648308873e-05
161 0.000044 -0.000027 0.000005 10.618837 -1.725963 -0.324270 0.000000 0.000000 0.000000 1.000000 0 7.899943739e-07 1.941691153e-05
162 0.001007 -0.000618 0.000061 10.687041 -1.805832 -0.312791 0.000000 0.000000 0.000000 1.000000 0 4.100147635e-07 1.319497824e-05
162 0.000930 -0.000570 0.000056 10.687041 -1.805832 -0.312791 0.000000 0.000000 0.000000 1.000000 0 4.169996828e-07 1.557893120e-05
162 0.000858 -0.000526 0.000052 10.687041 -1.805832 -0.312791 0.000000 0.000000 0.000000 1.000000 0 3.979075700e-07 1.864787191e-05
162 0.000792 -0.000486 0.000048 10.687041 -1.805832 -0.312791 0.000000 0.000000 0.000000 1.000000 0 3.178138286e-07 1.510092989e-05
162 0.000731 -0.000449 0.000044 10.687041 -1.805832 -0.312791 0.000000 0.000000 0.000000 1.000000 0 2.561137080e-07 1.173396595e-05
162 0.000675 -0.000414 0.000041 10.687041 -1.805832 -0.312791 0.000000 0.000000 0.000000 1.000000 0 6.670597941e-07 2.623698674e-05
162 0.000623 -0.000382 0.000038 10.687041 -1.805832 -0.312791 0.000000 0.000000 0.000000 1.000000 0 3.608874977e-07 1.786299981e-05
162 0.000575 -0.000353 0.000035 10.687041 -1.805832 -0.312791 0.000000 0.000000 0.000000 1.000000 0 3.171153367e-07 1.503690146e-05
162 0.000531 -0.000326 0.000032 10.687041 -1.805832 -0.312791 0.000000 0.000000 0.000000 1.000000 0 3.599561751e-07 1.624086872e-05
162 0.000490 -0.000301 0.000030 10.687041 -1.805832 -0.312791 0.000000 0.000000 0.000000 1.000000 0 3.629829735e-07 1.702690497e-05
162 0.000452 -0.000278 0.000027 10.687041 -1.805832 -0.312791 0.000000 0.000000 0.000000 1.000000 0 4.919711500e-07 1.763808541e-05
162 0.000418 -0.000256 0.000025 10.687041 -1.805832 -0.312791 0.000000 0.000000 0.000000 1.000000 0 2.961605787e-07 9.501818568e-06
162 0.000386 -0.000237 0.000023 10.687041 -1.805832 -0.312791 0.000000 0.000000 0.000000 1.000000 0 1.308508217e-07 4.759989679e-06
162 0.000356 -0.000218 0.000021 10.687041 -1.805832 -0.312791 0.000000 0.000000 0.000000 1.000000 0 1.459848136e-07 4.088040441e-06
162 0.000329 -0.000202 0.000020 10.687041 -1.805832 -0.312791 0.000000 0.000000 0.000000 1.000000 0 8.917413652e-08 3.986060619e-06
162 0.000303 -0.000186 0.000018 10.687041 -1.805832 -0.312791 0.000000 0.000000 0.000000 1.000000 0 8.987262845e-08 4.197936505e-06
162 0.000280 -0.000172 0.000017 10.687041 -1.805832 -0.312791 0.000000 0.000000 0.000000 1.000000 0 8.894130588e-08 4.207948223e-06
162 0.000258 -0.000159 0.000016 10.687041 -1.805832 -0.312791 0.000000 0.000000 0.000000 1.000000 0 2.570450306e-07 1.220405102e-05
162 0.000239 -0.000146 0.000014 10.687041 -1.805832 -0.312791 0.000000 0.000000 0.000000 1.000000 0 7.671769708e-07 2.649403177e-05
162 0.000220 -0.000135 0.000013 10.687041 -1.805832 -0.312791 0.000000 0.000000 0.000000 1.000000 0 7.050111890e-07 2.635084093e-05
163 0.000203 -0.000125 0.000012 10.773058 -1.757923 -0.281698 0.000000 0.000000 0.000000 1.000000 0 2.309679985e-07 8.428003639e-06
163 0.000188 -0.000115 0.000011 10.773058 -1.757923 -0.281698 0.000000 0.000000 0.000000 1.000000 0 2.128072083e-07 8.382136002e-06
163 0.000173 -0.000106 0.000010 10.773058 -1.757923 -0.281698 0.000000 0.000000 0.000000 1.000000 0 6.931368262e-07 2.628518268e-05
163 0.000160 -0.000098 0.000010 10.773058 -1.757923 -0.281698 0.000000 0.000000 0.000000 1.000000 0 6.409827620e-07 1.676101238e-05
163 0.000148 -0.000091 0.000009 10.773058 -1.757923 -0.281698 0.000000 0.000000 0.000000 1.000000 0 3.648456186e-07 1.597194932e-05
163 0.000136 -0.000084 0.000008 10.773058 -1.757923 -0.281698 0.000000 0.000000 0.000000 1.000000 0 3.650784492e-07 1.759501174e-05
163 0.000126 -0.000077 0.000008 10.773058 -1.757923 -0.281698 0.000000 0.000000 0.000000 1.000000 0 3.902241588e-07 1.717405394e-05
163 0.000116 -0.000071 0.000007 10.773058 -1.757923 -0.281698 0.000000 0.000000 0.000000 1.000000 0 3.939494491e-07 1.736707054e-05
163 0.000107 -0.000066 0.000006 10.773058 -1.757923 -0.281698 0.000000 0.000000 0.000000 1.000000 0 7.390044630e-07 3.366800956e-05
163 0.000099 -0.000061 0.000006 10.773058 -1.757923 -0.281698 0.000000 0.000000 0.000000 1.000000 0 3.641471267e-07 1.902505755e-05
163 0.000091 -0.000056 0.000006 10.773058 -1.757923 -0.281698 0.000000 0.000000 0.000000 1.000000 0 5.119945854e-07 1.911888830e-05
163 0.000084 -0.000052 0.000005 10.773058 -1.757923 -0.281698 0.000000 0.000000 0.000000 1.000000 0 3.641471267e-07 1.759314910e-05
163 0.000078 -0.000048 0.000005 10.773058 -1.757923 -0.281698 0.000000 0.000000 0.000000 1.000000 0 3.620516509e-07 1.581595279e-05
163 0.000072 -0.000044 0.000004 10.773058 -1.757923 -0.281698 0.000000 0.000000 0.000000 1.000000 0 3.629829735e-07 1.744786277e-05
163 0.000066 -0.000041 0.000004 10.773058 -1.757923 -0.281698 0.000000 0.000000 0.000000 1.000000 0 6.679911166e-07 2.647284418e-05
163 0.000061 -0.000038 0.000004 10.773058 -1.757923 -0.281698 0.000000 0.000000 0.000000 1.000000 0 6.300397217e-07 1.745508052e-05
163 0.000057 -0.000035 0.000003 10.773058 -1.757923 -0.281698 0.000000 0.000000 0.000000 1.000000 0 3.650784492e-07 1.729209907e-05
163 0.000052 -0.000032 0.000003 10.773058 -1.757923 -0.281698 0.000000 0.000000 0.000000 1.000000 0 3.629829735e-07 1.901900396e-05
163 0.000048 -0.000030 0.000003 10.773058 -1.757923 -0.281698 0.000000 0.000000 0.000000 1.000000 0 3.629829735e-07 1.898105256e-05
163 0.000044 -0.000027 0.000003 10.773058 -1.757923 -0.281698 0.000000 0.000000 0.000000 1.000000 0 3.378372639e-07 1.272489317e-05
164 0.001003 -0.000623 0.000020 10.836373 -1.836426 -0.276786 0.000000 0.000000 0.000000 0.993560 1 1.256121323e-06 2.724793740e-05
164 0.000926 -0.000575 0.000018 10.836373 -1.836426 -0.276786 0.000000 0.000000 0.000000 1.000000 0 5.860347301e-07 2.165604383e-05
164 0.000855 -0.000531 0.000017 10.836373 -1.836426 -0.276786 0.000000 0.000000 0.000000 1.000000 0 7.760245353e-07 3.350293264e-05
164 0.000789 -0.000490 0.000016 10.836373 -1.836426 -0.276786 0.000000 0.000000 0.000000 1.000000 0 7.119961083e-07 2.625607885e-05
164 0.000728 -0.000452 0.000014 10.836373 -1.836426 -0.276786 0.000000 0.000000 0.000000 1.000000 0 6.679911166e-07 2.621184103e-05
164 0.000672 -0.000418 0.000013 10.836373 -1.836426 -0.276786 0.000000 0.000000 0.000000 1.000000 0 8.959323168e-07 2.749799751e-05
164 0.000621 -0.000385 0.000012 10.836373 -1.836426 -0.276786 0.000000 0.000000 0.000000 1.000000 0 3.608874977e-07 1.897895709e-05
164 0.000573 -0.000356 0.000011 10.836373 -1.836426 -0.276786 0.000000 0.000000 0.000000 1.000000 0 7.369089872e-07 1.926301047e-05
164 0.000529 -0.000328 0.000010 10.836373 -1.836426 -0.276786 0.000000 0.000000 0.000000 1.000000 0 3.650784492e-07 1.584598795e-05
164 0.000488 -0.000303 0.000010 10.836373 -1.836426 -0.276786 0.000000 0.000000 0.000000 1.000000 0 3.599561751e-07 1.932797022e-05
164 0.000451 -0.000280 0.000009 10.836373 -1.836426 -0.276786 0.000000 0.000000 0.000000 1.000000 0 3.620516509e-07 1.575122587e-05
164 0.000416 -0.000258 0.000008 10.836373 -1.836426 -0.276786 0.000000 0.000000 0.000000 1.000000 0 3.718305379e-07 1.606694423e-05
164 0.000384 -0.000239 0.000008 10.836373 -1.836426 -0.276786 0.000000 0.000000 0.000000 1.000000 0 5.559995770e-07 1.774681732e-05
164 0.000355 -0.000220 0.000007 10.836373 -1.836426 -0.276786 0.000000 0.000000 0.000000 1.000000 0 3.629829735e-07 1.621106640e-05
164 0.000327 -0.000203 0.000006 10.836373 -1.836426 -0.276786 0.000000 0.000000 0.000000 1.000000 0 3.650784492e-07 1.902994700e-05
164 0.000302 -0.000188 0.000006 10.836373 -1.836426 -0.276786 0.000000 0.000000 0.000000 1.000000 0 3.641471267e-07 1.759687439e-05
164 0.000279 -0.000173 0.000005 10.836373 -1.836426 -0.276786 0.000000 0.000000 0.000000 1.000000 0 3.639142960e-07 1.678802073e-05
164 0.000257 -0.000160 0.000005 10.836373 -1.836426 -0.276786 0.000000 0.000000 0.000000 1.000000 0 5.918554962e-07 1.853494905e-05
164 0.000238 -0.000148 0.000005 10.836373 -1.836426 -0.276786 0.000000 0.000000 0.000000 1.000000 0 3.629829735e-07 1.775007695e-05
164 0.000219 -0.000136 0.000004 10.836373 -1.836426 -0.276786 0.000000 0.000000 0.000000 1.000000 0 4.169996828e-07 1.723412424e-05
165 0.000203 -0.000126 0.000004 10.917722 -1.786195 -0.251758 0.000000 0.000000 0.000000 1.000000 0 4.330649972e-07 1.767813228e-05
165 0.000187 -0.000116 0.000004 10.917722 -1.786195 -0.251758 0.000000 0.000000 0.000000 1.000000 0 3.648456186e-07 1.595984213e-05
165 0.000173 -0.000107 0.000003 10.917722 -1.786195 -0.251758 0.000000 0.000000 0.000000 1.000000 0 7.548369467e-07 1.923996024e-05
165 0.000159 -0.000099 0.000003 10.917722 -1.786195 -0.251758 0.000000 0.000000 0.000000 1.000000 0 3.939494491e-07 1.587602310e-05
165 0.000147 -0.000091 0.000003 10.917722 -1.786195 -0.251758 0.000000 0.000000 0.000000 1.000000 0 5.059409887e-07 1.745205373e-05
165 0.000136 -0.000084 0.000003 10.917722 -1.786195 -0.251758 0.000000 0.000000 0.000000 1.000000 0 3.960449249e-07 1.895800233e-05
165 0.000125 -0.000078 0.000002 10.917722 -1.786195 -0.251758 0.000000 0.000000 0.000000 1.000000 0 3.660097718e-07 1.733796671e-05
165 0.000116 -0.000072 0.000002 10.917722 -1.786195 -0.251758 0.000000 0.000000 0.000000 1.000000 0 3.629829735e-07 1.750607044e-05
165 0.000107 -0.000066 0.000002 10.917722 -1.786195 -0.251758 0.000000 0.000000 0.000000 1.000000 0 3.599561751e-07 1.908908598e-05
165 0.000099 -0.000061 0.000002 10.917722 -1.786195 -0.251758 0.000000 0.000000 0.000000 1.000000 0 7.250346243e-07 1.876312308e-05
165 0.000091 -0.000057 0.000002 10.917722 -1.786195 -0.251758 0.000000 0.000000 0.000000 1.000000 0 3.629829735e-07 1.602619886e-05
165 0.000084 -0.000052 0.000002 10.917722 -1.786195 -0.251758 0.000000 0.000000 0.000000 1.000000 0 3.650784492e-07 1.596310176e-05
165 0.000078 -0.000048 0.000002 10.917722 -1.786195 -0.251758 0.000000 0.000000 0.000000 1.000000 0 6.291083992e-07 1.821503974e-05
165 0.000072 -0.000044 0.000001 10.917722 -1.786195 -0.251758 0.000000 0.000000 0.000000 1.000000 0 4.128087312e-07 1.912703738e-05
165 0.000066 -0.000041 0.000001 10.917722 -1.786195 -0.251758 0.000000 0.000000 0.000000 1.000000 0 3.611203283e-07 1.632398926e-05
165 0.000061 -0.000038 0.000001 10.917722 -1.786195 -0.251758 0.000000 0.000000 0.000000 1.000000 0 3.599561751e-07 1.597311348e-05
165 0.000056 -0.000035 0.000001 10.917722 -1.786195 -0.251758 0.000000 0.000000 0.000000 1.000000 0 3.650784492e-07 1.597590744e-05
165 0.000052 -0.000032 0.000001 10.917722 -1.786195 -0.251758 0.000000 0.000000 0.000000 1.000000 0 3.648456186e-07 1.729209907e-05
165 0.000048 -0.000030 0.000001 10.917722 -1.786195 -0.251758 0.000000 0.000000 0.000000 1.000000 0 3.620516509e-07 1.902086660e-05
165 0.000044 -0.000028 0.000001 10.917722 -1.786195 -0.251758 0.000000 0.000000 0.000000 1.000000 0 4.111789167e-07 1.806300133e-05
165 0.000041 -0.000025 0.000001 10.917722 -1.786195 -0.251758 0.000000 0.000000 0.000000 1.000000 0 3.648456186e-07 1.721712761e-05
166 0.000919 -0.000580 -0.000014 10.976746 -1.863951 -0.252190 0.000000 0.000000 0.000000 1.000000 0 5.029141903e-07 1.790001988e-05
166 0.000848 -0.000535 -0.000013 10.976746 -1.863951 -0.252190 0.000000 0.000000 0.000000 1.000000 0 3.620516509e-07 1.712981611e-05
166 0.000783 -0.000494 -0.000012 10.976746 -1.863951 -0.252190 0.000000 0.000000 0.000000 1.000000 0 4.000030458e-07 1.737312414e-05
166 0.000723 -0.000456 -0.000011 10.976746 -1.863951 -0.252190 0.000000 0.000000 0.000000 1.000000 0 3.629829735e-07 1.770211384e-05
166 0.000667 -0.000421 -0.000010 10.976746 -1.863951 -0.252190 0.000000 0.000000 0.000000 1.000000 0 3.629829735e-07 1.726299524e-05
166 0.000616 -0.000389 -0.000009 10.976746 -1.863951 -0.252190 0.000000 0.000000 0.000000 1.000000 0 5.250331014e-07 1.853704453e-05
166 0.000569 -0.000359 -0.000009 10.976746 -1.863951 -0.252190 0.000000 0.000000 0.000000 1.000000 0 3.618188202e-07 1.738313586e-05
166 0.000525 -0.000331 -0.000008 10.976746 -1.863951 -0.252190 0.000000 0.000000 0.000000 1.000000 0 3.608874977e-07 1.754402183e-05
166 0.000485 -0.000306 -0.000007 10.976746 -1.863951 -0.252190 0.000000 0.000000 0.000000 1.000000 0 3.369059414e-07 1.577101648e-05
166 0.000447 -0.000282 -0.000007 10.976746 -1.863951 -0.252190 0.000000 0.000000 0.000000 1.000000 0 3.620516509e-07 1.582200639e-05
166 0.000413 -0.000260 -0.000006 10.976746 -1.863951 -0.252190 0.000000 0.000000 0.000000 1.000000 0 5.480833352e-07 1.709093340e-05
166 0.000381 -0.000240 -0.000006 10.976746 -1.863951 -0.252190 0.000000 0.000000 0.000000 1.000000 0 3.629829735e-07 1.591211185e-05
166 0.000352 -0.000222 -0.000005 10.976746 -1.863951 -0.252190 0.000000 0.000000 0.000000 1.000000 0 3.620516509e-07 1.612096094e-05
166 0.000325 -0.000205 -0.000005 10.976746 -1.863951 -0.252190 0.000000 0.000000 0.000000 1.000000 0 3.611203283e-07 1.717312261e-05
166 0.000300 -0.000189 -0.000005 10.976746 -1.863951 -0.252190 0.000000 0.000000 0.000000 1.000000 0 1.329462975e-07 5.937181413e-06
166 0.000277 -0.000175 -0.000004 10.976746 -1.863951 -0.252190 0.000000 0.000000 0.000000 1.000000 0 3.660097718e-07 9.923009202e-06
166 0.000256 -0.000161 -0.000004 10.976746 -1.863951 -0.252190 0.000000 0.000000 0.000000 1.000000 0 2.109445632e-07 1.022289507e-05
166 0.000236 -0.000149 -0.000004 10.976746 -1.863951 -0.252190 0.000000 0.000000 0.000000 1.000000 0 3.639142960e-07 1.739803702e-05
166 0.000218 -0.000137 -0.000003 10.976746 -1.863951 -0.252190 0.000000 0.000000 0.000000 1.000000 0 3.951136023e-07 1.874496229e-05
166 0.000201 -0.000127 -0.000003 10.976746 -1.863951 -0.252190 0.000000 0.000000 0.000000 1.000000 0 3.948807716e-07 1.731398515e-05
167 0.000186 -0.000117 -0.000003 11.054053 -1.811296 -0.232011 0.000000 0.000000 0.000000 1.000000 0 3.969762474e-07 1.896591857e-05
167 0.000171 -0.000108 -0.000003 11.054053 -1.811296 -0.232011 0.000000 0.000000 0.000000 1.000000 0 4.160683602e-07 1.756311394e-05
167 0.000158 -0.000100 -0.000002 11.054053 -1.811296 -0.232011 0.000000 0.000000 0.000000 1.000000 0 4.679895937e-07 1.769093797e-05
167 0.000146 -0.000092 -0.000002 11.054053 -1.811296 -0.232011 0.000000 0.000000 0.000000 1.000000 0 3.650784492e-07 1.905905083e-05
167 0.000135 -0.000085 -0.000002 11.054053 -1.811296 -0.232011 0.000000 0.000000 0.000000 1.000000 0 5.429610610e-07 1.630699262e-05
167 0.000124 -0.000078 -0.000002 11.054053 -1.811296 -0.232011 0.000000 0.000000 0.000000 1.000000 0 3.608874977e-07 1.713982783e-05
167 0.000115 -0.000072 -0.000002 11.054053 -1.811296 -0.232011 0.000000 0.000000 0.000000 1.000000 0 3.648456186e-07 1.583993435e-05
167 0.000106 -0.000067 -0.000002 11.054053 -1.811296 -0.232011 0.000000 0.000000 0.000000 1.000000 0 6.949994713e-07 1.802504994e-05
167 0.000098 -0.000062 -0.000001 11.054053 -1.811296 -0.232011 0.000000 0.000000 0.000000 1.000000 0 4.051253200e-07 1.591304317e-05
167 0.000090 -0.000057 -0.000001 11.054053 -1.811296 -0.232011 0.000000 0.000000 0.000000 1.000000 0 3.639142960e-07 1.746206544e-05
167 0.000083 -0.000053 -0.000001 11.054053 -1.811296 -0.232011 0.000000 0.000000 0.000000 1.000000 0 3.648456186e-07 1.621688716e-05
167 0.000077 -0.000049 -0.000001 11.054053 -1.811296 -0.232011 0.000000 0.000000 0.000000 1.000000 0 3.629829735e-07 1.719594002e-05
167 0.000071 -0.000045 -0.000001 11.054053 -1.811296 -0.232011 0.000000 0.000000 0.000000 1.000000 0 1.969747245e-07 5.660112947e-06
167 0.000066 -0.000041 -0.000001 11.054053 -1.811296 -0.232011 0.000000 0.000000 0.000000 1.000000 0 1.008156687e-07 4.841014743e-06
167 0.000061 -0.000038 -0.000001 11.054053 -1.811296 -0.232011 0.000000 0.000000 0.000000 1.000000 0 1.750886440e-07 6.106914952e-06
167 0.000056 -0.000035 -0.000001 11.054053 -1.811296 -0.232011 0.000000 0.000000 0.000000 1.000000 0 1.450534910e-07 7.020076737e-06
167 0.000052 -0.000033 -0.000001 11.054053 -1.811296 -0.232011 0.000000 0.000000 0.000000 1.000000 0 3.178138286e-07 1.661502756e-05
167 0.000048 -0.000030 -0.000001 11.054053 -1.811296 -0.232011 0.000000 0.000000 0.000000 1.000000 0 3.688037395e-07 1.223501749e-05
167 0.000044 -0.000028 -0.000001 11.054053 -1.811296 -0.232011 0.000000 0.000000 0.000000 1.000000 0 2.658925951e-07 1.284200698e-05
167 0.000041 -0.000026 -0.000001 11.054053 -1.811296 -0.232011 0.000000 0.000000 0.000000 1.000000 0 4.640314728e-07 1.929607242e-05
168 0.000910 -0.000589 -0.000042 11.108235 -1.888894 -0.236984 0.000000 0.000000 0.000000 1.000000 0 3.639142960e-07 1.747906208e-05
168 0.000840 -0.000544 -0.000039 11.108235 -1.888894 -0.236984 0.000000 0.000000 0.000000 1.000000 0 7.739290595e-07 2.636690624e-05
168 0.000775 -0.000502 -0.000036 11.108235 -1.888894 -0.236984 0.000000 0.000000 0.000000 1.000000 0 6.698537618e-07 2.620299347e-05
168 0.000715 -0.000463 -0.000033 11.108235 -1.888894 -0.236984 0.000000 0.000000 0.000000 1.000000 0 6.689224392e-07 2.637808211e-05
168 0.000660 -0.000428 -0.000031 11.108235 -1.888894 -0.236984 0.000000 0.000000 0.000000 1.000000 0 7.401918992e-06 2.496596426e-05
168 0.000610 -0.000395 -0.000028 11.108235 -1.888894 -0.236984 0.000000 0.000000 0.000000 1.000000 0 3.639142960e-07 1.901201904e-05
168 0.000563 -0.000364 -0.000026 11.108235 -1.888894 -0.236984 0.000000 0.000000 0.000000 1.000000 0 3.639142960e-07 1.755706035e-05
168 0.000520 -0.000336 -0.000024 11.108235 -1.888894 -0.236984 0.000000 0.000000 0.000000 1.000000 0 3.611203283e-07 1.885299571e-05
168 0.000480 -0.000310 -0.000022 11.108235 -1.888894 -0.236984 0.000000 0.000000 0.000000 1.000000 0 3.641471267e-07 1.631700434e-05
168 0.000443 -0.000287 -0.000021 11.108235 -1.888894 -0.236984 0.000000 0.000000 0.000000 1.000000 0 7.390044630e-07 1.895893365e-05
168 0.000409 -0.000265 -0.000019 11.108235 -1.888894 -0.236984 0.000000 0.000000 0.000000 1.000000 0 3.629829735e-07 1.752795652e-05
168 0.000377 -0.000244 -0.000018 11.108235 -1.888894 -0.236984 0.000000 0.000000 0.000000 1.000000 0 6.498303264e-07 1.780898310e-05
168 0.000348 -0.000225 -0.000016 11.108235 -1.888894 -0.236984 0.000000 0.000000 0.000000 1.000000 0 3.390014172e-07 1.640687697e-05
168 0.000321 -0.000208 -0.000015 11.108235 -1.888894 -0.236984 0.000000 0.000000 0.000000 1.000000 0 4.239846021e-07 1.701200381e-05
168 0.000297 -0.000192 -0.000014 11.108235 -1.888894 -0.236984 0.000000 0.000000 0.000000 1.000000 0 3.639142960e-07 1.586298458e-05
168 0.000274 -0.000177 -0.000013 11.108235 -1.888894 -0.236984 0.000000 0.000000 0.000000 1.000000 0 3.629829735e-07 1.577101648e-05
168 0.000253 -0.000164 -0.000012 11.108235 -1.888894 -0.236984 0.000000 0.000000 0.000000 1.000000 0 4.118774086e-07 1.695798710e-05
168 0.000233 -0.000151 -0.000011 11.108235 -1.888894 -0.236984 0.000000 0.000000 0.000000 1.000000 0 3.641471267e-07 1.725601032e-05
168 0.000215 -0.000140 -0.000010 11.108235 -1.888894 -0.236984 0.000000 0.000000 0.000000 1.000000 0 3.648456186e-07 1.886882819e-05
168 0.000199 -0.000129 -0.000009 11.108235 -1.888894 -0.236984 0.000000 0.000000 0.000000 1.000000 0 3.639142960e-07 1.751980744e-05
169 0.000184 -0.000119 -0.000009 11.180642 -1.834660 -0.220934 0.000000 0.000000 0.000000 1.000000 0 3.608874977e-07 1.892307773e-05
169 0.000170 -0.000110 -0.000008 11.180642 -1.834660 -0.220934 0.000000 0.000000 0.000000 1.000000 0 3.620516509e-07 1.746602356e-05
169 0.000156 -0.000101 -0.000007 11.180642 -1.834660 -0.220934 0.000000 0.000000 0.000000 1.000000 0 3.650784492e-07 1.745112240e-05
169 0.000144 -0.000094 -0.000007 11.180642 -1.834660 -0.220934 0.000000 0.000000 0.000000 1.000000 0 4.169996828e-07 1.756288111e-05
169 0.000133 -0.000086 -0.000006 11.180642 -1.834660 -0.220934 0.000000 0.000000 0.000000 1.000000 0 3.611203283e-07 1.825881191e-05
169 0.000123 -0.000080 -0.000006 11.180642 -1.834660 -0.220934 0.000000 0.000000 0.000000 1.000000 0 3.639142960e-07 1.755519770e-05
169 0.000114 -0.000074 -0.000005 11.180642 -1.834660 -0.220934 0.000000 0.000000 0.000000 1.000000 0 3.860332072e-07 1.808907837e-05
169 0.000105 -0.000068 -0.000005 11.180642 -1.834660 -0.220934 0.000000 0.000000 0.000000 1.000000 0 3.620516509e-07 1.891213469e-05
169 0.000097 -0.000063 -0.000005 11.180642 -1.834660 -0.220934 0.000000 0.000000 0.000000 1.000000 0 2.649612725e-07 8.424045518e-06
169 0.000089 -0.000058 -0.000004 11.180642 -1.834660 -0.220934 0.000000 0.000000 0.000000 1.000000 0 2.130400389e-07 8.353963494e-06
169 0.000083 -0.000053 -0.000004 11.180642 -1.834660 -0.220934 0.000000 0.000000 0.000000 1.000000 0 2.130400389e-07 8.350005373e-06
169 0.000076 -0.000049 -0.000004 11.180642 -1.834660 -0.220934 0.000000 0.000000 0.000000 1.000000 0 2.328306437e-07 9.161885828e-06
169 0.000070 -0.000046 -0.000003 11.180642 -1.834660 -0.220934 0.000000 0.000000 0.000000 1.000000 0 4.959292710e-07 1.838011667e-05
169 0.000065 -0.000042 -0.000003 11.180642 -1.834660 -0.220934 0.000000 0.000000 0.000000 1.000000 0 2.610031515e-07 8.421950042e-06
169 0.000060 -0.000039 -0.000003 11.180642 -1.834660 -0.220934 0.000000 0.000000 0.000000 1.000000 0 2.367887646e-07 9.458046407e-06
169 0.000055 -0.000036 -0.000003 11.180642 -1.834660 -0.220934 0.000000 0.000000 0.000000 1.000000 0 1.101288944e-07 5.408888683e-06
169 0.000051 -0.000033 -0.000002 11.180642 -1.834660 -0.220934 0.000000 0.000000 0.000000 1.000000 0 1.268927008e-07 6.102025509e-06
169 0.000047 -0.000031 -0.000002 11.180642 -1.834660 -0.220934 0.000000 0.000000 0.000000 1.000000 0 2.668239176e-07 1.322408207e-05
169 0.000044 -0.000028 -0.000002 11.180642 -1.834660 -0.220934 0.000000 0.000000 0.000000 1.000000 0 3.599561751e-07 1.727603376e-05
169 0.000040 -0.000026 -0.000002 11.180642 -1.834660 -0.220934 0.000000 0.000000 0.000000 1.000000 0 3.629829735e-07 1.701596193e-05
170 0.000886 -0.000589 -0.000066 11.229688 -1.911843 -0.229555 0.000000 0.000000 0.000000 1.000000 0 3.611203283e-07 1.914193854e-05
170 0.000818 -0.000544 -0.000061 11.229688 -1.911843 -0.229555 0.000000 0.000000 0.000000 1.000000 0 3.641471267e-07 1.601991244e-05
170 0.000755 -0.000502 -0.000056 11.229688 -1.911843 -0.229555 0.000000 0.000000 0.000000 1.000000 0 3.981404006e-07 1.744297333e-05
170 0.000697 -0.000463 -0.000052 11.229688 -1.911843 -0.229555 0.000000 0.000000 0.000000 1.000000 0 4.270114005e-07 1.768395305e-05
170 0.000643 -0.000428 -0.000048 11.229688 -1.911843 -0.229555 0.000000 0.000000 0.000000 1.000000 0 3.620516509e-07 1.636007801e-05
170 0.000594 -0.000395 -0.000044 11.229688 -1.911843 -0.229555 0.000000 0.000000 0.000000 1.000000 0 3.941822797e-07 1.744413748e-05
170 0.000548 -0.000365 -0.000041 11.229688 -1.911843 -0.229555 0.000000 0.000000 0.000000 1.000000 0 3.951136023e-07 1.630699262e-05
170 0.000506 -0.000337 -0.000037 11.229688 -1.911843 -0.229555 0.000000 0.000000 0.000000 1.000000 0 3.599561751e-07 1.868489198e-05
170 0.000467 -0.000311 -0.000035 11.229688 -1.911843 -0.229555 0.000000 0.000000 0.000000 1.000000 0 5.168840289e-07 1.655402593e-05
170 0.000431 -0.000287 -0.000032 11.229688 -1.911843 -0.229555 0.000000 0.000000 0.000000 1.000000 0 3.660097718e-07 1.742411405e-05
170 0.000398 -0.000265 -0.000029 11.229688 -1.911843 -0.229555 0.000000 0.000000 0.000000 1.000000 0 3.920868039e-07 1.906906255e-05
170 0.000367 -0.000244 -0.000027 11.229688 -1.911843 -0.229555 0.000000 0.000000 0.000000 1.000000 0 3.860332072e-07 1.735193655e-05
170 0.000339 -0.000226 -0.000025 11.229688 -1.911843 -0.229555 0.000000 0.000000 0.000000 1.000000 0 7.089693099e-07 2.625002526e-05
170 0.000313 -0.000208 -0.000023 11.229688 -1.911843 -0.229555 0.000000 0.000000 0.000000 1.000000 0 3.629829735e-07 1.895800233e-05
170 0.000289 -0.000192 -0.000021 11.229688 -1.911843 -0.229555 0.000000 0.000000 0.000000 1.000000 0 3.641471267e-07 1.891190186e-05
170 0.000267 -0.000177 -0.000020 11.229688 -1.911843 -0.229555 0.000000 0.000000 0.000000 1.000000 0 3.620516509e-07 1.743412577e-05
170 0.000246 -0.000164 -0.000018 11.229688 -1.911843 -0.229555 0.000000 0.000000 0.000000 1.000000 0 3.620516509e-07 1.762108877e-05
170 0.000227 -0.000151 -0.000017 11.229688 -1.911843 -0.229555 0.000000 0.000000 0.000000 1.000000 0 3.669410944e-07 1.883087680e-05
170 0.000210 -0.000140 -0.000016 11.229688 -1.911843 -0.229555 0.000000 0.000000 0.000000 1.000000 0 3.951136023e-07 1.736194827e-05
170 0.000194 -0.000129 -0.000014 11.229688 -1.911843 -0.229555 0.000000 0.000000 0.000000 1.000000 0 4.188623279e-07 1.620897092e-05
171 0.000179 -0.000119 -0.000013 11.297761 -1.856483 -0.216789 0.000000 0.000000 0.000000 1.000000 0 5.539041013e-07 4.664203152e-05
171 0.000165 -0.000110 -0.000012 11.297761 -1.856483 -0.216789 0.000000 0.000000 0.000000 1.000000 0 4.109460860e-07 1.754215918e-05
171 0.000152 -0.000101 -0.000011 11.297761 -1.856483 -0.216789 0.000000 0.000000 0.000000 1.000000 0 3.620516509e-07 1.622596756e-05
171 0.000141 -0.000094 -0.000010 11.297761 -1.856483 -0.216789 0.000000 0.000000 0.000000 1.000000 0 3.641471267e-07 1.757219434e-05
171 0.000130 -0.000086 -0.000010 11.297761 -1.856483 -0.216789 0.000000 0.000000 0.000000 1.000000 0 3.629829735e-07 1.773890108e-05
171 0.000120 -0.000080 -0.000009 11.297761 -1.856483 -0.216789 0.000000 0.000000 0.000000 1.000000 0 3.729946911e-07 1.582596451e-05
171 0.000111 -0.000074 -0.000008 11.297761 -1.856483 -0.216789 0.000000 0.000000 0.000000 1.000000 0 3.878958523e-07 1.727300696e-05
171 0.000102 -0.000068 -0.000008 11.297761 -1.856483 -0.216789 0.000000 0.000000 0.000000 1.000000 0 6.109476089e-07 1.806905493e-05
171 0.000094 -0.000063 -0.000007 11.297761 -1.856483 -0.216789 0.000000 0.000000 0.000000 1.000000 0 3.972090781e-07 1.698313281e-05
171 0.000087 -0.000058 -0.000006 11.297761 -1.856483 -0.216789 0.000000 0.000000 0.000000 1.000000 0 3.648456186e-07 1.623411663e-05
171 0.000080 -0.000053 -0.000006 11.297761 -1.856483 -0.216789 0.000000 0.000000 0.000000 1.000000 0 3.650784492e-07 1.750607044e-05
171 0.000074 -0.000049 -0.000005 11.297761 -1.856483 -0.216789 0.000000 0.000000 0.000000 1.000000 0 4.209578037e-07 1.761713065e-05
171 0.000068 -0.000046 -0.000005 11.297761 -1.856483 -0.216789 0.000000 0.000000 0.000000 1.000000 0 4.251487553e-07 1.643109135e-05
171 0.000063 -0.000042 -0.000005 11.297761 -1.856483 -0.216789 0.000000 0.000000 0.000000 1.000000 0 3.951136023e-07 1.761014573e-05
171 0.000058 -0.000039 -0.000004 11.297761 -1.856483 -0.216789 0.000000 0.000000 0.000000 1.000000 0 3.969762474e-07 1.734099351e-05
171 0.000054 -0.000036 -0.000004 11.297761 -1.856483 -0.216789 0.000000 0.000000 0.000000 1.000000 0 5.238689482e-07 1.754495315e-05
171 0.000050 -0.000033 -0.000004 11.297761 -1.856483 -0.216789 0.000000 0.000000 0.000000 1.000000 0 6.931368262e-07 2.646609209e-05
171 0.000046 -0.000031 -0.000003 11.297761 -1.856483 -0.216789 0.000000 0.000000 0.000000 1.000000 0 6.810296327e-07 1.940806396e-05
171 0.000042 -0.000028 -0.000003 11.297761 -1.856483 -0.216789 0.000000 0.000000 0.000000 1.000000 0 3.690365702e-07 1.744693145e-05
171 0.000039 -0.000026 -0.000003 11.297761 -1.856483 -0.216789 0.000000 0.000000 0.000000 1.000000 0 8.859205991e-07 2.653803676e-05
172 0.000868 -0.000598 -0.000085 11.342161 -1.934254 -0.228389 0.000000 0.000000 0.000000 1.000000 0 6.949994713e-07 2.627493814e-05
172 0.000802 -0.000552 -0.000079 11.342161 -1.934254 -0.228389 0.000000 0.000000 0.000000 1.000000 0 3.648456186e-07 1.692399383e-05
172 0.000740 -0.000510 -0.000073 11.342161 -1.934254 -0.228389 0.000000 0.000000 0.000000 1.000000 0 3.620516509e-07 1.588696614e-05
172 0.000683 -0.000471 -0.000067 11.342161 -1.934254 -0.228389 0.000000 0.000000 0.000000 1.000000 0 7.369089872e-07 2.638995647e-05
172 0.000631 -0.000434 -0.000062 11.342161 -1.934254 -0.228389 0.000000 0.000000 0.000000 1.000000 0 4.679895937e-07 1.505482942e-05
172 0.000582 -0.000401 -0.000057 11.342161 -1.934254 -0.228389 0.000000 0.000000 0.000000 1.000000 0 2.209562808e-07 1.056585461e-05
172 0.000537 -0.000370 -0.000053 11.342161 -1.934254 -0.228389 0.000000 0.000000 0.000000 1.000000 0 8.160714060e-07 2.649496309e-05
172 0.000496 -0.000342 -0.000049 11.342161 -1.934254 -0.228389 0.000000 0.000000 0.000000 1.000000 0 2.209562808e-07 1.103989780e-05
172 0.000458 -0.000315 -0.000045 11.342161 -1.934254 -0.228389 0.000000 0.000000 0.000000 1.000000 0 5.050096661e-07 1.407996751e-05
172 0.000423 -0.000291 -0.000042 11.342161 -1.934254 -0.228389 0.000000 0.000000 0.000000 1.000000 0 8.530914783e-07 2.665189095e-05
172 0.000390 -0.000269 -0.000038 11.342161 -1.934254 -0.228389 0.000000 0.000000 0.000000 1.000000 0 3.629829735e-07 1.865997910e-05
172 0.000360 -0.000248 -0.000035 11.342161 -1.934254 -0.228389 0.000000 0.000000 0.000000 1.000000 0 3.629829735e-07 1.733191311e-05
172 0.000333 -0.000229 -0.000033 11.342161 -1.934254 -0.228389 0.000000 0.000000 0.000000 1.000000 0 3.639142960e-07 1.719011925e-05
172 0.000307 -0.000211 -0.000030 11.342161 -1.934254 -0.228389 0.000000 0.000000 0.000000 1.000000 0 3.650784492e-07 1.606903970e-05
172 0.000283 -0.000195 -0.000028 11.342161 -1.934254 -0.228389 0.000000 0.000000 0.000000 1.000000 0 2.249144018e-07 7.914146408e-06
172 0.000262 -0.000180 -0.000026 11.342161 -1.934254 -0.228389 0.000000 0.000000 0.000000 1.000000 0 1.960434020e-07 8.599134162e-06
172 0.000241 -0.000166 -0.000024 11.342161 -1.934254 -0.228389 0.000000 0.000000 0.000000 1.000000 0 9.289942682e-08 4.295026883e-06
172 0.000223 -0.000154 -0.000022 11.342161 -1.934254 -0.228389 0.000000 0.000000 0.000000 1.000000 0 8.894130588e-08 4.652887583e-06
172 0.000206 -0.000142 -0.000020 11.342161 -1.934254 -0.228389 0.000000 0.000000 0.000000 1.000000 0 9.615905583e-08 6.764894351e-06
172 0.000190 -0.000131 -0.000019 11.342161 -1.934254 -0.228389 0.000000 0.000000 0.000000 1.000000 0 9.383074939e-08 6.776070222e-06
173 0.000175 -0.000121 -0.000017 11.405597 -1.877592 -0.218194 0.000000 0.000000 0.000000 1.000000 0 2.111773938e-07 9.921146557e-06
173 0.000162 -0.000112 -0.000016 11.405597 -1.877592 -0.218194 0.000000 0.000000 0.000000 1.000000 0 6.149057299e-07 1.940107904e-05
173 0.000149 -0.000103 -0.000015 11.405597 -1.877592 -0.218194 0.000000 0.000000 0.000000 1.000000 0 3.790482879e-07 1.585297287e-05
173 0.000138 -0.000095 -0.000014 11.405597 -1.877592 -0.218194 0.000000 0.000000 0.000000 1.000000 0 3.890600055e-07 1.772190444e-05
173 0.000127 -0.000088 -0.000013 11.405597 -1.877592 -0.218194 0.000000 0.000000 0.000000 1.000000 0 3.599561751e-07 1.742690802e-05
173 0.000118 -0.000081 -0.000012 11.405597 -1.877592 -0.218194 0.000000 0.000000 0.000000 1.000000 0 2.679880708e-07 1.392792910e-05
173 0.000108 -0.000075 -0.000011 11.405597 -1.877592 -0.218194 0.000000 0.000000 0.000000 1.000000 0 5.541369319e-07 1.681386493e-05
173 0.000100 -0.000069 -0.000010 11.405597 -1.877592 -0.218194 0.000000 0.000000 0.000000 1.000000 0 3.678724170e-07 1.899199560e-05
173 0.000092 -0.000064 -0.000009 11.405597 -1.877592 -0.218194 0.000000 0.000000 0.000000 1.000000 0 3.639142960e-07 1.742783934e-05
173 0.000085 -0.000059 -0.000008 11.405597 -1.877592 -0.218194 0.000000 0.000000 0.000000 1.000000 0 3.660097718e-07 1.741084270e-05
173 0.000079 -0.000054 -0.000008 11.405597 -1.877592 -0.218194 0.000000 0.000000 0.000000 1.000000 0 3.809109330e-07 1.592491753e-05
173 0.000073 -0.000050 -0.000007 11.405597 -1.877592 -0.218194 0.000000 0.000000 0.000000 1.000000 0 6.719492376e-07 1.896591857e-05
173 0.000067 -0.000046 -0.000007 11.405597 -1.877592 -0.218194 0.000000 0.000000 0.000000 1.000000 0 4.209578037e-07 1.588487066e-05
173 0.000062 -0.000043 -0.000006 11.405597 -1.877592 -0.218194 0.000000 0.000000 0.000000 1.000000 0 8.181668818e-07 2.635386772e-05
173 0.000057 -0.000039 -0.000006 11.405597 -1.877592 -0.218194 0.000000 0.000000 0.000000 1.000000 0 7.108319551e-07 1.912284642e-05
173 0.000053 -0.000036 -0.000005 11.405597 -1.877592 -0.218194 0.000000 0.000000 0.000000 1.000000 0 3.650784492e-07 1.899502240e-05
173 0.000049 -0.000034 -0.000005 11.405597 -1.877592 -0.218194 0.000000 0.000000 0.000000 1.000000 0 4.621688277e-07 1.791492105e-05
173 0.000045 -0.000031 -0.000004 11.405597 -1.877592 -0.218194 0.000000 0.000000 0.000000 1.000000 0 3.660097718e-07 1.582689583e-05
173 0.000042 -0.000029 -0.000004 11.405597 -1.877592 -0.218194 0.000000 0.000000 0.000000 1.000000 0 3.650784492e-07 1.898291521e-05
173 0.000038 -0.000026 -0.000004 11.405597 -1.877592 -0.218194 0.000000 0.000000 0.000000 1.000000 0 3.611203283e-07 1.880899072e-05
174 0.000846 -0.000603 -0.000101 11.444870 -1.955401 -0.232033 0.000000 0.000000 0.000000 1.000000 0 3.909226507e-07 1.747906208e-05
174 0.000781 -0.000557 -0.000093 11.444870 -1.955401 -0.232033 0.000000 0.000000 0.000000 1.000000 0 3.669410944e-07 1.736287959e-05
174 0.000721 -0.000514 -0.000086 11.444870 -1.955401 -0.232033 0.000000 0.000000 0.000000 1.000000 0 3.639142960e-07 1.628417522e-05
174 0.000665 -0.000475 -0.000079 11.444870 -1.955401 -0.232033 0.000000 0.000000 0.000000 1.000000 0 8.200295269e-07 2.671079710e-05
174 0.000614 -0.000438 -0.000073 11.444870 -1.955401 -0.232033 0.000000 0.000000 0.000000 1.000000 0 3.590248525e-07 2.467096783e-05
174 0.000567 -0.000404 -0.000068 11.444870 -1.955401 -0.232033 0.000000 0.000000 0.000000 1.000000 0 2.668239176e-07 1.277378760e-05
174 0.000523 -0.000373 -0.000062 11.444870 -1.955401 -0.232033 0.000000 0.000000 0.000000 1.000000 0 2.998858690e-07 1.333490945e-05
174 0.000483 -0.000345 -0.000058 11.444870 -1.955401 -0.232033 0.000000 0.000000 0.000000 1.000000 0 3.608874977e-07 1.582782716e-05
174 0.000446 -0.000318 -0.000053 11.444870 -1.955401 -0.232033 0.000000 0.000000 0.000000 1.000000 0 6.339978427e-07 1.875916496e-05
174 0.000412 -0.000294 -0.000049 11.444870 -1.955401 -0.232033 0.000000 0.000000 0.000000 1.000000 0 3.639142960e-07 1.737102866e-05
174 0.000380 -0.000271 -0.000045 11.444870 -1.955401 -0.232033 0.000000 0.000000 0.000000 1.000000 0 4.428438842e-07 1.904205419e-05
174 0.000351 -0.000250 -0.000042 11.444870 -1.955401 -0.232033 0.000000 0.000000 0.000000 1.000000 0 3.608874977e-07 1.728488132e-05
174 0.000324 -0.000231 -0.000039 11.444870 -1.955401 -0.232033 0.000000 0.000000 0.000000 1.000000 0 3.611203283e-07 1.904089004e-05
174 0.000299 -0.000213 -0.000036 11.444870 -1.955401 -0.232033 0.000000 0.000000 0.000000 1.000000 0 3.599561751e-07 1.582992263e-05
174 0.000276 -0.000197 -0.000033 11.444870 -1.955401 -0.232033 0.000000 0.000000 0.000000 1.000000 0 3.639142960e-07 1.587392762e-05
174 0.000255 -0.000182 -0.000030 11.444870 -1.955401 -0.232033 0.000000 0.000000 0.000000 1.000000 0 5.890615284e-07 1.993705519e-05
174 0.000235 -0.000168 -0.000028 11.444870 -1.955401 -0.232033 0.000000 0.000000 0.000000 1.000000 0 3.641471267e-07 1.575401984e-05
174 0.000217 -0.000155 -0.000026 11.444870 -1.955401 -0.232033 0.000000 0.000000 0.000000 1.000000 0 3.641471267e-07 1.582805999e-05
174 0.000200 -0.000143 -0.000024 11.444870 -1.955401 -0.232033 0.000000 0.000000 0.000000 1.000000 0 4.090834409e-07 1.897197217e-05
174 0.000185 -0.000132 -0.000022 11.444870 -1.955401 -0.232033 0.000000 0.000000 0.000000 1.000000 0 3.669410944e-07 1.702597365e-05
175 0.000171 -0.000122 -0.000020 11.503416 -1.898110 -0.223822 0.000000 0.000000 0.000000 1.000000 0 3.541354090e-07 1.164781861e-05
175 0.000158 -0.000112 -0.000019 11.503416 -1.898110 -0.223822 0.000000 0.000000 0.000000 1.000000 0 9.103678167e-08 4.352070391e-06
175 0.000146 -0.000104 -0.000017 11.503416 -1.898110 -0.223822 0.000000 0.000000 0.000000 1.000000 0 2.121087164e-07 1.108017750e-05
175 0.000134 -0.000096 -0.000016 11.503416 -1.898110 -0.223822 0.000000 0.000000 0.000000 1.000000 0 2.540182322e-07 1.219008118e-05
175 0.000124 -0.000088 -0.000015 11.503416 -1.898110 -0.223822 0.000000 0.000000 0.000000 1.000000 0 3.629829735e-07 1.763808541e-05
175 0.000114 -0.000082 -0.000014 11.503416 -1.898110 -0.223822 0.000000 0.000000 0.000000 1.000000 0 6.710179150e-07 2.478598617e-05
175 0.000106 -0.000075 -0.000013 11.503416 -1.898110 -0.223822 0.000000 0.000000 0.000000 1.000000 0 3.620516509e-07 1.762295142e-05
175 0.000098 -0.000070 -0.000012 11.503416 -1.898110 -0.223822 0.000000 0.000000 0.000000 1.000000 0 3.571622074e-07 1.721596345e-05
175 0.000090 -0.000064 -0.000011 11.503416 -1.898110 -0.223822 0.000000 0.000000 0.000000 1.000000 0 3.620516509e-07 1.738686115e-05
175 0.000083 -0.000059 -0.000010 11.503416 -1.898110 -0.223822 0.000000 0.000000 0.000000 1.000000 0 3.620516509e-07 1.723109744e-05
175 0.000077 -0.000055 -0.000009 11.503416 -1.898110 -0.223822 0.000000 0.000000 0.000000 1.000000 0 4.840549082e-07 1.687812619e-05
175 0.000071 -0.000051 -0.000008 11.503416 -1.898110 -0.223822 0.000000 0.000000 0.000000 1.000000 0 3.620516509e-07 1.645577140e-05
175 0.000065 -0.000047 -0.000008 11.503416 -1.898110 -0.223822 0.000000 0.000000 0.000000 1.000000 0 4.298053682e-07 1.732702367e-05
175 0.000060 -0.000043 -0.000007 11.503416 -1.898110 -0.223822 0.000000 0.000000 0.000000 1.000000 0 3.608874977e-07 1.727300696e-05
175 0.000056 -0.000040 -0.000007 11.503416 -1.898110 -0.223822 0.000000 0.000000 0.000000 1.000000 0 7.289927453e-07 2.604210749e-05
175 0.000051 -0.000037 -0.000006 11.503416 -1.898110 -0.223822 0.000000 0.000000 0.000000 1.000000 0 3.620516509e-07 1.602387056e-05
175 0.000047 -0.000034 -0.000006 11.503416 -1.898110 -0.223822 0.000000 0.000000 0.000000 1.000000 0 3.599561751e-07 1.896196045e-05
175 0.000044 -0.000031 -0.000005 11.503416 -1.898110 -0.223822 0.000000 0.000000 0.000000 1.000000 0 5.650799721e-07 1.794705167e-05
175 0.000040 -0.000029 -0.000005 11.503416 -1.898110 -0.223822 0.000000 0.000000 0.000000 1.000000 0 3.639142960e-07 1.741992310e-05
175 0.000037 -0.000027 -0.000004 11.503416 -1.898110 -0.223822 0.000000 0.000000 0.000000 1.000000 0 7.729977369e-07 2.641789615e-05
176 0.000825 -0.000608 -0.000113 11.538156 -1.976038 -0.239323 0.000000 0.000000 0.000000 1.000000 0 4.980247468e-07 1.774588600e-05
176 0.000762 -0.000561 -0.000104 11.538156 -1.976038 -0.239323 0.000000 0.000000 0.000000 1.000000 0 3.629829735e-07 1.899711788e-05
176 0.000703 -0.000518 -0.000096 11.538156 -1.976038 -0.239323 0.000000 0.000000 0.000000 1.000000 0 6.731133908e-07 1.744087785e-05
176 0.000649 -0.000478 -0.000089 11.538156 -1.976038 -0.239323 0.000000 0.000000 0.000000 1.000000 0 3.390014172e-07 1.480407082e-05
176 0.000599 -0.000442 -0.000082 11.538156 -1.976038 -0.239323 0.000000 0.000000 0.000000 1.000000 0 4.039611667e-07 1.736311242e-05
176 0.000553 -0.000408 -0.000075 11.538156 -1.976038 -0.239323 0.000000 0.000000 0.000000 1.000000 0 3.611203283e-07 1.754704863e-05
176 0.000511 -0.000376 -0.000070 11.538156 -1.976038 -0.239323 0.000000 0.000000 0.000000 1.000000 0 3.660097718e-07 1.889606938e-05
176 0.000471 -0.000347 -0.000064 11.538156 -1.976038 -0.239323 0.000000 0.000000 0.000000 1.000000 0 3.608874977e-07 1.760805026e-05
176 0.000435 -0.000321 -0.000059 11.538156 -1.976038 -0.239323 0.000000 0.000000 0.000000 1.000000 0 3.590248525e-07 1.882086508e-05
176 0.000402 -0.000296 -0.000055 11.538156 -1.976038 -0.239323 0.000000 0.000000 0.000000 1.000000 0 5.590263754e-07 1.775589772e-05
176 0.000371 -0.000273 -0.000051 11.538156 -1.976038 -0.239323 0.000000 0.000000 0.000000 1.000000 0 3.620516509e-07 1.909001730e-05
176 0.000342 -0.000252 -0.000047 11.538156 -1.976038 -0.239323 0.000000 0.000000 0.000000 1.000000 0 4.079192877e-07 1.597101800e-05
176 0.000316 -0.000233 -0.000043 11.538156 -1.976038 -0.239323 0.000000 0.000000 0.000000 1.000000 0 3.611203283e-07 1.592212357e-05
176 0.000292 -0.000215 -0.000040 11.538156 -1.976038 -0.239323 0.000000 0.000000 0.000000 1.000000 0 3.639142960e-07 1.752004027e-05
176 0.000269 -0.000198 -0.000037 11.538156 -1.976038 -0.239323 0.000000 0.000000 0.000000 1.000000 0 6.740447134e-07 1.863786019e-05
176 0.000249 -0.000183 -0.000034 11.538156 -1.976038 -0.239323 0.000000 0.000000 0.000000 1.000000 0 3.620516509e-07 1.738197170e-05
176 0.000230 -0.000169 -0.000031 11.538156 -1.976038 -0.239323 0.000000 0.000000 0.000000 1.000000 0 3.648456186e-07 1.734378748e-05
176 0.000212 -0.000156 -0.000029 11.538156 -1.976038 -0.239323 0.000000 0.000000 0.000000 1.000000 0 3.629829735e-07 1.593283378e-05
176 0.000196 -0.000144 -0.000027 11.538156 -1.976038 -0.239323 0.000000 0.000000 0.000000 1.000000 0 3.830064088e-07 1.897104084e-05
176 0.000181 -0.000133 -0.000025 11.538156 -1.976038 -0.239323 0.000000 0.000000 0.000000 1.000000 0 6.649643183e-07 1.909118146e-05
177 0.000167 -0.000123 -0.000023 11.592456 -1.917511 -0.232473 0.000000 0.000000 0.000000 1.000000 0 3.899913281e-07 1.741689630e-05
177 0.000154 -0.000113 -0.000021 11.592456 -1.917511 -0.232473 0.000000 0.000000 0.000000 1.000000 0 7.972121239e-07 2.646585926e-05
177 0.000142 -0.000105 -0.000019 11.592456 -1.917511 -0.232473 0.000000 0.000000 0.000000 1.000000 0 3.599561751e-07 1.780106686e-05
177 0.000131 -0.000097 -0.000018 11.592456 -1.917511 -0.232473 0.000000 0.000000 0.000000 1.000000 0 3.620516509e-07 2.167979255e-05
177 0.000121 -0.000089 -0.000016 11.592456 -1.917511 -0.232473 0.000000 0.000000 0.000000 1.000000 0 3.629829735e-07 1.585693099e-05
177 0.000112 -0.000082 -0.000015 11.592456 -1.917511 -0.232473 0.000000 0.000000 0.000000 1.000000 0 3.569293767e-07 1.586996950e-05
177 0.000103 -0.000076 -0.000014 11.592456 -1.917511 -0.232473 0.000000 0.000000 0.000000 1.000000 0 5.729962140e-07 1.655379310e-05
177 0.000095 -0.000070 -0.000013 11.592456 -1.917511 -0.232473 0.000000 0.000000 0.000000 1.000000 0 3.739260137e-07 1.584482379e-05
177 0.000088 -0.000065 -0.000012 11.592456 -1.917511 -0.232473 0.000000 0.000000 0.000000 1.000000 0 3.760214895e-07 1.765321940e-05
177 0.000081 -0.000060 -0.000011 11.592456 -1.917511 -0.232473 0.000000 0.000000 0.000000 1.000000 0 3.639142960e-07 1.761200838e-05
177 0.000075 -0.000055 -0.000010 11.592456 -1.917511 -0.232473 0.000000 0.000000 0.000000 1.000000 0 3.641471267e-07 1.606298611e-05
177 0.000069 -0.000051 -0.000009 11.592456 -1.917511 -0.232473 0.000000 0.000000 0.000000 1.000000 0 5.660112947e-07 1.687905751e-05
177 0.000064 -0.000047 -0.000009 11.592456 -1.917511 -0.232473 0.000000 0.000000 0.000000 1.000000 0 3.660097718e-07 1.583201811e-05
177 0.000059 -0.000043 -0.000008 11.592456 -1.917511 -0.232473 0.000000 0.000000 0.000000 1.000000 0 3.648456186e-07 1.898384653e-05
177 0.000054 -0.000040 -0.000007 11.592456 -1.917511 -0.232473 0.000000 0.000000 0.000000 1.000000 0 3.629829735e-07 1.738290302e-05
177 0.000050 -0.000037 -0.000007 11.592456 -1.917511 -0.232473 0.000000 0.000000 0.000000 1.000000 0 3.608874977e-07 1.906999387e-05
177 0.000046 -0.000034 -0.000006 11.592456 -1.917511 -0.232473 0.000000 0.000000 0.000000 1.000000 0 2.910383046e-07 9.013107046e-06
177 0.000043 -0.000032 -0.000006 11.592456 -1.917511 -0.232473 0.000000 0.000000 0.000000 1.000000 0 2.558808774e-07 8.394941688e-06
177 0.000039 -0.000029 -0.000005 11.592456 -1.917511 -0.232473 0.000000 0.000000 0.000000 1.000000 0 2.568122000e-07 8.376082405e-06
177 0.000036 -0.000027 -0.000005 11.592456 -1.917511 -0.232473 0.000000 0.000000 0.000000 1.000000 0 2.260785550e-07 8.352100849e-06
178 0.000801 -0.000613 -0.000121 11.622234 -1.995704 -0.249114 0.000000 0.000000 0.000000 1.000000 0 2.030283213e-07 1.063896343e-05
178 0.000739 -0.000566 -0.000112 11.622234 -1.995704 -0.249114 0.000000 0.000000 0.000000 1.000000 0 2.130400389e-07 9.877840057e-06
178 0.000682 -0.000522 -0.000103 11.622234 -1.995704 -0.249114 0.000000 0.000000 0.000000 1.000000 0 3.939494491e-07 1.484504901e-05
178 0.000630 -0.000482 -0.000095 11.622234 -1.995704 -0.249114 0.000000 0.000000 0.000000 1.000000 0 4.379544407e-07 1.730397344e-05
178 0.000581 -0.000445 -0.000088 11.622234 -1.995704 -0.249114 0.000000 0.000000 0.000000 1.000000 0 3.620516509e-07 1.587090082e-05
178 0.000537 -0.000411 -0.000081 11.622234 -1.995704 -0.249114 0.000000 0.000000 0.000000 1.000000 0 3.760214895e-07 1.747510396e-05
178 0.000495 -0.000379 -0.000075 11.622234 -1.995704 -0.249114 0.000000 0.000000 0.000000 1.000000 0 3.639142960e-07 1.621386036e-05
178 0.000457 -0.000350 -0.000069 11.622234 -1.995704 -0.249114 0.000000 0.000000 0.000000 1.000000 0 3.790482879e-07 1.717498526e-05
178 0.000422 -0.000323 -0.000064 11.622234 -1.995704 -0.249114 0.000000 0.000000 0.000000 1.000000 0 9.001232684e-07 2.678018063e-05
178 0.000390 -0.000298 -0.000059 11.622234 -1.995704 -0.249114 0.000000 0.000000 0.000000 1.000000 0 6.700865924e-07 2.626003698e-05
178 0.000360 -0.000275 -0.000054 11.622234 -1.995704 -0.249114 0.000000 0.000000 0.000000 1.000000 0 7.320195436e-07 2.632895485e-05
178 0.000332 -0.000254 -0.000050 11.622234 -1.995704 -0.249114 0.000000 0.000000 0.000000 1.000000 0 5.729962140e-07 1.641316339e-05
178 0.000307 -0.000235 -0.000046 11.622234 -1.995704 -0.249114 0.000000 0.000000 0.000000 1.000000 0 3.641471267e-07 1.609302126e-05
178 0.000283 -0.000217 -0.000043 11.622234 -1.995704 -0.249114 0.000000 0.000000 0.000000 1.000000 0 3.851018846e-07 1.926999539e-05
178 0.000261 -0.000200 -0.000039 11.622234 -1.995704 -0.249114 0.000000 0.000000 0.000000 1.000000 0 3.629829735e-07 1.735589467e-05
178 0.000241 -0.000185 -0.000036 11.622234 -1.995704 -0.249114 0.000000 0.000000 0.000000 1.000000 0 3.629829735e-07 1.615216024e-05
178 0.000223 -0.000170 -0.000034 11.622234 -1.995704 -0.249114 0.000000 0.000000 0.000000 1.000000 0 3.650784492e-07 1.894589514e-05
178 0.000205 -0.000157 -0.000031 11.622234 -1.995704 -0.249114 0.000000 0.000000 0.000000 1.000000 0 3.618188202e-07 2.122786827e-05
178 0.000190 -0.000145 -0.000029 11.622234 -1.995704 -0.249114 0.000000 0.000000 0.000000 1.000000 0 3.641471267e-07 1.761689782e-05
178 0.000175 -0.000134 -0.000026 11.622234 -1.995704 -0.249114 0.000000 0.000000 0.000000 1.000000 0 4.188623279e-07 1.751491800e-05
179 0.000162 -0.000124 -0.000024 11.671849 -1.936786 -0.243209 0.000000 0.000000 0.000000 1.000000 0 4.698522389e-07 1.762993634e-05
179 0.000149 -0.000114 -0.000023 11.671849 -1.936786 -0.243209 0.000000 0.000000 0.000000 1.000000 0 3.860332072e-07 1.740106381e-05
179 0.000138 -0.000105 -0.000021 11.671849 -1.936786 -0.243209 0.000000 0.000000 0.000000 1.000000 0 3.820750862e-07 1.724483445e-05
179 0.000127 -0.000097 -0.000019 11.671849 -1.936786 -0.243209 0.000000 0.000000 0.000000 1.000000 0 3.899913281e-07 1.589488238e-05
179 0.000117 -0.000090 -0.000018 11.671849 -1.936786 -0.243209 0.000000 0.000000 0.000000 1.000000 0 6.649643183e-07 2.628006041e-05
179 0.000108 -0.000083 -0.000016 11.671849 -1.936786 -0.243209 0.000000 0.000000 0.000000 1.000000 0 5.820766091e-07 2.263905481e-05
179 0.000100 -0.000077 -0.000015 11.671849 -1.936786 -0.243209 0.000000 0.000000 0.000000 1.000000 0 3.639142960e-07 1.758500002e-05
179 0.000092 -0.000071 -0.000014 11.671849 -1.936786 -0.243209 0.000000 0.000000 0.000000 1.000000 0 3.629829735e-07 1.697405241e-05
179 0.000085 -0.000065 -0.000013 11.671849 -1.936786 -0.243209 0.000000 0.000000 0.000000 1.000000 0 3.639142960e-07 1.741107553e-05
179 0.000079 -0.000060 -0.000012 11.671849 -1.936786 -0.243209 0.000000 0.000000 0.000000 1.000000 0 3.410968930e-07 1.598498784e-05
179 0.000073 -0.000056 -0.000011 11.671849 -1.936786 -0.243209 0.000000 0.000000 0.000000 1.000000 0 3.809109330e-07 1.688092016e-05
179 0.000067 -0.000051 -0.000010 11.671849 -1.936786 -0.243209 0.000000 0.000000 0.000000 1.000000 0 3.641471267e-07 1.723715104e-05
179 0.000062 -0.000047 -0.000009 11.671849 -1.936786 -0.243209 0.000000 0.000000 0.000000 1.000000 0 3.639142960e-07 1.766090281e-05
179 0.000057 -0.000044 -0.000009 11.671849 -1.936786 -0.243209 0.000000 0.000000 0.000000 1.000000 0 3.639142960e-07 1.715286635e-05
179 0.000053 -0.000040 -0.000008 11.671849 -1.936786 -0.243209 0.000000 0.000000 0.000000 1.000000 0 3.641471267e-07 1.727091148e-05
179 0.000049 -0.000037 -0.000007 11.671849 -1.936786 -0.243209 0.000000 0.000000 0.000000 1.000000 0 3.620516509e-07 1.908210106e-05
179 0.000045 -0.000034 -0.000007 11.671849 -1.936786 -0.243209 0.000000 0.000000 0.000000 1.000000 0 3.650784492e-07 1.912307926e-05
179 0.000041 -0.000032 -0.000006 11.671849 -1.936786 -0.243209 0.000000 0.000000 0.000000 1.000000 0 4.770699888e-07 1.782015897e-05
179 0.000038 -0.000029 -0.000006 11.671849 -1.936786 -0.243209 0.000000 0.000000 0.000000 1.000000 0 3.629829735e-07 1.743901521e-05
179 0.000035 -0.000027 -0.000005 11.671849 -1.936786 -0.243209 0.000000 0.000000 0.000000 1.000000 0 3.629829735e-07 1.711305231e-05
180 0.000780 -0.000618 -0.000127 11.697269 -2.015035 -0.260560 0.000000 0.000000 0.000000 1.000000 0 4.230532795e-07 1.496402547e-05
180 0.000720 -0.000570 -0.000117 11.697269 -2.015035 -0.260560 0.000000 0.000000 0.000000 1.000000 0 3.629829735e-07 1.598987728e-05
180 0.000665 -0.000527 -0.000108 11.697269 -2.015035 -0.260560 0.000000 0.000000 0.000000 1.000000 0 6.200280041e-07 1.944391988e-05
180 0.000614 -0.000486 -0.000100 11.697269 -2.015035 -0.260560 0.000000 0.000000 0.000000 1.000000 0 3.641471267e-07 1.608207822e-05
180 0.000567 -0.000449 -0.000092 11.697269 -2.015035 -0.260560 0.000000 0.000000 0.000000 1.000000 0 4.549510777e-07 1.776986755e-05
180 0.000523 -0.000414 -0.000085 11.697269 -2.015035 -0.260560 0.000000 0.000000 0.000000 1.000000 0 4.211906344e-07 1.645693555e-05
180 0.000483 -0.000382 -0.000079 11.697269 -2.015035 -0.260560 0.000000 0.000000 0.000000 1.000000 0 7.101334631e-07 2.644490451e-05
180 0.000446 -0.000353 -0.000073 11.697269 -2.015035 -0.260560 0.000000 0.000000 0.000000 1.000000 0 6.519258022e-07 1.951004378e-05
180 0.000411 -0.000326 -0.000067 11.697269 -2.015035 -0.260560 0.000000 0.000000 0.000000 1.000000 0 3.629829735e-07 1.585995778e-05
180 0.000380 -0.000301 -0.000062 11.697269 -2.015035 -0.260560 0.000000 0.000000 0.000000 1.000000 0 3.599561751e-07 1.604901627e-05
180 0.000351 -0.000278 -0.000057 11.697269 -2.015035 -0.260560 0.000000 0.000000 0.000000 1.000000 0 3.599561751e-07 1.577613875e-05
180 0.000324 -0.000256 -0.000053 11.697269 -2.015035 -0.260560 0.000000 0.000000 0.000000 1.000000 0 8.987262845e-08 3.901077434e-06
180 0.000299 -0.000237 -0.000049 11.697269 -2.015035 -0.260560 0.000000 0.000000 0.000000 1.000000 0 8.917413652e-08 3.898981959e-06
180 0.000276 -0.000218 -0.000045 11.697269 -2.015035 -0.260560 0.000000 0.000000 0.000000 1.000000 0 2.318993211e-07 1.012790017e-05
180 0.000255 -0.000202 -0.000041 11.697269 -2.015035 -0.260560 0.000000 0.000000 0.000000 1.000000 0 5.809124559e-07 1.869210973e-05
180 0.000235 -0.000186 -0.000038 11.697269 -2.015035 -0.260560 0.000000 0.000000 0.000000 1.000000 0 3.632158041e-07 1.748814248e-05
180 0.000217 -0.000172 -0.000035 11.697269 -2.015035 -0.260560 0.000000 0.000000 0.000000 1.000000 0 4.020985216e-07 1.906696707e-05
180 0.000200 -0.000159 -0.000033 11.697269 -2.015035 -0.260560 0.000000 0.000000 0.000000 1.000000 0 3.890600055e-07 1.904903911e-05
180 0.000185 -0.000146 -0.000030 11.697269 -2.015035 -0.260560 0.000000 0.000000 0.000000 1.000000 0 3.699678928e-07 1.726811752e-05
180 0.000171 -0.000135 -0.000028 11.697269 -2.015035 -0.260560 0.000000 0.000000 0.000000 1.000000 0 6.181653589e-07 1.791794784e-05
181 0.000158 -0.000125 -0.000026 11.742825 -1.954992 -0.255128 0.000000 0.000000 0.000000 1.000000 0 3.669410944e-07 1.750513911e-05
181 0.000145 -0.000115 -0.000024 11.742825 -1.954992 -0.255128 0.000000 0.000000 0.000000 1.000000 0 7.380731404e-07 2.652686089e-05
181 0.000134 -0.000106 -0.000022 11.742825 -1.954992 -0.255128 0.000000 0.000000 0.000000 1.000000 0 4.000030458e-07 1.753703691e-05
181 0.000124 -0.000098 -0.000020 11.742825 -1.954992 -0.255128 0.000000 0.000000 0.000000 1.000000 0 3.711320460e-07 1.890305430e-05
181 0.000114 -0.000091 -0.000019 11.742825 -1.954992 -0.255128 0.000000 0.000000 0.000000 1.000000 0 7.040798664e-07 1.891702414e-05
181 0.000106 -0.000084 -0.000017 11.742825 -1.954992 -0.255128 0.000000 0.000000 0.000000 1.000000 0 3.629829735e-07 1.587090082e-05
181 0.000097 -0.000077 -0.000016 11.742825 -1.954992 -0.255128 0.000000 0.000000 0.000000 1.000000 0 3.608874977e-07 1.871888526e-05
181 0.000090 -0.000071 -0.000015 11.742825 -1.954992 -0.255128 0.000000 0.000000 0.000000 1.000000 0 3.380700946e-07 1.630606130e-05
181 0.000083 -0.000066 -0.000014 11.742825 -1.954992 -0.255128 0.000000 0.000000 0.000000 1.000000 0 3.608874977e-07 1.610303298e-05
181 0.000077 -0.000061 -0.000012 11.742825 -1.954992 -0.255128 0.000000 0.000000 0.000000 1.000000 0 4.169996828e-07 1.748604700e-05
181 0.000071 -0.000056 -0.000012 11.742825 -1.954992 -0.255128 0.000000 0.000000 0.000000 1.000000 0 7.399357855e-07 2.636108547e-05
181 0.000065 -0.000052 -0.000011 11.742825 -1.954992 -0.255128 0.000000 0.000000 0.000000 1.000000 0 7.760245353e-07 2.657808363e-05
181 0.000060 -0.000048 -0.000010 11.742825 -1.954992 -0.255128 0.000000 0.000000 0.000000 1.000000 0 3.660097718e-07 1.894193701e-05
181 0.000056 -0.000044 -0.000009 11.742825 -1.954992 -0.255128 0.000000 0.000000 0.000000 1.000000 0 3.641471267e-07 1.596496440e-05
181 0.000051 -0.000041 -0.000008 11.742825 -1.954992 -0.255128 0.000000 0.000000 0.000000 1.000000 0 3.639142960e-07 1.728814095e-05
181 0.000047 -0.000038 -0.000008 11.742825 -1.954992 -0.255128 0.000000 0.000000 0.000000 1.000000 0 3.599561751e-07 1.595797949e-05
181 0.000044 -0.000035 -0.000007 11.742825 -1.954992 -0.255128 0.000000 0.000000 0.000000 1.000000 0 3.650784492e-07 1.894007437e-05
181 0.000040 -0.000032 -0.000007 11.742825 -1.954992 -0.255128 0.000000 0.000000 0.000000 1.000000 0 3.660097718e-07 1.682387665e-05
181 0.000037 -0.000030 -0.000006 11.742825 -1.954992 -0.255128 0.000000 0.000000 0.000000 1.000000 0 3.648456186e-07 1.711887307e-05
181 0.000034 -0.000027 -0.000006 11.742825 -1.954992 -0.255128 0.000000 0.000000 0.000000 1.000000 0 3.639142960e-07 1.715007238e-05
181 0.000032 -0.000025 -0.000005 11.742825 -1.954992 -0.255128 0.000000 0.000000 0.000000 1.000000 0 3.781169653e-07 1.721689478e-05
182 0.000705 -0.000579 -0.000121 11.763767 -2.033470 -0.272813 0.000000 0.000000 0.000000 1.000000 0 4.258472472e-07 1.833494753e-05
182 0.000651 -0.000535 -0.000112 11.763767 -2.033470 -0.272813 0.000000 0.000000 0.000000 1.000000 0 3.641471267e-07 1.595984213e-05
182 0.000601 -0.000494 -0.000103 11.763767 -2.033470 -0.272813 0.000000 0.000000 0.000000 1.000000 0 8.058268577e-07 2.633198164e-05
182 0.000554 -0.000456 -0.000096 11.763767 -2.033470 -0.272813 0.000000 0.000000 0.000000 1.000000 0 6.689224392e-07 2.660998143e-05
182 0.000512 -0.000421 -0.000088 11.763767 -2.033470 -0.272813 0.000000 0.000000 0.000000 1.000000 0 3.608874977e-07 1.739989966e-05
182 0.000472 -0.000388 -0.000081 11.763767 -2.033470 -0.272813 0.000000 0.000000 0.000000 1.000000 0 3.660097718e-07 1.628790051e-05
182 0.000436 -0.000359 -0.000075 11.763767 -2.033470 -0.272813 0.000000 0.000000 0.000000 1.000000 0 3.639142960e-07 1.727300696e-05
182 0.000403 -0.000331 -0.000069 11.763767 -2.033470 -0.272813 0.000000 0.000000 0.000000 1.000000 0 8.069910109e-07 2.654595301e-05
182 0.000372 -0.000306 -0.000064 11.763767 -2.033470 -0.272813 0.000000 0.000000 0.000000 1.000000 0 6.691552699e-07 2.630380914e-05
182 0.000343 -0.000282 -0.000059 11.763767 -2.033470 -0.272813 0.000000 0.000000 0.000000 1.000000 0 3.720633686e-07 1.737917773e-05
182 0.000317 -0.000260 -0.000055 11.763767 -2.033470 -0.272813 0.000000 0.000000 0.000000 1.000000 0 3.620516509e-07 1.903390512e-05
182 0.000292 -0.000240 -0.000050 11.763767 -2.033470 -0.272813 0.000000 0.000000 0.000000 1.000000 0 3.639142960e-07 1.582899131e-05
182 0.000270 -0.000222 -0.000046 11.763767 -2.033470 -0.272813 0.000000 0.000000 0.000000 1.000000 0 8.449424058e-07 2.687005326e-05
182 0.000249 -0.000205 -0.000043 11.763767 -2.033470 -0.272813 0.000000 0.000000 0.000000 1.000000 0 7.140915841e-07 2.633896656e-05
182 0.000230 -0.000189 -0.000040 11.763767 -2.033470 -0.272813 0.000000 0.000000 0.000000 1.000000 0 3.760214895e-07 1.649302430e-05
182 0.000212 -0.000175 -0.000037 11.763767 -2.033470 -0.272813 0.000000 0.000000 0.000000 1.000000 0 4.111789167e-07 1.738802530e-05
182 0.000196 -0.000161 -0.000034 11.763767 -2.033470 -0.272813 0.000000 0.000000 0.000000 1.000000 0 3.939494491e-07 1.586298458e-05
182 0.000181 -0.000149 -0.000031 11.763767 -2.033470 -0.272813 0.000000 0.000000 0.000000 1.000000 0 1.469161361e-07 5.899928510e-06
182 0.000167 -0.000137 -0.000029 11.763767 -2.033470 -0.272813 0.000000 0.000000 0.000000 1.000000 0 9.709037840e-08 4.373025149e-06
182 0.000154 -0.000127 -0.000027 11.763767 -2.033470 -0.272813 0.000000 0.000000 0.000000 1.000000 0 1.091975719e-07 4.786066711e-06
183 0.000142 -0.000117 -0.000025 11.805003 -1.972804 -0.267518 0.000000 0.000000 0.000000 1.000000 0 1.250300556e-07 5.214940757e-06
183 0.000131 -0.000108 -0.000023 11.805003 -1.972804 -0.267518 0.000000 0.000000 0.000000 1.000000 0 1.890584826e-07 8.300878108e-06
183 0.000121 -0.000100 -0.000021 11.805003 -1.972804 -0.267518 0.000000 0.000000 0.000000 1.000000 0 2.449378371e-07 1.011812128e-05
183 0.000112 -0.000092 -0.000019 11.805003 -1.972804 -0.267518 0.000000 0.000000 0.000000 1.000000 0 4.221219569e-07 1.600803807e-05
183 0.000103 -0.000085 -0.000018 11.805003 -1.972804 -0.267518 0.000000 0.000000 0.000000 1.000000 0 4.249159247e-07 1.912401058e-05
183 0.000095 -0.000078 -0.000016 11.805003 -1.972804 -0.267518 0.000000 0.000000 0.000000 1.000000 0 4.051253200e-07 1.732213423e-05
183 0.000088 -0.000072 -0.000015 11.805003 -1.972804 -0.267518 0.000000 0.000000 0.000000 1.000000 0 3.660097718e-07 1.738918945e-05
183 0.000081 -0.000067 -0.000014 11.805003 -1.972804 -0.267518 0.000000 0.000000 0.000000 1.000000 0 3.960449249e-07 1.612212509e-05
183 0.000075 -0.000062 -0.000013 11.805003 -1.972804 -0.267518 0.000000 0.000000 0.000000 1.000000 0 9.685754776e-08 4.278961569e-06
183 0.000069 -0.000057 -0.000012 11.805003 -1.972804 -0.267518 0.000000 0.000000 0.000000 1.000000 0 3.078021109e-07 8.309958503e-06
183 0.000064 -0.000053 -0.000011 11.805003 -1.972804 -0.267518 0.000000 0.000000 0.000000 1.000000 0 1.459848136e-07 6.930902600e-06
183 0.000059 -0.000049 -0.000010 11.805003 -1.972804 -0.267518 0.000000 0.000000 0.000000 1.000000 0 4.181638360e-07 1.790001988e-05
183 0.000054 -0.000045 -0.000009 11.805003 -1.972804 -0.267518 0.000000 0.000000 0.000000 1.000000 0 3.650784492e-07 1.718383282e-05
183 0.000050 -0.000041 -0.000009 11.805003 -1.972804 -0.267518 0.000000 0.000000 0.000000 1.000000 0 3.851018846e-07 1.753098331e-05
183 0.000046 -0.000038 -0.000008 11.805003 -1.972804 -0.267518 0.000000 0.000000 0.000000 1.000000 0 5.860347301e-07 1.863599755e-05
183 0.000043 -0.000035 -0.000007 11.805003 -1.972804 -0.267518 0.000000 0.000000 0.000000 1.000000 0 3.620516509e-07 1.900014468e-05
183 0.000040 -0.000033 -0.000007 11.805003 -1.972804 -0.267518 0.000000 0.000000 0.000000 1.000000 0 3.669410944e-07 2.242089249e-05
183 0.000037 -0.000030 -0.000006 11.805003 -1.972804 -0.267518 0.000000 0.000000 0.000000 1.000000 0 3.641471267e-07 1.580105163e-05
183 0.000034 -0.000028 -0.000006 11.805003 -1.972804 -0.267518 0.000000 0.000000 0.000000 1.000000 0 3.650784492e-07 1.720688306e-05
183 0.000031 -0.000026 -0.000005 11.805003 -1.972804 -0.267518 0.000000 0.000000 0.000000 1.000000 0 3.869645298e-07 1.610885374e-05
184 0.000683 -0.000580 -0.000122 11.821583 -2.050899 -0.285133 0.000000 0.000000 0.000000 1.000000 0 3.851018846e-07 1.904298551e-05
184 0.000630 -0.000535 -0.000113 11.821583 -2.050899 -0.285133 0.000000 0.000000 0.000000 1.000000 0 3.860332072e-07 1.751095988e-05
184 0.000582 -0.000494 -0.000104 11.821583 -2.050899 -0.285133 0.000000 0.000000 0.000000 1.000000 0 3.818422556e-07 1.742201857e-05
184 0.000537 -0.000456 -0.000096 11.821583 -2.050899 -0.285133 0.000000 0.000000 0.000000 1.000000 0 3.618188202e-07 1.747603528e-05
184 0.000496 -0.000421 -0.000089 11.821583 -2.050899 -0.285133 0.000000 0.000000 0.000000 1.000000 0 3.611203283e-07 1.742900349e-05
184 0.000458 -0.000389 -0.000082 11.821583 -2.050899 -0.285133 0.000000 0.000000 0.000000 1.000000 0 7.478520274e-07 2.643791959e-05
184 0.000423 -0.000359 -0.000076 11.821583 -2.050899 -0.285133 0.000000 0.000000 0.000000 1.000000 0 5.571637303e-07 1.671188511e-05
184 0.000390 -0.000331 -0.000070 11.821583 -2.050899 -0.285133 0.000000 0.000000 0.000000 1.000000 0 3.648456186e-07 1.751189120e-05
184 0.000360 -0.000306 -0.000064 11.821583 -2.050899 -0.285133 0.000000 0.000000 0.000000 1.000000 0 3.620516509e-07 1.876917668e-05
184 0.000332 -0.000282 -0.000059 11.821583 -2.050899 -0.285133 0.000000 0.000000 0.000000 1.000000 0 3.660097718e-07 1.891213469e-05
184 0.000307 -0.000261 -0.000055 11.821583 -2.050899 -0.285133 0.000000 0.000000 0.000000 1.000000 0 3.601890057e-07 1.723202877e-05
184 0.000283 -0.000241 -0.000051 11.821583 -2.050899 -0.285133 0.000000 0.000000 0.000000 1.000000 0 7.550697774e-07 1.883693039e-05
184 0.000262 -0.000222 -0.000047 11.821583 -2.050899 -0.285133 0.000000 0.000000 0.000000 1.000000 0 3.639142960e-07 1.753098331e-05
184 0.000241 -0.000205 -0.000043 11.821583 -2.050899 -0.285133 0.000000 0.000000 0.000000 1.000000 0 6.482005119e-07 1.965602860e-05
184 0.000223 -0.000189 -0.000040 11.821583 -2.050899 -0.285133 0.000000 0.000000 0.000000 1.000000 0 4.030298442e-07 1.740199514e-05
184 0.000206 -0.000175 -0.000037 11.821583 -2.050899 -0.285133 0.000000 0.000000 0.000000 1.000000 0 7.408671081e-07 1.876102760e-05
184 0.000190 -0.000161 -0.000034 11.821583 -2.050899 -0.285133 0.000000 0.000000 0.000000 1.000000 0 3.639142960e-07 1.745112240e-05
184 0.000175 -0.000149 -0.000031 11.821583 -2.050899 -0.285133 0.000000 0.000000 0.000000 1.000000 0 3.590248525e-07 1.750211231e-05
184 0.000162 -0.000137 -0.000029 11.821583 -2.050899 -0.285133 0.000000 0.000000 0.000000 1.000000 0 4.700850695e-07 1.798593439e-05
184 0.000149 -0.000127 -0.000027 11.821583 -2.050899 -0.285133 0.000000 0.000000 0.000000 1.000000 0 2.409797162e-07 1.248088665e-05
185 0.000138 -0.000117 -0.000025 11.858993 -1.989732 -0.279753 0.000000 0.000000 0.000000 1.000000 0 2.200249583e-07 1.060799696e-05
185 0.000127 -0.000108 -0.000023 11.858993 -1.989732 -0.279753 0.000000 0.000000 0.000000 1.000000 0 1.990702003e-07 8.210074157e-06
185 0.000118 -0.000100 -0.000021 11.858993 -1.989732 -0.279753 0.000000 0.000000 0.000000 1.000000 0 9.010545909e-08 4.265923053e-06
185 0.000108 -0.000092 -0.000019 11.858993 -1.989732 -0.279753 0.000000 0.000000 0.000000 1.000000 0 1.569278538e-07 6.244052202e-06
185 0.000100 -0.000085 -0.000018 11.858993 -1.989732 -0.279753 0.000000 0.000000 0.000000 1.000000 0 1.259613782e-07 6.417045370e-06
185 0.000092 -0.000078 -0.000017 11.858993 -1.989732 -0.279753 0.000000 0.000000 0.000000 1.000000 0 3.390014172e-07 1.489208080e-05
185 0.000085 -0.000072 -0.000015 11.858993 -1.989732 -0.279753 0.000000 0.000000 0.000000 1.000000 0 3.650784492e-07 1.738802530e-05
185 0.000079 -0.000067 -0.000014 11.858993 -1.989732 -0.279753 0.000000 0.000000 0.000000 1.000000 0 3.641471267e-07 1.897895709e-05
185 0.000073 -0.000062 -0.000013 11.858993 -1.989732 -0.279753 0.000000 0.000000 0.000000 1.000000 0 4.901085049e-07 2.222694457e-05
185 0.000067 -0.000057 -0.000012 11.858993 -1.989732 -0.279753 0.000000 0.000000 0.000000 1.000000 0 3.620516509e-07 1.747114584e-05
185 0.000062 -0.000053 -0.000011 11.858993 -1.989732 -0.279753 0.000000 0.000000 0.000000 1.000000 0 3.629829735e-07 1.607020386e-05
185 0.000057 -0.000049 -0.000010 11.858993 -1.989732 -0.279753 0.000000 0.000000 0.000000 1.000000 0 3.641471267e-07 1.610582694e-05
185 0.000053 -0.000045 -0.000009 11.858993 -1.989732 -0.279753 0.000000 0.000000 0.000000 1.000000 0 3.909226507e-07 1.787301153e-05
185 0.000049 -0.000041 -0.000009 11.858993 -1.989732 -0.279753 0.000000 0.000000 0.000000 1.000000 0 3.899913281e-07 1.834798604e-05
185 0.000045 -0.000038 -0.000008 11.858993 -1.989732 -0.279753 0.000000 0.000000 0.000000 1.000000 0 3.648456186e-07 1.625111327e-05
185 0.000042 -0.000035 -0.000007 11.858993 -1.989732 -0.279753 0.000000 0.000000 0.000000 1.000000 0 3.648456186e-07 1.585413702e-05
185 0.000038 -0.000033 -0.000007 11.858993 -1.989732 -0.279753 0.000000 0.000000 0.000000 1.000000 0 6.800983101e-07 1.873681322e-05
185 0.000035 -0.000030 -0.000006 11.858993 -1.989732 -0.279753 0.000000 0.000000 0.000000 1.000000 0 3.629829735e-07 1.627998427e-05
185 0.000033 -0.000028 -0.000006 11.858993 -1.989732 -0.279753 0.000000 0.000000 0.000000 1.000000 0 3.620516509e-07 1.746998169e-05
185 0.000030 -0.000026 -0.000005 11.858993 -1.989732 -0.279753 0.000000 0.000000 0.000000 1.000000 0 3.620516509e-07 1.729209907e-05
186 0.000668 -0.000589 -0.000123 11.871604 -2.068223 -0.297207 0.000000 0.000000 0.000000 1.000000 0 8.339993656e-07 2.670614049e-05
186 0.000616 -0.000544 -0.000113 11.871604 -2.068223 -0.297207 0.000000 0.000000 0.000000 1.000000 0 6.658956409e-07 2.629682422e-05
186 0.000569 -0.000502 -0.000105 11.871604 -2.068223 -0.297207 0.000000 0.000000 0.000000 1.000000 0 7.739290595e-07 2.648588270e-05
186 0.000525 -0.000463 -0.000097 11.871604 -2.068223 -0.297207 0.000000 0.000000 0.000000 1.000000 0 6.689224392e-07 2.627004869e-05
186 0.000485 -0.000428 -0.000089 11.871604 -2.068223 -0.297207 0.000000 0.000000 0.000000 1.000000 0 9.010545909e-08 3.933906555e-06
186 0.000448 -0.000395 -0.000082 11.871604 -2.068223 -0.297207 0.000000 0.000000 0.000000 1.000000 0 8.800998330e-07 2.777692862e-05
186 0.000413 -0.000364 -0.000076 11.871604 -2.068223 -0.297207 0.000000 0.000000 0.000000 1.000000 0 6.789341569e-07 1.803413033e-05
186 0.000381 -0.000336 -0.000070 11.871604 -2.068223 -0.297207 0.000000 0.000000 0.000000 1.000000 0 3.799796104e-07 1.913192682e-05
186 0.000352 -0.000310 -0.000065 11.871604 -2.068223 -0.297207 0.000000 0.000000 0.000000 1.000000 0 3.881286830e-07 1.727906056e-05
186 0.000325 -0.000287 -0.000060 11.871604 -2.068223 -0.297207 0.000000 0.000000 0.000000 1.000000 0 3.608874977e-07 1.736613922e-05
186 0.000300 -0.000265 -0.000055 11.871604 -2.068223 -0.297207 0.000000 0.000000 0.000000 1.000000 0 4.079192877e-07 1.581991091e-05
186 0.000277 -0.000244 -0.000051 11.871604 -2.068223 -0.297207 0.000000 0.000000 0.000000 1.000000 0 3.620516509e-07 1.718383282e-05
186 0.000256 -0.000225 -0.000047 11.871604 -2.068223 -0.297207 0.000000 0.000000 0.000000 1.000000 0 5.569308996e-07 1.765694469e-05
186 0.000236 -0.000208 -0.000043 11.871604 -2.068223 -0.297207 0.000000 0.000000 0.000000 1.000000 0 3.641471267e-07 1.900596544e-05
186 0.000218 -0.000192 -0.000040 11.871604 -2.068223 -0.297207 0.000000 0.000000 0.000000 1.000000 0 7.359776646e-07 2.635805868e-05
186 0.000201 -0.000177 -0.000037 11.871604 -2.068223 -0.297207 0.000000 0.000000 0.000000 1.000000 0 6.661284715e-07 2.622604370e-05
186 0.000186 -0.000164 -0.000034 11.871604 -2.068223 -0.297207 0.000000 0.000000 0.000000 1.000000 0 6.640329957e-07 2.625095658e-05
186 0.000171 -0.000151 -0.000032 11.871604 -2.068223 -0.297207 0.000000 0.000000 0.000000 1.000000 0 8.470378816e-07 2.674199641e-05
186 0.000158 -0.000140 -0.000029 11.871604 -2.068223 -0.297207 0.000000 0.000000 0.000000 1.000000 0 6.700865924e-07 2.625095658e-05
186 0.000146 -0.000129 -0.000027 11.871604 -2.068223 -0.297207 0.000000 0.000000 0.000000 1.000000 0 3.909226507e-07 1.860409975e-05
187 0.000135 -0.000119 -0.000025 11.905269 -2.006172 -0.291448 0.000000 0.000000 0.000000 1.000000 0 4.072207958e-07 1.743715256e-05
187 0.000124 -0.000110 -0.000023 11.905269 -2.006172 -0.291448 0.000000 0.000000 0.000000 1.000000 0 7.140915841e-07 2.625188790e-05
187 0.000115 -0.000101 -0.000021 11.905269 -2.006172 -0.291448 0.000000 0.000000 0.000000 1.000000 0 5.480833352e-07 1.779687591e-05
187 0.000106 -0.000094 -0.000020 11.905269 -2.006172 -0.291448 0.000000 0.000000 0.000000 1.000000 0 3.650784492e-07 1.746695489e-05
187 0.000098 -0.000086 -0.000018 11.905269 -2.006172 -0.291448 0.000000 0.000000 0.000000 1.000000 0 3.629829735e-07 1.642107964e-05
187 0.000090 -0.000080 -0.000017 11.905269 -2.006172 -0.291448 0.000000 0.000000 0.000000 1.000000 0 3.818422556e-07 1.627579331e-05
187 0.000083 -0.000074 -0.000015 11.905269 -2.006172 -0.291448 0.000000 0.000000 0.000000 1.000000 0 3.629829735e-07 1.591001637e-05
187 0.000077 -0.000068 -0.000014 11.905269 -2.006172 -0.291448 0.000000 0.000000 0.000000 1.000000 0 3.660097718e-07 1.742597669e-05
187 0.000071 -0.000063 -0.000013 11.905269 -2.006172 -0.291448 0.000000 0.000000 0.000000 1.000000 0 3.641471267e-07 1.584202982e-05
187 0.000066 -0.000058 -0.000012 11.905269 -2.006172 -0.291448 0.000000 0.000000 0.000000 1.000000 0 5.241017789e-07 1.921202056e-05
187 0.000061 -0.000053 -0.000011 11.905269 -2.006172 -0.291448 0.000000 0.000000 0.000000 1.000000 0 3.660097718e-07 1.583993435e-05
187 0.000056 -0.000049 -0.000010 11.905269 -2.006172 -0.291448 0.000000 0.000000 0.000000 1.000000 0 4.030298442e-07 1.822109334e-05
187 0.000052 -0.000046 -0.000010 11.905269 -2.006172 -0.291448 0.000000 0.000000 0.000000 1.000000 0 3.618188202e-07 1.723901369e-05
187 0.000048 -0.000042 -0.000009 11.905269 -2.006172 -0.291448 0.000000 0.000000 0.000000 1.000000 0 3.629829735e-07 1.728511415e-05
187 0.000044 -0.000039 -0.000008 11.905269 -2.006172 -0.291448 0.000000 0.000000 0.000000 1.000000 0 8.950009942e-07 2.680090256e-05
187 0.000041 -0.000036 -0.000007 11.905269 -2.006172 -0.291448 0.000000 0.000000 0.000000 1.000000 0 6.698537618e-07 2.654292621e-05
187 0.000037 -0.000033 -0.000007 11.905269 -2.006172 -0.291448 0.000000 0.000000 0.000000 1.000000 0 8.039642125e-07 2.646120265e-05
187 0.000035 -0.000031 -0.000006 11.905269 -2.006172 -0.291448 0.000000 0.000000 0.000000 1.000000 0 6.949994713e-07 2.634106204e-05
187 0.000032 -0.000028 -0.000006 11.905269 -2.006172 -0.291448 0.000000 0.000000 0.000000 1.000000 0 3.608874977e-07 1.766602509e-05
187 0.000029 -0.000026 -0.000005 11.905269 -2.006172 -0.291448 0.000000 0.000000 0.000000 1.000000 0 6.528571248e-07 2.052891068e-05
188 0.000652 -0.000594 -0.000122 11.913953 -2.084352 -0.308416 0.000000 0.000000 0.000000 1.000000 0 3.350432962e-07 1.266482286e-05
188 0.000602 -0.000548 -0.000112 11.913953 -2.084352 -0.308416 0.000000 0.000000 0.000000 1.000000 0 2.549495548e-07 8.749077097e-06
188 0.000555 -0.000506 -0.000104 11.913953 -2.084352 -0.308416 0.000000 0.000000 0.000000 1.000000 0 2.118758857e-07 8.353963494e-06
188 0.000513 -0.000467 -0.000096 11.913953 -2.084352 -0.308416 0.000000 0.000000 0.000000 1.000000 0 2.270098776e-07 8.376082405e-06
188 0.000473 -0.000431 -0.000088 11.913953 -2.084352 -0.308416 0.000000 0.000000 0.000000 1.000000 0 2.519227564e-07 9.960029274e-06
188 0.000437 -0.000398 -0.000082 11.913953 -2.084352 -0.308416 0.000000 0.000000 0.000000 1.000000 0 3.410968930e-07 1.496099867e-05
188 0.000403 -0.000367 -0.000075 11.913953 -2.084352 -0.308416 0.000000 0.000000 0.000000 1.000000 0 3.620516509e-07 1.654890366e-05
188 0.000372 -0.000339 -0.000070 11.913953 -2.084352 -0.308416 0.000000 0.000000 0.000000 1.000000 0 3.650784492e-07 1.900084317e-05
188 0.000344 -0.000313 -0.000064 11.913953 -2.084352 -0.308416 0.000000 0.000000 0.000000 1.000000 0 7.299240679e-07 2.639601007e-05
188 0.000317 -0.000289 -0.000059 11.913953 -2.084352 -0.308416 0.000000 0.000000 0.000000 1.000000 0 6.700865924e-07 2.619693987e-05
188 0.000293 -0.000267 -0.000055 11.913953 -2.084352 -0.308416 0.000000 0.000000 0.000000 1.000000 0 3.650784492e-07 1.742690802e-05
188 0.000270 -0.000246 -0.000050 11.913953 -2.084352 -0.308416 0.000000 0.000000 0.000000 1.000000 0 3.660097718e-07 1.586205326e-05
188 0.000250 -0.000227 -0.000047 11.913953 -2.084352 -0.308416 0.000000 0.000000 0.000000 1.000000 0 3.657769412e-07 1.892703585e-05
188 0.000230 -0.000210 -0.000043 11.913953 -2.084352 -0.308416 0.000000 0.000000 0.000000 1.000000 0 3.648456186e-07 1.739105210e-05
188 0.000213 -0.000194 -0.000040 11.913953 -2.084352 -0.308416 0.000000 0.000000 0.000000 1.000000 0 3.639142960e-07 1.694005914e-05
188 0.000196 -0.000179 -0.000037 11.913953 -2.084352 -0.308416 0.000000 0.000000 0.000000 1.000000 0 3.648456186e-07 1.902109943e-05
188 0.000181 -0.000165 -0.000034 11.913953 -2.084352 -0.308416 0.000000 0.000000 0.000000 1.000000 0 6.130430847e-07 1.888093539e-05
188 0.000167 -0.000152 -0.000031 11.913953 -2.084352 -0.308416 0.000000 0.000000 0.000000 1.000000 0 4.239846021e-07 1.732702367e-05
188 0.000154 -0.000141 -0.000029 11.913953 -2.084352 -0.308416 0.000000 0.000000 0.000000 1.000000 0 4.379544407e-07 1.752399839e-05
188 0.000143 -0.000130 -0.000027 11.913953 -2.084352 -0.308416 0.000000 0.000000 0.000000 1.000000 0 9.685754776e-08 4.692934453e-06
189 0.000132 -0.000120 -0.000025 11.943958 -2.021982 -0.302160 0.000000 0.000000 0.000000 1.000000 0 3.799796104e-07 1.903506927e-05
189 0.000121 -0.000111 -0.000023 11.943958 -2.021982 -0.302160 0.000000 0.000000 0.000000 1.000000 0 3.720633686e-07 1.621595584e-05
189 0.000112 -0.000102 -0.000021 11.943958 -2.021982 -0.302160 0.000000 0.000000 0.000000 1.000000 0 2.868473530e-07 1.167482696e-05
189 0.000104 -0.000094 -0.000019 11.943958 -2.021982 -0.302160 0.000000 0.000000 0.000000 1.000000 0 3.911554813e-07 1.743109897e-05
189 0.000096 -0.000087 -0.000018 11.943958 -2.021982 -0.302160 0.000000 0.000000 0.000000 1.000000 0 3.939494491e-07 1.650117338e-05
189 0.000088 -0.000080 -0.000016 11.943958 -2.021982 -0.302160 0.000000 0.000000 0.000000 1.000000 0 3.909226507e-07 1.895101741e-05
189 0.000081 -0.000074 -0.000015 11.943958 -2.021982 -0.302160 0.000000 0.000000 0.000000 1.000000 0 3.911554813e-07 1.740385778e-05
189 0.000075 -0.000068 -0.000014 11.943958 -2.021982 -0.302160 0.000000 0.000000 0.000000 1.000000 0 3.639142960e-07 1.740106381e-05
189 0.000069 -0.000063 -0.000013 11.943958 -2.021982 -0.302160 0.000000 0.000000 0.000000 1.000000 0 4.449393600e-07 1.774402335e-05
189 0.000064 -0.000058 -0.000012 11.943958 -2.021982 -0.302160 0.000000 0.000000 0.000000 1.000000 0 3.629829735e-07 1.583504491e-05
189 0.000059 -0.000054 -0.000011 11.943958 -2.021982 -0.302160 0.000000 0.000000 0.000000 1.000000 0 3.641471267e-07 1.827604137e-05
189 0.000055 -0.000050 -0.000010 11.943958 -2.021982 -0.302160 0.000000 0.000000 0.000000 1.000000 0 3.958120942e-07 1.729116775e-05
189 0.000050 -0.000046 -0.000009 11.943958 -2.021982 -0.302160 0.000000 0.000000 0.000000 1.000000 0 3.639142960e-07 1.907092519e-05
189 0.000047 -0.000042 -0.000009 11.943958 -2.021982 -0.302160 0.000000 0.000000 0.000000 1.000000 0 3.830064088e-07 1.804390922e-05
189 0.000043 -0.000039 -0.000008 11.943958 -2.021982 -0.302160 0.000000 0.000000 0.000000 1.000000 0 3.629829735e-07 1.732213423e-05
189 0.000040 -0.000036 -0.000007 11.943958 -2.021982 -0.302160 0.000000 0.000000 0.000000 1.000000 0 3.608874977e-07 1.632887870e-05
189 0.000037 -0.000033 -0.000007 11.943958 -2.021982 -0.302160 0.000000 0.000000 0.000000 1.000000 0 3.620516509e-07 1.583783887e-05
189 0.000034 -0.000031 -0.000006 11.943958 -2.021982 -0.302160 0.000000 0.000000 0.000000 1.000000 0 3.599561751e-07 1.581688412e-05
189 0.000031 -0.000028 -0.000006 11.943958 -2.021982 -0.302160 0.000000 0.000000 0.000000 1.000000 0 3.618188202e-07 1.582596451e-05
189 0.000029 -0.000026 -0.000005 11.943958 -2.021982 -0.302160 0.000000 0.000000 0.000000 1.000000 0 3.669410944e-07 1.739501022e-05
190 0.000638 -0.000599 -0.000120 11.949200 -2.099828 -0.318559 0.000000 0.000000 0.000000 1.000000 0 8.339993656e-07 2.648495138e-05
190 0.000589 -0.000553 -0.000111 11.949200 -2.099828 -0.318559 0.000000 0.000000 0.000000 1.000000 0 3.629829735e-07 1.796614379e-05
190 0.000544 -0.000510 -0.000102 11.949200 -2.099828 -0.318559 0.000000 0.000000 0.000000 1.000000 0 4.090834409e-07 1.754704863e-05
190 0.000502 -0.000471 -0.000094 11.949200 -2.099828 -0.318559 0.000000 0.000000 0.000000 1.000000 0 3.820750862e-07 1.734890975e-05
190 0.000464 -0.000435 -0.000087 11.949200 -2.099828 -0.318559 0.000000 0.000000 0.000000 1.000000 0 3.769528121e-07 1.754518598e-05
190 0.000428 -0.000401 -0.000080 11.949200 -2.099828 -0.318559 0.000000 0.000000 0.000000 1.000000 0 5.641486496e-07 1.675705425e-05
190 0.000395 -0.000370 -0.000074 11.949200 -2.099828 -0.318559 0.000000 0.000000 0.000000 1.000000 0 3.890600055e-07 1.591094770e-05
190 0.000365 -0.000342 -0.000069 11.949200 -2.099828 -0.318559 0.000000 0.000000 0.000000 1.000000 0 3.601890057e-07 1.668510959e-05
190 0.000337 -0.000316 -0.000063 11.949200 -2.099828 -0.318559 0.000000 0.000000 0.000000 1.000000 0 3.629829735e-07 1.742388122e-05
190 0.000311 -0.000291 -0.000058 11.949200 -2.099828 -0.318559 0.000000 0.000000 0.000000 1.000000 0 3.629829735e-07 1.589301974e-05
190 0.000287 -0.000269 -0.000054 11.949200 -2.099828 -0.318559 0.000000 0.000000 0.000000 1.000000 0 5.210749805e-07 1.830398105e-05
190 0.000265 -0.000248 -0.000050 11.949200 -2.099828 -0.318559 0.000000 0.000000 0.000000 1.000000 0 3.620516509e-07 1.745601185e-05
190 0.000244 -0.000229 -0.000046 11.949200 -2.099828 -0.318559 0.000000 0.000000 0.000000 1.000000 0 3.930181265e-07 1.725601032e-05
190 0.000226 -0.000212 -0.000042 11.949200 -2.099828 -0.318559 0.000000 0.000000 0.000000 1.000000 0 3.650784492e-07 1.730001532e-05
190 0.000208 -0.000195 -0.000039 11.949200 -2.099828 -0.318559 0.000000 0.000000 0.000000 1.000000 0 6.151385605e-07 1.792213880e-05
190 0.000192 -0.000180 -0.000036 11.949200 -2.099828 -0.318559 0.000000 0.000000 0.000000 1.000000 0 3.608874977e-07 1.723202877e-05
190 0.000178 -0.000166 -0.000033 11.949200 -2.099828 -0.318559 0.000000 0.000000 0.000000 1.000000 0 4.230532795e-07 1.586391591e-05
190 0.000164 -0.000154 -0.000031 11.949200 -2.099828 -0.318559 0.000000 0.000000 0.000000 1.000000 0 4.000030458e-07 3.235600889e-05
190 0.000151 -0.000142 -0.000028 11.949200 -2.099828 -0.318559 0.000000 0.000000 0.000000 1.000000 0 3.708992153e-07 1.619593240e-05
190 0.000140 -0.000131 -0.000026 11.949200 -2.099828 -0.318559 0.000000 0.000000 0.000000 1.000000 0 4.610046744e-07 1.750001684e-05
191 0.000129 -0.000121 -0.000024 11.976092 -2.036402 -0.311644 0.000000 0.000000 0.000000 1.000000 0 4.430767149e-07 1.723202877e-05
191 0.000119 -0.000112 -0.000022 11.976092 -2.036402 -0.311644 0.000000 0.000000 0.000000 0.999999 1 4.810281098e-07 1.790095121e-05
191 0.000110 -0.000103 -0.000021 11.976092 -2.036402 -0.311644 0.000000 0.000000 0.000000 1.000000 0 5.390029401e-07 1.586182043e-05
191 0.000102 -0.000095 -0.000019 11.976092 -2.036402 -0.311644 0.000000 0.000000 0.000000 1.000000 0 3.380700946e-07 1.648813486e-05
191 0.000094 -0.000088 -0.000018 11.976092 -2.036402 -0.311644 0.000000 0.000000 0.000000 1.000000 0 7.788185030e-07 2.664793283e-05
191 0.000087 -0.000081 -0.000016 11.976092 -2.036402 -0.311644 0.000000 0.000000 0.000000 1.000000 0 6.670597941e-07 2.628914081e-05
191 0.000080 -0.000075 -0.000015 11.976092 -2.036402 -0.311644 0.000000 0.000000 0.000000 1.000000 0 3.599561751e-07 1.642410643e-05
191 0.000074 -0.000069 -0.000014 11.976092 -2.036402 -0.311644 0.000000 0.000000 0.000000 1.000000 0 6.128102541e-07 1.868116669e-05
191 0.000068 -0.000064 -0.000013 11.976092 -2.036402 -0.311644 0.000000 0.000000 0.000000 1.000000 0 3.660097718e-07 1.731608063e-05
191 0.000063 -0.000059 -0.000012 11.976092 -2.036402 -0.311644 0.000000 0.000000 0.000000 1.000000 0 3.660097718e-07 1.605995931e-05
191 0.000058 -0.000054 -0.000011 11.976092 -2.036402 -0.311644 0.000000 0.000000 0.000000 1.000000 0 3.641471267e-07 1.589488238e-05
191 0.000054 -0.000050 -0.000010 11.976092 -2.036402 -0.311644 0.000000 0.000000 0.000000 1.000000 0 3.641471267e-07 1.602387056e-05
191 0.000050 -0.000046 -0.000009 11.976092 -2.036402 -0.311644 0.000000 0.000000 0.000000 1.000000 0 3.930181265e-07 1.908908598e-05
191 0.000046 -0.000043 -0.000009 11.976092 -2.036402 -0.311644 0.000000 0.000000 0.000000 1.000000 0 3.878958523e-07 1.739291474e-05
191 0.000042 -0.000039 -0.000008 11.976092 -2.036402 -0.311644 0.000000 0.000000 0.000000 1.000000 0 5.220063031e-07 1.683807932e-05
191 0.000039 -0.000036 -0.000007 11.976092 -2.036402 -0.311644 0.000000 0.000000 0.000000 1.000000 0 9.499490261e-08 3.983033821e-06
191 0.000036 -0.000034 -0.000007 11.976092 -2.036402 -0.311644 0.000000 0.000000 0.000000 1.000000 0 3.660097718e-07 1.595495269e-05
191 0.000033 -0.000031 -0.000006 11.976092 -2.036402 -0.311644 0.000000 0.000000 0.000000 1.000000 0 8.987262845e-08 3.899913281e-06
191 0.000031 -0.000029 -0.000006 11.976092 -2.036402 -0.311644 0.000000 0.000000 0.000000 1.000000 0 3.650784492e-07 1.594098285e-05
191 0.000028 -0.000026 -0.000005 11.976092 -2.036402 -0.311644 0.000000 0.000000 0.000000 1.000000 0 3.750901669e-07 1.724390313e-05
192 0.000629 -0.000608 -0.000118 11.977997 -2.114141 -0.327396 0.000000 0.000000 0.000000 1.000000 0 5.839392543e-07 1.793098636e-05
192 0.000580 -0.000561 -0.000109 11.977997 -2.114141 -0.327396 0.000000 0.000000 0.000000 1.000000 0 3.620516509e-07 1.596892253e-05
192 0.000536 -0.000518 -0.000101 11.977997 -2.114141 -0.327396 0.000000 0.000000 0.000000 1.000000 0 3.420282155e-07 1.624203287e-05
192 0.000495 -0.000478 -0.000093 11.977997 -2.114141 -0.327396 0.000000 0.000000 0.000000 1.000000 0 3.671739250e-07 1.889094710e-05
192 0.000457 -0.000441 -0.000086 11.977997 -2.114141 -0.327396 0.000000 0.000000 0.000000 1.000000 0 6.658956409e-07 1.859781332e-05
192 0.000421 -0.000408 -0.000079 11.977997 -2.114141 -0.327396 0.000000 0.000000 0.000000 1.000000 0 3.601890057e-07 1.582992263e-05
192 0.000389 -0.000376 -0.000073 11.977997 -2.114141 -0.327396 0.000000 0.000000 0.000000 1.000000 0 7.948838174e-07 2.637505531e-05
192 0.000359 -0.000347 -0.000067 11.977997 -2.114141 -0.327396 0.000000 0.000000 0.000000 1.000000 0 7.329508662e-07 2.622907050e-05
192 0.000332 -0.000321 -0.000062 11.977997 -2.114141 -0.327396 0.000000 0.000000 0.000000 1.000000 0 7.131602615e-07 2.631894313e-05
192 0.000306 -0.000296 -0.000058 11.977997 -2.114141 -0.327396 0.000000 0.000000 0.000000 1.000000 0 6.919726729e-07 2.628797665e-05
192 0.000282 -0.000273 -0.000053 11.977997 -2.114141 -0.327396 0.000000 0.000000 0.000000 1.000000 0 6.379559636e-07 1.914007589e-05
192 0.000261 -0.000252 -0.000049 11.977997 -2.114141 -0.327396 0.000000 0.000000 0.000000 1.000000 0 7.550697774e-07 2.642301843e-05
192 0.000241 -0.000233 -0.000045 11.977997 -2.114141 -0.327396 0.000000 0.000000 0.000000 1.000000 0 3.641471267e-07 1.882785000e-05
192 0.000222 -0.000215 -0.000042 11.977997 -2.114141 -0.327396 0.000000 0.000000 0.000000 1.000000 0 3.918539733e-07 1.739687286e-05
192 0.000205 -0.000198 -0.000039 11.977997 -2.114141 -0.327396 0.000000 0.000000 0.000000 1.000000 0 3.608874977e-07 1.722690649e-05
192 0.000189 -0.000183 -0.000036 11.977997 -2.114141 -0.327396 0.000000 0.000000 0.000000 1.000000 0 6.649643183e-07 2.627307549e-05
192 0.000175 -0.000169 -0.000033 11.977997 -2.114141 -0.327396 0.000000 0.000000 0.000000 1.000000 0 8.589122444e-07 2.661603503e-05
192 0.000161 -0.000156 -0.000030 11.977997 -2.114141 -0.327396 0.000000 0.000000 0.000000 1.000000 0 3.639142960e-07 1.901993528e-05
192 0.000149 -0.000144 -0.000028 11.977997 -2.114141 -0.327396 0.000000 0.000000 0.000000 1.000000 0 4.160683602e-07 1.893215813e-05
192 0.000138 -0.000133 -0.000026 11.977997 -2.114141 -0.327396 0.000000 0.000000 0.000000 1.000000 0 3.960449249e-07 1.732097007e-05
193 0.000127 -0.000123 -0.000024 12.001811 -2.050225 -0.319797 0.000000 0.000000 0.000000 0.999997 1 7.289927453e-07 1.791305840e-05
193 0.000131 -0.000116 -0.000022 12.001811 -2.050225 -0.319797 0.000000 0.000000 0.000000 0.999979 1 1.639127731e-07 5.397945642e-06
193 0.000140 -0.000110 -0.000021 12.001811 -2.050225 -0.319797 0.000000 0.000000 0.000000 0.999983 1 1.119915396e-07 5.153939128e-06
193 0.000135 -0.000103 -0.000020 12.001811 -2.050225 -0.319797 0.000000 0.000000 0.000000 1.000000 0 4.409812391e-07 1.376494765e-05
193 0.000125 -0.000095 -0.000018 12.001811 -2.050225 -0.319797 0.000000 0.000000 0.000000 1.000000 0 4.528556019e-07 1.614610665e-05
193 0.000115 -0.000087 -0.000017 12.001811 -2.050225 -0.319797 0.000000 0.000000 0.000000 1.000000 0 6.691552699e-07 2.630404197e-05
193 0.000106 -0.000081 -0.000016 12.001811 -2.050225 -0.319797 0.000000 0.000000 0.000000 1.000000 0 6.700865924e-07 2.628099173e-05
193 0.000098 -0.000075 -0.000014 12.001811 -2.050225 -0.319797 0.000000 0.000000 0.000000 1.000000 0 5.101319402e-07 1.649698243e-05
193 0.000091 -0.000069 -0.000013 12.001811 -2.050225 -0.319797 0.000000 0.000000 0.000000 1.000000 0 6.679911166e-07 2.631288953e-05
193 0.000084 -0.000063 -0.000012 12.001811 -2.050225 -0.319797 0.000000 0.000000 0.000000 1.000000 0 6.691552699e-07 2.626492642e-05
193 0.000077 -0.000059 -0.000011 12.001811 -2.050225 -0.319797 0.000000 0.000000 0.000000 1.000000 0 5.890615284e-07 2.391496673e-05
193 0.000071 -0.000054 -0.000010 12.001811 -2.050225 -0.319797 0.000000 0.000000 0.000000 1.000000 0 3.669410944e-07 1.735589467e-05
193 0.000066 -0.000050 -0.000010 12.001811 -2.050225 -0.319797 0.000000 0.000000 0.000000 1.000000 0 7.131602615e-07 2.639601007e-05
193 0.000061 -0.000046 -0.000009 12.001811 -2.050225 -0.319797 0.000000 0.000000 0.000000 1.000000 0 7.289927453e-07 1.923693344e-05
193 0.000056 -0.000043 -0.000008 12.001811 -2.050225 -0.319797 0.000000 0.000000 0.000000 1.000000 0 5.420297384e-07 1.783017069e-05
193 0.000052 -0.000039 -0.000008 12.001811 -2.050225 -0.319797 0.000000 0.000000 0.000000 1.000000 0 7.508788258e-07 2.637598664e-05
193 0.000048 -0.000036 -0.000007 12.001811 -2.050225 -0.319797 0.000000 0.000000 0.000000 1.000000 0 6.689224392e-07 2.615293488e-05
193 0.000044 -0.000033 -0.000006 12.001811 -2.050225 -0.319797 0.000000 0.000000 0.000000 1.000000 0 6.908085197e-07 2.644979395e-05
193 0.000041 -0.000031 -0.000006 12.001811 -2.050225 -0.319797 0.000000 0.000000 0.000000 1.000000 0 8.221250027e-07 2.610799856e-05
193 0.000038 -0.000029 -0.000005 12.001811 -2.050225 -0.319797 0.000000 0.000000 0.000000 1.000000 0 6.689224392e-07 2.620206214e-05
194 0.000623 -0.000610 -0.000115 12.000694 -2.127309 -0.334801 0.000000 0.000000 0.000000 1.000000 0 4.589091986e-07 1.647090539e-05
194 0.000575 -0.000563 -0.000106 12.000694 -2.127309 -0.334801 0.000000 0.000000 0.000000 1.000000 0 3.501772881e-07 1.770886593e-05
194 0.000531 -0.000520 -0.000098 12.000694 -2.127309 -0.334801 0.000000 0.000000 0.000000 1.000000 0 3.820750862e-07 1.616193913e-05
194 0.000490 -0.000480 -0.000090 12.000694 -2.127309 -0.334801 0.000000 0.000000 0.000000 1.000000 0 3.618188202e-07 1.739012077e-05
194 0.000453 -0.000443 -0.000083 12.000694 -2.127309 -0.334801 0.000000 0.000000 0.000000 1.000000 0 3.650784492e-07 1.746299677e-05
194 0.000418 -0.000409 -0.000077 12.000694 -2.127309 -0.334801 0.000000 0.000000 0.000000 1.000000 0 5.289912224e-07 1.667486504e-05
194 0.000386 -0.000377 -0.000071 12.000694 -2.127309 -0.334801 0.000000 0.000000 0.000000 1.000000 0 3.599561751e-07 1.739501022e-05
194 0.000356 -0.000348 -0.000066 12.000694 -2.127309 -0.334801 0.000000 0.000000 0.000000 1.000000 0 6.689224392e-07 2.627284266e-05
194 0.000329 -0.000322 -0.000060 12.000694 -2.127309 -0.334801 0.000000 0.000000 0.000000 1.000000 0 6.689224392e-07 2.636294812e-05
194 0.000303 -0.000297 -0.000056 12.000694 -2.127309 -0.334801 0.000000 0.000000 0.000000 1.000000 0 6.889458746e-07 2.633011900e-05
194 0.000280 -0.000274 -0.000052 12.000694 -2.127309 -0.334801 0.000000 0.000000 0.000000 1.000000 0 8.759088814e-07 2.490496263e-05
194 0.000258 -0.000253 -0.000048 12.000694 -2.127309 -0.334801 0.000000 0.000000 0.000000 1.000000 0 1.059379429e-07 4.313187674e-06
194 0.000239 -0.000234 -0.000044 12.000694 -2.127309 -0.334801 0.000000 0.000000 0.000000 1.000000 0 9.406358004e-08 4.279194400e-06
194 0.000220 -0.000216 -0.000041 12.000694 -2.127309 -0.334801 0.000000 0.000000 0.000000 1.000000 0 9.220093489e-08 4.234025255e-06
194 0.000203 -0.000199 -0.000037 12.000694 -2.127309 -0.334801 0.000000 0.000000 0.000000 1.000000 0 3.639142960e-07 1.910980791e-05
194 0.000188 -0.000184 -0.000035 12.000694 -2.127309 -0.334801 0.000000 0.000000 0.000000 1.000000 0 6.381887943e-07 1.816800795e-05
194 0.000173 -0.000170 -0.000032 12.000694 -2.127309 -0.334801 0.000000 0.000000 0.000000 1.000000 0 3.620516509e-07 2.551707439e-05
194 0.000160 -0.000157 -0.000029 12.000694 -2.127309 -0.334801 0.000000 0.000000 0.000000 1.000000 0 3.650784492e-07 1.718616113e-05
194 0.000148 -0.000145 -0.000027 12.000694 -2.127309 -0.334801 0.000000 0.000000 0.000000 1.000000 0 3.629829735e-07 1.737102866e-05
194 0.000136 -0.000133 -0.000025 12.000694 -2.127309 -0.334801 0.000000 0.000000 0.000000 1.000000 0 3.650784492e-07 1.738104038e-05
195 0.000136 -0.000125 -0.000023 12.021851 -2.063033 -0.326549 0.000000 0.000000 0.000000 0.999974 1 4.039611667e-07 1.739687286e-05
195 0.000162 -0.000121 -0.000023 12.021851 -2.063033 -0.326549 0.000000 0.000000 0.000000 0.999954 1 3.690365702e-07 1.741689630e-05
195 0.000192 -0.000119 -0.000022 12.021851 -2.063033 -0.326549 0.000000 0.000000 0.000000 0.999957 1 3.690365702e-07 1.721689478e-05
195 0.000208 -0.000115 -0.000021 12.021851 -2.063033 -0.326549 0.000000 0.000000 0.000000 0.999977 1 3.778841347e-07 1.755286939e-05
195 0.000200 -0.000108 -0.000020 12.021851 -2.063033 -0.326549 0.000000 0.000000 0.000000 1.000000 0 4.128087312e-07 1.736590639e-05
195 0.000184 -0.000100 -0.000018 12.021851 -2.063033 -0.326549 0.000000 0.000000 0.000000 1.000000 0 3.390014172e-07 1.585786231e-05
195 0.000170 -0.000092 -0.000017 12.021851 -2.063033 -0.326549 0.000000 0.000000 0.000000 1.000000 0 3.390014172e-07 1.633004285e-05
195 0.000157 -0.000085 -0.000016 12.021851 -2.063033 -0.326549 0.000000 0.000000 0.000000 1.000000 0 4.041939974e-07 1.584109850e-05
195 0.000145 -0.000078 -0.000014 12.021851 -2.063033 -0.326549 0.000000 0.000000 0.000000 1.000000 0 3.650784492e-07 1.701083966e-05
195 0.000134 -0.000072 -0.000013 12.021851 -2.063033 -0.326549 0.000000 0.000000 0.000000 1.000000 0 7.848720998e-07 2.640089951e-05
195 0.000124 -0.000067 -0.000012 12.021851 -2.063033 -0.326549 0.000000 0.000000 0.000000 1.000000 0 6.700865924e-07 2.626702189e-05
195 0.000114 -0.000062 -0.000011 12.021851 -2.063033 -0.326549 0.000000 0.000000 0.000000 1.000000 0 7.099006325e-07 2.633314580e-05
195 0.000105 -0.000057 -0.000010 12.021851 -2.063033 -0.326549 0.000000 0.000000 0.000000 1.000000 0 7.080379874e-07 1.889700070e-05
195 0.000097 -0.000052 -0.000010 12.021851 -2.063033 -0.326549 0.000000 0.000000 0.000000 1.000000 0 3.660097718e-07 1.747603528e-05
195 0.000090 -0.000048 -0.000009 12.021851 -2.063033 -0.326549 0.000000 0.000000 0.000000 1.000000 0 7.781200111e-07 2.640881576e-05
195 0.000083 -0.000045 -0.000008 12.021851 -2.063033 -0.326549 0.000000 0.000000 0.000000 1.000000 0 3.608874977e-07 1.908489503e-05
195 0.000076 -0.000041 -0.000008 12.021851 -2.063033 -0.326549 0.000000 0.000000 0.000000 1.000000 0 4.637986422e-07 1.782900654e-05
195 0.000071 -0.000038 -0.000007 12.021851 -2.063033 -0.326549 0.000000 0.000000 0.000000 1.000000 0 4.069879651e-07 1.756311394e-05
195 0.000065 -0.000035 -0.000006 12.021851 -2.063033 -0.326549 0.000000 0.000000 0.000000 1.000000 0 3.620516509e-07 1.744087785e-05
195 0.000060 -0.000032 -0.000006 12.021851 -2.063033 -0.326549 0.000000 0.000000 0.000000 1.000000 0 4.719477147e-07 1.934007742e-05
196 0.000636 -0.000623 -0.000113 12.018044 -2.140295 -0.340950 0.000000 0.000000 0.000000 1.000000 0 5.108304322e-07 1.748208888e-05
196 0.000587 -0.000575 -0.000104 12.018044 -2.140295 -0.340950 0.000000 0.000000 0.000000 1.000000 0 3.629829735e-07 1.741899177e-05
196 0.000542 -0.000531 -0.000096 12.018044 -2.140295 -0.340950 0.000000 0.000000 0.000000 1.000000 0 3.580935299e-07 1.740106381e-05
196 0.000500 -0.000490 -0.000089 12.018044 -2.140295 -0.340950 0.000000 0.000000 0.000000 1.000000 0 3.632158041e-07 1.720595174e-05
196 0.000462 -0.000452 -0.000082 12.018044 -2.140295 -0.340950 0.000000 0.000000 0.000000 1.000000 0 6.440095603e-07 1.810002141e-05
196 0.000426 -0.000418 -0.000076 12.018044 -2.140295 -0.340950 0.000000 0.000000 0.000000 1.000000 0 3.620516509e-07 1.694494858e-05
196 0.000393 -0.000385 -0.000070 12.018044 -2.140295 -0.340950 0.000000 0.000000 0.000000 1.000000 0 4.780013114e-07 1.759501174e-05
196 0.000363 -0.000356 -0.000065 12.018044 -2.140295 -0.340950 0.000000 0.000000 0.000000 1.000000 0 3.948807716e-07 1.923111267e-05
196 0.000335 -0.000329 -0.000060 12.018044 -2.140295 -0.340950 0.000000 0.000000 0.000000 1.000000 0 3.741588444e-07 1.599593088e-05
196 0.000309 -0.000303 -0.000055 12.018044 -2.140295 -0.340950 0.000000 0.000000 0.000000 1.000000 0 8.998904377e-07 2.811383456e-05
196 0.000286 -0.000280 -0.000051 12.018044 -2.140295 -0.340950 0.000000 0.000000 0.000000 1.000000 0 7.580965757e-07 2.637784928e-05
196 0.000264 -0.000258 -0.000047 12.018044 -2.140295 -0.340950 0.000000 0.000000 0.000000 1.000000 0 4.121102393e-07 1.891609281e-05
196 0.000243 -0.000239 -0.000043 12.018044 -2.140295 -0.340950 0.000000 0.000000 0.000000 1.000000 0 3.648456186e-07 1.735892147e-05
196 0.000225 -0.000220 -0.000040 12.018044 -2.140295 -0.340950 0.000000 0.000000 0.000000 1.000000 0 3.620516509e-07 1.762085594e-05
196 0.000207 -0.000203 -0.000037 12.018044 -2.140295 -0.340950 0.000000 0.000000 0.000000 1.000000 0 3.618188202e-07 1.722807065e-05
196 0.000191 -0.000188 -0.000034 12.018044 -2.140295 -0.340950 0.000000 0.000000 0.000000 1.000000 0 3.608874977e-07 1.753913239e-05
196 0.000177 -0.000173 -0.000031 12.018044 -2.140295 -0.340950 0.000000 0.000000 0.000000 1.000000 0 5.820766091e-07 2.505606972e-05
196 0.000163 -0.000160 -0.000029 12.018044 -2.140295 -0.340950 0.000000 0.000000 0.000000 1.000000 0 3.608874977e-07 1.744483598e-05
196 0.000151 -0.000148 -0.000027 12.018044 -2.140295 -0.340950 0.000000 0.000000 0.000000 1.000000 0 3.639142960e-07 1.691002399e-05
196 0.000146 -0.000137 -0.000025 12.018044 -2.140295 -0.340950 0.000000 0.000000 0.000000 0.999981 1 3.708992153e-07 1.594400965e-05
197 0.000164 -0.000131 -0.000024 12.036827 -2.075331 -0.332014 0.000000 0.000000 0.000000 0.999988 1 5.201436579e-07 1.739198342e-05
197 0.000210 -0.000131 -0.000024 12.036827 -2.075331 -0.332014 0.000000 0.000000 0.000000 0.999928 1 5.320180207e-07 1.796521246e-05
197 0.000262 -0.000133 -0.000024 12.036827 -2.075331 -0.332014 0.000000 0.000000 0.000000 0.999928 1 3.911554813e-07 1.698196866e-05
197 0.000301 -0.000133 -0.000023 12.036827 -2.075331 -0.332014 0.000000 0.000000 0.000000 0.999945 1 5.071051419e-07 1.776101999e-05
197 0.000315 -0.000129 -0.000023 12.036827 -2.075331 -0.332014 0.000000 0.000000 0.000000 0.999972 1 3.660097718e-07 1.626997255e-05
197 0.000302 -0.000121 -0.000021 12.036827 -2.075331 -0.332014 0.000000 0.000000 0.000000 1.000000 1 3.890600055e-07 1.914496534e-05
197 0.000279 -0.000112 -0.000020 12.036827 -2.075331 -0.332014 0.000000 0.000000 0.000000 1.000000 0 8.549541235e-07 2.709706314e-05
197 0.000258 -0.000103 -0.000018 12.036827 -2.075331 -0.332014 0.000000 0.000000 0.000000 1.000000 0 4.519242793e-07 1.770793460e-05
197 0.000238 -0.000095 -0.000017 12.036827 -2.075331 -0.332014 0.000000 0.000000 0.000000 1.000000 0 4.169996828e-07 1.749303192e-05
197 0.000220 -0.000088 -0.000015 12.036827 -2.075331 -0.332014 0.000000 0.000000 0.000000 1.000000 0 3.178138286e-07 1.406809315e-05
197 0.000203 -0.000081 -0.000014 12.036827 -2.075331 -0.332014 0.000000 0.000000 0.000000 1.000000 0 2.400483936e-07 1.157610677e-05
197 0.000187 -0.000075 -0.000013 12.036827 -2.075331 -0.332014 0.000000 0.000000 0.000000 1.000000 0 2.670567483e-07 1.186202280e-05
197 0.000173 -0.000069 -0.000012 12.036827 -2.075331 -0.332014 0.000000 0.000000 0.000000 1.000000 0 3.599561751e-07 1.622503623e-05
197 0.000159 -0.000064 -0.000011 12.036827 -2.075331 -0.332014 0.000000 0.000000 0.000000 1.000000 0 5.478505045e-07 1.757498831e-05
197 0.000147 -0.000059 -0.000010 12.036827 -2.075331 -0.332014 0.000000 0.000000 0.000000 1.000000 0 6.379559636e-07 2.590683289e-05
197 0.000136 -0.000054 -0.000010 12.036827 -2.075331 -0.332014 0.000000 0.000000 0.000000 1.000000 0 3.611203283e-07 1.758686267e-05
197 0.000125 -0.000050 -0.000009 12.036827 -2.075331 -0.332014 0.000000 0.000000 0.000000 1.000000 0 3.650784492e-07 1.912401058e-05
197 0.000116 -0.000046 -0.000008 12.036827 -2.075331 -0.332014 0.000000 0.000000 0.000000 1.000000 0 3.951136023e-07 1.772888936e-05
197 0.000107 -0.000043 -0.000007 12.036827 -2.075331 -0.332014 0.000000 0.000000 0.000000 1.000000 0 6.200280041e-07 1.683598384e-05
197 0.000099 -0.000040 -0.000007 12.036827 -2.075331 -0.332014 0.000000 0.000000 0.000000 1.000000 0 3.639142960e-07 1.734006219e-05
198 0.000664 -0.000634 -0.000111 12.030638 -2.152153 -0.345754 0.000000 0.000000 0.000000 0.993617 1 9.031500667e-07 1.696101390e-05
198 0.000613 -0.000586 -0.000103 12.030638 -2.152153 -0.345754 0.000000 0.000000 0.000000 1.000000 0 3.650784492e-07 1.603714190e-05
198 0.000565 -0.000541 -0.000095 12.030638 -2.152153 -0.345754 0.000000 0.000000 0.000000 1.000000 0 3.620516509e-07 1.719710417e-05
198 0.000522 -0.000499 -0.000088 12.030638 -2.152153 -0.345754 0.000000 0.000000 0.000000 1.000000 0 2.451706678e-07 7.919035852e-06
198 0.000482 -0.000461 -0.000081 12.030638 -2.152153 -0.345754 0.000000 0.000000 0.000000 1.000000 0 6.409827620e-07 1.733005047e-05
198 0.000445 -0.000425 -0.000075 12.030638 -2.152153 -0.345754 0.000000 0.000000 0.000000 1.000000 0 1.150183380e-07 6.743008271e-06
198 0.000411 -0.000393 -0.000069 12.030638 -2.152153 -0.345754 0.000000 0.000000 0.000000 1.000000 0 8.894130588e-08 4.230998456e-06
198 0.000379 -0.000362 -0.000064 12.030638 -2.152153 -0.345754 0.000000 0.000000 0.000000 1.000000 0 1.308508217e-07 8.244998753e-06
198 0.000350 -0.000334 -0.000059 12.030638 -2.152153 -0.345754 0.000000 0.000000 0.000000 1.000000 0 1.159496605e-07 7.624039426e-06
198 0.000323 -0.000309 -0.000054 12.030638 -2.152153 -0.345754 0.000000 0.000000 0.000000 1.000000 0 1.881271601e-07 6.958842278e-06
198 0.000298 -0.000285 -0.000050 12.030638 -2.152153 -0.345754 0.000000 0.000000 0.000000 1.000000 0 5.378387868e-07 1.683202572e-05
198 0.000275 -0.000263 -0.000046 12.030638 -2.152153 -0.345754 0.000000 0.000000 0.000000 1.000000 0 2.679880708e-07 1.280196011e-05
198 0.000254 -0.000243 -0.000043 12.030638 -2.152153 -0.345754 0.000000 0.000000 0.000000 1.000000 0 3.648456186e-07 1.751095988e-05
198 0.000235 -0.000224 -0.000039 12.030638 -2.152153 -0.345754 0.000000 0.000000 0.000000 1.000000 0 3.599561751e-07 1.634401269e-05
198 0.000217 -0.000207 -0.000036 12.030638 -2.152153 -0.345754 0.000000 0.000000 0.000000 1.000000 0 3.611203283e-07 1.879292540e-05
198 0.000200 -0.000191 -0.000034 12.030638 -2.152153 -0.345754 0.000000 0.000000 0.000000 1.000000 0 6.449408829e-07 1.731608063e-05
198 0.000185 -0.000176 -0.000031 12.030638 -2.152153 -0.345754 0.000000 0.000000 0.000000 1.000000 0 3.380700946e-07 1.776008867e-05
198 0.000170 -0.000163 -0.000029 12.030638 -2.152153 -0.345754 0.000000 0.000000 0.000000 1.000000 0 4.258472472e-07 1.751794480e-05
198 0.000159 -0.000151 -0.000026 12.030638 -2.152153 -0.345754 0.000000 0.000000 0.000000 0.999991 1 3.909226507e-07 1.742411405e-05
198 0.000170 -0.000143 -0.000025 12.030638 -2.152153 -0.345754 0.000000 0.000000 0.000000 0.999963 1 3.690365702e-07 1.903786324e-05
199 0.000202 -0.000139 -0.000024 12.047296 -2.087137 -0.336259 0.000000 0.000000 0.000000 0.999983 1 8.749775589e-07 1.899013296e-05
199 0.000260 -0.000141 -0.000024 12.047296 -2.087137 -0.336259 0.000000 0.000000 0.000000 0.999911 1 3.990717232e-07 1.623807475e-05
199 0.000325 -0.000145 -0.000025 12.047296 -2.087137 -0.336259 0.000000 0.000000 0.000000 0.999910 1 5.641486496e-07 1.917500049e-05
199 0.000376 -0.000147 -0.000025 12.047296 -2.087137 -0.336259 0.000000 0.000000 0.000000 0.999926 1 4.819594324e-07 1.748395152e-05
199 0.000402 -0.000145 -0.000025 12.047296 -2.087137 -0.336259 0.000000 0.000000 0.000000 0.999952 1 3.688037395e-07 1.735193655e-05
199 0.000402 -0.000139 -0.000024 12.047296 -2.087137 -0.336259 0.000000 0.000000 0.000000 0.999979 1 3.660097718e-07 1.733517274e-05
199 0.000379 -0.000130 -0.000022 12.047296 -2.087137 -0.336259 0.000000 0.000000 0.000000 1.000000 0 5.790498108e-07 2.753897570e-05
199 0.000350 -0.000120 -0.000020 12.047296 -2.087137 -0.336259 0.000000 0.000000 0.000000 1.000000 0 3.611203283e-07 1.587998122e-05
199 0.000323 -0.000111 -0.000019 12.047296 -2.087137 -0.336259 0.000000 0.000000 0.000000 1.000000 0 3.629829735e-07 1.591397449e-05
199 0.000298 -0.000102 -0.000017 12.047296 -2.087137 -0.336259 0.000000 0.000000 0.000000 1.000000 0 3.648456186e-07 1.622783020e-05
199 0.000275 -0.000094 -0.000016 12.047296 -2.087137 -0.336259 0.000000 0.000000 0.000000 1.000000 0 3.629829735e-07 1.602503471e-05
199 0.000254 -0.000087 -0.000015 12.047296 -2.087137 -0.336259 0.000000 0.000000 0.000000 1.000000 0 3.629829735e-07 1.756078564e-05
199 0.000234 -0.000080 -0.000014 12.047296 -2.087137 -0.336259 0.000000 0.000000 0.000000 1.000000 0 3.888271749e-07 1.818197779e-05
199 0.000216 -0.000074 -0.000013 12.047296 -2.087137 -0.336259 0.000000 0.000000 0.000000 1.000000 0 3.927852958e-07 1.915101893e-05
199 0.000200 -0.000069 -0.000012 12.047296 -2.087137 -0.336259 0.000000 0.000000 0.000000 1.000000 0 3.669410944e-07 1.776590943e-05
199 0.000184 -0.000063 -0.000011 12.047296 -2.087137 -0.336259 0.000000 0.000000 0.000000 1.000000 0 3.860332072e-07 1.666299067e-05
199 0.000170 -0.000058 -0.000010 12.047296 -2.087137 -0.336259 0.000000 0.000000 0.000000 1.000000 0 3.480818123e-07 1.362687908e-05
199 0.000157 -0.000054 -0.000009 12.047296 -2.087137 -0.336259 0.000000 0.000000 0.000000 1.000000 0 6.931368262e-07 1.883204095e-05
199 0.000145 -0.000050 -0.000008 12.047296 -2.087137 -0.336259 0.000000 0.000000 0.000000 1.000000 0 3.620516509e-07 1.736590639e-05
199 0.000134 -0.000046 -0.000008 12.047296 -2.087137 -0.336259 0.000000 0.000000 0.000000 1.000000 0 4.218891263e-07 1.914706081e-05
199 0.000124 -0.000042 -0.000007 12.047296 -2.087137 -0.336259 0.000000 0.000000 0.000000 1.000000 0 3.858003765e-07 1.715612598e-05
200 0.000638 -0.000595 -0.000101 12.039172 -2.163553 -0.349433 0.000000 0.000000 0.000000 1.000000 0 3.629829735e-07 1.745787449e-05
200 0.000589 -0.000550 -0.000094 12.039172 -2.163553 -0.349433 0.000000 0.000000 0.000000 1.000000 0 3.189779818e-07 1.523992978e-05
200 0.000543 -0.000507 -0.000086 12.039172 -2.163553 -0.349433 0.000000 0.000000 0.000000 1.000000 0 1.229345798e-07 4.986999556e-06
200 0.000501 -0.000468 -0.000080 12.039172 -2.163553 -0.349433 0.000000 0.000000 0.000000 1.000000 0 1.569278538e-07 5.303183571e-06
200 0.000463 -0.000432 -0.000074 12.039172 -2.163553 -0.349433 0.000000 0.000000 0.000000 1.000000 0 9.313225746e-08 4.437984899e-06
200 0.000427 -0.000399 -0.000068 12.039172 -2.163553 -0.349433 0.000000 0.000000 0.000000 1.000000 0 1.068692654e-07 4.319008440e-06
200 0.000394 -0.000368 -0.000063 12.039172 -2.163553 -0.349433 0.000000 0.000000 0.000000 1.000000 0 8.894130588e-08 4.288973287e-06
200 0.000364 -0.000340 -0.000058 12.039172 -2.163553 -0.349433 0.000000 0.000000 0.000000 1.000000 0 1.338776201e-07 6.421003491e-06
200 0.000336 -0.000314 -0.000053 12.039172 -2.163553 -0.349433 0.000000 0.000000 0.000000 1.000000 0 1.150183380e-07 5.593057722e-06
200 0.000310 -0.000290 -0.000049 12.039172 -2.163553 -0.349433 0.000000 0.000000 0.000000 1.000000 0 1.348089427e-07 5.590962246e-06
200 0.000286 -0.000268 -0.000046 12.039172 -2.163553 -0.349433 0.000000 0.000000 0.000000 1.000000 0 4.549510777e-07 1.733214594e-05
200 0.000264 -0.000247 -0.000042 12.039172 -2.163553 -0.349433 0.000000 0.000000 0.000000 1.000000 0 3.790482879e-07 1.770700328e-05
200 0.000244 -0.000228 -0.000039 12.039172 -2.163553 -0.349433 0.000000 0.000000 0.000000 1.000000 0 3.899913281e-07 1.732795499e-05
200 0.000225 -0.000210 -0.000036 12.039172 -2.163553 -0.349433 0.000000 0.000000 0.000000 1.000000 0 6.139744073e-07 1.889700070e-05
200 0.000208 -0.000194 -0.000033 12.039172 -2.163553 -0.349433 0.000000 0.000000 0.000000 1.000000 0 3.720633686e-07 1.761899330e-05
200 0.000192 -0.000179 -0.000031 12.039172 -2.163553 -0.349433 0.000000 0.000000 0.000000 1.000000 0 3.960449249e-07 1.886510290e-05
200 0.000181 -0.000166 -0.000028 12.039172 -2.163553 -0.349433 0.000000 0.000000 0.000000 0.999986 1 3.699678928e-07 1.773401164e-05
200 0.000194 -0.000158 -0.000027 12.039172 -2.163553 -0.349433 0.000000 0.000000 0.000000 0.999958 1 9.103678167e-08 4.107831046e-06
200 0.000233 -0.000156 -0.000026 12.039172 -2.163553 -0.349433 0.000000 0.000000 0.000000 0.999930 1 9.499490261e-08 3.876164556e-06
200 0.000294 -0.000158 -0.000027 12.039172 -2.163553 -0.349433 0.000000 0.000000 0.000000 0.999901 1 3.958120942e-07 1.725903712e-05
201 0.000369 -0.000161 -0.000027 12.054239 -2.097768 -0.339379 0.000000 0.000000 0.000000 0.999877 1 4.840549082e-07 1.781014726e-05
201 0.000458 -0.000169 -0.000028 12.054239 -2.097768 -0.339379 0.000000 0.000000 0.000000 0.999873 1 3.660097718e-07 1.736101694e-05
201 0.000534 -0.000176 -0.000029 12.054239 -2.097768 -0.339379 0.000000 0.000000 0.000000 0.999888 1 4.221219569e-07 1.861783676e-05
201 0.000584 -0.000178 -0.000030 12.054239 -2.097768 -0.339379 0.000000 0.000000 0.000000 0.999913 1 3.690365702e-07 1.742993481e-05
201 0.000605 -0.000176 -0.000029 12.054239 -2.097768 -0.339379 0.000000 0.000000 0.000000 0.999941 1 3.639142960e-07 1.741712913e-05
201 0.000600 -0.000169 -0.000028 12.054239 -2.097768 -0.339379 0.000000 0.000000 0.000000 0.999966 1 6.309710443e-07 1.716893166e-05
201 0.000576 -0.000160 -0.000027 12.054239 -2.097768 -0.339379 0.000000 0.000000 0.000000 0.999984 1 3.660097718e-07 1.607392915e-05
201 0.000540 -0.000149 -0.000025 12.054239 -2.097768 -0.339379 0.000000 0.000000 0.000000 0.999996 1 3.681052476e-07 1.911702566e-05
201 0.000499 -0.000138 -0.000023 12.054239 -2.097768 -0.339379 0.000000 0.000000 0.000000 1.000000 0 3.618188202e-07 1.720408909e-05
201 0.000461 -0.000127 -0.000021 12.054239 -2.097768 -0.339379 0.000000 0.000000 0.000000 1.000000 0 3.650784492e-07 1.749279909e-05
201 0.000425 -0.000118 -0.000019 12.054239 -2.097768 -0.339379 0.000000 0.000000 0.000000 1.000000 0 5.119945854e-07 2.120807767e-05
201 0.000393 -0.000109 -0.000018 12.054239 -2.097768 -0.339379 0.000000 0.000000 0.000000 1.000000 0 3.669410944e-07 1.702294685e-05
201 0.000362 -0.000100 -0.000017 12.054239 -2.097768 -0.339379 0.000000 0.000000 0.000000 1.000000 0 3.650784492e-07 1.628394239e-05
201 0.000335 -0.000093 -0.000015 12.054239 -2.097768 -0.339379 0.000000 0.000000 0.000000 1.000000 0 3.599561751e-07 1.704203896e-05
201 0.000309 -0.000085 -0.000014 12.054239 -2.097768 -0.339379 0.000000 0.000000 0.000000 1.000000 0 3.869645298e-07 1.772493124e-05
201 0.000285 -0.000079 -0.000013 12.054239 -2.097768 -0.339379 0.000000 0.000000 0.000000 1.000000 0 3.650784492e-07 1.735985279e-05
201 0.000263 -0.000073 -0.000012 12.054239 -2.097768 -0.339379 0.000000 0.000000 0.000000 1.000000 0 3.618188202e-07 1.636706293e-05
201 0.000243 -0.000067 -0.000011 12.054239 -2.097768 -0.339379 0.000000 0.000000 0.000000 1.000000 0 6.640329957e-07 1.804297790e-05
201 0.000224 -0.000062 -0.000010 12.054239 -2.097768 -0.339379 0.000000 0.000000 0.000000 1.000000 0 3.611203283e-07 1.735193655e-05
201 0.000207 -0.000057 -0.000009 12.054239 -2.097768 -0.339379 0.000000 0.000000 0.000000 1.000000 0 3.620516509e-07 1.733307727e-05
202 0.000713 -0.000618 -0.000103 12.044473 -2.174088 -0.352105 0.000000 0.000000 0.000000 1.000000 0 3.899913281e-07 1.901108772e-05
202 0.000659 -0.000571 -0.000095 12.044473 -2.174088 -0.352105 0.000000 0.000000 0.000000 1.000000 0 3.620516509e-07 1.606112346e-05
202 0.000608 -0.000527 -0.000087 12.044473 -2.174088 -0.352105 0.000000 0.000000 0.000000 1.000000 0 6.139744073e-07 1.717405394e-05
202 0.000561 -0.000486 -0.000081 12.044473 -2.174088 -0.352105 0.000000 0.000000 0.000000 1.000000 0 3.639142960e-07 1.729791984e-05
202 0.000518 -0.000449 -0.000074 12.044473 -2.174088 -0.352105 0.000000 0.000000 0.000000 1.000000 0 5.750916898e-07 1.663598232e-05
202 0.000478 -0.000414 -0.000069 12.044473 -2.174088 -0.352105 0.000000 0.000000 0.000000 1.000000 0 3.180466592e-07 1.812400296e-05
202 0.000441 -0.000383 -0.000063 12.044473 -2.174088 -0.352105 0.000000 0.000000 0.000000 1.000000 0 3.620516509e-07 1.736893319e-05
202 0.000408 -0.000353 -0.000059 12.044473 -2.174088 -0.352105 0.000000 0.000000 0.000000 1.000000 0 5.641486496e-07 1.892005093e-05
202 0.000376 -0.000326 -0.000054 12.044473 -2.174088 -0.352105 0.000000 0.000000 0.000000 1.000000 0 3.620516509e-07 1.628999598e-05
202 0.000347 -0.000301 -0.000050 12.044473 -2.174088 -0.352105 0.000000 0.000000 0.000000 1.000000 0 3.639142960e-07 1.898314804e-05
202 0.000321 -0.000278 -0.000046 12.044473 -2.174088 -0.352105 0.000000 0.000000 0.000000 1.000000 0 3.648456186e-07 1.758593135e-05
202 0.000296 -0.000256 -0.000043 12.044473 -2.174088 -0.352105 0.000000 0.000000 0.000000 1.000000 0 3.329478204e-07 1.459312625e-05
202 0.000273 -0.000237 -0.000039 12.044473 -2.174088 -0.352105 0.000000 0.000000 0.000000 1.000000 0 2.039596438e-07 8.871080354e-06
202 0.000252 -0.000219 -0.000036 12.044473 -2.174088 -0.352105 0.000000 0.000000 0.000000 1.000000 0 4.200264812e-07 1.751398668e-05
202 0.000233 -0.000202 -0.000033 12.044473 -2.174088 -0.352105 0.000000 0.000000 0.000000 1.000000 0 4.770699888e-07 1.719919965e-05
202 0.000216 -0.000186 -0.000031 12.044473 -2.174088 -0.352105 0.000000 0.000000 0.000000 0.999993 1 4.870817065e-07 1.734495163e-05
202 0.000220 -0.000176 -0.000029 12.044473 -2.174088 -0.352105 0.000000 0.000000 0.000000 0.999965 1 3.939494491e-07 1.751584932e-05
202 0.000250 -0.000171 -0.000028 12.044473 -2.174088 -0.352105 0.000000 0.000000 0.000000 0.999938 1 9.592622519e-08 3.949971870e-06
202 0.000302 -0.000171 -0.000028 12.044473 -2.174088 -0.352105 0.000000 0.000000 0.000000 0.999910 1 3.678724170e-07 2.228701487e-05
202 0.000376 -0.000175 -0.000029 12.044473 -2.174088 -0.352105 0.000000 0.000000 0.000000 0.999883 1 1.851003617e-07 4.891073331e-06
203 0.000461 -0.000179 -0.000030 12.058196 -2.108182 -0.341670 0.000000 0.000000 0.000000 0.999858 1 1.660082489e-07 6.810994819e-06
203 0.000562 -0.000189 -0.000031 12.058196 -2.108182 -0.341670 0.000000 0.000000 0.000000 0.999852 1 2.870801836e-07 9.807059541e-06
203 0.000651 -0.000198 -0.000033 12.058196 -2.108182 -0.341670 0.000000 0.000000 0.000000 0.999864 1 2.149026841e-07 1.061614603e-05
203 0.000716 -0.000203 -0.000033 12.058196 -2.108182 -0.341670 0.000000 0.000000 0.000000 0.999888 1 3.909226507e-07 1.908908598e-05
203 0.000751 -0.000203 -0.000033 12.058196 -2.108182 -0.341670 0.000000 0.000000 0.000000 0.999915 1 6.291083992e-07 8.485978469e-06
203 0.000760 -0.000199 -0.000033 12.058196 -2.108182 -0.341670 0.000000 0.000000 0.000000 0.999939 1 1.348089427e-07 6.906921044e-06
203 0.000748 -0.000192 -0.000031 12.058196 -2.108182 -0.341670 0.000000 0.000000 0.000000 0.999957 1 1.119915396e-07 4.204921424e-06
203 0.000724 -0.000183 -0.000030 12.058196 -2.108182 -0.341670 0.000000 0.000000 0.000000 0.999969 1 9.499490261e-08 4.206085578e-06
203 0.000693 -0.000173 -0.000028 12.058196 -2.108182 -0.341670 0.000000 0.000000 0.000000 0.999976 1 8.239876479e-07 2.536014654e-05
203 0.000660 -0.000163 -0.000027 12.058196 -2.108182 -0.341670 0.000000 0.000000 0.000000 0.999981 1 2.409797162e-07 8.370960131e-06
203 0.000623 -0.000153 -0.000025 12.058196 -2.108182 -0.341670 0.000000 0.000000 0.000000 0.999988 1 3.708992153e-07 1.728814095e-05
203 0.000583 -0.000143 -0.000023 12.058196 -2.108182 -0.341670 0.000000 0.000000 0.000000 0.999995 1 5.888286978e-07 1.791096292e-05
203 0.000541 -0.000132 -0.000022 12.058196 -2.108182 -0.341670 0.000000 0.000000 0.000000 1.000000 1 3.690365702e-07 1.749605872e-05
203 0.000499 -0.000122 -0.000020 12.058196 -2.108182 -0.341670 0.000000 0.000000 0.000000 1.000000 0 4.330649972e-07 1.925998367e-05
203 0.000461 -0.000113 -0.000018 12.058196 -2.108182 -0.341670 0.000000 0.000000 0.000000 1.000000 0 7.338821888e-07 1.914077438e-05
203 0.000425 -0.000104 -0.000017 12.058196 -2.108182 -0.341670 0.000000 0.000000 0.000000 1.000000 0 3.641471267e-07 1.910305582e-05
203 0.000393 -0.000096 -0.000016 12.058196 -2.108182 -0.341670 0.000000 0.000000 0.000000 1.000000 0 3.629829735e-07 1.753098331e-05
203 0.000362 -0.000089 -0.000015 12.058196 -2.108182 -0.341670 0.000000 0.000000 0.000000 1.000000 0 3.639142960e-07 1.583085395e-05
203 0.000334 -0.000082 -0.000013 12.058196 -2.108182 -0.341670 0.000000 0.000000 0.000000 1.000000 0 7.259659469e-07 2.638390288e-05
203 0.000309 -0.000076 -0.000012 12.058196 -2.108182 -0.341670 0.000000 0.000000 0.000000 1.000000 0 6.689224392e-07 2.626888454e-05
204 0.000803 -0.000635 -0.000103 12.047255 -2.183944 -0.354010 0.000000 0.000000 0.000000 1.000000 0 3.639142960e-07 1.749699004e-05
204 0.000741 -0.000586 -0.000095 12.047255 -2.183944 -0.354010 0.000000 0.000000 0.000000 1.000000 0 6.440095603e-07 1.887395047e-05
204 0.000684 -0.000541 -0.000088 12.047255 -2.183944 -0.354010 0.000000 0.000000 0.000000 1.000000 0 3.639142960e-07 1.627299935e-05
204 0.000632 -0.000500 -0.000081 12.047255 -2.183944 -0.354010 0.000000 0.000000 0.000000 1.000000 0 2.658925951e-07 8.383067325e-06
204 0.000583 -0.000461 -0.000075 12.047255 -2.183944 -0.354010 0.000000 0.000000 0.000000 1.000000 0 2.828892320e-07 1.119193621e-05
204 0.000538 -0.000426 -0.000069 12.047255 -2.183944 -0.354010 0.000000 0.000000 0.000000 1.000000 0 3.620516509e-07 1.588603482e-05
204 0.000497 -0.000393 -0.000064 12.047255 -2.183944 -0.354010 0.000000 0.000000 0.000000 1.000000 0 2.989545465e-07 1.305900514e-05
204 0.000459 -0.000363 -0.000059 12.047255 -2.183944 -0.354010 0.000000 0.000000 0.000000 1.000000 0 3.629829735e-07 1.624994911e-05
204 0.000424 -0.000335 -0.000055 12.047255 -2.183944 -0.354010 0.000000 0.000000 0.000000 1.000000 0 3.650784492e-07 1.732306555e-05
204 0.000391 -0.000309 -0.000050 12.047255 -2.183944 -0.354010 0.000000 0.000000 0.000000 1.000000 0 3.629829735e-07 1.612701453e-05
204 0.000361 -0.000285 -0.000046 12.047255 -2.183944 -0.354010 0.000000 0.000000 0.000000 1.000000 0 3.629829735e-07 1.587718725e-05
204 0.000333 -0.000263 -0.000043 12.047255 -2.183944 -0.354010 0.000000 0.000000 0.000000 1.000000 0 3.629829735e-07 1.800782047e-05
204 0.000308 -0.000243 -0.000040 12.047255 -2.183944 -0.354010 0.000000 0.000000 0.000000 1.000000 0 3.648456186e-07 1.713400707e-05
204 0.000284 -0.000225 -0.000037 12.047255 -2.183944 -0.354010 0.000000 0.000000 0.000000 1.000000 0 3.639142960e-07 1.740502194e-05
204 0.000264 -0.000208 -0.000034 12.047255 -2.183944 -0.354010 0.000000 0.000000 0.000000 0.999992 1 3.699678928e-07 1.585599966e-05
204 0.000263 -0.000195 -0.000032 12.047255 -2.183944 -0.354010 0.000000 0.000000 0.000000 0.999968 1 3.899913281e-07 1.886114478e-05
204 0.000287 -0.000188 -0.000031 12.047255 -2.183944 -0.354010 0.000000 0.000000 0.000000 0.999941 1 3.650784492e-07 1.740478911e-05
204 0.000333 -0.000186 -0.000030 12.047255 -2.183944 -0.354010 0.000000 0.000000 0.000000 0.999914 1 4.409812391e-07 1.876614988e-05
204 0.000401 -0.000189 -0.000031 12.047255 -2.183944 -0.354010 0.000000 0.000000 0.000000 0.999887 1 9.632203728e-07 1.957896166e-05
204 0.000488 -0.000196 -0.000032 12.047255 -2.183944 -0.354010 0.000000 0.000000 0.000000 0.999860 1 3.629829735e-07 1.883693039e-05
205 0.000583 -0.000202 -0.000033 12.060078 -2.118048 -0.343326 0.000000 0.000000 0.000000 0.999836 1 3.979075700e-07 1.743086614e-05
205 0.000696 -0.000214 -0.000035 12.060078 -2.118048 -0.343326 0.000000 0.000000 0.000000 0.999828 1 3.690365702e-07 1.695193350e-05
205 0.000797 -0.000224 -0.000036 12.060078 -2.118048 -0.343326 0.000000 0.000000 0.000000 0.999840 1 3.650784492e-07 1.744087785e-05
205 0.000873 -0.000231 -0.000038 12.060078 -2.118048 -0.343326 0.000000 0.000000 0.000000 0.999863 1 3.681052476e-07 1.901295036e-05
205 0.000918 -0.000233 -0.000038 12.060078 -2.118048 -0.343326 0.000000 0.000000 0.000000 0.999891 1 3.660097718e-07 1.768697985e-05
205 0.000936 -0.000231 -0.000037 12.060078 -2.118048 -0.343326 0.000000 0.000000 0.000000 0.999916 1 4.889443517e-07 1.645111479e-05
205 0.000931 -0.000225 -0.000037 12.060078 -2.118048 -0.343326 0.000000 0.000000 0.000000 0.999935 1 3.729946911e-07 1.913798042e-05
205 0.000913 -0.000217 -0.000035 12.060078 -2.118048 -0.343326 0.000000 0.000000 0.000000 0.999948 1 4.339963198e-07 2.044299617e-05
205 0.000886 -0.000208 -0.000034 12.060078 -2.118048 -0.343326 0.000000 0.000000 0.000000 0.999956 1 4.088506103e-07 1.602806151e-05
205 0.000856 -0.000199 -0.000032 12.060078 -2.118048 -0.343326 0.000000 0.000000 0.000000 0.999962 1 4.139728844e-07 1.737801358e-05
205 0.000823 -0.000189 -0.000031 12.060078 -2.118048 -0.343326 0.000000 0.000000 0.000000 0.999968 1 4.770699888e-07 1.719594002e-05
205 0.000785 -0.000179 -0.000029 12.060078 -2.118048 -0.343326 0.000000 0.000000 0.000000 0.999975 1 3.951136023e-07 1.733098179e-05
205 0.000745 -0.000169 -0.000027 12.060078 -2.118048 -0.343326 0.000000 0.000000 0.000000 0.999981 1 5.371402949e-07 1.912494190e-05
205 0.000704 -0.000159 -0.000026 12.060078 -2.118048 -0.343326 0.000000 0.000000 0.000000 0.999984 1 3.669410944e-07 1.697498374e-05
205 0.000664 -0.000149 -0.000024 12.060078 -2.118048 -0.343326 0.000000 0.000000 0.000000 0.999985 1 5.848705769e-07 1.850398257e-05
205 0.000627 -0.000140 -0.000023 12.060078 -2.118048 -0.343326 0.000000 0.000000 0.000000 0.999986 1 1.032138243e-06 2.781697549e-05
205 0.000590 -0.000131 -0.000021 12.060078 -2.118048 -0.343326 0.000000 0.000000 0.000000 0.999989 1 2.819579095e-07 1.201708801e-05
205 0.000551 -0.000122 -0.000020 12.060078 -2.118048 -0.343326 0.000000 0.000000 0.000000 0.999998 1 3.268942237e-07 1.180404797e-05
205 0.000509 -0.000113 -0.000018 12.060078 -2.118048 -0.343326 0.000000 0.000000 0.000000 1.000000 0 3.390014172e-07 1.780991443e-05
205 0.000470 -0.000104 -0.000017 12.060078 -2.118048 -0.343326 0.000000 0.000000 0.000000 1.000000 0 3.629829735e-07 1.626904123e-05
206 0.000953 -0.000671 -0.000108 12.048318 -2.194140 -0.355521 0.000000 0.000000 0.000000 1.000000 0 3.650784492e-07 1.751678064e-05
206 0.000880 -0.000619 -0.000100 12.048318 -2.194140 -0.355521 0.000000 0.000000 0.000000 1.000000 0 3.639142960e-07 1.708301716e-05
206 0.000812 -0.000572 -0.000092 12.048318 -2.194140 -0.355521 0.000000 0.000000 0.000000 1.000000 0 3.660097718e-07 1.728697680e-05
206 0.000750 -0.000528 -0.000085 12.048318 -2.194140 -0.355521 0.000000 0.000000 0.000000 1.000000 0 3.818422556e-07 1.910794526e-05
206 0.000692 -0.000487 -0.000078 12.048318 -2.194140 -0.355521 0.000000 0.000000 0.000000 1.000000 0 7.341150194e-07 3.248197027e-05
206 0.000639 -0.000450 -0.000072 12.048318 -2.194140 -0.355521 0.000000 0.000000 0.000000 1.000000 0 5.089677870e-07 1.802900806e-05
206 0.000590 -0.000415 -0.000067 12.048318 -2.194140 -0.355521 0.000000 0.000000 0.000000 1.000000 0 6.661284715e-07 2.629519440e-05
206 0.000544 -0.000383 -0.000062 12.048318 -2.194140 -0.355521 0.000000 0.000000 0.000000 1.000000 0 6.670597941e-07 1.775100827e-05
206 0.000503 -0.000354 -0.000057 12.048318 -2.194140 -0.355521 0.000000 0.000000 0.000000 1.000000 0 3.909226507e-07 1.581804827e-05
206 0.000464 -0.000327 -0.000053 12.048318 -2.194140 -0.355521 0.000000 0.000000 0.000000 1.000000 0 3.830064088e-07 1.740409061e-05
206 0.000428 -0.000301 -0.000048 12.048318 -2.194140 -0.355521 0.000000 0.000000 0.000000 1.000000 0 3.790482879e-07 1.730397344e-05
206 0.000395 -0.000278 -0.000045 12.048318 -2.194140 -0.355521 0.000000 0.000000 0.000000 1.000000 0 3.641471267e-07 1.912307926e-05
206 0.000365 -0.000257 -0.000041 12.048318 -2.194140 -0.355521 0.000000 0.000000 0.000000 1.000000 0 8.810311556e-07 2.807797864e-05
206 0.000338 -0.000237 -0.000038 12.048318 -2.194140 -0.355521 0.000000 0.000000 0.000000 0.999994 1 8.149072528e-07 2.650707029e-05
206 0.000328 -0.000222 -0.000036 12.048318 -2.194140 -0.355521 0.000000 0.000000 0.000000 0.999973 1 7.329508662e-07 1.934496686e-05
206 0.000340 -0.000212 -0.000034 12.048318 -2.194140 -0.355521 0.000000 0.000000 0.000000 0.999949 1 3.660097718e-07 1.748208888e-05
206 0.000375 -0.000207 -0.000033 12.048318 -2.194140 -0.355521 0.000000 0.000000 0.000000 0.999923 1 9.010545909e-08 4.513189197e-06
206 0.000431 -0.000206 -0.000033 12.048318 -2.194140 -0.355521 0.000000 0.000000 0.000000 0.999896 1 9.010545909e-08 4.392117262e-06
206 0.000508 -0.000210 -0.000034 12.048318 -2.194140 -0.355521 0.000000 0.000000 0.000000 0.999869 1 3.671739250e-07 1.581292599e-05
206 0.000604 -0.000219 -0.000035 12.048318 -2.194140 -0.355521 0.000000 0.000000 0.000000 0.999843 1 3.690365702e-07 1.589814201e-05
207 0.000704 -0.000225 -0.000036 12.060700 -2.128006 -0.344687 0.000000 0.000000 0.000000 0.999819 1 3.660097718e-07 1.761014573e-05
207 0.000825 -0.000239 -0.000039 12.060700 -2.128006 -0.344687 0.000000 0.000000 0.000000 0.999808 1 3.711320460e-07 1.746905036e-05
207 0.000936 -0.000251 -0.000041 12.060700 -2.128006 -0.344687 0.000000 0.000000 0.000000 0.999817 1 3.650784492e-07 1.888605766e-05
207 0.001023 -0.000260 -0.000042 12.060700 -2.128006 -0.344687 0.000000 0.000000 0.000000 0.999839 1 7.499475032e-07 2.624187618e-05
207 0.001079 -0.000264 -0.000043 12.060700 -2.128006 -0.344687 0.000000 0.000000 0.000000 0.999866 1 3.939494491e-07 1.696613617e-05
207 0.001107 -0.000263 -0.000043 12.060700 -2.128006 -0.344687 0.000000 0.000000 0.000000 0.999891 1 3.699678928e-07 1.877313480e-05
207 0.001113 -0.000259 -0.000042 12.060700 -2.128006 -0.344687 0.000000 0.000000 0.000000 0.999910 1 3.681052476e-07 1.745810732e-05
207 0.001103 -0.000252 -0.000041 12.060700 -2.128006 -0.344687 0.000000 0.000000 0.000000 0.999923 1 3.739260137e-07 1.902086660e-05
207 0.001085 -0.000245 -0.000040 12.060700 -2.128006 -0.344687 0.000000 0.000000 0.000000 0.999931 1 3.678724170e-07 1.623108983e-05
207 0.001062 -0.000237 -0.000038 12.060700 -2.128006 -0.344687 0.000000 0.000000 0.000000 0.999937 1 6.619375199e-07 2.475199290e-05
207 0.001036 -0.000228 -0.000037 12.060700 -2.128006 -0.344687 0.000000 0.000000 0.000000 0.999943 1 3.671739250e-07 1.896801405e-05
207 0.001006 -0.000219 -0.000035 12.060700 -2.128006 -0.344687 0.000000 0.000000 0.000000 0.999950 1 6.500631571e-07 1.671607606e-05
207 0.000972 -0.000210 -0.000034 12.060700 -2.128006 -0.344687 0.000000 0.000000 0.000000 0.999956 1 3.660097718e-07 1.577590592e-05
207 0.000936 -0.000201 -0.000032 12.060700 -2.128006 -0.344687 0.000000 0.000000 0.000000 0.999959 1 3.669410944e-07 1.709489152e-05
207 0.000902 -0.000192 -0.000031 12.060700 -2.128006 -0.344687 0.000000 0.000000 0.000000 0.999960 1 3.720633686e-07 1.590396278e-05
207 0.000869 -0.000184 -0.000030 12.060700 -2.128006 -0.344687 0.000000 0.000000 0.000000 0.999961 1 3.660097718e-07 1.633795910e-05
207 0.000837 -0.000176 -0.000028 12.060700 -2.128006 -0.344687 0.000000 0.000000 0.000000 0.999964 1 5.271285772e-07 1.620315015e-05
207 0.000803 -0.000168 -0.000027 12.060700 -2.128006 -0.344687 0.000000 0.000000 0.000000 0.999972 1 3.639142960e-07 1.747393981e-05
207 0.000759 -0.000158 -0.000026 12.060700 -2.128006 -0.344687 0.000000 0.000000 0.000000 0.999989 1 3.708992153e-07 1.738988794e-05
207 0.000703 -0.000146 -0.000024 12.060700 -2.128006 -0.344687 0.000000 0.000000 0.000000 1.000000 0 3.608874977e-07 1.751515083e-05
208 0.001169 -0.000710 -0.000114 12.048675 -2.203554 -0.356749 0.000000 0.000000 0.000000 1.000000 0 4.079192877e-07 1.703901216e-05
208 0.001079 -0.000655 -0.000105 12.048675 -2.203554 -0.356749 0.000000 0.000000 0.000000 1.000000 0 5.899928510e-07 1.682317816e-05
208 0.000996 -0.000605 -0.000097 12.048675 -2.203554 -0.356749 0.000000 0.000000 0.000000 1.000000 0 3.739260137e-07 1.746905036e-05
208 0.000920 -0.000558 -0.000090 12.048675 -2.203554 -0.356749 0.000000 0.000000 0.000000 1.000000 0 3.981404006e-07 1.738499850e-05
208 0.000849 -0.000515 -0.000083 12.048675 -2.203554 -0.356749 0.000000 0.000000 0.000000 1.000000 0 3.639142960e-07 1.886393875e-05
208 0.000784 -0.000476 -0.000076 12.048675 -2.203554 -0.356749 0.000000 0.000000 0.000000 1.000000 0 3.909226507e-07 1.583108678e-05
208 0.000724 -0.000439 -0.000070 12.048675 -2.203554 -0.356749 0.000000 0.000000 0.000000 1.000000 0 4.079192877e-07 1.102709211e-05
208 0.000668 -0.000405 -0.000065 12.048675 -2.203554 -0.356749 0.000000 0.000000 0.000000 1.000000 0 8.917413652e-08 3.872206435e-06
208 0.000617 -0.000374 -0.000060 12.048675 -2.203554 -0.356749 0.000000 0.000000 0.000000 1.000000 0 1.890584826e-07 5.877111107e-06
208 0.000569 -0.000346 -0.000055 12.048675 -2.203554 -0.356749 0.000000 0.000000 0.000000 1.000000 0 1.220032573e-07 6.301095709e-06
208 0.000525 -0.000319 -0.000051 12.048675 -2.203554 -0.356749 0.000000 0.000000 0.000000 1.000000 0 8.894130588e-08 4.681991413e-06
208 0.000485 -0.000294 -0.000047 12.048675 -2.203554 -0.356749 0.000000 0.000000 0.000000 1.000000 0 9.383074939e-08 4.214001819e-06
208 0.000450 -0.000272 -0.000044 12.048675 -2.203554 -0.356749 0.000000 0.000000 0.000000 0.999993 1 1.769512892e-07 8.438946679e-06
208 0.000431 -0.000254 -0.000041 12.048675 -2.203554 -0.356749 0.000000 0.000000 0.000000 0.999974 1 4.831235856e-07 1.653307118e-05
208 0.000433 -0.000241 -0.000039 12.048675 -2.203554 -0.356749 0.000000 0.000000 0.000000 0.999952 1 3.669410944e-07 1.712213270e-05
208 0.000456 -0.000233 -0.000037 12.048675 -2.203554 -0.356749 0.000000 0.000000 0.000000 0.999929 1 3.648456186e-07 2.480996773e-05
208 0.000500 -0.000229 -0.000037 12.048675 -2.203554 -0.356749 0.000000 0.000000 0.000000 0.999904 1 4.279427230e-07 1.584994607e-05
208 0.000564 -0.000230 -0.000037 12.048675 -2.203554 -0.356749 0.000000 0.000000 0.000000 0.999877 1 3.788154572e-07 1.737498678e-05
208 0.000648 -0.000236 -0.000038 12.048675 -2.203554 -0.356749 0.000000 0.000000 0.000000 0.999851 1 7.189810276e-07 2.296804450e-05
208 0.000749 -0.000245 -0.000040 12.048675 -2.203554 -0.356749 0.000000 0.000000 0.000000 0.999825 1 3.669410944e-07 1.869909465e-05
209 0.000853 -0.000252 -0.000041 12.061070 -2.137553 -0.345940 0.000000 0.000000 0.000000 0.999802 1 3.702007234e-07 1.744786277e-05
209 0.000979 -0.000267 -0.000043 12.061070 -2.137553 -0.345940 0.000000 0.000000 0.000000 0.999790 1 3.688037395e-07 1.587602310e-05
209 0.001096 -0.000280 -0.000045 12.061070 -2.137553 -0.345940 0.000000 0.000000 0.000000 0.999798 1 3.690365702e-07 1.898105256e-05
209 0.001188 -0.000290 -0.000047 12.061070 -2.137553 -0.345940 0.000000 0.000000 0.000000 0.999820 1 9.450595826e-07 1.893984154e-05
209 0.001249 -0.000295 -0.000048 12.061070 -2.137553 -0.345940 0.000000 0.000000 0.000000 0.999847 1 3.720633686e-07 1.601106487e-05
209 0.001281 -0.000295 -0.000048 12.061070 -2.137553 -0.345940 0.000000 0.000000 0.000000 0.999873 1 4.509929568e-07 1.625507139e-05
209 0.001289 -0.000291 -0.000047 12.061070 -2.137553 -0.345940 0.000000 0.000000 0.000000 0.999894 1 3.660097718e-07 1.573609188e-05
209 0.001281 -0.000285 -0.000046 12.061070 -2.137553 -0.345940 0.000000 0.000000 0.000000 0.999908 1 3.681052476e-07 1.742504537e-05
209 0.001263 -0.000277 -0.000045 12.061070 -2.137553 -0.345940 0.000000 0.000000 0.000000 0.999917 1 3.979075700e-07 1.847906969e-05
209 0.001240 -0.000269 -0.000043 12.061070 -2.137553 -0.345940 0.000000 0.000000 0.000000 0.999923 1 3.431923687e-07 1.684785821e-05
209 0.001214 -0.000261 -0.000042 12.061070 -2.137553 -0.345940 0.000000 0.000000 0.000000 0.999929 1 6.668269634e-07 1.804786734e-05
209 0.001182 -0.000252 -0.000041 12.061070 -2.137553 -0.345940 0.000000 0.000000 0.000000 0.999936 1 3.690365702e-07 1.737498678e-05
209 0.001147 -0.000242 -0.000039 12.061070 -2.137553 -0.345940 0.000000 0.000000 0.000000 0.999942 1 3.669410944e-07 1.632887870e-05
209 0.001111 -0.000233 -0.000038 12.061070 -2.137553 -0.345940 0.000000 0.000000 0.000000 0.999946 1 3.939494491e-07 1.739594154e-05
209 0.001075 -0.000223 -0.000036 12.061070 -2.137553 -0.345940 0.000000 0.000000 0.000000 0.999947 1 3.909226507e-07 1.579592936e-05
209 0.001041 -0.000215 -0.000035 12.061070 -2.137553 -0.345940 0.000000 0.000000 0.000000 0.999948 1 6.260816008e-07 1.696590334e-05
