9 0.429222 0.009143 -0.051933 0.429222 0.009143 -0.051933 0.000000 0.000000 0.000000 -1.000000 1 3.493996337e-05 1.736429986e-04
10 0.431872 0.009605 0.150927 0.431872 0.009605 0.150927 0.000000 0.000000 0.000000 -1.000000 1 8.362811059e-06 1.938594505e-05
10 0.431872 0.009605 0.150927 0.431872 0.009605 0.150927 0.000000 0.000000 0.000000 -1.000000 1 8.349074051e-06 1.956382766e-05
10 0.431872 0.009605 0.150927 0.431872 0.009605 0.150927 0.000000 0.000000 0.000000 -1.000000 1 8.322065696e-06 1.938291825e-05
10 0.431872 0.009605 0.150927 0.431872 0.009605 0.150927 0.000000 0.000000 0.000000 -1.000000 1 8.319038898e-06 1.950003207e-05
10 0.431872 0.009605 0.150927 0.431872 0.009605 0.150927 0.000000 0.000000 0.000000 -1.000000 1 8.663162589e-06 2.004601993e-05
10 0.431872 0.009605 0.150927 0.431872 0.009605 0.150927 0.000000 0.000000 0.000000 -1.000000 1 8.462928236e-06 1.961295493e-05
10 0.431872 0.009605 0.150927 0.431872 0.009605 0.150927 0.000000 0.000000 0.000000 -1.000000 1 8.264789358e-06 1.934799366e-05
10 0.431872 0.009605 0.150927 0.431872 0.009605 0.150927 0.000000 0.000000 0.000000 -1.000000 1 8.344883099e-06 1.960899681e-05
10 0.431872 0.009605 0.150927 0.431872 0.009605 0.150927 0.000000 0.000000 0.000000 -1.000000 1 1.296284609e-05 3.072805703e-05
10 0.431872 0.009605 0.150927 0.431872 0.009605 0.150927 0.000000 0.000000 0.000000 -1.000000 1 1.820595935e-05 4.659709521e-05
10 0.431872 0.009605 0.150927 0.431872 0.009605 0.150927 0.000000 0.000000 0.000000 -1.000000 1 1.270696521e-05 3.056088462e-05
10 0.431872 0.009605 0.150927 0.431872 0.009605 0.150927 0.000000 0.000000 0.000000 -1.000000 1 1.281104051e-05 3.063096665e-05
10 0.431872 0.009605 0.150927 0.431872 0.009605 0.150927 0.000000 0.000000 0.000000 -1.000000 1 8.376780897e-06 1.968210563e-05
10 0.431872 0.009605 0.150927 0.431872 0.009605 0.150927 0.000000 0.000000 0.000000 -1.000000 1 8.445000276e-06 1.953192987e-05
10 0.431872 0.009605 0.150927 0.431872 0.009605 0.150927 0.000000 0.000000 0.000000 -1.000000 1 8.551171049e-06 1.998594962e-05
10 0.431872 0.009605 0.150927 0.431872 0.009605 0.150927 0.000000 0.000000 0.000000 -1.000000 1 8.360017091e-06 1.960294321e-05
10 0.431872 0.009605 0.150927 0.431872 0.009605 0.150927 0.000000 0.000000 0.000000 -1.000000 1 8.272938430e-06 1.950003207e-05
10 0.431872 0.009605 0.150927 0.431872 0.009605 0.150927 0.000000 0.000000 0.000000 -1.000000 1 8.347211406e-06 1.943903044e-05
10 0.431872 0.009605 0.150927 0.431872 0.009605 0.150927 0.000000 0.000000 0.000000 -1.000000 1 8.419156075e-06 1.964787953e-05
10 0.431872 0.009605 0.150927 0.431872 0.009605 0.150927 0.000000 0.000000 0.000000 -1.000000 1 8.396105841e-06 1.957220957e-05
11 0.571911 0.089487 0.727854 0.571911 0.089487 0.727854 0.000000 0.000000 0.000000 -1.000000 1 8.458038792e-06 1.969980076e-05
11 0.571911 0.089487 0.727854 0.571911 0.089487 0.727854 0.000000 0.000000 0.000000 -1.000000 1 9.286915883e-06 2.167001367e-05
11 0.571911 0.089487 0.727854 0.571911 0.089487 0.727854 0.000000 0.000000 0.000000 -1.000000 1 9.334180504e-06 2.072704956e-05
11 0.571911 0.089487 0.727854 0.571911 0.089487 0.727854 0.000000 0.000000 0.000000 -1.000000 1 8.433824405e-06 1.962203532e-05
11 0.571911 0.089487 0.727854 0.571911 0.089487 0.727854 0.000000 0.000000 0.000000 -1.000000 1 8.319970220e-06 1.958594657e-05
11 0.571911 0.089487 0.727854 0.571911 0.089487 0.727854 0.000000 0.000000 0.000000 -1.000000 1 8.392147720e-06 2.164696343e-05
11 0.571911 0.089487 0.727854 0.571911 0.089487 0.727854 0.000000 0.000000 0.000000 -1.000000 1 4.573026672e-06 1.084012911e-05
11 0.571911 0.089487 0.727854 0.571911 0.089487 0.727854 0.000000 0.000000 0.000000 -1.000000 1 2.498039976e-06 5.654990673e-06
11 0.571911 0.089487 0.727854 0.571911 0.089487 0.727854 0.000000 0.000000 0.000000 -1.000000 1 7.954891771e-06 1.843599603e-05
11 0.571911 0.089487 0.727854 0.571911 0.089487 0.727854 0.000000 0.000000 0.000000 -1.000000 1 8.578877896e-06 1.978990622e-05
11 0.571911 0.089487 0.727854 0.571911 0.089487 0.727854 0.000000 0.000000 0.000000 -1.000000 1 8.448958397e-06 1.964089461e-05
11 0.571911 0.089487 0.727854 0.571911 0.089487 0.727854 0.000000 0.000000 0.000000 -1.000000 1 8.605886251e-06 1.968001015e-05
11 0.571911 0.089487 0.727854 0.571911 0.089487 0.727854 0.000000 0.000000 0.000000 -1.000000 1 8.465955034e-06 1.966883428e-05
11 0.571911 0.089487 0.727854 0.571911 0.089487 0.727854 0.000000 0.000000 0.000000 -1.000000 1 8.428003639e-06 1.974916086e-05
11 0.571911 0.089487 0.727854 0.571911 0.089487 0.727854 0.000000 0.000000 0.000000 -1.000000 1 8.490169421e-06 1.962110400e-05
11 0.571911 0.089487 0.727854 0.571911 0.089487 0.727854 0.000000 0.000000 0.000000 -1.000000 1 1.644599251e-05 2.773804590e-05
11 0.571911 0.089487 0.727854 0.571911 0.089487 0.727854 0.000000 0.000000 0.000000 -1.000000 1 8.508097380e-06 1.977500506e-05
11 0.571911 0.089487 0.727854 0.571911 0.089487 0.727854 0.000000 0.000000 0.000000 -1.000000 1 8.423812687e-06 1.967209391e-05
11 0.571911 0.089487 0.727854 0.571911 0.089487 0.727854 0.000000 0.000000 0.000000 -1.000000 1 1.034606248e-05 2.361601219e-05
11 0.571911 0.089487 0.727854 0.571911 0.089487 0.727854 0.000000 0.000000 0.000000 -1.000000 1 8.439878002e-06 1.973612234e-05
12 0.638720 0.140281 0.884697 0.638720 0.140281 0.884697 0.000000 0.000000 0.000000 -1.000000 1 1.308694482e-05 3.154296428e-05
12 0.638720 0.140281 0.884697 0.638720 0.140281 0.884697 0.000000 0.000000 0.000000 -1.000000 1 9.292038158e-06 2.125184983e-05
12 0.638720 0.140281 0.884697 0.638720 0.140281 0.884697 0.000000 0.000000 0.000000 -1.000000 1 8.481089026e-06 1.978804357e-05
12 0.638720 0.140281 0.884697 0.638720 0.140281 0.884697 0.000000 0.000000 0.000000 -1.000000 1 1.956103370e-05 3.857887350e-05
12 0.638720 0.140281 0.884697 0.638720 0.140281 0.884697 0.000000 0.000000 0.000000 -1.000000 1 8.380971849e-06 1.967512071e-05
12 0.638720 0.140281 0.884697 0.638720 0.140281 0.884697 0.000000 0.000000 0.000000 -1.000000 1 8.428934962e-06 1.958990470e-05
12 0.638720 0.140281 0.884697 0.638720 0.140281 0.884697 0.000000 0.000000 0.000000 -1.000000 1 8.529983461e-06 1.959595829e-05
12 0.638720 0.140281 0.884697 0.638720 0.140281 0.884697 0.000000 0.000000 0.000000 -1.000000 1 8.415896446e-06 1.958198845e-05
12 0.638720 0.140281 0.884697 0.638720 0.140281 0.884697 0.000000 0.000000 0.000000 -1.000000 1 8.529052138e-06 1.967418939e-05
12 0.638720 0.140281 0.884697 0.638720 0.140281 0.884697 0.000000 0.000000 0.000000 -1.000000 1 8.464092389e-06 1.973006874e-05
12 0.638720 0.140281 0.884697 0.638720 0.140281 0.884697 0.000000 0.000000 0.000000 -1.000000 1 8.648028597e-06 1.982809044e-05
12 0.638720 0.140281 0.884697 0.638720 0.140281 0.884697 0.000000 0.000000 0.000000 -1.000000 1 8.511124179e-06 1.968303695e-05
12 0.638720 0.140281 0.884697 0.638720 0.140281 0.884697 0.000000 0.000000 0.000000 -1.000000 1 1.256796531e-05 3.046402708e-05
12 0.638720 0.140281 0.884697 0.638720 0.140281 0.884697 0.000000 0.000000 0.000000 -1.000000 1 1.231417991e-05 2.971803769e-05
12 0.638720 0.140281 0.884697 0.638720 0.140281 0.884697 0.000000 0.000000 0.000000 -1.000000 1 1.808279194e-05 3.553880379e-05
12 0.638720 0.140281 0.884697 0.638720 0.140281 0.884697 0.000000 0.000000 0.000000 -1.000000 1 1.027295366e-05 2.333498560e-05
12 0.638720 0.140281 0.884697 0.638720 0.140281 0.884697 0.000000 0.000000 0.000000 -1.000000 1 8.614966646e-06 1.965090632e-05
12 0.638720 0.140281 0.884697 0.638720 0.140281 0.884697 0.000000 0.000000 0.000000 -1.000000 1 8.506001905e-06 1.951586455e-05
12 0.638720 0.140281 0.884697 0.638720 0.140281 0.884697 0.000000 0.000000 0.000000 -1.000000 1 8.431961760e-06 1.945602708e-05
12 0.638720 0.140281 0.884697 0.638720 0.140281 0.884697 0.000000 0.000000 0.000000 -1.000000 1 8.472008631e-06 1.944811083e-05
13 0.665899 0.191248 0.928545 0.665899 0.191248 0.928545 0.000000 0.000000 0.000000 -1.000000 1 9.940937161e-06 2.327398397e-05
13 0.665899 0.191248 0.928545 0.665899 0.191248 0.928545 0.000000 0.000000 0.000000 -1.000000 1 8.392846212e-06 1.951912418e-05
13 0.665899 0.191248 0.928545 0.665899 0.191248 0.928545 0.000000 0.000000 0.000000 -1.000000 1 8.514150977e-06 1.966906711e-05
13 0.665899 0.191248 0.928545 0.665899 0.191248 0.928545 0.000000 0.000000 0.000000 -1.000000 1 8.506001905e-06 1.973286271e-05
13 0.665899 0.191248 0.928545 0.665899 0.191248 0.928545 0.000000 0.000000 0.000000 -1.000000 1 8.452916518e-06 1.953099854e-05
13 0.665899 0.191248 0.928545 0.665899 0.191248 0.928545 0.000000 0.000000 0.000000 -1.000000 1 8.563045412e-06 1.965300180e-05
13 0.665899 0.191248 0.928545 0.665899 0.191248 0.928545 0.000000 0.000000 0.000000 -1.000000 1 8.706934750e-06 1.988303848e-05
13 0.665899 0.191248 0.928545 0.665899 0.191248 0.928545 0.000000 0.000000 0.000000 -1.000000 1 8.600996807e-06 1.976615749e-05
13 0.665899 0.191248 0.928545 0.665899 0.191248 0.928545 0.000000 0.000000 0.000000 -1.000000 1 8.518109098e-06 1.960899681e-05
13 0.665899 0.191248 0.928545 0.665899 0.191248 0.928545 0.000000 0.000000 0.000000 -1.000000 1 8.550938219e-06 1.981179230e-05
13 0.665899 0.191248 0.928545 0.665899 0.191248 0.928545 0.000000 0.000000 0.000000 -1.000000 1 8.400995284e-06 1.956801862e-05
13 0.665899 0.191248 0.928545 0.665899 0.191248 0.928545 0.000000 0.000000 0.000000 -1.000000 1 8.353963494e-06 1.943018287e-05
13 0.665899 0.191248 0.928545 0.665899 0.191248 0.928545 0.000000 0.000000 0.000000 -1.000000 1 8.865958080e-06 2.010515891e-05
13 0.665899 0.191248 0.928545 0.665899 0.191248 0.928545 0.000000 0.000000 0.000000 -1.000000 1 8.439179510e-06 1.975684427e-05
13 0.665899 0.191248 0.928545 0.665899 0.191248 0.928545 0.000000 0.000000 0.000000 -1.000000 1 8.468050510e-06 1.995498314e-05
13 0.665899 0.191248 0.928545 0.665899 0.191248 0.928545 0.000000 0.000000 0.000000 -1.000000 1 8.545815945e-06 1.957896166e-05
13 0.665899 0.191248 0.928545 0.665899 0.191248 0.928545 0.000000 0.000000 0.000000 -1.000000 1 8.337898180e-06 1.951912418e-05
13 0.665899 0.191248 0.928545 0.665899 0.191248 0.928545 0.000000 0.000000 0.000000 -1.000000 1 1.818803139e-05 4.559895024e-05
13 0.665899 0.191248 0.928545 0.665899 0.191248 0.928545 0.000000 0.000000 0.000000 -1.000000 1 8.384929970e-06 1.984811388e-05
13 0.665899 0.191248 0.928545 0.665899 0.191248 0.928545 0.000000 0.000000 0.000000 -1.000000 1 8.560018614e-06 2.019992098e-05
14 0.666227 0.240205 0.985897 0.666227 0.240205 0.985897 0.000000 0.000000 0.000000 -1.000000 1 8.563045412e-06 2.002483234e-05
14 0.666227 0.240205 0.985897 0.666227 0.240205 0.985897 0.000000 0.000000 0.000000 -1.000000 1 8.428934962e-06 1.999107189e-05
14 0.666227 0.240205 0.985897 0.666227 0.240205 0.985897 0.000000 0.000000 0.000000 -1.000000 1 1.658801921e-05 3.862986341e-05
14 0.666227 0.240205 0.985897 0.666227 0.240205 0.985897 0.000000 0.000000 0.000000 -1.000000 1 8.424976841e-06 2.018501982e-05
14 0.666227 0.240205 0.985897 0.666227 0.240205 0.985897 0.000000 0.000000 0.000000 -1.000000 1 6.224960089e-06 1.491187140e-05
14 0.666227 0.240205 0.985897 0.666227 0.240205 0.985897 0.000000 0.000000 0.000000 -1.000000 1 7.359078154e-06 1.745321788e-05
14 0.666227 0.240205 0.985897 0.666227 0.240205 0.985897 0.000000 0.000000 0.000000 -1.000000 1 8.448958397e-06 2.010702156e-05
14 0.666227 0.240205 0.985897 0.666227 0.240205 0.985897 0.000000 0.000000 0.000000 -1.000000 1 8.652918041e-06 2.001412213e-05
14 0.666227 0.240205 0.985897 0.666227 0.240205 0.985897 0.000000 0.000000 0.000000 -1.000000 1 8.581904694e-06 2.008699812e-05
14 0.666227 0.240205 0.985897 0.666227 0.240205 0.985897 0.000000 0.000000 0.000000 -1.000000 1 8.698087186e-06 2.056616358e-05
14 0.666227 0.240205 0.985897 0.666227 0.240205 0.985897 0.000000 0.000000 0.000000 -1.000000 1 8.648028597e-06 2.029305324e-05
14 0.666227 0.240205 0.985897 0.666227 0.240205 0.985897 0.000000 0.000000 0.000000 -1.000000 1 8.369097486e-06 1.999805681e-05
14 0.666227 0.240205 0.985897 0.666227 0.240205 0.985897 0.000000 0.000000 0.000000 -1.000000 1 7.893890142e-06 1.875404269e-05
14 0.666227 0.240205 0.985897 0.666227 0.240205 0.985897 0.000000 0.000000 0.000000 -1.000000 1 1.235492527e-05 3.041699529e-05
14 0.666227 0.240205 0.985897 0.666227 0.240205 0.985897 0.000000 0.000000 0.000000 -1.000000 1 1.684203744e-05 3.998284228e-05
14 0.666227 0.240205 0.985897 0.666227 0.240205 0.985897 0.000000 0.000000 0.000000 -1.000000 1 1.227599569e-05 3.021117300e-05
14 0.666227 0.240205 0.985897 0.666227 0.240205 0.985897 0.000000 0.000000 0.000000 -1.000000 1 8.411007002e-06 1.997314394e-05
14 0.666227 0.240205 0.985897 0.666227 0.240205 0.985897 0.000000 0.000000 0.000000 -1.000000 1 8.501810953e-06 2.012401819e-05
14 0.666227 0.240205 0.985897 0.666227 0.240205 0.985897 0.000000 0.000000 0.000000 -1.000000 1 8.322997019e-06 1.997593790e-05
14 0.666227 0.240205 0.985897 0.666227 0.240205 0.985897 0.000000 0.000000 0.000000 -1.000000 1 8.474802598e-06 2.019410022e-05
15 0.637312 0.280367 0.922371 0.637312 0.280367 0.922371 0.000000 0.000000 0.000000 -1.000000 1 1.208088361e-05 2.986378968e-05
15 0.637312 0.280367 0.922371 0.637312 0.280367 0.922371 0.000000 0.000000 0.000000 -1.000000 1 1.171696931e-05 2.877903171e-05
15 0.637312 0.280367 0.922371 0.637312 0.280367 0.922371 0.000000 0.000000 0.000000 -1.000000 1 8.695060387e-06 2.020015381e-05
15 0.637312 0.280367 0.922371 0.637312 0.280367 0.922371 0.000000 0.000000 0.000000 -1.000000 1 8.762115613e-06 2.556201071e-05
15 0.637312 0.280367 0.922371 0.637312 0.280367 0.922371 0.000000 0.000000 0.000000 -1.000000 1 8.480157703e-06 1.975195482e-05
15 0.637312 0.280367 0.922371 0.637312 0.280367 0.922371 0.000000 0.000000 0.000000 -1.000000 1 8.475035429e-06 2.009491436e-05
15 0.637312 0.280367 0.922371 0.637312 0.280367 0.922371 0.000000 0.000000 0.000000 -1.000000 1 9.941868484e-06 2.295803279e-05
15 0.637312 0.280367 0.922371 0.637312 0.280367 0.922371 0.000000 0.000000 0.000000 -1.000000 1 8.240109310e-06 2.632499672e-05
15 0.637312 0.280367 0.922371 0.637312 0.280367 0.922371 0.000000 0.000000 0.000000 -1.000000 1 8.451985195e-06 1.977500506e-05
15 0.637312 0.280367 0.922371 0.637312 0.280367 0.922371 0.000000 0.000000 0.000000 -1.000000 1 2.203392796e-05 4.419893958e-05
15 0.637312 0.280367 0.922371 0.637312 0.280367 0.922371 0.000000 0.000000 0.000000 -1.000000 1 8.316943422e-06 1.993915066e-05
15 0.637312 0.280367 0.922371 0.637312 0.280367 0.922371 0.000000 0.000000 0.000000 -1.000000 1 1.798290759e-05 4.554307088e-05
15 0.637312 0.280367 0.922371 0.637312 0.280367 0.922371 0.000000 0.000000 0.000000 -1.000000 1 8.508097380e-06 1.992704347e-05
15 0.637312 0.280367 0.922371 0.637312 0.280367 0.922371 0.000000 0.000000 0.000000 -1.000000 1 8.561182767e-06 2.007489093e-05
15 0.637312 0.280367 0.922371 0.637312 0.280367 0.922371 0.000000 0.000000 0.000000 -1.000000 1 7.948139682e-06 1.895008609e-05
15 0.637312 0.280367 0.922371 0.637312 0.280367 0.922371 0.000000 0.000000 0.000000 -1.000000 1 8.598901331e-06 2.004299313e-05
15 0.637312 0.280367 0.922371 0.637312 0.280367 0.922371 0.000000 0.000000 0.000000 -1.000000 1 8.480157703e-06 1.986091956e-05
15 0.637312 0.280367 0.922371 0.637312 0.280367 0.922371 0.000000 0.000000 0.000000 -1.000000 1 8.424976841e-06 1.997197978e-05
15 0.637312 0.280367 0.922371 0.637312 0.280367 0.922371 0.000000 0.000000 0.000000 -1.000000 1 8.655944839e-06 2.010702156e-05
15 0.637312 0.280367 0.922371 0.637312 0.280367 0.922371 0.000000 0.000000 0.000000 -1.000000 1 1.568114385e-05 2.724304795e-05
16 0.610052 0.300000 0.887715 0.610052 0.343386 0.887715 0.000000 0.000000 0.000000 -1.000000 1 8.557923138e-06 2.006697468e-05
16 0.610052 0.300000 0.887715 0.610052 0.343386 0.887715 0.000000 0.000000 0.000000 -1.000000 1 8.531846106e-06 1.990399323e-05
16 0.610052 0.300000 0.887715 0.610052 0.343386 0.887715 0.000000 0.000000 0.000000 -1.000000 1 8.563976735e-06 2.020900138e-05
16 0.610052 0.300000 0.887715 0.610052 0.343386 0.887715 0.000000 0.000000 0.000000 -1.000000 1 8.597038686e-06 2.023694105e-05
16 0.610052 0.300000 0.887715 0.610052 0.343386 0.887715 0.000000 0.000000 0.000000 -1.000000 1 8.465955034e-06 2.006720752e-05
16 0.610052 0.300000 0.887715 0.610052 0.343386 0.887715 0.000000 0.000000 0.000000 -1.000000 1 8.546980098e-06 2.002413385e-05
16 0.610052 0.300000 0.887715 0.610052 0.343386 0.887715 0.000000 0.000000 0.000000 -1.000000 1 8.525094017e-06 2.002599649e-05
16 0.610052 0.300000 0.887715 0.610052 0.343386 0.887715 0.000000 0.000000 0.000000 -1.000000 1 8.590985090e-06 2.001016401e-05
16 0.610052 0.300000 0.887715 0.610052 0.343386 0.887715 0.000000 0.000000 0.000000 -1.000000 1 1.094094478e-05 3.226101398e-05
16 0.610052 0.300000 0.887715 0.610052 0.343386 0.887715 0.000000 0.000000 0.000000 -1.000000 1 8.536968380e-06 1.996313222e-05
16 0.610052 0.300000 0.887715 0.610052 0.343386 0.887715 0.000000 0.000000 0.000000 -1.000000 1 1.288182102e-05 3.123399802e-05
16 0.610052 0.300000 0.887715 0.610052 0.343386 0.887715 0.000000 0.000000 0.000000 -1.000000 1 1.165503636e-05 2.839113586e-05
16 0.610052 0.300000 0.887715 0.610052 0.343386 0.887715 0.000000 0.000000 0.000000 -1.000000 1 1.238705590e-05 3.028684296e-05
16 0.610052 0.300000 0.887715 0.610052 0.343386 0.887715 0.000000 0.000000 0.000000 -1.000000 1 1.211697236e-05 2.989592031e-05
16 0.610052 0.300000 0.887715 0.610052 0.343386 0.887715 0.000000 0.000000 0.000000 -1.000000 1 8.434988558e-06 1.981388777e-05
16 0.610052 0.300000 0.887715 0.610052 0.343386 0.887715 0.000000 0.000000 0.000000 -1.000000 1 1.299893484e-05 3.244797699e-05
16 0.610052 0.300000 0.887715 0.610052 0.343386 0.887715 0.000000 0.000000 0.000000 -1.000000 1 1.211697236e-05 2.989196219e-05
16 0.610052 0.300000 0.887715 0.610052 0.343386 0.887715 0.000000 0.000000 0.000000 -1.000000 1 3.835884854e-06 9.488780051e-06
16 0.610052 0.300000 0.887715 0.610052 0.343386 0.887715 0.000000 0.000000 0.000000 -1.000000 1 3.841007128e-06 9.463867173e-06
16 0.610052 0.300000 0.887715 0.610052 0.343386 0.887715 0.000000 0.000000 0.000000 -1.000000 1 5.768146366e-06 1.400196925e-05
17 0.654656 0.300000 0.877684 0.654656 0.411147 0.877684 0.000000 0.000000 0.000000 -1.000000 1 7.290160283e-06 1.762993634e-05
17 0.654656 0.300000 0.877684 0.654656 0.411147 0.877684 0.000000 0.000000 0.000000 -1.000000 1 7.933937013e-06 1.917197369e-05
17 0.654656 0.300000 0.877684 0.654656 0.411147 0.877684 0.000000 0.000000 0.000000 -1.000000 1 8.397037163e-06 1.926394179e-05
17 0.654656 0.300000 0.877684 0.654656 0.411147 0.877684 0.000000 0.000000 0.000000 -1.000000 1 8.285045624e-06 1.951796003e-05
17 0.654656 0.300000 0.877684 0.654656 0.411147 0.877684 0.000000 0.000000 0.000000 -1.000000 1 8.665956557e-06 1.996499486e-05
17 0.654656 0.300000 0.877684 0.654656 0.411147 0.877684 0.000000 0.000000 0.000000 -1.000000 1 9.771203622e-06 2.318294719e-05
17 0.654656 0.300000 0.877684 0.654656 0.411147 0.877684 0.000000 0.000000 0.000000 -1.000000 1 8.431961760e-06 1.983786933e-05
17 0.654656 0.300000 0.877684 0.654656 0.411147 0.877684 0.000000 0.000000 0.000000 -1.000000 1 1.275888644e-05 3.087706864e-05
17 0.654656 0.300000 0.877684 0.654656 0.411147 0.877684 0.000000 0.000000 0.000000 -1.000000 1 1.215608791e-05 2.982094884e-05
17 0.654656 0.300000 0.877684 0.654656 0.411147 0.877684 0.000000 0.000000 0.000000 -1.000000 1 1.265620813e-05 3.061303869e-05
17 0.654656 0.300000 0.877684 0.654656 0.411147 0.877684 0.000000 0.000000 0.000000 -1.000000 1 1.220405102e-05 2.999114804e-05
17 0.654656 0.300000 0.877684 0.654656 0.411147 0.877684 0.000000 0.000000 0.000000 -1.000000 1 1.244805753e-05 3.046100028e-05
17 0.654656 0.300000 0.877684 0.654656 0.411147 0.877684 0.000000 0.000000 0.000000 -1.000000 1 1.056189649e-05 3.031291999e-05
17 0.654656 0.300000 0.877684 0.654656 0.411147 0.877684 0.000000 0.000000 0.000000 -1.000000 1 8.409842849e-06 1.967302524e-05
17 0.654656 0.300000 0.877684 0.654656 0.411147 0.877684 0.000000 0.000000 0.000000 -1.000000 1 8.543021977e-06 1.988303848e-05
17 0.654656 0.300000 0.877684 0.654656 0.411147 0.877684 0.000000 0.000000 0.000000 -1.000000 1 8.353963494e-06 1.972494647e-05
17 0.654656 0.300000 0.877684 0.654656 0.411147 0.877684 0.000000 0.000000 0.000000 -1.000000 1 8.370960131e-06 1.980597153e-05
17 0.654656 0.300000 0.877684 0.654656 0.411147 0.877684 0.000000 0.000000 0.000000 -1.000000 1 1.054699533e-05 4.800804891e-05
17 0.654656 0.300000 0.877684 0.654656 0.411147 0.877684 0.000000 0.000000 0.000000 -1.000000 1 8.371891454e-06 1.985090785e-05
17 0.654656 0.300000 0.877684 0.654656 0.411147 0.877684 0.000000 0.000000 0.000000 -1.000000 1 8.601928130e-06 2.019596286e-05
18 0.667302 0.300000 0.855023 0.667302 0.460178 0.855023 0.000000 0.000000 0.000000 -1.000000 1 8.207047358e-06 1.962878741e-05
18 0.667302 0.300000 0.855023 0.667302 0.460178 0.855023 0.000000 0.000000 0.000000 -1.000000 1 1.148297451e-05 2.809404396e-05
18 0.667302 0.300000 0.855023 0.667302 0.460178 0.855023 0.000000 0.000000 0.000000 -1.000000 1 1.704785973e-05 4.113791510e-05
18 0.667302 0.300000 0.855023 0.667302 0.460178 0.855023 0.000000 0.000000 0.000000 -1.000000 1 7.968861610e-06 1.856614836e-05
18 0.667302 0.300000 0.855023 0.667302 0.460178 0.855023 0.000000 0.000000 0.000000 -1.000000 1 8.742092177e-06 2.009002492e-05
18 0.667302 0.300000 0.855023 0.667302 0.460178 0.855023 0.000000 0.000000 0.000000 -1.000000 1 8.413102478e-06 1.983786933e-05
18 0.667302 0.300000 0.855023 0.667302 0.460178 0.855023 0.000000 0.000000 0.000000 -1.000000 1 8.622882888e-06 2.009887248e-05
18 0.667302 0.300000 0.855023 0.667302 0.460178 0.855023 0.000000 0.000000 0.000000 -1.000000 1 8.017988876e-06 1.866999082e-05
18 0.667302 0.300000 0.855023 0.667302 0.460178 0.855023 0.000000 0.000000 0.000000 -1.000000 1 8.416129276e-06 1.999293454e-05
18 0.667302 0.300000 0.855023 0.667302 0.460178 0.855023 0.000000 0.000000 0.000000 -1.000000 1 9.949086234e-06 2.304580994e-05
18 0.667302 0.300000 0.855023 0.667302 0.460178 0.855023 0.000000 0.000000 0.000000 -1.000000 1 7.831957191e-06 1.856498420e-05
18 0.667302 0.300000 0.855023 0.667302 0.460178 0.855023 0.000000 0.000000 0.000000 -1.000000 1 8.573057130e-06 2.026185393e-05
18 0.667302 0.300000 0.855023 0.667302 0.460178 0.855023 0.000000 0.000000 0.000000 -1.000000 1 8.445000276e-06 1.995381899e-05
18 0.667302 0.300000 0.855023 0.667302 0.460178 0.855023 0.000000 0.000000 0.000000 -1.000000 1 8.410075679e-06 1.983111724e-05
18 0.667302 0.300000 0.855023 0.667302 0.460178 0.855023 0.000000 0.000000 0.000000 -1.000000 1 8.556991816e-06 2.016988583e-05
18 0.667302 0.300001 0.855023 0.667302 0.460178 0.855023 0.000000 0.000000 0.000000 -1.000000 1 8.427072316e-06 1.980899833e-05
18 0.667302 0.300001 0.855023 0.667302 0.460178 0.855023 0.000000 0.000000 0.000000 -1.000000 1 8.462928236e-06 1.994101331e-05
18 0.665209 0.299995 0.855023 0.667302 0.460178 0.855023 0.000000 0.000000 0.000000 -1.000000 1 8.409842849e-06 1.975591294e-05
18 0.661451 0.299995 0.855023 0.667302 0.460178 0.855023 0.000000 0.000000 0.000000 -1.000000 1 8.462928236e-06 1.981994137e-05
18 0.658488 0.299996 0.855023 0.667302 0.460178 0.855023 0.000000 0.000000 0.000000 -1.000000 1 1.228996553e-05 2.890196629e-05
19 0.655943 0.300000 0.630477 0.759379 0.421328 0.630477 0.000000 0.000000 0.000000 -1.000000 1 8.643139154e-06 1.994404010e-05
19 0.653691 0.300000 0.630477 0.759379 0.421328 0.630477 0.000000 0.000000 0.000000 -1.000000 1 1.958804205e-05 3.118906170e-05
19 0.651424 0.300000 0.630477 0.759379 0.421328 0.630477 0.000000 0.000000 0.000000 -1.000000 1 8.393079042e-06 1.994101331e-05
19 0.649006 0.300000 0.630477 0.759379 0.421328 0.630477 0.000000 0.000000 0.000000 -1.000000 1 8.397968486e-06 1.982902177e-05
19 0.646391 0.300000 0.630477 0.759379 0.421328 0.630477 0.000000 0.000000 0.000000 -1.000000 1 8.336035535e-06 1.987908036e-05
19 0.643563 0.300000 0.630477 0.759379 0.421328 0.630477 0.000000 0.000000 0.000000 -1.000000 1 8.321134374e-06 1.976802014e-05
19 0.640559 0.300000 0.630477 0.759379 0.421328 0.630477 0.000000 0.000000 0.000000 -1.000000 1 8.645001799e-06 2.080295235e-05
19 0.637448 0.300000 0.630477 0.759379 0.421328 0.630477 0.000000 0.000000 0.000000 -1.000000 1 8.397037163e-06 2.006790601e-05
19 0.634328 0.300000 0.630477 0.759379 0.421328 0.630477 0.000000 0.000000 0.000000 -1.000000 1 8.338829502e-06 1.966115087e-05
19 0.631290 0.300000 0.630477 0.759379 0.421328 0.630477 0.000000 0.000000 0.000000 -1.000000 1 8.573988453e-06 2.013309859e-05
19 0.628452 0.300000 0.630477 0.759379 0.421328 0.630477 0.000000 0.000000 0.000000 -1.000000 1 8.407048881e-06 1.979316585e-05
19 0.626022 0.300000 0.630477 0.759379 0.421328 0.630477 0.000000 0.000000 0.000000 -1.000000 1 1.361616887e-05 3.292295150e-05
19 0.623771 0.300000 0.630477 0.759379 0.421328 0.630477 0.000000 0.000000 0.000000 -1.000000 1 1.206388697e-05 3.622286022e-05
19 0.621396 0.300000 0.630477 0.759379 0.421328 0.630477 0.000000 0.000000 0.000000 -1.000000 1 5.159992725e-06 1.220894046e-05
19 0.618769 0.300000 0.630477 0.759379 0.421328 0.630477 0.000000 0.000000 0.000000 -1.000000 1 3.875931725e-06 9.319977835e-06
19 0.615866 0.300000 0.630477 0.759379 0.421328 0.630477 0.000000 0.000000 0.000000 -1.000000 1 2.061016858e-06 4.867091775e-06
19 0.612731 0.300000 0.630477 0.759379 0.421328 0.630477 0.000000 0.000000 0.000000 -1.000000 1 1.159193926e-05 2.706004307e-05
19 0.609427 0.300000 0.630477 0.759379 0.421328 0.630477 0.000000 0.000000 0.000000 -1.000000 1 8.383998647e-06 1.983297989e-05
19 0.606050 0.300000 0.630477 0.759379 0.421328 0.630477 0.000000 0.000000 0.000000 -1.000000 1 8.689006791e-06 2.053799108e-05
19 0.602785 0.300000 0.630477 0.759379 0.421328 0.630477 0.000000 0.000000 0.000000 -1.000000 1 8.787028491e-06 2.032099292e-05
20 0.601620 0.297291 0.575696 0.761699 0.405204 0.575696 0.000000 0.000000 0.000000 -1.000000 1 7.828930393e-06 1.868186519e-05
20 0.599641 0.296259 0.575696 0.761699 0.405204 0.575696 0.000000 0.000000 0.000000 -1.000000 1 7.749069482e-06 1.854985021e-05
20 0.597642 0.295315 0.575696 0.761699 0.405204 0.575696 0.000000 0.000000 0.000000 -1.000000 1 8.344883099e-06 2.002203837e-05
20 0.595357 0.294537 0.575696 0.761699 0.405204 0.575696 0.000000 0.000000 0.000000 -1.000000 1 8.709030226e-06 2.043507993e-05
20 0.592726 0.293941 0.575696 0.761699 0.405204 0.575696 0.000000 0.000000 0.000000 -1.000000 1 8.260132745e-06 2.060108818e-05
20 0.589790 0.293527 0.575696 0.761699 0.405204 0.575696 0.000000 0.000000 0.000000 -1.000000 1 8.381204680e-06 2.080691047e-05
20 0.586646 0.293291 0.575696 0.761699 0.405204 0.575696 0.000000 0.000000 0.000000 -1.000000 1 7.713912055e-06 1.954799518e-05
20 0.583395 0.293241 0.575696 0.761699 0.405204 0.575696 0.000000 0.000000 0.000000 -1.000000 1 8.363043889e-06 2.106395550e-05
20 0.580224 0.293327 0.575696 0.761699 0.405204 0.575696 0.000000 0.000000 0.000000 -1.000000 1 9.939074516e-06 2.459296957e-05
20 0.577281 0.293479 0.575696 0.761699 0.405204 0.575696 0.000000 0.000000 0.000000 -1.000000 1 8.372822776e-06 2.086791210e-05
20 0.574593 0.293655 0.575696 0.761699 0.405204 0.575696 0.000000 0.000000 0.000000 -1.000000 1 8.353032172e-06 2.082996070e-05
20 0.572180 0.293779 0.575696 0.761699 0.405204 0.575696 0.000000 0.000000 0.000000 -1.000000 1 7.834983990e-06 1.936894841e-05
20 0.569931 0.293882 0.575696 0.761699 0.405204 0.575696 0.000000 0.000000 0.000000 -1.000000 1 8.253846318e-06 2.078316174e-05
20 0.567639 0.294109 0.575696 0.761699 0.405204 0.575696 0.000000 0.000000 0.000000 -1.000000 1 1.121102832e-05 2.699811012e-05
20 0.565182 0.294562 0.575696 0.761699 0.405204 0.575696 0.000000 0.000000 0.000000 -1.000000 1 8.322997019e-06 2.067582682e-05
20 0.562541 0.295265 0.575696 0.761699 0.405204 0.575696 0.000000 0.000000 0.000000 -1.000000 1 8.387956768e-06 2.079387195e-05
20 0.559751 0.296209 0.575696 0.761699 0.405204 0.575696 0.000000 0.000000 0.000000 -1.000000 1 8.299015462e-06 2.075522207e-05
20 0.556902 0.297349 0.575696 0.761699 0.405204 0.575696 0.000000 0.000000 0.000000 -1.000000 1 8.261995390e-06 2.059713006e-05
20 0.554124 0.298566 0.575696 0.761699 0.405204 0.575696 0.000000 0.000000 0.000000 -1.000000 1 8.356990293e-06 2.081296407e-05
20 0.551547 0.299692 0.575696 0.761699 0.405204 0.575696 0.000000 0.000000 0.000000 -1.000000 1 8.332077414e-06 2.077198587e-05
21 0.578665 0.240817 0.383136 0.778236 0.339149 0.383136 0.000000 0.000000 0.000000 -1.000000 1 8.695991710e-06 2.123508602e-05
21 0.576273 0.241084 0.383136 0.778236 0.339149 0.383136 0.000000 0.000000 0.000000 -1.000000 1 8.386094123e-06 2.085207961e-05
21 0.573948 0.241216 0.383136 0.778236 0.339149 0.383136 0.000000 0.000000 0.000000 -1.000000 1 8.421018720e-06 2.085999586e-05
21 0.571570 0.241263 0.383136 0.778236 0.339149 0.383136 0.000000 0.000000 0.000000 -1.000000 1 8.514849469e-06 2.104812302e-05
21 0.569084 0.241263 0.383136 0.778236 0.339149 0.383136 0.000000 0.000000 0.000000 -1.000000 1 8.446164429e-06 2.080015838e-05
21 0.566479 0.241224 0.383136 0.778236 0.339149 0.383136 0.000000 0.000000 0.000000 -1.000000 1 8.504837751e-06 2.105999738e-05
21 0.563776 0.241138 0.383136 0.778236 0.339149 0.383136 0.000000 0.000000 0.000000 -1.000000 1 8.379109204e-06 2.093007788e-05
21 0.561006 0.240985 0.383136 0.778236 0.339149 0.383136 0.000000 0.000000 0.000000 -1.000000 1 8.435919881e-06 2.104206942e-05
21 0.558212 0.240738 0.383136 0.778236 0.339149 0.383136 0.000000 0.000000 0.000000 -1.000000 1 8.415197954e-06 2.113007940e-05
21 0.555450 0.240355 0.383136 0.778236 0.339149 0.383136 0.000000 0.000000 0.000000 -1.000000 1 8.510891348e-06 2.103089355e-05
21 0.552912 0.239799 0.383136 0.778236 0.339149 0.383136 0.000000 0.000000 0.000000 -1.000000 1 9.721843526e-06 2.371915616e-05
21 0.550689 0.239131 0.383136 0.778236 0.339149 0.383136 0.000000 0.000000 0.000000 -1.000000 1 7.801922038e-06 1.967884600e-05
21 0.548584 0.238501 0.383136 0.778236 0.339149 0.383136 0.000000 0.000000 0.000000 -1.000000 1 8.464092389e-06 2.118502744e-05
21 0.546412 0.237946 0.383136 0.778236 0.339149 0.383136 0.000000 0.000000 0.000000 -1.000000 1 8.485978469e-06 2.101808786e-05
21 0.544109 0.237454 0.383136 0.778236 0.339149 0.383136 0.000000 0.000000 0.000000 -1.000000 1 8.431961760e-06 2.094800584e-05
21 0.541660 0.237026 0.383136 0.778236 0.339149 0.383136 0.000000 0.000000 0.000000 -1.000000 1 8.231960237e-06 2.086395398e-05
21 0.539088 0.236581 0.383136 0.778236 0.339149 0.383136 0.000000 0.000000 0.000000 -1.000000 1 8.278992027e-06 2.082996070e-05
21 0.536417 0.236013 0.383136 0.778236 0.339149 0.383136 0.000000 0.000000 0.000000 -1.000000 1 8.519971743e-06 2.087000757e-05
21 0.533904 0.235267 0.383136 0.778236 0.339149 0.383136 0.000000 0.000000 0.000000 -1.000000 1 8.415197954e-06 2.104998566e-05
21 0.531731 0.234440 0.383136 0.778236 0.339149 0.383136 0.000000 0.000000 0.000000 -1.000000 1 8.807051927e-06 2.186489291e-05
22 0.535349 0.220318 0.344705 0.749135 0.311053 0.344705 0.000000 0.000000 0.000000 -1.000000 1 8.404022083e-06 2.083601430e-05
22 0.533393 0.219527 0.344705 0.749135 0.311053 0.344705 0.000000 0.000000 0.000000 -1.000000 1 8.322997019e-06 2.088514157e-05
22 0.531424 0.218852 0.344705 0.749135 0.311053 0.344705 0.000000 0.000000 0.000000 -1.000000 1 1.429906115e-05 3.625499085e-05
22 0.529344 0.218399 0.344705 0.749135 0.311053 0.344705 0.000000 0.000000 0.000000 -1.000000 1 1.199706458e-05 3.111804835e-05
22 0.527196 0.218055 0.344705 0.749135 0.311053 0.344705 0.000000 0.000000 0.000000 -1.000000 1 1.253699884e-05 3.182003275e-05
22 0.524979 0.217938 0.344705 0.749135 0.311053 0.344705 0.000000 0.000000 0.000000 -1.000000 1 8.584931493e-06 2.132891677e-05
22 0.522609 0.218293 0.344705 0.749135 0.311053 0.344705 0.000000 0.000000 0.000000 -1.000000 1 8.387956768e-06 2.082297578e-05
22 0.520155 0.219034 0.344705 0.749135 0.311053 0.344705 0.000000 0.000000 0.000000 -1.000000 1 1.353304833e-05 3.419094719e-05
22 0.517768 0.219953 0.344705 0.749135 0.311053 0.344705 0.000000 0.000000 0.000000 -1.000000 1 8.377013728e-06 2.079200931e-05
22 0.515583 0.220839 0.344705 0.749135 0.311053 0.344705 0.000000 0.000000 0.000000 -1.000000 1 9.224051610e-06 2.363510430e-05
22 0.513652 0.221564 0.344705 0.749135 0.311053 0.344705 0.000000 0.000000 0.000000 -1.000000 1 1.138588414e-05 2.913200296e-05
22 0.511938 0.222088 0.344705 0.749135 0.311053 0.344705 0.000000 0.000000 0.000000 -1.000000 1 8.523929864e-06 2.190680243e-05
22 0.510337 0.222483 0.344705 0.749135 0.311053 0.344705 0.000000 0.000000 0.000000 -1.000000 1 3.538094461e-06 8.808216080e-06
22 0.508725 0.222887 0.344705 0.749135 0.311053 0.344705 0.000000 0.000000 0.000000 -1.000000 1 8.577015251e-06 2.107513137e-05
22 0.507034 0.223434 0.344705 0.749135 0.311053 0.344705 0.000000 0.000000 0.000000 -1.000000 1 8.702045307e-06 2.929405309e-05
22 0.505229 0.224218 0.344705 0.749135 0.311053 0.344705 0.000000 0.000000 0.000000 -1.000000 1 8.416129276e-06 2.109282650e-05
22 0.503311 0.225197 0.344705 0.749135 0.311053 0.344705 0.000000 0.000000 0.000000 -1.000000 1 1.214514486e-05 3.758817911e-05
22 0.501325 0.226342 0.344705 0.749135 0.311053 0.344705 0.000000 0.000000 0.000000 -1.000000 1 1.134700142e-05 2.912082709e-05
22 0.499346 0.227527 0.344705 0.749135 0.311053 0.344705 0.000000 0.000000 0.000000 -1.000000 1 8.343020454e-06 2.071401104e-05
22 0.497505 0.228306 0.344705 0.749135 0.311053 0.344705 0.000000 0.000000 0.000000 -1.000000 1 1.024687663e-05 2.602511086e-05
23 0.517651 0.161431 0.278719 0.781906 0.247368 0.278719 0.000000 0.000000 0.000000 -1.000000 1 8.448027074e-06 2.079899423e-05
23 0.515872 0.161444 0.278719 0.781906 0.247368 0.278719 0.000000 0.000000 0.000000 -1.000000 1 8.550938219e-06 2.098013647e-05
23 0.514068 0.161330 0.278719 0.781906 0.247368 0.278719 0.000000 0.000000 0.000000 -1.000000 1 8.467119187e-06 2.093403600e-05
23 0.512149 0.161155 0.278719 0.781906 0.247368 0.278719 0.000000 0.000000 0.000000 -1.000000 1 1.223594882e-05 3.149500117e-05
23 0.510076 0.160956 0.278719 0.781906 0.247368 0.278719 0.000000 0.000000 0.000000 -1.000000 1 1.447601244e-05 3.494601697e-05
23 0.507843 0.160742 0.278719 0.781906 0.247368 0.278719 0.000000 0.000000 0.000000 -1.000000 1 8.404022083e-06 2.074008808e-05
23 0.505463 0.160502 0.278719 0.781906 0.247368 0.278719 0.000000 0.000000 0.000000 -1.000000 1 8.417060599e-06 2.109399065e-05
23 0.502964 0.160215 0.278719 0.781906 0.247368 0.278719 0.000000 0.000000 0.000000 -1.000000 1 8.416129276e-06 2.099387348e-05
23 0.500433 0.159876 0.278719 0.781906 0.247368 0.278719 0.000000 0.000000 0.000000 -1.000000 1 8.360017091e-06 2.089189366e-05
23 0.498063 0.159442 0.278719 0.781906 0.247368 0.278719 0.000000 0.000000 0.000000 -1.000000 1 8.495990187e-06 2.091098577e-05
23 0.495942 0.158926 0.278719 0.781906 0.247368 0.278719 0.000000 0.000000 0.000000 -1.000000 1 8.352799341e-06 2.070795745e-05
23 0.494025 0.158430 0.278719 0.781906 0.247368 0.278719 0.000000 0.000000 0.000000 -1.000000 1 8.553965017e-06 2.104998566e-05
23 0.492160 0.158090 0.278719 0.781906 0.247368 0.278719 0.000000 0.000000 0.000000 -1.000000 1 8.385162801e-06 2.075103112e-05
23 0.490227 0.157885 0.278719 0.781906 0.247368 0.278719 0.000000 0.000000 0.000000 -1.000000 1 8.510891348e-06 2.101808786e-05
23 0.488184 0.157729 0.278719 0.781906 0.247368 0.278719 0.000000 0.000000 0.000000 -1.000000 1 8.462928236e-06 2.114404924e-05
23 0.486018 0.157606 0.278719 0.781906 0.247368 0.278719 0.000000 0.000000 0.000000 -1.000000 1 8.416129276e-06 2.093403600e-05
23 0.483733 0.157463 0.278719 0.781906 0.247368 0.278719 0.000000 0.000000 0.000000 -1.000000 1 8.617993444e-06 2.123904414e-05
23 0.481334 0.157204 0.278719 0.781906 0.247368 0.278719 0.000000 0.000000 0.000000 -1.000000 1 8.485978469e-06 2.094800584e-05
23 0.478868 0.156740 0.278719 0.781906 0.247368 0.278719 0.000000 0.000000 0.000000 -1.000000 1 8.754897863e-06 2.169795334e-05
23 0.476471 0.156040 0.278719 0.781906 0.247368 0.278719 0.000000 0.000000 0.000000 -1.000000 1 8.935807273e-06 2.182205208e-05
24 0.481912 0.129738 0.343253 0.773941 0.217253 0.343253 0.000000 0.000000 0.000000 -1.000000 1 8.462928236e-06 2.296897583e-05
24 0.479955 0.128891 0.343253 0.773941 0.217253 0.343253 0.000000 0.000000 0.000000 -1.000000 1 9.747920558e-06 3.053504042e-05
24 0.478041 0.128222 0.343253 0.773941 0.217253 0.343253 0.000000 0.000000 0.000000 -1.000000 1 8.604954928e-06 2.109701745e-05
24 0.476014 0.127896 0.343253 0.773941 0.217253 0.343253 0.000000 0.000000 0.000000 -1.000000 1 8.502043784e-06 2.110097557e-05
24 0.473775 0.128145 0.343253 0.773941 0.217253 0.343253 0.000000 0.000000 0.000000 -1.000000 1 8.394941688e-06 2.099387348e-05
24 0.471318 0.128916 0.343253 0.773941 0.217253 0.343253 0.000000 0.000000 0.000000 -1.000000 1 8.497852832e-06 2.112402581e-05
24 0.468706 0.130064 0.343253 0.773941 0.217253 0.343253 0.000000 0.000000 0.000000 -1.000000 1 8.452916518e-06 2.093496732e-05
24 0.466044 0.131440 0.343253 0.773941 0.217253 0.343253 0.000000 0.000000 0.000000 -1.000000 1 1.236191019e-05 3.157090396e-05
24 0.463461 0.132855 0.343253 0.773941 0.217253 0.343253 0.000000 0.000000 0.000000 -1.000000 1 1.635402441e-05 4.030391574e-05
24 0.461071 0.134130 0.343253 0.773941 0.217253 0.343253 0.000000 0.000000 0.000000 -1.000000 1 8.519971743e-06 2.101995051e-05
24 0.458926 0.135156 0.343253 0.773941 0.217253 0.343253 0.000000 0.000000 0.000000 -1.000000 1 8.526956663e-06 2.097105607e-05
24 0.457002 0.135902 0.343253 0.773941 0.217253 0.343253 0.000000 0.000000 0.000000 -1.000000 1 8.687144145e-06 2.108211629e-05
24 0.455217 0.136404 0.343253 0.773941 0.217253 0.343253 0.000000 0.000000 0.000000 -1.000000 1 1.042522490e-05 2.274615690e-05
24 0.453449 0.136803 0.343253 0.773941 0.217253 0.343253 0.000000 0.000000 0.000000 -1.000000 1 1.442711800e-05 3.580399789e-05
24 0.451614 0.137241 0.343253 0.773941 0.217253 0.343253 0.000000 0.000000 0.000000 -1.000000 1 1.200009137e-05 3.125891089e-05
24 0.449664 0.137814 0.343253 0.773941 0.217253 0.343253 0.000000 0.000000 0.000000 -1.000000 1 1.239893027e-05 3.166520037e-05
24 0.447591 0.138558 0.343253 0.773941 0.217253 0.343253 0.000000 0.000000 0.000000 -1.000000 1 1.010182314e-05 2.372288145e-05
24 0.445420 0.139472 0.343253 0.773941 0.217253 0.343253 0.000000 0.000000 0.000000 -1.000000 1 1.214491203e-05 3.128102981e-05
24 0.443212 0.140470 0.343253 0.773941 0.217253 0.343253 0.000000 0.000000 0.000000 -1.000000 1 1.853099093e-05 4.798686132e-05
24 0.441060 0.141367 0.343253 0.773941 0.217253 0.343253 0.000000 0.000000 0.000000 -1.000000 1 9.261071682e-06 2.252985723e-05
25 0.450812 0.089647 0.312958 0.788250 0.165483 0.312958 0.000000 0.000000 0.000000 -1.000000 1 1.227413304e-05 3.169896081e-05
25 0.448816 0.089902 0.312958 0.788250 0.165483 0.312958 0.000000 0.000000 0.000000 -1.000000 1 1.217518002e-05 3.116694279e-05
25 0.446813 0.089971 0.312958 0.788250 0.165483 0.312958 0.000000 0.000000 0.000000 -1.000000 1 8.432893082e-06 2.098688856e-05
25 0.444702 0.089989 0.312958 0.788250 0.165483 0.312958 0.000000 0.000000 0.000000 -1.000000 1 8.359085768e-06 2.097501419e-05
25 0.442440 0.090039 0.312958 0.788250 0.165483 0.312958 0.000000 0.000000 0.000000 -1.000000 1 8.374918252e-06 2.100295387e-05
25 0.440018 0.090164 0.312958 0.788250 0.165483 0.312958 0.000000 0.000000 0.000000 -1.000000 1 4.217028618e-06 9.916024283e-06
25 0.437469 0.090416 0.312958 0.788250 0.165483 0.312958 0.000000 0.000000 0.000000 -1.000000 1 4.238914698e-06 1.060403883e-05
25 0.434887 0.090694 0.312958 0.788250 0.165483 0.312958 0.000000 0.000000 0.000000 -1.000000 1 7.895054296e-06 1.953984611e-05
25 0.432365 0.090937 0.312958 0.788250 0.165483 0.312958 0.000000 0.000000 0.000000 -1.000000 1 2.062879503e-06 5.132984370e-06
25 0.429991 0.091120 0.312958 0.788250 0.165483 0.312958 0.000000 0.000000 0.000000 -1.000000 1 8.362811059e-06 2.098386176e-05
25 0.427819 0.091259 0.312958 0.788250 0.165483 0.312958 0.000000 0.000000 0.000000 -1.000000 1 8.688075468e-06 2.115289681e-05
25 0.425821 0.091428 0.312958 0.788250 0.165483 0.312958 0.000000 0.000000 0.000000 -1.000000 1 8.421018720e-06 2.087187022e-05
25 0.423883 0.091752 0.312958 0.788250 0.165483 0.312958 0.000000 0.000000 0.000000 -1.000000 1 8.387025446e-06 2.072285861e-05
25 0.421906 0.092207 0.312958 0.788250 0.165483 0.312958 0.000000 0.000000 0.000000 -1.000000 1 8.354894817e-06 2.092006616e-05
25 0.419846 0.092721 0.312958 0.788250 0.165483 0.312958 0.000000 0.000000 0.000000 -1.000000 1 8.368166164e-06 2.069119364e-05
25 0.417689 0.093312 0.312958 0.788250 0.165483 0.312958 0.000000 0.000000 0.000000 -1.000000 1 9.765150025e-06 2.998695709e-05
25 0.415422 0.093923 0.312958 0.788250 0.165483 0.312958 0.000000 0.000000 0.000000 -1.000000 1 8.384929970e-06 2.075987868e-05
25 0.413043 0.094469 0.312958 0.788250 0.165483 0.312958 0.000000 0.000000 0.000000 -1.000000 1 8.037080988e-06 1.982296817e-05
25 0.410603 0.094854 0.312958 0.788250 0.165483 0.312958 0.000000 0.000000 0.000000 -1.000000 1 8.289935067e-06 2.069491893e-05
25 0.408191 0.095030 0.312958 0.788250 0.165483 0.312958 0.000000 0.000000 0.000000 -1.000000 1 8.743954822e-06 2.127792686e-05
26 0.410536 0.069901 0.340306 0.782009 0.138400 0.340306 0.000000 0.000000 0.000000 -1.000000 1 8.437084034e-06 2.098386176e-05
26 0.408446 0.069669 0.340306 0.782009 0.138400 0.340306 0.000000 0.000000 0.000000 -1.000000 1 1.235492527e-05 3.163795918e-05
26 0.406429 0.069557 0.340306 0.782009 0.138400 0.340306 0.000000 0.000000 0.000000 -1.000000 1 1.357099973e-05 3.385497257e-05
26 0.404357 0.069900 0.340306 0.782009 0.138400 0.340306 0.000000 0.000000 0.000000 -1.000000 1 1.117913052e-05 2.885912545e-05
26 0.402148 0.070760 0.340306 0.782009 0.138400 0.340306 0.000000 0.000000 0.000000 -1.000000 1 1.664389856e-05 4.087598063e-05
26 0.399780 0.072065 0.340306 0.782009 0.138400 0.340306 0.000000 0.000000 0.000000 -1.000000 1 8.576083928e-06 2.114404924e-05
26 0.397292 0.073707 0.340306 0.782009 0.138400 0.340306 0.000000 0.000000 0.000000 -1.000000 1 8.468981832e-06 2.094800584e-05
26 0.394763 0.075528 0.340306 0.782009 0.138400 0.340306 0.000000 0.000000 0.000000 -1.000000 1 9.441049770e-06 3.141118214e-05
26 0.392295 0.077326 0.340306 0.782009 0.138400 0.340306 0.000000 0.000000 0.000000 -1.000000 1 8.528120816e-06 2.098479308e-05
26 0.389983 0.078904 0.340306 0.782009 0.138400 0.340306 0.000000 0.000000 0.000000 -1.000000 1 8.518807590e-06 2.107000910e-05
26 0.387875 0.080153 0.340306 0.782009 0.138400 0.340306 0.000000 0.000000 0.000000 -1.000000 1 8.436152712e-06 2.078083344e-05
26 0.385952 0.081061 0.340306 0.782009 0.138400 0.340306 0.000000 0.000000 0.000000 -1.000000 1 5.281995982e-06 1.316913404e-05
26 0.384147 0.081677 0.340306 0.782009 0.138400 0.340306 0.000000 0.000000 0.000000 -1.000000 1 1.286994666e-05 3.178394400e-05
26 0.382365 0.082159 0.340306 0.782009 0.138400 0.340306 0.000000 0.000000 0.000000 -1.000000 1 8.522998542e-06 2.087815665e-05
26 0.380527 0.082692 0.340306 0.782009 0.138400 0.340306 0.000000 0.000000 0.000000 -1.000000 1 8.448027074e-06 2.092984505e-05
26 0.378585 0.083381 0.340306 0.782009 0.138400 0.340306 0.000000 0.000000 0.000000 -1.000000 1 8.517876267e-06 2.093682997e-05
26 0.376530 0.084277 0.340306 0.782009 0.138400 0.340306 0.000000 0.000000 0.000000 -1.000000 1 8.482020348e-06 2.114404924e-05
26 0.374386 0.085370 0.340306 0.782009 0.138400 0.340306 0.000000 0.000000 0.000000 -1.000000 1 8.367002010e-06 2.071005292e-05
26 0.372201 0.086551 0.340306 0.782009 0.138400 0.340306 0.000000 0.000000 0.000000 -1.000000 1 8.404953405e-06 2.060504630e-05
26 0.370050 0.087650 0.340306 0.782009 0.138400 0.340306 0.000000 0.000000 0.000000 -1.000000 1 1.743994653e-05 2.989382483e-05
27 0.371599 0.058713 0.311087 0.787961 0.108870 0.311087 0.000000 0.000000 0.000000 -1.000000 1 9.021954611e-06 2.227094956e-05
27 0.369594 0.059283 0.311087 0.787961 0.108870 0.311087 0.000000 0.000000 0.000000 -1.000000 1 9.194947779e-06 2.243695781e-05
27 0.367562 0.059689 0.311087 0.787961 0.108870 0.311087 0.000000 0.000000 0.000000 -1.000000 1 8.497852832e-06 2.075009979e-05
27 0.365436 0.060073 0.311087 0.787961 0.108870 0.311087 0.000000 0.000000 0.000000 -1.000000 1 8.563976735e-06 2.088886686e-05
27 0.363218 0.060592 0.311087 0.787961 0.108870 0.311087 0.000000 0.000000 0.000000 -1.000000 1 8.566072211e-06 2.117198892e-05
27 0.360946 0.061255 0.311087 0.787961 0.108870 0.311087 0.000000 0.000000 0.000000 -1.000000 1 8.434057236e-06 2.115406096e-05
27 0.358629 0.062044 0.311087 0.787961 0.108870 0.311087 0.000000 0.000000 0.000000 -1.000000 1 8.509960026e-06 2.070493065e-05
27 0.356300 0.062926 0.311087 0.787961 0.108870 0.311087 0.000000 0.000000 0.000000 -1.000000 1 8.447095752e-06 2.030283213e-05
27 0.354025 0.063843 0.311087 0.787961 0.108870 0.311087 0.000000 0.000000 0.000000 -1.000000 1 1.252396032e-05 3.082398325e-05
27 0.351879 0.064722 0.311087 0.787961 0.108870 0.311087 0.000000 0.000000 0.000000 -1.000000 1 1.461501233e-05 3.399001434e-05
27 0.349911 0.065519 0.311087 0.787961 0.108870 0.311087 0.000000 0.000000 0.000000 -1.000000 1 8.379109204e-06 2.034590580e-05
27 0.348106 0.066286 0.311087 0.787961 0.108870 0.311087 0.000000 0.000000 0.000000 -1.000000 1 8.451053873e-06 2.038688399e-05
27 0.346388 0.067177 0.311087 0.787961 0.108870 0.311087 0.000000 0.000000 0.000000 -1.000000 1 8.328119293e-06 2.024392597e-05
27 0.344665 0.068234 0.311087 0.787961 0.108870 0.311087 0.000000 0.000000 0.000000 -1.000000 1 8.485047147e-06 2.032192424e-05
27 0.342886 0.069419 0.311087 0.787961 0.108870 0.311087 0.000000 0.000000 0.000000 -1.000000 1 8.278060704e-06 2.047605813e-05
27 0.341039 0.070737 0.311087 0.787961 0.108870 0.311087 0.000000 0.000000 0.000000 -1.000000 1 8.358154446e-06 2.006418072e-05
27 0.339115 0.072139 0.311087 0.787961 0.108870 0.311087 0.000000 0.000000 0.000000 -1.000000 1 8.343020454e-06 2.012914047e-05
27 0.337104 0.073519 0.311087 0.787961 0.108870 0.311087 0.000000 0.000000 0.000000 -1.000000 1 8.389120921e-06 2.029584721e-05
27 0.335039 0.074742 0.311087 0.787961 0.108870 0.311087 0.000000 0.000000 0.000000 -1.000000 1 8.447095752e-06 2.044998109e-05
27 0.332982 0.075702 0.311087 0.787961 0.108870 0.311087 0.000000 0.000000 0.000000 -1.000000 1 8.553033695e-06 2.079387195e-05
28 0.332465 0.055900 0.310796 0.794813 0.088789 0.310796 0.000000 0.000000 0.000000 -1.000000 1 2.041924745e-06 4.946952686e-06
28 0.330595 0.056287 0.310796 0.794813 0.088789 0.310796 0.000000 0.000000 0.000000 -1.000000 1 2.635875717e-06 6.450805813e-06
28 0.328821 0.056788 0.310796 0.794813 0.088789 0.310796 0.000000 0.000000 0.000000 -1.000000 1 2.254964784e-06 5.204929039e-06
28 0.327058 0.057561 0.310796 0.794813 0.088789 0.310796 0.000000 0.000000 0.000000 -1.000000 1 8.451053873e-06 2.023018897e-05
28 0.325236 0.058692 0.310796 0.794813 0.088789 0.310796 0.000000 0.000000 0.000000 -1.000000 1 8.341157809e-06 2.010585740e-05
28 0.323332 0.060217 0.310796 0.794813 0.088789 0.310796 0.000000 0.000000 0.000000 -1.000000 1 8.241040632e-06 2.013286576e-05
28 0.321362 0.062072 0.310796 0.794813 0.088789 0.310796 0.000000 0.000000 0.000000 -1.000000 1 1.938198693e-05 4.802900366e-05
28 0.319373 0.064100 0.310796 0.794813 0.088789 0.310796 0.000000 0.000000 0.000000 -1.000000 1 1.229322515e-05 3.043701872e-05
28 0.317425 0.066084 0.310796 0.794813 0.088789 0.310796 0.000000 0.000000 0.000000 -1.000000 1 1.238798723e-05 3.103096969e-05
28 0.315576 0.067806 0.310796 0.794813 0.088789 0.310796 0.000000 0.000000 0.000000 -1.000000 1 1.263595186e-05 3.093294799e-05
28 0.313858 0.069154 0.310796 0.794813 0.088789 0.310796 0.000000 0.000000 0.000000 -1.000000 1 1.304596663e-05 3.176298924e-05
28 0.312263 0.070144 0.310796 0.794813 0.088789 0.310796 0.000000 0.000000 0.000000 -1.000000 1 1.199613325e-05 2.998695709e-05
28 0.310742 0.070828 0.310796 0.794813 0.088789 0.310796 0.000000 0.000000 0.000000 -1.000000 1 8.239177987e-06 2.014101483e-05
28 0.309229 0.071367 0.310796 0.794813 0.088789 0.310796 0.000000 0.000000 0.000000 -1.000000 1 8.767936379e-06 2.030096948e-05
28 0.307673 0.071956 0.310796 0.794813 0.088789 0.310796 0.000000 0.000000 0.000000 -1.000000 1 8.321134374e-06 1.997104846e-05
28 0.306052 0.072754 0.310796 0.794813 0.088789 0.310796 0.000000 0.000000 0.000000 -1.000000 1 4.818686284e-05 6.137089804e-05
28 0.304364 0.073835 0.310796 0.794813 0.088789 0.310796 0.000000 0.000000 0.000000 -1.000000 1 9.020091966e-06 2.149888314e-05
28 0.302629 0.075177 0.310796 0.794813 0.088789 0.310796 0.000000 0.000000 0.000000 -1.000000 1 1.304899342e-05 3.173295408e-05
28 0.300874 0.076653 0.310796 0.794813 0.088789 0.310796 0.000000 0.000000 0.000000 -1.000000 1 1.331395470e-05 3.241095692e-05
28 0.299144 0.078066 0.310796 0.794813 0.088789 0.310796 0.000000 0.000000 0.000000 -1.000000 1 8.352100849e-06 2.003205009e-05
29 0.297717 0.067280 0.295038 0.817848 0.077268 0.295038 0.000000 0.000000 0.000000 -1.000000 1 8.346978575e-06 2.015405335e-05
29 0.296090 0.068180 0.295038 0.817848 0.077268 0.295038 0.000000 0.000000 0.000000 -1.000000 1 8.343951777e-06 2.023414709e-05
29 0.294405 0.068899 0.295038 0.817848 0.077268 0.295038 0.000000 0.000000 0.000000 -1.000000 1 8.560949937e-06 2.033007331e-05
29 0.292629 0.069593 0.295038 0.817848 0.077268 0.295038 0.000000 0.000000 0.000000 -1.000000 1 1.128204167e-05 2.707308158e-05
29 0.290813 0.070422 0.295038 0.817848 0.077268 0.295038 0.000000 0.000000 0.000000 -1.000000 1 8.337199688e-06 2.022902481e-05
29 0.288993 0.071410 0.295038 0.817848 0.077268 0.295038 0.000000 0.000000 0.000000 -1.000000 1 8.333008736e-06 2.034497447e-05
29 0.287177 0.072590 0.295038 0.817848 0.077268 0.295038 0.000000 0.000000 0.000000 -1.000000 1 8.411938325e-06 2.033915371e-05
29 0.285387 0.073934 0.295038 0.817848 0.077268 0.295038 0.000000 0.000000 0.000000 -1.000000 1 8.371891454e-06 2.007698640e-05
29 0.283663 0.075352 0.295038 0.817848 0.077268 0.295038 0.000000 0.000000 0.000000 -1.000000 1 8.433824405e-06 2.024811693e-05
29 0.282048 0.076728 0.295038 0.817848 0.077268 0.295038 0.000000 0.000000 0.000000 -1.000000 1 8.528120816e-06 2.055405639e-05
29 0.280571 0.077979 0.295038 0.817848 0.077268 0.295038 0.000000 0.000000 0.000000 -1.000000 1 8.431030437e-06 2.028001472e-05
29 0.279223 0.079151 0.295038 0.817848 0.077268 0.295038 0.000000 0.000000 0.000000 -1.000000 1 8.597038686e-06 2.064695582e-05
29 0.277976 0.080446 0.295038 0.817848 0.077268 0.295038 0.000000 0.000000 0.000000 -1.000000 1 8.577015251e-06 2.044322900e-05
29 0.276768 0.081983 0.295038 0.817848 0.077268 0.295038 0.000000 0.000000 0.000000 -1.000000 1 8.336035535e-06 2.006697468e-05
29 0.275553 0.083755 0.295038 0.817848 0.077268 0.295038 0.000000 0.000000 0.000000 -1.000000 1 1.442292705e-05 2.617598511e-05
29 0.274312 0.085724 0.295038 0.817848 0.077268 0.295038 0.000000 0.000000 0.000000 -1.000000 1 8.845003322e-06 2.122297883e-05
29 0.273031 0.087828 0.295038 0.817848 0.077268 0.295038 0.000000 0.000000 0.000000 -1.000000 1 8.508097380e-06 2.033798955e-05
29 0.271681 0.089912 0.295038 0.817848 0.077268 0.295038 0.000000 0.000000 0.000000 -1.000000 1 8.455943316e-06 2.025510184e-05
29 0.270254 0.091790 0.295038 0.817848 0.077268 0.295038 0.000000 0.000000 0.000000 -1.000000 1 8.400995284e-06 2.033705823e-05
29 0.268774 0.093316 0.295038 0.817848 0.077268 0.295038 0.000000 0.000000 0.000000 -1.000000 1 8.543953300e-06 2.046884038e-05
30 0.266802 0.078549 0.291502 0.849812 0.060365 0.291502 0.000000 0.000000 0.000000 -1.000000 1 1.267320476e-05 3.013713285e-05
30 0.265356 0.079338 0.291502 0.849812 0.060365 0.291502 0.000000 0.000000 0.000000 -1.000000 1 8.319970220e-06 2.029119059e-05
30 0.263949 0.080018 0.291502 0.849812 0.060365 0.291502 0.000000 0.000000 0.000000 -1.000000 1 8.334871382e-06 2.028094605e-05
30 0.262561 0.080846 0.291502 0.849812 0.060365 0.291502 0.000000 0.000000 0.000000 -1.000000 1 8.646864444e-06 2.037687227e-05
30 0.261177 0.081999 0.291502 0.849812 0.060365 0.291502 0.000000 0.000000 0.000000 -1.000000 1 8.449191228e-06 2.053193748e-05
30 0.259795 0.083549 0.291502 0.849812 0.060365 0.291502 0.000000 0.000000 0.000000 -1.000000 1 8.400995284e-06 2.025812864e-05
30 0.258421 0.085450 0.291502 0.849812 0.060365 0.291502 0.000000 0.000000 0.000000 -1.000000 1 1.887092367e-05 3.077415749e-05
30 0.257065 0.087537 0.291502 0.849812 0.060365 0.291502 0.000000 0.000000 0.000000 -1.000000 1 8.487142622e-06 2.043694258e-05
30 0.255738 0.089573 0.291502 0.849812 0.060365 0.291502 0.000000 0.000000 0.000000 -1.000000 1 8.437084034e-06 2.018688247e-05
30 0.254450 0.091327 0.291502 0.849812 0.060365 0.291502 0.000000 0.000000 0.000000 -1.000000 1 8.417991921e-06 2.057198435e-05
30 0.253212 0.092678 0.291502 0.849812 0.060365 0.291502 0.000000 0.000000 0.000000 -1.000000 1 8.328119293e-06 2.006301656e-05
30 0.252028 0.093642 0.291502 0.849812 0.060365 0.291502 0.000000 0.000000 0.000000 -1.000000 1 8.430099115e-06 2.019805834e-05
30 0.250874 0.094308 0.291502 0.849812 0.060365 0.291502 0.000000 0.000000 0.000000 -1.000000 1 8.499016985e-06 2.048001625e-05
30 0.249721 0.094866 0.291502 0.849812 0.060365 0.291502 0.000000 0.000000 0.000000 -1.000000 1 8.284114301e-06 2.274103463e-05
30 0.248564 0.095558 0.291502 0.849812 0.060365 0.291502 0.000000 0.000000 0.000000 -1.000000 1 8.604023606e-06 2.049515024e-05
30 0.247410 0.096570 0.291502 0.849812 0.060365 0.291502 0.000000 0.000000 0.000000 -1.000000 1 8.415896446e-06 2.049095929e-05
30 0.246275 0.097988 0.291502 0.849812 0.060365 0.291502 0.000000 0.000000 0.000000 -1.000000 1 8.653849363e-06 2.073100768e-05
30 0.245165 0.099763 0.291502 0.849812 0.060365 0.291502 0.000000 0.000000 0.000000 -1.000000 1 4.724133760e-06 1.122988760e-05
30 0.244078 0.101729 0.291502 0.849812 0.060365 0.291502 0.000000 0.000000 0.000000 -1.000000 1 2.827029675e-06 6.949994713e-06
30 0.243001 0.103605 0.291502 0.849812 0.060365 0.291502 0.000000 0.000000 0.000000 -1.000000 1 3.366963938e-06 8.142087609e-06
31 0.241823 0.103718 0.296692 0.897932 0.055445 0.296692 0.000000 0.000000 0.000000 -1.000000 1 3.767199814e-06 8.980045095e-06
31 0.240720 0.104878 0.296692 0.897932 0.055445 0.296692 0.000000 0.000000 0.000000 -1.000000 1 8.353032172e-06 2.026697621e-05
31 0.239509 0.105805 0.296692 0.897932 0.055445 0.296692 0.000000 0.000000 0.000000 -1.000000 1 8.313916624e-06 2.028490417e-05
31 0.238184 0.106659 0.296692 0.897932 0.055445 0.296692 0.000000 0.000000 0.000000 -1.000000 1 8.625909686e-06 2.067303285e-05
31 0.236808 0.107642 0.296692 0.897932 0.055445 0.296692 0.000000 0.000000 0.000000 -1.000000 1 8.363975212e-06 2.030096948e-05
31 0.235467 0.108850 0.296692 0.897932 0.055445 0.296692 0.000000 0.000000 0.000000 -1.000000 1 8.383998647e-06 2.044998109e-05
31 0.234192 0.110327 0.296692 0.897932 0.055445 0.296692 0.000000 0.000000 0.000000 -1.000000 1 8.387025446e-06 2.030306496e-05
31 0.232998 0.112062 0.296692 0.897932 0.055445 0.296692 0.000000 0.000000 0.000000 -1.000000 1 8.322997019e-06 2.047000453e-05
31 0.231897 0.113936 0.296692 0.897932 0.055445 0.296692 0.000000 0.000000 0.000000 -1.000000 1 8.228933439e-06 2.017198130e-05
31 0.230893 0.115784 0.296692 0.897932 0.055445 0.296692 0.000000 0.000000 0.000000 -1.000000 1 8.689938113e-06 2.104905434e-05
31 0.229981 0.117480 0.296692 0.897932 0.055445 0.296692 0.000000 0.000000 0.000000 -1.000000 1 8.329981938e-06 2.021412365e-05
31 0.229163 0.119067 0.296692 0.897932 0.055445 0.296692 0.000000 0.000000 0.000000 -1.000000 1 8.281785995e-06 2.017803490e-05
31 0.228468 0.120802 0.296692 0.897932 0.055445 0.296692 0.000000 0.000000 0.000000 -1.000000 1 8.410075679e-06 2.030399628e-05
31 0.227881 0.122869 0.296692 0.897932 0.055445 0.296692 0.000000 0.000000 0.000000 -1.000000 1 8.121831343e-06 1.990399323e-05
31 0.227370 0.125269 0.296692 0.897932 0.055445 0.296692 0.000000 0.000000 0.000000 -1.000000 1 1.841201447e-05 4.567205906e-05
31 0.226901 0.127933 0.296692 0.897932 0.055445 0.296692 0.000000 0.000000 0.000000 -1.000000 1 8.850125596e-06 2.110213973e-05
31 0.226437 0.130759 0.296692 0.897932 0.055445 0.296692 0.000000 0.000000 0.000000 -1.000000 1 8.307164535e-06 2.031400800e-05
31 0.225910 0.133562 0.296692 0.897932 0.055445 0.296692 0.000000 0.000000 0.000000 -1.000000 1 8.320901543e-06 2.017593943e-05
31 0.225257 0.136099 0.296692 0.897932 0.055445 0.296692 0.000000 0.000000 0.000000 -1.000000 1 8.556060493e-06 2.040807158e-05
31 0.224453 0.138176 0.296692 0.897932 0.055445 0.296692 0.000000 0.000000 0.000000 -1.000000 1 8.726026863e-06 2.057710662e-05
32 0.221696 0.125009 0.301517 0.951293 0.033847 0.301517 0.000000 0.000000 0.000000 -1.000000 1 8.489005268e-06 2.022320405e-05
32 0.220745 0.126206 0.301517 0.951293 0.033847 0.301517 0.000000 0.000000 0.000000 -1.000000 1 8.519971743e-06 3.608316183e-05
32 0.219858 0.127358 0.301517 0.951293 0.033847 0.301517 0.000000 0.000000 0.000000 -1.000000 1 8.317874745e-06 2.022087574e-05
32 0.219059 0.128733 0.301517 0.951293 0.033847 0.301517 0.000000 0.000000 0.000000 -1.000000 1 8.494826034e-06 2.024881542e-05
32 0.218357 0.130488 0.301517 0.951293 0.033847 0.301517 0.000000 0.000000 0.000000 -1.000000 1 9.031966329e-06 3.300700337e-05
32 0.217759 0.132678 0.301517 0.951293 0.033847 0.301517 0.000000 0.000000 0.000000 -1.000000 1 8.451985195e-06 2.039410174e-05
32 0.217253 0.135229 0.301517 0.951293 0.033847 0.301517 0.000000 0.000000 0.000000 -1.000000 1 9.138137102e-06 2.287584357e-05
32 0.216800 0.137938 0.301517 0.951293 0.033847 0.301517 0.000000 0.000000 0.000000 -1.000000 1 8.336035535e-06 2.070190385e-05
32 0.216347 0.140528 0.301517 0.951293 0.033847 0.301517 0.000000 0.000000 0.000000 -1.000000 1 8.567934856e-06 2.592382953e-05
32 0.215838 0.142729 0.301517 0.951293 0.033847 0.301517 0.000000 0.000000 0.000000 -1.000000 1 8.274102584e-06 2.079014666e-05
32 0.215256 0.144427 0.301517 0.951293 0.033847 0.301517 0.000000 0.000000 0.000000 -1.000000 1 8.516013622e-06 2.100807615e-05
32 0.214625 0.145687 0.301517 0.951293 0.033847 0.301517 0.000000 0.000000 0.000000 -1.000000 1 1.275003888e-05 3.143283539e-05
32 0.213961 0.146639 0.301517 0.951293 0.033847 0.301517 0.000000 0.000000 0.000000 -1.000000 1 8.339062333e-06 2.091005445e-05
32 0.213320 0.147570 0.301517 0.951293 0.033847 0.301517 0.000000 0.000000 0.000000 -1.000000 1 8.503906429e-06 2.091401257e-05
32 0.212771 0.148781 0.301517 0.951293 0.033847 0.301517 0.000000 0.000000 0.000000 -1.000000 1 1.365505159e-05 2.608611248e-05
32 0.212372 0.150484 0.301517 0.951293 0.033847 0.301517 0.000000 0.000000 0.000000 -1.000000 1 8.258968592e-06 2.077408135e-05
32 0.212153 0.152757 0.301517 0.951293 0.033847 0.301517 0.000000 0.000000 0.000000 -1.000000 1 8.502975106e-06 2.116500400e-05
32 0.212099 0.155520 0.301517 0.951293 0.033847 0.301517 0.000000 0.000000 0.000000 -1.000000 1 8.380040526e-06 2.086209133e-05
32 0.212139 0.158533 0.301517 0.951293 0.033847 0.301517 0.000000 0.000000 0.000000 -1.000000 1 8.492032066e-06 2.092495561e-05
32 0.212090 0.161228 0.301517 0.951293 0.033847 0.301517 0.000000 0.000000 0.000000 -1.000000 1 8.471077308e-06 2.101506107e-05
33 0.210863 0.157580 0.304114 1.022235 0.015543 0.304114 0.000000 0.000000 0.000000 -1.000000 1 8.434988558e-06 2.095103264e-05
33 0.210457 0.159215 0.304114 1.022235 0.015543 0.304114 0.000000 0.000000 0.000000 -1.000000 1 8.518109098e-06 2.110283822e-05
33 0.209883 0.160573 0.304114 1.022235 0.015543 0.304114 0.000000 0.000000 0.000000 -1.000000 1 8.400995284e-06 2.083904110e-05
33 0.209167 0.161828 0.304114 1.022235 0.015543 0.304114 0.000000 0.000000 0.000000 -1.000000 1 7.952097803e-06 2.014986239e-05
33 0.208377 0.163165 0.304114 1.022235 0.015543 0.304114 0.000000 0.000000 0.000000 -1.000000 1 8.539995179e-06 2.120900899e-05
33 0.207685 0.164848 0.304114 1.022235 0.015543 0.304114 0.000000 0.000000 0.000000 -1.000000 1 8.415896446e-06 2.081785351e-05
33 0.207140 0.166894 0.304114 1.022235 0.015543 0.304114 0.000000 0.000000 0.000000 -1.000000 1 8.544884622e-06 2.116500400e-05
33 0.206747 0.169265 0.304114 1.022235 0.015543 0.304114 0.000000 0.000000 0.000000 -1.000000 1 8.458970115e-06 2.103880979e-05
33 0.206480 0.171819 0.304114 1.022235 0.015543 0.304114 0.000000 0.000000 0.000000 -1.000000 1 1.586508006e-05 4.096399061e-05
33 0.206296 0.174346 0.304114 1.022235 0.015543 0.304114 0.000000 0.000000 0.000000 -1.000000 1 8.468050510e-06 2.105301246e-05
33 0.206149 0.176685 0.304114 1.022235 0.015543 0.304114 0.000000 0.000000 0.000000 -1.000000 1 8.450821042e-06 2.101901919e-05
33 0.206052 0.178874 0.304114 1.022235 0.015543 0.304114 0.000000 0.000000 0.000000 -1.000000 1 8.499016985e-06 2.123112790e-05
33 0.206133 0.181267 0.304114 1.022235 0.015543 0.304114 0.000000 0.000000 0.000000 -1.000000 1 2.964865416e-06 7.370952517e-06
33 0.206458 0.184122 0.304114 1.022235 0.015543 0.304114 0.000000 0.000000 0.000000 -1.000000 1 2.066139132e-06 5.168840289e-06
33 0.207005 0.187439 0.304114 1.022235 0.015543 0.304114 0.000000 0.000000 0.000000 -1.000000 1 7.859896868e-06 1.966208220e-05
33 0.207720 0.191123 0.304114 1.022235 0.015543 0.304114 0.000000 0.000000 0.000000 -1.000000 1 8.699949831e-06 2.156198025e-05
33 0.208519 0.195014 0.304114 1.022235 0.015543 0.304114 0.000000 0.000000 0.000000 -1.000000 1 8.631031960e-06 2.123601735e-05
33 0.209274 0.198894 0.304114 1.022235 0.015543 0.304114 0.000000 0.000000 0.000000 -1.000000 1 8.519971743e-06 2.104789019e-05
33 0.209825 0.202435 0.304114 1.022235 0.015543 0.304114 0.000000 0.000000 0.000000 -1.000000 1 8.428934962e-06 2.105999738e-05
33 0.210073 0.205366 0.304114 1.022235 0.015543 0.304114 0.000000 0.000000 0.000000 -1.000000 1 8.565140888e-06 2.091005445e-05
34 0.205411 0.188017 0.311719 1.088357 -0.020750 0.311719 0.000000 0.000000 0.000000 -1.000000 1 8.685979992e-06 3.162701614e-05
34 0.205227 0.189844 0.311719 1.088357 -0.020750 0.311719 0.000000 0.000000 0.000000 -1.000000 1 8.533010259e-06 2.102786675e-05
34 0.205288 0.191892 0.311719 1.088357 -0.020750 0.311719 0.000000 0.000000 0.000000 -1.000000 1 8.446862921e-06 2.102693543e-05
34 0.205622 0.194350 0.311719 1.088357 -0.020750 0.311719 0.000000 0.000000 0.000000 -1.000000 1 1.074792817e-05 2.563907765e-05
34 0.206189 0.197231 0.311719 1.088357 -0.020750 0.311719 0.000000 0.000000 0.000000 -1.000000 1 8.533941582e-06 2.123089507e-05
34 0.206976 0.200539 0.311719 1.088357 -0.020750 0.311719 0.000000 0.000000 0.000000 -1.000000 1 1.023104414e-05 2.535199746e-05
34 0.207941 0.204173 0.311719 1.088357 -0.020750 0.311719 0.000000 0.000000 0.000000 -1.000000 1 7.801922038e-06 1.958990470e-05
34 0.208980 0.207899 0.311719 1.088357 -0.020750 0.311719 0.000000 0.000000 0.000000 -1.000000 1 8.344883099e-06 2.087000757e-05
34 0.209939 0.211391 0.311719 1.088357 -0.020750 0.311719 0.000000 0.000000 0.000000 -1.000000 1 8.391914889e-06 2.301298082e-05
34 0.210684 0.214376 0.311719 1.088357 -0.020750 0.311719 0.000000 0.000000 0.000000 -1.000000 1 8.457107469e-06 2.119317651e-05
34 0.211153 0.216722 0.311719 1.088357 -0.020750 0.311719 0.000000 0.000000 0.000000 -1.000000 1 8.622882888e-06 2.109305933e-05
34 0.211401 0.218538 0.311719 1.088357 -0.020750 0.311719 0.000000 0.000000 0.000000 -1.000000 1 8.383998647e-06 2.092588693e-05
34 0.211538 0.220042 0.311719 1.088357 -0.020750 0.311719 0.000000 0.000000 0.000000 -1.000000 1 8.480157703e-06 2.097594552e-05
34 0.211757 0.221620 0.311719 1.088357 -0.020750 0.311719 0.000000 0.000000 0.000000 -1.000000 1 8.369795978e-06 2.080504782e-05
34 0.212248 0.223640 0.311719 1.088357 -0.020750 0.311719 0.000000 0.000000 0.000000 -1.000000 1 8.415197954e-06 2.093007788e-05
34 0.213157 0.226353 0.311719 1.088357 -0.020750 0.311719 0.000000 0.000000 0.000000 -1.000000 1 8.285976946e-06 2.079689875e-05
34 0.214536 0.229830 0.311719 1.088357 -0.020750 0.311719 0.000000 0.000000 0.000000 -1.000000 1 8.558854461e-06 2.111401409e-05
34 0.216320 0.233937 0.311719 1.088357 -0.020750 0.311719 0.000000 0.000000 0.000000 -1.000000 1 1.025106758e-05 2.504303120e-05
34 0.218295 0.238310 0.311719 1.088357 -0.020750 0.311719 0.000000 0.000000 0.000000 -1.000000 1 8.504837751e-06 2.112402581e-05
34 0.219729 0.241737 0.311719 1.088357 -0.020750 0.311719 0.000000 0.000000 0.000000 -1.000000 1 8.255010471e-06 2.075289376e-05
35 0.215554 0.227675 0.302675 1.173923 -0.065021 0.302675 0.000000 0.000000 0.000000 -1.000000 1 8.333940059e-06 2.082297578e-05
35 0.216073 0.229792 0.302675 1.173923 -0.065021 0.302675 0.000000 0.000000 0.000000 -1.000000 1 8.385162801e-06 2.082786523e-05
35 0.216403 0.231694 0.302675 1.173923 -0.065021 0.302675 0.000000 0.000000 0.000000 -1.000000 1 1.150206663e-05 2.843607217e-05
35 0.216596 0.233536 0.302675 1.173923 -0.065021 0.302675 0.000000 0.000000 0.000000 -1.000000 1 8.507864550e-06 2.098595724e-05
35 0.216746 0.235478 0.302675 1.173923 -0.065021 0.302675 0.000000 0.000000 0.000000 -1.000000 1 8.306931704e-06 2.091284841e-05
35 0.216973 0.237664 0.302675 1.173923 -0.065021 0.302675 0.000000 0.000000 0.000000 -1.000000 1 7.909955457e-06 1.948699355e-05
35 0.217506 0.240366 0.302675 1.173923 -0.065021 0.302675 0.000000 0.000000 0.000000 -1.000000 1 8.558854461e-06 2.110796049e-05
35 0.218272 0.243421 0.302675 1.173923 -0.065021 0.302675 0.000000 0.000000 0.000000 -1.000000 1 8.258968592e-06 2.075801603e-05
35 0.219169 0.246618 0.302675 1.173923 -0.065021 0.302675 0.000000 0.000000 0.000000 -1.000000 1 8.367002010e-06 2.097501419e-05
35 0.220088 0.249727 0.302675 1.173923 -0.065021 0.302675 0.000000 0.000000 0.000000 -1.000000 1 1.325388439e-05 3.400188871e-05
35 0.220955 0.252588 0.302675 1.173923 -0.065021 0.302675 0.000000 0.000000 0.000000 -1.000000 1 8.432893082e-06 2.121087164e-05
35 0.221846 0.255302 0.302675 1.173923 -0.065021 0.302675 0.000000 0.000000 0.000000 -1.000000 1 8.422881365e-06 2.118595876e-05
35 0.223056 0.258327 0.302675 1.173923 -0.065021 0.302675 0.000000 0.000000 0.000000 -1.000000 1 7.811933756e-06 1.937709749e-05
35 0.224753 0.261952 0.302675 1.173923 -0.065021 0.302675 0.000000 0.000000 0.000000 -1.000000 1 8.380040526e-06 2.086488530e-05
35 0.226918 0.266167 0.302675 1.173923 -0.065021 0.302675 0.000000 0.000000 0.000000 -1.000000 1 9.458046407e-06 2.294988371e-05
35 0.229415 0.270786 0.302675 1.173923 -0.065021 0.302675 0.000000 0.000000 0.000000 -1.000000 1 8.424976841e-06 2.092798240e-05
35 0.232055 0.275575 0.302675 1.173923 -0.065021 0.302675 0.000000 0.000000 0.000000 -1.000000 1 8.533010259e-06 2.100691199e-05
35 0.234652 0.280324 0.302675 1.173923 -0.065021 0.302675 0.000000 0.000000 0.000000 -1.000000 1 8.395174518e-06 2.085999586e-05
35 0.236925 0.284680 0.302675 1.173923 -0.065021 0.302675 0.000000 0.000000 0.000000 -1.000000 1 7.841037586e-06 1.961691305e-05
35 0.238668 0.288318 0.302675 1.173923 -0.065021 0.302675 0.000000 0.000000 0.000000 -1.000000 1 1.351395622e-05 3.213901073e-05
36 0.231379 0.268833 0.325620 1.240616 -0.115999 0.325620 0.000000 0.000000 0.000000 -1.000000 1 8.694129065e-06 2.108910121e-05
36 0.232285 0.271233 0.325620 1.240616 -0.115999 0.325620 0.000000 0.000000 0.000000 -1.000000 1 8.453847840e-06 2.111494541e-05
36 0.233615 0.273943 0.325620 1.240616 -0.115999 0.325620 0.000000 0.000000 0.000000 -1.000000 1 8.499016985e-06 2.101389691e-05
36 0.235529 0.277242 0.325620 1.240616 -0.115999 0.325620 0.000000 0.000000 0.000000 -1.000000 1 8.322997019e-06 2.092984505e-05
36 0.237861 0.280994 0.325620 1.240616 -0.115999 0.325620 0.000000 0.000000 0.000000 -1.000000 1 8.378876373e-06 2.081994899e-05
36 0.240563 0.285154 0.325620 1.240616 -0.115999 0.325620 0.000000 0.000000 0.000000 -1.000000 1 1.255096868e-05 3.215414472e-05
36 0.243563 0.289620 0.325620 1.240616 -0.115999 0.325620 0.000000 0.000000 0.000000 -1.000000 1 1.654890366e-05 5.000410601e-05
36 0.246663 0.294138 0.325620 1.240616 -0.115999 0.325620 0.000000 0.000000 0.000000 -1.000000 1 8.482020348e-06 2.094614320e-05
36 0.249566 0.298350 0.325620 1.240616 -0.115999 0.325620 0.000000 0.000000 0.000000 -1.000000 1 5.291076377e-06 1.322687604e-05
36 0.251212 0.300000 0.325620 1.240616 -0.115999 0.325620 0.000000 0.000000 0.000000 -1.000000 1 4.494097084e-06 1.111091115e-05
36 0.251941 0.300000 0.325620 1.240616 -0.115999 0.325620 0.000000 0.000000 0.000000 -1.000000 1 2.034008503e-06 5.107140169e-06
36 0.252464 0.300000 0.325620 1.240616 -0.115999 0.325620 0.000000 0.000000 0.000000 -1.000000 1 9.047100320e-06 2.176314592e-05
36 0.252902 0.300000 0.325620 1.240616 -0.115999 0.325620 0.000000 0.000000 0.000000 -1.000000 1 8.546980098e-06 2.095988020e-05
36 0.253468 0.300000 0.325620 1.240616 -0.115999 0.325620 0.000000 0.000000 0.000000 -1.000000 1 8.414033800e-06 2.146791667e-05
36 0.254362 0.300000 0.325620 1.240616 -0.115999 0.325620 0.000000 0.000000 0.000000 -1.000000 1 8.404953405e-06 2.091308124e-05
36 0.255691 0.300000 0.325620 1.240616 -0.115999 0.325620 0.000000 0.000000 0.000000 -1.000000 1 8.455011994e-06 2.097990364e-05
36 0.257481 0.300000 0.325620 1.240616 -0.115999 0.325620 0.000000 0.000000 0.000000 -1.000000 1 1.438101754e-05 3.604008816e-05
36 0.259629 0.300000 0.325620 1.240616 -0.115999 0.325620 0.000000 0.000000 0.000000 -1.000000 1 8.416129276e-06 2.100295387e-05
36 0.261785 0.300000 0.325620 1.240616 -0.115999 0.325620 0.000000 0.000000 0.000000 -1.000000 1 8.483184502e-06 2.102204598e-05
36 0.263195 0.300000 0.325620 1.240616 -0.115999 0.325620 0.000000 0.000000 0.000000 -1.000000 1 8.518807590e-06 2.108514309e-05
37 0.264080 0.300000 0.308684 1.324469 -0.187388 0.308684 0.000000 0.000000 0.000000 -1.000000 1 8.397968486e-06 2.097804099e-05
37 0.264633 0.300000 0.308684 1.324469 -0.187388 0.308684 0.000000 0.000000 0.000000 -1.000000 1 8.414965123e-06 2.080085687e-05
37 0.265085 0.300000 0.308684 1.324469 -0.187388 0.308684 0.000000 0.000000 0.000000 -1.000000 1 8.261995390e-06 2.074404620e-05
37 0.265468 0.300000 0.308684 1.324469 -0.187388 0.308684 0.000000 0.000000 0.000000 -1.000000 1 8.509028703e-06 2.107210457e-05
37 0.265830 0.300000 0.308684 1.324469 -0.187388 0.308684 0.000000 0.000000 0.000000 -1.000000 1 8.358852938e-06 2.089003101e-05
37 0.266185 0.300000 0.308684 1.324469 -0.187388 0.308684 0.000000 0.000000 0.000000 -1.000000 1 8.332077414e-06 2.083089203e-05
37 0.266573 0.300000 0.308684 1.324469 -0.187388 0.308684 0.000000 0.000000 0.000000 -1.000000 1 8.505070582e-06 2.108514309e-05
37 0.267136 0.300000 0.308684 1.324469 -0.187388 0.308684 0.000000 0.000000 0.000000 -1.000000 1 8.523929864e-06 2.094916999e-05
37 0.267761 0.300000 0.308684 1.324469 -0.187388 0.308684 0.000000 0.000000 0.000000 -1.000000 1 7.168157026e-06 1.791096292e-05
37 0.268331 0.300000 0.308684 1.324469 -0.187388 0.308684 0.000000 0.000000 0.000000 -1.000000 1 6.034038961e-06 1.496891491e-05
37 0.268811 0.300000 0.308684 1.324469 -0.187388 0.308684 0.000000 0.000000 0.000000 -1.000000 1 8.771196008e-06 2.147490159e-05
37 0.269291 0.300000 0.308684 1.324469 -0.187388 0.308684 0.000000 0.000000 0.000000 -1.000000 1 8.505070582e-06 2.109911293e-05
37 0.270032 0.300000 0.308684 1.324469 -0.187388 0.308684 0.000000 0.000000 0.000000 -1.000000 1 1.346110366e-05 3.366288729e-05
37 0.271162 0.300000 0.308684 1.324469 -0.187388 0.308684 0.000000 0.000000 0.000000 -1.000000 1 1.630093902e-05 4.275096580e-05
37 0.272672 0.300000 0.308684 1.324469 -0.187388 0.308684 0.000000 0.000000 0.000000 -1.000000 1 1.230719499e-05 3.155297600e-05
37 0.274429 0.300000 0.308684 1.324469 -0.187388 0.308684 0.000000 0.000000 0.000000 -1.000000 1 8.528120816e-06 2.126488835e-05
37 0.276237 0.300000 0.308684 1.324469 -0.187388 0.308684 0.000000 0.000000 0.000000 -1.000000 1 8.461996913e-06 2.440204844e-05
37 0.277972 0.300000 0.308684 1.324469 -0.187388 0.308684 0.000000 0.000000 0.000000 -1.000000 1 8.478993550e-06 2.092798240e-05
37 0.279436 0.300000 0.308684 1.324469 -0.187388 0.308684 0.000000 0.000000 0.000000 -1.000000 1 8.469913155e-06 2.104998566e-05
37 0.280510 0.300000 0.308684 1.324469 -0.187388 0.308684 0.000000 0.000000 0.000000 -1.000000 1 8.437084034e-06 2.100202255e-05
38 0.281256 0.300000 0.353785 1.382568 -0.242888 0.353785 0.000000 0.000000 0.000000 -1.000000 1 8.467119187e-06 2.116383985e-05
38 0.281802 0.300000 0.353785 1.382568 -0.242888 0.353785 0.000000 0.000000 0.000000 -1.000000 1 8.421950042e-06 2.102111466e-05
38 0.282681 0.300000 0.353785 1.382568 -0.242888 0.353785 0.000000 0.000000 0.000000 -1.000000 1 8.363975212e-06 2.089911141e-05
38 0.284024 0.300000 0.353785 1.382568 -0.242888 0.353785 0.000000 0.000000 0.000000 -1.000000 1 8.072005585e-06 1.966604032e-05
38 0.285737 0.300000 0.353785 1.382568 -0.242888 0.353785 0.000000 0.000000 0.000000 -1.000000 1 8.403090760e-06 2.084393054e-05
38 0.287802 0.300000 0.353785 1.382568 -0.242888 0.353785 0.000000 0.000000 0.000000 -1.000000 1 1.046410762e-05 2.586096525e-05
38 0.290161 0.300000 0.353785 1.382568 -0.242888 0.353785 0.000000 0.000000 0.000000 -1.000000 1 8.346047252e-06 2.090400085e-05
38 0.292644 0.300000 0.353785 1.382568 -0.242888 0.353785 0.000000 0.000000 0.000000 -1.000000 1 8.693896234e-06 2.137501724e-05
38 0.294997 0.300000 0.353785 1.382568 -0.242888 0.353785 0.000000 0.000000 0.000000 -1.000000 1 8.461065590e-06 2.118409611e-05
38 0.297066 0.300000 0.353785 1.382568 -0.242888 0.353785 0.000000 0.000000 0.000000 -1.000000 1 8.315080777e-06 2.110190690e-05
38 0.298837 0.300000 0.353785 1.382568 -0.242888 0.353785 0.000000 0.000000 0.000000 -1.000000 1 1.098890789e-05 2.745795064e-05
38 0.300341 0.300000 0.353785 1.382568 -0.242888 0.353785 0.000000 0.000000 0.000000 -1.000000 1 8.430099115e-06 2.092914656e-05
38 0.301672 0.300000 0.353785 1.382568 -0.242888 0.353785 0.000000 0.000000 0.000000 -1.000000 1 1.270114444e-05 3.224308603e-05
38 0.303116 0.300000 0.353785 1.382568 -0.242888 0.353785 0.000000 0.000000 0.000000 -1.000000 1 8.397037163e-06 2.087489702e-05
38 0.304948 0.300000 0.353785 1.382568 -0.242888 0.353785 0.000000 0.000000 0.000000 -1.000000 1 8.367933333e-06 2.098805271e-05
38 0.307304 0.300000 0.353785 1.382568 -0.242888 0.353785 0.000000 0.000000 0.000000 -1.000000 1 8.286908269e-06 2.092518844e-05
38 0.310213 0.300000 0.353785 1.382568 -0.242888 0.353785 0.000000 0.000000 0.000000 -1.000000 1 8.588889614e-06 2.129515633e-05
38 0.313542 0.300000 0.353785 1.382568 -0.242888 0.353785 0.000000 0.000000 0.000000 -1.000000 1 8.498085663e-06 2.126698382e-05
38 0.316795 0.300000 0.353785 1.382568 -0.242888 0.353785 0.000000 0.000000 0.000000 -1.000000 1 8.373986930e-06 2.100900747e-05
38 0.318968 0.300000 0.353785 1.382568 -0.242888 0.353785 0.000000 0.000000 0.000000 -1.000000 1 8.574919775e-06 2.089189366e-05
39 0.320456 0.300000 0.308810 1.439218 -0.339980 0.308810 0.000000 0.000000 0.000000 -1.000000 1 8.555129170e-06 2.106791362e-05
39 0.321525 0.300000 0.308810 1.439218 -0.339980 0.308810 0.000000 0.000000 0.000000 -1.000000 1 1.444783993e-05 2.697599120e-05
39 0.322535 0.300000 0.308810 1.439218 -0.339980 0.308810 0.000000 0.000000 0.000000 -1.000000 1 8.748844266e-06 2.174009569e-05
39 0.323563 0.300000 0.308810 1.439218 -0.339980 0.308810 0.000000 0.000000 0.000000 -1.000000 1 8.477829397e-06 2.105999738e-05
39 0.324709 0.300000 0.308810 1.439218 -0.339980 0.308810 0.000000 0.000000 0.000000 -1.000000 1 6.131129339e-06 1.507019624e-05
39 0.325998 0.300000 0.308810 1.439218 -0.339980 0.308810 0.000000 0.000000 0.000000 -1.000000 1 4.830071703e-06 1.194817014e-05
39 0.327441 0.300000 0.308810 1.439218 -0.339980 0.308810 0.000000 0.000000 0.000000 -1.000000 1 1.225899905e-05 3.202189691e-05
39 0.329089 0.300000 0.308810 1.439218 -0.339980 0.308810 0.000000 0.000000 0.000000 -1.000000 1 1.740595326e-05 4.566903226e-05
39 0.330846 0.300000 0.308810 1.439218 -0.339980 0.308810 0.000000 0.000000 0.000000 -1.000000 1 1.217704266e-05 3.134994768e-05
39 0.332434 0.300000 0.308810 1.439218 -0.339980 0.308810 0.000000 0.000000 0.000000 -1.000000 1 8.546048775e-06 2.105301246e-05
39 0.333758 0.300000 0.308810 1.439218 -0.339980 0.308810 0.000000 0.000000 0.000000 -1.000000 1 8.506933227e-06 2.092984505e-05
39 0.334984 0.300000 0.308810 1.439218 -0.339980 0.308810 0.000000 0.000000 0.000000 -1.000000 1 8.383067325e-06 2.085696906e-05
39 0.336499 0.300000 0.308810 1.439218 -0.339980 0.308810 0.000000 0.000000 0.000000 -1.000000 1 8.532078937e-06 2.093194053e-05
39 0.338541 0.300000 0.308810 1.439218 -0.339980 0.308810 0.000000 0.000000 0.000000 -1.000000 1 8.478062227e-06 2.108793706e-05
39 0.341144 0.300000 0.308810 1.439218 -0.339980 0.308810 0.000000 0.000000 0.000000 -1.000000 1 8.565140888e-06 2.108002082e-05
39 0.344180 0.300000 0.308810 1.439218 -0.339980 0.308810 0.000000 0.000000 0.000000 -1.000000 1 8.500879630e-06 2.107606269e-05
39 0.347412 0.300000 0.308810 1.439218 -0.339980 0.308810 0.000000 0.000000 0.000000 -1.000000 1 8.569099009e-06 2.142600715e-05
39 0.350690 0.300000 0.308810 1.439218 -0.339980 0.308810 0.000000 0.000000 0.000000 -1.000000 1 8.458038792e-06 2.148607746e-05
39 0.353726 0.300000 0.308810 1.439218 -0.339980 0.308810 0.000000 0.000000 0.000000 -1.000000 1 8.424045518e-06 2.087582834e-05
39 0.356258 0.300000 0.308810 1.439218 -0.339980 0.308810 0.000000 0.000000 0.000000 -1.000000 1 1.434702426e-05 3.576604649e-05
40 0.358261 0.300000 0.345101 1.477859 -0.400446 0.345101 0.000000 0.000000 0.000000 -1.000000 1 1.274584793e-05 3.217486665e-05
40 0.359866 0.300000 0.345101 1.477859 -0.400446 0.345101 0.000000 0.000000 0.000000 -1.000000 1 8.428003639e-06 2.097920515e-05
40 0.361547 0.300000 0.345101 1.477859 -0.400446 0.345101 0.000000 0.000000 0.000000 -1.000000 1 8.424976841e-06 2.100900747e-05
40 0.363517 0.300000 0.345101 1.477859 -0.400446 0.345101 0.000000 0.000000 0.000000 -1.000000 1 8.556991816e-06 2.102903090e-05
40 0.365865 0.300000 0.345101 1.477859 -0.400446 0.345101 0.000000 0.000000 0.000000 -1.000000 1 1.026480459e-05 2.622511238e-05
40 0.368697 0.300000 0.345101 1.477859 -0.400446 0.345101 0.000000 0.000000 0.000000 -1.000000 1 8.301110938e-06 2.081412822e-05
40 0.371996 0.300000 0.345101 1.477859 -0.400446 0.345101 0.000000 0.000000 0.000000 -1.000000 1 8.420087397e-06 2.089585178e-05
40 0.375547 0.300000 0.345101 1.477859 -0.400446 0.345101 0.000000 0.000000 0.000000 -1.000000 1 8.664792404e-06 2.133101225e-05
40 0.378992 0.300000 0.345101 1.477859 -0.400446 0.345101 0.000000 0.000000 0.000000 -1.000000 1 8.383998647e-06 2.114707604e-05
40 0.382073 0.300000 0.345101 1.477859 -0.400446 0.345101 0.000000 0.000000 0.000000 -1.000000 1 8.285976946e-06 2.084090374e-05
40 0.384737 0.300000 0.345101 1.477859 -0.400446 0.345101 0.000000 0.000000 0.000000 -1.000000 1 8.302973583e-06 2.103508450e-05
40 0.386982 0.300000 0.345101 1.477859 -0.400446 0.345101 0.000000 0.000000 0.000000 -1.000000 1 8.350936696e-06 2.089818008e-05
40 0.389004 0.300000 0.345101 1.477859 -0.400446 0.345101 0.000000 0.000000 0.000000 -1.000000 1 9.582145140e-06 2.205092460e-05
40 0.391274 0.300000 0.345101 1.477859 -0.400446 0.345101 0.000000 0.000000 0.000000 -1.000000 1 8.361879736e-06 2.087396570e-05
40 0.394202 0.300000 0.345101 1.477859 -0.400446 0.345101 0.000000 0.000000 0.000000 -1.000000 1 8.361879736e-06 2.383999527e-05
40 0.397965 0.300000 0.345101 1.477859 -0.400446 0.345101 0.000000 0.000000 0.000000 -1.000000 1 8.475035429e-06 2.107094042e-05
40 0.402601 0.300000 0.345101 1.477859 -0.400446 0.345101 0.000000 0.000000 0.000000 -1.000000 1 9.351875633e-06 2.319016494e-05
40 0.407926 0.300000 0.345101 1.477859 -0.400446 0.345101 0.000000 0.000000 0.000000 -1.000000 1 8.505070582e-06 2.118805423e-05
40 0.413356 0.300000 0.345101 1.477859 -0.400446 0.345101 0.000000 0.000000 0.000000 -1.000000 1 8.446862921e-06 2.073310316e-05
40 0.417371 0.300000 0.345101 1.477859 -0.400446 0.345101 0.000000 0.000000 0.000000 -1.000000 1 1.027504914e-05 2.537108958e-05
41 0.420334 0.300000 0.301993 1.497895 -0.489751 0.301993 0.000000 0.000000 0.000000 -1.000000 1 8.444068953e-06 2.088816836e-05
41 0.422640 0.300000 0.301993 1.497895 -0.489751 0.301993 0.000000 0.000000 0.000000 -1.000000 1 1.250091009e-05 3.142491914e-05
41 0.424949 0.300000 0.301993 1.497895 -0.489751 0.301993 0.000000 0.000000 0.000000 -1.000000 1 7.726950571e-06 1.932191662e-05
41 0.427487 0.300000 0.301993 1.497895 -0.489751 0.301993 0.000000 0.000000 0.000000 -1.000000 1 8.505070582e-06 2.118293196e-05
41 0.430383 0.300000 0.301993 1.497895 -0.489751 0.301993 0.000000 0.000000 0.000000 -1.000000 1 8.187955245e-06 2.074311487e-05
41 0.433653 0.300000 0.301993 1.497895 -0.489751 0.301993 0.000000 0.000000 0.000000 -1.000000 1 8.428003639e-06 2.116383985e-05
41 0.437332 0.300000 0.301993 1.497895 -0.489751 0.301993 0.000000 0.000000 0.000000 -1.000000 1 8.585164323e-06 2.128980123e-05
41 0.441464 0.300000 0.301993 1.497895 -0.489751 0.301993 0.000000 0.000000 0.000000 -1.000000 1 8.557923138e-06 2.124696039e-05
41 0.445902 0.300000 0.301993 1.497895 -0.489751 0.301993 0.000000 0.000000 0.000000 -1.000000 1 8.566072211e-06 2.132914960e-05
41 0.449986 0.300000 0.301993 1.497895 -0.489751 0.301993 0.000000 0.000000 0.000000 -1.000000 1 8.601928130e-06 2.136291005e-05
41 0.453403 0.300000 0.301993 1.497895 -0.489751 0.301993 0.000000 0.000000 0.000000 -1.000000 1 8.468981832e-06 2.094195224e-05
41 0.456433 0.300000 0.301993 1.497895 -0.489751 0.301993 0.000000 0.000000 0.000000 -1.000000 1 8.391914889e-06 2.083694562e-05
41 0.459805 0.300000 0.301993 1.497895 -0.489751 0.301993 0.000000 0.000000 0.000000 -1.000000 1 8.382136002e-06 2.098991536e-05
41 0.464026 0.300000 0.301993 1.497895 -0.489751 0.301993 0.000000 0.000000 0.000000 -1.000000 1 8.687144145e-06 2.148002386e-05
41 0.469219 0.300000 0.301993 1.497895 -0.489751 0.301993 0.000000 0.000000 0.000000 -1.000000 1 8.734175935e-06 2.134894021e-05
41 0.475274 0.300000 0.301993 1.497895 -0.489751 0.301993 0.000000 0.000000 0.000000 -1.000000 1 8.269911632e-06 2.084579319e-05
41 0.481915 0.300000 0.301993 1.497895 -0.489751 0.301993 0.000000 0.000000 0.000000 -1.000000 1 8.322065696e-06 2.091098577e-05
41 0.488967 0.300000 0.301993 1.497895 -0.489751 0.301993 0.000000 0.000000 0.000000 -1.000000 1 8.631963283e-06 2.116686665e-05
41 0.496082 0.300000 0.301993 1.497895 -0.489751 0.301993 0.000000 0.000000 0.000000 -1.000000 1 1.881807111e-05 4.976103082e-05
41 0.502512 0.300000 0.301993 1.497895 -0.489751 0.301993 0.000000 0.000000 0.000000 -1.000000 1 1.283618622e-05 3.237905912e-05
42 0.508057 0.300000 0.324061 1.499696 -0.550384 0.324061 0.000000 0.000000 0.000000 -1.000000 1 1.239008270e-05 3.190012649e-05
42 0.512747 0.300000 0.324061 1.499696 -0.550384 0.324061 0.000000 0.000000 0.000000 -1.000000 1 1.019402407e-05 2.609496005e-05
42 0.517761 0.300000 0.324061 1.499696 -0.550384 0.324061 0.000000 0.000000 0.000000 -1.000000 1 1.237588003e-05 3.183493391e-05
42 0.524079 0.300000 0.324061 1.499696 -0.550384 0.324061 0.000000 0.000000 0.000000 -1.000000 1 1.438008621e-05 3.509595990e-05
42 0.531434 0.300000 0.324061 1.499696 -0.550384 0.324061 0.000000 0.000000 0.000000 -1.000000 1 6.479909644e-06 1.630512998e-05
42 0.539807 0.300000 0.324061 1.499696 -0.550384 0.324061 0.000000 0.000000 0.000000 -1.000000 1 8.536968380e-06 2.113706432e-05
42 0.549134 0.300000 0.324061 1.499696 -0.550384 0.324061 0.000000 0.000000 0.000000 -1.000000 1 8.457805961e-06 2.100411803e-05
42 0.559039 0.300000 0.324061 1.499696 -0.550384 0.324061 0.000000 0.000000 0.000000 -1.000000 1 8.414033800e-06 2.074800432e-05
42 0.568875 0.300000 0.324061 1.499696 -0.550384 0.324061 0.000000 0.000000 0.000000 -1.000000 1 8.440809324e-06 2.085301094e-05
42 0.578198 0.300000 0.324061 1.499696 -0.550384 0.324061 0.000000 0.000000 0.000000 -1.000000 1 8.602859452e-06 2.139015123e-05
42 0.587135 0.300000 0.324061 1.499696 -0.550384 0.324061 0.000000 0.000000 0.000000 -1.000000 1 8.761882782e-06 2.168002538e-05
42 0.595426 0.300000 0.324061 1.499696 -0.550384 0.324061 0.000000 0.000000 0.000000 -1.000000 1 8.043134585e-06 1.991889440e-05
42 0.603193 0.300000 0.324061 1.499696 -0.550384 0.324061 0.000000 0.000000 0.000000 -1.000000 1 8.580042049e-06 2.150610089e-05
42 0.611602 0.300000 0.324061 1.499696 -0.550384 0.324061 0.000000 0.000000 0.000000 -1.000000 1 8.266884834e-06 2.091820352e-05
42 0.621794 0.300000 0.324061 1.499696 -0.550384 0.324061 0.000000 0.000000 0.000000 -1.000000 1 1.249299385e-05 3.218697384e-05
42 0.634319 0.300000 0.324061 1.499696 -0.550384 0.324061 0.000000 0.000000 0.000000 -1.000000 1 1.670699567e-05 4.140892997e-05
42 0.649201 0.300000 0.324061 1.499696 -0.550384 0.324061 0.000000 0.000000 0.000000 -1.000000 1 1.205620356e-05 3.113294952e-05
42 0.666232 0.300000 0.324061 1.499696 -0.550384 0.324061 0.000000 0.000000 0.000000 -1.000000 1 8.257804438e-06 2.075405791e-05
42 0.684614 0.300000 0.324061 1.499696 -0.550384 0.324061 0.000000 0.000000 0.000000 -1.000000 1 8.322997019e-06 2.072798088e-05
42 0.701913 0.300000 0.324061 1.499696 -0.550384 0.324061 0.000000 0.000000 0.000000 -1.000000 1 8.607050404e-06 2.147583291e-05
43 0.717000 0.300000 0.238816 1.457800 -0.663553 0.238816 0.000000 0.000000 0.000000 -1.000000 1 8.838949725e-06 2.143997699e-05
43 0.730312 0.300000 0.238816 1.457800 -0.663553 0.238816 0.000000 0.000000 0.000000 -1.000000 1 1.266412437e-05 3.216112964e-05
43 0.744329 0.300000 0.238816 1.457800 -0.663553 0.238816 0.000000 0.000000 0.000000 -1.000000 1 1.413305290e-05 3.518001176e-05
43 0.760326 0.300000 0.238816 1.457800 -0.663553 0.238816 0.000000 0.000000 0.000000 -1.000000 1 8.406816050e-06 2.094800584e-05
43 0.778733 0.300000 0.238816 1.457800 -0.663553 0.238816 0.000000 0.000000 0.000000 -1.000000 1 8.604954928e-06 2.123601735e-05
43 0.799812 0.300000 0.238816 1.457800 -0.663553 0.238816 0.000000 0.000000 0.000000 -1.000000 1 8.981209248e-06 2.136919647e-05
43 0.823745 0.300000 0.238816 1.457800 -0.663553 0.238816 0.000000 0.000000 0.000000 -1.000000 1 8.719041944e-06 2.120016143e-05
43 0.850381 0.300000 0.238816 1.457800 -0.663553 0.238816 0.000000 0.000000 0.000000 -1.000000 1 9.116018191e-06 2.179597504e-05
43 0.878936 0.299999 0.238816 1.457800 -0.663553 0.238816 0.000000 0.000000 0.000000 -1.000000 1 8.461996913e-06 2.116290852e-05
43 0.908489 0.299998 0.238816 1.457800 -0.663553 0.238816 0.000000 0.000000 0.000000 -1.000000 1 8.729984984e-06 2.150493674e-05
43 0.938447 0.299997 0.238816 1.457800 -0.663553 0.238816 0.000000 0.000000 0.000000 -1.000000 1 8.509028703e-06 2.108304761e-05
43 0.967210 0.299996 0.238816 1.457800 -0.663553 0.238816 0.000000 0.000000 0.000000 -1.000000 1 8.568167686e-06 2.146512270e-05
43 0.995747 0.299995 0.238816 1.457800 -0.663553 0.238816 0.000000 0.000000 0.000000 -1.000000 1 1.251604408e-05 3.060582094e-05
43 1.000000 0.291283 0.238816 1.457800 -0.663553 0.238816 0.000000 0.000000 0.000000 -1.000000 1 1.711701043e-05 2.968613990e-05
43 1.000000 0.280406 0.238816 1.457800 -0.663553 0.238816 0.000000 0.000000 0.000000 -1.000000 1 8.508097380e-06 2.132798545e-05
43 1.000000 0.268568 0.238816 1.457800 -0.663553 0.238816 0.000000 0.000000 0.000000 -1.000000 1 8.363975212e-06 2.104812302e-05
43 1.000000 0.255737 0.238816 1.457800 -0.663553 0.238816 0.000000 0.000000 0.000000 -1.000000 1 8.483882993e-06 2.108491026e-05
43 1.000000 0.242252 0.238816 1.457800 -0.663553 0.238816 0.000000 0.000000 0.000000 -1.000000 1 8.405884728e-06 2.099806443e-05
43 1.000000 0.228464 0.238816 1.457800 -0.663553 0.238816 0.000000 0.000000 0.000000 -1.000000 1 8.353032172e-06 2.080202103e-05
43 1.000000 0.214845 0.238816 1.457800 -0.663553 0.238816 0.000000 0.000000 0.000000 -1.000000 1 8.435919881e-06 2.121599391e-05
44 1.000000 0.202278 0.200760 1.361587 -0.767047 0.200760 0.000000 0.000000 0.000000 -1.000000 1 8.522998542e-06 2.101506107e-05
44 1.000000 0.190999 0.200760 1.361587 -0.767047 0.200760 0.000000 0.000000 0.000000 -1.000000 1 8.249888197e-06 2.076313831e-05
44 1.000000 0.180004 0.200760 1.361587 -0.767047 0.200760 0.000000 0.000000 0.000000 -1.000000 1 8.719973266e-06 2.151099034e-05
44 1.000000 0.167899 0.200760 1.361587 -0.767047 0.200760 0.000000 0.000000 0.000000 -1.000000 1 8.306000382e-06 2.070004120e-05
44 1.000000 0.154590 0.200760 1.361587 -0.767047 0.200760 0.000000 0.000000 0.000000 -1.000000 1 1.502409577e-05 3.700004891e-05
44 1.000000 0.140659 0.200760 1.361587 -0.767047 0.200760 0.000000 0.000000 0.000000 -1.000000 1 1.285597682e-05 3.240886144e-05
44 1.000000 0.126468 0.200760 1.361587 -0.767047 0.200760 0.000000 0.000000 0.000000 -1.000000 1 1.240405254e-05 3.195903264e-05
44 1.000000 0.111653 0.200760 1.361587 -0.767047 0.200760 0.000000 0.000000 0.000000 -1.000000 1 8.403090760e-06 2.078711987e-05
44 1.000000 0.096558 0.200760 1.361587 -0.767047 0.200760 0.000000 0.000000 0.000000 -1.000000 1 1.232791692e-05 3.190198913e-05
44 1.000000 0.081547 0.200760 1.361587 -0.767047 0.200760 0.000000 0.000000 0.000000 -1.000000 1 1.592794433e-05 3.919703886e-05
44 1.000000 0.066970 0.200760 1.361587 -0.767047 0.200760 0.000000 0.000000 0.000000 -1.000000 1 8.656876162e-06 2.116709948e-05
44 1.000000 0.053550 0.200760 1.361587 -0.767047 0.200760 0.000000 0.000000 0.000000 -1.000000 1 8.261995390e-06 2.080202103e-05
44 1.000000 0.040956 0.200760 1.361587 -0.767047 0.200760 0.000000 0.000000 0.000000 -1.000000 1 8.416129276e-06 2.104206942e-05
44 1.000000 0.028139 0.200760 1.361587 -0.767047 0.200760 0.000000 0.000000 0.000000 -1.000000 1 8.322997019e-06 2.074195072e-05
44 1.000000 0.014764 0.200760 1.361587 -0.767047 0.200760 0.000000 0.000000 0.000000 -1.000000 1 8.443836123e-06 2.088281326e-05
44 1.000000 0.000623 0.200760 1.361587 -0.767047 0.200760 0.000000 0.000000 0.000000 -1.000000 1 1.269183122e-05 3.223191015e-05
44 1.000000 -0.014391 0.200760 1.361587 -0.767047 0.200760 0.000000 0.000000 0.000000 -1.000000 1 4.077097401e-06 1.035095192e-05
44 1.000000 -0.030394 0.200760 1.361587 -0.767047 0.200760 0.000000 0.000000 0.000000 -1.000000 1 3.840075806e-06 9.930925444e-06
44 1.000000 -0.047343 0.200760 1.361587 -0.767047 0.200760 0.000000 0.000000 0.000000 -1.000000 1 1.246691681e-05 3.194995224e-05
44 1.000000 -0.064656 0.200760 1.361587 -0.767047 0.200760 0.000000 0.000000 0.000000 -1.000000 1 9.689014405e-06 4.843203351e-05
45 1.000000 -0.081831 0.123183 1.185377 -0.887990 0.123183 0.000000 0.000000 0.000000 -1.000000 1 8.517876267e-06 2.100015990e-05
45 1.000000 -0.098504 0.123183 1.185377 -0.887990 0.123183 0.000000 0.000000 0.000000 -1.000000 1 9.733019397e-06 2.343603410e-05
45 1.000000 -0.115311 0.123183 1.185377 -0.887990 0.123183 0.000000 0.000000 0.000000 -1.000000 1 8.396105841e-06 2.093100920e-05
45 1.000000 -0.132111 0.123183 1.185377 -0.887990 0.123183 0.000000 0.000000 0.000000 -1.000000 1 8.374918252e-06 2.106302418e-05
45 1.000000 -0.148863 0.123183 1.185377 -0.887990 0.123183 0.000000 0.000000 0.000000 -1.000000 1 8.468050510e-06 2.100481652e-05
45 1.000000 -0.166367 0.123183 1.185377 -0.887990 0.123183 0.000000 0.000000 0.000000 -1.000000 1 1.231697388e-05 3.167008981e-05
45 1.000000 -0.184871 0.123183 1.185377 -0.887990 0.123183 0.000000 0.000000 0.000000 -1.000000 1 1.571094617e-05 3.565708175e-05
45 1.000000 -0.202995 0.123183 1.185377 -0.887990 0.123183 0.000000 0.000000 0.000000 -1.000000 1 8.407980204e-06 2.092495561e-05
45 1.000000 -0.219536 0.123183 1.185377 -0.887990 0.123183 0.000000 0.000000 0.000000 -1.000000 1 8.431961760e-06 2.112681977e-05
45 1.000000 -0.234635 0.123183 1.185377 -0.887990 0.123183 0.000000 0.000000 0.000000 -1.000000 1 8.539063856e-06 2.125301398e-05
45 1.000000 -0.248796 0.123183 1.185377 -0.887990 0.123183 0.000000 0.000000 0.000000 -1.000000 1 8.531147614e-06 2.147513442e-05
45 1.000000 -0.262676 0.123183 1.185377 -0.887990 0.123183 0.000000 0.000000 0.000000 -1.000000 1 8.383998647e-06 2.112006769e-05
45 1.000000 -0.276212 0.123183 1.185377 -0.887990 0.123183 0.000000 0.000000 0.000000 -1.000000 1 1.601502299e-05 2.846703865e-05
45 1.000000 -0.288396 0.123183 1.185377 -0.887990 0.123183 0.000000 0.000000 0.000000 -1.000000 1 8.719041944e-06 2.139294520e-05
45 0.999981 -0.300061 0.123183 1.185377 -0.887990 0.123183 0.000000 0.000000 0.000000 -1.000000 1 9.163981304e-06 2.178200521e-05
45 1.000000 -0.300000 0.123183 1.185377 -0.887990 0.123183 0.000000 0.000000 0.000000 -1.000000 1 1.498195343e-05 2.740300260e-05
45 1.000000 -0.300000 0.123183 1.185377 -0.887990 0.123183 0.000000 0.000000 0.000000 -1.000000 1 1.489417627e-05 2.748612314e-05
45 1.000000 -0.300000 0.123183 1.185377 -0.887990 0.123183 0.000000 0.000000 0.000000 -1.000000 1 1.811515540e-05 3.074179403e-05
45 1.000000 -0.300000 0.123183 1.185377 -0.887990 0.123183 0.000000 0.000000 0.000000 -1.000000 1 1.541804522e-05 2.824584953e-05
45 1.000000 -0.300000 0.123183 1.185377 -0.887990 0.123183 0.000000 0.000000 0.000000 -1.000000 1 1.510791481e-05 2.796808258e-05
46 0.971367 -0.300000 0.089410 0.971367 -0.933783 0.089410 0.000000 0.000000 0.000000 -1.000000 1 8.529983461e-06 2.095894888e-05
46 0.971367 -0.300000 0.089410 0.971367 -0.933783 0.089410 0.000000 0.000000 0.000000 -1.000000 1 8.429167792e-06 2.123997547e-05
46 0.971367 -0.300000 0.089410 0.971367 -0.933783 0.089410 0.000000 0.000000 0.000000 -1.000000 1 8.320901543e-06 2.083578147e-05
46 0.971367 -0.300000 0.089410 0.971367 -0.933783 0.089410 0.000000 0.000000 0.000000 -1.000000 1 1.014512964e-05 2.465909347e-05
46 0.971367 -0.300000 0.089410 0.971367 -0.933783 0.089410 0.000000 0.000000 0.000000 -1.000000 1 8.847098798e-06 2.222694457e-05
46 0.971367 -0.300000 0.089410 0.971367 -0.933783 0.089410 0.000000 0.000000 0.000000 -1.000000 1 8.553965017e-06 2.118502744e-05
46 0.971367 -0.300000 0.089410 0.971367 -0.933783 0.089410 0.000000 0.000000 0.000000 -1.000000 1 8.356058970e-06 2.104789019e-05
46 0.971367 -0.300000 0.089410 0.971367 -0.933783 0.089410 0.000000 0.000000 0.000000 -1.000000 1 8.314847946e-06 2.098083496e-05
46 0.971367 -0.300000 0.089410 0.971367 -0.933783 0.089410 0.000000 0.000000 0.000000 -1.000000 1 8.478062227e-06 2.113194205e-05
46 0.971367 -0.300000 0.089410 0.971367 -0.933783 0.089410 0.000000 0.000000 0.000000 -1.000000 1 8.740928024e-06 2.158107236e-05
46 0.971367 -0.300000 0.089410 0.971367 -0.933783 0.089410 0.000000 0.000000 0.000000 -1.000000 1 8.655013517e-06 2.142298035e-05
46 0.971367 -0.300000 0.089410 0.971367 -0.933783 0.089410 0.000000 0.000000 0.000000 -1.000000 1 8.408213034e-06 2.115499228e-05
46 0.971367 -0.300000 0.089410 0.971367 -0.933783 0.089410 0.000000 0.000000 0.000000 -1.000000 1 8.413102478e-06 2.118106931e-05
46 0.971367 -0.300000 0.089410 0.971367 -0.933783 0.089410 0.000000 0.000000 0.000000 -1.000000 1 8.350936696e-06 2.091401257e-05
46 0.971367 -0.300000 0.089410 0.971367 -0.933783 0.089410 0.000000 0.000000 0.000000 -1.000000 1 8.597970009e-06 2.701999620e-05
46 0.971367 -0.300000 0.089410 0.971367 -0.933783 0.089410 0.000000 0.000000 0.000000 -1.000000 1 8.640810847e-06 2.150214277e-05
46 0.971367 -0.300000 0.089410 0.971367 -0.933783 0.089410 0.000000 0.000000 0.000000 -1.000000 1 8.514150977e-06 2.138596028e-05
46 0.971367 -0.300000 0.089410 0.971367 -0.933783 0.089410 0.000000 0.000000 0.000000 -1.000000 1 8.492963389e-06 2.113799565e-05
46 0.971367 -0.300000 0.089410 0.971367 -0.933783 0.089410 0.000000 0.000000 0.000000 -1.000000 1 8.451985195e-06 2.103298903e-05
46 0.971367 -0.300000 0.089410 0.971367 -0.933783 0.089410 0.000000 0.000000 0.000000 -1.000000 1 9.905081242e-06 2.306979150e-05
47 0.679491 -0.300000 -0.028342 0.679491 -0.933624 -0.028342 0.000000 0.000000 0.000000 -1.000000 1 3.411900252e-05 6.010499783e-05
47 0.679491 -0.300000 -0.028342 0.679491 -0.933624 -0.028342 0.000000 0.000000 0.000000 -1.000000 1 8.258968592e-06 2.078083344e-05
47 0.679491 -0.300000 -0.028342 0.679491 -0.933624 -0.028342 0.000000 0.000000 0.000000 -1.000000 1 8.453847840e-06 2.095801756e-05
47 0.679491 -0.300000 -0.028342 0.679491 -0.933624 -0.028342 0.000000 0.000000 0.000000 -1.000000 1 8.437084034e-06 2.100993879e-05
47 0.679491 -0.300000 -0.028342 0.679491 -0.933624 -0.028342 0.000000 0.000000 0.000000 -1.000000 1 8.424976841e-06 2.119783312e-05
47 0.679491 -0.300000 -0.028342 0.679491 -0.933624 -0.028342 0.000000 0.000000 0.000000 -1.000000 1 8.279923350e-06 2.096104436e-05
47 0.679491 -0.300000 -0.028342 0.679491 -0.933624 -0.028342 0.000000 0.000000 0.000000 -1.000000 1 8.404953405e-06 2.097897232e-05
47 0.679491 -0.300000 -0.028342 0.679491 -0.933624 -0.028342 0.000000 0.000000 0.000000 -1.000000 1 8.312053978e-06 2.091610804e-05
47 0.679491 -0.300000 -0.028342 0.679491 -0.933624 -0.028342 0.000000 0.000000 0.000000 -1.000000 1 8.492032066e-06 2.125697210e-05
47 0.679491 -0.300000 -0.028342 0.679491 -0.933624 -0.028342 0.000000 0.000000 0.000000 -1.000000 1 1.218984835e-05 2.540205605e-05
47 0.679491 -0.300000 -0.028342 0.679491 -0.933624 -0.028342 0.000000 0.000000 0.000000 -1.000000 1 8.304137737e-06 2.085394226e-05
47 0.679491 -0.300000 -0.028342 0.679491 -0.933624 -0.028342 0.000000 0.000000 0.000000 -1.000000 1 8.244067430e-06 2.085813321e-05
47 0.679491 -0.300000 -0.028342 0.679491 -0.933624 -0.028342 0.000000 0.000000 0.000000 -1.000000 1 2.068001777e-06 5.193985999e-06
47 0.679491 -0.300000 -0.028342 0.679491 -0.933624 -0.028342 0.000000 0.000000 0.000000 -1.000000 1 2.143206075e-06 5.238922313e-06
47 0.679491 -0.300000 -0.028342 0.679491 -0.933624 -0.028342 0.000000 0.000000 0.000000 -1.000000 1 5.078036338e-06 1.266994514e-05
47 0.679491 -0.300000 -0.028342 0.679491 -0.933624 -0.028342 0.000000 0.000000 0.000000 -1.000000 1 6.898073480e-06 1.709791832e-05
47 0.679491 -0.300000 -0.028342 0.679491 -0.933624 -0.028342 0.000000 0.000000 0.000000 -1.000000 1 8.449889719e-06 2.120598219e-05
47 0.679491 -0.300000 -0.028342 0.679491 -0.933624 -0.028342 0.000000 0.000000 0.000000 -1.000000 1 1.097517088e-05 2.717599273e-05
47 0.679491 -0.300000 -0.028342 0.679491 -0.933624 -0.028342 0.000000 0.000000 0.000000 -1.000000 1 8.624047041e-06 2.147606574e-05
47 0.679491 -0.300000 -0.028342 0.679491 -0.933624 -0.028342 0.000000 0.000000 0.000000 -1.000000 1 8.409842849e-06 2.108910121e-05
48 0.544345 -0.300000 0.134153 0.544345 -0.810456 0.134153 0.000000 0.000000 0.000000 -1.000000 1 9.946990758e-06 2.409098670e-05
48 0.544345 -0.300000 0.134153 0.544345 -0.810456 0.134153 0.000000 0.000000 0.000000 -1.000000 1 8.306000382e-06 2.097594552e-05
48 0.544345 -0.300000 0.134153 0.544345 -0.810456 0.134153 0.000000 0.000000 0.000000 -1.000000 1 7.815891877e-06 1.966208220e-05
48 0.544345 -0.300000 0.134153 0.544345 -0.810456 0.134153 0.000000 0.000000 0.000000 -1.000000 1 8.264090866e-06 2.091797069e-05
48 0.544345 -0.300000 0.134153 0.544345 -0.810456 0.134153 0.000000 0.000000 0.000000 -1.000000 1 1.355889253e-05 3.456696868e-05
48 0.544345 -0.300000 0.134153 0.544345 -0.810456 0.134153 0.000000 0.000000 0.000000 -1.000000 1 1.227902249e-05 3.145285882e-05
48 0.544345 -0.300000 0.134153 0.544345 -0.810456 0.134153 0.000000 0.000000 0.000000 -1.000000 1 1.212186180e-05 3.123702481e-05
48 0.544345 -0.300000 0.134153 0.544345 -0.810456 0.134153 0.000000 0.000000 0.000000 -1.000000 1 5.490100011e-05 8.134404197e-05
48 0.544345 -0.300000 0.134153 0.544345 -0.810456 0.134153 0.000000 0.000000 0.000000 -1.000000 1 8.392846212e-06 2.082600258e-05
48 0.544345 -0.300000 0.134153 0.544345 -0.810456 0.134153 0.000000 0.000000 0.000000 -1.000000 1 8.517876267e-06 2.128491178e-05
48 0.544345 -0.300000 0.134153 0.544345 -0.810456 0.134153 0.000000 0.000000 0.000000 -1.000000 1 8.350005373e-06 2.108816989e-05
48 0.544345 -0.300000 0.134153 0.544345 -0.810456 0.134153 0.000000 0.000000 0.000000 -1.000000 1 8.485047147e-06 2.099201083e-05
48 0.544345 -0.300000 0.134153 0.544345 -0.810456 0.134153 0.000000 0.000000 0.000000 -1.000000 1 1.611490734e-05 3.973790444e-05
48 0.544345 -0.300000 0.134153 0.544345 -0.810456 0.134153 0.000000 0.000000 0.000000 -1.000000 1 8.381204680e-06 2.096593380e-05
48 0.544345 -0.300000 0.134153 0.544345 -0.810456 0.134153 0.000000 0.000000 0.000000 -1.000000 1 1.461501233e-05 3.532599658e-05
48 0.544345 -0.300000 0.134153 0.544345 -0.810456 0.134153 0.000000 0.000000 0.000000 -1.000000 1 8.363043889e-06 2.094497904e-05
48 0.544345 -0.300000 0.134153 0.544345 -0.810456 0.134153 0.000000 0.000000 0.000000 -1.000000 1 8.440809324e-06 2.091587521e-05
48 0.544345 -0.300000 0.134153 0.544345 -0.810456 0.134153 0.000000 0.000000 0.000000 -1.000000 1 8.482020348e-06 2.137105912e-05
48 0.544345 -0.300000 0.134153 0.544345 -0.810456 0.134153 0.000000 0.000000 0.000000 -1.000000 1 8.564908057e-06 2.129701898e-05
48 0.544345 -0.300000 0.134153 0.544345 -0.810456 0.134153 0.000000 0.000000 0.000000 -1.000000 1 7.777009159e-06 1.936592162e-05
49 0.329443 -0.300000 0.110281 0.329443 -0.732551 0.110281 0.000000 0.000000 0.000000 -1.000000 1 8.575152606e-06 2.123997547e-05
49 0.329443 -0.300000 0.110281 0.329443 -0.732551 0.110281 0.000000 0.000000 0.000000 -1.000000 1 8.359085768e-06 2.097291872e-05
49 0.329443 -0.300000 0.110281 0.329443 -0.732551 0.110281 0.000000 0.000000 0.000000 -1.000000 1 8.545117453e-06 2.108002082e-05
49 0.329443 -0.300000 0.110281 0.329443 -0.732551 0.110281 0.000000 0.000000 0.000000 -1.000000 1 8.309958503e-06 2.084020525e-05
49 0.329443 -0.300000 0.110281 0.329443 -0.732551 0.110281 0.000000 0.000000 0.000000 -1.000000 1 8.554896340e-06 2.099503763e-05
49 0.329443 -0.300000 0.110281 0.329443 -0.732551 0.110281 0.000000 0.000000 0.000000 -1.000000 1 8.515082300e-06 2.095499076e-05
49 0.329443 -0.300000 0.110281 0.329443 -0.732551 0.110281 0.000000 0.000000 0.000000 -1.000000 1 8.815899491e-06 2.157292329e-05
49 0.329443 -0.300000 0.110281 0.329443 -0.732551 0.110281 0.000000 0.000000 0.000000 -1.000000 1 8.362112567e-06 2.094707452e-05
49 0.329443 -0.300000 0.110281 0.329443 -0.732551 0.110281 0.000000 0.000000 0.000000 -1.000000 1 8.462928236e-06 2.083508298e-05
49 0.329443 -0.300000 0.110281 0.329443 -0.732551 0.110281 0.000000 0.000000 0.000000 -1.000000 1 8.405186236e-06 2.096896060e-05
49 0.329443 -0.300000 0.110281 0.329443 -0.732551 0.110281 0.000000 0.000000 0.000000 -1.000000 1 8.622882888e-06 2.095801756e-05
49 0.329443 -0.300000 0.110281 0.329443 -0.732551 0.110281 0.000000 0.000000 0.000000 -1.000000 1 1.826090738e-05 4.761503078e-05
49 0.329443 -0.300000 0.110281 0.329443 -0.732551 0.110281 0.000000 0.000000 0.000000 -1.000000 1 1.209299080e-05 3.125495277e-05
49 0.329443 -0.300000 0.110281 0.329443 -0.732551 0.110281 0.000000 0.000000 0.000000 -1.000000 1 8.572125807e-06 2.150190994e-05
49 0.329443 -0.300000 0.110281 0.329443 -0.732551 0.110281 0.000000 0.000000 0.000000 -1.000000 1 8.338829502e-06 2.088304609e-05
49 0.329443 -0.300000 0.110281 0.329443 -0.732551 0.110281 0.000000 0.000000 0.000000 -1.000000 1 8.480157703e-06 2.095801756e-05
49 0.329443 -0.300000 0.110281 0.329443 -0.732551 0.110281 0.000000 0.000000 0.000000 -1.000000 1 8.356990293e-06 2.098805271e-05
49 0.329443 -0.300000 0.110281 0.329443 -0.732551 0.110281 0.000000 0.000000 0.000000 -1.000000 1 8.476898074e-06 2.125883475e-05
49 0.329443 -0.300000 0.110281 0.329443 -0.732551 0.110281 0.000000 0.000000 0.000000 -1.000000 1 8.850824088e-06 2.162810415e-05
49 0.329443 -0.300000 0.110281 0.329443 -0.732551 0.110281 0.000000 0.000000 0.000000 -1.000000 1 8.470145985e-06 2.123205923e-05
50 0.270406 -0.300000 0.174422 0.270406 -0.605410 0.174422 0.000000 0.000000 0.000000 -1.000000 1 8.460134268e-06 2.100109123e-05
50 0.270406 -0.300000 0.174422 0.270406 -0.605410 0.174422 0.000000 0.000000 0.000000 -1.000000 1 8.381204680e-06 2.121506259e-05
50 0.270406 -0.300000 0.174422 0.270406 -0.605410 0.174422 0.000000 0.000000 0.000000 -1.000000 1 1.636915840e-05 3.967201337e-05
50 0.270406 -0.300000 0.174422 0.270406 -0.605410 0.174422 0.000000 0.000000 0.000000 -1.000000 1 8.791917935e-06 2.196012065e-05
50 0.270406 -0.300000 0.174422 0.270406 -0.605410 0.174422 0.000000 0.000000 0.000000 -1.000000 1 9.060837328e-06 2.192915417e-05
50 0.270406 -0.300000 0.174422 0.270406 -0.605410 0.174422 0.000000 0.000000 0.000000 -1.000000 1 8.384929970e-06 2.083601430e-05
50 0.270406 -0.300000 0.174422 0.270406 -0.605410 0.174422 0.000000 0.000000 0.000000 -1.000000 1 8.651055396e-06 2.149608918e-05
50 0.270406 -0.300000 0.174422 0.270406 -0.605410 0.174422 0.000000 0.000000 0.000000 -1.000000 1 8.460134268e-06 2.088700421e-05
50 0.270406 -0.300000 0.174422 0.270406 -0.605410 0.174422 0.000000 0.000000 0.000000 -1.000000 1 1.839804463e-05 4.795496352e-05
50 0.270406 -0.300000 0.174422 0.270406 -0.605410 0.174422 0.000000 0.000000 0.000000 -1.000000 1 1.286691986e-05 3.278395161e-05
50 0.270406 -0.300000 0.174422 0.270406 -0.605410 0.174422 0.000000 0.000000 0.000000 -1.000000 1 5.012145266e-06 1.235003583e-05
50 0.270406 -0.300000 0.174422 0.270406 -0.605410 0.174422 0.000000 0.000000 0.000000 -1.000000 1 4.335073754e-06 1.079100184e-05
50 0.270406 -0.300000 0.174422 0.270406 -0.605410 0.174422 0.000000 0.000000 0.000000 -1.000000 1 8.131843060e-06 1.970608719e-05
50 0.270406 -0.300000 0.174422 0.270406 -0.605410 0.174422 0.000000 0.000000 0.000000 -1.000000 1 8.305069059e-06 2.075708471e-05
50 0.270406 -0.300000 0.174422 0.270406 -0.605410 0.174422 0.000000 0.000000 0.000000 -1.000000 1 8.367002010e-06 2.084812149e-05
50 0.270406 -0.300000 0.174422 0.270406 -0.605410 0.174422 0.000000 0.000000 0.000000 -1.000000 1 8.221948519e-06 2.075219527e-05
50 0.270406 -0.300000 0.174422 0.270406 -0.605410 0.174422 0.000000 0.000000 0.000000 -1.000000 1 8.341157809e-06 2.085999586e-05
50 0.270406 -0.300000 0.174422 0.270406 -0.605410 0.174422 0.000000 0.000000 0.000000 -1.000000 1 1.217890531e-05 3.182608634e-05
50 0.270406 -0.300000 0.174422 0.270406 -0.605410 0.174422 0.000000 0.000000 0.000000 -1.000000 1 1.207995228e-05 3.136112355e-05
50 0.270406 -0.300000 0.174422 0.270406 -0.605410 0.174422 0.000000 0.000000 0.000000 -1.000000 1 8.582137525e-06 2.114987001e-05
51 0.204403 -0.300000 0.134154 0.204403 -0.496542 0.134154 0.000000 0.000000 0.000000 -1.000000 1 1.362292096e-05 3.437208943e-05
51 0.204403 -0.300000 0.134154 0.204403 -0.496542 0.134154 0.000000 0.000000 0.000000 -1.000000 1 1.210393384e-05 3.126217052e-05
51 0.204403 -0.300000 0.134154 0.204403 -0.496542 0.134154 0.000000 0.000000 0.000000 -1.000000 1 8.299946785e-06 2.095801756e-05
51 0.204403 -0.300000 0.134154 0.204403 -0.496542 0.134154 0.000000 0.000000 0.000000 -1.000000 1 8.353963494e-06 2.084881999e-05
51 0.204403 -0.300000 0.134154 0.204403 -0.496542 0.134154 0.000000 0.000000 0.000000 -1.000000 1 8.295057341e-06 2.089701593e-05
51 0.204403 -0.300000 0.134154 0.204403 -0.496542 0.134154 0.000000 0.000000 0.000000 -1.000000 1 1.027900726e-05 2.623093314e-05
51 0.204403 -0.300000 0.134154 0.204403 -0.496542 0.134154 0.000000 0.000000 0.000000 -1.000000 1 8.451053873e-06 2.113613300e-05
51 0.204403 -0.300000 0.134154 0.204403 -0.496542 0.134154 0.000000 0.000000 0.000000 -1.000000 1 8.360017091e-06 2.087000757e-05
51 0.204403 -0.300000 0.134154 0.204403 -0.496542 0.134154 0.000000 0.000000 0.000000 -1.000000 1 8.426140994e-06 2.097012475e-05
51 0.204403 -0.300000 0.134154 0.204403 -0.496542 0.134154 0.000000 0.000000 0.000000 -1.000000 1 8.330913261e-06 2.103997394e-05
51 0.204403 -0.300000 0.134154 0.204403 -0.496542 0.134154 0.000000 0.000000 0.000000 -1.000000 1 1.447298564e-05 2.713408321e-05
51 0.204403 -0.300000 0.134154 0.204403 -0.496542 0.134154 0.000000 0.000000 0.000000 -1.000000 1 8.382834494e-06 2.089980990e-05
51 0.204403 -0.300000 0.134154 0.204403 -0.496542 0.134154 0.000000 0.000000 0.000000 -1.000000 1 1.637497917e-05 2.894690260e-05
51 0.204403 -0.300000 0.134154 0.204403 -0.496542 0.134154 0.000000 0.000000 0.000000 -1.000000 1 8.524861187e-06 2.101296559e-05
51 0.204403 -0.300000 0.134154 0.204403 -0.496542 0.134154 0.000000 0.000000 0.000000 -1.000000 1 8.414965123e-06 2.093310468e-05
51 0.204403 -0.300000 0.134154 0.204403 -0.496542 0.134154 0.000000 0.000000 0.000000 -1.000000 1 8.407048881e-06 2.090306953e-05
51 0.204403 -0.300000 0.134154 0.204403 -0.496542 0.134154 0.000000 0.000000 0.000000 -1.000000 1 8.391914889e-06 2.097990364e-05
51 0.204403 -0.300000 0.134154 0.204403 -0.496542 0.134154 0.000000 0.000000 0.000000 -1.000000 1 9.940005839e-06 2.451986074e-05
51 0.204403 -0.300000 0.134154 0.204403 -0.496542 0.134154 0.000000 0.000000 0.000000 -1.000000 1 8.404953405e-06 2.098409459e-05
51 0.204403 -0.300000 0.134154 0.204403 -0.496542 0.134154 0.000000 0.000000 0.000000 -1.000000 1 8.758855984e-06 2.144905739e-05
52 0.269917 -0.300000 0.243709 0.269917 -0.339162 0.243709 0.000000 0.000000 0.000000 -1.000000 1 8.396105841e-06 2.097804099e-05
52 0.269917 -0.300000 0.243709 0.269917 -0.339162 0.243709 0.000000 0.000000 0.000000 -1.000000 1 8.285976946e-06 2.080597915e-05
52 0.269917 -0.300000 0.243709 0.269917 -0.339162 0.243709 0.000000 0.000000 0.000000 -1.000000 1 1.525296830e-05 3.702985123e-05
52 0.269917 -0.300000 0.243709 0.269917 -0.339162 0.243709 0.000000 0.000000 0.000000 -1.000000 1 8.346047252e-06 2.104998566e-05
52 0.269917 -0.300000 0.243709 0.269917 -0.339162 0.243709 0.000000 0.000000 0.000000 -1.000000 1 8.449191228e-06 2.092379145e-05
52 0.269917 -0.300000 0.243709 0.269917 -0.339162 0.243709 0.000000 0.000000 0.000000 -1.000000 1 8.384929970e-06 2.098083496e-05
52 0.269917 -0.300000 0.243709 0.269917 -0.339162 0.243709 0.000000 0.000000 0.000000 -1.000000 1 8.329050615e-06 2.088211477e-05
52 0.269917 -0.300000 0.243709 0.269917 -0.339162 0.243709 0.000000 0.000000 0.000000 -1.000000 1 8.341157809e-06 2.084695734e-05
52 0.269917 -0.300000 0.243709 0.269917 -0.339162 0.243709 0.000000 0.000000 0.000000 -1.000000 1 8.478993550e-06 2.099410631e-05
52 0.269917 -0.300000 0.243709 0.269917 -0.339162 0.243709 0.000000 0.000000 0.000000 -1.000000 1 8.699018508e-06 2.169189975e-05
52 0.269917 -0.300000 0.243709 0.269917 -0.339162 0.243709 0.000000 0.000000 0.000000 -1.000000 1 8.391914889e-06 2.082716674e-05
52 0.269917 -0.300000 0.243709 0.269917 -0.339162 0.243709 0.000000 0.000000 0.000000 -1.000000 1 7.790047675e-06 1.954915933e-05
52 0.269917 -0.300000 0.243709 0.269917 -0.339162 0.243709 0.000000 0.000000 0.000000 -1.000000 1 8.421018720e-06 2.098409459e-05
52 0.269917 -0.300000 0.243709 0.269917 -0.339162 0.243709 0.000000 0.000000 0.000000 -1.000000 1 1.233606599e-05 3.192899749e-05
52 0.269917 -0.300000 0.243709 0.269917 -0.339162 0.243709 0.000000 0.000000 0.000000 -1.000000 1 1.381593756e-05 3.549293615e-05
52 0.269917 -0.300000 0.243709 0.269917 -0.339162 0.243709 0.000000 0.000000 0.000000 -1.000000 1 1.277518459e-05 3.237300552e-05
52 0.269917 -0.300000 0.243709 0.269917 -0.339162 0.243709 0.000000 0.000000 0.000000 -1.000000 1 8.326023817e-06 2.081389539e-05
52 0.269917 -0.300000 0.243709 0.269917 -0.339162 0.243709 0.000000 0.000000 0.000000 -1.000000 1 8.237082511e-06 2.077501267e-05
52 0.269917 -0.300000 0.243709 0.269917 -0.339162 0.243709 0.000000 0.000000 0.000000 -1.000000 1 8.380040526e-06 2.104206942e-05
52 0.269917 -0.300000 0.243709 0.269917 -0.339162 0.243709 0.000000 0.000000 0.000000 -1.000000 1 1.731608063e-05 4.445598461e-05
53 0.278379 -0.217237 0.137400 0.278379 -0.217237 0.137400 0.000000 0.000000 0.000000 -1.000000 1 1.226388849e-05 3.155320883e-05
53 0.278379 -0.217237 0.137400 0.278379 -0.217237 0.137400 0.000000 0.000000 0.000000 -1.000000 1 1.300591975e-05 6.355904043e-05
53 0.278379 -0.217237 0.137400 0.278379 -0.217237 0.137400 0.000000 0.000000 0.000000 -1.000000 1 1.207203604e-05 3.113783896e-05
53 0.278379 -0.217237 0.137400 0.278379 -0.217237 0.137400 0.000000 0.000000 0.000000 -1.000000 1 1.257401891e-05 3.200606443e-05
53 0.278379 -0.217237 0.137400 0.278379 -0.217237 0.137400 0.000000 0.000000 0.000000 -1.000000 1 8.414033800e-06 2.086907625e-05
53 0.278379 -0.217237 0.137400 0.278379 -0.217237 0.137400 0.000000 0.000000 0.000000 -1.000000 1 1.032603905e-05 2.639903687e-05
53 0.278379 -0.217237 0.137400 0.278379 -0.217237 0.137400 0.000000 0.000000 0.000000 -1.000000 1 7.550930604e-06 1.941109076e-05
53 0.278379 -0.217237 0.137400 0.278379 -0.217237 0.137400 0.000000 0.000000 0.000000 -1.000000 1 9.241048247e-06 2.249306999e-05
53 0.278379 -0.217237 0.137400 0.278379 -0.217237 0.137400 0.000000 0.000000 0.000000 -1.000000 1 8.428003639e-06 3.162398934e-05
53 0.278379 -0.217237 0.137400 0.278379 -0.217237 0.137400 0.000000 0.000000 0.000000 -1.000000 1 8.075963706e-06 2.018990926e-05
53 0.278379 -0.217237 0.137400 0.278379 -0.217237 0.137400 0.000000 0.000000 0.000000 -1.000000 1 8.316012099e-06 2.120016143e-05
53 0.278379 -0.217237 0.137400 0.278379 -0.217237 0.137400 0.000000 0.000000 0.000000 -1.000000 1 1.521292143e-05 3.773206845e-05
53 0.278379 -0.217237 0.137400 0.278379 -0.217237 0.137400 0.000000 0.000000 0.000000 -1.000000 1 1.251394860e-05 3.216904588e-05
53 0.278379 -0.217237 0.137400 0.278379 -0.217237 0.137400 0.000000 0.000000 0.000000 -1.000000 1 8.326955140e-06 2.077082172e-05
53 0.278379 -0.217237 0.137400 0.278379 -0.217237 0.137400 0.000000 0.000000 0.000000 -1.000000 1 9.932089597e-06 2.389308065e-05
53 0.278379 -0.217237 0.137400 0.278379 -0.217237 0.137400 0.000000 0.000000 0.000000 -1.000000 1 8.390052244e-06 2.078292891e-05
53 0.278379 -0.217237 0.137400 0.278379 -0.217237 0.137400 0.000000 0.000000 0.000000 -1.000000 1 1.813797280e-05 4.735612310e-05
53 0.278379 -0.217237 0.137400 0.278379 -0.217237 0.137400 0.000000 0.000000 0.000000 -1.000000 1 8.476898074e-06 2.081017010e-05
53 0.278379 -0.217237 0.137400 0.278379 -0.217237 0.137400 0.000000 0.000000 0.000000 -1.000000 1 8.397037163e-06 2.106209286e-05
53 0.278379 -0.217237 0.137400 0.278379 -0.217237 0.137400 0.000000 0.000000 0.000000 -1.000000 1 8.458038792e-06 2.109818161e-05
54 0.363906 -0.064485 0.249921 0.363906 -0.064485 0.249921 0.000000 0.000000 0.000000 -1.000000 1 8.495990187e-06 2.128211781e-05
54 0.363906 -0.064485 0.249921 0.363906 -0.064485 0.249921 0.000000 0.000000 0.000000 -1.000000 1 8.515082300e-06 2.107606269e-05
54 0.363906 -0.064485 0.249921 0.363906 -0.064485 0.249921 0.000000 0.000000 0.000000 -1.000000 1 8.403090760e-06 2.111913636e-05
54 0.363906 -0.064485 0.249921 0.363906 -0.064485 0.249921 0.000000 0.000000 0.000000 -1.000000 1 8.495058864e-06 2.110609785e-05
54 0.363906 -0.064485 0.249921 0.363906 -0.064485 0.249921 0.000000 0.000000 0.000000 -1.000000 1 8.410075679e-06 2.110493369e-05
54 0.363906 -0.064485 0.249921 0.363906 -0.064485 0.249921 0.000000 0.000000 0.000000 -1.000000 1 8.475035429e-06 2.098898403e-05
54 0.363906 -0.064485 0.249921 0.363906 -0.064485 0.249921 0.000000 0.000000 0.000000 -1.000000 1 8.344883099e-06 2.084090374e-05
54 0.363906 -0.064485 0.249921 0.363906 -0.064485 0.249921 0.000000 0.000000 0.000000 -1.000000 1 8.420087397e-06 2.093194053e-05
54 0.363906 -0.064485 0.249921 0.363906 -0.064485 0.249921 0.000000 0.000000 0.000000 -1.000000 1 8.825911209e-06 2.182996832e-05
54 0.363906 -0.064485 0.249921 0.363906 -0.064485 0.249921 0.000000 0.000000 0.000000 -1.000000 1 8.548842743e-06 2.126512118e-05
54 0.363906 -0.064485 0.249921 0.363906 -0.064485 0.249921 0.000000 0.000000 0.000000 -1.000000 1 8.430797607e-06 2.123112790e-05
54 0.363906 -0.064485 0.249921 0.363906 -0.064485 0.249921 0.000000 0.000000 0.000000 -1.000000 1 8.299015462e-06 2.119014971e-05
54 0.363906 -0.064485 0.249921 0.363906 -0.064485 0.249921 0.000000 0.000000 0.000000 -1.000000 1 8.355127648e-06 2.086116001e-05
54 0.363906 -0.064485 0.249921 0.363906 -0.064485 0.249921 0.000000 0.000000 0.000000 -1.000000 1 1.102196984e-05 2.874410711e-05
54 0.363906 -0.064485 0.249921 0.363906 -0.064485 0.249921 0.000000 0.000000 0.000000 -1.000000 1 8.346978575e-06 2.091401257e-05
54 0.363906 -0.064485 0.249921 0.363906 -0.064485 0.249921 0.000000 0.000000 0.000000 -1.000000 1 8.363975212e-06 2.091890201e-05
54 0.363906 -0.064485 0.249921 0.363906 -0.064485 0.249921 0.000000 0.000000 0.000000 -1.000000 1 7.760012522e-06 1.939595677e-05
54 0.363906 -0.064485 0.249921 0.363906 -0.064485 0.249921 0.000000 0.000000 0.000000 -1.000000 1 8.518807590e-06 2.140807919e-05
54 0.363906 -0.064485 0.249921 0.363906 -0.064485 0.249921 0.000000 0.000000 0.000000 -1.000000 1 8.465023711e-06 2.105790190e-05
54 0.363906 -0.064485 0.249921 0.363906 -0.064485 0.249921 0.000000 0.000000 0.000000 -1.000000 1 8.563045412e-06 2.132705413e-05
55 0.388465 0.041361 0.164663 0.388465 0.041361 0.164663 0.000000 0.000000 0.000000 -1.000000 1 8.622882888e-06 2.117501572e-05
55 0.388465 0.041361 0.164663 0.388465 0.041361 0.164663 0.000000 0.000000 0.000000 -1.000000 1 8.338131011e-06 2.068793401e-05
55 0.388465 0.041361 0.164663 0.388465 0.041361 0.164663 0.000000 0.000000 0.000000 -1.000000 1 8.458038792e-06 2.106186002e-05
55 0.388465 0.041361 0.164663 0.388465 0.041361 0.164663 0.000000 0.000000 0.000000 -1.000000 1 8.296919987e-06 2.081715502e-05
55 0.388465 0.041361 0.164663 0.388465 0.041361 0.164663 0.000000 0.000000 0.000000 -1.000000 1 8.357921615e-06 2.118106931e-05
55 0.388465 0.041361 0.164663 0.388465 0.041361 0.164663 0.000000 0.000000 0.000000 -1.000000 1 8.421018720e-06 2.118595876e-05
55 0.388465 0.041361 0.164663 0.388465 0.041361 0.164663 0.000000 0.000000 0.000000 -1.000000 1 8.373986930e-06 2.109282650e-05
55 0.388465 0.041361 0.164663 0.388465 0.041361 0.164663 0.000000 0.000000 0.000000 -1.000000 1 8.346978575e-06 2.092309296e-05
55 0.388465 0.041361 0.164663 0.388465 0.041361 0.164663 0.000000 0.000000 0.000000 -1.000000 1 7.854076102e-06 1.954101026e-05
55 0.388465 0.041361 0.164663 0.388465 0.041361 0.164663 0.000000 0.000000 0.000000 -1.000000 1 8.465955034e-06 2.114800736e-05
55 0.388465 0.041361 0.164663 0.388465 0.041361 0.164663 0.000000 0.000000 0.000000 -1.000000 1 1.050508581e-05 2.611009404e-05
55 0.388465 0.041361 0.164663 0.388465 0.041361 0.164663 0.000000 0.000000 0.000000 -1.000000 1 8.319970220e-06 2.086302266e-05
55 0.388465 0.041361 0.164663 0.388465 0.041361 0.164663 0.000000 0.000000 0.000000 -1.000000 1 8.454080671e-06 2.100085840e-05
55 0.388465 0.041361 0.164663 0.388465 0.041361 0.164663 0.000000 0.000000 0.000000 -1.000000 1 8.414965123e-06 2.078409307e-05
55 0.388465 0.041361 0.164663 0.388465 0.041361 0.164663 0.000000 0.000000 0.000000 -1.000000 1 8.387956768e-06 2.094102092e-05
55 0.388465 0.041361 0.164663 0.388465 0.041361 0.164663 0.000000 0.000000 0.000000 -1.000000 1 8.485978469e-06 2.092286013e-05
55 0.388465 0.041361 0.164663 0.388465 0.041361 0.164663 0.000000 0.000000 0.000000 -1.000000 1 8.377945051e-06 2.100900747e-05
55 0.388465 0.041361 0.164663 0.388465 0.041361 0.164663 0.000000 0.000000 0.000000 -1.000000 1 8.462928236e-06 2.116011456e-05
55 0.388465 0.041361 0.164663 0.388465 0.041361 0.164663 0.000000 0.000000 0.000000 -1.000000 1 8.556060493e-06 2.123694867e-05
55 0.388465 0.041361 0.164663 0.388465 0.041361 0.164663 0.000000 0.000000 0.000000 -1.000000 1 8.475035429e-06 2.109701745e-05
56 0.416552 0.132788 0.165593 0.416552 0.132788 0.165593 0.000000 0.000000 0.000000 -1.000000 1 8.434057236e-06 2.109701745e-05
56 0.416552 0.132788 0.165593 0.416552 0.132788 0.165593 0.000000 0.000000 0.000000 -1.000000 1 6.149988621e-06 1.536100172e-05
56 0.416552 0.132788 0.165593 0.416552 0.132788 0.165593 0.000000 0.000000 0.000000 -1.000000 1 6.813090295e-06 1.681898721e-05
56 0.416552 0.132788 0.165593 0.416552 0.132788 0.165593 0.000000 0.000000 0.000000 -1.000000 1 5.768146366e-06 1.444178633e-05
56 0.416552 0.132788 0.165593 0.416552 0.132788 0.165593 0.000000 0.000000 0.000000 -1.000000 1 8.310889825e-06 2.088793553e-05
56 0.416552 0.132788 0.165593 0.416552 0.132788 0.165593 0.000000 0.000000 0.000000 -1.000000 1 8.302973583e-06 2.072798088e-05
56 0.416552 0.132788 0.165593 0.416552 0.132788 0.165593 0.000000 0.000000 0.000000 -1.000000 1 8.401926607e-06 2.081505954e-05
56 0.416552 0.132788 0.165593 0.416552 0.132788 0.165593 0.000000 0.000000 0.000000 -1.000000 1 9.883893654e-06 2.427794971e-05
56 0.416552 0.132788 0.165593 0.416552 0.132788 0.165593 0.000000 0.000000 0.000000 -1.000000 1 8.478993550e-06 2.105301246e-05
56 0.416552 0.132788 0.165593 0.416552 0.132788 0.165593 0.000000 0.000000 0.000000 -1.000000 1 8.442904800e-06 3.310106695e-05
56 0.416552 0.132788 0.165593 0.416552 0.132788 0.165593 0.000000 0.000000 0.000000 -1.000000 1 8.427072316e-06 2.101389691e-05
56 0.416552 0.132788 0.165593 0.416552 0.132788 0.165593 0.000000 0.000000 0.000000 -1.000000 1 8.358154446e-06 2.082996070e-05
56 0.416552 0.132788 0.165593 0.416552 0.132788 0.165593 0.000000 0.000000 0.000000 -1.000000 1 8.461996913e-06 2.098595724e-05
56 0.416552 0.132788 0.165593 0.416552 0.132788 0.165593 0.000000 0.000000 0.000000 -1.000000 1 7.884111255e-06 1.967092976e-05
56 0.416552 0.132788 0.165593 0.416552 0.132788 0.165593 0.000000 0.000000 0.000000 -1.000000 1 7.855007425e-06 1.938594505e-05
56 0.416552 0.132788 0.165593 0.416552 0.132788 0.165593 0.000000 0.000000 0.000000 -1.000000 1 8.380040526e-06 2.096011303e-05
56 0.416552 0.132788 0.165593 0.416552 0.132788 0.165593 0.000000 0.000000 0.000000 -1.000000 1 8.414965123e-06 2.103298903e-05
56 0.416552 0.132788 0.165593 0.416552 0.132788 0.165593 0.000000 0.000000 0.000000 -1.000000 1 8.321134374e-06 2.086698078e-05
56 0.416552 0.132788 0.165593 0.416552 0.132788 0.165593 0.000000 0.000000 0.000000 -1.000000 1 8.544884622e-06 2.111820504e-05
56 0.416552 0.132788 0.165593 0.416552 0.132788 0.165593 0.000000 0.000000 0.000000 -1.000000 1 8.881092072e-06 2.912105992e-05
57 0.424496 0.195971 0.129925 0.424496 0.195971 0.129925 0.000000 0.000000 0.000000 -1.000000 1 8.364906535e-06 2.076895908e-05
57 0.424496 0.195971 0.129925 0.424496 0.195971 0.129925 0.000000 0.000000 0.000000 -1.000000 1 8.367002010e-06 2.099294215e-05
57 0.424496 0.195971 0.129925 0.424496 0.195971 0.129925 0.000000 0.000000 0.000000 -1.000000 1 8.484115824e-06 2.109701745e-05
57 0.424496 0.195971 0.129925 0.424496 0.195971 0.129925 0.000000 0.000000 0.000000 -1.000000 1 8.449889719e-06 2.081994899e-05
57 0.424496 0.195971 0.129925 0.424496 0.195971 0.129925 0.000000 0.000000 0.000000 -1.000000 1 1.101102680e-05 2.750311978e-05
57 0.424496 0.195971 0.129925 0.424496 0.195971 0.129925 0.000000 0.000000 0.000000 -1.000000 1 8.427072316e-06 2.084299922e-05
57 0.424496 0.195971 0.129925 0.424496 0.195971 0.129925 0.000000 0.000000 0.000000 -1.000000 1 8.350005373e-06 2.107094042e-05
57 0.424496 0.195971 0.129925 0.424496 0.195971 0.129925 0.000000 0.000000 0.000000 -1.000000 1 8.410075679e-06 2.100691199e-05
57 0.424496 0.195971 0.129925 0.424496 0.195971 0.129925 0.000000 0.000000 0.000000 -1.000000 1 8.413102478e-06 2.097501419e-05
57 0.424496 0.195971 0.129925 0.424496 0.195971 0.129925 0.000000 0.000000 0.000000 -1.000000 1 8.358852938e-06 2.091517672e-05
57 0.424496 0.195971 0.129925 0.424496 0.195971 0.129925 0.000000 0.000000 0.000000 -1.000000 1 8.495990187e-06 2.093985677e-05
57 0.424496 0.195971 0.129925 0.424496 0.195971 0.129925 0.000000 0.000000 0.000000 -1.000000 1 8.901115507e-06 2.176198177e-05
57 0.424496 0.195971 0.129925 0.424496 0.195971 0.129925 0.000000 0.000000 0.000000 -1.000000 1 8.536037058e-06 2.122600563e-05
57 0.424496 0.195971 0.129925 0.424496 0.195971 0.129925 0.000000 0.000000 0.000000 -1.000000 1 8.727889508e-06 2.130190842e-05
57 0.424496 0.195971 0.129925 0.424496 0.195971 0.129925 0.000000 0.000000 0.000000 -1.000000 1 7.844995707e-06 1.957803033e-05
57 0.424496 0.195971 0.129925 0.424496 0.195971 0.129925 0.000000 0.000000 0.000000 -1.000000 1 8.306931704e-06 2.103298903e-05
57 0.424496 0.195971 0.129925 0.424496 0.195971 0.129925 0.000000 0.000000 0.000000 -1.000000 1 1.087086275e-05 2.712989226e-05
57 0.424496 0.195971 0.129925 0.424496 0.195971 0.129925 0.000000 0.000000 0.000000 -1.000000 1 8.339993656e-06 2.092798240e-05
57 0.424496 0.195971 0.129925 0.424496 0.195971 0.129925 0.000000 0.000000 0.000000 -1.000000 1 8.498085663e-06 2.162205055e-05
57 0.424496 0.195971 0.129925 0.424496 0.195971 0.129925 0.000000 0.000000 0.000000 -1.000000 1 8.652918041e-06 2.143904567e-05
58 0.404707 0.215747 0.135569 0.404707 0.215747 0.135569 0.000000 0.000000 0.000000 -1.000000 1 8.458970115e-06 2.078781836e-05
58 0.404707 0.215747 0.135569 0.404707 0.215747 0.135569 0.000000 0.000000 0.000000 -1.000000 1 1.848489046e-05 4.861201160e-05
58 0.404707 0.215747 0.135569 0.404707 0.215747 0.135569 0.000000 0.000000 0.000000 -1.000000 1 1.222593710e-05 3.185099922e-05
58 0.404707 0.215747 0.135569 0.404707 0.215747 0.135569 0.000000 0.000000 0.000000 -1.000000 1 1.271488145e-05 3.268802539e-05
58 0.404707 0.215747 0.135569 0.404707 0.215747 0.135569 0.000000 0.000000 0.000000 -1.000000 1 1.235096715e-05 3.194995224e-05
58 0.404707 0.215747 0.135569 0.404707 0.215747 0.135569 0.000000 0.000000 0.000000 -1.000000 1 8.500879630e-06 2.095615491e-05
58 0.404707 0.215747 0.135569 0.404707 0.215747 0.135569 0.000000 0.000000 0.000000 -1.000000 1 8.399831131e-06 2.091983333e-05
58 0.404707 0.215747 0.135569 0.404707 0.215747 0.135569 0.000000 0.000000 0.000000 -1.000000 1 1.222314313e-05 3.176904283e-05
58 0.404707 0.215747 0.135569 0.404707 0.215747 0.135569 0.000000 0.000000 0.000000 -1.000000 1 8.956994861e-06 2.072704956e-05
58 0.404707 0.215747 0.135569 0.404707 0.215747 0.135569 0.000000 0.000000 0.000000 -1.000000 1 8.329050615e-06 1.997896470e-05
58 0.404707 0.215747 0.135569 0.404707 0.215747 0.135569 0.000000 0.000000 0.000000 -1.000000 1 1.241988502e-05 3.100000322e-05
58 0.404707 0.215747 0.135569 0.404707 0.215747 0.135569 0.000000 0.000000 0.000000 -1.000000 1 1.226505265e-05 3.016903065e-05
58 0.404707 0.215747 0.135569 0.404707 0.215747 0.135569 0.000000 0.000000 0.000000 -1.000000 1 8.267117664e-06 1.976499334e-05
58 0.404707 0.215747 0.135569 0.404707 0.215747 0.135569 0.000000 0.000000 0.000000 -1.000000 1 1.943786629e-05 3.927107900e-05
58 0.404707 0.215747 0.135569 0.404707 0.215747 0.135569 0.000000 0.000000 0.000000 -1.000000 1 1.211999916e-05 2.993387170e-05
58 0.404707 0.215747 0.135569 0.404707 0.215747 0.135569 0.000000 0.000000 0.000000 -1.000000 1 1.212698407e-05 3.009103239e-05
58 0.404707 0.215747 0.135569 0.404707 0.215747 0.135569 0.000000 0.000000 0.000000 -1.000000 1 1.224409789e-05 3.022491001e-05
58 0.404707 0.215747 0.135569 0.404707 0.215747 0.135569 0.000000 0.000000 0.000000 -1.000000 1 3.898981959e-06 9.601004422e-06
58 0.404707 0.215747 0.135569 0.404707 0.215747 0.135569 0.000000 0.000000 0.000000 -1.000000 1 1.592305489e-05 3.956607543e-05
58 0.404707 0.215747 0.135569 0.404707 0.215747 0.135569 0.000000 0.000000 0.000000 -1.000000 1 7.123919204e-06 1.660105772e-05
59 0.421073 0.194210 0.051656 0.421073 0.194210 0.051656 0.000000 0.000000 0.000000 -1.000000 1 8.507166058e-06 1.987302676e-05
59 0.421073 0.194210 0.051656 0.421073 0.194210 0.051656 0.000000 0.000000 0.000000 -1.000000 1 8.335104212e-06 2.407911234e-05
59 0.421073 0.194210 0.051656 0.421073 0.194210 0.051656 0.000000 0.000000 0.000000 -1.000000 1 1.264899038e-05 3.090407699e-05
59 0.421073 0.194210 0.051656 0.421073 0.194210 0.051656 0.000000 0.000000 0.000000 -1.000000 1 1.235282980e-05 3.028404899e-05
59 0.421073 0.194210 0.051656 0.421073 0.194210 0.051656 0.000000 0.000000 0.000000 -1.000000 1 1.216516830e-05 2.995389514e-05
59 0.421073 0.194210 0.051656 0.421073 0.194210 0.051656 0.000000 0.000000 0.000000 -1.000000 1 1.302198507e-05 3.180699423e-05
59 0.421073 0.194210 0.051656 0.421073 0.194210 0.051656 0.000000 0.000000 0.000000 -1.000000 1 1.227087341e-05 3.032991663e-05
59 0.421073 0.194210 0.051656 0.421073 0.194210 0.051656 0.000000 0.000000 0.000000 -1.000000 1 8.424045518e-06 1.995917410e-05
59 0.421073 0.194210 0.051656 0.421073 0.194210 0.051656 0.000000 0.000000 0.000000 -1.000000 1 8.514150977e-06 2.007395960e-05
59 0.421073 0.194210 0.051656 0.421073 0.194210 0.051656 0.000000 0.000000 0.000000 -1.000000 1 8.429866284e-06 1.996802166e-05
59 0.421073 0.194210 0.051656 0.421073 0.194210 0.051656 0.000000 0.000000 0.000000 -1.000000 1 1.441291533e-05 3.438885324e-05
59 0.421073 0.194210 0.051656 0.421073 0.194210 0.051656 0.000000 0.000000 0.000000 -1.000000 1 1.191603951e-05 2.867006697e-05
59 0.421073 0.194210 0.051656 0.421073 0.194210 0.051656 0.000000 0.000000 0.000000 -1.000000 1 1.241895370e-05 3.074295819e-05
59 0.421073 0.194210 0.051656 0.421073 0.194210 0.051656 0.000000 0.000000 0.000000 -1.000000 1 1.210905612e-05 3.019999713e-05
59 0.421073 0.194210 0.051656 0.421073 0.194210 0.051656 0.000000 0.000000 0.000000 -1.000000 1 8.472939953e-06 1.989584416e-05
59 0.421073 0.194210 0.051656 0.421073 0.194210 0.051656 0.000000 0.000000 0.000000 -1.000000 1 1.253094524e-05 2.923700958e-05
59 0.421073 0.194210 0.051656 0.421073 0.194210 0.051656 0.000000 0.000000 0.000000 -1.000000 1 8.306000382e-06 1.985882409e-05
59 0.421073 0.194210 0.051656 0.421073 0.194210 0.051656 0.000000 0.000000 0.000000 -1.000000 1 8.343020454e-06 1.984811388e-05
59 0.421073 0.194210 0.051656 0.421073 0.194210 0.051656 0.000000 0.000000 0.000000 -1.000000 1 8.267117664e-06 1.965905540e-05
59 0.421073 0.194210 0.051656 0.421073 0.194210 0.051656 0.000000 0.000000 0.000000 -1.000000 1 8.358154446e-06 1.987419091e-05
60 0.402626 0.156792 0.047837 0.402626 0.156792 0.047837 0.000000 0.000000 0.000000 -1.000000 1 8.323928341e-06 1.976499334e-05
60 0.402626 0.156792 0.047837 0.402626 0.156792 0.047837 0.000000 0.000000 0.000000 -1.000000 1 8.260132745e-06 1.958594657e-05
60 0.402626 0.156792 0.047837 0.402626 0.156792 0.047837 0.000000 0.000000 0.000000 -1.000000 1 8.329050615e-06 1.970189624e-05
60 0.402626 0.156792 0.047837 0.402626 0.156792 0.047837 0.000000 0.000000 0.000000 -1.000000 1 8.285045624e-06 1.969002187e-05
60 0.402626 0.156792 0.047837 0.402626 0.156792 0.047837 0.000000 0.000000 0.000000 -1.000000 1 1.002103090e-05 2.381578088e-05
60 0.402626 0.156792 0.047837 0.402626 0.156792 0.047837 0.000000 0.000000 0.000000 -1.000000 1 8.476898074e-06 1.987302676e-05
60 0.402626 0.156792 0.047837 0.402626 0.156792 0.047837 0.000000 0.000000 0.000000 -1.000000 1 8.428003639e-06 1.973705366e-05
60 0.402626 0.156792 0.047837 0.402626 0.156792 0.047837 0.000000 0.000000 0.000000 -1.000000 1 8.882954717e-06 2.130214125e-05
60 0.402626 0.156792 0.047837 0.402626 0.156792 0.047837 0.000000 0.000000 0.000000 -1.000000 1 8.390983567e-06 1.961807720e-05
60 0.402626 0.156792 0.047837 0.402626 0.156792 0.047837 0.000000 0.000000 0.000000 -1.000000 1 1.052510925e-05 2.205185592e-05
60 0.402626 0.156792 0.047837 0.402626 0.156792 0.047837 0.000000 0.000000 0.000000 -1.000000 1 8.441042155e-06 1.987605356e-05
60 0.402626 0.156792 0.047837 0.402626 0.156792 0.047837 0.000000 0.000000 0.000000 -1.000000 1 8.590985090e-06 1.995405182e-05
60 0.402626 0.156792 0.047837 0.402626 0.156792 0.047837 0.000000 0.000000 0.000000 -1.000000 1 9.705079719e-06 2.315687016e-05
60 0.402626 0.156792 0.047837 0.402626 0.156792 0.047837 0.000000 0.000000 0.000000 -1.000000 1 8.380040526e-06 1.987721771e-05
60 0.402626 0.156792 0.047837 0.402626 0.156792 0.047837 0.000000 0.000000 0.000000 -1.000000 1 8.356990293e-06 1.979921944e-05
60 0.402626 0.156792 0.047837 0.402626 0.156792 0.047837 0.000000 0.000000 0.000000 -1.000000 1 1.288298517e-05 3.018719144e-05
60 0.402626 0.156792 0.047837 0.402626 0.156792 0.047837 0.000000 0.000000 0.000000 -1.000000 1 8.407980204e-06 1.991493627e-05
60 0.402626 0.156792 0.047837 0.402626 0.156792 0.047837 0.000000 0.000000 0.000000 -1.000000 1 8.310889825e-06 1.989607699e-05
60 0.402626 0.156792 0.047837 0.402626 0.156792 0.047837 0.000000 0.000000 0.000000 -1.000000 1 8.441042155e-06 2.004299313e-05
60 0.402626 0.156792 0.047837 0.402626 0.156792 0.047837 0.000000 0.000000 0.000000 -1.000000 1 8.791917935e-06 2.101482823e-05
61 0.411660 0.101717 -0.038180 0.411660 0.101717 -0.038180 0.000000 0.000000 0.000000 -1.000000 1 8.502975106e-06 2.001877874e-05
61 0.411660 0.101717 -0.038180 0.411660 0.101717 -0.038180 0.000000 0.000000 0.000000 -1.000000 1 8.316012099e-06 1.987186261e-05
61 0.411660 0.101717 -0.038180 0.411660 0.101717 -0.038180 0.000000 0.000000 0.000000 -1.000000 1 8.236849681e-06 1.975102350e-05
61 0.411660 0.101717 -0.038180 0.411660 0.101717 -0.038180 0.000000 0.000000 0.000000 -1.000000 1 8.490867913e-06 2.012215555e-05
61 0.411660 0.101717 -0.038180 0.411660 0.101717 -0.038180 0.000000 0.000000 0.000000 -1.000000 1 9.624054655e-06 2.241483890e-05
61 0.411660 0.101717 -0.038180 0.411660 0.101717 -0.038180 0.000000 0.000000 0.000000 -1.000000 1 8.435919881e-06 1.989817247e-05
61 0.411660 0.101717 -0.038180 0.411660 0.101717 -0.038180 0.000000 0.000000 0.000000 -1.000000 1 8.408911526e-06 2.001784742e-05
61 0.411660 0.101717 -0.038180 0.411660 0.101717 -0.038180 0.000000 0.000000 0.000000 -1.000000 1 8.255010471e-06 2.003205009e-05
61 0.411660 0.101717 -0.038180 0.411660 0.101717 -0.038180 0.000000 0.000000 0.000000 -1.000000 1 8.200062439e-06 1.963903196e-05
61 0.411660 0.101717 -0.038180 0.411660 0.101717 -0.038180 0.000000 0.000000 0.000000 -1.000000 1 1.613586210e-05 3.860006109e-05
61 0.411660 0.101717 -0.038180 0.411660 0.101717 -0.038180 0.000000 0.000000 0.000000 -1.000000 1 8.404953405e-06 1.985207200e-05
61 0.411660 0.101717 -0.038180 0.411660 0.101717 -0.038180 0.000000 0.000000 0.000000 -1.000000 1 8.397037163e-06 2.006604336e-05
61 0.411660 0.101717 -0.038180 0.411660 0.101717 -0.038180 0.000000 0.000000 0.000000 -1.000000 1 8.738134056e-06 2.040620893e-05
61 0.411660 0.101717 -0.038180 0.411660 0.101717 -0.038180 0.000000 0.000000 0.000000 -1.000000 1 2.085929736e-06 4.911096767e-06
61 0.411660 0.101717 -0.038180 0.411660 0.101717 -0.038180 0.000000 0.000000 0.000000 -1.000000 1 2.064974979e-06 4.976987839e-06
61 0.411660 0.101717 -0.038180 0.411660 0.101717 -0.038180 0.000000 0.000000 0.000000 -1.000000 1 8.350936696e-06 1.977104694e-05
61 0.411660 0.101717 -0.038180 0.411660 0.101717 -0.038180 0.000000 0.000000 0.000000 -1.000000 1 8.699949831e-06 2.019689418e-05
61 0.411660 0.101717 -0.038180 0.411660 0.101717 -0.038180 0.000000 0.000000 0.000000 -1.000000 1 8.445000276e-06 1.991097815e-05
61 0.411660 0.101717 -0.038180 0.411660 0.101717 -0.038180 0.000000 0.000000 0.000000 -1.000000 1 8.418923244e-06 1.999316737e-05
61 0.411660 0.101717 -0.038180 0.411660 0.101717 -0.038180 0.000000 0.000000 0.000000 -1.000000 1 8.505070582e-06 2.000201494e-05
62 0.390528 0.044998 -0.064047 0.390528 0.044998 -0.064047 0.000000 0.000000 0.000000 -1.000000 1 8.342089131e-06 1.986790448e-05
62 0.390528 0.044998 -0.064047 0.390528 0.044998 -0.064047 0.000000 0.000000 0.000000 -1.000000 1 1.649186015e-05 2.918904647e-05
62 0.390528 0.044998 -0.064047 0.390528 0.044998 -0.064047 0.000000 0.000000 0.000000 -1.000000 1 8.301110938e-06 1.999503002e-05
62 0.390528 0.044998 -0.064047 0.390528 0.044998 -0.064047 0.000000 0.000000 0.000000 -1.000000 1 8.716946468e-06 2.031610347e-05
62 0.390528 0.044998 -0.064047 0.390528 0.044998 -0.064047 0.000000 0.000000 0.000000 -1.000000 1 8.481089026e-06 1.999503002e-05
62 0.390528 0.044998 -0.064047 0.390528 0.044998 -0.064047 0.000000 0.000000 0.000000 -1.000000 1 1.206295565e-05 3.011408262e-05
62 0.390528 0.044998 -0.064047 0.390528 0.044998 -0.064047 0.000000 0.000000 0.000000 -1.000000 1 1.800502650e-05 4.530907609e-05
62 0.390528 0.044998 -0.064047 0.390528 0.044998 -0.064047 0.000000 0.000000 0.000000 -1.000000 1 1.211906783e-05 3.012013622e-05
62 0.390528 0.044998 -0.064047 0.390528 0.044998 -0.064047 0.000000 0.000000 0.000000 -1.000000 1 8.366070688e-06 1.982809044e-05
62 0.390528 0.044998 -0.064047 0.390528 0.044998 -0.064047 0.000000 0.000000 0.000000 -1.000000 1 8.519040421e-06 2.013705671e-05
62 0.390528 0.044998 -0.064047 0.390528 0.044998 -0.064047 0.000000 0.000000 0.000000 -1.000000 1 1.500686631e-05 3.508012742e-05
62 0.390528 0.044998 -0.064047 0.390528 0.044998 -0.064047 0.000000 0.000000 0.000000 -1.000000 1 8.461065590e-06 2.011703327e-05
62 0.390528 0.044998 -0.064047 0.390528 0.044998 -0.064047 0.000000 0.000000 0.000000 -1.000000 1 8.367933333e-06 2.010399476e-05
62 0.390528 0.044998 -0.064047 0.390528 0.044998 -0.064047 0.000000 0.000000 0.000000 -1.000000 1 8.383998647e-06 2.008816227e-05
62 0.390528 0.044998 -0.064047 0.390528 0.044998 -0.064047 0.000000 0.000000 0.000000 -1.000000 1 8.359085768e-06 1.990911551e-05
62 0.390528 0.044998 -0.064047 0.390528 0.044998 -0.064047 0.000000 0.000000 0.000000 -1.000000 1 8.382834494e-06 1.990306191e-05
62 0.390528 0.044998 -0.064047 0.390528 0.044998 -0.064047 0.000000 0.000000 0.000000 -1.000000 1 8.428003639e-06 1.986697316e-05
62 0.390528 0.044998 -0.064047 0.390528 0.044998 -0.064047 0.000000 0.000000 0.000000 -1.000000 1 8.361879736e-06 1.992098987e-05
62 0.390528 0.044998 -0.064047 0.390528 0.044998 -0.064047 0.000000 0.000000 0.000000 -1.000000 1 8.688075468e-06 2.057501115e-05
62 0.390528 0.044998 -0.064047 0.390528 0.044998 -0.064047 0.000000 0.000000 0.000000 -1.000000 1 8.467119187e-06 1.996196806e-05
63 0.377420 -0.002861 -0.113869 0.377420 -0.002861 -0.113869 0.000000 0.000000 0.000000 -1.000000 1 8.371192962e-06 1.983297989e-05
63 0.377420 -0.002861 -0.113869 0.377420 -0.002861 -0.113869 0.000000 0.000000 0.000000 -1.000000 1 8.660135791e-06 2.034800127e-05
63 0.377420 -0.002861 -0.113869 0.377420 -0.002861 -0.113869 0.000000 0.000000 0.000000 -1.000000 1 8.369097486e-06 1.973798499e-05
63 0.377420 -0.002861 -0.113869 0.377420 -0.002861 -0.113869 0.000000 0.000000 0.000000 -1.000000 1 1.121195965e-05 2.776714973e-05
63 0.377420 -0.002861 -0.113869 0.377420 -0.002861 -0.113869 0.000000 0.000000 0.000000 -1.000000 1 7.798895240e-06 1.850305125e-05
63 0.377420 -0.002861 -0.113869 0.377420 -0.002861 -0.113869 0.000000 0.000000 0.000000 -1.000000 1 8.767936379e-06 2.065394074e-05
63 0.377420 -0.002861 -0.113869 0.377420 -0.002861 -0.113869 0.000000 0.000000 0.000000 -1.000000 1 7.737893611e-06 2.046092413e-05
63 0.377420 -0.002861 -0.113869 0.377420 -0.002861 -0.113869 0.000000 0.000000 0.000000 -1.000000 1 8.693197742e-06 2.036895603e-05
63 0.377420 -0.002861 -0.113869 0.377420 -0.002861 -0.113869 0.000000 0.000000 0.000000 -1.000000 1 8.506001905e-06 2.004113048e-05
63 0.377420 -0.002861 -0.113869 0.377420 -0.002861 -0.113869 0.000000 0.000000 0.000000 -1.000000 1 8.376082405e-06 2.001808025e-05
63 0.377420 -0.002861 -0.113869 0.377420 -0.002861 -0.113869 0.000000 0.000000 0.000000 -1.000000 1 8.499948308e-06 2.025905997e-05
63 0.377420 -0.002861 -0.113869 0.377420 -0.002861 -0.113869 0.000000 0.000000 0.000000 -1.000000 1 7.831025869e-06 1.862109639e-05
63 0.377420 -0.002861 -0.113869 0.377420 -0.002861 -0.113869 0.000000 0.000000 0.000000 -1.000000 1 7.753027603e-06 1.860503107e-05
63 0.377420 -0.002861 -0.113869 0.377420 -0.002861 -0.113869 0.000000 0.000000 0.000000 -1.000000 1 8.207047358e-06 1.977989450e-05
63 0.377420 -0.002861 -0.113869 0.377420 -0.002861 -0.113869 0.000000 0.000000 0.000000 -1.000000 1 8.441042155e-06 1.994101331e-05
63 0.377420 -0.002861 -0.113869 0.377420 -0.002861 -0.113869 0.000000 0.000000 0.000000 -1.000000 1 8.528819308e-06 2.021109685e-05
63 0.377420 -0.002861 -0.113869 0.377420 -0.002861 -0.113869 0.000000 0.000000 0.000000 -1.000000 1 8.347909898e-06 1.983111724e-05
63 0.376254 -0.002898 -0.113869 0.377420 -0.002861 -0.113869 0.000000 0.000000 0.000000 -1.000000 1 8.516013622e-06 2.019200474e-05
63 0.374104 -0.002964 -0.113869 0.377420 -0.002861 -0.113869 0.000000 0.000000 0.000000 -1.000000 1 8.339062333e-06 1.988396980e-05
63 0.371964 -0.003030 -0.113869 0.377420 -0.002861 -0.113869 0.000000 0.000000 0.000000 -1.000000 1 8.427072316e-06 1.970306039e-05
64 0.352221 -0.049173 -0.125058 0.352221 -0.049173 -0.125058 0.000000 0.000000 0.000000 -1.000000 1 1.071905717e-05 2.454593778e-05
64 0.352221 -0.049173 -0.125058 0.352221 -0.049173 -0.125058 0.000000 0.000000 0.000000 -1.000000 1 7.767928764e-06 1.845997758e-05
64 0.352221 -0.049173 -0.125058 0.352221 -0.049173 -0.125058 0.000000 0.000000 0.000000 -1.000000 1 8.666189387e-06 2.033286728e-05
64 0.352221 -0.049173 -0.125058 0.352221 -0.049173 -0.125058 0.000000 0.000000 0.000000 -1.000000 1 8.351868019e-06 1.987908036e-05
64 0.352221 -0.049173 -0.125058 0.352221 -0.049173 -0.125058 0.000000 0.000000 0.000000 -1.000000 1 8.345814422e-06 1.985486597e-05
64 0.352221 -0.049173 -0.125058 0.352221 -0.049173 -0.125058 0.000000 0.000000 0.000000 -1.000000 1 8.272007108e-06 1.966115087e-05
64 0.352221 -0.049173 -0.125058 0.352221 -0.049173 -0.125058 0.000000 0.000000 0.000000 -1.000000 1 8.673872799e-06 2.045114525e-05
64 0.352221 -0.049173 -0.125058 0.352221 -0.049173 -0.125058 0.000000 0.000000 0.000000 -1.000000 1 1.262407750e-05 3.112899140e-05
64 0.352221 -0.049173 -0.125058 0.352221 -0.049173 -0.125058 0.000000 0.000000 0.000000 -1.000000 1 3.867782652e-06 9.530922398e-06
64 0.352221 -0.049173 -0.125058 0.352221 -0.049173 -0.125058 0.000000 0.000000 0.000000 -1.000000 1 1.203990541e-05 2.906587906e-05
64 0.350320 -0.049220 -0.125058 0.352221 -0.049173 -0.125058 0.000000 0.000000 0.000000 -1.000000 1 1.235213131e-05 3.026612103e-05
64 0.348563 -0.049264 -0.125058 0.352221 -0.049173 -0.125058 0.000000 0.000000 0.000000 -1.000000 1 8.380040526e-06 1.968792640e-05
64 0.346912 -0.049307 -0.125058 0.352221 -0.049173 -0.125058 0.000000 0.000000 0.000000 -1.000000 1 8.689938113e-06 2.038502134e-05
64 0.345275 -0.049355 -0.125058 0.352221 -0.049173 -0.125058 0.000000 0.000000 0.000000 -1.000000 1 8.374918252e-06 1.995800994e-05
64 0.343593 -0.049409 -0.125058 0.352221 -0.049173 -0.125058 0.000000 0.000000 0.000000 -1.000000 1 1.040799543e-05 2.191215754e-05
64 0.341841 -0.049473 -0.125058 0.352221 -0.049173 -0.125058 0.000000 0.000000 0.000000 -1.000000 1 8.473871276e-06 1.985300332e-05
64 0.339998 -0.049546 -0.125058 0.352221 -0.049173 -0.125058 0.000000 0.000000 0.000000 -1.000000 1 8.295057341e-06 1.972098835e-05
64 0.338042 -0.049625 -0.125058 0.352221 -0.049173 -0.125058 0.000000 0.000000 0.000000 -1.000000 1 9.651063010e-06 2.330099232e-05
64 0.335997 -0.049705 -0.125058 0.352221 -0.049173 -0.125058 0.000000 0.000000 0.000000 -1.000000 1 8.715083823e-06 2.014986239e-05
64 0.333927 -0.049782 -0.125058 0.352221 -0.049173 -0.125058 0.000000 0.000000 0.000000 -1.000000 1 8.545117453e-06 2.029910684e-05
65 0.331144 -0.072581 -0.128583 0.331144 -0.072581 -0.128583 0.000000 0.000000 0.000000 -1.000000 1 8.523929864e-06 2.014706843e-05
65 0.330751 -0.072594 -0.128583 0.331144 -0.072581 -0.128583 0.000000 0.000000 0.000000 -1.000000 1 8.406117558e-06 1.977803186e-05
65 0.328973 -0.072654 -0.128583 0.331144 -0.072581 -0.128583 0.000000 0.000000 0.000000 -1.000000 1 7.726019248e-06 1.844111830e-05
65 0.327300 -0.072714 -0.128583 0.331144 -0.072581 -0.128583 0.000000 0.000000 0.000000 -1.000000 1 8.448027074e-06 2.000294626e-05
65 0.325633 -0.072780 -0.128583 0.331144 -0.072581 -0.128583 0.000000 0.000000 0.000000 -1.000000 1 8.411007002e-06 2.007395960e-05
65 0.323918 -0.072855 -0.128583 0.331144 -0.072581 -0.128583 0.000000 0.000000 0.000000 -1.000000 1 8.418224752e-06 2.001598477e-05
65 0.322140 -0.072940 -0.128583 0.331144 -0.072581 -0.128583 0.000000 0.000000 0.000000 -1.000000 1 8.417991921e-06 1.993193291e-05
65 0.320321 -0.073033 -0.128583 0.331144 -0.072581 -0.128583 0.000000 0.000000 0.000000 -1.000000 1 7.901107892e-06 1.877592877e-05
65 0.318506 -0.073129 -0.128583 0.331144 -0.072581 -0.128583 0.000000 0.000000 0.000000 -1.000000 1 8.410075679e-06 1.999898814e-05
65 0.316751 -0.073222 -0.128583 0.331144 -0.072581 -0.128583 0.000000 0.000000 0.000000 -1.000000 1 1.408695243e-05 3.438093700e-05
65 0.315100 -0.073307 -0.128583 0.331144 -0.072581 -0.128583 0.000000 0.000000 0.000000 -1.000000 1 8.642906323e-06 2.013798803e-05
65 0.313553 -0.073381 -0.128583 0.331144 -0.072581 -0.128583 0.000000 0.000000 0.000000 -1.000000 1 8.517177776e-06 2.669496462e-05
65 0.312062 -0.073445 -0.128583 0.331144 -0.072581 -0.128583 0.000000 0.000000 0.000000 -1.000000 1 7.929978892e-06 1.866905950e-05
65 0.310562 -0.073503 -0.128583 0.331144 -0.072581 -0.128583 0.000000 0.000000 0.000000 -1.000000 1 1.205806620e-05 3.003189340e-05
65 0.309006 -0.073563 -0.128583 0.331144 -0.072581 -0.128583 0.000000 0.000000 0.000000 -1.000000 1 1.748092473e-05 4.383199848e-05
65 0.307376 -0.073629 -0.128583 0.331144 -0.072581 -0.128583 0.000000 0.000000 0.000000 -1.000000 1 1.138797961e-05 2.803700045e-05
65 0.305672 -0.073705 -0.128583 0.331144 -0.072581 -0.128583 0.000000 0.000000 0.000000 -1.000000 1 1.270207576e-05 3.128498793e-05
65 0.303910 -0.073792 -0.128583 0.331144 -0.072581 -0.128583 0.000000 0.000000 0.000000 -1.000000 1 1.726788469e-05 3.915117122e-05
65 0.302125 -0.073890 -0.128583 0.331144 -0.072581 -0.128583 0.000000 0.000000 0.000000 -1.000000 1 8.336966857e-06 2.017687075e-05
65 0.300352 -0.073981 -0.128583 0.331144 -0.072581 -0.128583 0.000000 0.000000 0.000000 -1.000000 1 8.596107364e-06 2.014008351e-05
66 0.299468 -0.092506 -0.117625 0.332853 -0.090995 -0.117625 0.000000 0.000000 0.000000 -1.000000 1 8.251983672e-06 1.977896318e-05
66 0.297795 -0.092563 -0.117625 0.332853 -0.090995 -0.117625 0.000000 0.000000 0.000000 -1.000000 1 8.350936696e-06 1.979409717e-05
66 0.296044 -0.092610 -0.117625 0.332853 -0.090995 -0.117625 0.000000 0.000000 0.000000 -1.000000 1 8.390983567e-06 2.001994289e-05
66 0.294177 -0.092656 -0.117625 0.332853 -0.090995 -0.117625 0.000000 0.000000 0.000000 -1.000000 1 8.417991921e-06 2.002017573e-05
66 0.292210 -0.092707 -0.117625 0.332853 -0.090995 -0.117625 0.000000 0.000000 0.000000 -1.000000 1 8.350005373e-06 1.989002340e-05
66 0.290180 -0.092760 -0.117625 0.332853 -0.090995 -0.117625 0.000000 0.000000 0.000000 -1.000000 1 8.411007002e-06 1.997081563e-05
66 0.288097 -0.092811 -0.117625 0.332853 -0.090995 -0.117625 0.000000 0.000000 0.000000 -1.000000 1 8.422881365e-06 1.960108057e-05
66 0.286004 -0.092864 -0.117625 0.332853 -0.090995 -0.117625 0.000000 0.000000 0.000000 -1.000000 1 7.799128070e-06 1.857290044e-05
66 0.283969 -0.092921 -0.117625 0.332853 -0.090995 -0.117625 0.000000 0.000000 0.000000 -1.000000 1 8.392846212e-06 1.989793964e-05
66 0.282067 -0.092987 -0.117625 0.332853 -0.090995 -0.117625 0.000000 0.000000 0.000000 -1.000000 1 7.966067642e-06 1.889909618e-05
66 0.280341 -0.093058 -0.117625 0.332853 -0.090995 -0.117625 0.000000 0.000000 0.000000 -1.000000 1 1.237401739e-05 3.070104867e-05
66 0.278787 -0.093139 -0.117625 0.332853 -0.090995 -0.117625 0.000000 0.000000 0.000000 -1.000000 1 1.638592221e-05 4.179798998e-05
66 0.277371 -0.093244 -0.117625 0.332853 -0.090995 -0.117625 0.000000 0.000000 0.000000 -1.000000 1 7.919967175e-06 1.870212145e-05
66 0.276015 -0.093384 -0.117625 0.332853 -0.090995 -0.117625 0.000000 0.000000 0.000000 -1.000000 1 8.403090760e-06 1.995894127e-05
66 0.274655 -0.093557 -0.117625 0.332853 -0.090995 -0.117625 0.000000 0.000000 0.000000 -1.000000 1 8.395873010e-06 1.999712549e-05
66 0.273256 -0.093760 -0.117625 0.332853 -0.090995 -0.117625 0.000000 0.000000 0.000000 -1.000000 1 8.370960131e-06 2.012401819e-05
66 0.271787 -0.093985 -0.117625 0.332853 -0.090995 -0.117625 0.000000 0.000000 0.000000 -1.000000 1 8.516944945e-06 2.018618397e-05
66 0.270219 -0.094217 -0.117625 0.332853 -0.090995 -0.117625 0.000000 0.000000 0.000000 -1.000000 1 8.329050615e-06 1.986511052e-05
66 0.268562 -0.094443 -0.117625 0.332853 -0.090995 -0.117625 0.000000 0.000000 0.000000 -1.000000 1 1.311511733e-05 3.166217357e-05
66 0.266873 -0.094651 -0.117625 0.332853 -0.090995 -0.117625 0.000000 0.000000 0.000000 -1.000000 1 8.547911420e-06 3.130291589e-05
67 0.265255 -0.094630 -0.133584 0.335963 -0.090603 -0.133584 0.000000 0.000000 0.000000 -1.000000 1 7.909955457e-06 1.871399581e-05
67 0.263795 -0.094818 -0.133584 0.335963 -0.090603 -0.133584 0.000000 0.000000 0.000000 -1.000000 1 8.409842849e-06 2.005998977e-05
67 0.262486 -0.095026 -0.133584 0.335963 -0.090603 -0.133584 0.000000 0.000000 0.000000 -1.000000 1 8.417060599e-06 1.985509880e-05
67 0.261368 -0.095298 -0.133584 0.335963 -0.090603 -0.133584 0.000000 0.000000 0.000000 -1.000000 1 8.792150766e-06 2.075498924e-05
67 0.260356 -0.095625 -0.133584 0.335963 -0.090603 -0.133584 0.000000 0.000000 0.000000 -1.000000 1 8.302042261e-06 1.991400495e-05
67 0.259348 -0.095982 -0.133584 0.335963 -0.090603 -0.133584 0.000000 0.000000 0.000000 -1.000000 1 1.193699427e-05 2.005416900e-05
67 0.258301 -0.096350 -0.133584 0.335963 -0.090603 -0.133584 0.000000 0.000000 0.000000 -1.000000 1 6.787944585e-06 1.632282510e-05
67 0.257211 -0.096711 -0.133584 0.335963 -0.090603 -0.133584 0.000000 0.000000 0.000000 -1.000000 1 6.790971383e-06 1.684599556e-05
67 0.256096 -0.097047 -0.133584 0.335963 -0.090603 -0.133584 0.000000 0.000000 0.000000 -1.000000 1 1.571699977e-05 3.916700371e-05
67 0.254986 -0.097340 -0.133584 0.335963 -0.090603 -0.133584 0.000000 0.000000 0.000000 -1.000000 1 8.784001693e-06 2.078898251e-05
67 0.253913 -0.097581 -0.133584 0.335963 -0.090603 -0.133584 0.000000 0.000000 0.000000 -1.000000 1 8.325092494e-06 1.991214231e-05
67 0.252883 -0.097773 -0.133584 0.335963 -0.090603 -0.133584 0.000000 0.000000 0.000000 -1.000000 1 8.680857718e-06 2.029608004e-05
67 0.251866 -0.097923 -0.133584 0.335963 -0.090603 -0.133584 0.000000 0.000000 0.000000 -1.000000 1 8.398899809e-06 1.987093128e-05
67 0.250825 -0.098053 -0.133584 0.335963 -0.090603 -0.133584 0.000000 0.000000 0.000000 -1.000000 1 8.360017091e-06 1.996592619e-05
67 0.249729 -0.098184 -0.133584 0.335963 -0.090603 -0.133584 0.000000 0.000000 0.000000 -1.000000 1 8.368166164e-06 1.981388777e-05
67 0.248570 -0.098331 -0.133584 0.335963 -0.090603 -0.133584 0.000000 0.000000 0.000000 -1.000000 1 1.402199268e-05 3.339792602e-05
67 0.247361 -0.098508 -0.133584 0.335963 -0.090603 -0.133584 0.000000 0.000000 0.000000 -1.000000 1 1.367600635e-05 3.224518150e-05
67 0.246115 -0.098713 -0.133584 0.335963 -0.090603 -0.133584 0.000000 0.000000 0.000000 -1.000000 1 8.468050510e-06 1.996406354e-05
67 0.244847 -0.098937 -0.133584 0.335963 -0.090603 -0.133584 0.000000 0.000000 0.000000 -1.000000 1 8.665956557e-06 2.048001625e-05
67 0.243551 -0.099124 -0.133584 0.335963 -0.090603 -0.133584 0.000000 0.000000 0.000000 -1.000000 1 8.556060493e-06 2.046814188e-05
68 0.241523 -0.091259 -0.107941 0.374339 -0.078991 -0.107941 0.000000 0.000000 0.000000 -1.000000 1 8.521834388e-06 2.049305476e-05
68 0.240251 -0.091359 -0.107941 0.374339 -0.078991 -0.107941 0.000000 0.000000 0.000000 -1.000000 1 8.483184502e-06 2.018804662e-05
68 0.238887 -0.091429 -0.107941 0.374339 -0.078991 -0.107941 0.000000 0.000000 0.000000 -1.000000 1 9.567011148e-06 2.261600457e-05
68 0.237401 -0.091490 -0.107941 0.374339 -0.078991 -0.107941 0.000000 0.000000 0.000000 -1.000000 1 8.480157703e-06 2.018106170e-05
68 0.235812 -0.091569 -0.107941 0.374339 -0.078991 -0.107941 0.000000 0.000000 0.000000 -1.000000 1 8.383998647e-06 1.985509880e-05
68 0.234174 -0.091673 -0.107941 0.374339 -0.078991 -0.107941 0.000000 0.000000 0.000000 -1.000000 1 1.167715527e-05 2.849590965e-05
68 0.232514 -0.091798 -0.107941 0.374339 -0.078991 -0.107941 0.000000 0.000000 0.000000 -1.000000 1 8.317874745e-06 1.982389949e-05
68 0.230867 -0.091953 -0.107941 0.374339 -0.078991 -0.107941 0.000000 0.000000 0.000000 -1.000000 1 8.551171049e-06 3.033690155e-05
68 0.229283 -0.092143 -0.107941 0.374339 -0.078991 -0.107941 0.000000 0.000000 0.000000 -1.000000 1 8.334871382e-06 1.978897490e-05
68 0.227819 -0.092361 -0.107941 0.374339 -0.078991 -0.107941 0.000000 0.000000 0.000000 -1.000000 1 8.357921615e-06 2.128398046e-05
68 0.226499 -0.092592 -0.107941 0.374339 -0.078991 -0.107941 0.000000 0.000000 0.000000 -1.000000 1 8.342089131e-06 1.986208372e-05
68 0.225326 -0.092839 -0.107941 0.374339 -0.078991 -0.107941 0.000000 0.000000 0.000000 -1.000000 1 8.285045624e-06 2.000993118e-05
68 0.224287 -0.093146 -0.107941 0.374339 -0.078991 -0.107941 0.000000 0.000000 0.000000 -1.000000 1 8.536968380e-06 2.015801147e-05
68 0.223327 -0.093541 -0.107941 0.374339 -0.078991 -0.107941 0.000000 0.000000 0.000000 -1.000000 1 8.326023817e-06 2.013798803e-05
68 0.222387 -0.094021 -0.107941 0.374339 -0.078991 -0.107941 0.000000 0.000000 0.000000 -1.000000 1 8.349074051e-06 1.999922097e-05
68 0.221429 -0.094572 -0.107941 0.374339 -0.078991 -0.107941 0.000000 0.000000 0.000000 -1.000000 1 8.394941688e-06 1.989095472e-05
68 0.220416 -0.095166 -0.107941 0.374339 -0.078991 -0.107941 0.000000 0.000000 0.000000 -1.000000 1 8.346978575e-06 2.663908526e-05
68 0.219321 -0.095773 -0.107941 0.374339 -0.078991 -0.107941 0.000000 0.000000 0.000000 -1.000000 1 8.513918146e-06 2.000108361e-05
68 0.218150 -0.096361 -0.107941 0.374339 -0.078991 -0.107941 0.000000 0.000000 0.000000 -1.000000 1 8.577946573e-06 2.012285404e-05
68 0.216938 -0.096904 -0.107941 0.374339 -0.078991 -0.107941 0.000000 0.000000 0.000000 -1.000000 1 8.458038792e-06 2.005696297e-05
69 0.213990 -0.082241 -0.131705 0.407032 -0.059849 -0.131705 0.000000 0.000000 0.000000 -1.000000 1 8.295057341e-06 1.981295645e-05
69 0.212854 -0.082731 -0.131705 0.407032 -0.059849 -0.131705 0.000000 0.000000 0.000000 -1.000000 1 1.240801066e-05 3.023399040e-05
69 0.211880 -0.083297 -0.131705 0.407032 -0.059849 -0.131705 0.000000 0.000000 0.000000 -1.000000 1 1.590605825e-05 4.051113501e-05
69 0.211082 -0.084011 -0.131705 0.407032 -0.059849 -0.131705 0.000000 0.000000 0.000000 -1.000000 1 8.361879736e-06 1.977500506e-05
69 0.210354 -0.084816 -0.131705 0.407032 -0.059849 -0.131705 0.000000 0.000000 0.000000 -1.000000 1 1.322594471e-05 3.232806921e-05
69 0.209630 -0.085664 -0.131705 0.407032 -0.059849 -0.131705 0.000000 0.000000 0.000000 -1.000000 1 1.216004603e-05 3.005005419e-05
69 0.208878 -0.086517 -0.131705 0.407032 -0.059849 -0.131705 0.000000 0.000000 0.000000 -1.000000 1 8.357921615e-06 2.094707452e-05
69 0.208091 -0.087335 -0.131705 0.407032 -0.059849 -0.131705 0.000000 0.000000 0.000000 -1.000000 1 8.346978575e-06 2.096616663e-05
69 0.207276 -0.088079 -0.131705 0.407032 -0.059849 -0.131705 0.000000 0.000000 0.000000 -1.000000 1 8.356058970e-06 2.102693543e-05
69 0.206454 -0.088715 -0.131705 0.407032 -0.059849 -0.131705 0.000000 0.000000 0.000000 -1.000000 1 8.421018720e-06 2.110307105e-05
69 0.205644 -0.089229 -0.131705 0.407032 -0.059849 -0.131705 0.000000 0.000000 0.000000 -1.000000 1 8.335802704e-06 2.095405944e-05
69 0.204857 -0.089636 -0.131705 0.407032 -0.059849 -0.131705 0.000000 0.000000 0.000000 -1.000000 1 1.237192191e-05 3.199302591e-05
69 0.204076 -0.089954 -0.131705 0.407032 -0.059849 -0.131705 0.000000 0.000000 0.000000 -1.000000 1 1.146295108e-05 2.947007306e-05
69 0.203277 -0.090229 -0.131705 0.407032 -0.059849 -0.131705 0.000000 0.000000 0.000000 -1.000000 1 8.313916624e-06 2.107210457e-05
69 0.202438 -0.090506 -0.131705 0.407032 -0.059849 -0.131705 0.000000 0.000000 0.000000 -1.000000 1 9.841984138e-06 2.364907414e-05
69 0.201553 -0.090814 -0.131705 0.407032 -0.059849 -0.131705 0.000000 0.000000 0.000000 -1.000000 1 8.339062333e-06 2.100202255e-05
69 0.200632 -0.091176 -0.131705 0.407032 -0.059849 -0.131705 0.000000 0.000000 0.000000 -1.000000 1 1.423992217e-05 3.494299017e-05
69 0.199684 -0.091593 -0.131705 0.407032 -0.059849 -0.131705 0.000000 0.000000 0.000000 -1.000000 1 1.274794340e-05 3.216601908e-05
69 0.198715 -0.092044 -0.131705 0.407032 -0.059849 -0.131705 0.000000 0.000000 0.000000 -1.000000 1 8.522998542e-06 2.114800736e-05
69 0.197723 -0.092451 -0.131705 0.407032 -0.059849 -0.131705 0.000000 0.000000 0.000000 -1.000000 1 1.752702519e-05 4.198309034e-05
70 0.194709 -0.079845 -0.120070 0.463993 -0.037679 -0.120070 0.000000 0.000000 0.000000 -1.000000 1 8.478993550e-06 2.111610956e-05
70 0.193720 -0.080145 -0.120070 0.463993 -0.037679 -0.120070 0.000000 0.000000 0.000000 -1.000000 1 3.187917173e-06 7.855007425e-06
70 0.192641 -0.080396 -0.120070 0.463993 -0.037679 -0.120070 0.000000 0.000000 0.000000 -1.000000 1 2.724118531e-06 6.770016626e-06
70 0.191445 -0.080629 -0.120070 0.463993 -0.037679 -0.120070 0.000000 0.000000 0.000000 -1.000000 1 2.637971193e-06 6.663147360e-06
70 0.190174 -0.080892 -0.120070 0.463993 -0.037679 -0.120070 0.000000 0.000000 0.000000 -1.000000 1 2.835877240e-06 7.185153663e-06
70 0.188880 -0.081183 -0.120070 0.463993 -0.037679 -0.120070 0.000000 0.000000 0.000000 -1.000000 1 8.400995284e-06 2.084183507e-05
70 0.187594 -0.081532 -0.120070 0.463993 -0.037679 -0.120070 0.000000 0.000000 0.000000 -1.000000 1 8.321832865e-06 2.104789019e-05
70 0.186348 -0.081966 -0.120070 0.463993 -0.037679 -0.120070 0.000000 0.000000 0.000000 -1.000000 1 8.397968486e-06 2.094404772e-05
70 0.185177 -0.082471 -0.120070 0.463993 -0.037679 -0.120070 0.000000 0.000000 0.000000 -1.000000 1 7.895985618e-06 1.965393312e-05
70 0.184104 -0.083008 -0.120070 0.463993 -0.037679 -0.120070 0.000000 0.000000 0.000000 -1.000000 1 8.564908057e-06 2.134498209e-05
70 0.183147 -0.083544 -0.120070 0.463993 -0.037679 -0.120070 0.000000 0.000000 0.000000 -1.000000 1 8.533010259e-06 2.110702917e-05
70 0.182310 -0.084092 -0.120070 0.463993 -0.037679 -0.120070 0.000000 0.000000 0.000000 -1.000000 1 8.492032066e-06 2.117501572e-05
70 0.181599 -0.084724 -0.120070 0.463993 -0.037679 -0.120070 0.000000 0.000000 0.000000 -1.000000 1 9.106937796e-06 2.249819227e-05
70 0.180979 -0.085498 -0.120070 0.463993 -0.037679 -0.120070 0.000000 0.000000 0.000000 -1.000000 1 7.916940376e-06 1.958594657e-05
70 0.180400 -0.086411 -0.120070 0.463993 -0.037679 -0.120070 0.000000 0.000000 0.000000 -1.000000 1 7.952796295e-06 1.975684427e-05
70 0.179824 -0.087438 -0.120070 0.463993 -0.037679 -0.120070 0.000000 0.000000 0.000000 -1.000000 1 7.831025869e-06 1.946999691e-05
70 0.179215 -0.088530 -0.120070 0.463993 -0.037679 -0.120070 0.000000 0.000000 0.000000 -1.000000 1 9.251059964e-06 2.276082523e-05
70 0.178546 -0.089635 -0.120070 0.463993 -0.037679 -0.120070 0.000000 0.000000 0.000000 -1.000000 1 8.365139365e-06 2.074986696e-05
70 0.177807 -0.090691 -0.120070 0.463993 -0.037679 -0.120070 0.000000 0.000000 0.000000 -1.000000 1 8.368864655e-06 2.072798088e-05
70 0.177014 -0.091649 -0.120070 0.463993 -0.037679 -0.120070 0.000000 0.000000 0.000000 -1.000000 1 8.346047252e-06 2.102390863e-05
71 0.173717 -0.079368 -0.141704 0.517455 -0.013912 -0.141704 0.000000 0.000000 0.000000 -1.000000 1 1.177191734e-05 3.014784306e-05
71 0.172960 -0.080213 -0.141704 0.517455 -0.013912 -0.141704 0.000000 0.000000 0.000000 -1.000000 1 1.154700294e-05 2.979394048e-05
71 0.172332 -0.081169 -0.141704 0.517455 -0.013912 -0.141704 0.000000 0.000000 0.000000 -1.000000 1 1.254305243e-05 3.206497058e-05
71 0.171798 -0.082268 -0.141704 0.517455 -0.013912 -0.141704 0.000000 0.000000 0.000000 -1.000000 1 1.265318133e-05 3.207498230e-05
71 0.171316 -0.083481 -0.141704 0.517455 -0.013912 -0.141704 0.000000 0.000000 0.000000 -1.000000 1 8.329981938e-06 2.086488530e-05
71 0.170859 -0.084774 -0.141704 0.517455 -0.013912 -0.141704 0.000000 0.000000 0.000000 -1.000000 1 8.476898074e-06 2.116709948e-05
71 0.170403 -0.086091 -0.141704 0.517455 -0.013912 -0.141704 0.000000 0.000000 0.000000 -1.000000 1 7.951864973e-06 1.978198998e-05
71 0.169929 -0.087365 -0.141704 0.517455 -0.013912 -0.141704 0.000000 0.000000 0.000000 -1.000000 1 8.361879736e-06 2.104695886e-05
71 0.169424 -0.088523 -0.141704 0.517455 -0.013912 -0.141704 0.000000 0.000000 0.000000 -1.000000 1 1.004501246e-05 2.466910519e-05
71 0.168887 -0.089504 -0.141704 0.517455 -0.013912 -0.141704 0.000000 0.000000 0.000000 -1.000000 1 8.449889719e-06 2.096197568e-05
71 0.168326 -0.090284 -0.141704 0.517455 -0.013912 -0.141704 0.000000 0.000000 0.000000 -1.000000 1 8.507864550e-06 2.129096538e-05
71 0.167760 -0.090894 -0.141704 0.517455 -0.013912 -0.141704 0.000000 0.000000 0.000000 -1.000000 1 7.790978998e-06 1.961900853e-05
71 0.167187 -0.091372 -0.141704 0.517455 -0.013912 -0.141704 0.000000 0.000000 0.000000 -1.000000 1 1.154793426e-05 2.951803617e-05
71 0.166601 -0.091796 -0.141704 0.517455 -0.013912 -0.141704 0.000000 0.000000 0.000000 -1.000000 1 1.613888890e-05 3.927410580e-05
71 0.165995 -0.092230 -0.141704 0.517455 -0.013912 -0.141704 0.000000 0.000000 0.000000 -1.000000 1 7.826136425e-06 1.964089461e-05
71 0.165367 -0.092722 -0.141704 0.517455 -0.013912 -0.141704 0.000000 0.000000 0.000000 -1.000000 1 7.969094440e-06 1.961807720e-05
71 0.164730 -0.093308 -0.141704 0.517455 -0.013912 -0.141704 0.000000 0.000000 0.000000 -1.000000 1 8.467817679e-06 2.089492045e-05
71 0.164088 -0.093988 -0.141704 0.517455 -0.013912 -0.141704 0.000000 0.000000 0.000000 -1.000000 1 8.418923244e-06 2.096197568e-05
71 0.163434 -0.094727 -0.141704 0.517455 -0.013912 -0.141704 0.000000 0.000000 0.000000 -1.000000 1 8.285045624e-06 2.081808634e-05
71 0.162757 -0.095430 -0.141704 0.517455 -0.013912 -0.141704 0.000000 0.000000 0.000000 -1.000000 1 7.901107892e-06 1.972098835e-05
72 0.161083 -0.091755 -0.143626 0.589572 0.007262 -0.143626 0.000000 0.000000 0.000000 -1.000000 1 7.800059393e-06 1.932005398e-05
72 0.160379 -0.092313 -0.143626 0.589572 0.007262 -0.143626 0.000000 0.000000 0.000000 -1.000000 1 8.282950148e-06 2.077803947e-05
72 0.159570 -0.092789 -0.143626 0.589572 0.007262 -0.143626 0.000000 0.000000 0.000000 -1.000000 1 8.350005373e-06 2.088700421e-05
72 0.158646 -0.093232 -0.143626 0.589572 0.007262 -0.143626 0.000000 0.000000 0.000000 -1.000000 1 7.865019143e-06 1.966510899e-05
72 0.157669 -0.093691 -0.143626 0.589572 0.007262 -0.143626 0.000000 0.000000 0.000000 -1.000000 1 8.407048881e-06 2.091191709e-05
72 0.156690 -0.094177 -0.143626 0.589572 0.007262 -0.143626 0.000000 0.000000 0.000000 -1.000000 1 1.679407433e-05 4.155491479e-05
72 0.155760 -0.094774 -0.143626 0.589572 0.007262 -0.143626 0.000000 0.000000 0.000000 -1.000000 1 8.410075679e-06 2.088304609e-05
72 0.154912 -0.095517 -0.143626 0.589572 0.007262 -0.143626 0.000000 0.000000 0.000000 -1.000000 1 8.424976841e-06 2.100691199e-05
72 0.154151 -0.096357 -0.143626 0.589572 0.007262 -0.143626 0.000000 0.000000 0.000000 -1.000000 1 8.598202839e-06 2.353591844e-05
72 0.153490 -0.097246 -0.143626 0.589572 0.007262 -0.143626 0.000000 0.000000 0.000000 -1.000000 1 8.502975106e-06 2.100504935e-05
72 0.152925 -0.098130 -0.143626 0.589572 0.007262 -0.143626 0.000000 0.000000 0.000000 -1.000000 1 1.156190410e-05 2.874783240e-05
72 0.152460 -0.099013 -0.143626 0.589572 0.007262 -0.143626 0.000000 0.000000 0.000000 -1.000000 1 8.617993444e-06 2.125394531e-05
72 0.152128 -0.100009 -0.143626 0.589572 0.007262 -0.143626 0.000000 0.000000 0.000000 -1.000000 1 8.489005268e-06 2.105999738e-05
72 0.151929 -0.101209 -0.143626 0.589572 0.007262 -0.143626 0.000000 0.000000 0.000000 -1.000000 1 8.684815839e-06 2.126302570e-05
72 0.151826 -0.102622 -0.143626 0.589572 0.007262 -0.143626 0.000000 0.000000 0.000000 -1.000000 1 8.539995179e-06 2.115196548e-05
72 0.151774 -0.104207 -0.143626 0.589572 0.007262 -0.143626 0.000000 0.000000 0.000000 -1.000000 1 8.313916624e-06 2.077594399e-05
72 0.151733 -0.105899 -0.143626 0.589572 0.007262 -0.143626 0.000000 0.000000 0.000000 -1.000000 1 2.201180905e-06 5.335081369e-06
72 0.151658 -0.107616 -0.143626 0.589572 0.007262 -0.143626 0.000000 0.000000 0.000000 -1.000000 1 2.098968253e-06 5.229143426e-06
72 0.151509 -0.109257 -0.143626 0.589572 0.007262 -0.143626 0.000000 0.000000 0.000000 -1.000000 1 2.029119059e-06 5.132984370e-06
72 0.151272 -0.110738 -0.143626 0.589572 0.007262 -0.143626 0.000000 0.000000 0.000000 -1.000000 1 8.687842637e-06 2.156291157e-05
73 0.149769 -0.107589 -0.164952 0.659977 0.031156 -0.164952 0.000000 0.000000 0.000000 -1.000000 1 8.567934856e-06 2.093100920e-05
73 0.149498 -0.108855 -0.164952 0.659977 0.031156 -0.164952 0.000000 0.000000 0.000000 -1.000000 1 8.336966857e-06 2.090283670e-05
73 0.149377 -0.110284 -0.164952 0.659977 0.031156 -0.164952 0.000000 0.000000 0.000000 -1.000000 1 1.433002762e-05 3.589084372e-05
73 0.149404 -0.111928 -0.164952 0.659977 0.031156 -0.164952 0.000000 0.000000 0.000000 -1.000000 1 1.234305091e-05 3.183609806e-05
73 0.149551 -0.113764 -0.164952 0.659977 0.031156 -0.164952 0.000000 0.000000 0.000000 -1.000000 1 8.407048881e-06 2.110004425e-05
73 0.149791 -0.115736 -0.164952 0.659977 0.031156 -0.164952 0.000000 0.000000 0.000000 -1.000000 1 1.029786654e-05 2.287398092e-05
73 0.150074 -0.117754 -0.164952 0.659977 0.031156 -0.164952 0.000000 0.000000 0.000000 -1.000000 1 8.452916518e-06 2.095894888e-05
73 0.150341 -0.119701 -0.164952 0.659977 0.031156 -0.164952 0.000000 0.000000 0.000000 -1.000000 1 2.038292587e-05 5.170004442e-05
73 0.150533 -0.121456 -0.164952 0.659977 0.031156 -0.164952 0.000000 0.000000 0.000000 -1.000000 1 2.167699859e-05 4.107109271e-05
73 0.150608 -0.122926 -0.164952 0.659977 0.031156 -0.164952 0.000000 0.000000 0.000000 -1.000000 1 1.728092320e-05 4.131812602e-05
73 0.150556 -0.124078 -0.164952 0.659977 0.031156 -0.164952 0.000000 0.000000 0.000000 -1.000000 1 8.826842532e-06 2.135708928e-05
73 0.150414 -0.124968 -0.164952 0.659977 0.031156 -0.164952 0.000000 0.000000 0.000000 -1.000000 1 8.285045624e-06 2.080178820e-05
73 0.150205 -0.125657 -0.164952 0.659977 0.031156 -0.164952 0.000000 0.000000 0.000000 -1.000000 1 8.459901437e-06 2.088281326e-05
73 0.149963 -0.126258 -0.164952 0.659977 0.031156 -0.164952 0.000000 0.000000 0.000000 -1.000000 1 8.333008736e-06 2.070912160e-05
73 0.149719 -0.126877 -0.164952 0.659977 0.031156 -0.164952 0.000000 0.000000 0.000000 -1.000000 1 1.442315988e-05 2.689613029e-05
73 0.149502 -0.127599 -0.164952 0.659977 0.031156 -0.164952 0.000000 0.000000 0.000000 -1.000000 1 8.524162695e-06 2.855202183e-05
73 0.149326 -0.128463 -0.164952 0.659977 0.031156 -0.164952 0.000000 0.000000 0.000000 -1.000000 1 1.492002048e-05 2.741906792e-05
73 0.149177 -0.129453 -0.164952 0.659977 0.031156 -0.164952 0.000000 0.000000 0.000000 -1.000000 1 8.324161172e-06 2.085603774e-05
73 0.149021 -0.130505 -0.164952 0.659977 0.031156 -0.164952 0.000000 0.000000 0.000000 -1.000000 1 8.667819202e-06 2.138316631e-05
73 0.148764 -0.131415 -0.164952 0.659977 0.031156 -0.164952 0.000000 0.000000 0.000000 -1.000000 1 9.085051715e-06 2.225511707e-05
74 0.149150 -0.134465 -0.169872 0.747763 0.056574 -0.169872 0.000000 0.000000 0.000000 -1.000000 1 8.326955140e-06 2.086604945e-05
74 0.148710 -0.135052 -0.169872 0.747763 0.056574 -0.169872 0.000000 0.000000 0.000000 -1.000000 1 9.055947885e-06 2.263183706e-05
74 0.148124 -0.135513 -0.169872 0.747763 0.056574 -0.169872 0.000000 0.000000 0.000000 -1.000000 1 8.363043889e-06 2.085790038e-05
74 0.147400 -0.135910 -0.169872 0.747763 0.056574 -0.169872 0.000000 0.000000 0.000000 -1.000000 1 8.545815945e-06 2.120202407e-05
74 0.146620 -0.136344 -0.169872 0.747763 0.056574 -0.169872 0.000000 0.000000 0.000000 -1.000000 1 1.154397614e-05 2.766097896e-05
74 0.145864 -0.136846 -0.169872 0.747763 0.056574 -0.169872 0.000000 0.000000 0.000000 -1.000000 1 8.411007002e-06 2.078898251e-05
74 0.145209 -0.137515 -0.169872 0.747763 0.056574 -0.169872 0.000000 0.000000 0.000000 -1.000000 1 8.335104212e-06 2.108397894e-05
74 0.144705 -0.138409 -0.169872 0.747763 0.056574 -0.169872 0.000000 0.000000 0.000000 -1.000000 1 8.500181139e-06 2.098409459e-05
74 0.144353 -0.139495 -0.169872 0.747763 0.056574 -0.169872 0.000000 0.000000 0.000000 -1.000000 1 1.250114292e-05 3.245100379e-05
74 0.144120 -0.140668 -0.169872 0.747763 0.056574 -0.169872 0.000000 0.000000 0.000000 -1.000000 1 1.295795664e-05 3.282795660e-05
74 0.143975 -0.141845 -0.169872 0.747763 0.056574 -0.169872 0.000000 0.000000 0.000000 -1.000000 1 1.233001240e-05 3.145611845e-05
74 0.143928 -0.143036 -0.169872 0.747763 0.056574 -0.169872 0.000000 0.000000 0.000000 -1.000000 1 1.258798875e-05 3.242003731e-05
74 0.144070 -0.144405 -0.169872 0.747763 0.056574 -0.169872 0.000000 0.000000 0.000000 -1.000000 1 8.400063962e-06 2.089887857e-05
74 0.144448 -0.146090 -0.169872 0.747763 0.056574 -0.169872 0.000000 0.000000 0.000000 -1.000000 1 8.394010365e-06 2.098595724e-05
74 0.145017 -0.148073 -0.169872 0.747763 0.056574 -0.169872 0.000000 0.000000 0.000000 -1.000000 1 8.365139365e-06 2.094893716e-05
74 0.145727 -0.150304 -0.169872 0.747763 0.056574 -0.169872 0.000000 0.000000 0.000000 -1.000000 1 8.552102372e-06 2.105091698e-05
74 0.146545 -0.152740 -0.169872 0.747763 0.056574 -0.169872 0.000000 0.000000 0.000000 -1.000000 1 8.838018402e-06 2.188398503e-05
74 0.147404 -0.155282 -0.169872 0.747763 0.056574 -0.169872 0.000000 0.000000 0.000000 -1.000000 1 8.387025446e-06 2.097804099e-05
74 0.148212 -0.157777 -0.169872 0.747763 0.056574 -0.169872 0.000000 0.000000 0.000000 -1.000000 1 8.432893082e-06 2.091703936e-05
74 0.148905 -0.160089 -0.169872 0.747763 0.056574 -0.169872 0.000000 0.000000 0.000000 -1.000000 1 8.472008631e-06 2.100411803e-05
75 0.150550 -0.165114 -0.205898 0.828941 0.082838 -0.205898 0.000000 0.000000 0.000000 -1.000000 1 8.498085663e-06 2.101203427e-05
75 0.151161 -0.167156 -0.205898 0.828941 0.082838 -0.205898 0.000000 0.000000 0.000000 -1.000000 1 9.739072993e-06 2.414500341e-05
75 0.152174 -0.169561 -0.205898 0.828941 0.082838 -0.205898 0.000000 0.000000 0.000000 -1.000000 1 8.354894817e-06 2.121413127e-05
75 0.153630 -0.172429 -0.205898 0.828941 0.082838 -0.205898 0.000000 0.000000 0.000000 -1.000000 1 8.462928236e-06 2.080621198e-05
75 0.155395 -0.175606 -0.205898 0.828941 0.082838 -0.205898 0.000000 0.000000 0.000000 -1.000000 1 7.946044207e-06 1.991982572e-05
75 0.157353 -0.178946 -0.205898 0.828941 0.082838 -0.205898 0.000000 0.000000 0.000000 -1.000000 1 8.302042261e-06 2.088607289e-05
75 0.159379 -0.182289 -0.205898 0.828941 0.082838 -0.205898 0.000000 0.000000 0.000000 -1.000000 1 7.719965652e-06 1.941784285e-05
75 0.161333 -0.185462 -0.205898 0.828941 0.082838 -0.205898 0.000000 0.000000 0.000000 -1.000000 1 8.341856301e-06 2.078711987e-05
75 0.163068 -0.188293 -0.205898 0.828941 0.082838 -0.205898 0.000000 0.000000 0.000000 -1.000000 1 8.434988558e-06 2.095894888e-05
75 0.164478 -0.190656 -0.205898 0.828941 0.082838 -0.205898 0.000000 0.000000 0.000000 -1.000000 1 8.680857718e-06 2.134684473e-05
75 0.165522 -0.192513 -0.205898 0.828941 0.082838 -0.205898 0.000000 0.000000 0.000000 -1.000000 1 8.411007002e-06 2.098805271e-05
75 0.166269 -0.193952 -0.205898 0.828941 0.082838 -0.205898 0.000000 0.000000 0.000000 -1.000000 1 7.797032595e-06 1.956219785e-05
75 0.166819 -0.195093 -0.205898 0.828941 0.082838 -0.205898 0.000000 0.000000 0.000000 -1.000000 1 2.066837624e-06 5.126930773e-06
75 0.167294 -0.196111 -0.205898 0.828941 0.082838 -0.205898 0.000000 0.000000 0.000000 -1.000000 1 4.364876077e-06 1.092487946e-05
75 0.167801 -0.197167 -0.205898 0.828941 0.082838 -0.205898 0.000000 0.000000 0.000000 -1.000000 1 4.606088623e-06 1.170183532e-05
75 0.168409 -0.198365 -0.205898 0.828941 0.082838 -0.205898 0.000000 0.000000 0.000000 -1.000000 1 1.279893331e-05 3.268499859e-05
75 0.169121 -0.199727 -0.205898 0.828941 0.082838 -0.205898 0.000000 0.000000 0.000000 -1.000000 1 1.255492680e-05 3.214087337e-05
75 0.169872 -0.201198 -0.205898 0.828941 0.082838 -0.205898 0.000000 0.000000 0.000000 -1.000000 1 1.237401739e-05 3.176415339e-05
75 0.170537 -0.202638 -0.205898 0.828941 0.082838 -0.205898 0.000000 0.000000 0.000000 -1.000000 1 1.475983299e-05 3.791693598e-05
75 0.170701 -0.203506 -0.205898 0.828941 0.082838 -0.205898 0.000000 0.000000 0.000000 -1.000000 1 1.286808401e-05 3.249780275e-05
76 0.169639 -0.202056 -0.197444 0.928202 0.128238 -0.197444 0.000000 0.000000 0.000000 -1.000000 1 1.408811659e-05 3.489409573e-05
76 0.169054 -0.202089 -0.197444 0.928202 0.128238 -0.197444 0.000000 0.000000 0.000000 -1.000000 1 1.397100277e-05 3.355182707e-05
76 0.168258 -0.201953 -0.197444 0.928202 0.128238 -0.197444 0.000000 0.000000 0.000000 -1.000000 1 1.276796684e-05 3.246311098e-05
76 0.167314 -0.201765 -0.197444 0.928202 0.128238 -0.197444 0.000000 0.000000 0.000000 -1.000000 1 1.237308607e-05 3.175996244e-05
76 0.166315 -0.201639 -0.197444 0.928202 0.128238 -0.197444 0.000000 0.000000 0.000000 -1.000000 1 8.350005373e-06 2.083880827e-05
76 0.165437 -0.201749 -0.197444 0.928202 0.128238 -0.197444 0.000000 0.000000 0.000000 -1.000000 1 8.610077202e-06 2.125394531e-05
76 0.164779 -0.202155 -0.197444 0.928202 0.128238 -0.197444 0.000000 0.000000 0.000000 -1.000000 1 8.390052244e-06 2.090004273e-05
76 0.164364 -0.202862 -0.197444 0.928202 0.128238 -0.197444 0.000000 0.000000 0.000000 -1.000000 1 8.359085768e-06 2.106488682e-05
76 0.164181 -0.203839 -0.197444 0.928202 0.128238 -0.197444 0.000000 0.000000 0.000000 -1.000000 1 8.542789146e-06 2.098688856e-05
76 0.164194 -0.204998 -0.197444 0.928202 0.128238 -0.197444 0.000000 0.000000 0.000000 -1.000000 1 8.436851203e-06 2.094404772e-05
76 0.164358 -0.206253 -0.197444 0.928202 0.128238 -0.197444 0.000000 0.000000 0.000000 -1.000000 1 9.037088603e-06 2.226093784e-05
76 0.164689 -0.207601 -0.197444 0.928202 0.128238 -0.197444 0.000000 0.000000 0.000000 -1.000000 1 8.338131011e-06 2.095801756e-05
76 0.165365 -0.209263 -0.197444 0.928202 0.128238 -0.197444 0.000000 0.000000 0.000000 -1.000000 1 8.398899809e-06 2.098805271e-05
76 0.166476 -0.211389 -0.197444 0.928202 0.128238 -0.197444 0.000000 0.000000 0.000000 -1.000000 1 8.353963494e-06 2.091005445e-05
76 0.167923 -0.213900 -0.197444 0.928202 0.128238 -0.197444 0.000000 0.000000 0.000000 -1.000000 1 8.380971849e-06 2.077897079e-05
76 0.169625 -0.216715 -0.197444 0.928202 0.128238 -0.197444 0.000000 0.000000 0.000000 -1.000000 1 1.926603727e-05 4.964694381e-05
76 0.171565 -0.219809 -0.197444 0.928202 0.128238 -0.197444 0.000000 0.000000 0.000000 -1.000000 1 8.289003745e-06 2.074614167e-05
76 0.173735 -0.223171 -0.197444 0.928202 0.128238 -0.197444 0.000000 0.000000 0.000000 -1.000000 1 8.425908163e-06 2.082693391e-05
76 0.175985 -0.226615 -0.197444 0.928202 0.128238 -0.197444 0.000000 0.000000 0.000000 -1.000000 1 8.468050510e-06 2.097198740e-05
76 0.178161 -0.229935 -0.197444 0.928202 0.128238 -0.197444 0.000000 0.000000 0.000000 -1.000000 1 8.394941688e-06 2.073403448e-05
77 0.187387 -0.247929 -0.276209 1.012028 0.150252 -0.276209 0.000000 0.000000 0.000000 -1.000000 1 8.401926607e-06 2.123205923e-05
77 0.189541 -0.250991 -0.276209 1.012028 0.150252 -0.276209 0.000000 0.000000 0.000000 -1.000000 1 8.712057024e-06 2.134405077e-05
77 0.192316 -0.254456 -0.276209 1.012028 0.150252 -0.276209 0.000000 0.000000 0.000000 -1.000000 1 8.333008736e-06 2.091191709e-05
77 0.196148 -0.258725 -0.276209 1.012028 0.150252 -0.276209 0.000000 0.000000 0.000000 -1.000000 1 8.363975212e-06 2.097291872e-05
77 0.200741 -0.263521 -0.276209 1.012028 0.150252 -0.276209 0.000000 0.000000 0.000000 -1.000000 1 5.752407014e-05 7.778801955e-05
77 0.205764 -0.268528 -0.276209 1.012028 0.150252 -0.276209 0.000000 0.000000 0.000000 -1.000000 1 8.413102478e-06 2.103880979e-05
77 0.210930 -0.273495 -0.276209 1.012028 0.150252 -0.276209 0.000000 0.000000 0.000000 -1.000000 1 8.537201211e-06 2.108910121e-05
77 0.215942 -0.278180 -0.276209 1.012028 0.150252 -0.276209 0.000000 0.000000 0.000000 -1.000000 1 8.659902960e-06 2.142600715e-05
77 0.220514 -0.282369 -0.276209 1.012028 0.150252 -0.276209 0.000000 0.000000 0.000000 -1.000000 1 8.450122550e-06 2.098106779e-05
77 0.224542 -0.285989 -0.276209 1.012028 0.150252 -0.276209 0.000000 0.000000 0.000000 -1.000000 1 8.387956768e-06 2.092309296e-05
77 0.227983 -0.289034 -0.276209 1.012028 0.150252 -0.276209 0.000000 0.000000 0.000000 -1.000000 1 8.400995284e-06 2.111191861e-05
77 0.230806 -0.291519 -0.276209 1.012028 0.150252 -0.276209 0.000000 0.000000 0.000000 -1.000000 1 8.522067219e-06 2.092705108e-05
77 0.233163 -0.293580 -0.276209 1.012028 0.150252 -0.276209 0.000000 0.000000 0.000000 -1.000000 1 1.085200347e-05 2.707215026e-05
77 0.235332 -0.295453 -0.276209 1.012028 0.150252 -0.276209 0.000000 0.000000 0.000000 -1.000000 1 8.411007002e-06 2.091191709e-05
77 0.237566 -0.297358 -0.276209 1.012028 0.150252 -0.276209 0.000000 0.000000 0.000000 -1.000000 1 8.358154446e-06 2.103392035e-05
77 0.239980 -0.299402 -0.276209 1.012028 0.150252 -0.276209 0.000000 0.000000 0.000000 -1.000000 1 8.358154446e-06 2.115010284e-05
77 0.241615 -0.300001 -0.276209 1.012028 0.150252 -0.276209 0.000000 0.000000 0.000000 -1.000000 1 1.243292354e-05 3.185798414e-05
77 0.242838 -0.300001 -0.276209 1.012028 0.150252 -0.276209 0.000000 0.000000 0.000000 -1.000000 1 1.233583316e-05 3.167404793e-05
77 0.243667 -0.300000 -0.276209 1.012028 0.150252 -0.276209 0.000000 0.000000 0.000000 -1.000000 1 8.607981727e-06 2.114102244e-05
77 0.243545 -0.300000 -0.276209 1.012028 0.150252 -0.276209 0.000000 0.000000 0.000000 -1.000000 1 8.371891454e-06 2.082600258e-05
78 0.237582 -0.291144 -0.241023 1.110389 0.228302 -0.241023 0.000000 0.000000 0.000000 -1.000000 1 8.642906323e-06 2.103601582e-05
78 0.236094 -0.290299 -0.241023 1.110389 0.228302 -0.241023 0.000000 0.000000 0.000000 -1.000000 1 8.349074051e-06 2.080318518e-05
78 0.234373 -0.289315 -0.241023 1.110389 0.228302 -0.241023 0.000000 0.000000 0.000000 -1.000000 1 8.533010259e-06 2.131797373e-05
78 0.232574 -0.288349 -0.241023 1.110389 0.228302 -0.241023 0.000000 0.000000 0.000000 -1.000000 1 1.242104918e-05 3.196415491e-05
78 0.230871 -0.287548 -0.241023 1.110389 0.228302 -0.241023 0.000000 0.000000 0.000000 -1.000000 1 1.292885281e-05 3.308500163e-05
78 0.229455 -0.287066 -0.241023 1.110389 0.228302 -0.241023 0.000000 0.000000 0.000000 -1.000000 1 1.227296889e-05 3.163609654e-05
78 0.228506 -0.287054 -0.241023 1.110389 0.228302 -0.241023 0.000000 0.000000 0.000000 -1.000000 1 1.258798875e-05 3.243796527e-05
78 0.228098 -0.287567 -0.241023 1.110389 0.228302 -0.241023 0.000000 0.000000 0.000000 -1.000000 1 1.028110273e-05 2.472801134e-05
78 0.227944 -0.288323 -0.241023 1.110389 0.228302 -0.241023 0.000000 0.000000 0.000000 -1.000000 1 3.843801096e-06 9.476905689e-06
78 0.227808 -0.289089 -0.241023 1.110389 0.228302 -0.241023 0.000000 0.000000 0.000000 -1.000000 1 7.102033123e-06 1.687882468e-05
78 0.227648 -0.289791 -0.241023 1.110389 0.228302 -0.241023 0.000000 0.000000 0.000000 -1.000000 1 4.105968401e-06 1.016212627e-05
78 0.227676 -0.290582 -0.241023 1.110389 0.228302 -0.241023 0.000000 0.000000 0.000000 -1.000000 1 8.380971849e-06 2.104393207e-05
78 0.228417 -0.291903 -0.241023 1.110389 0.228302 -0.241023 0.000000 0.000000 0.000000 -1.000000 1 8.746050298e-06 2.129306085e-05
78 0.229995 -0.293893 -0.241023 1.110389 0.228302 -0.241023 0.000000 0.000000 0.000000 -1.000000 1 8.401926607e-06 2.093403600e-05
78 0.232196 -0.296402 -0.241023 1.110389 0.228302 -0.241023 0.000000 0.000000 0.000000 -1.000000 1 8.428003639e-06 2.083485015e-05
78 0.234839 -0.299283 -0.241023 1.110389 0.228302 -0.241023 0.000000 0.000000 0.000000 -1.000000 1 8.423114195e-06 2.077617683e-05
78 0.236363 -0.300001 -0.241023 1.110389 0.228302 -0.241023 0.000000 0.000000 0.000000 -1.000000 1 8.558854461e-06 2.124300227e-05
78 0.237727 -0.300001 -0.241023 1.110389 0.228302 -0.241023 0.000000 0.000000 0.000000 -1.000000 1 8.291099221e-06 2.077501267e-05
78 0.239294 -0.300002 -0.241023 1.110389 0.228302 -0.241023 0.000000 0.000000 0.000000 -1.000000 1 8.511124179e-06 2.112891525e-05
78 0.240935 -0.300002 -0.241023 1.110389 0.228302 -0.241023 0.000000 0.000000 0.000000 -1.000000 1 8.369097486e-06 2.097501419e-05
79 0.242511 -0.300001 -0.392922 1.189861 0.226400 -0.392922 0.000000 0.000000 0.000000 -1.000000 1 8.412869647e-06 2.118409611e-05
79 0.243896 -0.300001 -0.392922 1.189861 0.226400 -0.392922 0.000000 0.000000 0.000000 -1.000000 1 9.190058336e-06 2.237898298e-05
79 0.245519 -0.300001 -0.392922 1.189861 0.226400 -0.392922 0.000000 0.000000 0.000000 -1.000000 1 8.281087503e-06 2.072402276e-05
79 0.248115 -0.300002 -0.392922 1.189861 0.226400 -0.392922 0.000000 0.000000 0.000000 -1.000000 1 8.637085557e-06 2.159201540e-05
79 0.251652 -0.300002 -0.392922 1.189861 0.226400 -0.392922 0.000000 0.000000 0.000000 -1.000000 1 8.482020348e-06 2.126814798e-05
79 0.255756 -0.300002 -0.392922 1.189861 0.226400 -0.392922 0.000000 0.000000 0.000000 -1.000000 1 8.397968486e-06 2.565002069e-05
79 0.260118 -0.300002 -0.392922 1.189861 0.226400 -0.392922 0.000000 0.000000 0.000000 -1.000000 1 1.191208139e-05 4.477403127e-05
79 0.264437 -0.300002 -0.392922 1.189861 0.226400 -0.392922 0.000000 0.000000 0.000000 -1.000000 1 8.356990293e-06 2.097105607e-05
79 0.268496 -0.300002 -0.392922 1.189861 0.226400 -0.392922 0.000000 0.000000 0.000000 -1.000000 1 8.475966752e-06 2.111401409e-05
79 0.272267 -0.300002 -0.392922 1.189861 0.226400 -0.392922 0.000000 0.000000 0.000000 -1.000000 1 8.725794032e-06 2.177106217e-05
79 0.275932 -0.300002 -0.392922 1.189861 0.226400 -0.392922 0.000000 0.000000 0.000000 -1.000000 1 8.744886145e-06 2.165301703e-05
79 0.279352 -0.300002 -0.392922 1.189861 0.226400 -0.392922 0.000000 0.000000 0.000000 -1.000000 1 8.199131116e-06 2.063694410e-05
79 0.282403 -0.300001 -0.392922 1.189861 0.226400 -0.392922 0.000000 0.000000 0.000000 -1.000000 1 8.365139365e-06 2.091284841e-05
79 0.285297 -0.300001 -0.392922 1.189861 0.226400 -0.392922 0.000000 0.000000 0.000000 -1.000000 1 8.326023817e-06 2.077687532e-05
79 0.288244 -0.300002 -0.392922 1.189861 0.226400 -0.392922 0.000000 0.000000 0.000000 -1.000000 1 8.109025657e-06 1.985300332e-05
79 0.291312 -0.300002 -0.392922 1.189861 0.226400 -0.392922 0.000000 0.000000 0.000000 -1.000000 1 8.528120816e-06 2.119294368e-05
79 0.294420 -0.300002 -0.392922 1.189861 0.226400 -0.392922 0.000000 0.000000 0.000000 -1.000000 1 8.397968486e-06 2.116314135e-05
79 0.297353 -0.300002 -0.392922 1.189861 0.226400 -0.392922 0.000000 0.000000 0.000000 -1.000000 1 8.253147826e-06 2.087908797e-05
79 0.299329 -0.300001 -0.392922 1.189861 0.226400 -0.392922 0.000000 0.000000 0.000000 -1.000000 1 8.493196219e-06 2.147699706e-05
79 0.299740 -0.300000 -0.392922 1.189861 0.226400 -0.392922 0.000000 0.000000 0.000000 -1.000000 1 8.683186024e-06 2.189888619e-05
80 0.299251 -0.300000 -0.319588 1.263926 0.346216 -0.319588 0.000000 0.000000 0.000000 -1.000000 1 8.528819308e-06 2.104789019e-05
80 0.298301 -0.300000 -0.319588 1.263926 0.346216 -0.319588 0.000000 0.000000 0.000000 -1.000000 1 8.286908269e-06 2.064206637e-05
80 0.297282 -0.300000 -0.319588 1.263926 0.346216 -0.319588 0.000000 0.000000 0.000000 -1.000000 1 8.706003428e-06 2.128793858e-05
80 0.296307 -0.300000 -0.319588 1.263926 0.346216 -0.319588 0.000000 0.000000 0.000000 -1.000000 1 2.960581332e-05 5.912198685e-05
80 0.295503 -0.300000 -0.319588 1.263926 0.346216 -0.319588 0.000000 0.000000 0.000000 -1.000000 1 1.366692595e-05 3.255810589e-05
80 0.294983 -0.300000 -0.319588 1.263926 0.346216 -0.319588 0.000000 0.000000 0.000000 -1.000000 1 8.951174095e-06 2.160016447e-05
80 0.294813 -0.300001 -0.319588 1.263926 0.346216 -0.319588 0.000000 0.000000 0.000000 -1.000000 1 8.579110727e-06 2.106907777e-05
80 0.295004 -0.300001 -0.319588 1.263926 0.346216 -0.319588 0.000000 0.000000 0.000000 -1.000000 1 8.295057341e-06 2.091005445e-05
80 0.295506 -0.300001 -0.319588 1.263926 0.346216 -0.319588 0.000000 0.000000 0.000000 -1.000000 1 8.217990398e-06 2.079806291e-05
80 0.296218 -0.300001 -0.319588 1.263926 0.346216 -0.319588 0.000000 0.000000 0.000000 -1.000000 1 8.426839486e-06 2.118409611e-05
80 0.296664 -0.300001 -0.319588 1.263926 0.346216 -0.319588 0.000000 0.000000 0.000000 -1.000000 1 8.303904906e-06 2.088397741e-05
80 0.296711 -0.300001 -0.319588 1.263926 0.346216 -0.319588 0.000000 0.000000 0.000000 -1.000000 1 8.363975212e-06 2.091890201e-05
80 0.296891 -0.300001 -0.319588 1.263926 0.346216 -0.319588 0.000000 0.000000 0.000000 -1.000000 1 8.308095858e-06 2.075009979e-05
80 0.297672 -0.300001 -0.319588 1.263926 0.346216 -0.319588 0.000000 0.000000 0.000000 -1.000000 1 7.879920304e-06 1.971307211e-05
80 0.299041 -0.300002 -0.319588 1.263926 0.346216 -0.319588 0.000000 0.000000 0.000000 -1.000000 1 7.790047675e-06 1.947814599e-05
80 0.300866 -0.300002 -0.319588 1.263926 0.346216 -0.319588 0.000000 0.000000 0.000000 -1.000000 1 8.461996913e-06 2.118106931e-05
80 0.303104 -0.300002 -0.319588 1.263926 0.346216 -0.319588 0.000000 0.000000 0.000000 -1.000000 1 8.621951565e-06 2.118013799e-05
80 0.305700 -0.300003 -0.319588 1.263926 0.346216 -0.319588 0.000000 0.000000 0.000000 -1.000000 1 8.575152606e-06 2.128607593e-05
80 0.308611 -0.300003 -0.319588 1.263926 0.346216 -0.319588 0.000000 0.000000 0.000000 -1.000000 1 7.722061127e-06 1.931912266e-05
80 0.311632 -0.300003 -0.319588 1.263926 0.346216 -0.319588 0.000000 0.000000 0.000000 -1.000000 1 1.290882938e-05 3.248406574e-05
81 0.314508 -0.300002 -0.484545 1.328689 0.338775 -0.484545 0.000000 0.000000 0.000000 -1.000000 1 1.649186015e-05 4.170602188e-05
81 0.317068 -0.300002 -0.484545 1.328689 0.338775 -0.484545 0.000000 0.000000 0.000000 -1.000000 1 1.243012957e-05 3.188685514e-05
81 0.319867 -0.300003 -0.484545 1.328689 0.338775 -0.484545 0.000000 0.000000 0.000000 -1.000000 1 1.301104203e-05 3.313808702e-05
81 0.323635 -0.300003 -0.484545 1.328689 0.338775 -0.484545 0.000000 0.000000 0.000000 -1.000000 1 1.213210635e-05 3.124098293e-05
81 0.328414 -0.300004 -0.484545 1.328689 0.338775 -0.484545 0.000000 0.000000 0.000000 -1.000000 1 5.745794624e-06 1.449789852e-05
81 0.334022 -0.300005 -0.484545 1.328689 0.338775 -0.484545 0.000000 0.000000 0.000000 -1.000000 1 6.472924724e-06 1.623807475e-05
81 0.340195 -0.300011 -0.484545 1.328689 0.338775 -0.484545 0.000000 0.000000 0.000000 -1.000000 1 6.421003491e-06 1.624296419e-05
81 0.346536 -0.300013 -0.484545 1.328689 0.338775 -0.484545 0.000000 0.000000 0.000000 -1.000000 1 8.759088814e-06 2.145604230e-05
81 0.352674 -0.300013 -0.484545 1.328689 0.338775 -0.484545 0.000000 0.000000 0.000000 -1.000000 1 8.287839592e-06 2.099596895e-05
81 0.358449 -0.300013 -0.484545 1.328689 0.338775 -0.484545 0.000000 0.000000 0.000000 -1.000000 1 7.922993973e-06 1.964601688e-05
81 0.363950 -0.300014 -0.484545 1.328689 0.338775 -0.484545 0.000000 0.000000 0.000000 -1.000000 1 8.684117347e-06 2.137105912e-05
81 0.369111 -0.300013 -0.484545 1.328689 0.338775 -0.484545 0.000000 0.000000 0.000000 -1.000000 1 8.939998224e-06 2.173311077e-05
81 0.373846 -0.300013 -0.484545 1.328689 0.338775 -0.484545 0.000000 0.000000 0.000000 -1.000000 1 1.477403566e-05 3.645895049e-05
81 0.378538 -0.300014 -0.484545 1.328689 0.338775 -0.484545 0.000000 0.000000 0.000000 -1.000000 1 8.024042472e-06 1.994404010e-05
81 0.383542 -0.300015 -0.484545 1.328689 0.338775 -0.484545 0.000000 0.000000 0.000000 -1.000000 1 8.502043784e-06 2.139993012e-05
81 0.388984 -0.300018 -0.484545 1.328689 0.338775 -0.484545 0.000000 0.000000 0.000000 -1.000000 1 8.455011994e-06 2.106907777e-05
81 0.394761 -0.300020 -0.484545 1.328689 0.338775 -0.484545 0.000000 0.000000 0.000000 -1.000000 1 7.748836651e-06 1.968187280e-05
81 0.400552 -0.300022 -0.484545 1.328689 0.338775 -0.484545 0.000000 0.000000 0.000000 -1.000000 1 1.591490582e-05 3.872904927e-05
81 0.405729 -0.300019 -0.484545 1.328689 0.338775 -0.484545 0.000000 0.000000 0.000000 -1.000000 1 7.925089449e-06 1.978408545e-05
81 0.408948 -0.300013 -0.484545 1.328689 0.338775 -0.484545 0.000000 0.000000 0.000000 -1.000000 1 9.150011465e-06 2.185511403e-05
82 0.410587 -0.300008 -0.403087 1.353577 0.470846 -0.403087 0.000000 0.000000 0.000000 -1.000000 1 8.617062122e-06 2.103205770e-05
82 0.411302 -0.300006 -0.403087 1.353577 0.470846 -0.403087 0.000000 0.000000 0.000000 -1.000000 1 8.299946785e-06 2.089282498e-05
82 0.411970 -0.300007 -0.403087 1.353577 0.470846 -0.403087 0.000000 0.000000 0.000000 -1.000000 1 8.228933439e-06 2.106698230e-05
82 0.412940 -0.300008 -0.403087 1.353577 0.470846 -0.403087 0.000000 0.000000 0.000000 -1.000000 1 8.458970115e-06 2.118689008e-05
82 0.414464 -0.300011 -0.403087 1.353577 0.470846 -0.403087 0.000000 0.000000 0.000000 -1.000000 1 8.456176147e-06 2.109911293e-05
82 0.416714 -0.300013 -0.403087 1.353577 0.470846 -0.403087 0.000000 0.000000 0.000000 -1.000000 1 8.434988558e-06 2.097408287e-05
82 0.419763 -0.300016 -0.403087 1.353577 0.470846 -0.403087 0.000000 0.000000 0.000000 -1.000000 1 8.654082194e-06 2.124905586e-05
82 0.423552 -0.300018 -0.403087 1.353577 0.470846 -0.403087 0.000000 0.000000 0.000000 -1.000000 1 8.379109204e-06 2.087908797e-05
82 0.427908 -0.300017 -0.403087 1.353577 0.470846 -0.403087 0.000000 0.000000 0.000000 -1.000000 1 7.856870070e-06 1.970492303e-05
82 0.432502 -0.300016 -0.403087 1.353577 0.470846 -0.403087 0.000000 0.000000 0.000000 -1.000000 1 8.673872799e-06 2.158991992e-05
82 0.436222 -0.300014 -0.403087 1.353577 0.470846 -0.403087 0.000000 0.000000 0.000000 -1.000000 1 8.971896023e-06 2.251192927e-05
82 0.439002 -0.300013 -0.403087 1.353577 0.470846 -0.403087 0.000000 0.000000 0.000000 -1.000000 1 8.646864444e-06 2.139690332e-05
82 0.441863 -0.300015 -0.403087 1.353577 0.470846 -0.403087 0.000000 0.000000 0.000000 -1.000000 1 8.481089026e-06 2.090306953e-05
82 0.445579 -0.300018 -0.403087 1.353577 0.470846 -0.403087 0.000000 0.000000 0.000000 -1.000000 1 7.760012522e-06 1.945602708e-05
82 0.450172 -0.300021 -0.403087 1.353577 0.470846 -0.403087 0.000000 0.000000 0.000000 -1.000000 1 1.149391755e-05 2.762791701e-05
82 0.455584 -0.300024 -0.403087 1.353577 0.470846 -0.403087 0.000000 0.000000 0.000000 -1.000000 1 8.665956557e-06 2.117082477e-05
82 0.461807 -0.300027 -0.403087 1.353577 0.470846 -0.403087 0.000000 0.000000 0.000000 -1.000000 1 8.539995179e-06 2.099806443e-05
82 0.468857 -0.300029 -0.403087 1.353577 0.470846 -0.403087 0.000000 0.000000 0.000000 -1.000000 1 8.577015251e-06 2.121715806e-05
82 0.476690 -0.300030 -0.403087 1.353577 0.470846 -0.403087 0.000000 0.000000 0.000000 -1.000000 1 8.535105735e-06 2.085999586e-05
82 0.484838 -0.300030 -0.403087 1.353577 0.470846 -0.403087 0.000000 0.000000 0.000000 -1.000000 1 8.233822882e-06 2.005090937e-05
83 0.492672 -0.300029 -0.512858 1.378272 0.488908 -0.512858 0.000000 0.000000 0.000000 -1.000000 1 8.433125913e-06 2.086791210e-05
83 0.499809 -0.300029 -0.512858 1.378272 0.488908 -0.512858 0.000000 0.000000 0.000000 -1.000000 1 8.651055396e-06 2.147490159e-05
83 0.507170 -0.300030 -0.512858 1.378272 0.488908 -0.512858 0.000000 0.000000 0.000000 -1.000000 1 8.517177776e-06 2.114009112e-05
83 0.516032 -0.300035 -0.512858 1.378272 0.488908 -0.512858 0.000000 0.000000 0.000000 -1.000000 1 8.407048881e-06 2.094404772e-05
83 0.527323 -0.300041 -0.512858 1.378272 0.488908 -0.512858 0.000000 0.000000 0.000000 -1.000000 1 8.628936484e-06 2.142600715e-05
83 0.541125 -0.300047 -0.512858 1.378272 0.488908 -0.512858 0.000000 0.000000 0.000000 -1.000000 1 1.263897866e-05 3.234180622e-05
83 0.557154 -0.300053 -0.512858 1.378272 0.488908 -0.512858 0.000000 0.000000 0.000000 -1.000000 1 1.093698665e-05 2.619205043e-05
83 0.574713 -0.300055 -0.512858 1.378272 0.488908 -0.512858 0.000000 0.000000 0.000000 -1.000000 1 8.438015357e-06 2.099084668e-05
83 0.592757 -0.300053 -0.512858 1.378272 0.488908 -0.512858 0.000000 0.000000 0.000000 -1.000000 1 8.512055501e-06 2.136896364e-05
83 0.610431 -0.300047 -0.512858 1.378272 0.488908 -0.512858 0.000000 0.000000 0.000000 -1.000000 1 8.472008631e-06 2.119503915e-05
83 0.627233 -0.300040 -0.512858 1.378272 0.488908 -0.512858 0.000000 0.000000 0.000000 -1.000000 1 8.336035535e-06 2.068700269e-05
83 0.643328 -0.300032 -0.512858 1.378272 0.488908 -0.512858 0.000000 0.000000 0.000000 -1.000000 1 1.020194031e-05 2.534501255e-05
83 0.658711 -0.300025 -0.512858 1.378272 0.488908 -0.512858 0.000000 0.000000 0.000000 -1.000000 1 8.506933227e-06 2.119294368e-05
83 0.674793 -0.300019 -0.512858 1.378272 0.488908 -0.512858 0.000000 0.000000 0.000000 -1.000000 1 8.312053978e-06 2.084486187e-05
83 0.692869 -0.300011 -0.512858 1.378272 0.488908 -0.512858 0.000000 0.000000 0.000000 -1.000000 1 8.168164641e-06 2.075405791e-05
83 0.713745 -0.299999 -0.512858 1.378272 0.488908 -0.512858 0.000000 0.000000 0.000000 -1.000000 1 9.233132005e-06 2.194009721e-05
83 0.737476 -0.299984 -0.512858 1.378272 0.488908 -0.512858 0.000000 0.000000 0.000000 -1.000000 1 8.430099115e-06 2.093892545e-05
83 0.763529 -0.299963 -0.512858 1.378272 0.488908 -0.512858 0.000000 0.000000 0.000000 -1.000000 1 8.438015357e-06 2.087792382e-05
83 0.790453 -0.299943 -0.512858 1.378272 0.488908 -0.512858 0.000000 0.000000 0.000000 -1.000000 1 8.684117347e-06 2.180691808e-05
83 0.813900 -0.299940 -0.512858 1.378272 0.488908 -0.512858 0.000000 0.000000 0.000000 -1.000000 1 8.333940059e-06 2.101110294e-05
84 0.832944 -0.300000 -0.401638 1.326890 0.628010 -0.401638 0.000000 0.000000 0.000000 -1.000000 1 6.780959666e-06 1.735100523e-05
84 0.847918 -0.300000 -0.401638 1.326890 0.628010 -0.401638 0.000000 0.000000 0.000000 -1.000000 1 6.558839232e-06 1.692003570e-05
84 0.863856 -0.300000 -0.401638 1.326890 0.628010 -0.401638 0.000000 0.000000 0.000000 -1.000000 1 3.808876500e-06 9.814044461e-06
84 0.883328 -0.300000 -0.401638 1.326890 0.628010 -0.401638 0.000000 0.000000 0.000000 -1.000000 1 1.796917059e-05 4.216493107e-05
84 0.907941 -0.300000 -0.401638 1.326890 0.628010 -0.401638 0.000000 0.000000 0.000000 -1.000000 1 8.390983567e-06 2.091005445e-05
84 0.938950 -0.300000 -0.401638 1.326890 0.628010 -0.401638 0.000000 0.000000 0.000000 -1.000000 1 8.492963389e-06 2.111378126e-05
84 0.976378 -0.299998 -0.401638 1.326890 0.628010 -0.401638 0.000000 0.000000 0.000000 -1.000000 1 8.603092283e-06 2.134800889e-05
84 1.000000 -0.294497 -0.401638 1.326890 0.628010 -0.401638 0.000000 0.000000 0.000000 -1.000000 1 1.495308243e-05 3.365799785e-05
84 1.000000 -0.281996 -0.401638 1.326890 0.628010 -0.401638 0.000000 0.000000 0.000000 -1.000000 1 2.468191087e-05 8.261599578e-05
84 1.000000 -0.270082 -0.401638 1.326890 0.628010 -0.401638 0.000000 0.000000 0.000000 -1.000000 1 1.489301212e-05 2.744887024e-05
84 1.000000 -0.259017 -0.401638 1.326890 0.628010 -0.401638 0.000000 0.000000 0.000000 -1.000000 1 1.517194323e-05 2.788612619e-05
84 1.000000 -0.248831 -0.401638 1.326890 0.628010 -0.401638 0.000000 0.000000 0.000000 -1.000000 1 1.500896178e-05 2.757087350e-05
84 1.000000 -0.239241 -0.401638 1.326890 0.628010 -0.401638 0.000000 0.000000 0.000000 -1.000000 1 2.025905997e-05 3.972998820e-05
84 1.000000 -0.229164 -0.401638 1.326890 0.628010 -0.401638 0.000000 0.000000 0.000000 -1.000000 1 2.031400800e-05 3.953091800e-05
84 1.000000 -0.218026 -0.401638 1.326890 0.628010 -0.401638 0.000000 0.000000 0.000000 -1.000000 1 1.481291838e-05 2.723792568e-05
84 1.000000 -0.205608 -0.401638 1.326890 0.628010 -0.401638 0.000000 0.000000 0.000000 -1.000000 1 1.825392246e-05 3.422307782e-05
84 1.000000 -0.191896 -0.401638 1.326890 0.628010 -0.401638 0.000000 0.000000 0.000000 -1.000000 1 1.481897198e-05 2.749403939e-05
84 1.000000 -0.177147 -0.401638 1.326890 0.628010 -0.401638 0.000000 0.000000 0.000000 -1.000000 1 1.527997665e-05 2.815783955e-05
84 1.000000 -0.161570 -0.401638 1.326890 0.628010 -0.401638 0.000000 0.000000 0.000000 -1.000000 1 1.591281034e-05 2.839183435e-05
84 1.000000 -0.145600 -0.401638 1.326890 0.628010 -0.401638 0.000000 0.000000 0.000000 -1.000000 1 1.500803046e-05 2.753618173e-05
85 1.000000 -0.129831 -0.453968 1.247254 0.681912 -0.453968 0.000000 0.000000 0.000000 -1.000000 1 9.443145245e-06 2.363184467e-05
85 1.000000 -0.114790 -0.453968 1.247254 0.681912 -0.453968 0.000000 0.000000 0.000000 -1.000000 1 7.899012417e-06 1.946091652e-05
85 1.000000 -0.099880 -0.453968 1.247254 0.681912 -0.453968 0.000000 0.000000 0.000000 -1.000000 1 8.433125913e-06 2.097105607e-05
85 1.000000 -0.084985 -0.453968 1.247254 0.681912 -0.453968 0.000000 0.000000 0.000000 -1.000000 1 8.354894817e-06 2.095801756e-05
85 1.000000 -0.070076 -0.453968 1.247254 0.681912 -0.453968 0.000000 0.000000 0.000000 -1.000000 1 8.441973478e-06 2.089608461e-05
85 1.000000 -0.054487 -0.453968 1.247254 0.681912 -0.453968 0.000000 0.000000 0.000000 -1.000000 1 1.576798968e-05 3.807689063e-05
85 1.000000 -0.036939 -0.453968 1.247254 0.681912 -0.453968 0.000000 0.000000 0.000000 -1.000000 1 8.547212929e-06 2.122204751e-05
85 1.000000 -0.017420 -0.453968 1.247254 0.681912 -0.453968 0.000000 0.000000 0.000000 -1.000000 1 8.443836123e-06 2.100388519e-05
85 1.000000 0.003073 -0.453968 1.247254 0.681912 -0.453968 0.000000 0.000000 0.000000 -1.000000 1 8.597970009e-06 2.131401561e-05
85 1.000000 0.023078 -0.453968 1.247254 0.681912 -0.453968 0.000000 0.000000 0.000000 -1.000000 1 8.739996701e-06 2.138991840e-05
85 1.000000 0.041553 -0.453968 1.247254 0.681912 -0.453968 0.000000 0.000000 0.000000 -1.000000 1 8.368864655e-06 2.118106931e-05
85 1.000000 0.058623 -0.453968 1.247254 0.681912 -0.453968 0.000000 0.000000 0.000000 -1.000000 1 8.314847946e-06 2.119201235e-05
85 1.000000 0.075123 -0.453968 1.247254 0.681912 -0.453968 0.000000 0.000000 0.000000 -1.000000 1 9.014969692e-06 2.214987762e-05
85 1.000000 0.091819 -0.453968 1.247254 0.681912 -0.453968 0.000000 0.000000 0.000000 -1.000000 1 8.404953405e-06 2.101901919e-05
85 1.000000 0.109100 -0.453968 1.247254 0.681912 -0.453968 0.000000 0.000000 0.000000 -1.000000 1 8.536037058e-06 2.139597200e-05
85 1.000000 0.127521 -0.453968 1.247254 0.681912 -0.453968 0.000000 0.000000 0.000000 -1.000000 1 8.500879630e-06 2.116989344e-05
85 1.000000 0.147564 -0.453968 1.247254 0.681912 -0.453968 0.000000 0.000000 0.000000 -1.000000 1 8.509028703e-06 2.105603926e-05
85 1.000000 0.169282 -0.453968 1.247254 0.681912 -0.453968 0.000000 0.000000 0.000000 -1.000000 1 9.831972420e-06 2.436502837e-05
85 1.000000 0.191879 -0.453968 1.247254 0.681912 -0.453968 0.000000 0.000000 0.000000 -1.000000 1 8.455011994e-06 2.093100920e-05
85 1.000000 0.214389 -0.453968 1.247254 0.681912 -0.453968 0.000000 0.000000 0.000000 -1.000000 1 8.485047147e-06 2.114195377e-05
86 0.999999 0.236219 -0.388678 1.026696 0.764157 -0.388678 0.000000 0.000000 0.000000 -1.000000 1 8.555827662e-06 2.103089355e-05
86 0.999999 0.258182 -0.388678 1.026696 0.764157 -0.388678 0.000000 0.000000 0.000000 -1.000000 1 8.294126019e-06 2.078711987e-05
86 0.999999 0.280951 -0.388678 1.026696 0.764157 -0.388678 0.000000 0.000000 0.000000 -1.000000 1 1.093605533e-05 2.698600292e-05
86 1.000000 0.300000 -0.388678 1.026696 0.764157 -0.388678 0.000000 0.000000 0.000000 -1.000000 1 1.533888280e-05 2.775108442e-05
86 1.000000 0.300000 -0.388678 1.026696 0.764157 -0.388678 0.000000 0.000000 0.000000 -1.000000 1 1.495704055e-05 2.742302604e-05
86 1.000000 0.300000 -0.388678 1.026696 0.764157 -0.388678 0.000000 0.000000 0.000000 -1.000000 1 1.494400203e-05 2.746190876e-05
86 0.999992 0.300017 -0.388678 1.026696 0.764157 -0.388678 0.000000 0.000000 0.000000 -1.000000 1 8.258968592e-06 2.095103264e-05
86 0.999992 0.300017 -0.388678 1.026696 0.764157 -0.388678 0.000000 0.000000 0.000000 -1.000000 1 8.485978469e-06 2.133497037e-05
86 1.000000 0.300000 -0.388678 1.026696 0.764157 -0.388678 0.000000 0.000000 0.000000 -1.000000 1 1.496798359e-05 2.758414485e-05
86 1.000000 0.300000 -0.388678 1.026696 0.764157 -0.388678 0.000000 0.000000 0.000000 -1.000000 1 1.530488953e-05 2.812594175e-05
86 1.000000 0.300000 -0.388678 1.026696 0.764157 -0.388678 0.000000 0.000000 0.000000 -1.000000 1 1.488113776e-05 2.739601769e-05
86 1.000000 0.300000 -0.388678 1.026696 0.764157 -0.388678 0.000000 0.000000 0.000000 -1.000000 1 1.495913602e-05 2.753990702e-05
86 1.000000 0.300000 -0.388678 1.026696 0.764157 -0.388678 0.000000 0.000000 0.000000 -1.000000 1 1.482502557e-05 2.754689194e-05
86 1.000000 0.300000 -0.388678 1.026696 0.764157 -0.388678 0.000000 0.000000 0.000000 -1.000000 1 1.516682096e-05 2.764887176e-05
86 1.000000 0.300000 -0.388678 1.026696 0.764157 -0.388678 0.000000 0.000000 0.000000 -1.000000 1 1.707789488e-05 3.169896081e-05
86 1.000000 0.300000 -0.388678 1.026696 0.764157 -0.388678 0.000000 0.000000 0.000000 -1.000000 1 3.674067557e-06 6.734160706e-06
86 1.000000 0.300000 -0.388678 1.026696 0.764157 -0.388678 0.000000 0.000000 0.000000 -1.000000 1 6.500165910e-06 9.597046301e-06
86 1.000000 0.300000 -0.388678 1.026696 0.764157 -0.388678 0.000000 0.000000 0.000000 -1.000000 1 3.576045856e-06 6.621005014e-06
86 1.000000 0.300000 -0.388678 1.026696 0.764157 -0.388678 0.000000 0.000000 0.000000 -1.000000 1 1.375982538e-05 2.564094029e-05
86 1.000000 0.300000 -0.388678 1.026696 0.764157 -0.388678 0.000000 0.000000 0.000000 -1.000000 1 2.332800068e-05 4.591303878e-05
87 0.749534 0.300000 -0.271138 0.749534 0.803413 -0.271138 0.000000 0.000000 0.000000 -1.000000 1 8.501112461e-06 2.088793553e-05
87 0.749534 0.300000 -0.271138 0.749534 0.803413 -0.271138 0.000000 0.000000 0.000000 -1.000000 1 8.689006791e-06 2.131494693e-05
87 0.749534 0.300000 -0.271138 0.749534 0.803413 -0.271138 0.000000 0.000000 0.000000 -1.000000 1 8.449889719e-06 2.092099749e-05
87 0.749534 0.300000 -0.271138 0.749534 0.803413 -0.271138 0.000000 0.000000 0.000000 -1.000000 1 8.501112461e-06 2.113496885e-05
87 0.749534 0.300000 -0.271138 0.749534 0.803413 -0.271138 0.000000 0.000000 0.000000 -1.000000 1 8.418923244e-06 2.080015838e-05
87 0.749534 0.300000 -0.271138 0.749534 0.803413 -0.271138 0.000000 0.000000 0.000000 -1.000000 1 8.333008736e-06 2.098386176e-05
87 0.749534 0.300000 -0.271138 0.749534 0.803413 -0.271138 0.000000 0.000000 0.000000 -1.000000 1 8.539995179e-06 2.136896364e-05
87 0.749534 0.300000 -0.271138 0.749534 0.803413 -0.271138 0.000000 0.000000 0.000000 -1.000000 1 8.372822776e-06 2.038013190e-05
87 0.749534 0.300000 -0.271138 0.749534 0.803413 -0.271138 0.000000 0.000000 0.000000 -1.000000 1 8.445000276e-06 2.047908492e-05
87 0.749534 0.300000 -0.271138 0.749534 0.803413 -0.271138 0.000000 0.000000 0.000000 -1.000000 1 8.505070582e-06 2.062018029e-05
87 0.749534 0.300000 -0.271138 0.749534 0.803413 -0.271138 0.000000 0.000000 0.000000 -1.000000 1 8.556991816e-06 2.065091394e-05
87 0.749534 0.300000 -0.271138 0.749534 0.803413 -0.271138 0.000000 0.000000 0.000000 -1.000000 1 9.879935533e-06 2.349400893e-05
87 0.749534 0.300000 -0.271138 0.749534 0.803413 -0.271138 0.000000 0.000000 0.000000 -1.000000 1 8.350936696e-06 2.038688399e-05
87 0.749534 0.300000 -0.271138 0.749534 0.803413 -0.271138 0.000000 0.000000 0.000000 -1.000000 1 8.317176253e-06 2.026488073e-05
87 0.749534 0.300000 -0.271138 0.749534 0.803413 -0.271138 0.000000 0.000000 0.000000 -1.000000 1 8.333008736e-06 2.041598782e-05
87 0.749534 0.300000 -0.271138 0.749534 0.803413 -0.271138 0.000000 0.000000 0.000000 -1.000000 1 8.382834494e-06 2.040201798e-05
87 0.749534 0.300000 -0.271138 0.749534 0.803413 -0.271138 0.000000 0.000000 0.000000 -1.000000 1 1.003593206e-05 2.369587310e-05
87 0.749534 0.300000 -0.271138 0.749534 0.803413 -0.271138 0.000000 0.000000 0.000000 -1.000000 1 8.448958397e-06 2.035102807e-05
87 0.749534 0.300000 -0.271138 0.749534 0.803413 -0.271138 0.000000 0.000000 0.000000 -1.000000 1 8.445000276e-06 2.047210000e-05
87 0.749534 0.300000 -0.271138 0.749534 0.803413 -0.271138 0.000000 0.000000 0.000000 -1.000000 1 8.532078937e-06 2.060201950e-05
88 0.450877 0.300000 -0.161059 0.450877 0.729529 -0.161059 0.000000 0.000000 0.000000 -1.000000 1 8.611008525e-06 2.062693238e-05
88 0.450877 0.300000 -0.161059 0.450877 0.729529 -0.161059 0.000000 0.000000 0.000000 -1.000000 1 8.351169527e-06 2.018106170e-05
88 0.450877 0.300000 -0.161059 0.450877 0.729529 -0.161059 0.000000 0.000000 0.000000 -1.000000 1 8.388888091e-06 2.035382204e-05
88 0.450877 0.300000 -0.161059 0.450877 0.729529 -0.161059 0.000000 0.000000 0.000000 -1.000000 1 1.281290315e-05 2.926099114e-05
88 0.450877 0.300000 -0.161059 0.450877 0.729529 -0.161059 0.000000 0.000000 0.000000 -1.000000 1 8.343951777e-06 2.018106170e-05
88 0.450877 0.300000 -0.161059 0.450877 0.729529 -0.161059 0.000000 0.000000 0.000000 -1.000000 1 8.295057341e-06 2.011703327e-05
88 0.450877 0.300000 -0.161059 0.450877 0.729529 -0.161059 0.000000 0.000000 0.000000 -1.000000 1 8.281087503e-06 2.023298293e-05
88 0.450877 0.300000 -0.161059 0.450877 0.729529 -0.161059 0.000000 0.000000 0.000000 -1.000000 1 8.509028703e-06 2.071401104e-05
88 0.450877 0.300000 -0.161059 0.450877 0.729529 -0.161059 0.000000 0.000000 0.000000 -1.000000 1 9.851995856e-06 2.424698323e-05
88 0.450877 0.300000 -0.161059 0.450877 0.729529 -0.161059 0.000000 0.000000 0.000000 -1.000000 1 8.822884411e-06 2.115196548e-05
88 0.450877 0.300000 -0.161059 0.450877 0.729529 -0.161059 0.000000 0.000000 0.000000 -1.000000 1 8.371891454e-06 2.023996785e-05
88 0.450877 0.300000 -0.161059 0.450877 0.729529 -0.161059 0.000000 0.000000 0.000000 -1.000000 1 8.533010259e-06 2.058409154e-05
88 0.450877 0.300000 -0.161059 0.450877 0.729529 -0.161059 0.000000 0.000000 0.000000 -1.000000 1 8.402857929e-06 2.009305172e-05
88 0.450877 0.300000 -0.161059 0.450877 0.729529 -0.161059 0.000000 0.000000 0.000000 -1.000000 1 1.215096563e-05 2.947682515e-05
88 0.450877 0.300000 -0.161059 0.450877 0.729529 -0.161059 0.000000 0.000000 0.000000 -1.000000 1 8.296919987e-06 2.032401972e-05
88 0.450877 0.300000 -0.161059 0.450877 0.729529 -0.161059 0.000000 0.000000 0.000000 -1.000000 1 8.576083928e-06 2.041505650e-05
88 0.450877 0.300000 -0.161059 0.450877 0.729529 -0.161059 0.000000 0.000000 0.000000 -1.000000 1 8.377013728e-06 2.024602145e-05
88 0.450877 0.300000 -0.161059 0.450877 0.729529 -0.161059 0.000000 0.000000 0.000000 -1.000000 1 8.441042155e-06 2.016709186e-05
88 0.450877 0.300000 -0.161059 0.450877 0.729529 -0.161059 0.000000 0.000000 0.000000 -1.000000 1 8.436851203e-06 2.043298446e-05
88 0.450877 0.300000 -0.161059 0.450877 0.729529 -0.161059 0.000000 0.000000 0.000000 -1.000000 1 8.752103895e-06 2.090306953e-05
89 0.239852 0.300000 -0.001090 0.239852 0.606609 -0.001090 0.000000 0.000000 0.000000 -1.000000 1 8.635921404e-06 2.069282345e-05
89 0.239852 0.300000 -0.001090 0.239852 0.606609 -0.001090 0.000000 0.000000 0.000000 -1.000000 1 8.320203051e-06 2.010306343e-05
89 0.239852 0.300000 -0.001090 0.239852 0.606609 -0.001090 0.000000 0.000000 0.000000 -1.000000 1 8.371891454e-06 2.010306343e-05
89 0.239852 0.300000 -0.001090 0.239852 0.606609 -0.001090 0.000000 0.000000 0.000000 -1.000000 1 8.411007002e-06 2.020807005e-05
89 0.239852 0.300000 -0.001090 0.239852 0.606609 -0.001090 0.000000 0.000000 0.000000 -1.000000 1 8.404022083e-06 2.026907168e-05
89 0.239852 0.300000 -0.001090 0.239852 0.606609 -0.001090 0.000000 0.000000 0.000000 -1.000000 1 1.651607454e-05 4.008994438e-05
89 0.239852 0.300000 -0.001090 0.239852 0.606609 -0.001090 0.000000 0.000000 0.000000 -1.000000 1 8.380971849e-06 2.091703936e-05
89 0.239852 0.300000 -0.001090 0.239852 0.606609 -0.001090 0.000000 0.000000 0.000000 -1.000000 1 7.814960554e-06 1.947907731e-05
89 0.239852 0.300000 -0.001090 0.239852 0.606609 -0.001090 0.000000 0.000000 0.000000 -1.000000 1 8.333008736e-06 2.088304609e-05
89 0.239852 0.300000 -0.001090 0.239852 0.606609 -0.001090 0.000000 0.000000 0.000000 -1.000000 1 1.269695349e-05 3.241188824e-05
89 0.239852 0.300000 -0.001090 0.239852 0.606609 -0.001090 0.000000 0.000000 0.000000 -1.000000 1 1.902785152e-05 4.842877388e-05
89 0.239852 0.300000 -0.001090 0.239852 0.606609 -0.001090 0.000000 0.000000 0.000000 -1.000000 1 8.414033800e-06 2.109911293e-05
89 0.239852 0.300000 -0.001090 0.239852 0.606609 -0.001090 0.000000 0.000000 0.000000 -1.000000 1 8.638016880e-06 2.112006769e-05
89 0.239852 0.300000 -0.001090 0.239852 0.606609 -0.001090 0.000000 0.000000 0.000000 -1.000000 1 8.322065696e-06 2.065091394e-05
89 0.239852 0.300000 -0.001090 0.239852 0.606609 -0.001090 0.000000 0.000000 0.000000 -1.000000 1 5.946960300e-06 1.471186988e-05
89 0.239852 0.300000 -0.001090 0.239852 0.606609 -0.001090 0.000000 0.000000 0.000000 -1.000000 1 7.317867130e-06 1.832493581e-05
89 0.239852 0.300000 -0.001090 0.239852 0.606609 -0.001090 0.000000 0.000000 0.000000 -1.000000 1 8.319038898e-06 2.077990212e-05
89 0.239852 0.300000 -0.001090 0.239852 0.606609 -0.001090 0.000000 0.000000 0.000000 -1.000000 1 8.336035535e-06 2.073799260e-05
89 0.239852 0.300000 -0.001090 0.239852 0.606609 -0.001090 0.000000 0.000000 0.000000 -1.000000 1 8.322997019e-06 2.085999586e-05
89 0.239852 0.300000 -0.001090 0.239852 0.606609 -0.001090 0.000000 0.000000 0.000000 -1.000000 1 1.247692853e-05 3.241491504e-05
90 0.198381 0.300000 0.104731 0.198381 0.526424 0.104731 0.000000 0.000000 0.000000 -1.000000 1 8.482951671e-06 2.103298903e-05
90 0.198381 0.300000 0.104731 0.198381 0.526424 0.104731 0.000000 0.000000 0.000000 -1.000000 1 1.261197031e-05 3.228196874e-05
90 0.198381 0.300000 0.104731 0.198381 0.526424 0.104731 0.000000 0.000000 0.000000 -1.000000 1 1.261988655e-05 3.230618313e-05
90 0.198381 0.300000 0.104731 0.198381 0.526424 0.104731 0.000000 0.000000 0.000000 -1.000000 1 8.308794349e-06 2.094404772e-05
90 0.198381 0.300000 0.104731 0.198381 0.526424 0.104731 0.000000 0.000000 0.000000 -1.000000 1 1.242500730e-05 3.165798262e-05
90 0.198381 0.300000 0.104731 0.198381 0.526424 0.104731 0.000000 0.000000 0.000000 -1.000000 1 1.233583316e-05 3.136415035e-05
90 0.198381 0.300000 0.104731 0.198381 0.526424 0.104731 0.000000 0.000000 0.000000 -1.000000 1 8.371192962e-06 2.097408287e-05
90 0.198381 0.300000 0.104731 0.198381 0.526424 0.104731 0.000000 0.000000 0.000000 -1.000000 1 1.584505662e-05 3.975001164e-05
90 0.198381 0.300000 0.104731 0.198381 0.526424 0.104731 0.000000 0.000000 0.000000 -1.000000 1 8.566072211e-06 2.124300227e-05
90 0.198381 0.300000 0.104731 0.198381 0.526424 0.104731 0.000000 0.000000 0.000000 -1.000000 1 8.519040421e-06 2.117292024e-05
90 0.198381 0.300000 0.104731 0.198381 0.526424 0.104731 0.000000 0.000000 0.000000 -1.000000 1 8.343020454e-06 2.072798088e-05
90 0.198381 0.300000 0.104731 0.198381 0.526424 0.104731 0.000000 0.000000 0.000000 -1.000000 1 1.233397052e-05 3.162794746e-05
90 0.198381 0.300000 0.104731 0.198381 0.526424 0.104731 0.000000 0.000000 0.000000 -1.000000 1 1.225993037e-05 3.161490895e-05
90 0.198381 0.300000 0.104731 0.198381 0.526424 0.104731 0.000000 0.000000 0.000000 -1.000000 1 8.529052138e-06 2.112193033e-05
90 0.198381 0.300000 0.104731 0.198381 0.526424 0.104731 0.000000 0.000000 0.000000 -1.000000 1 1.350115053e-05 3.401585855e-05
90 0.198381 0.300000 0.104731 0.198381 0.526424 0.104731 0.000000 0.000000 0.000000 -1.000000 1 1.233397052e-05 3.182096407e-05
90 0.198381 0.300000 0.104731 0.198381 0.526424 0.104731 0.000000 0.000000 0.000000 -1.000000 1 8.400995284e-06 2.097105607e-05
90 0.198381 0.300000 0.104731 0.198381 0.526424 0.104731 0.000000 0.000000 0.000000 -1.000000 1 8.665956557e-06 2.132612281e-05
90 0.198381 0.300000 0.104731 0.198381 0.526424 0.104731 0.000000 0.000000 0.000000 -1.000000 1 8.534872904e-06 2.096709795e-05
90 0.198381 0.300000 0.104731 0.198381 0.526424 0.104731 0.000000 0.000000 0.000000 -1.000000 1 1.024012454e-05 2.452707849e-05
91 0.222878 0.300000 0.008676 0.222878 0.422968 0.008676 0.000000 0.000000 0.000000 -1.000000 1 8.424045518e-06 2.118712291e-05
91 0.222878 0.300000 0.008676 0.222878 0.422968 0.008676 0.000000 0.000000 0.000000 -1.000000 1 8.411007002e-06 2.104393207e-05
91 0.222878 0.300000 0.008676 0.222878 0.422968 0.008676 0.000000 0.000000 0.000000 -1.000000 1 7.764901966e-06 1.990981400e-05
91 0.222878 0.300000 0.008676 0.222878 0.422968 0.008676 0.000000 0.000000 0.000000 -1.000000 1 8.377945051e-06 2.082600258e-05
91 0.222878 0.300000 0.008676 0.222878 0.422968 0.008676 0.000000 0.000000 0.000000 -1.000000 1 1.011881977e-05 2.492591739e-05
91 0.222878 0.300000 0.008676 0.222878 0.422968 0.008676 0.000000 0.000000 0.000000 -1.000000 1 8.310889825e-06 2.070679329e-05
91 0.222878 0.300000 0.008676 0.222878 0.422968 0.008676 0.000000 0.000000 0.000000 -1.000000 1 8.367002010e-06 1.996289939e-05
91 0.222878 0.300000 0.008676 0.222878 0.422968 0.008676 0.000000 0.000000 0.000000 -1.000000 1 8.397968486e-06 2.101506107e-05
91 0.222878 0.300000 0.008676 0.222878 0.422968 0.008676 0.000000 0.000000 0.000000 -1.000000 1 8.420087397e-06 2.125487663e-05
91 0.222878 0.300000 0.008676 0.222878 0.422968 0.008676 0.000000 0.000000 0.000000 -1.000000 1 7.902970538e-06 1.965602860e-05
91 0.222878 0.300000 0.008676 0.222878 0.422968 0.008676 0.000000 0.000000 0.000000 -1.000000 1 9.773997590e-06 2.415408380e-05
91 0.222878 0.300000 0.008676 0.222878 0.422968 0.008676 0.000000 0.000000 0.000000 -1.000000 1 1.363782212e-05 3.440398723e-05
91 0.222878 0.300000 0.008676 0.222878 0.422968 0.008676 0.000000 0.000000 0.000000 -1.000000 1 1.139496453e-05 2.971803769e-05
91 0.222878 0.300000 0.008676 0.222878 0.422968 0.008676 0.000000 0.000000 0.000000 -1.000000 1 8.386094123e-06 2.103298903e-05
91 0.222878 0.300000 0.008676 0.222878 0.422968 0.008676 0.000000 0.000000 0.000000 -1.000000 1 8.828006685e-06 2.173613757e-05
91 0.222878 0.300000 0.008676 0.222878 0.422968 0.008676 0.000000 0.000000 0.000000 -1.000000 1 8.546980098e-06 2.098199911e-05
91 0.222878 0.300000 0.008676 0.222878 0.422968 0.008676 0.000000 0.000000 0.000000 -1.000000 1 2.273381688e-05 4.686298780e-05
91 0.222878 0.300000 0.008676 0.222878 0.422968 0.008676 0.000000 0.000000 0.000000 -1.000000 1 8.475035429e-06 2.102181315e-05
91 0.222878 0.300000 0.008676 0.222878 0.422968 0.008676 0.000000 0.000000 0.000000 -1.000000 1 8.310889825e-06 2.079503611e-05
91 0.222878 0.300000 0.008676 0.222878 0.422968 0.008676 0.000000 0.000000 0.000000 -1.000000 1 8.496921510e-06 2.129515633e-05
92 0.290864 0.300000 -0.183217 0.290864 0.316771 -0.183217 0.000000 0.000000 0.000000 -1.000000 1 8.228933439e-06 2.071098424e-05
92 0.290864 0.300000 -0.183217 0.290864 0.316771 -0.183217 0.000000 0.000000 0.000000 -1.000000 1 1.642713323e-05 3.942102194e-05
92 0.290864 0.300000 -0.183217 0.290864 0.316771 -0.183217 0.000000 0.000000 0.000000 -1.000000 1 8.306000382e-06 2.065091394e-05
92 0.290864 0.300000 -0.183217 0.290864 0.316771 -0.183217 0.000000 0.000000 0.000000 -1.000000 1 8.732080460e-06 2.168701030e-05
92 0.290864 0.300000 -0.183217 0.290864 0.316771 -0.183217 0.000000 0.000000 0.000000 -1.000000 1 8.384929970e-06 2.091494389e-05
92 0.290864 0.300000 -0.183217 0.290864 0.316771 -0.183217 0.000000 0.000000 0.000000 -1.000000 1 8.390052244e-06 2.078502439e-05
92 0.290864 0.300000 -0.183217 0.290864 0.316771 -0.183217 0.000000 0.000000 0.000000 -1.000000 1 7.790047675e-06 1.939386129e-05
92 0.290864 0.300000 -0.183217 0.290864 0.316771 -0.183217 0.000000 0.000000 0.000000 -1.000000 1 8.410075679e-06 2.093799412e-05
92 0.290864 0.300000 -0.183217 0.290864 0.316771 -0.183217 0.000000 0.000000 0.000000 -1.000000 1 4.026107490e-06 1.009390689e-05
92 0.290864 0.300000 -0.183217 0.290864 0.316771 -0.183217 0.000000 0.000000 0.000000 -1.000000 1 4.632864147e-06 1.136516221e-05
92 0.290864 0.300000 -0.183217 0.290864 0.316771 -0.183217 0.000000 0.000000 0.000000 -1.000000 1 6.513902918e-06 1.632212661e-05
92 0.290864 0.300000 -0.183217 0.290864 0.316771 -0.183217 0.000000 0.000000 0.000000 -1.000000 1 7.883179933e-06 1.953705214e-05
92 0.290864 0.300000 -0.183217 0.290864 0.316771 -0.183217 0.000000 0.000000 0.000000 -1.000000 1 8.241971955e-06 2.070795745e-05
92 0.290864 0.300000 -0.183217 0.290864 0.316771 -0.183217 0.000000 0.000000 0.000000 -1.000000 1 8.644768968e-06 2.171704546e-05
92 0.290864 0.300000 -0.183217 0.290864 0.316771 -0.183217 0.000000 0.000000 0.000000 -1.000000 1 8.523929864e-06 2.103392035e-05
92 0.290864 0.300000 -0.183217 0.290864 0.316771 -0.183217 0.000000 0.000000 0.000000 -1.000000 1 8.410075679e-06 2.082390711e-05
92 0.290864 0.300000 -0.183217 0.290864 0.316771 -0.183217 0.000000 0.000000 0.000000 -1.000000 1 8.282950148e-06 2.081715502e-05
92 0.290864 0.300000 -0.183217 0.290864 0.316771 -0.183217 0.000000 0.000000 0.000000 -1.000000 1 8.307164535e-06 2.084602602e-05
92 0.290864 0.300000 -0.183217 0.290864 0.316771 -0.183217 0.000000 0.000000 0.000000 -1.000000 1 1.035118476e-05 2.570007928e-05
92 0.290864 0.300000 -0.183217 0.290864 0.316771 -0.183217 0.000000 0.000000 0.000000 -1.000000 1 9.095994756e-06 2.260901965e-05
93 0.420942 0.193263 -0.389658 0.420942 0.193263 -0.389658 0.000000 0.000000 0.000000 -1.000000 1 8.390052244e-06 2.083298750e-05
93 0.420942 0.193263 -0.389658 0.420942 0.193263 -0.389658 0.000000 0.000000 0.000000 -1.000000 1 8.373055607e-06 2.084788866e-05
93 0.420942 0.193263 -0.389658 0.420942 0.193263 -0.389658 0.000000 0.000000 0.000000 -1.000000 1 9.733950719e-06 2.372683957e-05
93 0.420942 0.193263 -0.389658 0.420942 0.193263 -0.389658 0.000000 0.000000 0.000000 -1.000000 1 7.753027603e-06 1.929490827e-05
93 0.420942 0.193263 -0.389658 0.420942 0.193263 -0.389658 0.000000 0.000000 0.000000 -1.000000 1 2.012983896e-05 3.953580745e-05
93 0.420942 0.193263 -0.389658 0.420942 0.193263 -0.389658 0.000000 0.000000 0.000000 -1.000000 1 1.647509634e-05 4.386901855e-05
93 0.420942 0.193263 -0.389658 0.420942 0.193263 -0.389658 0.000000 0.000000 0.000000 -1.000000 1 8.519040421e-06 2.088886686e-05
93 0.420942 0.193263 -0.389658 0.420942 0.193263 -0.389658 0.000000 0.000000 0.000000 -1.000000 1 8.319038898e-06 2.089818008e-05
93 0.420942 0.193263 -0.389658 0.420942 0.193263 -0.389658 0.000000 0.000000 0.000000 -1.000000 1 8.311122656e-06 2.083997242e-05
93 0.420942 0.193263 -0.389658 0.420942 0.193263 -0.389658 0.000000 0.000000 0.000000 -1.000000 1 1.286296174e-05 3.291177563e-05
93 0.420942 0.193263 -0.389658 0.420942 0.193263 -0.389658 0.000000 0.000000 0.000000 -1.000000 1 1.325807534e-05 3.383588046e-05
93 0.420942 0.193263 -0.389658 0.420942 0.193263 -0.389658 0.000000 0.000000 0.000000 -1.000000 1 1.225108281e-05 3.162096255e-05
93 0.420942 0.193263 -0.389658 0.420942 0.193263 -0.389658 0.000000 0.000000 0.000000 -1.000000 1 8.441973478e-06 2.093496732e-05
93 0.420942 0.193263 -0.389658 0.420942 0.193263 -0.389658 0.000000 0.000000 0.000000 -1.000000 1 8.292030543e-06 2.081808634e-05
93 0.420942 0.193263 -0.389658 0.420942 0.193263 -0.389658 0.000000 0.000000 0.000000 -1.000000 1 8.427072316e-06 2.089398913e-05
93 0.420942 0.193263 -0.389658 0.420942 0.193263 -0.389658 0.000000 0.000000 0.000000 -1.000000 1 1.569278538e-05 3.875512630e-05
93 0.420942 0.193263 -0.389658 0.420942 0.193263 -0.389658 0.000000 0.000000 0.000000 -1.000000 1 8.358852938e-06 2.367910929e-05
93 0.420942 0.193263 -0.389658 0.420942 0.193263 -0.389658 0.000000 0.000000 0.000000 -1.000000 1 8.486909792e-06 2.134684473e-05
93 0.420942 0.193263 -0.389658 0.420942 0.193263 -0.389658 0.000000 0.000000 0.000000 -1.000000 1 8.367933333e-06 2.091005445e-05
93 0.420942 0.193263 -0.389658 0.420942 0.193263 -0.389658 0.000000 0.000000 0.000000 -1.000000 1 8.707167581e-06 2.112099901e-05
94 0.494756 0.059721 -0.493036 0.494756 0.059721 -0.493036 0.000000 0.000000 0.000000 -1.000000 1 8.524861187e-06 2.112006769e-05
94 0.494756 0.059721 -0.493036 0.494756 0.059721 -0.493036 0.000000 0.000000 0.000000 -1.000000 1 8.387956768e-06 2.077990212e-05
94 0.494756 0.059721 -0.493036 0.494756 0.059721 -0.493036 0.000000 0.000000 0.000000 -1.000000 1 8.333940059e-06 2.076593228e-05
94 0.494756 0.059721 -0.493036 0.494756 0.059721 -0.493036 0.000000 0.000000 0.000000 -1.000000 1 8.423114195e-06 2.090120688e-05
94 0.494756 0.059721 -0.493036 0.494756 0.059721 -0.493036 0.000000 0.000000 0.000000 -1.000000 1 8.340924978e-06 2.078502439e-05
94 0.494756 0.059721 -0.493036 0.494756 0.059721 -0.493036 0.000000 0.000000 0.000000 -1.000000 1 8.297851309e-06 2.084812149e-05
94 0.494756 0.059721 -0.493036 0.494756 0.059721 -0.493036 0.000000 0.000000 0.000000 -1.000000 1 8.291099221e-06 2.084812149e-05
94 0.494756 0.059721 -0.493036 0.494756 0.059721 -0.493036 0.000000 0.000000 0.000000 -1.000000 1 1.012790017e-05 2.497015521e-05
94 0.494756 0.059721 -0.493036 0.494756 0.059721 -0.493036 0.000000 0.000000 0.000000 -1.000000 1 8.441973478e-06 2.094497904e-05
94 0.494756 0.059721 -0.493036 0.494756 0.059721 -0.493036 0.000000 0.000000 0.000000 -1.000000 1 8.545117453e-06 2.104183659e-05
94 0.494756 0.059721 -0.493036 0.494756 0.059721 -0.493036 0.000000 0.000000 0.000000 -1.000000 1 8.288072422e-06 2.105697058e-05
94 0.494756 0.059721 -0.493036 0.494756 0.059721 -0.493036 0.000000 0.000000 0.000000 -1.000000 1 8.384929970e-06 2.102879807e-05
94 0.494756 0.059721 -0.493036 0.494756 0.059721 -0.493036 0.000000 0.000000 0.000000 -1.000000 1 1.094513573e-05 2.721301280e-05
94 0.494756 0.059721 -0.493036 0.494756 0.059721 -0.493036 0.000000 0.000000 0.000000 -1.000000 1 8.419854566e-06 2.073403448e-05
94 0.494756 0.059721 -0.493036 0.494756 0.059721 -0.493036 0.000000 0.000000 0.000000 -1.000000 1 8.522998542e-06 2.104090527e-05
94 0.494756 0.059721 -0.493036 0.494756 0.059721 -0.493036 0.000000 0.000000 0.000000 -1.000000 1 7.919967175e-06 1.972308382e-05
94 0.494756 0.059721 -0.493036 0.494756 0.059721 -0.493036 0.000000 0.000000 0.000000 -1.000000 1 8.453149348e-06 2.079596743e-05
94 0.494756 0.059721 -0.493036 0.494756 0.059721 -0.493036 0.000000 0.000000 0.000000 -1.000000 1 8.333940059e-06 2.064602450e-05
94 0.494756 0.059721 -0.493036 0.494756 0.059721 -0.493036 0.000000 0.000000 0.000000 -1.000000 1 8.421018720e-06 2.073193900e-05
94 0.494756 0.059721 -0.493036 0.494756 0.059721 -0.493036 0.000000 0.000000 0.000000 -1.000000 1 8.381204680e-06 2.095801756e-05
95 0.588872 -0.061493 -0.599625 0.588872 -0.061493 -0.599625 0.000000 0.000000 0.000000 -1.000000 1 8.467119187e-06 2.100993879e-05
95 0.588872 -0.061493 -0.599625 0.588872 -0.061493 -0.599625 0.000000 0.000000 0.000000 -1.000000 1 8.625909686e-06 2.101692371e-05
95 0.588872 -0.061493 -0.599625 0.588872 -0.061493 -0.599625 0.000000 0.000000 0.000000 -1.000000 1 8.383998647e-06 2.069794573e-05
95 0.588872 -0.061493 -0.599625 0.588872 -0.061493 -0.599625 0.000000 0.000000 0.000000 -1.000000 1 1.232605428e-05 3.148918040e-05
95 0.588872 -0.061493 -0.599625 0.588872 -0.061493 -0.599625 0.000000 0.000000 0.000000 -1.000000 1 1.359893940e-05 3.416091204e-05
95 0.588872 -0.061493 -0.599625 0.588872 -0.061493 -0.599625 0.000000 0.000000 0.000000 -1.000000 1 8.397968486e-06 2.177199349e-05
95 0.588872 -0.061493 -0.599625 0.588872 -0.061493 -0.599625 0.000000 0.000000 0.000000 -1.000000 1 4.051951692e-06 1.006596722e-05
95 0.588872 -0.061493 -0.599625 0.588872 -0.061493 -0.599625 0.000000 0.000000 0.000000 -1.000000 1 4.467088729e-06 1.087808050e-05
95 0.588872 -0.061493 -0.599625 0.588872 -0.061493 -0.599625 0.000000 0.000000 0.000000 -1.000000 1 8.369097486e-06 2.097082324e-05
95 0.588872 -0.061493 -0.599625 0.588872 -0.061493 -0.599625 0.000000 0.000000 0.000000 -1.000000 1 1.384201460e-05 3.513600677e-05
95 0.588872 -0.061493 -0.599625 0.588872 -0.061493 -0.599625 0.000000 0.000000 0.000000 -1.000000 1 8.343020454e-06 2.080085687e-05
95 0.588872 -0.061493 -0.599625 0.588872 -0.061493 -0.599625 0.000000 0.000000 0.000000 -1.000000 1 8.378876373e-06 2.093100920e-05
95 0.588872 -0.061493 -0.599625 0.588872 -0.061493 -0.599625 0.000000 0.000000 0.000000 -1.000000 1 8.306931704e-06 2.083810978e-05
95 0.588872 -0.061493 -0.599625 0.588872 -0.061493 -0.599625 0.000000 0.000000 0.000000 -1.000000 1 8.409144357e-06 2.084719017e-05
95 0.588872 -0.061493 -0.599625 0.588872 -0.061493 -0.599625 0.000000 0.000000 0.000000 -1.000000 1 8.366070688e-06 2.084998414e-05
95 0.588872 -0.061493 -0.599625 0.588872 -0.061493 -0.599625 0.000000 0.000000 0.000000 -1.000000 1 1.247017644e-05 3.189803101e-05
95 0.588872 -0.061493 -0.599625 0.588872 -0.061493 -0.599625 0.000000 0.000000 0.000000 -1.000000 1 8.493894711e-06 2.110679634e-05
95 0.588872 -0.061493 -0.599625 0.588872 -0.061493 -0.599625 0.000000 0.000000 0.000000 -1.000000 1 8.311122656e-06 2.085394226e-05
95 0.588872 -0.061493 -0.599625 0.588872 -0.061493 -0.599625 0.000000 0.000000 0.000000 -1.000000 1 8.347211406e-06 2.080504782e-05
95 0.588872 -0.061493 -0.599625 0.588872 -0.061493 -0.599625 0.000000 0.000000 0.000000 -1.000000 1 8.438946679e-06 2.091401257e-05
96 0.626667 -0.180855 -0.674289 0.626667 -0.180855 -0.674289 0.000000 0.000000 0.000000 -1.000000 1 1.196097583e-05 3.119697794e-05
96 0.626667 -0.180855 -0.674289 0.626667 -0.180855 -0.674289 0.000000 0.000000 0.000000 -1.000000 1 8.953036740e-06 2.189585939e-05
96 0.626667 -0.180855 -0.674289 0.626667 -0.180855 -0.674289 0.000000 0.000000 0.000000 -1.000000 1 8.278060704e-06 2.076989040e-05
96 0.626667 -0.180855 -0.674289 0.626667 -0.180855 -0.674289 0.000000 0.000000 0.000000 -1.000000 1 8.393079042e-06 2.086814493e-05
96 0.626667 -0.180855 -0.674289 0.626667 -0.180855 -0.674289 0.000000 0.000000 0.000000 -1.000000 1 8.400995284e-06 2.100598067e-05
96 0.626667 -0.180855 -0.674289 0.626667 -0.180855 -0.674289 0.000000 0.000000 0.000000 -1.000000 1 8.427072316e-06 2.090306953e-05
96 0.626667 -0.180855 -0.674289 0.626667 -0.180855 -0.674289 0.000000 0.000000 0.000000 -1.000000 1 1.271839719e-04 1.517101191e-04
96 0.626667 -0.180855 -0.674289 0.626667 -0.180855 -0.674289 0.000000 0.000000 0.000000 -1.000000 1 8.397968486e-06 2.096802928e-05
96 0.626667 -0.180855 -0.674289 0.626667 -0.180855 -0.674289 0.000000 0.000000 0.000000 -1.000000 1 8.327886462e-06 2.082483843e-05
96 0.626667 -0.180855 -0.674289 0.626667 -0.180855 -0.674289 0.000000 0.000000 0.000000 -1.000000 1 8.279923350e-06 2.081808634e-05
96 0.626667 -0.180855 -0.674289 0.626667 -0.180855 -0.674289 0.000000 0.000000 0.000000 -1.000000 1 8.329050615e-06 2.068420872e-05
96 0.626667 -0.180855 -0.674289 0.626667 -0.180855 -0.674289 0.000000 0.000000 0.000000 -1.000000 1 7.892958820e-06 1.946999691e-05
96 0.626667 -0.180855 -0.674289 0.626667 -0.180855 -0.674289 0.000000 0.000000 0.000000 -1.000000 1 8.403090760e-06 2.103485167e-05
96 0.626667 -0.180855 -0.674289 0.626667 -0.180855 -0.674289 0.000000 0.000000 0.000000 -1.000000 1 8.848030120e-06 2.123112790e-05
96 0.626667 -0.180855 -0.674289 0.626667 -0.180855 -0.674289 0.000000 0.000000 0.000000 -1.000000 1 8.468050510e-06 2.106395550e-05
96 0.626667 -0.180855 -0.674289 0.626667 -0.180855 -0.674289 0.000000 0.000000 0.000000 -1.000000 1 8.424976841e-06 2.077710815e-05
96 0.626667 -0.180855 -0.674289 0.626667 -0.180855 -0.674289 0.000000 0.000000 0.000000 -1.000000 1 8.365139365e-06 2.078502439e-05
96 0.626667 -0.180855 -0.674289 0.626667 -0.180855 -0.674289 0.000000 0.000000 0.000000 -1.000000 1 8.417991921e-06 2.094893716e-05
96 0.626667 -0.180855 -0.674289 0.626667 -0.180855 -0.674289 0.000000 0.000000 0.000000 -1.000000 1 8.676899597e-06 2.119294368e-05
96 0.626667 -0.180855 -0.674289 0.626667 -0.180855 -0.674289 0.000000 0.000000 0.000000 -1.000000 1 7.966067642e-06 1.965300180e-05
97 0.639129 -0.254171 -0.698032 0.639129 -0.254171 -0.698032 0.000000 0.000000 0.000000 -1.000000 1 8.692964911e-06 2.128281631e-05
97 0.639129 -0.254171 -0.698032 0.639129 -0.254171 -0.698032 0.000000 0.000000 0.000000 -1.000000 1 8.403090760e-06 2.106581815e-05
97 0.639129 -0.254171 -0.698032 0.639129 -0.254171 -0.698032 0.000000 0.000000 0.000000 -1.000000 1 8.381903172e-06 2.096593380e-05
97 0.639129 -0.254171 -0.698032 0.639129 -0.254171 -0.698032 0.000000 0.000000 0.000000 -1.000000 1 8.832896128e-06 2.042693086e-05
97 0.639129 -0.254171 -0.698032 0.639129 -0.254171 -0.698032 0.000000 0.000000 0.000000 -1.000000 1 7.065944374e-06 1.740711741e-05
97 0.639129 -0.254171 -0.698032 0.639129 -0.254171 -0.698032 0.000000 0.000000 0.000000 -1.000000 1 8.481089026e-06 2.113194205e-05
97 0.639129 -0.254171 -0.698032 0.639129 -0.254171 -0.698032 0.000000 0.000000 0.000000 -1.000000 1 8.409842849e-06 2.094008960e-05
97 0.639129 -0.254171 -0.698032 0.639129 -0.254171 -0.698032 0.000000 0.000000 0.000000 -1.000000 1 8.333008736e-06 2.089701593e-05
97 0.639129 -0.254171 -0.698032 0.639129 -0.254171 -0.698032 0.000000 0.000000 0.000000 -1.000000 1 8.385162801e-06 2.091191709e-05
97 0.639129 -0.254171 -0.698032 0.639129 -0.254171 -0.698032 0.000000 0.000000 0.000000 -1.000000 1 8.485047147e-06 2.104905434e-05
97 0.639129 -0.254171 -0.698032 0.639129 -0.254171 -0.698032 0.000000 0.000000 0.000000 -1.000000 1 8.530914783e-06 2.123997547e-05
97 0.639129 -0.254171 -0.698032 0.639129 -0.254171 -0.698032 0.000000 0.000000 0.000000 -1.000000 1 8.372822776e-06 2.076197416e-05
97 0.639129 -0.254171 -0.698032 0.639129 -0.254171 -0.698032 0.000000 0.000000 0.000000 -1.000000 1 8.390983567e-06 2.098781988e-05
97 0.639129 -0.254171 -0.698032 0.639129 -0.254171 -0.698032 0.000000 0.000000 0.000000 -1.000000 1 8.337898180e-06 2.081203274e-05
97 0.639129 -0.254171 -0.698032 0.639129 -0.254171 -0.698032 0.000000 0.000000 0.000000 -1.000000 1 8.350936696e-06 2.095405944e-05
97 0.639129 -0.254171 -0.698032 0.639129 -0.254171 -0.698032 0.000000 0.000000 0.000000 -1.000000 1 8.634990081e-06 2.203695476e-05
97 0.639129 -0.254171 -0.698032 0.639129 -0.254171 -0.698032 0.000000 0.000000 0.000000 -1.000000 1 7.970025763e-06 1.996196806e-05
97 0.639129 -0.254171 -0.698032 0.639129 -0.254171 -0.698032 0.000000 0.000000 0.000000 -1.000000 1 5.556037650e-06 1.400895417e-05
97 0.639129 -0.254171 -0.698032 0.639129 -0.254171 -0.698032 0.000000 0.000000 0.000000 -1.000000 1 5.934853107e-06 1.475797035e-05
97 0.639129 -0.254171 -0.698032 0.639129 -0.254171 -0.698032 0.000000 0.000000 0.000000 -1.000000 1 1.284200698e-05 3.242003731e-05
98 0.659394 -0.299563 -0.624476 0.659394 -0.299563 -0.624476 0.000000 0.000000 0.000000 -1.000000 1 8.385861292e-06 1.695496030e-05
98 0.659394 -0.299563 -0.624476 0.659394 -0.299563 -0.624476 0.000000 0.000000 0.000000 -1.000000 1 3.812834620e-06 9.905081242e-06
98 0.659394 -0.299563 -0.624476 0.659394 -0.299563 -0.624476 0.000000 0.000000 0.000000 -1.000000 1 7.472932339e-06 1.853820868e-05
98 0.659394 -0.299563 -0.624476 0.659394 -0.299563 -0.624476 0.000000 0.000000 0.000000 -1.000000 1 8.409842849e-06 2.079899423e-05
98 0.659394 -0.299563 -0.624476 0.659394 -0.299563 -0.624476 0.000000 0.000000 0.000000 -1.000000 1 8.630100638e-06 2.104998566e-05
98 0.659394 -0.299563 -0.624476 0.659394 -0.299563 -0.624476 0.000000 0.000000 0.000000 -1.000000 1 8.347909898e-06 2.092402428e-05
98 0.659394 -0.299563 -0.624476 0.659394 -0.299563 -0.624476 0.000000 0.000000 0.000000 -1.000000 1 8.570961654e-06 2.123601735e-05
98 0.659394 -0.299563 -0.624476 0.659394 -0.299563 -0.624476 0.000000 0.000000 0.000000 -1.000000 1 8.336035535e-06 2.091610804e-05
98 0.659394 -0.299563 -0.624476 0.659394 -0.299563 -0.624476 0.000000 0.000000 0.000000 -1.000000 1 8.364906535e-06 2.111680806e-05
98 0.659394 -0.299563 -0.624476 0.659394 -0.299563 -0.624476 0.000000 0.000000 0.000000 -1.000000 1 9.112991393e-06 2.182205208e-05
98 0.659394 -0.299563 -0.624476 0.659394 -0.299563 -0.624476 0.000000 0.000000 0.000000 -1.000000 1 8.509960026e-06 2.135708928e-05
98 0.659394 -0.299563 -0.624476 0.659394 -0.299563 -0.624476 0.000000 0.000000 0.000000 -1.000000 1 8.445000276e-06 2.087699249e-05
98 0.659394 -0.299563 -0.624476 0.659394 -0.299563 -0.624476 0.000000 0.000000 0.000000 -1.000000 1 9.394017980e-06 2.363999374e-05
98 0.659394 -0.299563 -0.624476 0.659394 -0.299563 -0.624476 0.000000 0.000000 0.000000 -1.000000 1 8.370960131e-06 2.078898251e-05
98 0.659394 -0.299563 -0.624476 0.659394 -0.299563 -0.624476 0.000000 0.000000 0.000000 -1.000000 1 8.373055607e-06 2.799998038e-05
98 0.659394 -0.299563 -0.624476 0.659394 -0.299563 -0.624476 0.000000 0.000000 0.000000 -1.000000 1 8.356990293e-06 2.094497904e-05
98 0.659394 -0.299563 -0.624476 0.659394 -0.299563 -0.624476 0.000000 0.000000 0.000000 -1.000000 1 8.423114195e-06 2.105603926e-05
98 0.659394 -0.299563 -0.624476 0.659394 -0.299563 -0.624476 0.000000 0.000000 0.000000 -1.000000 1 1.090508886e-05 2.817902714e-05
98 0.659394 -0.299563 -0.624476 0.659394 -0.299563 -0.624476 0.000000 0.000000 0.000000 -1.000000 1 8.436152712e-06 2.107303590e-05
98 0.659394 -0.299563 -0.624476 0.659394 -0.299563 -0.624476 0.000000 0.000000 0.000000 -1.000000 1 8.612871170e-06 2.130004577e-05
99 0.644094 -0.300000 -0.729139 0.644094 -0.377604 -0.729139 0.000000 0.000000 0.000000 -1.000000 1 8.057104424e-06 1.950399019e-05
99 0.644094 -0.300000 -0.729139 0.644094 -0.377604 -0.729139 0.000000 0.000000 0.000000 -1.000000 1 8.366070688e-06 2.076500095e-05
99 0.644094 -0.300000 -0.729139 0.644094 -0.377604 -0.729139 0.000000 0.000000 0.000000 -1.000000 1 8.411007002e-06 2.095499076e-05
99 0.644094 -0.300000 -0.729139 0.644094 -0.377604 -0.729139 0.000000 0.000000 0.000000 -1.000000 1 7.783062756e-06 1.947698183e-05
99 0.644094 -0.300000 -0.729139 0.644094 -0.377604 -0.729139 0.000000 0.000000 0.000000 -1.000000 1 8.703907952e-06 2.139899880e-05
99 0.644094 -0.300000 -0.729139 0.644094 -0.377604 -0.729139 0.000000 0.000000 0.000000 -1.000000 1 8.459901437e-06 2.101785503e-05
99 0.644094 -0.300000 -0.729139 0.644094 -0.377604 -0.729139 0.000000 0.000000 0.000000 -1.000000 1 8.437084034e-06 2.079503611e-05
99 0.644094 -0.300000 -0.729139 0.644094 -0.377604 -0.729139 0.000000 0.000000 0.000000 -1.000000 1 8.572824299e-06 2.104695886e-05
99 0.644094 -0.300000 -0.729139 0.644094 -0.377604 -0.729139 0.000000 0.000000 0.000000 -1.000000 1 8.459901437e-06 2.115499228e-05
99 0.644094 -0.300000 -0.729139 0.644094 -0.377604 -0.729139 0.000000 0.000000 0.000000 -1.000000 1 8.759088814e-06 2.163299359e-05
99 0.644094 -0.300000 -0.729139 0.644094 -0.377604 -0.729139 0.000000 0.000000 0.000000 -1.000000 1 8.501810953e-06 2.134498209e-05
99 0.644094 -0.300000 -0.729139 0.644094 -0.377604 -0.729139 0.000000 0.000000 0.000000 -1.000000 1 8.428934962e-06 2.110004425e-05
99 0.644094 -0.300000 -0.729139 0.644094 -0.377604 -0.729139 0.000000 0.000000 0.000000 -1.000000 1 8.515082300e-06 2.106698230e-05
99 0.644094 -0.300000 -0.729139 0.644094 -0.377604 -0.729139 0.000000 0.000000 0.000000 -1.000000 1 8.502043784e-06 2.109608613e-05
99 0.644094 -0.300000 -0.729139 0.644094 -0.377604 -0.729139 0.000000 0.000000 0.000000 -1.000000 1 1.389905810e-05 3.316788934e-05
99 0.644094 -0.300000 -0.729139 0.644094 -0.377604 -0.729139 0.000000 0.000000 0.000000 -1.000000 1 8.333008736e-06 2.083601430e-05
99 0.644094 -0.300000 -0.729139 0.644094 -0.377604 -0.729139 0.000000 0.000000 0.000000 -1.000000 1 8.502043784e-06 2.113892697e-05
99 0.644094 -0.300000 -0.729139 0.644094 -0.377604 -0.729139 0.000000 0.000000 0.000000 -1.000000 1 7.985858247e-06 1.963507384e-05
99 0.644094 -0.300000 -0.729139 0.644094 -0.377604 -0.729139 0.000000 0.000000 0.000000 -1.000000 1 8.600065485e-06 2.115103416e-05
99 0.644094 -0.300000 -0.729139 0.644094 -0.377604 -0.729139 0.000000 0.000000 0.000000 -1.000000 1 8.705072105e-06 2.110097557e-05
100 0.730728 -0.300000 -0.560266 0.730728 -0.351571 -0.560266 0.000000 0.000000 0.000000 -1.000000 1 7.839873433e-06 1.963414252e-05
100 0.730728 -0.300000 -0.560266 0.730728 -0.351571 -0.560266 0.000000 0.000000 0.000000 -1.000000 1 8.404022083e-06 2.076220699e-05
100 0.730728 -0.300000 -0.560266 0.730728 -0.351571 -0.560266 0.000000 0.000000 0.000000 -1.000000 1 7.892958820e-06 1.993798651e-05
100 0.730728 -0.300000 -0.560266 0.730728 -0.351571 -0.560266 0.000000 0.000000 0.000000 -1.000000 1 8.577015251e-06 2.119201235e-05
100 0.730728 -0.300000 -0.560266 0.730728 -0.351571 -0.560266 0.000000 0.000000 0.000000 -1.000000 1 8.312985301e-06 2.084998414e-05
100 0.730728 -0.300000 -0.560266 0.730728 -0.351571 -0.560266 0.000000 0.000000 0.000000 -1.000000 1 8.501810953e-06 2.113892697e-05
100 0.730728 -0.300000 -0.560266 0.730728 -0.351571 -0.560266 0.000000 0.000000 0.000000 -1.000000 1 7.937895134e-06 1.986417919e-05
100 0.730728 -0.300000 -0.560266 0.730728 -0.351571 -0.560266 0.000000 0.000000 0.000000 -1.000000 1 8.336966857e-06 2.083904110e-05
100 0.730728 -0.300000 -0.560266 0.730728 -0.351571 -0.560266 0.000000 0.000000 0.000000 -1.000000 1 1.269206405e-05 3.215507604e-05
100 0.730728 -0.300000 -0.560266 0.730728 -0.351571 -0.560266 0.000000 0.000000 0.000000 -1.000000 1 1.274910755e-05 3.208080307e-05
100 0.730728 -0.300000 -0.560266 0.730728 -0.351571 -0.560266 0.000000 0.000000 0.000000 -1.000000 1 1.262291335e-05 3.199209459e-05
100 0.730728 -0.300000 -0.560266 0.730728 -0.351571 -0.560266 0.000000 0.000000 0.000000 -1.000000 1 1.751491800e-05 4.438613541e-05
100 0.730728 -0.300000 -0.560266 0.730728 -0.351571 -0.560266 0.000000 0.000000 0.000000 -1.000000 1 1.271301880e-05 3.223796375e-05
100 0.730728 -0.300000 -0.560266 0.730728 -0.351571 -0.560266 0.000000 0.000000 0.000000 -1.000000 1 1.252302900e-05 3.154389560e-05
100 0.730728 -0.300000 -0.560266 0.730728 -0.351571 -0.560266 0.000000 0.000000 0.000000 -1.000000 1 1.234910451e-05 3.094412386e-05
100 0.730728 -0.300000 -0.560266 0.730728 -0.351571 -0.560266 0.000000 0.000000 0.000000 -1.000000 1 1.273397356e-05 3.232411109e-05
100 0.730728 -0.300000 -0.560266 0.730728 -0.351571 -0.560266 0.000000 0.000000 0.000000 -1.000000 1 1.233909279e-05 3.160606138e-05
100 0.730728 -0.300000 -0.560266 0.730728 -0.351571 -0.560266 0.000000 0.000000 0.000000 -1.000000 1 3.912951797e-06 1.002103090e-05
100 0.730728 -0.300000 -0.560266 0.730728 -0.351571 -0.560266 0.000000 0.000000 0.000000 -1.000000 1 8.900184184e-06 2.160295844e-05
100 0.730728 -0.300000 -0.560266 0.730728 -0.351571 -0.560266 0.000000 0.000000 0.000000 -1.000000 1 8.566072211e-06 2.108002082e-05
101 0.720747 -0.300000 -0.687110 0.720747 -0.391948 -0.687110 0.000000 0.000000 0.000000 -1.000000 1 8.567003533e-06 2.096616663e-05
101 0.720747 -0.300000 -0.687110 0.720747 -0.391948 -0.687110 0.000000 0.000000 0.000000 -1.000000 1 8.480157703e-06 2.103601582e-05
101 0.720747 -0.300000 -0.687110 0.720747 -0.391948 -0.687110 0.000000 0.000000 0.000000 -1.000000 1 8.868984878e-06 2.166512422e-05
101 0.720747 -0.300000 -0.687110 0.720747 -0.391948 -0.687110 0.000000 0.000000 0.000000 -1.000000 1 8.638016880e-06 2.120109275e-05
101 0.720747 -0.300000 -0.687110 0.720747 -0.391948 -0.687110 0.000000 0.000000 0.000000 -1.000000 1 8.614966646e-06 2.118293196e-05
101 0.720747 -0.300000 -0.687110 0.720747 -0.391948 -0.687110 0.000000 0.000000 0.000000 -1.000000 1 8.445931599e-06 2.112612128e-05
101 0.720747 -0.300000 -0.687110 0.720747 -0.391948 -0.687110 0.000000 0.000000 0.000000 -1.000000 1 8.546048775e-06 2.099503763e-05
101 0.720747 -0.300000 -0.687110 0.720747 -0.391948 -0.687110 0.000000 0.000000 0.000000 -1.000000 1 7.806811482e-06 1.861993223e-05
101 0.720747 -0.300000 -0.687110 0.720747 -0.391948 -0.687110 0.000000 0.000000 0.000000 -1.000000 1 9.937910363e-06 2.380786464e-05
101 0.720747 -0.300000 -0.687110 0.720747 -0.391948 -0.687110 0.000000 0.000000 0.000000 -1.000000 1 8.394010365e-06 2.315687016e-05
101 0.720747 -0.300000 -0.687110 0.720747 -0.391948 -0.687110 0.000000 0.000000 0.000000 -1.000000 1 8.498085663e-06 2.011400647e-05
101 0.720747 -0.300000 -0.687110 0.720747 -0.391948 -0.687110 0.000000 0.000000 0.000000 -1.000000 1 7.882947102e-06 1.864600927e-05
101 0.720747 -0.300000 -0.687110 0.720747 -0.391948 -0.687110 0.000000 0.000000 0.000000 -1.000000 1 8.295057341e-06 2.003298141e-05
101 0.720747 -0.300000 -0.687110 0.720747 -0.391948 -0.687110 0.000000 0.000000 0.000000 -1.000000 1 8.331844583e-06 1.996685751e-05
101 0.720747 -0.300000 -0.687110 0.720747 -0.391948 -0.687110 0.000000 0.000000 0.000000 -1.000000 1 8.462928236e-06 2.005300485e-05
101 0.720747 -0.300000 -0.687110 0.720747 -0.391948 -0.687110 0.000000 0.000000 0.000000 -1.000000 1 8.360017091e-06 2.008909360e-05
101 0.720747 -0.300000 -0.687110 0.720747 -0.391948 -0.687110 0.000000 0.000000 0.000000 -1.000000 1 8.292961866e-06 1.987302676e-05
101 0.720747 -0.300000 -0.687110 0.720747 -0.391948 -0.687110 0.000000 0.000000 0.000000 -1.000000 1 8.422881365e-06 1.986790448e-05
101 0.720747 -0.300000 -0.687110 0.720747 -0.391948 -0.687110 0.000000 0.000000 0.000000 -1.000000 1 8.350005373e-06 1.981295645e-05
101 0.720747 -0.300000 -0.687110 0.720747 -0.391948 -0.687110 0.000000 0.000000 0.000000 -1.000000 1 8.451985195e-06 2.007209696e-05
102 0.787287 -0.300000 -0.595216 0.787287 -0.336460 -0.595216 0.000000 0.000000 0.000000 -1.000000 1 1.415819861e-05 3.391504288e-05
102 0.787287 -0.300000 -0.595216 0.787287 -0.336460 -0.595216 0.000000 0.000000 0.000000 -1.000000 1 8.461065590e-06 1.997500658e-05
102 0.787287 -0.300000 -0.595216 0.787287 -0.336460 -0.595216 0.000000 0.000000 0.000000 -1.000000 1 8.234987035e-06 1.965113916e-05
102 0.787287 -0.300000 -0.595216 0.787287 -0.336460 -0.595216 0.000000 0.000000 0.000000 -1.000000 1 8.390052244e-06 1.981109381e-05
102 0.787287 -0.300000 -0.595216 0.787287 -0.336460 -0.595216 0.000000 0.000000 0.000000 -1.000000 1 8.312053978e-06 1.985696144e-05
102 0.787287 -0.300000 -0.595216 0.787287 -0.336460 -0.595216 0.000000 0.000000 0.000000 -1.000000 1 9.746057913e-06 2.319109626e-05
102 0.787287 -0.300000 -0.595216 0.787287 -0.336460 -0.595216 0.000000 0.000000 0.000000 -1.000000 1 8.312985301e-06 1.998082735e-05
102 0.787287 -0.300000 -0.595216 0.787287 -0.336460 -0.595216 0.000000 0.000000 0.000000 -1.000000 1 8.336966857e-06 1.981901005e-05
102 0.787287 -0.300000 -0.595216 0.787287 -0.336460 -0.595216 0.000000 0.000000 0.000000 -1.000000 1 8.489936590e-06 1.996289939e-05
102 0.787287 -0.300000 -0.595216 0.787287 -0.336460 -0.595216 0.000000 0.000000 0.000000 -1.000000 1 8.570030332e-06 2.012704499e-05
102 0.787287 -0.300000 -0.595216 0.787287 -0.336460 -0.595216 0.000000 0.000000 0.000000 -1.000000 1 8.440110832e-06 1.993891783e-05
102 0.787287 -0.300000 -0.595216 0.787287 -0.336460 -0.595216 0.000000 0.000000 0.000000 -1.000000 1 8.363975212e-06 2.016685903e-05
102 0.787287 -0.300000 -0.595216 0.787287 -0.336460 -0.595216 0.000000 0.000000 0.000000 -1.000000 1 8.363043889e-06 1.977896318e-05
102 0.787287 -0.300000 -0.595216 0.787287 -0.336460 -0.595216 0.000000 0.000000 0.000000 -1.000000 1 8.563045412e-06 2.021295950e-05
102 0.787287 -0.300000 -0.595216 0.787287 -0.336460 -0.595216 0.000000 0.000000 0.000000 -1.000000 1 8.656876162e-06 2.038804814e-05
102 0.787287 -0.300000 -0.595216 0.787287 -0.336460 -0.595216 0.000000 0.000000 0.000000 -1.000000 1 8.479924873e-06 1.995498314e-05
102 0.787287 -0.300000 -0.595216 0.787287 -0.336460 -0.595216 0.000000 0.000000 0.000000 -1.000000 1 8.650124073e-06 2.021109685e-05
102 0.787287 -0.300000 -0.595216 0.787287 -0.336460 -0.595216 0.000000 0.000000 0.000000 -1.000000 1 8.856877685e-06 2.060993575e-05
102 0.787287 -0.300000 -0.595216 0.787287 -0.336460 -0.595216 0.000000 0.000000 0.000000 -1.000000 1 8.329050615e-06 1.998385414e-05
102 0.787287 -0.300000 -0.595216 0.787287 -0.336460 -0.595216 0.000000 0.000000 0.000000 -1.000000 1 8.434988558e-06 2.032215707e-05
103 0.774913 -0.300000 -0.680346 0.774913 -0.338504 -0.680346 0.000000 0.000000 0.000000 -1.000000 1 8.495990187e-06 2.001016401e-05
103 0.774913 -0.300000 -0.680346 0.774913 -0.338504 -0.680346 0.000000 0.000000 0.000000 -1.000000 1 8.404022083e-06 1.991982572e-05
103 0.774913 -0.300000 -0.680346 0.774913 -0.338504 -0.680346 0.000000 0.000000 0.000000 -1.000000 1 1.217820682e-05 2.857204527e-05
103 0.774913 -0.300000 -0.680346 0.774913 -0.338504 -0.680346 0.000000 0.000000 0.000000 -1.000000 1 8.471077308e-06 1.995684579e-05
103 0.774913 -0.300000 -0.680346 0.774913 -0.338504 -0.680346 0.000000 0.000000 0.000000 -1.000000 1 8.542789146e-06 2.006697468e-05
103 0.774913 -0.300000 -0.680346 0.774913 -0.338504 -0.680346 0.000000 0.000000 0.000000 -1.000000 1 1.590698957e-05 2.741697244e-05
103 0.774913 -0.300000 -0.680346 0.774913 -0.338504 -0.680346 0.000000 0.000000 0.000000 -1.000000 1 8.323928341e-06 2.000294626e-05
103 0.774913 -0.300000 -0.680346 0.774913 -0.338504 -0.680346 0.000000 0.000000 0.000000 -1.000000 1 8.421018720e-06 1.996802166e-05
103 0.774913 -0.300000 -0.680346 0.774913 -0.338504 -0.680346 0.000000 0.000000 0.000000 -1.000000 1 8.511124179e-06 1.997896470e-05
103 0.774913 -0.300000 -0.680346 0.774913 -0.338504 -0.680346 0.000000 0.000000 0.000000 -1.000000 1 8.475035429e-06 1.999386586e-05
103 0.774913 -0.300000 -0.680346 0.774913 -0.338504 -0.680346 0.000000 0.000000 0.000000 -1.000000 1 8.380040526e-06 1.993589103e-05
103 0.774913 -0.300000 -0.680346 0.774913 -0.338504 -0.680346 0.000000 0.000000 0.000000 -1.000000 1 8.465023711e-06 2.012890764e-05
103 0.774913 -0.300000 -0.680346 0.774913 -0.338504 -0.680346 0.000000 0.000000 0.000000 -1.000000 1 8.482951671e-06 1.988792792e-05
103 0.774913 -0.300000 -0.680346 0.774913 -0.338504 -0.680346 0.000000 0.000000 0.000000 -1.000000 1 8.546048775e-06 1.999991946e-05
103 0.774913 -0.300000 -0.680346 0.774913 -0.338504 -0.680346 0.000000 0.000000 0.000000 -1.000000 1 6.499001756e-06 1.524481922e-05
103 0.774913 -0.300000 -0.680346 0.774913 -0.338504 -0.680346 0.000000 0.000000 0.000000 -1.000000 1 4.905974492e-06 1.164316200e-05
103 0.774913 -0.300000 -0.680346 0.774913 -0.338504 -0.680346 0.000000 0.000000 0.000000 -1.000000 1 4.905974492e-06 1.163291745e-05
103 0.774913 -0.300000 -0.680346 0.774913 -0.338504 -0.680346 0.000000 0.000000 0.000000 -1.000000 1 5.449168384e-06 1.277611591e-05
103 0.774913 -0.300000 -0.680346 0.774913 -0.338504 -0.680346 0.000000 0.000000 0.000000 -1.000000 1 1.479592174e-05 2.612802200e-05
103 0.774913 -0.300000 -0.680346 0.774913 -0.338504 -0.680346 0.000000 0.000000 0.000000 -1.000000 1 1.002801582e-05 2.381508239e-05
104 0.755727 -0.254943 -0.545509 0.755727 -0.254943 -0.545509 0.000000 0.000000 0.000000 -1.000000 1 8.460832760e-06 2.000411041e-05
104 0.755727 -0.254943 -0.545509 0.755727 -0.254943 -0.545509 0.000000 0.000000 0.000000 -1.000000 1 8.541159332e-06 2.007419243e-05
104 0.755727 -0.254943 -0.545509 0.755727 -0.254943 -0.545509 0.000000 0.000000 0.000000 -1.000000 1 8.556991816e-06 2.017896622e-05
104 0.755727 -0.254943 -0.545509 0.755727 -0.254943 -0.545509 0.000000 0.000000 0.000000 -1.000000 1 8.367002010e-06 1.987093128e-05
104 0.755727 -0.254943 -0.545509 0.755727 -0.254943 -0.545509 0.000000 0.000000 0.000000 -1.000000 1 8.356058970e-06 1.984997652e-05
104 0.755727 -0.254943 -0.545509 0.755727 -0.254943 -0.545509 0.000000 0.000000 0.000000 -1.000000 1 8.461996913e-06 2.005998977e-05
104 0.755727 -0.254943 -0.545509 0.755727 -0.254943 -0.545509 0.000000 0.000000 0.000000 -1.000000 1 1.272419468e-05 3.198790364e-05
104 0.755727 -0.254943 -0.545509 0.755727 -0.254943 -0.545509 0.000000 0.000000 0.000000 -1.000000 1 9.912066162e-06 2.472102642e-05
104 0.755727 -0.254943 -0.545509 0.755727 -0.254943 -0.545509 0.000000 0.000000 0.000000 -1.000000 1 1.273001544e-05 3.044609912e-05
104 0.755727 -0.254943 -0.545509 0.755727 -0.254943 -0.545509 0.000000 0.000000 0.000000 -1.000000 1 8.472939953e-06 1.995288767e-05
104 0.755727 -0.254943 -0.545509 0.755727 -0.254943 -0.545509 0.000000 0.000000 0.000000 -1.000000 1 8.468981832e-06 2.008210868e-05
104 0.755727 -0.254943 -0.545509 0.755727 -0.254943 -0.545509 0.000000 0.000000 0.000000 -1.000000 1 1.081288792e-05 2.540205605e-05
104 0.755727 -0.254943 -0.545509 0.755727 -0.254943 -0.545509 0.000000 0.000000 0.000000 -1.000000 1 8.229166269e-06 1.971307211e-05
104 0.755727 -0.254943 -0.545509 0.755727 -0.254943 -0.545509 0.000000 0.000000 0.000000 -1.000000 1 8.302042261e-06 1.979409717e-05
104 0.755727 -0.254943 -0.545509 0.755727 -0.254943 -0.545509 0.000000 0.000000 0.000000 -1.000000 1 8.442904800e-06 1.994799823e-05
104 0.755727 -0.254943 -0.545509 0.755727 -0.254943 -0.545509 0.000000 0.000000 0.000000 -1.000000 1 8.519040421e-06 2.009002492e-05
104 0.755727 -0.254943 -0.545509 0.755727 -0.254943 -0.545509 0.000000 0.000000 0.000000 -1.000000 1 1.586601138e-05 3.905594349e-05
104 0.755727 -0.254943 -0.545509 0.755727 -0.254943 -0.545509 0.000000 0.000000 0.000000 -1.000000 1 8.424045518e-06 1.983600669e-05
104 0.755727 -0.254943 -0.545509 0.755727 -0.254943 -0.545509 0.000000 0.000000 0.000000 -1.000000 1 8.677132428e-06 2.041691914e-05
104 0.755727 -0.254943 -0.545509 0.755727 -0.254943 -0.545509 0.000000 0.000000 0.000000 -1.000000 1 8.387956768e-06 2.004299313e-05
105 0.672693 -0.233195 -0.548338 0.672693 -0.233195 -0.548338 0.000000 0.000000 0.000000 -1.000000 1 8.539995179e-06 2.006394789e-05
105 0.672693 -0.233195 -0.548338 0.672693 -0.233195 -0.548338 0.000000 0.000000 0.000000 -1.000000 1 8.380040526e-06 1.988513395e-05
105 0.672693 -0.233195 -0.548338 0.672693 -0.233195 -0.548338 0.000000 0.000000 0.000000 -1.000000 1 8.235918358e-06 1.962902024e-05
105 0.672693 -0.233195 -0.548338 0.672693 -0.233195 -0.548338 0.000000 0.000000 0.000000 -1.000000 1 8.428934962e-06 2.001109533e-05
105 0.672693 -0.233195 -0.548338 0.672693 -0.233195 -0.548338 0.000000 0.000000 0.000000 -1.000000 1 8.408911526e-06 2.006185241e-05
105 0.672693 -0.233195 -0.548338 0.672693 -0.233195 -0.548338 0.000000 0.000000 0.000000 -1.000000 1 8.288072422e-06 1.991097815e-05
105 0.672693 -0.233195 -0.548338 0.672693 -0.233195 -0.548338 0.000000 0.000000 0.000000 -1.000000 1 8.545815945e-06 2.018199302e-05
105 0.672693 -0.233195 -0.548338 0.672693 -0.233195 -0.548338 0.000000 0.000000 0.000000 -1.000000 1 8.407980204e-06 1.997989602e-05
105 0.672693 -0.233195 -0.548338 0.672693 -0.233195 -0.548338 0.000000 0.000000 0.000000 -1.000000 1 8.533941582e-06 2.015288919e-05
105 0.672693 -0.233195 -0.548338 0.672693 -0.233195 -0.548338 0.000000 0.000000 0.000000 -1.000000 1 8.482020348e-06 2.020690590e-05
105 0.672693 -0.233195 -0.548338 0.672693 -0.233195 -0.548338 0.000000 0.000000 0.000000 -1.000000 1 8.340924978e-06 2.001388930e-05
105 0.672693 -0.233195 -0.548338 0.672693 -0.233195 -0.548338 0.000000 0.000000 0.000000 -1.000000 1 8.417991921e-06 1.997314394e-05
105 0.672693 -0.233195 -0.548338 0.672693 -0.233195 -0.548338 0.000000 0.000000 0.000000 -1.000000 1 8.298084140e-06 1.994706690e-05
105 0.672693 -0.233195 -0.548338 0.672693 -0.233195 -0.548338 0.000000 0.000000 0.000000 -1.000000 1 1.263897866e-05 2.864794806e-05
105 0.672693 -0.233195 -0.548338 0.672693 -0.233195 -0.548338 0.000000 0.000000 0.000000 -1.000000 1 8.350005373e-06 1.997197978e-05
105 0.672693 -0.233195 -0.548338 0.672693 -0.233195 -0.548338 0.000000 0.000000 0.000000 -1.000000 1 8.414965123e-06 2.006907016e-05
105 0.672693 -0.233195 -0.548338 0.672693 -0.233195 -0.548338 0.000000 0.000000 0.000000 -1.000000 1 8.305069059e-06 2.005090937e-05
105 0.672693 -0.233195 -0.548338 0.672693 -0.233195 -0.548338 0.000000 0.000000 0.000000 -1.000000 1 8.294126019e-06 1.973798499e-05
105 0.672693 -0.233195 -0.548338 0.672693 -0.233195 -0.548338 0.000000 0.000000 0.000000 -1.000000 1 8.392846212e-06 1.990003511e-05
105 0.672693 -0.233195 -0.548338 0.672693 -0.233195 -0.548338 0.000000 0.000000 0.000000 -1.000000 1 8.400063962e-06 1.987698488e-05
106 0.617412 -0.193298 -0.512952 0.617412 -0.193298 -0.512952 0.000000 0.000000 0.000000 -1.000000 1 8.394941688e-06 2.016616054e-05
106 0.617412 -0.193298 -0.512952 0.617412 -0.193298 -0.512952 0.000000 0.000000 0.000000 -1.000000 1 8.366070688e-06 1.987302676e-05
106 0.617412 -0.193298 -0.512952 0.617412 -0.193298 -0.512952 0.000000 0.000000 0.000000 -1.000000 1 8.394010365e-06 1.994310878e-05
106 0.617412 -0.193298 -0.512952 0.617412 -0.193298 -0.512952 0.000000 0.000000 0.000000 -1.000000 1 8.310191333e-06 1.998711377e-05
106 0.617412 -0.193298 -0.512952 0.617412 -0.193298 -0.512952 0.000000 0.000000 0.000000 -1.000000 1 8.316012099e-06 1.974799670e-05
106 0.617412 -0.193298 -0.512952 0.617412 -0.193298 -0.512952 0.000000 0.000000 0.000000 -1.000000 1 9.532086551e-06 2.247211523e-05
106 0.617412 -0.193298 -0.512952 0.617412 -0.193298 -0.512952 0.000000 0.000000 0.000000 -1.000000 1 8.417991921e-06 2.000899985e-05
106 0.617412 -0.193298 -0.512952 0.617412 -0.193298 -0.512952 0.000000 0.000000 0.000000 -1.000000 1 9.240815416e-06 2.084416337e-05
106 0.617412 -0.193298 -0.512952 0.617412 -0.193298 -0.512952 0.000000 0.000000 0.000000 -1.000000 1 8.288072422e-06 1.982995309e-05
106 0.617412 -0.193298 -0.512952 0.617412 -0.193298 -0.512952 0.000000 0.000000 0.000000 -1.000000 1 2.076849341e-06 4.998873919e-06
106 0.617412 -0.193298 -0.512952 0.617412 -0.193298 -0.512952 0.000000 0.000000 0.000000 -1.000000 1 1.637311652e-05 3.730598837e-05
106 0.617412 -0.193298 -0.512952 0.617412 -0.193298 -0.512952 0.000000 0.000000 0.000000 -1.000000 1 8.671078831e-06 2.037012018e-05
106 0.617412 -0.193298 -0.512952 0.617412 -0.193298 -0.512952 0.000000 0.000000 0.000000 -1.000000 1 4.524830729e-06 1.068902202e-05
106 0.617412 -0.193298 -0.512952 0.617412 -0.193298 -0.512952 0.000000 0.000000 0.000000 -1.000000 1 5.110166967e-06 1.214304939e-05
106 0.617412 -0.193298 -0.512952 0.617412 -0.193298 -0.512952 0.000000 0.000000 0.000000 -1.000000 1 8.994014934e-06 2.162996680e-05
106 0.617412 -0.193298 -0.512952 0.617412 -0.193298 -0.512952 0.000000 0.000000 0.000000 -1.000000 1 9.217998013e-06 2.167490311e-05
106 0.617412 -0.193298 -0.512952 0.617412 -0.193298 -0.512952 0.000000 0.000000 0.000000 -1.000000 1 1.178588718e-05 2.955412492e-05
106 0.617412 -0.193298 -0.512952 0.617412 -0.193298 -0.512952 0.000000 0.000000 0.000000 -1.000000 1 1.272908412e-05 3.172899596e-05
106 0.617412 -0.193298 -0.512952 0.617412 -0.193298 -0.512952 0.000000 0.000000 0.000000 -1.000000 1 1.719500870e-05 3.965897486e-05
106 0.617412 -0.193298 -0.512952 0.617412 -0.193298 -0.512952 0.000000 0.000000 0.000000 -1.000000 1 1.261499710e-05 3.094016574e-05
107 0.555654 -0.181053 -0.558803 0.555654 -0.181053 -0.558803 0.000000 0.000000 0.000000 -1.000000 1 8.264090866e-06 1.971190795e-05
107 0.555654 -0.181053 -0.558803 0.555654 -0.181053 -0.558803 0.000000 0.000000 0.000000 -1.000000 1 8.406117558e-06 1.975288615e-05
107 0.555654 -0.181053 -0.558803 0.555654 -0.181053 -0.558803 0.000000 0.000000 0.000000 -1.000000 1 8.950941265e-06 2.135708928e-05
107 0.555654 -0.181053 -0.558803 0.555654 -0.181053 -0.558803 0.000000 0.000000 0.000000 -1.000000 1 8.300878108e-06 1.980806701e-05
107 0.555654 -0.181053 -0.558803 0.555654 -0.181053 -0.558803 0.000000 0.000000 0.000000 -1.000000 1 9.204959497e-06 2.086698078e-05
107 0.555654 -0.181053 -0.558803 0.555654 -0.181053 -0.558803 0.000000 0.000000 0.000000 -1.000000 1 8.454779163e-06 2.030003816e-05
107 0.555654 -0.181053 -0.558803 0.555654 -0.181053 -0.558803 0.000000 0.000000 0.000000 -1.000000 1 8.553033695e-06 2.010003664e-05
107 0.555654 -0.181053 -0.558803 0.555654 -0.181053 -0.558803 0.000000 0.000000 0.000000 -1.000000 1 1.565599814e-05 2.895202488e-05
107 0.555654 -0.181053 -0.558803 0.555654 -0.181053 -0.558803 0.000000 0.000000 0.000000 -1.000000 1 8.290866390e-06 1.979200169e-05
107 0.555654 -0.181053 -0.558803 0.555654 -0.181053 -0.558803 0.000000 0.000000 0.000000 -1.000000 1 8.375849575e-06 2.009398304e-05
107 0.555654 -0.181053 -0.558803 0.555654 -0.181053 -0.558803 0.000000 0.000000 0.000000 -1.000000 1 8.295988664e-06 1.985789277e-05
107 0.555654 -0.181053 -0.558803 0.555654 -0.181053 -0.558803 0.000000 0.000000 0.000000 -1.000000 1 8.396105841e-06 2.004695125e-05
107 0.555654 -0.181053 -0.558803 0.555654 -0.181053 -0.558803 0.000000 0.000000 0.000000 -1.000000 1 8.302042261e-06 1.988513395e-05
107 0.555654 -0.181053 -0.558803 0.555654 -0.181053 -0.558803 0.000000 0.000000 0.000000 -1.000000 1 8.252914995e-06 1.975079067e-05
107 0.555654 -0.181053 -0.558803 0.555654 -0.181053 -0.558803 0.000000 0.000000 0.000000 -1.000000 1 8.631031960e-06 2.081994899e-05
107 0.555654 -0.181053 -0.558803 0.555654 -0.181053 -0.558803 0.000000 0.000000 0.000000 -1.000000 1 8.478062227e-06 1.982296817e-05
107 0.555654 -0.181053 -0.558803 0.555654 -0.181053 -0.558803 0.000000 0.000000 0.000000 -1.000000 1 9.683892131e-06 2.332590520e-05
107 0.555654 -0.181053 -0.558803 0.555654 -0.181053 -0.558803 0.000000 0.000000 0.000000 -1.000000 1 8.068047464e-06 1.894985326e-05
107 0.555654 -0.181053 -0.558803 0.555654 -0.181053 -0.558803 0.000000 0.000000 0.000000 -1.000000 1 8.650124073e-06 2.042599954e-05
107 0.555654 -0.181053 -0.558803 0.555654 -0.181053 -0.558803 0.000000 0.000000 0.000000 -1.000000 1 1.003593206e-05 2.276711166e-05
108 0.545753 -0.154755 -0.501108 0.545753 -0.154755 -0.501108 0.000000 0.000000 0.000000 -1.000000 1 8.476898074e-06 2.025114372e-05
108 0.545753 -0.154755 -0.501108 0.545753 -0.154755 -0.501108 0.000000 0.000000 0.000000 -1.000000 1 8.414965123e-06 1.990702003e-05
108 0.545753 -0.154755 -0.501108 0.545753 -0.154755 -0.501108 0.000000 0.000000 0.000000 -1.000000 1 8.417060599e-06 1.960992813e-05
108 0.545753 -0.154755 -0.501108 0.545753 -0.154755 -0.501108 0.000000 0.000000 0.000000 -1.000000 1 8.353032172e-06 1.945486292e-05
108 0.545753 -0.154755 -0.501108 0.545753 -0.154755 -0.501108 0.000000 0.000000 0.000000 -1.000000 1 9.821029380e-06 2.368190326e-05
108 0.545753 -0.154755 -0.501108 0.545753 -0.154755 -0.501108 0.000000 0.000000 0.000000 -1.000000 1 8.377013728e-06 1.948093995e-05
108 0.545753 -0.154755 -0.501108 0.545753 -0.154755 -0.501108 0.000000 0.000000 0.000000 -1.000000 1 1.243012957e-05 3.059697337e-05
108 0.545753 -0.154755 -0.501108 0.545753 -0.154755 -0.501108 0.000000 0.000000 0.000000 -1.000000 1 1.241406426e-05 3.021303564e-05
108 0.545753 -0.154755 -0.501108 0.545753 -0.154755 -0.501108 0.000000 0.000000 0.000000 -1.000000 1 8.380040526e-06 1.965998672e-05
108 0.545753 -0.154755 -0.501108 0.545753 -0.154755 -0.501108 0.000000 0.000000 0.000000 -1.000000 1 8.461065590e-06 1.971307211e-05
108 0.545753 -0.154755 -0.501108 0.545753 -0.154755 -0.501108 0.000000 0.000000 0.000000 -1.000000 1 8.319970220e-06 1.948699355e-05
108 0.545753 -0.154755 -0.501108 0.545753 -0.154755 -0.501108 0.000000 0.000000 0.000000 -1.000000 1 8.020084351e-06 1.905695535e-05
108 0.545753 -0.154755 -0.501108 0.545753 -0.154755 -0.501108 0.000000 0.000000 0.000000 -1.000000 1 8.645001799e-06 2.005603164e-05
108 0.545753 -0.154755 -0.501108 0.545753 -0.154755 -0.501108 0.000000 0.000000 0.000000 -1.000000 1 8.984934539e-06 2.100714482e-05
108 0.545753 -0.154755 -0.501108 0.545753 -0.154755 -0.501108 0.000000 0.000000 0.000000 -1.000000 1 8.823117241e-06 2.009491436e-05
108 0.545753 -0.154755 -0.501108 0.545753 -0.154755 -0.501108 0.000000 0.000000 0.000000 -1.000000 1 8.545117453e-06 1.994287595e-05
108 0.545753 -0.154755 -0.501108 0.545753 -0.154755 -0.501108 0.000000 0.000000 0.000000 -1.000000 1 1.031393185e-05 2.433685586e-05
108 0.545753 -0.154755 -0.501108 0.545753 -0.154755 -0.501108 0.000000 0.000000 0.000000 -1.000000 1 8.232193068e-06 1.927814446e-05
108 0.545753 -0.154755 -0.501108 0.545753 -0.154755 -0.501108 0.000000 0.000000 0.000000 -1.000000 1 8.350005373e-06 1.955800690e-05
108 0.545753 -0.154755 -0.501108 0.545753 -0.154755 -0.501108 0.000000 0.000000 0.000000 -1.000000 1 8.362112567e-06 1.965090632e-05
109 0.524215 -0.158168 -0.525236 0.524215 -0.158168 -0.525236 0.000000 0.000000 0.000000 -1.000000 1 8.333940059e-06 1.964904368e-05
109 0.524215 -0.158168 -0.525236 0.524215 -0.158168 -0.525236 0.000000 0.000000 0.000000 -1.000000 1 1.632515341e-05 3.842194565e-05
109 0.524215 -0.158168 -0.525236 0.524215 -0.158168 -0.525236 0.000000 0.000000 0.000000 -1.000000 1 8.445931599e-06 1.980504021e-05
109 0.524215 -0.158168 -0.525236 0.524215 -0.158168 -0.525236 0.000000 0.000000 0.000000 -1.000000 1 8.289003745e-06 1.941109076e-05
109 0.524215 -0.158168 -0.525236 0.524215 -0.158168 -0.525236 0.000000 0.000000 0.000000 -1.000000 1 8.403789252e-06 1.966417767e-05
109 0.524215 -0.158168 -0.525236 0.524215 -0.158168 -0.525236 0.000000 0.000000 0.000000 -1.000000 1 8.622882888e-06 1.974916086e-05
109 0.524215 -0.158168 -0.525236 0.524215 -0.158168 -0.525236 0.000000 0.000000 0.000000 -1.000000 1 2.096872777e-06 4.848930985e-06
109 0.524215 -0.158168 -0.525236 0.524215 -0.158168 -0.525236 0.000000 0.000000 0.000000 -1.000000 1 1.209601760e-05 2.967496403e-05
109 0.524215 -0.158168 -0.525236 0.524215 -0.158168 -0.525236 0.000000 0.000000 0.000000 -1.000000 1 1.228298061e-05 3.070803359e-05
109 0.524215 -0.158168 -0.525236 0.524215 -0.158168 -0.525236 0.000000 0.000000 0.000000 -1.000000 1 1.264200546e-05 3.018113784e-05
109 0.524215 -0.158168 -0.525236 0.524215 -0.158168 -0.525236 0.000000 0.000000 0.000000 -1.000000 1 1.312280074e-05 3.166799434e-05
109 0.524215 -0.158168 -0.525236 0.524215 -0.158168 -0.525236 0.000000 0.000000 0.000000 -1.000000 1 1.224013977e-05 2.971198410e-05
109 0.524215 -0.158168 -0.525236 0.524215 -0.158168 -0.525236 0.000000 0.000000 0.000000 -1.000000 1 1.222803257e-05 2.973899245e-05
109 0.524215 -0.158168 -0.525236 0.524215 -0.158168 -0.525236 0.000000 0.000000 0.000000 -1.000000 1 1.671398059e-05 4.077400081e-05
109 0.524215 -0.158168 -0.525236 0.524215 -0.158168 -0.525236 0.000000 0.000000 0.000000 -1.000000 1 8.413102478e-06 1.947907731e-05
109 0.524215 -0.158168 -0.525236 0.524215 -0.158168 -0.525236 0.000000 0.000000 0.000000 -1.000000 1 8.476898074e-06 1.958594657e-05
109 0.524215 -0.158168 -0.525236 0.524215 -0.158168 -0.525236 0.000000 0.000000 0.000000 -1.000000 1 8.602859452e-06 1.990608871e-05
109 0.524215 -0.158168 -0.525236 0.524215 -0.158168 -0.525236 0.000000 0.000000 0.000000 -1.000000 1 8.353032172e-06 1.965882257e-05
109 0.524215 -0.158168 -0.525236 0.524215 -0.158168 -0.525236 0.000000 0.000000 0.000000 -1.000000 1 1.027178951e-05 2.461089753e-05
109 0.524215 -0.158168 -0.525236 0.524215 -0.158168 -0.525236 0.000000 0.000000 0.000000 -1.000000 1 8.861999959e-06 2.010818571e-05
110 0.550276 -0.149315 -0.287032 0.550276 -0.149315 -0.287032 0.000000 0.000000 0.000000 -1.000000 1 8.330913261e-06 1.937104389e-05
110 0.550276 -0.149315 -0.287032 0.550276 -0.149315 -0.287032 0.000000 0.000000 0.000000 -1.000000 1 8.303206414e-06 1.922505908e-05
110 0.550276 -0.149315 -0.287032 0.550276 -0.149315 -0.287032 0.000000 0.000000 0.000000 -1.000000 1 8.366070688e-06 1.949700527e-05
110 0.550276 -0.149315 -0.287032 0.550276 -0.149315 -0.287032 0.000000 0.000000 0.000000 -1.000000 1 8.272007108e-06 1.933495514e-05
110 0.550276 -0.149315 -0.287032 0.550276 -0.149315 -0.287032 0.000000 0.000000 0.000000 -1.000000 1 1.205899753e-05 2.952991053e-05
110 0.550276 -0.149315 -0.287032 0.550276 -0.149315 -0.287032 0.000000 0.000000 0.000000 -1.000000 1 1.379917376e-05 3.308802843e-05
110 0.550276 -0.149315 -0.287032 0.550276 -0.149315 -0.287032 0.000000 0.000000 0.000000 -1.000000 1 8.417991921e-06 1.989211887e-05
110 0.550276 -0.149315 -0.287032 0.550276 -0.149315 -0.287032 0.000000 0.000000 0.000000 -1.000000 1 8.379807696e-06 1.960806549e-05
110 0.550276 -0.149315 -0.287032 0.550276 -0.149315 -0.287032 0.000000 0.000000 0.000000 -1.000000 1 8.546980098e-06 1.966604032e-05
110 0.550276 -0.149315 -0.287032 0.550276 -0.149315 -0.287032 0.000000 0.000000 0.000000 -1.000000 1 8.628005162e-06 1.994892955e-05
110 0.550276 -0.149315 -0.287032 0.550276 -0.149315 -0.287032 0.000000 0.000000 0.000000 -1.000000 1 9.140931070e-06 2.217385918e-05
110 0.550276 -0.149315 -0.287032 0.550276 -0.149315 -0.287032 0.000000 0.000000 0.000000 -1.000000 1 8.434057236e-06 1.954589970e-05
110 0.550276 -0.149315 -0.287032 0.550276 -0.149315 -0.287032 0.000000 0.000000 0.000000 -1.000000 1 7.831025869e-06 1.823715866e-05
110 0.550276 -0.149315 -0.287032 0.550276 -0.149315 -0.287032 0.000000 0.000000 0.000000 -1.000000 1 8.797040209e-06 2.855504863e-05
110 0.550276 -0.149315 -0.287032 0.550276 -0.149315 -0.287032 0.000000 0.000000 0.000000 -1.000000 1 8.398201317e-06 1.959502697e-05
110 0.550276 -0.149315 -0.287032 0.550276 -0.149315 -0.287032 0.000000 0.000000 0.000000 -1.000000 1 1.129996963e-05 2.575805411e-05
110 0.550276 -0.149315 -0.287032 0.550276 -0.149315 -0.287032 0.000000 0.000000 0.000000 -1.000000 1 7.797032595e-06 1.842598431e-05
110 0.550276 -0.149315 -0.287032 0.550276 -0.149315 -0.287032 0.000000 0.000000 0.000000 -1.000000 1 8.059898391e-06 1.882389188e-05
110 0.550276 -0.149315 -0.287032 0.550276 -0.149315 -0.287032 0.000000 0.000000 0.000000 -1.000000 1 1.092790626e-05 2.294383012e-05
110 0.550276 -0.149315 -0.287032 0.550276 -0.149315 -0.287032 0.000000 0.000000 0.000000 -1.000000 1 8.491100743e-06 2.022995614e-05
111 0.560275 -0.160188 -0.468197 0.560275 -0.160188 -0.468197 0.000000 0.000000 0.000000 -1.000000 1 7.908092812e-06 1.857616007e-05
111 0.560275 -0.160188 -0.468197 0.560275 -0.160188 -0.468197 0.000000 0.000000 0.000000 -1.000000 1 7.855938748e-06 1.855404116e-05
111 0.560275 -0.160188 -0.468197 0.560275 -0.160188 -0.468197 0.000000 0.000000 0.000000 -1.000000 1 7.822876796e-06 1.855404116e-05
111 0.560275 -0.160188 -0.468197 0.560275 -0.160188 -0.468197 0.000000 0.000000 0.000000 -1.000000 1 8.402857929e-06 2.003391273e-05
111 0.560275 -0.160188 -0.468197 0.560275 -0.160188 -0.468197 0.000000 0.000000 0.000000 -1.000000 1 8.358154446e-06 1.989095472e-05
111 0.560275 -0.160188 -0.468197 0.560275 -0.160188 -0.468197 0.000000 0.000000 0.000000 -1.000000 1 8.367002010e-06 1.985789277e-05
111 0.560275 -0.160188 -0.468197 0.560275 -0.160188 -0.468197 0.000000 0.000000 0.000000 -1.000000 1 8.340924978e-06 1.990306191e-05
111 0.560275 -0.160188 -0.468197 0.560275 -0.160188 -0.468197 0.000000 0.000000 0.000000 -1.000000 1 8.464092389e-06 2.025696449e-05
111 0.560275 -0.160188 -0.468197 0.560275 -0.160188 -0.468197 0.000000 0.000000 0.000000 -1.000000 1 8.441042155e-06 1.994706690e-05
111 0.560275 -0.160188 -0.468197 0.560275 -0.160188 -0.468197 0.000000 0.000000 0.000000 -1.000000 1 8.695991710e-06 2.033193596e-05
111 0.560275 -0.160188 -0.468197 0.560275 -0.160188 -0.468197 0.000000 0.000000 0.000000 -1.000000 1 8.604023606e-06 1.999200322e-05
111 0.560275 -0.160188 -0.468197 0.560275 -0.160188 -0.468197 0.000000 0.000000 0.000000 -1.000000 1 8.334871382e-06 1.994217746e-05
111 0.560275 -0.160188 -0.468197 0.560275 -0.160188 -0.468197 0.000000 0.000000 0.000000 -1.000000 1 1.629907638e-05 4.035700113e-05
111 0.560275 -0.160188 -0.468197 0.560275 -0.160188 -0.468197 0.000000 0.000000 0.000000 -1.000000 1 8.489005268e-06 2.019992098e-05
111 0.560275 -0.160188 -0.468197 0.560275 -0.160188 -0.468197 0.000000 0.000000 0.000000 -1.000000 1 8.416827768e-06 1.988909207e-05
111 0.560275 -0.160188 -0.468197 0.560275 -0.160188 -0.468197 0.000000 0.000000 0.000000 -1.000000 1 7.792143151e-06 1.858896576e-05
111 0.560275 -0.160188 -0.468197 0.560275 -0.160188 -0.468197 0.000000 0.000000 0.000000 -1.000000 1 8.400995284e-06 1.999898814e-05
111 0.560275 -0.160188 -0.468197 0.560275 -0.160188 -0.468197 0.000000 0.000000 0.000000 -1.000000 1 8.024042472e-06 1.862994395e-05
111 0.560275 -0.160188 -0.468197 0.560275 -0.160188 -0.468197 0.000000 0.000000 0.000000 -1.000000 1 8.520903066e-06 1.989887096e-05
111 0.560275 -0.160188 -0.468197 0.560275 -0.160188 -0.468197 0.000000 0.000000 0.000000 -1.000000 1 8.440110832e-06 1.997197978e-05
112 0.589387 -0.175997 -0.484398 0.589387 -0.175997 -0.484398 0.000000 0.000000 0.000000 -1.000000 1 8.669914678e-06 2.007000148e-05
112 0.589387 -0.175997 -0.484398 0.589387 -0.175997 -0.484398 0.000000 0.000000 0.000000 -1.000000 1 7.814960554e-06 1.851795241e-05
112 0.589387 -0.175997 -0.484398 0.589387 -0.175997 -0.484398 0.000000 0.000000 0.000000 -1.000000 1 6.858957931e-06 1.627299935e-05
112 0.589387 -0.175997 -0.484398 0.589387 -0.175997 -0.484398 0.000000 0.000000 0.000000 -1.000000 1 6.738118827e-06 1.565297134e-05
112 0.589387 -0.175997 -0.484398 0.589387 -0.175997 -0.484398 0.000000 0.000000 0.000000 -1.000000 1 5.918089300e-06 1.420709305e-05
112 0.589387 -0.175997 -0.484398 0.589387 -0.175997 -0.484398 0.000000 0.000000 0.000000 -1.000000 1 5.342997611e-06 1.260102727e-05
112 0.589387 -0.175997 -0.484398 0.589387 -0.175997 -0.484398 0.000000 0.000000 0.000000 -1.000000 1 7.858965546e-06 1.851399429e-05
112 0.589387 -0.175997 -0.484398 0.589387 -0.175997 -0.484398 0.000000 0.000000 0.000000 -1.000000 1 8.387956768e-06 1.987721771e-05
112 0.589387 -0.175997 -0.484398 0.589387 -0.175997 -0.484398 0.000000 0.000000 0.000000 -1.000000 1 7.800990716e-06 1.839501783e-05
112 0.589387 -0.175997 -0.484398 0.589387 -0.175997 -0.484398 0.000000 0.000000 0.000000 -1.000000 1 1.252209768e-05 2.922816202e-05
112 0.589387 -0.175997 -0.484398 0.589387 -0.175997 -0.484398 0.000000 0.000000 0.000000 -1.000000 1 8.346047252e-06 1.975893974e-05
112 0.589387 -0.175997 -0.484398 0.589387 -0.175997 -0.484398 0.000000 0.000000 0.000000 -1.000000 1 8.549075574e-06 1.988001168e-05
112 0.589387 -0.175997 -0.484398 0.589387 -0.175997 -0.484398 0.000000 0.000000 0.000000 -1.000000 1 8.370028809e-06 1.987605356e-05
112 0.589387 -0.175997 -0.484398 0.589387 -0.175997 -0.484398 0.000000 0.000000 0.000000 -1.000000 1 8.457107469e-06 1.990189776e-05
112 0.589387 -0.175997 -0.484398 0.589387 -0.175997 -0.484398 0.000000 0.000000 0.000000 -1.000000 1 8.346978575e-06 1.991703175e-05
112 0.589387 -0.175997 -0.484398 0.589387 -0.175997 -0.484398 0.000000 0.000000 0.000000 -1.000000 1 7.981201634e-06 1.865508966e-05
112 0.589387 -0.175997 -0.484398 0.589387 -0.175997 -0.484398 0.000000 0.000000 0.000000 -1.000000 1 8.458038792e-06 2.031307667e-05
112 0.589387 -0.175997 -0.484398 0.589387 -0.175997 -0.484398 0.000000 0.000000 0.000000 -1.000000 1 8.381903172e-06 1.996383071e-05
112 0.589387 -0.175997 -0.484398 0.589387 -0.175997 -0.484398 0.000000 0.000000 0.000000 -1.000000 1 8.322065696e-06 1.981784590e-05
112 0.589387 -0.175997 -0.484398 0.589387 -0.175997 -0.484398 0.000000 0.000000 0.000000 -1.000000 1 7.887138054e-06 1.855404116e-05
113 0.593621 -0.219833 -0.626746 0.593621 -0.219833 -0.626746 0.000000 0.000000 0.000000 -1.000000 1 1.046108082e-05 2.188398503e-05
113 0.593621 -0.219833 -0.626746 0.593621 -0.219833 -0.626746 0.000000 0.000000 0.000000 -1.000000 1 8.003087714e-06 1.891306601e-05
113 0.593621 -0.219833 -0.626746 0.593621 -0.219833 -0.626746 0.000000 0.000000 0.000000 -1.000000 1 8.468050510e-06 1.982599497e-05
113 0.593621 -0.219833 -0.626746 0.593621 -0.219833 -0.626746 0.000000 0.000000 0.000000 -1.000000 1 1.229997724e-05 3.050011583e-05
113 0.593621 -0.219833 -0.626746 0.593621 -0.219833 -0.626746 0.000000 0.000000 0.000000 -1.000000 1 1.191697083e-05 2.960115671e-05
113 0.593621 -0.219833 -0.626746 0.593621 -0.219833 -0.626746 0.000000 0.000000 0.000000 -1.000000 1 1.203408465e-05 2.963701263e-05
113 0.593621 -0.219833 -0.626746 0.593621 -0.219833 -0.626746 0.000000 0.000000 0.000000 -1.000000 1 1.881504431e-05 4.737009294e-05
113 0.593621 -0.219833 -0.626746 0.593621 -0.219833 -0.626746 0.000000 0.000000 0.000000 -1.000000 1 1.233583316e-05 3.034900874e-05
113 0.593621 -0.219833 -0.626746 0.593621 -0.219833 -0.626746 0.000000 0.000000 0.000000 -1.000000 1 1.250789501e-05 3.081397153e-05
113 0.593621 -0.219833 -0.626746 0.593621 -0.219833 -0.626746 0.000000 0.000000 0.000000 -1.000000 1 1.266109757e-05 3.069685772e-05
113 0.593621 -0.219833 -0.626746 0.593621 -0.219833 -0.626746 0.000000 0.000000 0.000000 -1.000000 1 1.236191019e-05 3.605918027e-05
113 0.593621 -0.219833 -0.626746 0.593621 -0.219833 -0.626746 0.000000 0.000000 0.000000 -1.000000 1 8.349074051e-06 1.993915066e-05
113 0.593621 -0.219833 -0.626746 0.593621 -0.219833 -0.626746 0.000000 0.000000 0.000000 -1.000000 1 8.261064067e-06 1.971493475e-05
113 0.593621 -0.219833 -0.626746 0.593621 -0.219833 -0.626746 0.000000 0.000000 0.000000 -1.000000 1 8.402159438e-06 1.998199150e-05
113 0.593621 -0.219833 -0.626746 0.593621 -0.219833 -0.626746 0.000000 0.000000 0.000000 -1.000000 1 8.451053873e-06 2.002599649e-05
113 0.593621 -0.219833 -0.626746 0.593621 -0.219833 -0.626746 0.000000 0.000000 0.000000 -1.000000 1 8.428003639e-06 1.992704347e-05
113 0.593621 -0.219833 -0.626746 0.593621 -0.219833 -0.626746 0.000000 0.000000 0.000000 -1.000000 1 8.318107575e-06 1.982878894e-05
113 0.593621 -0.219833 -0.626746 0.593621 -0.219833 -0.626746 0.000000 0.000000 0.000000 -1.000000 1 8.341157809e-06 2.001598477e-05
113 0.593621 -0.219833 -0.626746 0.593621 -0.219833 -0.626746 0.000000 0.000000 0.000000 -1.000000 1 8.763978258e-06 2.057105303e-05
113 0.593621 -0.219833 -0.626746 0.593621 -0.219833 -0.626746 0.000000 0.000000 0.000000 -1.000000 1 8.851988241e-06 2.088188194e-05
114 0.622729 -0.238772 -0.610718 0.622729 -0.238772 -0.610718 0.000000 0.000000 0.000000 -1.000000 1 8.507864550e-06 2.000317909e-05
114 0.622729 -0.238772 -0.610718 0.622729 -0.238772 -0.610718 0.000000 0.000000 0.000000 -1.000000 1 8.322065696e-06 1.968303695e-05
114 0.622729 -0.238772 -0.610718 0.622729 -0.238772 -0.610718 0.000000 0.000000 0.000000 -1.000000 1 1.229578629e-05 3.019510768e-05
114 0.622729 -0.238772 -0.610718 0.622729 -0.238772 -0.610718 0.000000 0.000000 0.000000 -1.000000 1 1.604692079e-05 3.935187124e-05
114 0.622729 -0.238772 -0.610718 0.622729 -0.238772 -0.610718 0.000000 0.000000 0.000000 -1.000000 1 8.333940059e-06 1.963810064e-05
114 0.622729 -0.238772 -0.610718 0.622729 -0.238772 -0.610718 0.000000 0.000000 0.000000 -1.000000 1 8.408911526e-06 1.985603012e-05
114 0.622729 -0.238772 -0.610718 0.622729 -0.238772 -0.610718 0.000000 0.000000 0.000000 -1.000000 1 8.628005162e-06 2.016592771e-05
114 0.622729 -0.238772 -0.610718 0.622729 -0.238772 -0.610718 0.000000 0.000000 0.000000 -1.000000 1 1.270114444e-05 3.081094474e-05
114 0.622729 -0.238772 -0.610718 0.622729 -0.238772 -0.610718 0.000000 0.000000 0.000000 -1.000000 1 1.254701056e-05 3.033317626e-05
114 0.622729 -0.238772 -0.610718 0.622729 -0.238772 -0.610718 0.000000 0.000000 0.000000 -1.000000 1 1.277914271e-05 3.092200495e-05
114 0.622729 -0.238772 -0.610718 0.622729 -0.238772 -0.610718 0.000000 0.000000 0.000000 -1.000000 1 8.320901543e-06 1.964904368e-05
114 0.622729 -0.238772 -0.610718 0.622729 -0.238772 -0.610718 0.000000 0.000000 0.000000 -1.000000 1 8.562114090e-06 1.994590275e-05
114 0.622729 -0.238772 -0.610718 0.622729 -0.238772 -0.610718 0.000000 0.000000 0.000000 -1.000000 1 8.470844477e-06 1.980899833e-05
114 0.622729 -0.238772 -0.610718 0.622729 -0.238772 -0.610718 0.000000 0.000000 0.000000 -1.000000 1 8.570030332e-06 2.002506517e-05
114 0.622729 -0.238772 -0.610718 0.622729 -0.238772 -0.610718 0.000000 0.000000 0.000000 -1.000000 1 8.567003533e-06 2.002390102e-05
114 0.622729 -0.238772 -0.610718 0.622729 -0.238772 -0.610718 0.000000 0.000000 0.000000 -1.000000 1 8.880160749e-06 2.062297426e-05
114 0.622729 -0.238772 -0.610718 0.622729 -0.238772 -0.610718 0.000000 0.000000 0.000000 -1.000000 1 7.854076102e-06 1.839478500e-05
114 0.622729 -0.238772 -0.610718 0.622729 -0.238772 -0.610718 0.000000 0.000000 0.000000 -1.000000 1 8.767936379e-06 2.045393921e-05
114 0.622729 -0.238772 -0.610718 0.622729 -0.238772 -0.610718 0.000000 0.000000 0.000000 -1.000000 1 8.380040526e-06 1.975893974e-05
114 0.622729 -0.238772 -0.610718 0.622729 -0.238772 -0.610718 0.000000 0.000000 0.000000 -1.000000 1 2.113869414e-06 4.939967766e-06
115 0.621262 -0.285499 -0.711131 0.621262 -0.285499 -0.711131 0.000000 0.000000 0.000000 -1.000000 1 4.898989573e-06 1.099612564e-05
115 0.621262 -0.285499 -0.711131 0.621262 -0.285499 -0.711131 0.000000 0.000000 0.000000 -1.000000 1 3.864057362e-06 9.038951248e-06
115 0.621262 -0.285499 -0.711131 0.621262 -0.285499 -0.711131 0.000000 0.000000 0.000000 -1.000000 1 8.405884728e-06 1.994986087e-05
115 0.621262 -0.285499 -0.711131 0.621262 -0.285499 -0.711131 0.000000 0.000000 0.000000 -1.000000 1 8.687144145e-06 2.026488073e-05
115 0.621262 -0.285499 -0.711131 0.621262 -0.285499 -0.711131 0.000000 0.000000 0.000000 -1.000000 1 8.692964911e-06 2.028117888e-05
115 0.621262 -0.285499 -0.711131 0.621262 -0.285499 -0.711131 0.000000 0.000000 0.000000 -1.000000 1 8.478993550e-06 1.999712549e-05
115 0.621262 -0.285499 -0.711131 0.621262 -0.285499 -0.711131 0.000000 0.000000 0.000000 -1.000000 1 8.400995284e-06 1.962995157e-05
115 0.621262 -0.285499 -0.711131 0.621262 -0.285499 -0.711131 0.000000 0.000000 0.000000 -1.000000 1 9.007984772e-06 2.045696601e-05
115 0.621262 -0.285499 -0.711131 0.621262 -0.285499 -0.711131 0.000000 0.000000 0.000000 -1.000000 1 7.828930393e-06 1.996918581e-05
115 0.621262 -0.285499 -0.711131 0.621262 -0.285499 -0.711131 0.000000 0.000000 0.000000 -1.000000 1 8.696923032e-06 2.035009675e-05
115 0.621262 -0.285499 -0.711131 0.621262 -0.285499 -0.711131 0.000000 0.000000 0.000000 -1.000000 1 8.370960131e-06 1.976289786e-05
115 0.621262 -0.285499 -0.711131 0.621262 -0.285499 -0.711131 0.000000 0.000000 0.000000 -1.000000 1 8.482020348e-06 2.017710358e-05
115 0.621262 -0.285499 -0.711131 0.621262 -0.285499 -0.711131 0.000000 0.000000 0.000000 -1.000000 1 9.881099686e-06 2.361298539e-05
115 0.621262 -0.285499 -0.711131 0.621262 -0.285499 -0.711131 0.000000 0.000000 0.000000 -1.000000 1 8.390983567e-06 1.974613406e-05
115 0.621262 -0.285499 -0.711131 0.621262 -0.285499 -0.711131 0.000000 0.000000 0.000000 -1.000000 1 8.387025446e-06 3.268010914e-05
115 0.621262 -0.285499 -0.711131 0.621262 -0.285499 -0.711131 0.000000 0.000000 0.000000 -1.000000 1 8.478993550e-06 1.988606527e-05
115 0.621262 -0.285499 -0.711131 0.621262 -0.285499 -0.711131 0.000000 0.000000 0.000000 -1.000000 1 8.529983461e-06 2.001086250e-05
115 0.621262 -0.285499 -0.711131 0.621262 -0.285499 -0.711131 0.000000 0.000000 0.000000 -1.000000 1 1.287204213e-05 3.021094017e-05
115 0.621262 -0.285499 -0.711131 0.621262 -0.285499 -0.711131 0.000000 0.000000 0.000000 -1.000000 1 8.418923244e-06 2.004206181e-05
115 0.621262 -0.285499 -0.711131 0.621262 -0.285499 -0.711131 0.000000 0.000000 0.000000 -1.000000 1 8.424976841e-06 2.004601993e-05
116 0.652329 -0.291600 -0.607449 0.652329 -0.291600 -0.607449 0.000000 0.000000 0.000000 -1.000000 1 8.585164323e-06 2.014101483e-05
116 0.652329 -0.291600 -0.607449 0.652329 -0.291600 -0.607449 0.000000 0.000000 0.000000 -1.000000 1 8.441973478e-06 2.005789429e-05
116 0.652329 -0.291600 -0.607449 0.652329 -0.291600 -0.607449 0.000000 0.000000 0.000000 -1.000000 1 8.320901543e-06 1.960992813e-05
116 0.652329 -0.291600 -0.607449 0.652329 -0.291600 -0.607449 0.000000 0.000000 0.000000 -1.000000 1 7.816124707e-06 1.852004789e-05
116 0.652329 -0.291600 -0.607449 0.652329 -0.291600 -0.607449 0.000000 0.000000 0.000000 -1.000000 1 8.424045518e-06 2.018688247e-05
116 0.652329 -0.291600 -0.607449 0.652329 -0.291600 -0.607449 0.000000 0.000000 0.000000 -1.000000 1 8.319970220e-06 1.965416595e-05
116 0.652329 -0.291600 -0.607449 0.652329 -0.291600 -0.607449 0.000000 0.000000 0.000000 -1.000000 1 7.756985724e-06 1.834798604e-05
116 0.652329 -0.291600 -0.607449 0.652329 -0.291600 -0.607449 0.000000 0.000000 0.000000 -1.000000 1 7.929978892e-06 1.846393570e-05
116 0.652329 -0.291600 -0.607449 0.652329 -0.291600 -0.607449 0.000000 0.000000 0.000000 -1.000000 1 7.859896868e-06 1.851795241e-05
116 0.652329 -0.291600 -0.607449 0.652329 -0.291600 -0.607449 0.000000 0.000000 0.000000 -1.000000 1 8.676201105e-06 2.070586197e-05
116 0.652329 -0.291600 -0.607449 0.652329 -0.291600 -0.607449 0.000000 0.000000 0.000000 -1.000000 1 8.314847946e-06 1.980294473e-05
116 0.652329 -0.291600 -0.607449 0.652329 -0.291600 -0.607449 0.000000 0.000000 0.000000 -1.000000 1 8.522998542e-06 1.994194463e-05
116 0.652329 -0.291600 -0.607449 0.652329 -0.291600 -0.607449 0.000000 0.000000 0.000000 -1.000000 1 8.325092494e-06 1.968909055e-05
116 0.652329 -0.291600 -0.607449 0.652329 -0.291600 -0.607449 0.000000 0.000000 0.000000 -1.000000 1 8.567003533e-06 2.002692781e-05
116 0.652329 -0.291600 -0.607449 0.652329 -0.291600 -0.607449 0.000000 0.000000 0.000000 -1.000000 1 1.892610453e-05 4.566414282e-05
116 0.652329 -0.291600 -0.607449 0.652329 -0.291600 -0.607449 0.000000 0.000000 0.000000 -1.000000 1 8.306931704e-06 1.980015077e-05
116 0.652329 -0.291600 -0.607449 0.652329 -0.291600 -0.607449 0.000000 0.000000 0.000000 -1.000000 1 8.529052138e-06 2.206396312e-05
116 0.652329 -0.291600 -0.607449 0.652329 -0.291600 -0.607449 0.000000 0.000000 0.000000 -1.000000 1 8.302973583e-06 1.974590123e-05
116 0.652329 -0.291600 -0.607449 0.652329 -0.291600 -0.607449 0.000000 0.000000 0.000000 -1.000000 1 8.362112567e-06 1.979898661e-05
116 0.652329 -0.291600 -0.607449 0.652329 -0.291600 -0.607449 0.000000 0.000000 0.000000 -1.000000 1 8.630799130e-06 2.013496123e-05
117 0.619071 -0.300000 -0.707365 0.619071 -0.332003 -0.707365 0.000000 0.000000 0.000000 -1.000000 1 1.243106090e-05 3.034900874e-05
117 0.619071 -0.300000 -0.707365 0.619071 -0.332003 -0.707365 0.000000 0.000000 0.000000 -1.000000 1 8.840812370e-06 2.049305476e-05
117 0.619071 -0.300000 -0.707365 0.619071 -0.332003 -0.707365 0.000000 0.000000 0.000000 -1.000000 1 8.043833077e-06 1.872191206e-05
117 0.619071 -0.300000 -0.707365 0.619071 -0.332003 -0.707365 0.000000 0.000000 0.000000 -1.000000 1 8.712988347e-06 2.009910531e-05
117 0.619071 -0.300000 -0.707365 0.619071 -0.332003 -0.707365 0.000000 0.000000 0.000000 -1.000000 1 8.474104106e-06 1.995195635e-05
117 0.619071 -0.300000 -0.707365 0.619071 -0.332003 -0.707365 0.000000 0.000000 0.000000 -1.000000 1 8.743954822e-06 2.018501982e-05
117 0.619071 -0.300000 -0.707365 0.619071 -0.332003 -0.707365 0.000000 0.000000 0.000000 -1.000000 1 8.560018614e-06 2.054194920e-05
117 0.619071 -0.300000 -0.707365 0.619071 -0.332003 -0.707365 0.000000 0.000000 0.000000 -1.000000 1 7.893890142e-06 1.850887202e-05
117 0.619071 -0.300000 -0.707365 0.619071 -0.332003 -0.707365 0.000000 0.000000 0.000000 -1.000000 1 7.898081094e-06 1.848186366e-05
117 0.619071 -0.300000 -0.707365 0.619071 -0.332003 -0.707365 0.000000 0.000000 0.000000 -1.000000 1 8.484115824e-06 1.998408698e-05
117 0.619071 -0.300000 -0.707365 0.619071 -0.332003 -0.707365 0.000000 0.000000 0.000000 -1.000000 1 8.465955034e-06 2.030795440e-05
117 0.619071 -0.300000 -0.707365 0.619071 -0.332003 -0.707365 0.000000 0.000000 0.000000 -1.000000 1 9.379116818e-06 2.205884084e-05
117 0.619071 -0.300000 -0.707365 0.619071 -0.332003 -0.707365 0.000000 0.000000 0.000000 -1.000000 1 8.556060493e-06 1.981109381e-05
117 0.619071 -0.300000 -0.707365 0.619071 -0.332003 -0.707365 0.000000 0.000000 0.000000 -1.000000 1 8.464092389e-06 1.993589103e-05
117 0.619071 -0.300000 -0.707365 0.619071 -0.332003 -0.707365 0.000000 0.000000 0.000000 -1.000000 1 2.057990059e-06 4.871981218e-06
117 0.619071 -0.300000 -0.707365 0.619071 -0.332003 -0.707365 0.000000 0.000000 0.000000 -1.000000 1 2.064974979e-06 4.878034815e-06
117 0.619071 -0.300000 -0.707365 0.619071 -0.332003 -0.707365 0.000000 0.000000 0.000000 -1.000000 1 2.073124051e-06 4.905043170e-06
117 0.619071 -0.300000 -0.707365 0.619071 -0.332003 -0.707365 0.000000 0.000000 0.000000 -1.000000 1 7.881084457e-06 1.897406764e-05
117 0.619071 -0.300000 -0.707365 0.619071 -0.332003 -0.707365 0.000000 0.000000 0.000000 -1.000000 1 9.458046407e-06 2.165301703e-05
117 0.619071 -0.300000 -0.707365 0.619071 -0.332003 -0.707365 0.000000 0.000000 0.000000 -1.000000 1 1.613679342e-05 3.784592263e-05
118 0.648333 -0.277987 -0.510363 0.648333 -0.277987 -0.510363 0.000000 0.000000 0.000000 -1.000000 1 1.260708086e-05 3.023096360e-05
118 0.648333 -0.277987 -0.510363 0.648333 -0.277987 -0.510363 0.000000 0.000000 0.000000 -1.000000 1 1.136912033e-05 2.725794911e-05
118 0.648333 -0.277987 -0.510363 0.648333 -0.277987 -0.510363 0.000000 0.000000 0.000000 -1.000000 1 7.780035958e-06 1.796800643e-05
118 0.648333 -0.277987 -0.510363 0.648333 -0.277987 -0.510363 0.000000 0.000000 0.000000 -1.000000 1 8.399831131e-06 1.961691305e-05
118 0.648333 -0.277987 -0.510363 0.648333 -0.277987 -0.510363 0.000000 0.000000 0.000000 -1.000000 1 8.462928236e-06 1.948815770e-05
118 0.648333 -0.277987 -0.510363 0.648333 -0.277987 -0.510363 0.000000 0.000000 0.000000 -1.000000 1 7.814029232e-06 1.817196608e-05
118 0.648333 -0.277987 -0.510363 0.648333 -0.277987 -0.510363 0.000000 0.000000 0.000000 -1.000000 1 8.124159649e-06 1.842388883e-05
118 0.647929 -0.277697 -0.510363 0.648333 -0.277987 -0.510363 0.000000 0.000000 0.000000 -1.000000 1 7.855007425e-06 1.813191921e-05
118 0.645876 -0.276234 -0.510363 0.648333 -0.277987 -0.510363 0.000000 0.000000 0.000000 -1.000000 1 9.454088286e-06 2.184906043e-05
118 0.643847 -0.274796 -0.510363 0.648333 -0.277987 -0.510363 0.000000 0.000000 0.000000 -1.000000 1 8.699018508e-06 1.981505193e-05
118 0.641886 -0.273410 -0.510363 0.648333 -0.277987 -0.510363 0.000000 0.000000 0.000000 -1.000000 1 7.748138160e-06 1.804903150e-05
118 0.639979 -0.272059 -0.510363 0.648333 -0.277987 -0.510363 0.000000 0.000000 0.000000 -1.000000 1 7.797032595e-06 1.811608672e-05
118 0.638068 -0.270701 -0.510363 0.648333 -0.277987 -0.510363 0.000000 0.000000 0.000000 -1.000000 1 8.026836440e-06 1.865206286e-05
118 0.636114 -0.269310 -0.510363 0.648333 -0.277987 -0.510363 0.000000 0.000000 0.000000 -1.000000 1 7.969094440e-06 1.826905645e-05
118 0.634068 -0.267858 -0.510363 0.648333 -0.277987 -0.510363 0.000000 0.000000 0.000000 -1.000000 1 8.282018825e-06 1.927791163e-05
118 0.631834 -0.266287 -0.510363 0.648333 -0.277987 -0.510363 0.000000 0.000000 0.000000 -1.000000 1 8.449191228e-06 1.930398867e-05
118 0.629369 -0.264578 -0.510363 0.648333 -0.277987 -0.510363 0.000000 0.000000 0.000000 -1.000000 1 1.320685260e-05 2.425909042e-05
118 0.626691 -0.262750 -0.510363 0.648333 -0.277987 -0.510363 0.000000 0.000000 0.000000 -1.000000 1 8.349074051e-06 1.940387301e-05
118 0.623894 -0.260865 -0.510363 0.648333 -0.277987 -0.510363 0.000000 0.000000 0.000000 -1.000000 1 8.344883099e-06 1.930096187e-05
118 0.621153 -0.259049 -0.510363 0.648333 -0.277987 -0.510363 0.000000 0.000000 0.000000 -1.000000 1 8.388888091e-06 1.923413947e-05
119 0.600171 -0.268468 -0.540339 0.600171 -0.268468 -0.540339 0.000000 0.000000 0.000000 -1.000000 1 8.537899703e-06 1.948885620e-05
119 0.600171 -0.268468 -0.540339 0.600171 -0.268468 -0.540339 0.000000 0.000000 0.000000 -1.000000 1 8.433824405e-06 1.932214946e-05
119 0.600171 -0.268468 -0.540339 0.600171 -0.268468 -0.540339 0.000000 0.000000 0.000000 -1.000000 1 8.306931704e-06 1.918617636e-05
119 0.599815 -0.268227 -0.540339 0.600171 -0.268468 -0.540339 0.000000 0.000000 0.000000 -1.000000 1 8.441042155e-06 1.938198693e-05
119 0.597188 -0.266463 -0.540339 0.600171 -0.268468 -0.540339 0.000000 0.000000 0.000000 -1.000000 1 8.257105947e-06 1.914286986e-05
119 0.594416 -0.264649 -0.540339 0.600171 -0.268468 -0.540339 0.000000 0.000000 0.000000 -1.000000 1 1.149903983e-05 2.623489127e-05
119 0.591501 -0.262810 -0.540339 0.600171 -0.268468 -0.540339 0.000000 0.000000 0.000000 -1.000000 1 8.480856195e-06 1.879199408e-05
119 0.588545 -0.261026 -0.540339 0.600171 -0.268468 -0.540339 0.000000 0.000000 0.000000 -1.000000 1 8.339993656e-06 1.924391836e-05
119 0.585674 -0.259372 -0.540339 0.600171 -0.268468 -0.540339 0.000000 0.000000 0.000000 -1.000000 1 8.366070688e-06 1.920689829e-05
119 0.582994 -0.257895 -0.540339 0.600171 -0.268468 -0.540339 0.000000 0.000000 0.000000 -1.000000 1 8.387025446e-06 1.931493171e-05
119 0.580524 -0.256588 -0.540339 0.600171 -0.268468 -0.540339 0.000000 0.000000 0.000000 -1.000000 1 8.446862921e-06 1.934403554e-05
119 0.578266 -0.255426 -0.540339 0.600171 -0.268468 -0.540339 0.000000 0.000000 0.000000 -1.000000 1 1.142802648e-05 2.759695053e-05
119 0.576162 -0.254366 -0.540339 0.600171 -0.268468 -0.540339 0.000000 0.000000 0.000000 -1.000000 1 1.299520954e-05 3.113690764e-05
119 0.574075 -0.253353 -0.540339 0.600171 -0.268468 -0.540339 0.000000 0.000000 0.000000 -1.000000 1 1.159496605e-05 2.807890996e-05
119 0.571908 -0.252357 -0.540339 0.600171 -0.268468 -0.540339 0.000000 0.000000 0.000000 -1.000000 1 1.156516373e-05 2.786517143e-05
119 0.569639 -0.251371 -0.540339 0.600171 -0.268468 -0.540339 0.000000 0.000000 0.000000 -1.000000 1 1.501711085e-05 3.504496999e-05
119 0.567278 -0.250395 -0.540339 0.600171 -0.268468 -0.540339 0.000000 0.000000 0.000000 -1.000000 1 1.150416210e-05 2.746097744e-05
119 0.564863 -0.249441 -0.540339 0.600171 -0.268468 -0.540339 0.000000 0.000000 0.000000 -1.000000 1 8.816132322e-06 2.067582682e-05
119 0.562467 -0.248523 -0.540339 0.600171 -0.268468 -0.540339 0.000000 0.000000 0.000000 -1.000000 1 8.451053873e-06 1.948000863e-05
119 0.560174 -0.247649 -0.540339 0.600171 -0.268468 -0.540339 0.000000 0.000000 0.000000 -1.000000 1 8.844071999e-06 2.024881542e-05
120 0.585008 -0.190121 -0.376180 0.585008 -0.190121 -0.376180 0.000000 0.000000 0.000000 -1.000000 1 8.370960131e-06 1.944112591e-05
120 0.584686 -0.189956 -0.376180 0.585008 -0.190121 -0.376180 0.000000 0.000000 0.000000 -1.000000 1 8.353963494e-06 1.933798194e-05
120 0.582647 -0.188924 -0.376180 0.585008 -0.190121 -0.376180 0.000000 0.000000 0.000000 -1.000000 1 1.333002001e-05 3.104121424e-05
120 0.580516 -0.187858 -0.376180 0.585008 -0.190121 -0.376180 0.000000 0.000000 0.000000 -1.000000 1 8.438946679e-06 1.944089308e-05
120 0.578239 -0.186731 -0.376180 0.585008 -0.190121 -0.376180 0.000000 0.000000 0.000000 -1.000000 1 8.638948202e-06 1.982902177e-05
120 0.575800 -0.185540 -0.376180 0.585008 -0.190121 -0.376180 0.000000 0.000000 0.000000 -1.000000 1 8.394010365e-06 1.935684122e-05
120 0.573210 -0.184295 -0.376180 0.585008 -0.190121 -0.376180 0.000000 0.000000 0.000000 -1.000000 1 8.371891454e-06 1.937802881e-05
120 0.570505 -0.183014 -0.376180 0.585008 -0.190121 -0.376180 0.000000 0.000000 0.000000 -1.000000 1 1.390092075e-05 2.416502684e-05
120 0.567734 -0.181717 -0.376180 0.585008 -0.190121 -0.376180 0.000000 0.000000 0.000000 -1.000000 1 8.451985195e-06 1.961714588e-05
120 0.564981 -0.180435 -0.376180 0.585008 -0.190121 -0.376180 0.000000 0.000000 0.000000 -1.000000 1 4.856847227e-06 1.123594120e-05
120 0.562492 -0.179267 -0.376180 0.585008 -0.190121 -0.376180 0.000000 0.000000 0.000000 -1.000000 1 4.629138857e-06 1.071812585e-05
120 0.560314 -0.178233 -0.376180 0.585008 -0.190121 -0.376180 0.000000 0.000000 0.000000 -1.000000 1 5.038920790e-06 1.175305806e-05
120 0.558265 -0.177268 -0.376180 0.585008 -0.190121 -0.376180 0.000000 0.000000 0.000000 -1.000000 1 4.481989890e-06 1.036096364e-05
120 0.556171 -0.176299 -0.376180 0.585008 -0.190121 -0.376180 0.000000 0.000000 0.000000 -1.000000 1 8.628936484e-06 1.980317757e-05
120 0.553969 -0.175302 -0.376180 0.585008 -0.190121 -0.376180 0.000000 0.000000 0.000000 -1.000000 1 8.663861081e-06 1.973914914e-05
120 0.551617 -0.174266 -0.376180 0.585008 -0.190121 -0.376180 0.000000 0.000000 0.000000 -1.000000 1 8.360948414e-06 1.945719123e-05
120 0.549112 -0.173190 -0.376180 0.585008 -0.190121 -0.376180 0.000000 0.000000 0.000000 -1.000000 1 8.571892977e-06 1.939991489e-05
120 0.546475 -0.172072 -0.376180 0.585008 -0.190121 -0.376180 0.000000 0.000000 0.000000 -1.000000 1 8.433125913e-06 1.938804053e-05
120 0.543761 -0.170924 -0.376180 0.585008 -0.190121 -0.376180 0.000000 0.000000 0.000000 -1.000000 1 8.597970009e-06 1.955404878e-05
120 0.541157 -0.169837 -0.376180 0.585008 -0.190121 -0.376180 0.000000 0.000000 0.000000 -1.000000 1 1.558102667e-05 3.714207560e-05
121 0.539313 -0.165061 -0.379263 0.539313 -0.165061 -0.379263 0.000000 0.000000 0.000000 -1.000000 1 8.475966752e-06 1.941714436e-05
121 0.538031 -0.164476 -0.379263 0.539313 -0.165061 -0.379263 0.000000 0.000000 0.000000 -1.000000 1 8.379109204e-06 1.918803900e-05
121 0.535874 -0.163503 -0.379263 0.539313 -0.165061 -0.379263 0.000000 0.000000 0.000000 -1.000000 1 8.404022083e-06 1.930515282e-05
121 0.533675 -0.162529 -0.379263 0.539313 -0.165061 -0.379263 0.000000 0.000000 0.000000 -1.000000 1 1.193000935e-05 2.898392268e-05
121 0.531385 -0.161542 -0.379263 0.539313 -0.165061 -0.379263 0.000000 0.000000 0.000000 -1.000000 1 1.208018512e-05 2.928590402e-05
121 0.528993 -0.160551 -0.379263 0.539313 -0.165061 -0.379263 0.000000 0.000000 0.000000 -1.000000 1 1.257006079e-05 2.978998236e-05
121 0.526516 -0.159580 -0.379263 0.539313 -0.165061 -0.379263 0.000000 0.000000 0.000000 -1.000000 1 1.341081224e-05 3.202911466e-05
121 0.524022 -0.158656 -0.379263 0.539313 -0.165061 -0.379263 0.000000 0.000000 0.000000 -1.000000 1 8.451053873e-06 1.943507232e-05
121 0.521603 -0.157809 -0.379263 0.539313 -0.165061 -0.379263 0.000000 0.000000 0.000000 -1.000000 1 8.333940059e-06 1.953006722e-05
121 0.519350 -0.157059 -0.379263 0.539313 -0.165061 -0.379263 0.000000 0.000000 0.000000 -1.000000 1 8.426839486e-06 1.942506060e-05
121 0.517311 -0.156407 -0.379263 0.539313 -0.165061 -0.379263 0.000000 0.000000 0.000000 -1.000000 1 8.436851203e-06 1.944717951e-05
121 0.515472 -0.155832 -0.379263 0.539313 -0.165061 -0.379263 0.000000 0.000000 0.000000 -1.000000 1 1.392303966e-05 2.428400330e-05
121 0.513760 -0.155301 -0.379263 0.539313 -0.165061 -0.379263 0.000000 0.000000 0.000000 -1.000000 1 7.730908692e-06 1.812400296e-05
121 0.512068 -0.154787 -0.379263 0.539313 -0.165061 -0.379263 0.000000 0.000000 0.000000 -1.000000 1 7.815891877e-06 1.803808846e-05
121 0.510322 -0.154281 -0.379263 0.539313 -0.165061 -0.379263 0.000000 0.000000 0.000000 -1.000000 1 8.329981938e-06 1.932098530e-05
121 0.508485 -0.153777 -0.379263 0.539313 -0.165061 -0.379263 0.000000 0.000000 0.000000 -1.000000 1 8.378177881e-06 1.933402382e-05
121 0.506545 -0.153268 -0.379263 0.539313 -0.165061 -0.379263 0.000000 0.000000 0.000000 -1.000000 1 9.602867067e-06 2.232380211e-05
121 0.504520 -0.152760 -0.379263 0.539313 -0.165061 -0.379263 0.000000 0.000000 0.000000 -1.000000 1 7.750932127e-06 1.797592267e-05
121 0.502467 -0.152261 -0.379263 0.539313 -0.165061 -0.379263 0.000000 0.000000 0.000000 -1.000000 1 1.231208444e-05 2.971407957e-05
121 0.500490 -0.151764 -0.379263 0.539313 -0.165061 -0.379263 0.000000 0.000000 0.000000 -1.000000 1 2.428400330e-05 4.169507883e-05
122 0.515090 -0.102786 -0.276372 0.549827 -0.114574 -0.276372 0.000000 0.000000 0.000000 -1.000000 1 1.228414476e-05 2.937600948e-05
122 0.513265 -0.102231 -0.276372 0.549827 -0.114574 -0.276372 0.000000 0.000000 0.000000 -1.000000 1 8.302973583e-06 1.922296360e-05
122 0.511420 -0.101652 -0.276372 0.549827 -0.114574 -0.276372 0.000000 0.000000 0.000000 -1.000000 1 1.209578477e-05 2.919812687e-05
122 0.509457 -0.101035 -0.276372 0.549827 -0.114574 -0.276372 0.000000 0.000000 0.000000 -1.000000 1 1.306505874e-05 3.107590601e-05
122 0.507329 -0.100378 -0.276372 0.549827 -0.114574 -0.276372 0.000000 0.000000 0.000000 -1.000000 1 8.312985301e-06 1.904508099e-05
122 0.505023 -0.099686 -0.276372 0.549827 -0.114574 -0.276372 0.000000 0.000000 0.000000 -1.000000 1 2.253497951e-05 3.898213618e-05
122 0.502555 -0.098965 -0.276372 0.549827 -0.114574 -0.276372 0.000000 0.000000 0.000000 -1.000000 1 1.147901639e-05 2.733897418e-05
122 0.499977 -0.098228 -0.276372 0.549827 -0.114574 -0.276372 0.000000 0.000000 0.000000 -1.000000 1 8.447095752e-06 1.956289634e-05
122 0.497443 -0.097504 -0.276372 0.549827 -0.114574 -0.276372 0.000000 0.000000 0.000000 -1.000000 1 9.993091226e-06 2.344301902e-05
122 0.495088 -0.096817 -0.276372 0.549827 -0.114574 -0.276372 0.000000 0.000000 0.000000 -1.000000 1 8.555827662e-06 1.963903196e-05
122 0.492967 -0.096186 -0.276372 0.549827 -0.114574 -0.276372 0.000000 0.000000 0.000000 -1.000000 1 8.093891665e-06 1.855799928e-05
122 0.491037 -0.095617 -0.276372 0.549827 -0.114574 -0.276372 0.000000 0.000000 0.000000 -1.000000 1 7.735798135e-06 1.993495971e-05
122 0.489166 -0.095096 -0.276372 0.549827 -0.114574 -0.276372 0.000000 0.000000 0.000000 -1.000000 1 8.412171155e-06 1.952005550e-05
122 0.487244 -0.094588 -0.276372 0.549827 -0.114574 -0.276372 0.000000 0.000000 0.000000 -1.000000 1 1.024315134e-05 2.372800373e-05
122 0.485235 -0.094074 -0.276372 0.549827 -0.114574 -0.276372 0.000000 0.000000 0.000000 -1.000000 1 8.310889825e-06 1.936499029e-05
122 0.483103 -0.093556 -0.276372 0.549827 -0.114574 -0.276372 0.000000 0.000000 0.000000 -1.000000 1 8.319038898e-06 2.591498196e-05
122 0.480834 -0.093028 -0.276372 0.549827 -0.114574 -0.276372 0.000000 0.000000 0.000000 -1.000000 1 8.307164535e-06 1.920899376e-05
122 0.478424 -0.092472 -0.276372 0.549827 -0.114574 -0.276372 0.000000 0.000000 0.000000 -1.000000 1 8.199131116e-06 1.920806244e-05
122 0.475928 -0.091884 -0.276372 0.549827 -0.114574 -0.276372 0.000000 0.000000 0.000000 -1.000000 1 7.629161701e-06 1.792400144e-05
122 0.473445 -0.091281 -0.276372 0.549827 -0.114574 -0.276372 0.000000 0.000000 0.000000 -1.000000 1 8.350936696e-06 1.931400038e-05
123 0.474323 -0.080099 -0.313695 0.535642 -0.098694 -0.313695 0.000000 0.000000 0.000000 -1.000000 1 8.834060282e-06 2.022110857e-05
123 0.472182 -0.079529 -0.313695 0.535642 -0.098694 -0.313695 0.000000 0.000000 0.000000 -1.000000 1 8.253846318e-06 1.933006570e-05
123 0.470114 -0.079002 -0.313695 0.535642 -0.098694 -0.313695 0.000000 0.000000 0.000000 -1.000000 1 8.268980309e-06 1.925905235e-05
123 0.468008 -0.078529 -0.313695 0.535642 -0.098694 -0.313695 0.000000 0.000000 0.000000 -1.000000 1 8.219154552e-06 1.917500049e-05
123 0.465794 -0.078121 -0.313695 0.535642 -0.098694 -0.313695 0.000000 0.000000 0.000000 -1.000000 1 8.231960237e-06 1.940107904e-05
123 0.463451 -0.077756 -0.313695 0.535642 -0.098694 -0.313695 0.000000 0.000000 0.000000 -1.000000 1 5.301088095e-06 1.212698407e-05
123 0.461004 -0.077425 -0.313695 0.535642 -0.098694 -0.313695 0.000000 0.000000 0.000000 -1.000000 1 3.901077434e-06 8.880859241e-06
123 0.458515 -0.077122 -0.313695 0.535642 -0.098694 -0.313695 0.000000 0.000000 0.000000 -1.000000 1 8.322065696e-06 1.964299008e-05
123 0.456075 -0.076842 -0.313695 0.535642 -0.098694 -0.313695 0.000000 0.000000 0.000000 -1.000000 1 2.024928108e-06 4.751142114e-06
123 0.453778 -0.076580 -0.313695 0.535642 -0.098694 -0.313695 0.000000 0.000000 0.000000 -1.000000 1 7.867813110e-06 1.799897291e-05
123 0.451681 -0.076329 -0.313695 0.535642 -0.098694 -0.313695 0.000000 0.000000 0.000000 -1.000000 1 1.827999949e-05 4.829606041e-05
123 0.449777 -0.076069 -0.313695 0.535642 -0.098694 -0.313695 0.000000 0.000000 0.000000 -1.000000 1 1.231883653e-05 2.958392724e-05
123 0.448002 -0.075787 -0.313695 0.535642 -0.098694 -0.313695 0.000000 0.000000 0.000000 -1.000000 1 8.479924873e-06 1.975311898e-05
123 0.446248 -0.075500 -0.313695 0.535642 -0.098694 -0.313695 0.000000 0.000000 0.000000 -1.000000 1 8.417991921e-06 1.929793507e-05
123 0.444430 -0.075214 -0.313695 0.535642 -0.098694 -0.313695 0.000000 0.000000 0.000000 -1.000000 1 8.398899809e-06 1.936079934e-05
123 0.442506 -0.074939 -0.313695 0.535642 -0.098694 -0.313695 0.000000 0.000000 0.000000 -1.000000 1 8.332077414e-06 1.912005246e-05
123 0.440459 -0.074681 -0.313695 0.535642 -0.098694 -0.313695 0.000000 0.000000 0.000000 -1.000000 1 8.303904906e-06 1.927907579e-05
123 0.438305 -0.074446 -0.313695 0.535642 -0.098694 -0.313695 0.000000 0.000000 0.000000 -1.000000 1 8.272007108e-06 1.922901720e-05
123 0.436100 -0.074225 -0.313695 0.535642 -0.098694 -0.313695 0.000000 0.000000 0.000000 -1.000000 1 7.801922038e-06 1.939502545e-05
123 0.433933 -0.073997 -0.313695 0.535642 -0.098694 -0.313695 0.000000 0.000000 0.000000 -1.000000 1 8.331844583e-06 1.935102046e-05
124 0.435043 -0.060665 -0.291348 0.537318 -0.085263 -0.291348 0.000000 0.000000 0.000000 -1.000000 1 8.255941793e-06 1.932703890e-05
124 0.433119 -0.060349 -0.291348 0.537318 -0.085263 -0.291348 0.000000 0.000000 0.000000 -1.000000 1 1.219799742e-05 2.941000275e-05
124 0.431177 -0.059980 -0.291348 0.537318 -0.085263 -0.291348 0.000000 0.000000 0.000000 -1.000000 1 1.274398528e-05 3.051687963e-05
124 0.429123 -0.059583 -0.291348 0.537318 -0.085263 -0.291348 0.000000 0.000000 0.000000 -1.000000 1 8.284114301e-06 1.917895861e-05
124 0.426916 -0.059185 -0.291348 0.537318 -0.085263 -0.291348 0.000000 0.000000 0.000000 -1.000000 1 8.341856301e-06 1.944880933e-05
124 0.424551 -0.058809 -0.291348 0.537318 -0.085263 -0.291348 0.000000 0.000000 0.000000 -1.000000 1 8.455943316e-06 1.943786629e-05
124 0.422089 -0.058441 -0.291348 0.537318 -0.085263 -0.291348 0.000000 0.000000 0.000000 -1.000000 1 1.210812479e-05 2.907798626e-05
124 0.419599 -0.058061 -0.291348 0.537318 -0.085263 -0.291348 0.000000 0.000000 0.000000 -1.000000 1 1.666718163e-05 3.943894990e-05
124 0.417161 -0.057676 -0.291348 0.537318 -0.085263 -0.291348 0.000000 0.000000 0.000000 -1.000000 1 8.307863027e-06 1.912191510e-05
124 0.414861 -0.057302 -0.291348 0.537318 -0.085263 -0.291348 0.000000 0.000000 0.000000 -1.000000 1 8.477130905e-06 1.950701699e-05
124 0.412752 -0.056957 -0.291348 0.537318 -0.085263 -0.291348 0.000000 0.000000 0.000000 -1.000000 1 8.228002116e-06 1.932284795e-05
124 0.410810 -0.056660 -0.291348 0.537318 -0.085263 -0.291348 0.000000 0.000000 0.000000 -1.000000 1 8.333940059e-06 1.930212602e-05
124 0.408934 -0.056426 -0.291348 0.537318 -0.085263 -0.291348 0.000000 0.000000 0.000000 -1.000000 1 8.266884834e-06 1.912587322e-05
124 0.407025 -0.056230 -0.291348 0.537318 -0.085263 -0.291348 0.000000 0.000000 0.000000 -1.000000 1 8.350936696e-06 1.935404725e-05
124 0.405052 -0.056039 -0.291348 0.537318 -0.085263 -0.291348 0.000000 0.000000 0.000000 -1.000000 1 9.023817256e-06 2.034218051e-05
124 0.402976 -0.055864 -0.291348 0.537318 -0.085263 -0.291348 0.000000 0.000000 0.000000 -1.000000 1 8.361181244e-06 1.942599192e-05
124 0.400779 -0.055694 -0.291348 0.537318 -0.085263 -0.291348 0.000000 0.000000 0.000000 -1.000000 1 8.272007108e-06 1.934403554e-05
124 0.398467 -0.055495 -0.291348 0.537318 -0.085263 -0.291348 0.000000 0.000000 0.000000 -1.000000 1 8.455943316e-06 1.948187128e-05
124 0.396095 -0.055240 -0.291348 0.537318 -0.085263 -0.291348 0.000000 0.000000 0.000000 -1.000000 1 8.359085768e-06 1.943088137e-05
124 0.393748 -0.054925 -0.291348 0.537318 -0.085263 -0.291348 0.000000 0.000000 0.000000 -1.000000 1 8.560018614e-06 2.007698640e-05
125 0.390668 -0.058713 -0.325567 0.528675 -0.087787 -0.325567 0.000000 0.000000 0.000000 -1.000000 1 7.278984413e-06 1.682899892e-05
125 0.388667 -0.058311 -0.325567 0.528675 -0.087787 -0.325567 0.000000 0.000000 0.000000 -1.000000 1 9.092036635e-06 2.119410783e-05
125 0.386756 -0.057959 -0.325567 0.528675 -0.087787 -0.325567 0.000000 0.000000 0.000000 -1.000000 1 7.868977264e-06 1.807720400e-05
125 0.384844 -0.057737 -0.325567 0.528675 -0.087787 -0.325567 0.000000 0.000000 0.000000 -1.000000 1 8.509028703e-06 1.972517930e-05
125 0.382853 -0.057625 -0.325567 0.528675 -0.087787 -0.325567 0.000000 0.000000 0.000000 -1.000000 1 1.015397720e-05 2.328003757e-05
125 0.380747 -0.057606 -0.325567 0.528675 -0.087787 -0.325567 0.000000 0.000000 0.000000 -1.000000 1 7.821014151e-06 1.798500307e-05
125 0.378537 -0.057658 -0.325567 0.528675 -0.087787 -0.325567 0.000000 0.000000 0.000000 -1.000000 1 8.828006685e-06 1.990003511e-05
125 0.376276 -0.057753 -0.325567 0.528675 -0.087787 -0.325567 0.000000 0.000000 0.000000 -1.000000 1 8.286908269e-06 1.935590990e-05
125 0.374044 -0.057849 -0.325567 0.528675 -0.087787 -0.325567 0.000000 0.000000 0.000000 -1.000000 1 8.267816156e-06 1.941714436e-05
125 0.371927 -0.057907 -0.325567 0.528675 -0.087787 -0.325567 0.000000 0.000000 0.000000 -1.000000 1 7.945811376e-06 1.843599603e-05
125 0.369979 -0.057904 -0.325567 0.528675 -0.087787 -0.325567 0.000000 0.000000 0.000000 -1.000000 1 7.744878531e-06 1.804693602e-05
125 0.368196 -0.057833 -0.325567 0.528675 -0.087787 -0.325567 0.000000 0.000000 0.000000 -1.000000 1 8.531846106e-06 1.955684274e-05
125 0.366524 -0.057684 -0.325567 0.528675 -0.087787 -0.325567 0.000000 0.000000 0.000000 -1.000000 1 7.740920410e-06 1.811212860e-05
125 0.364874 -0.057496 -0.325567 0.528675 -0.087787 -0.325567 0.000000 0.000000 0.000000 -1.000000 1 8.430099115e-06 1.942296512e-05
125 0.363165 -0.057317 -0.325567 0.528675 -0.087787 -0.325567 0.000000 0.000000 0.000000 -1.000000 1 8.390052244e-06 1.947395504e-05
125 0.361350 -0.057184 -0.325567 0.528675 -0.087787 -0.325567 0.000000 0.000000 0.000000 -1.000000 1 8.398201317e-06 1.937407069e-05
125 0.359416 -0.057124 -0.325567 0.528675 -0.087787 -0.325567 0.000000 0.000000 0.000000 -1.000000 1 7.916009054e-06 2.165883780e-05
125 0.357377 -0.057144 -0.325567 0.528675 -0.087787 -0.325567 0.000000 0.000000 0.000000 -1.000000 1 7.769092917e-06 1.811212860e-05
125 0.355283 -0.057218 -0.325567 0.528675 -0.087787 -0.325567 0.000000 0.000000 0.000000 -1.000000 1 8.320901543e-06 1.937407069e-05
125 0.353211 -0.057293 -0.325567 0.528675 -0.087787 -0.325567 0.000000 0.000000 0.000000 -1.000000 1 7.830094546e-06 1.809396781e-05
126 0.349780 -0.065857 -0.334159 0.539310 -0.098390 -0.334159 0.000000 0.000000 0.000000 -1.000000 1 8.417991921e-06 1.961109228e-05
126 0.347928 -0.065832 -0.334159 0.539310 -0.098390 -0.334159 0.000000 0.000000 0.000000 -1.000000 1 1.334794797e-05 3.306497820e-05
126 0.346044 -0.065735 -0.334159 0.539310 -0.098390 -0.334159 0.000000 0.000000 0.000000 -1.000000 1 6.294110790e-06 1.524598338e-05
126 0.344062 -0.065618 -0.334159 0.539310 -0.098390 -0.334159 0.000000 0.000000 0.000000 -1.000000 1 4.034955055e-06 9.506940842e-06
126 0.341987 -0.065546 -0.334159 0.539310 -0.098390 -0.334159 0.000000 0.000000 0.000000 -1.000000 1 2.044020221e-06 4.708068445e-06
126 0.339853 -0.065513 -0.334159 0.539310 -0.098390 -0.334159 0.000000 0.000000 0.000000 -1.000000 1 1.270393841e-05 3.027915955e-05
126 0.337666 -0.065505 -0.334159 0.539310 -0.098390 -0.334159 0.000000 0.000000 0.000000 -1.000000 1 8.417060599e-06 1.975195482e-05
126 0.335461 -0.065518 -0.334159 0.539310 -0.098390 -0.334159 0.000000 0.000000 0.000000 -1.000000 1 8.415896446e-06 1.941202208e-05
126 0.333302 -0.065543 -0.334159 0.539310 -0.098390 -0.334159 0.000000 0.000000 0.000000 -1.000000 1 8.451985195e-06 1.983996481e-05
126 0.331264 -0.065573 -0.334159 0.539310 -0.098390 -0.334159 0.000000 0.000000 0.000000 -1.000000 1 8.527887985e-06 1.950119622e-05
126 0.329398 -0.065605 -0.334159 0.539310 -0.098390 -0.334159 0.000000 0.000000 0.000000 -1.000000 1 8.261995390e-06 1.909607090e-05
126 0.327689 -0.065661 -0.334159 0.539310 -0.098390 -0.334159 0.000000 0.000000 0.000000 -1.000000 1 8.385162801e-06 1.948000863e-05
126 0.326063 -0.065798 -0.334159 0.539310 -0.098390 -0.334159 0.000000 0.000000 0.000000 -1.000000 1 8.304836228e-06 1.922505908e-05
126 0.324427 -0.066023 -0.334159 0.539310 -0.098390 -0.334159 0.000000 0.000000 0.000000 -1.000000 1 8.783070371e-06 1.989817247e-05
126 0.322729 -0.066305 -0.334159 0.539310 -0.098390 -0.334159 0.000000 0.000000 0.000000 -1.000000 1 8.220085874e-06 1.912098378e-05
126 0.320952 -0.066633 -0.334159 0.539310 -0.098390 -0.334159 0.000000 0.000000 0.000000 -1.000000 1 8.394941688e-06 1.934613101e-05
126 0.319087 -0.066997 -0.334159 0.539310 -0.098390 -0.334159 0.000000 0.000000 0.000000 -1.000000 1 8.286908269e-06 1.920107752e-05
126 0.317135 -0.067340 -0.334159 0.539310 -0.098390 -0.334159 0.000000 0.000000 0.000000 -1.000000 1 7.743015885e-06 1.795403659e-05
126 0.315131 -0.067591 -0.334159 0.539310 -0.098390 -0.334159 0.000000 0.000000 0.000000 -1.000000 1 1.556193456e-05 3.675697371e-05
126 0.313144 -0.067715 -0.334159 0.539310 -0.098390 -0.334159 0.000000 0.000000 0.000000 -1.000000 1 8.173054084e-06 1.847301610e-05
127 0.310590 -0.072606 -0.347308 0.555165 -0.105509 -0.347308 0.000000 0.000000 0.000000 -1.000000 1 7.868045941e-06 2.013915218e-05
127 0.308806 -0.072497 -0.347308 0.555165 -0.105509 -0.347308 0.000000 0.000000 0.000000 -1.000000 1 8.143018931e-06 1.851003617e-05
127 0.307088 -0.072398 -0.347308 0.555165 -0.105509 -0.347308 0.000000 0.000000 0.000000 -1.000000 1 8.310889825e-06 1.921900548e-05
127 0.305387 -0.072409 -0.347308 0.555165 -0.105509 -0.347308 0.000000 0.000000 0.000000 -1.000000 1 8.288072422e-06 1.936592162e-05
127 0.303649 -0.072582 -0.347308 0.555165 -0.105509 -0.347308 0.000000 0.000000 0.000000 -1.000000 1 8.689006791e-06 2.012797631e-05
127 0.301849 -0.072938 -0.347308 0.555165 -0.105509 -0.347308 0.000000 0.000000 0.000000 -1.000000 1 8.329050615e-06 1.915311441e-05
127 0.299994 -0.073457 -0.347308 0.555165 -0.105509 -0.347308 0.000000 0.000000 0.000000 -1.000000 1 8.274801075e-06 2.986984327e-05
127 0.298121 -0.074070 -0.347308 0.555165 -0.105509 -0.347308 0.000000 0.000000 0.000000 -1.000000 1 7.678056136e-06 1.756194979e-05
127 0.296283 -0.074678 -0.347308 0.555165 -0.105509 -0.347308 0.000000 0.000000 0.000000 -1.000000 1 8.044997230e-06 1.802295446e-05
127 0.294538 -0.075180 -0.347308 0.555165 -0.105509 -0.347308 0.000000 0.000000 0.000000 -1.000000 1 8.348841220e-06 1.891702414e-05
127 0.292924 -0.075528 -0.347308 0.555165 -0.105509 -0.347308 0.000000 0.000000 0.000000 -1.000000 1 1.043104567e-05 2.359389327e-05
127 0.291439 -0.075727 -0.347308 0.555165 -0.105509 -0.347308 0.000000 0.000000 0.000000 -1.000000 1 8.217990398e-06 1.876102760e-05
127 0.290039 -0.075790 -0.347308 0.555165 -0.105509 -0.347308 0.000000 0.000000 0.000000 -1.000000 1 8.351868019e-06 1.889001578e-05
127 0.288654 -0.075797 -0.347308 0.555165 -0.105509 -0.347308 0.000000 0.000000 0.000000 -1.000000 1 7.784925401e-06 1.774984412e-05
127 0.287228 -0.075848 -0.347308 0.555165 -0.105509 -0.347308 0.000000 0.000000 0.000000 -1.000000 1 8.359085768e-06 1.903809607e-05
127 0.285729 -0.076023 -0.347308 0.555165 -0.105509 -0.347308 0.000000 0.000000 0.000000 -1.000000 1 1.559383236e-05 3.650807776e-05
127 0.284151 -0.076365 -0.347308 0.555165 -0.105509 -0.347308 0.000000 0.000000 0.000000 -1.000000 1 8.333008736e-06 1.894496381e-05
127 0.282508 -0.076868 -0.347308 0.555165 -0.105509 -0.347308 0.000000 0.000000 0.000000 -1.000000 1 8.451053873e-06 1.903017983e-05
127 0.280833 -0.077466 -0.347308 0.555165 -0.105509 -0.347308 0.000000 0.000000 0.000000 -1.000000 1 8.304836228e-06 1.907604747e-05
127 0.279178 -0.078055 -0.347308 0.555165 -0.105509 -0.347308 0.000000 0.000000 0.000000 -1.000000 1 8.384929970e-06 1.911912113e-05
128 0.276402 -0.090934 -0.351265 0.591863 -0.121596 -0.351265 0.000000 0.000000 0.000000 -1.000000 1 8.312053978e-06 1.891492866e-05
128 0.274913 -0.091293 -0.351265 0.591863 -0.121596 -0.351265 0.000000 0.000000 0.000000 -1.000000 1 8.255941793e-06 1.887115650e-05
128 0.273361 -0.091510 -0.351265 0.591863 -0.121596 -0.351265 0.000000 0.000000 0.000000 -1.000000 1 1.268903725e-05 3.015692346e-05
128 0.271705 -0.091681 -0.351265 0.591863 -0.121596 -0.351265 0.000000 0.000000 0.000000 -1.000000 1 1.218402758e-05 2.873712219e-05
128 0.269964 -0.091917 -0.351265 0.591863 -0.121596 -0.351265 0.000000 0.000000 0.000000 -1.000000 1 1.232582144e-05 2.889102325e-05
128 0.268200 -0.092241 -0.351265 0.591863 -0.121596 -0.351265 0.000000 0.000000 0.000000 -1.000000 1 1.220195554e-05 2.764584497e-05
128 0.266426 -0.092638 -0.351265 0.591863 -0.121596 -0.351265 0.000000 0.000000 0.000000 -1.000000 1 1.140101813e-05 2.673291601e-05
128 0.264666 -0.093109 -0.351265 0.591863 -0.121596 -0.351265 0.000000 0.000000 0.000000 -1.000000 1 1.186388545e-05 2.776691690e-05
128 0.262965 -0.093626 -0.351265 0.591863 -0.121596 -0.351265 0.000000 0.000000 0.000000 -1.000000 1 1.138495281e-05 2.676295117e-05
128 0.261376 -0.094143 -0.351265 0.591863 -0.121596 -0.351265 0.000000 0.000000 0.000000 -1.000000 1 1.301686279e-05 3.058696166e-05
128 0.259931 -0.094620 -0.351265 0.591863 -0.121596 -0.351265 0.000000 0.000000 0.000000 -1.000000 1 1.157703809e-05 2.712104470e-05
128 0.258621 -0.095084 -0.351265 0.591863 -0.121596 -0.351265 0.000000 0.000000 0.000000 -1.000000 1 1.227809116e-05 2.897181548e-05
128 0.257406 -0.095661 -0.351265 0.591863 -0.121596 -0.351265 0.000000 0.000000 0.000000 -1.000000 1 1.551397145e-05 3.897794522e-05
128 0.256217 -0.096423 -0.351265 0.591863 -0.121596 -0.351265 0.000000 0.000000 0.000000 -1.000000 1 8.323928341e-06 1.887511462e-05
128 0.255009 -0.097361 -0.351265 0.591863 -0.121596 -0.351265 0.000000 0.000000 0.000000 -1.000000 1 8.207978681e-06 1.880014315e-05
128 0.253763 -0.098448 -0.351265 0.591863 -0.121596 -0.351265 0.000000 0.000000 0.000000 -1.000000 1 7.759081200e-06 1.755799167e-05
128 0.252469 -0.099635 -0.351265 0.591863 -0.121596 -0.351265 0.000000 0.000000 0.000000 -1.000000 1 8.379807696e-06 1.878011972e-05
128 0.251106 -0.100825 -0.351265 0.591863 -0.121596 -0.351265 0.000000 0.000000 0.000000 -1.000000 1 8.194940165e-06 1.899385825e-05
128 0.249676 -0.101885 -0.351265 0.591863 -0.121596 -0.351265 0.000000 0.000000 0.000000 -1.000000 1 3.915978596e-06 9.125098586e-06
128 0.248217 -0.102728 -0.351265 0.591863 -0.121596 -0.351265 0.000000 0.000000 0.000000 -1.000000 1 1.371698454e-05 3.238185309e-05
129 0.246829 -0.102521 -0.350663 0.639130 -0.123294 -0.350663 0.000000 0.000000 0.000000 -1.000000 1 4.027038813e-06 9.458046407e-06
129 0.245438 -0.102986 -0.350663 0.639130 -0.123294 -0.350663 0.000000 0.000000 0.000000 -1.000000 1 1.297402196e-05 2.975598909e-05
129 0.244107 -0.103498 -0.350663 0.639130 -0.123294 -0.350663 0.000000 0.000000 0.000000 -1.000000 1 1.228810288e-05 2.910196781e-05
129 0.242832 -0.104217 -0.350663 0.639130 -0.123294 -0.350663 0.000000 0.000000 0.000000 -1.000000 1 1.225783490e-05 2.895598300e-05
129 0.241590 -0.105220 -0.350663 0.639130 -0.123294 -0.350663 0.000000 0.000000 0.000000 -1.000000 1 1.054792665e-05 2.385582775e-05
129 0.240367 -0.106527 -0.350663 0.639130 -0.123294 -0.350663 0.000000 0.000000 0.000000 -1.000000 1 8.342089131e-06 1.878407784e-05
129 0.239160 -0.108074 -0.350663 0.639130 -0.123294 -0.350663 0.000000 0.000000 0.000000 -1.000000 1 1.235399395e-05 2.917181700e-05
129 0.237972 -0.109723 -0.350663 0.639130 -0.123294 -0.350663 0.000000 0.000000 0.000000 -1.000000 1 1.160707325e-05 2.135313116e-05
129 0.236812 -0.111295 -0.350663 0.639130 -0.123294 -0.350663 0.000000 0.000000 0.000000 -1.000000 1 7.684109733e-06 1.762900501e-05
129 0.235688 -0.112626 -0.350663 0.639130 -0.123294 -0.350663 0.000000 0.000000 0.000000 -1.000000 1 1.567089930e-05 3.903987817e-05
129 0.234613 -0.113634 -0.350663 0.639130 -0.123294 -0.350663 0.000000 0.000000 0.000000 -1.000000 1 8.384929970e-06 1.893797889e-05
129 0.233592 -0.114351 -0.350663 0.639130 -0.123294 -0.350663 0.000000 0.000000 0.000000 -1.000000 1 7.797963917e-06 1.771189272e-05
129 0.232606 -0.114848 -0.350663 0.639130 -0.123294 -0.350663 0.000000 0.000000 0.000000 -1.000000 1 7.785856724e-06 1.778500155e-05
129 0.231624 -0.115260 -0.350663 0.639130 -0.123294 -0.350663 0.000000 0.000000 0.000000 -1.000000 1 8.251052350e-06 1.896405593e-05
129 0.230629 -0.115761 -0.350663 0.639130 -0.123294 -0.350663 0.000000 0.000000 0.000000 -1.000000 1 8.385861292e-06 1.898920164e-05
129 0.229621 -0.116474 -0.350663 0.639130 -0.123294 -0.350663 0.000000 0.000000 0.000000 -1.000000 1 8.502975106e-06 1.914892346e-05
129 0.228605 -0.117449 -0.350663 0.639130 -0.123294 -0.350663 0.000000 0.000000 0.000000 -1.000000 1 8.374918252e-06 1.912284642e-05
129 0.227584 -0.118644 -0.350663 0.639130 -0.123294 -0.350663 0.000000 0.000000 0.000000 -1.000000 1 8.386094123e-06 1.890887506e-05
129 0.226557 -0.119938 -0.350663 0.639130 -0.123294 -0.350663 0.000000 0.000000 0.000000 -1.000000 1 7.712049410e-06 1.745088957e-05
129 0.225526 -0.121125 -0.350663 0.639130 -0.123294 -0.350663 0.000000 0.000000 0.000000 -1.000000 1 8.303904906e-06 1.887278631e-05
130 0.224499 -0.121527 -0.333276 0.706924 -0.123035 -0.333276 0.000000 0.000000 0.000000 -1.000000 1 7.814960554e-06 1.789699309e-05
130 0.223431 -0.122112 -0.333276 0.706924 -0.123035 -0.333276 0.000000 0.000000 0.000000 -1.000000 1 8.074799553e-06 1.844717190e-05
130 0.222245 -0.122455 -0.333276 0.706924 -0.123035 -0.333276 0.000000 0.000000 0.000000 -1.000000 1 7.927883416e-06 1.770001836e-05
130 0.220930 -0.122705 -0.333276 0.706924 -0.123035 -0.333276 0.000000 0.000000 0.000000 -1.000000 1 8.392846212e-06 1.897290349e-05
130 0.219513 -0.123002 -0.333276 0.706924 -0.123035 -0.333276 0.000000 0.000000 0.000000 -1.000000 1 8.439878002e-06 1.907697879e-05
130 0.218088 -0.123476 -0.333276 0.706924 -0.123035 -0.333276 0.000000 0.000000 0.000000 -1.000000 1 8.546980098e-06 1.908186823e-05
130 0.216699 -0.124122 -0.333276 0.706924 -0.123035 -0.333276 0.000000 0.000000 0.000000 -1.000000 1 1.883786172e-05 5.279621109e-05
130 0.215370 -0.124943 -0.333276 0.706924 -0.123035 -0.333276 0.000000 0.000000 0.000000 -1.000000 1 7.797032595e-06 1.791608520e-05
130 0.214125 -0.125882 -0.333276 0.706924 -0.123035 -0.333276 0.000000 0.000000 0.000000 -1.000000 1 8.410075679e-06 1.916103065e-05
130 0.212985 -0.126839 -0.333276 0.706924 -0.123035 -0.333276 0.000000 0.000000 0.000000 -1.000000 1 7.826834917e-06 1.770001836e-05
130 0.211960 -0.127729 -0.333276 0.706924 -0.123035 -0.333276 0.000000 0.000000 0.000000 -1.000000 1 7.773982361e-06 1.762388274e-05
130 0.211049 -0.128590 -0.333276 0.706924 -0.123035 -0.333276 0.000000 0.000000 0.000000 -1.000000 1 8.307164535e-06 1.885904931e-05
130 0.210257 -0.129629 -0.333276 0.706924 -0.123035 -0.333276 0.000000 0.000000 0.000000 -1.000000 1 1.183012500e-05 2.742907964e-05
130 0.209560 -0.130998 -0.333276 0.706924 -0.123035 -0.333276 0.000000 0.000000 0.000000 -1.000000 1 1.285108738e-05 2.960697748e-05
130 0.208926 -0.132701 -0.333276 0.706924 -0.123035 -0.333276 0.000000 0.000000 0.000000 -1.000000 1 1.146504655e-05 2.701091580e-05
130 0.208335 -0.134688 -0.333276 0.706924 -0.123035 -0.333276 0.000000 0.000000 0.000000 -1.000000 1 7.797032595e-06 1.777196303e-05
130 0.207756 -0.136877 -0.333276 0.706924 -0.123035 -0.333276 0.000000 0.000000 0.000000 -1.000000 1 8.567003533e-06 1.920503564e-05
130 0.207145 -0.139133 -0.333276 0.706924 -0.123035 -0.333276 0.000000 0.000000 0.000000 -1.000000 1 8.342089131e-06 1.890491694e-05
130 0.206459 -0.141255 -0.333276 0.706924 -0.123035 -0.333276 0.000000 0.000000 0.000000 -1.000000 1 1.491187140e-05 3.419700079e-05
130 0.205693 -0.143085 -0.333276 0.706924 -0.123035 -0.333276 0.000000 0.000000 0.000000 -1.000000 1 1.303502358e-05 3.013317473e-05
131 0.204563 -0.137224 -0.340679 0.776620 -0.112720 -0.340679 0.000000 0.000000 0.000000 -1.000000 1 1.273280941e-05 2.932106145e-05
131 0.203743 -0.138561 -0.340679 0.776620 -0.112720 -0.340679 0.000000 0.000000 0.000000 -1.000000 1 1.227809116e-05 2.882210538e-05
131 0.202984 -0.139955 -0.340679 0.776620 -0.112720 -0.340679 0.000000 0.000000 0.000000 -1.000000 1 1.158518717e-05 2.710404806e-05
131 0.202328 -0.141639 -0.340679 0.776620 -0.112720 -0.340679 0.000000 0.000000 0.000000 -1.000000 1 1.723086461e-05 4.126899876e-05
131 0.201798 -0.143730 -0.340679 0.776620 -0.112720 -0.340679 0.000000 0.000000 0.000000 -1.000000 1 7.657101378e-06 1.748790964e-05
131 0.201397 -0.146236 -0.340679 0.776620 -0.112720 -0.340679 0.000000 0.000000 0.000000 -1.000000 1 8.451053873e-06 1.917011105e-05
131 0.201105 -0.149044 -0.340679 0.776620 -0.112720 -0.340679 0.000000 0.000000 0.000000 -1.000000 1 8.258968592e-06 1.873890869e-05
131 0.200877 -0.151942 -0.340679 0.776620 -0.112720 -0.340679 0.000000 0.000000 0.000000 -1.000000 1 8.306000382e-06 1.912587322e-05
131 0.200653 -0.154664 -0.340679 0.776620 -0.112720 -0.340679 0.000000 0.000000 0.000000 -1.000000 1 7.644062862e-06 1.749885269e-05
131 0.200377 -0.156977 -0.340679 0.776620 -0.112720 -0.340679 0.000000 0.000000 0.000000 -1.000000 1 8.270842955e-06 1.888908446e-05
131 0.200023 -0.158776 -0.340679 0.776620 -0.112720 -0.340679 0.000000 0.000000 0.000000 -1.000000 1 1.285295002e-05 3.006402403e-05
131 0.199604 -0.160111 -0.340679 0.776620 -0.112720 -0.340679 0.000000 0.000000 0.000000 -1.000000 1 1.150090247e-05 2.696202137e-05
131 0.199140 -0.161118 -0.340679 0.776620 -0.112720 -0.340679 0.000000 0.000000 0.000000 -1.000000 1 1.200381666e-05 2.874899656e-05
131 0.198672 -0.162037 -0.340679 0.776620 -0.112720 -0.340679 0.000000 0.000000 0.000000 -1.000000 1 3.907131031e-06 9.278999642e-06
131 0.198242 -0.163102 -0.340679 0.776620 -0.112720 -0.340679 0.000000 0.000000 0.000000 -1.000000 1 1.214398071e-05 2.847402357e-05
131 0.197882 -0.164459 -0.340679 0.776620 -0.112720 -0.340679 0.000000 0.000000 0.000000 -1.000000 1 4.324130714e-06 1.005991362e-05
131 0.197602 -0.166143 -0.340679 0.776620 -0.112720 -0.340679 0.000000 0.000000 0.000000 -1.000000 1 3.907131031e-06 9.123003110e-06
131 0.197373 -0.168062 -0.340679 0.776620 -0.112720 -0.340679 0.000000 0.000000 0.000000 -1.000000 1 1.250999048e-05 2.906704322e-05
131 0.197134 -0.170015 -0.340679 0.776620 -0.112720 -0.340679 0.000000 0.000000 0.000000 -1.000000 1 1.221103594e-05 2.878298983e-05
131 0.196659 -0.171316 -0.340679 0.776620 -0.112720 -0.340679 0.000000 0.000000 0.000000 -1.000000 1 1.290114596e-05 2.998299897e-05
132 0.194655 -0.159147 -0.315613 0.865736 -0.090680 -0.315613 0.000000 0.000000 0.000000 -1.000000 1 1.897290349e-05 4.820711911e-05
132 0.193786 -0.159345 -0.315613 0.865736 -0.090680 -0.315613 0.000000 0.000000 0.000000 -1.000000 1 1.237588003e-05 2.914504148e-05
132 0.192745 -0.159270 -0.315613 0.865736 -0.090680 -0.315613 0.000000 0.000000 0.000000 -1.000000 1 1.236703247e-05 2.914993092e-05
132 0.191560 -0.159120 -0.315613 0.865736 -0.090680 -0.315613 0.000000 0.000000 0.000000 -1.000000 1 9.207986295e-06 2.058688551e-05
132 0.190279 -0.159047 -0.315613 0.865736 -0.090680 -0.315613 0.000000 0.000000 0.000000 -1.000000 1 8.394010365e-06 1.893099397e-05
132 0.189010 -0.159260 -0.315613 0.865736 -0.090680 -0.315613 0.000000 0.000000 0.000000 -1.000000 1 8.358154446e-06 1.890980639e-05
132 0.187868 -0.159869 -0.315613 0.865736 -0.090680 -0.315613 0.000000 0.000000 0.000000 -1.000000 1 8.377945051e-06 1.883483492e-05
132 0.186849 -0.160761 -0.315613 0.865736 -0.090680 -0.315613 0.000000 0.000000 0.000000 -1.000000 1 1.896708272e-05 3.662216477e-05
132 0.185953 -0.161845 -0.315613 0.865736 -0.090680 -0.315613 0.000000 0.000000 0.000000 -1.000000 1 1.644878648e-05 3.798096441e-05
132 0.185176 -0.163001 -0.315613 0.865736 -0.090680 -0.315613 0.000000 0.000000 0.000000 -1.000000 1 8.538132533e-06 2.938811667e-05
132 0.184510 -0.164128 -0.315613 0.865736 -0.090680 -0.315613 0.000000 0.000000 0.000000 -1.000000 1 8.367933333e-06 1.891097054e-05
132 0.183961 -0.165262 -0.315613 0.865736 -0.090680 -0.315613 0.000000 0.000000 0.000000 -1.000000 1 8.355127648e-06 1.898314804e-05
132 0.183602 -0.166703 -0.315613 0.865736 -0.090680 -0.315613 0.000000 0.000000 0.000000 -1.000000 1 8.516944945e-06 1.923483796e-05
132 0.183459 -0.168670 -0.315613 0.865736 -0.090680 -0.315613 0.000000 0.000000 0.000000 -1.000000 1 8.480856195e-06 2.019805834e-05
132 0.183516 -0.171177 -0.315613 0.865736 -0.090680 -0.315613 0.000000 0.000000 0.000000 -1.000000 1 8.355127648e-06 1.954799518e-05
132 0.183743 -0.174157 -0.315613 0.865736 -0.090680 -0.315613 0.000000 0.000000 0.000000 -1.000000 1 9.158160537e-06 2.014799975e-05
132 0.184087 -0.177487 -0.315613 0.865736 -0.090680 -0.315613 0.000000 0.000000 0.000000 -1.000000 1 8.433125913e-06 1.962203532e-05
132 0.184486 -0.181027 -0.315613 0.865736 -0.090680 -0.315613 0.000000 0.000000 0.000000 -1.000000 1 1.116399653e-05 2.596992999e-05
132 0.184849 -0.184509 -0.315613 0.865736 -0.090680 -0.315613 0.000000 0.000000 0.000000 -1.000000 1 8.326023817e-06 1.948303543e-05
132 0.185107 -0.187687 -0.315613 0.865736 -0.090680 -0.315613 0.000000 0.000000 0.000000 -1.000000 1 8.566072211e-06 1.969118603e-05
133 0.184104 -0.182695 -0.348233 0.946133 -0.071048 -0.348233 0.000000 0.000000 0.000000 -1.000000 1 8.238013834e-06 1.941388473e-05
133 0.184152 -0.185253 -0.348233 0.946133 -0.071048 -0.348233 0.000000 0.000000 0.000000 -1.000000 1 8.306000382e-06 1.945416443e-05
133 0.184298 -0.187910 -0.348233 0.946133 -0.071048 -0.348233 0.000000 0.000000 0.000000 -1.000000 1 8.525094017e-06 1.986906864e-05
133 0.184656 -0.190952 -0.348233 0.946133 -0.071048 -0.348233 0.000000 0.000000 0.000000 -1.000000 1 8.266884834e-06 1.930817962e-05
133 0.185296 -0.194514 -0.348233 0.946133 -0.071048 -0.348233 0.000000 0.000000 0.000000 -1.000000 1 8.408911526e-06 1.942692325e-05
133 0.186229 -0.198578 -0.348233 0.946133 -0.071048 -0.348233 0.000000 0.000000 0.000000 -1.000000 1 8.319970220e-06 1.929979771e-05
133 0.187393 -0.202972 -0.348233 0.946133 -0.071048 -0.348233 0.000000 0.000000 0.000000 -1.000000 1 8.734874427e-06 1.968094148e-05
133 0.188661 -0.207402 -0.348233 0.946133 -0.071048 -0.348233 0.000000 0.000000 0.000000 -1.000000 1 8.293194696e-06 1.961784437e-05
133 0.189875 -0.211524 -0.348233 0.946133 -0.071048 -0.348233 0.000000 0.000000 0.000000 -1.000000 1 1.298217103e-05 2.397014759e-05
133 0.190892 -0.215054 -0.348233 0.946133 -0.071048 -0.348233 0.000000 0.000000 0.000000 -1.000000 1 1.445296220e-05 3.399397247e-05
133 0.191638 -0.217861 -0.348233 0.946133 -0.071048 -0.348233 0.000000 0.000000 0.000000 -1.000000 1 1.219916157e-05 2.944609150e-05
133 0.192136 -0.220028 -0.348233 0.946133 -0.071048 -0.348233 0.000000 0.000000 0.000000 -1.000000 1 1.178099774e-05 2.810894512e-05
133 0.192478 -0.221769 -0.348233 0.946133 -0.071048 -0.348233 0.000000 0.000000 0.000000 -1.000000 1 1.160800457e-05 2.799904905e-05
133 0.192799 -0.223409 -0.348233 0.946133 -0.071048 -0.348233 0.000000 0.000000 0.000000 -1.000000 1 1.226994209e-05 2.964492887e-05
133 0.193212 -0.225218 -0.348233 0.946133 -0.071048 -0.348233 0.000000 0.000000 0.000000 -1.000000 1 1.095305197e-05 2.578180283e-05
133 0.193794 -0.227363 -0.348233 0.946133 -0.071048 -0.348233 0.000000 0.000000 0.000000 -1.000000 1 8.414965123e-06 1.940899529e-05
133 0.194546 -0.229857 -0.348233 0.946133 -0.071048 -0.348233 0.000000 0.000000 0.000000 -1.000000 1 8.356058970e-06 1.945695840e-05
133 0.195387 -0.232558 -0.348233 0.946133 -0.071048 -0.348233 0.000000 0.000000 0.000000 -1.000000 1 8.285045624e-06 1.921691000e-05
133 0.196084 -0.235034 -0.348233 0.946133 -0.071048 -0.348233 0.000000 0.000000 0.000000 -1.000000 1 8.492032066e-06 1.979107037e-05
133 0.195965 -0.236093 -0.348233 0.946133 -0.071048 -0.348233 0.000000 0.000000 0.000000 -1.000000 1 8.519971743e-06 1.975707710e-05
134 0.189774 -0.211071 -0.313253 1.046035 -0.022643 -0.313253 0.000000 0.000000 0.000000 -1.000000 1 8.207047358e-06 1.932820305e-05
134 0.188790 -0.210632 -0.313253 1.046035 -0.022643 -0.313253 0.000000 0.000000 0.000000 -1.000000 1 8.374918252e-06 2.458714880e-05
134 0.187572 -0.209905 -0.313253 1.046035 -0.022643 -0.313253 0.000000 0.000000 0.000000 -1.000000 1 8.317874745e-06 1.950585283e-05
134 0.186194 -0.209097 -0.313253 1.046035 -0.022643 -0.313253 0.000000 0.000000 0.000000 -1.000000 1 8.955132216e-06 2.089911141e-05
134 0.184738 -0.208375 -0.313253 1.046035 -0.022643 -0.313253 0.000000 0.000000 0.000000 -1.000000 1 8.350005373e-06 1.933099702e-05
134 0.183289 -0.207869 -0.313253 1.046035 -0.022643 -0.313253 0.000000 0.000000 0.000000 -1.000000 1 8.380971849e-06 1.940084621e-05
134 0.182039 -0.207880 -0.313253 1.046035 -0.022643 -0.313253 0.000000 0.000000 0.000000 -1.000000 1 8.698087186e-06 1.992494799e-05
134 0.181078 -0.208446 -0.313253 1.046035 -0.022643 -0.313253 0.000000 0.000000 0.000000 -1.000000 1 8.461996913e-06 1.954799518e-05
134 0.180340 -0.209348 -0.313253 1.046035 -0.022643 -0.313253 0.000000 0.000000 0.000000 -1.000000 1 8.346047252e-06 1.941388473e-05
134 0.179774 -0.210412 -0.313253 1.046035 -0.022643 -0.313253 0.000000 0.000000 0.000000 -1.000000 1 8.482020348e-06 1.957803033e-05
134 0.179351 -0.211528 -0.313253 1.046035 -0.022643 -0.313253 0.000000 0.000000 0.000000 -1.000000 1 2.047047019e-06 4.750909284e-06
134 0.179092 -0.212736 -0.313253 1.046035 -0.022643 -0.313253 0.000000 0.000000 0.000000 -1.000000 1 1.022289507e-05 2.469494939e-05
134 0.179161 -0.214421 -0.313253 1.046035 -0.022643 -0.313253 0.000000 0.000000 0.000000 -1.000000 1 5.356036127e-06 1.267390326e-05
134 0.179664 -0.216879 -0.313253 1.046035 -0.022643 -0.313253 0.000000 0.000000 0.000000 -1.000000 1 1.279218122e-05 3.050500527e-05
134 0.180609 -0.220149 -0.313253 1.046035 -0.022643 -0.313253 0.000000 0.000000 0.000000 -1.000000 1 8.438946679e-06 1.945090480e-05
134 0.181937 -0.224117 -0.313253 1.046035 -0.022643 -0.313253 0.000000 0.000000 0.000000 -1.000000 1 8.488073945e-06 1.945509575e-05
134 0.183536 -0.228581 -0.313253 1.046035 -0.022643 -0.313253 0.000000 0.000000 0.000000 -1.000000 1 8.407048881e-06 1.924997196e-05
134 0.185352 -0.233436 -0.313253 1.046035 -0.022643 -0.313253 0.000000 0.000000 0.000000 -1.000000 1 8.372822776e-06 1.930817962e-05
134 0.187239 -0.238381 -0.313253 1.046035 -0.022643 -0.313253 0.000000 0.000000 0.000000 -1.000000 1 8.333008736e-06 1.921504736e-05
134 0.189050 -0.243085 -0.313253 1.046035 -0.022643 -0.313253 0.000000 0.000000 0.000000 -1.000000 1 8.624978364e-06 1.974590123e-05
135 0.191016 -0.248619 -0.380312 1.127145 -0.002792 -0.380312 0.000000 0.000000 0.000000 -1.000000 1 8.417060599e-06 2.423208207e-05
135 0.192546 -0.252692 -0.380312 1.127145 -0.002792 -0.380312 0.000000 0.000000 0.000000 -1.000000 1 8.703907952e-06 1.984811388e-05
135 0.194441 -0.257196 -0.380312 1.127145 -0.002792 -0.380312 0.000000 0.000000 0.000000 -1.000000 1 3.568129614e-06 8.334871382e-06
135 0.196906 -0.262365 -0.380312 1.127145 -0.002792 -0.380312 0.000000 0.000000 0.000000 -1.000000 1 8.586095646e-06 2.005789429e-05
135 0.199966 -0.268191 -0.380312 1.127145 -0.002792 -0.380312 0.000000 0.000000 0.000000 -1.000000 1 8.353032172e-06 1.937197521e-05
135 0.203550 -0.274536 -0.380312 1.127145 -0.002792 -0.380312 0.000000 0.000000 0.000000 -1.000000 1 7.797032595e-06 1.801992767e-05
135 0.207491 -0.281131 -0.380312 1.127145 -0.002792 -0.380312 0.000000 0.000000 0.000000 -1.000000 1 7.783994079e-06 1.812493429e-05
135 0.211523 -0.287598 -0.380312 1.127145 -0.002792 -0.380312 0.000000 0.000000 0.000000 -1.000000 1 8.244998753e-06 1.917383634e-05
135 0.215335 -0.293531 -0.380312 1.127145 -0.002792 -0.380312 0.000000 0.000000 0.000000 -1.000000 1 1.031695865e-05 2.550799400e-05
135 0.218751 -0.298722 -0.380312 1.127145 -0.002792 -0.380312 0.000000 0.000000 0.000000 -1.000000 1 8.352799341e-06 1.936615445e-05
135 0.220660 -0.300000 -0.380312 1.127145 -0.002792 -0.380312 0.000000 0.000000 0.000000 -1.000000 1 7.851049304e-06 1.801503822e-05
135 0.221865 -0.300000 -0.380312 1.127145 -0.002792 -0.380312 0.000000 0.000000 0.000000 -1.000000 1 8.298084140e-06 1.925998367e-05
135 0.222861 -0.300000 -0.380312 1.127145 -0.002792 -0.380312 0.000000 0.000000 0.000000 -1.000000 1 8.353032172e-06 1.953099854e-05
135 0.223791 -0.300000 -0.380312 1.127145 -0.002792 -0.380312 0.000000 0.000000 0.000000 -1.000000 1 8.462928236e-06 1.940480433e-05
135 0.224785 -0.300000 -0.380312 1.127145 -0.002792 -0.380312 0.000000 0.000000 0.000000 -1.000000 1 7.871072739e-06 1.807999797e-05
135 0.225912 -0.300000 -0.380312 1.127145 -0.002792 -0.380312 0.000000 0.000000 0.000000 -1.000000 1 8.592847735e-06 1.973309554e-05
135 0.227148 -0.300000 -0.380312 1.127145 -0.002792 -0.380312 0.000000 0.000000 0.000000 -1.000000 1 8.417060599e-06 1.937407069e-05
135 0.228379 -0.300000 -0.380312 1.127145 -0.002792 -0.380312 0.000000 0.000000 0.000000 -1.000000 1 8.326955140e-06 1.924904063e-05
135 0.229214 -0.300000 -0.380312 1.127145 -0.002792 -0.380312 0.000000 0.000000 0.000000 -1.000000 1 8.472008631e-06 1.949188299e-05
135 0.229072 -0.300000 -0.380312 1.127145 -0.002792 -0.380312 0.000000 0.000000 0.000000 -1.000000 1 7.971888408e-06 1.831003465e-05
136 0.222587 -0.284262 -0.311436 1.227527 0.085664 -0.311436 0.000000 0.000000 0.000000 -1.000000 1 1.371791586e-05 3.174296580e-05
136 0.221244 -0.283303 -0.311436 1.227527 0.085664 -0.311436 0.000000 0.000000 0.000000 -1.000000 1 1.239613630e-05 2.908310853e-05
136 0.219620 -0.282084 -0.311436 1.227527 0.085664 -0.311436 0.000000 0.000000 0.000000 -1.000000 1 1.138192602e-05 2.734898590e-05
136 0.217869 -0.280852 -0.311436 1.227527 0.085664 -0.311436 0.000000 0.000000 0.000000 -1.000000 1 1.162500121e-05 2.770987339e-05
136 0.216133 -0.279796 -0.311436 1.227527 0.085664 -0.311436 0.000000 0.000000 0.000000 -1.000000 1 8.953968063e-06 2.027698793e-05
136 0.214545 -0.279071 -0.311436 1.227527 0.085664 -0.311436 0.000000 0.000000 0.000000 -1.000000 1 1.181103289e-05 2.727797255e-05
136 0.213219 -0.278807 -0.311436 1.227527 0.085664 -0.311436 0.000000 0.000000 0.000000 -1.000000 1 5.091074854e-06 1.177098602e-05
136 0.212260 -0.279123 -0.311436 1.227527 0.085664 -0.311436 0.000000 0.000000 0.000000 -1.000000 1 8.370960131e-06 1.960387453e-05
136 0.211652 -0.279908 -0.311436 1.227527 0.085664 -0.311436 0.000000 0.000000 0.000000 -1.000000 1 8.404022083e-06 1.923087984e-05
136 0.211135 -0.280717 -0.311436 1.227527 0.085664 -0.311436 0.000000 0.000000 0.000000 -1.000000 1 8.352100849e-06 1.951400191e-05
136 0.210614 -0.281370 -0.311436 1.227527 0.085664 -0.311436 0.000000 0.000000 0.000000 -1.000000 1 7.906230167e-06 1.842807978e-05
136 0.210253 -0.282071 -0.311436 1.227527 0.085664 -0.311436 0.000000 0.000000 0.000000 -1.000000 1 8.041970432e-06 1.861085184e-05
136 0.210462 -0.283406 -0.311436 1.227527 0.085664 -0.311436 0.000000 0.000000 0.000000 -1.000000 1 8.584931493e-06 1.998897642e-05
136 0.211427 -0.285699 -0.311436 1.227527 0.085664 -0.311436 0.000000 0.000000 0.000000 -1.000000 1 8.194940165e-06 1.857010648e-05
136 0.213188 -0.289018 -0.311436 1.227527 0.085664 -0.311436 0.000000 0.000000 0.000000 -1.000000 1 8.637085557e-06 1.948513091e-05
136 0.215709 -0.293300 -0.311436 1.227527 0.085664 -0.311436 0.000000 0.000000 0.000000 -1.000000 1 7.989117876e-06 1.832190901e-05
136 0.218694 -0.298162 -0.311436 1.227527 0.085664 -0.311436 0.000000 0.000000 0.000000 -1.000000 1 7.922062650e-06 1.828093082e-05
136 0.220772 -0.300000 -0.311436 1.227527 0.085664 -0.311436 0.000000 0.000000 0.000000 -1.000000 1 9.065959603e-06 2.074684016e-05
136 0.222262 -0.300000 -0.311436 1.227527 0.085664 -0.311436 0.000000 0.000000 0.000000 -1.000000 1 7.795868441e-06 1.819408499e-05
136 0.223746 -0.300000 -0.311436 1.227527 0.085664 -0.311436 0.000000 0.000000 0.000000 -1.000000 1 7.882015780e-06 1.832400449e-05
137 0.225121 -0.300000 -0.418817 1.303181 0.092274 -0.418817 0.000000 0.000000 0.000000 -1.000000 1 7.951166481e-06 1.813005656e-05
137 0.226337 -0.300000 -0.418817 1.303181 0.092274 -0.418817 0.000000 0.000000 0.000000 -1.000000 1 7.900875062e-06 1.803110354e-05
137 0.227636 -0.300000 -0.418817 1.303181 0.092274 -0.418817 0.000000 0.000000 0.000000 -1.000000 1 1.630815677e-05 3.659888171e-05
137 0.229291 -0.300000 -0.418817 1.303181 0.092274 -0.418817 0.000000 0.000000 0.000000 -1.000000 1 8.362112567e-06 1.947488636e-05
137 0.231508 -0.300000 -0.418817 1.303181 0.092274 -0.418817 0.000000 0.000000 0.000000 -1.000000 1 8.371891454e-06 1.944508404e-05
137 0.234215 -0.300000 -0.418817 1.303181 0.092274 -0.418817 0.000000 0.000000 0.000000 -1.000000 1 8.380040526e-06 1.953309402e-05
137 0.237236 -0.300000 -0.418817 1.303181 0.092274 -0.418817 0.000000 0.000000 0.000000 -1.000000 1 9.529991075e-06 2.285698429e-05
137 0.240326 -0.300000 -0.418817 1.303181 0.092274 -0.418817 0.000000 0.000000 0.000000 -1.000000 1 1.035886817e-05 2.473290078e-05
137 0.243242 -0.300000 -0.418817 1.303181 0.092274 -0.418817 0.000000 0.000000 0.000000 -1.000000 1 1.285900362e-05 3.127008677e-05
137 0.245900 -0.300000 -0.418817 1.303181 0.092274 -0.418817 0.000000 0.000000 0.000000 -1.000000 1 8.577015251e-06 1.961598173e-05
137 0.248325 -0.300000 -0.418817 1.303181 0.092274 -0.418817 0.000000 0.000000 0.000000 -1.000000 1 8.401926607e-06 1.937896013e-05
137 0.250595 -0.300000 -0.418817 1.303181 0.092274 -0.418817 0.000000 0.000000 0.000000 -1.000000 1 8.452916518e-06 1.925998367e-05
137 0.252643 -0.300000 -0.418817 1.303181 0.092274 -0.418817 0.000000 0.000000 0.000000 -1.000000 1 8.355127648e-06 1.919898205e-05
137 0.254630 -0.300000 -0.418817 1.303181 0.092274 -0.418817 0.000000 0.000000 0.000000 -1.000000 1 7.992843166e-06 1.826998778e-05
137 0.256729 -0.300000 -0.418817 1.303181 0.092274 -0.418817 0.000000 0.000000 0.000000 -1.000000 1 8.637085557e-06 2.325209789e-05
137 0.258977 -0.300000 -0.418817 1.303181 0.092274 -0.418817 0.000000 0.000000 0.000000 -1.000000 1 8.464092389e-06 1.932191662e-05
137 0.261304 -0.300000 -0.418817 1.303181 0.092274 -0.418817 0.000000 0.000000 0.000000 -1.000000 1 8.015893400e-06 1.820619218e-05
137 0.263529 -0.300000 -0.418817 1.303181 0.092274 -0.418817 0.000000 0.000000 0.000000 -1.000000 1 7.931143045e-06 1.817895100e-05
137 0.265000 -0.300000 -0.418817 1.303181 0.092274 -0.418817 0.000000 0.000000 0.000000 -1.000000 1 7.925089449e-06 1.833983697e-05
137 0.265208 -0.300000 -0.418817 1.303181 0.092274 -0.418817 0.000000 0.000000 0.000000 -1.000000 1 1.560291275e-05 3.619096242e-05
138 0.264724 -0.300000 -0.320549 1.383951 0.217135 -0.320549 0.000000 0.000000 0.000000 -1.000000 1 7.777940482e-06 1.803808846e-05
138 0.263921 -0.300000 -0.320549 1.383951 0.217135 -0.320549 0.000000 0.000000 0.000000 -1.000000 1 8.573988453e-06 1.953681931e-05
138 0.262985 -0.300000 -0.320549 1.383951 0.217135 -0.320549 0.000000 0.000000 0.000000 -1.000000 1 8.445000276e-06 1.954194158e-05
138 0.261995 -0.300000 -0.320549 1.383951 0.217135 -0.320549 0.000000 0.000000 0.000000 -1.000000 1 7.767928764e-06 1.798709854e-05
138 0.261055 -0.300000 -0.320549 1.383951 0.217135 -0.320549 0.000000 0.000000 0.000000 -1.000000 1 8.923001587e-06 2.001691610e-05
138 0.260255 -0.300000 -0.320549 1.383951 0.217135 -0.320549 0.000000 0.000000 0.000000 -1.000000 1 7.661990821e-06 1.804600470e-05
138 0.259649 -0.300000 -0.320549 1.383951 0.217135 -0.320549 0.000000 0.000000 0.000000 -1.000000 1 8.312985301e-06 1.935195178e-05
138 0.259260 -0.300000 -0.320549 1.383951 0.217135 -0.320549 0.000000 0.000000 0.000000 -1.000000 1 8.023111150e-06 2.339296043e-05
138 0.259078 -0.300000 -0.320549 1.383951 0.217135 -0.320549 0.000000 0.000000 0.000000 -1.000000 1 8.431030437e-06 1.951586455e-05
138 0.258942 -0.300000 -0.320549 1.383951 0.217135 -0.320549 0.000000 0.000000 0.000000 -1.000000 1 8.316943422e-06 1.934799366e-05
138 0.258562 -0.300000 -0.320549 1.383951 0.217135 -0.320549 0.000000 0.000000 0.000000 -1.000000 1 8.353032172e-06 1.932098530e-05
138 0.258061 -0.300000 -0.320549 1.383951 0.217135 -0.320549 0.000000 0.000000 0.000000 -1.000000 1 8.423114195e-06 1.937383786e-05
138 0.257813 -0.300000 -0.320549 1.383951 0.217135 -0.320549 0.000000 0.000000 0.000000 -1.000000 1 7.752794772e-06 1.779198647e-05
138 0.258078 -0.300000 -0.320549 1.383951 0.217135 -0.320549 0.000000 0.000000 0.000000 -1.000000 1 7.865019143e-06 1.804390922e-05
138 0.258874 -0.300000 -0.320549 1.383951 0.217135 -0.320549 0.000000 0.000000 0.000000 -1.000000 1 8.295988664e-06 1.938501373e-05
138 0.260222 -0.300000 -0.320549 1.383951 0.217135 -0.320549 0.000000 0.000000 0.000000 -1.000000 1 8.473871276e-06 1.939502545e-05
138 0.262017 -0.300000 -0.320549 1.383951 0.217135 -0.320549 0.000000 0.000000 0.000000 -1.000000 1 9.951880202e-06 2.427189611e-05
138 0.264088 -0.300000 -0.320549 1.383951 0.217135 -0.320549 0.000000 0.000000 0.000000 -1.000000 1 8.382834494e-06 1.943111420e-05
138 0.266325 -0.300000 -0.320549 1.383951 0.217135 -0.320549 0.000000 0.000000 0.000000 -1.000000 1 8.596107364e-06 1.955707557e-05
138 0.268565 -0.300000 -0.320549 1.383951 0.217135 -0.320549 0.000000 0.000000 0.000000 -1.000000 1 8.008908480e-06 1.833308488e-05
139 0.270642 -0.300000 -0.426098 1.444192 0.225262 -0.426098 0.000000 0.000000 0.000000 -1.000000 1 7.958151400e-06 1.813494600e-05
139 0.272471 -0.300000 -0.426098 1.444192 0.225262 -0.426098 0.000000 0.000000 0.000000 -1.000000 1 7.889000699e-06 1.822784543e-05
139 0.274520 -0.300000 -0.426098 1.444192 0.225262 -0.426098 0.000000 0.000000 0.000000 -1.000000 1 7.949071005e-06 1.816591248e-05
139 0.277224 -0.300000 -0.426098 1.444192 0.225262 -0.426098 0.000000 0.000000 0.000000 -1.000000 1 1.477007754e-05 3.440887667e-05
139 0.280619 -0.300000 -0.426098 1.444192 0.225262 -0.426098 0.000000 0.000000 0.000000 -1.000000 1 7.821945474e-06 1.809303649e-05
139 0.284583 -0.300000 -0.426098 1.444192 0.225262 -0.426098 0.000000 0.000000 0.000000 -1.000000 1 8.332077414e-06 1.939898357e-05
139 0.288906 -0.300000 -0.426098 1.444192 0.225262 -0.426098 0.000000 0.000000 0.000000 -1.000000 1 7.783994079e-06 1.798709854e-05
139 0.293297 -0.300000 -0.426098 1.444192 0.225262 -0.426098 0.000000 0.000000 0.000000 -1.000000 1 1.258100383e-05 3.035599366e-05
139 0.297455 -0.300000 -0.426098 1.444192 0.225262 -0.426098 0.000000 0.000000 0.000000 -1.000000 1 8.501112461e-06 1.977593638e-05
139 0.301266 -0.300000 -0.426098 1.444192 0.225262 -0.426098 0.000000 0.000000 0.000000 -1.000000 1 8.484115824e-06 1.948606223e-05
139 0.304830 -0.300000 -0.426098 1.444192 0.225262 -0.426098 0.000000 0.000000 0.000000 -1.000000 1 8.458970115e-06 1.949793659e-05
139 0.308139 -0.300000 -0.426098 1.444192 0.225262 -0.426098 0.000000 0.000000 0.000000 -1.000000 1 8.249189705e-06 1.930701546e-05
139 0.311140 -0.300000 -0.426098 1.444192 0.225262 -0.426098 0.000000 0.000000 0.000000 -1.000000 1 1.222710125e-05 2.937996760e-05
139 0.314092 -0.300000 -0.426098 1.444192 0.225262 -0.426098 0.000000 0.000000 0.000000 -1.000000 1 1.484504901e-05 3.696698695e-05
139 0.317231 -0.300000 -0.426098 1.444192 0.225262 -0.426098 0.000000 0.000000 0.000000 -1.000000 1 1.330301166e-05 3.183307126e-05
139 0.320598 -0.300000 -0.426098 1.444192 0.225262 -0.426098 0.000000 0.000000 0.000000 -1.000000 1 8.475966752e-06 1.939595677e-05
139 0.324098 -0.300000 -0.426098 1.444192 0.225262 -0.426098 0.000000 0.000000 0.000000 -1.000000 1 7.814029232e-06 1.880200580e-05
139 0.327493 -0.300000 -0.426098 1.444192 0.225262 -0.426098 0.000000 0.000000 0.000000 -1.000000 1 7.785158232e-06 1.793098636e-05
139 0.330279 -0.300000 -0.426098 1.444192 0.225262 -0.426098 0.000000 0.000000 0.000000 -1.000000 1 8.380040526e-06 1.923902892e-05
139 0.331513 -0.300000 -0.426098 1.444192 0.225262 -0.426098 0.000000 0.000000 0.000000 -1.000000 1 8.111121133e-06 1.835706644e-05
140 0.331692 -0.300000 -0.302398 1.485501 0.376178 -0.302398 0.000000 0.000000 0.000000 -1.000000 1 1.324387267e-05 3.168219700e-05
140 0.331354 -0.300000 -0.302398 1.485501 0.376178 -0.302398 0.000000 0.000000 0.000000 -1.000000 1 8.749077097e-06 1.997291110e-05
140 0.330882 -0.300000 -0.302398 1.485501 0.376178 -0.302398 0.000000 0.000000 0.000000 -1.000000 1 8.383067325e-06 1.931400038e-05
140 0.330455 -0.300000 -0.302398 1.485501 0.376178 -0.302398 0.000000 0.000000 0.000000 -1.000000 1 8.512055501e-06 1.981994137e-05
140 0.330234 -0.300000 -0.302398 1.485501 0.376178 -0.302398 0.000000 0.000000 0.000000 -1.000000 1 7.255934179e-06 1.694215462e-05
140 0.330329 -0.300000 -0.302398 1.485501 0.376178 -0.302398 0.000000 0.000000 0.000000 -1.000000 1 9.275972843e-06 2.077990212e-05
140 0.330796 -0.300000 -0.302398 1.485501 0.376178 -0.302398 0.000000 0.000000 0.000000 -1.000000 1 8.635921404e-06 1.968303695e-05
140 0.331648 -0.300000 -0.302398 1.485501 0.376178 -0.302398 0.000000 0.000000 0.000000 -1.000000 1 8.461065590e-06 1.925416291e-05
140 0.332833 -0.300000 -0.302398 1.485501 0.376178 -0.302398 0.000000 0.000000 0.000000 -1.000000 1 8.377013728e-06 1.920596696e-05
140 0.334142 -0.300000 -0.302398 1.485501 0.376178 -0.302398 0.000000 0.000000 0.000000 -1.000000 1 7.997034118e-06 1.858291216e-05
140 0.334965 -0.300000 -0.302398 1.485501 0.376178 -0.302398 0.000000 0.000000 0.000000 -1.000000 1 1.042918302e-05 2.403510734e-05
140 0.335367 -0.300000 -0.302398 1.485501 0.376178 -0.302398 0.000000 0.000000 0.000000 -1.000000 1 8.508097380e-06 1.971307211e-05
140 0.335932 -0.300000 -0.302398 1.485501 0.376178 -0.302398 0.000000 0.000000 0.000000 -1.000000 1 1.869117841e-05 2.962793224e-05
140 0.337116 -0.300000 -0.302398 1.485501 0.376178 -0.302398 0.000000 0.000000 0.000000 -1.000000 1 8.830102161e-06 1.986091956e-05
140 0.339038 -0.300000 -0.302398 1.485501 0.376178 -0.302398 0.000000 0.000000 0.000000 -1.000000 1 8.602859452e-06 1.955498010e-05
140 0.341758 -0.300000 -0.302398 1.485501 0.376178 -0.302398 0.000000 0.000000 0.000000 -1.000000 1 8.528819308e-06 1.958198845e-05
140 0.345159 -0.300000 -0.302398 1.485501 0.376178 -0.302398 0.000000 0.000000 0.000000 -1.000000 1 8.373055607e-06 1.926999539e-05
140 0.349012 -0.300000 -0.302398 1.485501 0.376178 -0.302398 0.000000 0.000000 0.000000 -1.000000 1 8.492963389e-06 1.958408393e-05
140 0.353140 -0.300000 -0.302398 1.485501 0.376178 -0.302398 0.000000 0.000000 0.000000 -1.000000 1 8.448958397e-06 1.933309250e-05
140 0.357288 -0.300000 -0.302398 1.485501 0.376178 -0.302398 0.000000 0.000000 0.000000 -1.000000 1 8.430797607e-06 1.947302371e-05
141 0.361171 -0.300000 -0.378709 1.519823 0.397311 -0.378709 0.000000 0.000000 0.000000 -1.000000 1 8.512986824e-06 1.949211583e-05
141 0.364702 -0.300000 -0.378709 1.519823 0.397311 -0.378709 0.000000 0.000000 0.000000 -1.000000 1 8.477130905e-06 1.940992661e-05
141 0.368880 -0.300000 -0.378709 1.519823 0.397311 -0.378709 0.000000 0.000000 0.000000 -1.000000 1 8.797040209e-06 1.993309706e-05
141 0.374375 -0.300000 -0.378709 1.519823 0.397311 -0.378709 0.000000 0.000000 0.000000 -1.000000 1 8.398899809e-06 1.944391988e-05
141 0.381116 -0.300000 -0.378709 1.519823 0.397311 -0.378709 0.000000 0.000000 0.000000 -1.000000 1 2.696877345e-06 6.083864719e-06
141 0.388746 -0.300000 -0.378709 1.519823 0.397311 -0.378709 0.000000 0.000000 0.000000 -1.000000 1 2.137850970e-06 4.818895832e-06
141 0.396918 -0.300000 -0.378709 1.519823 0.397311 -0.378709 0.000000 0.000000 0.000000 -1.000000 1 2.088956535e-06 4.800967872e-06
141 0.405205 -0.300000 -0.378709 1.519823 0.397311 -0.378709 0.000000 0.000000 0.000000 -1.000000 1 3.210967407e-06 7.679918781e-06
141 0.413157 -0.300000 -0.378709 1.519823 0.397311 -0.378709 0.000000 0.000000 0.000000 -1.000000 1 2.200948074e-06 4.914123565e-06
141 0.420578 -0.300000 -0.378709 1.519823 0.397311 -0.378709 0.000000 0.000000 0.000000 -1.000000 1 2.224929631e-06 5.142996088e-06
141 0.427697 -0.300000 -0.378709 1.519823 0.397311 -0.378709 0.000000 0.000000 0.000000 -1.000000 1 2.094078809e-06 4.818895832e-06
141 0.434319 -0.300000 -0.378709 1.519823 0.397311 -0.378709 0.000000 0.000000 0.000000 -1.000000 1 2.047047019e-06 4.722969607e-06
141 0.440407 -0.300000 -0.378709 1.519823 0.397311 -0.378709 0.000000 0.000000 0.000000 -1.000000 1 2.049142495e-06 4.816101864e-06
141 0.446461 -0.300000 -0.378709 1.519823 0.397311 -0.378709 0.000000 0.000000 0.000000 -1.000000 1 3.354158252e-06 7.691094652e-06
141 0.452938 -0.300000 -0.378709 1.519823 0.397311 -0.378709 0.000000 0.000000 0.000000 -1.000000 1 9.377952665e-06 2.118502744e-05
141 0.459998 -0.300000 -0.378709 1.519823 0.397311 -0.378709 0.000000 0.000000 0.000000 -1.000000 1 7.916009054e-06 1.807208173e-05
141 0.467463 -0.300000 -0.378709 1.519823 0.397311 -0.378709 0.000000 0.000000 0.000000 -1.000000 1 8.409842849e-06 1.952284947e-05
141 0.474911 -0.300000 -0.378709 1.519823 0.397311 -0.378709 0.000000 0.000000 0.000000 -1.000000 1 8.447095752e-06 1.950003207e-05
141 0.481545 -0.300000 -0.378709 1.519823 0.397311 -0.378709 0.000000 0.000000 0.000000 -1.000000 1 8.232891560e-06 1.919805072e-05
141 0.485501 -0.300000 -0.378709 1.519823 0.397311 -0.378709 0.000000 0.000000 0.000000 -1.000000 1 8.664093912e-06 1.986487769e-05
142 0.487454 -0.300000 -0.219916 1.508200 0.573881 -0.219916 0.000000 0.000000 0.000000 -1.000000 1 7.745111361e-06 1.816498116e-05
142 0.488410 -0.300000 -0.219916 1.508200 0.573881 -0.219916 0.000000 0.000000 0.000000 -1.000000 1 8.668052033e-06 1.948396675e-05
142 0.489300 -0.300000 -0.219916 1.508200 0.573881 -0.219916 0.000000 0.000000 0.000000 -1.000000 1 7.826834917e-06 1.797289588e-05
142 0.490626 -0.300000 -0.219916 1.508200 0.573881 -0.219916 0.000000 0.000000 0.000000 -1.000000 1 8.350005373e-06 1.926487312e-05
142 0.492678 -0.300000 -0.219916 1.508200 0.573881 -0.219916 0.000000 0.000000 0.000000 -1.000000 1 9.905081242e-06 2.272799611e-05
142 0.495612 -0.300000 -0.219916 1.508200 0.573881 -0.219916 0.000000 0.000000 0.000000 -1.000000 1 7.818918675e-06 1.792702824e-05
142 0.499528 -0.300000 -0.219916 1.508200 0.573881 -0.219916 0.000000 0.000000 0.000000 -1.000000 1 8.671078831e-06 2.411007881e-05
142 0.504416 -0.300000 -0.219916 1.508200 0.573881 -0.219916 0.000000 0.000000 0.000000 -1.000000 1 7.743015885e-06 1.805508509e-05
142 0.510051 -0.300000 -0.219916 1.508200 0.573881 -0.219916 0.000000 0.000000 0.000000 -1.000000 1 7.854076102e-06 1.814705320e-05
142 0.516088 -0.300000 -0.219916 1.508200 0.573881 -0.219916 0.000000 0.000000 0.000000 -1.000000 1 8.571194485e-06 1.969397999e-05
142 0.522346 -0.300000 -0.219916 1.508200 0.573881 -0.219916 0.000000 0.000000 0.000000 -1.000000 1 8.272938430e-06 1.931679435e-05
142 0.528127 -0.300000 -0.219916 1.508200 0.573881 -0.219916 0.000000 0.000000 0.000000 -1.000000 1 1.455191523e-05 2.561602741e-05
142 0.533389 -0.300000 -0.219916 1.508200 0.573881 -0.219916 0.000000 0.000000 0.000000 -1.000000 1 7.790047675e-06 1.811701804e-05
142 0.539332 -0.300000 -0.219916 1.508200 0.573881 -0.219916 0.000000 0.000000 0.000000 -1.000000 1 7.885973901e-06 1.820805483e-05
142 0.546616 -0.300000 -0.219916 1.508200 0.573881 -0.219916 0.000000 0.000000 0.000000 -1.000000 1 8.987030014e-06 2.390192822e-05
142 0.555546 -0.300000 -0.219916 1.508200 0.573881 -0.219916 0.000000 0.000000 0.000000 -1.000000 1 8.461065590e-06 1.941993833e-05
142 0.566347 -0.300001 -0.219916 1.508200 0.573881 -0.219916 0.000000 0.000000 0.000000 -1.000000 1 9.374925867e-06 2.140901051e-05
142 0.578930 -0.300001 -0.219916 1.508200 0.573881 -0.219916 0.000000 0.000000 0.000000 -1.000000 1 8.534174412e-06 1.979805529e-05
142 0.592805 -0.300001 -0.219916 1.508200 0.573881 -0.219916 0.000000 0.000000 0.000000 -1.000000 1 6.254063919e-06 1.447810791e-05
142 0.607376 -0.300001 -0.219916 1.508200 0.573881 -0.219916 0.000000 0.000000 0.000000 -1.000000 1 5.650101230e-06 1.292000525e-05
143 0.622046 -0.300001 -0.278370 1.494723 0.610832 -0.278370 0.000000 0.000000 0.000000 -1.000000 1 4.936940968e-06 1.137680374e-05
143 0.636509 -0.300001 -0.278370 1.494723 0.610832 -0.278370 0.000000 0.000000 0.000000 -1.000000 1 1.090904698e-05 2.475082874e-05
143 0.652581 -0.300001 -0.278370 1.494723 0.610832 -0.278370 0.000000 0.000000 0.000000 -1.000000 1 8.423114195e-06 1.932890154e-05
143 0.671854 -0.300002 -0.278370 1.494723 0.610832 -0.278370 0.000000 0.000000 0.000000 -1.000000 1 8.373986930e-06 1.940503716e-05
143 0.695515 -0.300002 -0.278370 1.494723 0.610832 -0.278370 0.000000 0.000000 0.000000 -1.000000 1 8.708098903e-06 1.976592466e-05
143 0.723792 -0.300001 -0.278370 1.494723 0.610832 -0.278370 0.000000 0.000000 0.000000 -1.000000 1 8.462928236e-06 1.952704042e-05
143 0.755900 -0.300001 -0.278370 1.494723 0.610832 -0.278370 0.000000 0.000000 0.000000 -1.000000 1 8.329981938e-06 1.952401362e-05
143 0.790862 -0.299999 -0.278370 1.494723 0.610832 -0.278370 0.000000 0.000000 0.000000 -1.000000 1 8.385162801e-06 1.948908903e-05
143 0.827339 -0.299995 -0.278370 1.494723 0.610832 -0.278370 0.000000 0.000000 0.000000 -1.000000 1 8.333008736e-06 1.947791316e-05
143 0.864230 -0.299990 -0.278370 1.494723 0.610832 -0.278370 0.000000 0.000000 0.000000 -1.000000 1 8.661998436e-06 2.595921978e-05
143 0.901748 -0.299983 -0.278370 1.494723 0.610832 -0.278370 0.000000 0.000000 0.000000 -1.000000 1 9.130919352e-06 2.104509622e-05
143 0.938944 -0.299975 -0.278370 1.494723 0.610832 -0.278370 0.000000 0.000000 0.000000 -1.000000 1 7.872935385e-06 1.815985888e-05
143 0.975790 -0.299965 -0.278370 1.494723 0.610832 -0.278370 0.000000 0.000000 0.000000 -1.000000 1 8.393079042e-06 1.929095015e-05
143 1.000000 -0.295160 -0.278370 1.494723 0.610832 -0.278370 0.000000 0.000000 0.000000 -1.000000 1 7.995869964e-06 1.875194721e-05
143 1.000000 -0.281603 -0.278370 1.494723 0.610832 -0.278370 0.000000 0.000000 0.000000 -1.000000 1 7.981900126e-06 1.807115041e-05
143 1.000000 -0.267313 -0.278370 1.494723 0.610832 -0.278370 0.000000 0.000000 0.000000 -1.000000 1 7.780967280e-06 2.807890996e-05
143 1.000000 -0.252895 -0.278370 1.494723 0.610832 -0.278370 0.000000 0.000000 0.000000 -1.000000 1 7.799128070e-06 1.799711026e-05
143 1.000000 -0.238660 -0.278370 1.494723 0.610832 -0.278370 0.000000 0.000000 0.000000 -1.000000 1 8.319038898e-06 1.935590990e-05
143 1.000000 -0.225180 -0.278370 1.494723 0.610832 -0.278370 0.000000 0.000000 0.000000 -1.000000 1 1.083500683e-05 2.504303120e-05
143 1.000000 -0.213001 -0.278370 1.494723 0.610832 -0.278370 0.000000 0.000000 0.000000 -1.000000 1 8.634990081e-06 1.959805377e-05
144 1.000000 -0.202503 -0.077789 1.369072 0.817327 -0.077789 0.000000 0.000000 0.000000 -1.000000 1 8.550938219e-06 1.980504021e-05
144 1.000000 -0.193520 -0.077789 1.369072 0.817327 -0.077789 0.000000 0.000000 0.000000 -1.000000 1 8.489005268e-06 1.942901872e-05
144 1.000000 -0.184274 -0.077789 1.369072 0.817327 -0.077789 0.000000 0.000000 0.000000 -1.000000 1 7.792841643e-06 1.790816896e-05
144 1.000000 -0.174184 -0.077789 1.369072 0.817327 -0.077789 0.000000 0.000000 0.000000 -1.000000 1 7.874099538e-06 1.809699461e-05
144 1.000000 -0.163207 -0.077789 1.369072 0.817327 -0.077789 0.000000 0.000000 0.000000 -1.000000 1 7.820781320e-06 1.802202314e-05
144 1.000000 -0.151342 -0.077789 1.369072 0.817327 -0.077789 0.000000 0.000000 0.000000 -1.000000 1 8.810078725e-06 2.007698640e-05
144 1.000000 -0.138613 -0.077789 1.369072 0.817327 -0.077789 0.000000 0.000000 0.000000 -1.000000 1 8.285976946e-06 1.935521141e-05
144 1.000000 -0.125165 -0.077789 1.369072 0.817327 -0.077789 0.000000 0.000000 0.000000 -1.000000 1 8.378177881e-06 1.961411908e-05
144 1.000000 -0.111545 -0.077789 1.369072 0.817327 -0.077789 0.000000 0.000000 0.000000 -1.000000 1 8.391914889e-06 1.942692325e-05
144 1.000000 -0.098547 -0.077789 1.369072 0.817327 -0.077789 0.000000 0.000000 0.000000 -1.000000 1 8.535105735e-06 1.941784285e-05
144 1.000000 -0.086528 -0.077789 1.369072 0.817327 -0.077789 0.000000 0.000000 0.000000 -1.000000 1 9.567942470e-06 2.202205360e-05
144 1.000000 -0.075195 -0.077789 1.369072 0.817327 -0.077789 0.000000 0.000000 0.000000 -1.000000 1 8.579110727e-06 1.937802881e-05
144 1.000000 -0.064638 -0.077789 1.369072 0.817327 -0.077789 0.000000 0.000000 0.000000 -1.000000 1 8.550938219e-06 1.950911246e-05
144 1.000000 -0.054342 -0.077789 1.369072 0.817327 -0.077789 0.000000 0.000000 0.000000 -1.000000 1 8.384929970e-06 1.939386129e-05
144 1.000000 -0.043888 -0.077789 1.369072 0.817327 -0.077789 0.000000 0.000000 0.000000 -1.000000 1 7.855938748e-06 1.804810017e-05
144 1.000000 -0.032721 -0.077789 1.369072 0.817327 -0.077789 0.000000 0.000000 0.000000 -1.000000 1 1.577497460e-05 3.774603829e-05
144 1.000000 -0.019909 -0.077789 1.369072 0.817327 -0.077789 0.000000 0.000000 0.000000 -1.000000 1 8.424045518e-06 1.944298856e-05
144 1.000000 -0.005603 -0.077789 1.369072 0.817327 -0.077789 0.000000 0.000000 0.000000 -1.000000 1 8.350936696e-06 1.919502392e-05
144 1.000000 0.009719 -0.077789 1.369072 0.817327 -0.077789 0.000000 0.000000 0.000000 -1.000000 1 8.360948414e-06 1.937593333e-05
144 1.000000 0.025519 -0.077789 1.369072 0.817327 -0.077789 0.000000 0.000000 0.000000 -1.000000 1 8.388189599e-06 1.952308230e-05
145 1.000000 0.041451 -0.067245 1.227610 0.886665 -0.067245 0.000000 0.000000 0.000000 -1.000000 1 8.376082405e-06 1.913402230e-05
145 1.000000 0.056839 -0.067245 1.227610 0.886665 -0.067245 0.000000 0.000000 0.000000 -1.000000 1 8.407980204e-06 1.947209239e-05
145 1.000000 0.072106 -0.067245 1.227610 0.886665 -0.067245 0.000000 0.000000 0.000000 -1.000000 1 7.926020771e-06 1.869793050e-05
145 1.000000 0.087542 -0.067245 1.227610 0.886665 -0.067245 0.000000 0.000000 0.000000 -1.000000 1 8.404022083e-06 1.941202208e-05
145 1.000000 0.103791 -0.067245 1.227610 0.886665 -0.067245 0.000000 0.000000 0.000000 -1.000000 1 1.484085806e-05 2.599717118e-05
145 1.000000 0.121564 -0.067245 1.227610 0.886665 -0.067245 0.000000 0.000000 0.000000 -1.000000 1 8.392147720e-06 1.948210411e-05
145 1.000000 0.141015 -0.067245 1.227610 0.886665 -0.067245 0.000000 0.000000 0.000000 -1.000000 1 8.369097486e-06 1.951307058e-05
145 1.000000 0.161482 -0.067245 1.227610 0.886665 -0.067245 0.000000 0.000000 0.000000 -1.000000 1 9.656883776e-06 2.236291766e-05
145 1.000000 0.182400 -0.067245 1.227610 0.886665 -0.067245 0.000000 0.000000 0.000000 -1.000000 1 8.374918252e-06 1.919013448e-05
145 1.000000 0.202831 -0.067245 1.227610 0.886665 -0.067245 0.000000 0.000000 0.000000 -1.000000 1 8.404953405e-06 2.830498852e-05
145 1.000000 0.222224 -0.067245 1.227610 0.886665 -0.067245 0.000000 0.000000 0.000000 -1.000000 1 8.303904906e-06 1.941388473e-05
145 1.000000 0.240226 -0.067245 1.227610 0.886665 -0.067245 0.000000 0.000000 0.000000 -1.000000 1 8.580042049e-06 1.955195330e-05
145 1.000000 0.257121 -0.067245 1.227610 0.886665 -0.067245 0.000000 0.000000 0.000000 -1.000000 1 1.641409472e-05 3.773299977e-05
145 1.000000 0.274023 -0.067245 1.227610 0.886665 -0.067245 0.000000 0.000000 0.000000 -1.000000 1 8.375151083e-06 1.940899529e-05
145 1.000000 0.291332 -0.067245 1.227610 0.886665 -0.067245 0.000000 0.000000 0.000000 -1.000000 1 7.965834811e-06 1.817685552e-05
145 1.000000 0.300000 -0.067245 1.227610 0.886665 -0.067245 0.000000 0.000000 0.000000 -1.000000 1 1.493003219e-05 2.619088627e-05
145 1.000000 0.300000 -0.067245 1.227610 0.886665 -0.067245 0.000000 0.000000 0.000000 -1.000000 1 3.627035767e-06 6.363959983e-06
145 1.000000 0.300000 -0.067245 1.227610 0.886665 -0.067245 0.000000 0.000000 0.000000 -1.000000 1 3.649853170e-06 6.349990144e-06
145 1.000000 0.300000 -0.067245 1.227610 0.886665 -0.067245 0.000000 0.000000 0.000000 -1.000000 1 8.875038475e-06 1.527089626e-05
145 1.000000 0.300000 -0.067245 1.227610 0.886665 -0.067245 0.000000 0.000000 0.000000 -1.000000 1 1.535099000e-05 2.657412551e-05
146 0.960781 0.300000 0.015155 0.960781 0.951378 0.015155 0.000000 0.000000 0.000000 -1.000000 1 8.723000064e-06 1.973100007e-05
146 0.960781 0.300000 0.015155 0.960781 0.951378 0.015155 0.000000 0.000000 0.000000 -1.000000 1 8.397968486e-06 1.941295341e-05
146 0.960781 0.300000 0.015155 0.960781 0.951378 0.015155 0.000000 0.000000 0.000000 -1.000000 1 8.506001905e-06 1.939991489e-05
146 0.960781 0.300000 0.015155 0.960781 0.951378 0.015155 0.000000 0.000000 0.000000 -1.000000 1 8.377013728e-06 1.932377927e-05
146 0.960781 0.300000 0.015155 0.960781 0.951378 0.015155 0.000000 0.000000 0.000000 -1.000000 1 8.593080565e-06 1.980084926e-05
146 0.960781 0.300000 0.015155 0.960781 0.951378 0.015155 0.000000 0.000000 0.000000 -1.000000 1 8.345115930e-06 1.937197521e-05
146 0.960781 0.300000 0.015155 0.960781 0.951378 0.015155 0.000000 0.000000 0.000000 -1.000000 1 1.235399395e-05 2.988101915e-05
146 0.960781 0.300000 0.015155 0.960781 0.951378 0.015155 0.000000 0.000000 0.000000 -1.000000 1 8.475035429e-06 1.945300028e-05
146 0.960781 0.300000 0.015155 0.960781 0.951378 0.015155 0.000000 0.000000 0.000000 -1.000000 1 8.321134374e-06 1.929211430e-05
146 0.960781 0.300000 0.015155 0.960781 0.951378 0.015155 0.000000 0.000000 0.000000 -1.000000 1 1.219403930e-05 2.880999818e-05
146 0.960781 0.300000 0.015155 0.960781 0.951378 0.015155 0.000000 0.000000 0.000000 -1.000000 1 8.441973478e-06 1.939781941e-05
146 0.960781 0.300000 0.015155 0.960781 0.951378 0.015155 0.000000 0.000000 0.000000 -1.000000 1 8.346047252e-06 1.941318624e-05
146 0.960781 0.300000 0.015155 0.960781 0.951378 0.015155 0.000000 0.000000 0.000000 -1.000000 1 8.502043784e-06 1.979293302e-05
146 0.960781 0.300000 0.015155 0.960781 0.951378 0.015155 0.000000 0.000000 0.000000 -1.000000 1 7.969094440e-06 1.829490066e-05
146 0.960781 0.300000 0.015155 0.960781 0.951378 0.015155 0.000000 0.000000 0.000000 -1.000000 1 8.349074051e-06 1.936289482e-05
146 0.960781 0.300000 0.015155 0.960781 0.951378 0.015155 0.000000 0.000000 0.000000 -1.000000 1 1.121498644e-05 2.749497071e-05
146 0.960781 0.300000 0.015155 0.960781 0.951378 0.015155 0.000000 0.000000 0.000000 -1.000000 1 1.200404949e-05 2.911197953e-05
146 0.960781 0.300000 0.015155 0.960781 0.951378 0.015155 0.000000 0.000000 0.000000 -1.000000 1 7.810071111e-06 1.809792593e-05
146 0.960781 0.300000 0.015155 0.960781 0.951378 0.015155 0.000000 0.000000 0.000000 -1.000000 1 7.750000805e-06 1.793913543e-05
146 0.960781 0.300000 0.015155 0.960781 0.951378 0.015155 0.000000 0.000000 0.000000 -1.000000 1 7.794005796e-06 1.812190749e-05
147 0.703663 0.300000 0.040685 0.703663 0.962828 0.040685 0.000000 0.000000 0.000000 -1.000000 1 9.326031432e-06 2.013985068e-05
147 0.703663 0.300000 0.040685 0.703663 0.962828 0.040685 0.000000 0.000000 0.000000 -1.000000 1 8.007977158e-06 1.858384348e-05
147 0.703663 0.300000 0.040685 0.703663 0.962828 0.040685 0.000000 0.000000 0.000000 -1.000000 1 8.275965229e-06 1.943507232e-05
147 0.703663 0.300000 0.040685 0.703663 0.962828 0.040685 0.000000 0.000000 0.000000 -1.000000 1 8.417991921e-06 1.928396523e-05
147 0.703663 0.300000 0.040685 0.703663 0.962828 0.040685 0.000000 0.000000 0.000000 -1.000000 1 7.853843272e-06 1.824600622e-05
147 0.703663 0.300000 0.040685 0.703663 0.962828 0.040685 0.000000 0.000000 0.000000 -1.000000 1 8.377013728e-06 1.937313937e-05
147 0.703663 0.300000 0.040685 0.703663 0.962828 0.040685 0.000000 0.000000 0.000000 -1.000000 1 1.162313856e-05 2.772896551e-05
147 0.703663 0.300000 0.040685 0.703663 0.962828 0.040685 0.000000 0.000000 0.000000 -1.000000 1 8.416129276e-06 1.949607395e-05
147 0.703663 0.300000 0.040685 0.703663 0.962828 0.040685 0.000000 0.000000 0.000000 -1.000000 1 7.929047570e-06 1.833913848e-05
147 0.703663 0.300000 0.040685 0.703663 0.962828 0.040685 0.000000 0.000000 0.000000 -1.000000 1 7.829163224e-06 1.829606481e-05
147 0.703663 0.300000 0.040685 0.703663 0.962828 0.040685 0.000000 0.000000 0.000000 -1.000000 1 8.390052244e-06 1.925998367e-05
147 0.703663 0.300000 0.040685 0.703663 0.962828 0.040685 0.000000 0.000000 0.000000 -1.000000 1 8.415896446e-06 1.935986802e-05
147 0.703663 0.300000 0.040685 0.703663 0.962828 0.040685 0.000000 0.000000 0.000000 -1.000000 1 8.594011888e-06 1.950701699e-05
147 0.703663 0.300000 0.040685 0.703663 0.962828 0.040685 0.000000 0.000000 0.000000 -1.000000 1 8.316012099e-06 1.927395351e-05
147 0.703663 0.300000 0.040685 0.703663 0.962828 0.040685 0.000000 0.000000 0.000000 -1.000000 1 8.362112567e-06 1.936894841e-05
147 0.703663 0.300000 0.040685 0.703663 0.962828 0.040685 0.000000 0.000000 0.000000 -1.000000 1 8.383067325e-06 1.934613101e-05
147 0.703663 0.300000 0.040685 0.703663 0.962828 0.040685 0.000000 0.000000 0.000000 -1.000000 1 8.776085451e-06 1.996406354e-05
147 0.703663 0.300000 0.040685 0.703663 0.962828 0.040685 0.000000 0.000000 0.000000 -1.000000 1 8.329981938e-06 1.931306906e-05
147 0.703663 0.300000 0.040685 0.703663 0.962828 0.040685 0.000000 0.000000 0.000000 -1.000000 1 9.938608855e-05 1.186130103e-04
147 0.703663 0.300000 0.040685 0.703663 0.962828 0.040685 0.000000 0.000000 0.000000 -1.000000 1 1.293094829e-05 3.058579750e-05
147 0.703663 0.300000 0.040685 0.703663 0.962828 0.040685 0.000000 0.000000 0.000000 -1.000000 1 1.066294499e-05 2.534617670e-05
148 0.428800 0.300000 0.004027 0.428800 0.899520 0.004027 0.000000 0.000000 0.000000 -1.000000 1 8.433125913e-06 2.043996938e-05
148 0.428800 0.300000 0.004027 0.428800 0.899520 0.004027 0.000000 0.000000 0.000000 -1.000000 1 1.216586679e-05 2.936110832e-05
148 0.428800 0.300000 0.004027 0.428800 0.899520 0.004027 0.000000 0.000000 0.000000 -1.000000 1 1.693004742e-05 3.971299157e-05
148 0.428800 0.300000 0.004027 0.428800 0.899520 0.004027 0.000000 0.000000 0.000000 -1.000000 1 8.374918252e-06 1.930003054e-05
148 0.428800 0.300000 0.004027 0.428800 0.899520 0.004027 0.000000 0.000000 0.000000 -1.000000 1 8.487142622e-06 1.936499029e-05
148 0.428800 0.300000 0.004027 0.428800 0.899520 0.004027 0.000000 0.000000 0.000000 -1.000000 1 8.492963389e-06 1.943297684e-05
148 0.428800 0.300000 0.004027 0.428800 0.899520 0.004027 0.000000 0.000000 0.000000 -1.000000 1 8.379109204e-06 3.109918907e-05
148 0.428800 0.300000 0.004027 0.428800 0.899520 0.004027 0.000000 0.000000 0.000000 -1.000000 1 1.029507257e-05 2.125208266e-05
148 0.428800 0.300000 0.004027 0.428800 0.899520 0.004027 0.000000 0.000000 0.000000 -1.000000 1 8.370028809e-06 1.923204400e-05
148 0.428800 0.300000 0.004027 0.428800 0.899520 0.004027 0.000000 0.000000 0.000000 -1.000000 1 4.458939657e-06 1.248298213e-05
148 0.428800 0.300000 0.004027 0.428800 0.899520 0.004027 0.000000 0.000000 0.000000 -1.000000 1 4.339031875e-06 1.000985503e-05
148 0.428800 0.300000 0.004027 0.428800 0.899520 0.004027 0.000000 0.000000 0.000000 -1.000000 1 6.621005014e-06 1.529301517e-05
148 0.428800 0.300000 0.004027 0.428800 0.899520 0.004027 0.000000 0.000000 0.000000 -1.000000 1 7.695052773e-06 1.738290302e-05
148 0.428800 0.300000 0.004027 0.428800 0.899520 0.004027 0.000000 0.000000 0.000000 -1.000000 1 1.042801887e-05 2.128886990e-05
148 0.428800 0.300000 0.004027 0.428800 0.899520 0.004027 0.000000 0.000000 0.000000 -1.000000 1 8.601928130e-06 1.985114068e-05
148 0.428800 0.300000 0.004027 0.428800 0.899520 0.004027 0.000000 0.000000 0.000000 -1.000000 1 8.309958503e-06 1.918198541e-05
148 0.428800 0.300000 0.004027 0.428800 0.899520 0.004027 0.000000 0.000000 0.000000 -1.000000 1 8.480157703e-06 1.954915933e-05
148 0.428800 0.300000 0.004027 0.428800 0.899520 0.004027 0.000000 0.000000 0.000000 -1.000000 1 8.577015251e-06 1.939688809e-05
148 0.428800 0.300000 0.004027 0.428800 0.899520 0.004027 0.000000 0.000000 0.000000 -1.000000 1 8.759088814e-06 1.999200322e-05
148 0.428800 0.300000 0.004027 0.428800 0.899520 0.004027 0.000000 0.000000 0.000000 -1.000000 1 1.249508932e-05 2.868403681e-05
149 0.244619 0.300000 -0.081338 0.244619 0.798798 -0.081338 0.000000 0.000000 0.000000 -1.000000 1 8.278992027e-06 1.917197369e-05
149 0.244619 0.300000 -0.081338 0.244619 0.798798 -0.081338 0.000000 0.000000 0.000000 -1.000000 1 8.665956557e-06 1.963181421e-05
149 0.244619 0.300000 -0.081338 0.244619 0.798798 -0.081338 0.000000 0.000000 0.000000 -1.000000 1 8.377945051e-06 1.952983439e-05
149 0.244619 0.300000 -0.081338 0.244619 0.798798 -0.081338 0.000000 0.000000 0.000000 -1.000000 1 8.335104212e-06 1.936010085e-05
149 0.244619 0.300000 -0.081338 0.244619 0.798798 -0.081338 0.000000 0.000000 0.000000 -1.000000 1 8.705072105e-06 1.979619265e-05
149 0.244619 0.300000 -0.081338 0.244619 0.798798 -0.081338 0.000000 0.000000 0.000000 -1.000000 1 8.279923350e-06 1.928792335e-05
149 0.244619 0.300000 -0.081338 0.244619 0.798798 -0.081338 0.000000 0.000000 0.000000 -1.000000 1 8.356058970e-06 1.937896013e-05
149 0.244619 0.300000 -0.081338 0.244619 0.798798 -0.081338 0.000000 0.000000 0.000000 -1.000000 1 8.358154446e-06 1.941295341e-05
149 0.244619 0.300000 -0.081338 0.244619 0.798798 -0.081338 0.000000 0.000000 0.000000 -1.000000 1 8.574919775e-06 1.990399323e-05
149 0.244619 0.300000 -0.081338 0.244619 0.798798 -0.081338 0.000000 0.000000 0.000000 -1.000000 1 7.860828191e-06 1.851911657e-05
149 0.244619 0.300000 -0.081338 0.244619 0.798798 -0.081338 0.000000 0.000000 0.000000 -1.000000 1 8.361879736e-06 1.941900700e-05
149 0.244619 0.300000 -0.081338 0.244619 0.798798 -0.081338 0.000000 0.000000 0.000000 -1.000000 1 9.138137102e-06 2.097105607e-05
149 0.244619 0.300000 -0.081338 0.244619 0.798798 -0.081338 0.000000 0.000000 0.000000 -1.000000 1 8.458970115e-06 1.963507384e-05
149 0.244619 0.300000 -0.081338 0.244619 0.798798 -0.081338 0.000000 0.000000 0.000000 -1.000000 1 8.333008736e-06 1.948792487e-05
149 0.244619 0.300000 -0.081338 0.244619 0.798798 -0.081338 0.000000 0.000000 0.000000 -1.000000 1 8.381903172e-06 1.939199865e-05
149 0.244619 0.300000 -0.081338 0.244619 0.798798 -0.081338 0.000000 0.000000 0.000000 -1.000000 1 8.546980098e-06 1.972913742e-05
149 0.244619 0.300000 -0.081338 0.244619 0.798798 -0.081338 0.000000 0.000000 0.000000 -1.000000 1 1.267087646e-05 2.939393744e-05
149 0.244619 0.300000 -0.081338 0.244619 0.798798 -0.081338 0.000000 0.000000 0.000000 -1.000000 1 8.331146091e-06 1.939595677e-05
149 0.244619 0.300000 -0.081338 0.244619 0.798798 -0.081338 0.000000 0.000000 0.000000 -1.000000 1 8.404953405e-06 1.946091652e-05
149 0.244619 0.300000 -0.081338 0.244619 0.798798 -0.081338 0.000000 0.000000 0.000000 -1.000000 1 8.268980309e-06 1.928699203e-05
150 0.230370 0.300000 -0.239340 0.230370 0.746105 -0.239340 0.000000 0.000000 0.000000 -1.000000 1 8.574919775e-06 1.981202513e-05
150 0.230370 0.300000 -0.239340 0.230370 0.746105 -0.239340 0.000000 0.000000 0.000000 -1.000000 1 7.945112884e-06 1.845997758e-05
150 0.230370 0.300000 -0.239340 0.230370 0.746105 -0.239340 0.000000 0.000000 0.000000 -1.000000 1 8.383998647e-06 1.943716779e-05
150 0.230370 0.300000 -0.239340 0.230370 0.746105 -0.239340 0.000000 0.000000 0.000000 -1.000000 1 8.791917935e-06 2.001901157e-05
150 0.230370 0.300000 -0.239340 0.230370 0.746105 -0.239340 0.000000 0.000000 0.000000 -1.000000 1 8.272938430e-06 1.924997196e-05
150 0.230370 0.300000 -0.239340 0.230370 0.746105 -0.239340 0.000000 0.000000 0.000000 -1.000000 1 8.472939953e-06 1.952098683e-05
150 0.230370 0.300000 -0.239340 0.230370 0.746105 -0.239340 0.000000 0.000000 0.000000 -1.000000 1 8.363043889e-06 1.936312765e-05
150 0.230370 0.300000 -0.239340 0.230370 0.746105 -0.239340 0.000000 0.000000 0.000000 -1.000000 1 6.123911589e-06 1.422199421e-05
150 0.230370 0.300000 -0.239340 0.230370 0.746105 -0.239340 0.000000 0.000000 0.000000 -1.000000 1 8.687144145e-06 2.004695125e-05
150 0.230370 0.300000 -0.239340 0.230370 0.746105 -0.239340 0.000000 0.000000 0.000000 -1.000000 1 8.553965017e-06 1.969607547e-05
150 0.230370 0.300000 -0.239340 0.230370 0.746105 -0.239340 0.000000 0.000000 0.000000 -1.000000 1 8.382834494e-06 1.932401210e-05
150 0.230370 0.300000 -0.239340 0.230370 0.746105 -0.239340 0.000000 0.000000 0.000000 -1.000000 1 8.634058759e-06 1.959619112e-05
150 0.230370 0.300000 -0.239340 0.230370 0.746105 -0.239340 0.000000 0.000000 0.000000 -1.000000 1 1.230998896e-05 2.929009497e-05
150 0.230370 0.300000 -0.239340 0.230370 0.746105 -0.239340 0.000000 0.000000 0.000000 -1.000000 1 1.730700023e-05 4.032510333e-05
150 0.230370 0.300000 -0.239340 0.230370 0.746105 -0.239340 0.000000 0.000000 0.000000 -1.000000 1 8.379109204e-06 1.936894841e-05
150 0.230370 0.300000 -0.239340 0.230370 0.746105 -0.239340 0.000000 0.000000 0.000000 -1.000000 1 8.370960131e-06 1.935916953e-05
150 0.230370 0.300000 -0.239340 0.230370 0.746105 -0.239340 0.000000 0.000000 0.000000 -1.000000 1 8.228933439e-06 1.920200884e-05
150 0.230370 0.300000 -0.239340 0.230370 0.746105 -0.239340 0.000000 0.000000 0.000000 -1.000000 1 7.780967280e-06 1.800316386e-05
150 0.230370 0.300000 -0.239340 0.230370 0.746105 -0.239340 0.000000 0.000000 0.000000 -1.000000 1 8.754199371e-06 1.974799670e-05
150 0.230370 0.300000 -0.239340 0.230370 0.746105 -0.239340 0.000000 0.000000 0.000000 -1.000000 1 1.212907955e-05 2.939999104e-05
151 0.290234 0.300000 -0.374452 0.290234 0.619772 -0.374452 0.000000 0.000000 0.000000 -1.000000 1 1.077190973e-05 2.613919787e-05
151 0.290234 0.300000 -0.374452 0.290234 0.619772 -0.374452 0.000000 0.000000 0.000000 -1.000000 1 6.173970178e-06 1.427484676e-05
151 0.290234 0.300000 -0.374452 0.290234 0.619772 -0.374452 0.000000 0.000000 0.000000 -1.000000 1 8.299015462e-06 1.939991489e-05
151 0.290234 0.300000 -0.374452 0.290234 0.619772 -0.374452 0.000000 0.000000 0.000000 -1.000000 1 8.428003639e-06 2.853595652e-05
151 0.290234 0.300000 -0.374452 0.290234 0.619772 -0.374452 0.000000 0.000000 0.000000 -1.000000 1 5.864072591e-06 1.358403824e-05
151 0.290234 0.300000 -0.374452 0.290234 0.619772 -0.374452 0.000000 0.000000 0.000000 -1.000000 1 2.790009603e-06 6.221933290e-06
151 0.290234 0.300000 -0.374452 0.290234 0.619772 -0.374452 0.000000 0.000000 0.000000 -1.000000 1 2.090120688e-06 4.815170541e-06
151 0.290234 0.300000 -0.374452 0.290234 0.619772 -0.374452 0.000000 0.000000 0.000000 -1.000000 1 2.048909664e-06 4.824018106e-06
151 0.290234 0.300000 -0.374452 0.290234 0.619772 -0.374452 0.000000 0.000000 0.000000 -1.000000 1 2.118060365e-06 4.798173904e-06
151 0.290234 0.300000 -0.374452 0.290234 0.619772 -0.374452 0.000000 0.000000 0.000000 -1.000000 1 2.529937774e-06 5.798181519e-06
151 0.290234 0.300000 -0.374452 0.290234 0.619772 -0.374452 0.000000 0.000000 0.000000 -1.000000 1 7.591908798e-06 1.795892604e-05
151 0.290234 0.300000 -0.374452 0.290234 0.619772 -0.374452 0.000000 0.000000 0.000000 -1.000000 1 5.573034286e-06 1.276587136e-05
151 0.290234 0.300000 -0.374452 0.290234 0.619772 -0.374452 0.000000 0.000000 0.000000 -1.000000 1 4.884088412e-06 1.140311360e-05
151 0.290234 0.300000 -0.374452 0.290234 0.619772 -0.374452 0.000000 0.000000 0.000000 -1.000000 1 6.186077371e-06 1.434306614e-05
151 0.290234 0.300000 -0.374452 0.290234 0.619772 -0.374452 0.000000 0.000000 0.000000 -1.000000 1 8.455011994e-06 1.952401362e-05
151 0.290234 0.300000 -0.374452 0.290234 0.619772 -0.374452 0.000000 0.000000 0.000000 -1.000000 1 8.313916624e-06 1.923087984e-05
151 0.290234 0.300000 -0.374452 0.290234 0.619772 -0.374452 0.000000 0.000000 0.000000 -1.000000 1 7.309950888e-06 1.670490019e-05
151 0.290234 0.300000 -0.374452 0.290234 0.619772 -0.374452 0.000000 0.000000 0.000000 -1.000000 1 1.674098894e-05 3.899191506e-05
151 0.290234 0.300000 -0.374452 0.290234 0.619772 -0.374452 0.000000 0.000000 0.000000 -1.000000 1 8.398899809e-06 1.938990317e-05
151 0.290234 0.300000 -0.374452 0.290234 0.619772 -0.374452 0.000000 0.000000 0.000000 -1.000000 1 4.164874554e-06 9.638955817e-06
152 0.297586 0.300000 -0.345483 0.297586 0.487224 -0.345483 0.000000 0.000000 0.000000 -1.000000 1 3.651948646e-06 8.431961760e-06
152 0.297586 0.300000 -0.345483 0.297586 0.487224 -0.345483 0.000000 0.000000 0.000000 -1.000000 1 6.789108738e-06 1.540989615e-05
152 0.297586 0.300000 -0.345483 0.297586 0.487224 -0.345483 0.000000 0.000000 0.000000 -1.000000 1 8.302973583e-06 1.890491694e-05
152 0.297586 0.300000 -0.345483 0.297586 0.487224 -0.345483 0.000000 0.000000 0.000000 -1.000000 1 7.908092812e-06 1.820502803e-05
152 0.297586 0.300000 -0.345483 0.297586 0.487224 -0.345483 0.000000 0.000000 0.000000 -1.000000 1 6.829854101e-06 2.066395245e-05
152 0.297586 0.300000 -0.345483 0.297586 0.487224 -0.345483 0.000000 0.000000 0.000000 -1.000000 1 5.558831617e-06 1.278403215e-05
152 0.297586 0.300000 -0.345483 0.297586 0.487224 -0.345483 0.000000 0.000000 0.000000 -1.000000 1 1.137284562e-05 2.743699588e-05
152 0.297586 0.300000 -0.345483 0.297586 0.487224 -0.345483 0.000000 0.000000 0.000000 -1.000000 1 1.884903759e-05 4.541804083e-05
152 0.297586 0.300000 -0.345483 0.297586 0.487224 -0.345483 0.000000 0.000000 0.000000 -1.000000 1 8.255010471e-06 1.891516149e-05
152 0.297586 0.300000 -0.345483 0.297586 0.487224 -0.345483 0.000000 0.000000 0.000000 -1.000000 1 8.414965123e-06 1.930189319e-05
152 0.297586 0.300000 -0.345483 0.297586 0.487224 -0.345483 0.000000 0.000000 0.000000 -1.000000 1 8.322065696e-06 1.936499029e-05
152 0.297586 0.300000 -0.345483 0.297586 0.487224 -0.345483 0.000000 0.000000 0.000000 -1.000000 1 9.972834960e-06 2.254010178e-05
152 0.297586 0.300000 -0.345483 0.297586 0.487224 -0.345483 0.000000 0.000000 0.000000 -1.000000 1 8.556060493e-06 1.945812255e-05
152 0.297586 0.300000 -0.345483 0.297586 0.487224 -0.345483 0.000000 0.000000 0.000000 -1.000000 1 8.509960026e-06 1.958105713e-05
152 0.297586 0.300000 -0.345483 0.297586 0.487224 -0.345483 0.000000 0.000000 0.000000 -1.000000 1 8.366070688e-06 1.940387301e-05
152 0.297586 0.300000 -0.345483 0.297586 0.487224 -0.345483 0.000000 0.000000 0.000000 -1.000000 1 7.812166587e-06 1.803203486e-05
152 0.297586 0.300000 -0.345483 0.297586 0.487224 -0.345483 0.000000 0.000000 0.000000 -1.000000 1 1.305411570e-05 3.089080565e-05
152 0.297586 0.300000 -0.345483 0.297586 0.487224 -0.345483 0.000000 0.000000 0.000000 -1.000000 1 1.147086732e-05 2.751010470e-05
152 0.297586 0.300000 -0.345483 0.297586 0.487224 -0.345483 0.000000 0.000000 0.000000 -1.000000 1 8.585164323e-06 1.971493475e-05
152 0.297586 0.300000 -0.345483 0.297586 0.487224 -0.345483 0.000000 0.000000 0.000000 -1.000000 1 9.970040992e-06 2.344814129e-05
153 0.370352 0.300000 -0.340996 0.370352 0.327340 -0.340996 0.000000 0.000000 0.000000 -1.000000 1 8.376082405e-06 1.941714436e-05
153 0.370352 0.300000 -0.340996 0.370352 0.327340 -0.340996 0.000000 0.000000 0.000000 -1.000000 1 8.267816156e-06 1.917500049e-05
153 0.370352 0.300000 -0.340996 0.370352 0.327340 -0.340996 0.000000 0.000000 0.000000 -1.000000 1 9.121140465e-06 2.003903501e-05
153 0.370352 0.300000 -0.340996 0.370352 0.327340 -0.340996 0.000000 0.000000 0.000000 -1.000000 1 1.272000372e-05 3.030290827e-05
153 0.370352 0.300000 -0.340996 0.370352 0.327340 -0.340996 0.000000 0.000000 0.000000 -1.000000 1 1.686508767e-05 1.597439405e-04
153 0.370352 0.300000 -0.340996 0.370352 0.327340 -0.340996 0.000000 0.000000 0.000000 -1.000000 1 8.417060599e-06 1.940806396e-05
153 0.370352 0.300000 -0.340996 0.370352 0.327340 -0.340996 0.000000 0.000000 0.000000 -1.000000 1 8.466187865e-06 1.949490979e-05
153 0.370352 0.300000 -0.340996 0.370352 0.327340 -0.340996 0.000000 0.000000 0.000000 -1.000000 1 8.353963494e-06 1.917593181e-05
153 0.370352 0.300000 -0.340996 0.370352 0.327340 -0.340996 0.000000 0.000000 0.000000 -1.000000 1 7.921131328e-06 1.859618351e-05
153 0.370352 0.300000 -0.340996 0.370352 0.327340 -0.340996 0.000000 0.000000 0.000000 -1.000000 1 7.800990716e-06 1.848395914e-05
153 0.370352 0.300000 -0.340996 0.370352 0.327340 -0.340996 0.000000 0.000000 0.000000 -1.000000 1 7.831025869e-06 1.828791574e-05
153 0.370352 0.300000 -0.340996 0.370352 0.327340 -0.340996 0.000000 0.000000 0.000000 -1.000000 1 8.356058970e-06 1.887907274e-05
153 0.370352 0.300000 -0.340996 0.370352 0.327340 -0.340996 0.000000 0.000000 0.000000 -1.000000 1 8.389120921e-06 1.931306906e-05
153 0.370352 0.300000 -0.340996 0.370352 0.327340 -0.340996 0.000000 0.000000 0.000000 -1.000000 1 8.300878108e-06 1.917616464e-05
153 0.370352 0.300000 -0.340996 0.370352 0.327340 -0.340996 0.000000 0.000000 0.000000 -1.000000 1 8.341856301e-06 1.919595525e-05
153 0.370352 0.300000 -0.340996 0.370352 0.327340 -0.340996 0.000000 0.000000 0.000000 -1.000000 1 1.131696627e-05 2.716295421e-05
153 0.370352 0.300000 -0.340996 0.370352 0.327340 -0.340996 0.000000 0.000000 0.000000 -1.000000 1 1.073302701e-05 2.424302511e-05
153 0.370352 0.300000 -0.340996 0.370352 0.327340 -0.340996 0.000000 0.000000 0.000000 -1.000000 1 7.854076102e-06 1.799687743e-05
153 0.370352 0.300000 -0.340996 0.370352 0.327340 -0.340996 0.000000 0.000000 0.000000 -1.000000 1 1.330696978e-05 3.107404336e-05
153 0.370352 0.300000 -0.340996 0.370352 0.327340 -0.340996 0.000000 0.000000 0.000000 -1.000000 1 1.187087037e-05 2.805399708e-05
154 0.382494 0.170609 -0.271199 0.382494 0.170609 -0.271199 0.000000 0.000000 0.000000 -1.000000 1 1.267297193e-05 3.023585305e-05
154 0.382494 0.170609 -0.271199 0.382494 0.170609 -0.271199 0.000000 0.000000 0.000000 -1.000000 1 1.842412166e-05 4.530278966e-05
154 0.382494 0.170609 -0.271199 0.382494 0.170609 -0.271199 0.000000 0.000000 0.000000 -1.000000 1 1.272000372e-05 3.028707579e-05
154 0.382494 0.170609 -0.271199 0.382494 0.170609 -0.271199 0.000000 0.000000 0.000000 -1.000000 1 8.598901331e-06 1.963810064e-05
154 0.382494 0.170609 -0.271199 0.382494 0.170609 -0.271199 0.000000 0.000000 0.000000 -1.000000 1 8.302973583e-06 1.911399886e-05
154 0.382494 0.170609 -0.271199 0.382494 0.170609 -0.271199 0.000000 0.000000 0.000000 -1.000000 1 8.377013728e-06 1.925206743e-05
154 0.382494 0.170609 -0.271199 0.382494 0.170609 -0.271199 0.000000 0.000000 0.000000 -1.000000 1 8.292961866e-06 1.915218309e-05
154 0.382494 0.170609 -0.271199 0.382494 0.170609 -0.271199 0.000000 0.000000 0.000000 -1.000000 1 1.209601760e-05 2.913596109e-05
154 0.382494 0.170609 -0.271199 0.382494 0.170609 -0.271199 0.000000 0.000000 0.000000 -1.000000 1 1.234794036e-05 3.388803452e-05
154 0.382494 0.170609 -0.271199 0.382494 0.170609 -0.271199 0.000000 0.000000 0.000000 -1.000000 1 8.302973583e-06 1.972005703e-05
154 0.382494 0.170609 -0.271199 0.382494 0.170609 -0.271199 0.000000 0.000000 0.000000 -1.000000 1 8.294126019e-06 1.919991337e-05
154 0.382494 0.170609 -0.271199 0.382494 0.170609 -0.271199 0.000000 0.000000 0.000000 -1.000000 1 8.313916624e-06 1.920503564e-05
154 0.382494 0.170609 -0.271199 0.382494 0.170609 -0.271199 0.000000 0.000000 0.000000 -1.000000 1 1.263106242e-05 3.035878763e-05
154 0.382494 0.170609 -0.271199 0.382494 0.170609 -0.271199 0.000000 0.000000 0.000000 -1.000000 1 1.529511064e-05 3.523589112e-05
154 0.382494 0.170609 -0.271199 0.382494 0.170609 -0.271199 0.000000 0.000000 0.000000 -1.000000 1 1.237704419e-05 2.996204421e-05
154 0.382494 0.170609 -0.271199 0.382494 0.170609 -0.271199 0.000000 0.000000 0.000000 -1.000000 1 8.899951354e-06 2.120900899e-05
154 0.382494 0.170609 -0.271199 0.382494 0.170609 -0.271199 0.000000 0.000000 0.000000 -1.000000 1 8.268980309e-06 1.922808588e-05
154 0.382494 0.170609 -0.271199 0.382494 0.170609 -0.271199 0.000000 0.000000 0.000000 -1.000000 1 8.390983567e-06 1.930305734e-05
154 0.382494 0.170609 -0.271199 0.382494 0.170609 -0.271199 0.000000 0.000000 0.000000 -1.000000 1 1.026410609e-05 2.384698018e-05
154 0.382494 0.170609 -0.271199 0.382494 0.170609 -0.271199 0.000000 0.000000 0.000000 -1.000000 1 8.422881365e-06 1.947814599e-05
155 0.416091 0.029994 -0.196337 0.416091 0.029994 -0.196337 0.000000 0.000000 0.000000 -1.000000 1 1.263292506e-05 3.042281605e-05
155 0.416091 0.029994 -0.196337 0.416091 0.029994 -0.196337 0.000000 0.000000 0.000000 -1.000000 1 1.206598245e-05 2.844817936e-05
155 0.416091 0.029994 -0.196337 0.416091 0.029994 -0.196337 0.000000 0.000000 0.000000 -1.000000 1 8.082017303e-06 1.836312003e-05
155 0.416091 0.029994 -0.196337 0.416091 0.029994 -0.196337 0.000000 0.000000 0.000000 -1.000000 1 8.533010259e-06 1.951912418e-05
155 0.416091 0.029994 -0.196337 0.416091 0.029994 -0.196337 0.000000 0.000000 0.000000 -1.000000 1 7.676193491e-06 1.804996282e-05
155 0.416091 0.029994 -0.196337 0.416091 0.029994 -0.196337 0.000000 0.000000 0.000000 -1.000000 1 8.589122444e-06 1.995405182e-05
155 0.416091 0.029994 -0.196337 0.416091 0.029994 -0.196337 0.000000 0.000000 0.000000 -1.000000 1 9.119044989e-06 2.017291263e-05
155 0.416091 0.029994 -0.196337 0.416091 0.029994 -0.196337 0.000000 0.000000 0.000000 -1.000000 1 9.084818885e-06 2.109305933e-05
155 0.416091 0.029994 -0.196337 0.416091 0.029994 -0.196337 0.000000 0.000000 0.000000 -1.000000 1 8.543021977e-06 1.966394484e-05
155 0.416091 0.029994 -0.196337 0.416091 0.029994 -0.196337 0.000000 0.000000 0.000000 -1.000000 1 7.851980627e-06 1.815008000e-05
155 0.416091 0.029994 -0.196337 0.416091 0.029994 -0.196337 0.000000 0.000000 0.000000 -1.000000 1 1.396308653e-05 2.439296804e-05
155 0.416091 0.029994 -0.196337 0.416091 0.029994 -0.196337 0.000000 0.000000 0.000000 -1.000000 1 7.941853255e-06 1.831003465e-05
155 0.416091 0.029994 -0.196337 0.416091 0.029994 -0.196337 0.000000 0.000000 0.000000 -1.000000 1 7.814960554e-06 1.824507490e-05
155 0.416091 0.029994 -0.196337 0.416091 0.029994 -0.196337 0.000000 0.000000 0.000000 -1.000000 1 7.893890142e-06 1.818686724e-05
155 0.416091 0.029994 -0.196337 0.416091 0.029994 -0.196337 0.000000 0.000000 0.000000 -1.000000 1 7.770955563e-06 1.804879867e-05
155 0.416091 0.029994 -0.196337 0.416091 0.029994 -0.196337 0.000000 0.000000 0.000000 -1.000000 1 1.947698183e-05 4.619499668e-05
155 0.416091 0.029994 -0.196337 0.416091 0.029994 -0.196337 0.000000 0.000000 0.000000 -1.000000 1 1.260684803e-05 2.989708446e-05
155 0.416091 0.029994 -0.196337 0.416091 0.029994 -0.196337 0.000000 0.000000 0.000000 -1.000000 1 1.379894093e-05 3.294297494e-05
155 0.416091 0.029994 -0.196337 0.416091 0.029994 -0.196337 0.000000 0.000000 0.000000 -1.000000 1 1.283292659e-05 3.035692498e-05
155 0.416091 0.029994 -0.196337 0.416091 0.029994 -0.196337 0.000000 0.000000 0.000000 -1.000000 1 8.468981832e-06 1.956801862e-05
156 0.406788 -0.105589 -0.142204 0.406788 -0.105589 -0.142204 0.000000 0.000000 0.000000 -1.000000 1 8.443137631e-06 1.948885620e-05
156 0.406788 -0.105589 -0.142204 0.406788 -0.105589 -0.142204 0.000000 0.000000 0.000000 -1.000000 1 8.238013834e-06 1.917197369e-05
156 0.406788 -0.105589 -0.142204 0.406788 -0.105589 -0.142204 0.000000 0.000000 0.000000 -1.000000 1 8.600996807e-06 1.991610043e-05
156 0.406788 -0.105589 -0.142204 0.406788 -0.105589 -0.142204 0.000000 0.000000 0.000000 -1.000000 1 8.339993656e-06 1.946580596e-05
156 0.406788 -0.105589 -0.142204 0.406788 -0.105589 -0.142204 0.000000 0.000000 0.000000 -1.000000 1 8.445931599e-06 1.941504888e-05
156 0.406788 -0.105589 -0.142204 0.406788 -0.105589 -0.142204 0.000000 0.000000 0.000000 -1.000000 1 8.389120921e-06 1.928396523e-05
156 0.406788 -0.105589 -0.142204 0.406788 -0.105589 -0.142204 0.000000 0.000000 0.000000 -1.000000 1 8.371891454e-06 1.940713264e-05
156 0.406788 -0.105589 -0.142204 0.406788 -0.105589 -0.142204 0.000000 0.000000 0.000000 -1.000000 1 9.874114767e-06 2.283719368e-05
156 0.406788 -0.105589 -0.142204 0.406788 -0.105589 -0.142204 0.000000 0.000000 0.000000 -1.000000 1 8.339993656e-06 1.932517625e-05
156 0.406788 -0.105589 -0.142204 0.406788 -0.105589 -0.142204 0.000000 0.000000 0.000000 -1.000000 1 8.417060599e-06 1.949397847e-05
156 0.406788 -0.105589 -0.142204 0.406788 -0.105589 -0.142204 0.000000 0.000000 0.000000 -1.000000 1 8.303904906e-06 1.935800537e-05
156 0.406788 -0.105589 -0.142204 0.406788 -0.105589 -0.142204 0.000000 0.000000 0.000000 -1.000000 1 8.266186342e-06 1.934287138e-05
156 0.406788 -0.105589 -0.142204 0.406788 -0.105589 -0.142204 0.000000 0.000000 0.000000 -1.000000 1 3.012502566e-05 5.145510659e-05
156 0.406788 -0.105589 -0.142204 0.406788 -0.105589 -0.142204 0.000000 0.000000 0.000000 -1.000000 1 8.378876373e-06 1.920922659e-05
156 0.406788 -0.105589 -0.142204 0.406788 -0.105589 -0.142204 0.000000 0.000000 0.000000 -1.000000 1 8.419854566e-06 1.940713264e-05
156 0.406788 -0.105589 -0.142204 0.406788 -0.105589 -0.142204 0.000000 0.000000 0.000000 -1.000000 1 8.397037163e-06 1.936894841e-05
156 0.406788 -0.105589 -0.142204 0.406788 -0.105589 -0.142204 0.000000 0.000000 0.000000 -1.000000 1 1.070508733e-05 2.571288496e-05
156 0.406788 -0.105589 -0.142204 0.406788 -0.105589 -0.142204 0.000000 0.000000 0.000000 -1.000000 1 8.371192962e-06 2.031284384e-05
156 0.406788 -0.105589 -0.142204 0.406788 -0.105589 -0.142204 0.000000 0.000000 0.000000 -1.000000 1 6.297137588e-06 1.516402699e-05
156 0.406788 -0.105589 -0.142204 0.406788 -0.105589 -0.142204 0.000000 0.000000 0.000000 -1.000000 1 1.313397661e-05 3.158696927e-05
157 0.390054 -0.190771 -0.075978 0.390054 -0.190771 -0.075978 0.000000 0.000000 0.000000 -1.000000 1 1.211906783e-05 2.908706665e-05
157 0.390054 -0.190771 -0.075978 0.390054 -0.190771 -0.075978 0.000000 0.000000 0.000000 -1.000000 1 1.195096411e-05 2.916995436e-05
157 0.390054 -0.190771 -0.075978 0.390054 -0.190771 -0.075978 0.000000 0.000000 0.000000 -1.000000 1 1.221708953e-05 2.930196933e-05
157 0.390054 -0.190771 -0.075978 0.390054 -0.190771 -0.075978 0.000000 0.000000 0.000000 -1.000000 1 1.244992018e-05 2.975505777e-05
157 0.390054 -0.190771 -0.075978 0.390054 -0.190771 -0.075978 0.000000 0.000000 0.000000 -1.000000 1 1.336797141e-05 3.224099055e-05
157 0.390054 -0.190771 -0.075978 0.390054 -0.190771 -0.075978 0.000000 0.000000 0.000000 -1.000000 1 1.124409027e-05 2.735387534e-05
157 0.390054 -0.190771 -0.075978 0.390054 -0.190771 -0.075978 0.000000 0.000000 0.000000 -1.000000 1 1.132721081e-05 2.737110481e-05
157 0.390054 -0.190771 -0.075978 0.390054 -0.190771 -0.075978 0.000000 0.000000 0.000000 -1.000000 1 1.204898581e-05 2.952106297e-05
157 0.390054 -0.190771 -0.075978 0.390054 -0.190771 -0.075978 0.000000 0.000000 0.000000 -1.000000 1 1.260894351e-05 3.019883297e-05
157 0.390054 -0.190771 -0.075978 0.390054 -0.190771 -0.075978 0.000000 0.000000 0.000000 -1.000000 1 1.659407280e-05 4.000286572e-05
157 0.390054 -0.190771 -0.075978 0.390054 -0.190771 -0.075978 0.000000 0.000000 0.000000 -1.000000 1 7.749069482e-06 1.794518903e-05
157 0.390054 -0.190771 -0.075978 0.390054 -0.190771 -0.075978 0.000000 0.000000 0.000000 -1.000000 1 8.350005373e-06 1.950701699e-05
157 0.390054 -0.190771 -0.075978 0.390054 -0.190771 -0.075978 0.000000 0.000000 0.000000 -1.000000 1 7.711118087e-06 1.796917059e-05
157 0.390054 -0.190771 -0.075978 0.390054 -0.190771 -0.075978 0.000000 0.000000 0.000000 -1.000000 1 8.263858035e-06 1.932214946e-05
157 0.390054 -0.190771 -0.075978 0.390054 -0.190771 -0.075978 0.000000 0.000000 0.000000 -1.000000 1 7.821945474e-06 1.798919402e-05
157 0.390054 -0.190771 -0.075978 0.390054 -0.190771 -0.075978 0.000000 0.000000 0.000000 -1.000000 1 8.687842637e-06 1.958897337e-05
157 0.390054 -0.190771 -0.075978 0.390054 -0.190771 -0.075978 0.000000 0.000000 0.000000 -1.000000 1 8.740928024e-06 1.996289939e-05
157 0.390054 -0.190771 -0.075978 0.390054 -0.190771 -0.075978 0.000000 0.000000 0.000000 -1.000000 1 7.797963917e-06 1.801690087e-05
157 0.390054 -0.190771 -0.075978 0.390054 -0.190771 -0.075978 0.000000 0.000000 0.000000 -1.000000 1 6.943941116e-06 1.600594260e-05
157 0.390054 -0.190771 -0.075978 0.390054 -0.190771 -0.075978 0.000000 0.000000 0.000000 -1.000000 1 7.861992344e-06 1.820898615e-05
158 0.417843 -0.213628 0.010361 0.417843 -0.213628 0.010361 0.000000 0.000000 0.000000 -1.000000 1 8.210074157e-06 1.918990165e-05
158 0.417843 -0.213628 0.010361 0.417843 -0.213628 0.010361 0.000000 0.000000 0.000000 -1.000000 1 1.039984636e-05 2.460088581e-05
158 0.417843 -0.213628 0.010361 0.417843 -0.213628 0.010361 0.000000 0.000000 0.000000 -1.000000 1 8.407980204e-06 1.931190491e-05
158 0.417843 -0.213628 0.010361 0.417843 -0.213628 0.010361 0.000000 0.000000 0.000000 -1.000000 1 8.648028597e-06 1.951493323e-05
158 0.417843 -0.213628 0.010361 0.417843 -0.213628 0.010361 0.000000 0.000000 0.000000 -1.000000 1 8.497852832e-06 1.973100007e-05
158 0.417843 -0.213628 0.010361 0.417843 -0.213628 0.010361 0.000000 0.000000 0.000000 -1.000000 1 8.468050510e-06 2.716784365e-05
158 0.417843 -0.213628 0.010361 0.417843 -0.213628 0.010361 0.000000 0.000000 0.000000 -1.000000 1 3.002118319e-05 5.103903823e-05
158 0.417843 -0.213628 0.010361 0.417843 -0.213628 0.010361 0.000000 0.000000 0.000000 -1.000000 1 8.358154446e-06 1.933285967e-05
158 0.417843 -0.213628 0.010361 0.417843 -0.213628 0.010361 0.000000 0.000000 0.000000 -1.000000 1 8.592149243e-06 1.987791620e-05
158 0.417843 -0.213628 0.010361 0.417843 -0.213628 0.010361 0.000000 0.000000 0.000000 -1.000000 1 8.482951671e-06 1.940294169e-05
158 0.417843 -0.213628 0.010361 0.417843 -0.213628 0.010361 0.000000 0.000000 0.000000 -1.000000 1 8.456874639e-06 1.936289482e-05
158 0.417843 -0.213628 0.010361 0.417843 -0.213628 0.010361 0.000000 0.000000 0.000000 -1.000000 1 8.417991921e-06 1.949397847e-05
158 0.417843 -0.213628 0.010361 0.417843 -0.213628 0.010361 0.000000 0.000000 0.000000 -1.000000 1 8.410075679e-06 1.961505041e-05
158 0.417843 -0.213628 0.010361 0.417843 -0.213628 0.010361 0.000000 0.000000 0.000000 -1.000000 1 8.574919775e-06 2.000201494e-05
158 0.417843 -0.213628 0.010361 0.417843 -0.213628 0.010361 0.000000 0.000000 0.000000 -1.000000 1 8.682021871e-06 1.949793659e-05
158 0.417843 -0.213628 0.010361 0.417843 -0.213628 0.010361 0.000000 0.000000 0.000000 -1.000000 1 8.325092494e-06 1.939595677e-05
158 0.417843 -0.213628 0.010361 0.417843 -0.213628 0.010361 0.000000 0.000000 0.000000 -1.000000 1 8.394010365e-06 1.944694668e-05
158 0.417843 -0.213628 0.010361 0.417843 -0.213628 0.010361 0.000000 0.000000 0.000000 -1.000000 1 8.530914783e-06 1.942203380e-05
158 0.417843 -0.213628 0.010361 0.417843 -0.213628 0.010361 0.000000 0.000000 0.000000 -1.000000 1 1.003383659e-05 2.390798181e-05
158 0.417843 -0.213628 0.010361 0.417843 -0.213628 0.010361 0.000000 0.000000 0.000000 -1.000000 1 8.103903383e-06 1.831608824e-05
159 0.392082 -0.219040 -0.086007 0.392082 -0.219040 -0.086007 0.000000 0.000000 0.000000 -1.000000 1 7.765134797e-06 1.815194264e-05
159 0.392082 -0.219040 -0.086007 0.392082 -0.219040 -0.086007 0.000000 0.000000 0.000000 -1.000000 1 6.861984730e-06 1.584109850e-05
159 0.392082 -0.219040 -0.086007 0.392082 -0.219040 -0.086007 0.000000 0.000000 0.000000 -1.000000 1 8.360017091e-06 1.941085793e-05
159 0.392082 -0.219040 -0.086007 0.392082 -0.219040 -0.086007 0.000000 0.000000 0.000000 -1.000000 1 1.605204307e-05 3.939191811e-05
159 0.392082 -0.219040 -0.086007 0.392082 -0.219040 -0.086007 0.000000 0.000000 0.000000 -1.000000 1 8.289935067e-06 1.932890154e-05
159 0.392082 -0.219040 -0.086007 0.392082 -0.219040 -0.086007 0.000000 0.000000 0.000000 -1.000000 1 8.389819413e-06 1.950399019e-05
159 0.392082 -0.219040 -0.086007 0.392082 -0.219040 -0.086007 0.000000 0.000000 0.000000 -1.000000 1 7.790047675e-06 1.801201142e-05
159 0.392082 -0.219040 -0.086007 0.392082 -0.219040 -0.086007 0.000000 0.000000 0.000000 -1.000000 1 8.483882993e-06 1.940201037e-05
159 0.392082 -0.219040 -0.086007 0.392082 -0.219040 -0.086007 0.000000 0.000000 0.000000 -1.000000 1 8.458970115e-06 1.968094148e-05
159 0.392082 -0.219040 -0.086007 0.392082 -0.219040 -0.086007 0.000000 0.000000 0.000000 -1.000000 1 8.441973478e-06 1.940899529e-05
159 0.392082 -0.219040 -0.086007 0.392082 -0.219040 -0.086007 0.000000 0.000000 0.000000 -1.000000 1 8.384929970e-06 1.945905387e-05
159 0.392082 -0.219040 -0.086007 0.392082 -0.219040 -0.086007 0.000000 0.000000 0.000000 -1.000000 1 2.081971616e-06 4.765111953e-06
159 0.392082 -0.219040 -0.086007 0.392082 -0.219040 -0.086007 0.000000 0.000000 0.000000 -1.000000 1 7.789116353e-06 1.814495772e-05
159 0.392082 -0.219040 -0.086007 0.392082 -0.219040 -0.086007 0.000000 0.000000 0.000000 -1.000000 1 8.424045518e-06 1.947488636e-05
159 0.392082 -0.219040 -0.086007 0.392082 -0.219040 -0.086007 0.000000 0.000000 0.000000 -1.000000 1 8.315080777e-06 1.925393008e-05
159 0.392082 -0.219040 -0.086007 0.392082 -0.219040 -0.086007 0.000000 0.000000 0.000000 -1.000000 1 8.594011888e-06 1.988885924e-05
159 0.392082 -0.219040 -0.086007 0.392082 -0.219040 -0.086007 0.000000 0.000000 0.000000 -1.000000 1 8.289003745e-06 1.940387301e-05
159 0.392082 -0.219040 -0.086007 0.392082 -0.219040 -0.086007 0.000000 0.000000 0.000000 -1.000000 1 8.304137737e-06 1.926091500e-05
159 0.392082 -0.219040 -0.086007 0.392082 -0.219040 -0.086007 0.000000 0.000000 0.000000 -1.000000 1 8.934875950e-06 2.087512985e-05
159 0.392082 -0.219040 -0.086007 0.392082 -0.219040 -0.086007 0.000000 0.000000 0.000000 -1.000000 1 7.848022506e-06 1.813797280e-05
160 0.434827 -0.150284 0.066285 0.434827 -0.150284 0.066285 0.000000 0.000000 0.000000 -1.000000 1 1.181196421e-05 2.739205956e-05
160 0.434827 -0.150284 0.066285 0.434827 -0.150284 0.066285 0.000000 0.000000 0.000000 -1.000000 1 8.455943316e-06 1.934217289e-05
160 0.434827 -0.150284 0.066285 0.434827 -0.150284 0.066285 0.000000 0.000000 0.000000 -1.000000 1 8.387025446e-06 1.906510442e-05
160 0.434827 -0.150284 0.066285 0.434827 -0.150284 0.066285 0.000000 0.000000 0.000000 -1.000000 1 8.441042155e-06 1.939618960e-05
160 0.434827 -0.150284 0.066285 0.434827 -0.150284 0.066285 0.000000 0.000000 0.000000 -1.000000 1 8.953968063e-06 2.043810673e-05
160 0.434827 -0.150284 0.066285 0.434827 -0.150284 0.066285 0.000000 0.000000 0.000000 -1.000000 1 8.359784260e-06 1.930003054e-05
160 0.434827 -0.150284 0.066285 0.434827 -0.150284 0.066285 0.000000 0.000000 0.000000 -1.000000 1 8.344883099e-06 1.941900700e-05
160 0.434827 -0.150284 0.066285 0.434827 -0.150284 0.066285 0.000000 0.000000 0.000000 -1.000000 1 8.512055501e-06 1.971190795e-05
160 0.434827 -0.150284 0.066285 0.434827 -0.150284 0.066285 0.000000 0.000000 0.000000 -1.000000 1 7.886905223e-06 1.821690239e-05
160 0.434827 -0.150284 0.066285 0.434827 -0.150284 0.066285 0.000000 0.000000 0.000000 -1.000000 1 8.647097275e-06 1.951400191e-05
160 0.434827 -0.150284 0.066285 0.434827 -0.150284 0.066285 0.000000 0.000000 0.000000 -1.000000 1 7.777940482e-06 1.796311699e-05
160 0.434827 -0.150284 0.066285 0.434827 -0.150284 0.066285 0.000000 0.000000 0.000000 -1.000000 1 7.883878425e-06 1.799897291e-05
160 0.434827 -0.150284 0.066285 0.434827 -0.150284 0.066285 0.000000 0.000000 0.000000 -1.000000 1 1.704599708e-05 3.810296766e-05
160 0.434827 -0.150284 0.066285 0.434827 -0.150284 0.066285 0.000000 0.000000 0.000000 -1.000000 1 1.409021206e-05 3.106100485e-05
160 0.434827 -0.150284 0.066285 0.434827 -0.150284 0.066285 0.000000 0.000000 0.000000 -1.000000 1 7.712049410e-06 1.799594611e-05
160 0.434827 -0.150284 0.066285 0.434827 -0.150284 0.066285 0.000000 0.000000 0.000000 -1.000000 1 6.922055036e-06 1.590605825e-05
160 0.434827 -0.150284 0.066285 0.434827 -0.150284 0.066285 0.000000 0.000000 0.000000 -1.000000 1 8.326955140e-06 1.930212602e-05
160 0.434827 -0.150284 0.066285 0.434827 -0.150284 0.066285 0.000000 0.000000 0.000000 -1.000000 1 1.450395212e-05 3.463099711e-05
160 0.434827 -0.150284 0.066285 0.434827 -0.150284 0.066285 0.000000 0.000000 0.000000 -1.000000 1 8.381903172e-06 1.920689829e-05
160 0.434827 -0.150284 0.066285 0.434827 -0.150284 0.066285 0.000000 0.000000 0.000000 -1.000000 1 8.381903172e-06 1.915800385e-05
161 0.412525 -0.107717 0.008753 0.412525 -0.107717 0.008753 0.000000 0.000000 0.000000 -1.000000 1 8.010072634e-06 1.832400449e-05
161 0.412525 -0.107717 0.008753 0.412525 -0.107717 0.008753 0.000000 0.000000 0.000000 -1.000000 1 8.373986930e-06 1.935195178e-05
161 0.412525 -0.107717 0.008753 0.412525 -0.107717 0.008753 0.000000 0.000000 0.000000 -1.000000 1 7.781898603e-06 1.829885878e-05
161 0.412525 -0.107717 0.008753 0.412525 -0.107717 0.008753 0.000000 0.000000 0.000000 -1.000000 1 8.337898180e-06 1.915404573e-05
161 0.412525 -0.107717 0.008753 0.412525 -0.107717 0.008753 0.000000 0.000000 0.000000 -1.000000 1 4.271045327e-06 9.903917089e-06
161 0.412525 -0.107717 0.008753 0.412525 -0.107717 0.008753 0.000000 0.000000 0.000000 -1.000000 1 4.323897883e-06 9.778887033e-06
161 0.412525 -0.107717 0.008753 0.412525 -0.107717 0.008753 0.000000 0.000000 0.000000 -1.000000 1 8.536037058e-06 1.954217441e-05
161 0.412525 -0.107717 0.008753 0.412525 -0.107717 0.008753 0.000000 0.000000 0.000000 -1.000000 1 8.364906535e-06 1.965789124e-05
161 0.412525 -0.107717 0.008753 0.412525 -0.107717 0.008753 0.000000 0.000000 0.000000 -1.000000 1 8.480157703e-06 1.971703023e-05
161 0.412525 -0.107717 0.008753 0.412525 -0.107717 0.008753 0.000000 0.000000 0.000000 -1.000000 1 1.004012302e-05 2.361112274e-05
161 0.412525 -0.107717 0.008753 0.412525 -0.107717 0.008753 0.000000 0.000000 0.000000 -1.000000 1 8.244067430e-06 1.926114783e-05
161 0.412525 -0.107717 0.008753 0.412525 -0.107717 0.008753 0.000000 0.000000 0.000000 -1.000000 1 8.421018720e-06 1.935288310e-05
161 0.412525 -0.107717 0.008753 0.412525 -0.107717 0.008753 0.000000 0.000000 0.000000 -1.000000 1 7.827999070e-06 1.803110354e-05
161 0.412525 -0.107717 0.008753 0.412525 -0.107717 0.008753 0.000000 0.000000 0.000000 -1.000000 1 8.393079042e-06 1.936592162e-05
161 0.412525 -0.107717 0.008753 0.412525 -0.107717 0.008753 0.000000 0.000000 0.000000 -1.000000 1 1.545390114e-05 3.650598228e-05
161 0.412525 -0.107717 0.008753 0.412525 -0.107717 0.008753 0.000000 0.000000 0.000000 -1.000000 1 8.314847946e-06 1.910002902e-05
161 0.412525 -0.107717 0.008753 0.412525 -0.107717 0.008753 0.000000 0.000000 0.000000 -1.000000 1 8.351169527e-06 1.939618960e-05
161 0.412525 -0.107717 0.008753 0.412525 -0.107717 0.008753 0.000000 0.000000 0.000000 -1.000000 1 8.329981938e-06 1.922785304e-05
161 0.412525 -0.107717 0.008753 0.412525 -0.107717 0.008753 0.000000 0.000000 0.000000 -1.000000 1 8.483184502e-06 1.962296665e-05
161 0.412525 -0.107717 0.008753 0.412525 -0.107717 0.008753 0.000000 0.000000 0.000000 -1.000000 1 8.234987035e-06 1.860805787e-05
162 0.427785 -0.015115 0.141820 0.427785 -0.015115 0.141820 0.000000 0.000000 0.000000 -1.000000 1 8.493894711e-06 1.952308230e-05
162 0.427785 -0.015115 0.141820 0.427785 -0.015115 0.141820 0.000000 0.000000 0.000000 -1.000000 1 5.890149623e-06 1.355796121e-05
162 0.427785 -0.015115 0.141820 0.427785 -0.015115 0.141820 0.000000 0.000000 0.000000 -1.000000 1 6.550922990e-06 1.501711085e-05
162 0.427785 -0.015115 0.141820 0.427785 -0.015115 0.141820 0.000000 0.000000 0.000000 -1.000000 1 4.566973075e-06 1.047505066e-05
162 0.427785 -0.015115 0.141820 0.427785 -0.015115 0.141820 0.000000 0.000000 0.000000 -1.000000 1 4.892935976e-06 1.132697798e-05
162 0.427785 -0.015115 0.141820 0.427785 -0.015115 0.141820 0.000000 0.000000 0.000000 -1.000000 1 8.417060599e-06 1.955591142e-05
162 0.427785 -0.015115 0.141820 0.427785 -0.015115 0.141820 0.000000 0.000000 0.000000 -1.000000 1 8.957926184e-06 2.046814188e-05
162 0.427785 -0.015115 0.141820 0.427785 -0.015115 0.141820 0.000000 0.000000 0.000000 -1.000000 1 8.544884622e-06 1.940899529e-05
162 0.427785 -0.015115 0.141820 0.427785 -0.015115 0.141820 0.000000 0.000000 0.000000 -1.000000 1 8.499016985e-06 1.938594505e-05
162 0.427785 -0.015115 0.141820 0.427785 -0.015115 0.141820 0.000000 0.000000 0.000000 -1.000000 1 2.108979970e-06 4.783971235e-06
162 0.427785 -0.015115 0.141820 0.427785 -0.015115 0.141820 0.000000 0.000000 0.000000 -1.000000 1 8.489005268e-06 1.937802881e-05
162 0.427785 -0.015115 0.141820 0.427785 -0.015115 0.141820 0.000000 0.000000 0.000000 -1.000000 1 1.236819662e-05 2.919998951e-05
162 0.427785 -0.015115 0.141820 0.427785 -0.015115 0.141820 0.000000 0.000000 0.000000 -1.000000 1 8.360017091e-06 1.937779598e-05
162 0.427785 -0.015115 0.141820 0.427785 -0.015115 0.141820 0.000000 0.000000 0.000000 -1.000000 1 8.362112567e-06 1.962902024e-05
162 0.426547 -0.015108 0.141820 0.427785 -0.015115 0.141820 0.000000 0.000000 0.000000 -1.000000 1 8.385162801e-06 1.941481605e-05
162 0.424709 -0.015104 0.141820 0.427785 -0.015115 0.141820 0.000000 0.000000 0.000000 -1.000000 1 8.415896446e-06 1.934799366e-05
162 0.422774 -0.015107 0.141820 0.427785 -0.015115 0.141820 0.000000 0.000000 0.000000 -1.000000 1 8.306000382e-06 1.913495362e-05
162 0.420722 -0.015118 0.141820 0.427785 -0.015115 0.141820 0.000000 0.000000 0.000000 -1.000000 1 8.560949937e-06 1.977104694e-05
162 0.418578 -0.015135 0.141820 0.427785 -0.015115 0.141820 0.000000 0.000000 0.000000 -1.000000 1 8.649192750e-06 2.043996938e-05
162 0.416414 -0.015156 0.141820 0.427785 -0.015115 0.141820 0.000000 0.000000 0.000000 -1.000000 1 8.278060704e-06 1.925299875e-05
163 0.403688 0.048995 0.154738 0.403688 0.048995 0.154738 0.000000 0.000000 0.000000 -1.000000 1 9.563053027e-06 2.076593228e-05
163 0.403688 0.048995 0.154738 0.403688 0.048995 0.154738 0.000000 0.000000 0.000000 -1.000000 1 1.135817729e-05 2.222997136e-05
163 0.403688 0.048995 0.154738 0.403688 0.048995 0.154738 0.000000 0.000000 0.000000 -1.000000 1 8.411007002e-06 1.934007742e-05
163 0.403688 0.048995 0.154738 0.403688 0.048995 0.154738 0.000000 0.000000 0.000000 -1.000000 1 1.509697177e-05 3.471109085e-05
163 0.403688 0.048995 0.154738 0.403688 0.048995 0.154738 0.000000 0.000000 0.000000 -1.000000 1 1.344014890e-05 3.163400106e-05
163 0.403688 0.048995 0.154738 0.403688 0.048995 0.154738 0.000000 0.000000 0.000000 -1.000000 1 1.205201261e-05 2.903188579e-05
163 0.401740 0.048966 0.154738 0.403688 0.048995 0.154738 0.000000 0.000000 0.000000 -1.000000 1 1.219008118e-05 2.912897617e-05
163 0.399511 0.048927 0.154738 0.403688 0.048995 0.154738 0.000000 0.000000 0.000000 -1.000000 1 8.417991921e-06 1.946301199e-05
163 0.397289 0.048884 0.154738 0.403688 0.048995 0.154738 0.000000 0.000000 0.000000 -1.000000 1 1.043500379e-05 2.425210550e-05
163 0.395152 0.048839 0.154738 0.403688 0.048995 0.154738 0.000000 0.000000 0.000000 -1.000000 1 8.429167792e-06 2.541998401e-05
163 0.393166 0.048796 0.154738 0.403688 0.048995 0.154738 0.000000 0.000000 0.000000 -1.000000 1 8.539063856e-06 3.046193160e-05
163 0.391344 0.048755 0.154738 0.403688 0.048995 0.154738 0.000000 0.000000 0.000000 -1.000000 1 8.526025340e-06 1.951516606e-05
163 0.389641 0.048718 0.154738 0.403688 0.048995 0.154738 0.000000 0.000000 0.000000 -1.000000 1 1.241592690e-05 3.860890865e-05
163 0.387966 0.048686 0.154738 0.403688 0.048995 0.154738 0.000000 0.000000 0.000000 -1.000000 1 1.831701957e-05 3.444100730e-05
163 0.386253 0.048658 0.154738 0.403688 0.048995 0.154738 0.000000 0.000000 0.000000 -1.000000 1 1.057004556e-05 2.409890294e-05
163 0.384475 0.048634 0.154738 0.403688 0.048995 0.154738 0.000000 0.000000 0.000000 -1.000000 1 8.363043889e-06 1.982203685e-05
163 0.382609 0.048614 0.154738 0.403688 0.048995 0.154738 0.000000 0.000000 0.000000 -1.000000 1 8.424045518e-06 1.936801709e-05
163 0.380633 0.048596 0.154738 0.403688 0.048995 0.154738 0.000000 0.000000 0.000000 -1.000000 1 8.418923244e-06 1.942110248e-05
163 0.378564 0.048574 0.154738 0.403688 0.048995 0.154738 0.000000 0.000000 0.000000 -1.000000 1 7.943948731e-06 1.816800795e-05
163 0.376461 0.048547 0.154738 0.403688 0.048995 0.154738 0.000000 0.000000 0.000000 -1.000000 1 8.414965123e-06 1.940503716e-05
164 0.373757 0.088425 0.171544 0.378332 0.088500 0.171544 0.000000 0.000000 0.000000 -1.000000 1 9.186798707e-06 2.050795592e-05
164 0.371786 0.088391 0.171544 0.378332 0.088500 0.171544 0.000000 0.000000 0.000000 -1.000000 1 8.440809324e-06 1.931819133e-05
164 0.369845 0.088356 0.171544 0.378332 0.088500 0.171544 0.000000 0.000000 0.000000 -1.000000 1 8.394941688e-06 1.920596696e-05
164 0.367989 0.088327 0.171544 0.378332 0.088500 0.171544 0.000000 0.000000 0.000000 -1.000000 1 8.280156180e-06 1.930003054e-05
164 0.366143 0.088305 0.171544 0.378332 0.088500 0.171544 0.000000 0.000000 0.000000 -1.000000 1 8.251983672e-06 1.909187995e-05
164 0.364224 0.088291 0.171544 0.378332 0.088500 0.171544 0.000000 0.000000 0.000000 -1.000000 1 9.568873793e-06 2.260599285e-05
164 0.362217 0.088282 0.171544 0.378332 0.088500 0.171544 0.000000 0.000000 0.000000 -1.000000 1 8.314847946e-06 1.933705062e-05
164 0.360138 0.088280 0.171544 0.378332 0.088500 0.171544 0.000000 0.000000 0.000000 -1.000000 1 8.399831131e-06 1.963996328e-05
164 0.358035 0.088280 0.171544 0.378332 0.088500 0.171544 0.000000 0.000000 0.000000 -1.000000 1 8.510192856e-06 1.967698336e-05
164 0.355982 0.088281 0.171544 0.378332 0.088500 0.171544 0.000000 0.000000 0.000000 -1.000000 1 8.438946679e-06 1.942110248e-05
164 0.354041 0.088277 0.171544 0.378332 0.088500 0.171544 0.000000 0.000000 0.000000 -1.000000 1 8.363975212e-06 1.924391836e-05
164 0.352225 0.088265 0.171544 0.378332 0.088500 0.171544 0.000000 0.000000 0.000000 -1.000000 1 8.380971849e-06 1.939199865e-05
164 0.350490 0.088242 0.171544 0.378332 0.088500 0.171544 0.000000 0.000000 0.000000 -1.000000 1 8.643837646e-06 2.594804391e-05
164 0.348771 0.088212 0.171544 0.378332 0.088500 0.171544 0.000000 0.000000 0.000000 -1.000000 1 8.382136002e-06 1.943088137e-05
164 0.347011 0.088181 0.171544 0.378332 0.088500 0.171544 0.000000 0.000000 0.000000 -1.000000 1 8.490867913e-06 1.948093995e-05
164 0.345180 0.088153 0.171544 0.378332 0.088500 0.171544 0.000000 0.000000 0.000000 -1.000000 1 8.377013728e-06 1.936592162e-05
164 0.343277 0.088134 0.171544 0.378332 0.088500 0.171544 0.000000 0.000000 0.000000 -1.000000 1 1.344596967e-05 3.080698662e-05
164 0.341314 0.088130 0.171544 0.378332 0.088500 0.171544 0.000000 0.000000 0.000000 -1.000000 1 1.057400368e-05 2.335896716e-05
164 0.339323 0.088143 0.171544 0.378332 0.088500 0.171544 0.000000 0.000000 0.000000 -1.000000 1 8.437084034e-06 1.929909922e-05
164 0.337345 0.088163 0.171544 0.378332 0.088500 0.171544 0.000000 0.000000 0.000000 -1.000000 1 8.515082300e-06 1.930398867e-05
165 0.335165 0.119811 0.150328 0.359326 0.120000 0.150328 0.000000 0.000000 0.000000 -1.000000 1 9.191920981e-06 2.033985220e-05
165 0.333311 0.119796 0.150328 0.359326 0.120000 0.150328 0.000000 0.000000 0.000000 -1.000000 1 8.665025234e-06 1.961784437e-05
165 0.331419 0.119773 0.150328 0.359326 0.120000 0.150328 0.000000 0.000000 0.000000 -1.000000 1 1.588603482e-05 3.833393566e-05
165 0.329424 0.119743 0.150328 0.359326 0.120000 0.150328 0.000000 0.000000 0.000000 -1.000000 1 8.509960026e-06 1.946790144e-05
165 0.327340 0.119716 0.150328 0.359326 0.120000 0.150328 0.000000 0.000000 0.000000 -1.000000 1 1.327786595e-05 3.192783333e-05
165 0.325213 0.119695 0.150328 0.359326 0.120000 0.150328 0.000000 0.000000 0.000000 -1.000000 1 1.272000372e-05 3.012991510e-05
165 0.323045 0.119681 0.150328 0.359326 0.120000 0.150328 0.000000 0.000000 0.000000 -1.000000 1 6.597023457e-06 1.585809514e-05
165 0.320858 0.119674 0.150328 0.359326 0.120000 0.150328 0.000000 0.000000 0.000000 -1.000000 1 2.790009603e-06 6.390037015e-06
165 0.318701 0.119676 0.150328 0.359326 0.120000 0.150328 0.000000 0.000000 0.000000 -1.000000 1 8.346047252e-06 2.151005901e-05
165 0.316640 0.119685 0.150328 0.359326 0.120000 0.150328 0.000000 0.000000 0.000000 -1.000000 1 4.964880645e-06 1.141591929e-05
165 0.314728 0.119699 0.150328 0.359326 0.120000 0.150328 0.000000 0.000000 0.000000 -1.000000 1 5.543930456e-06 1.287204213e-05
165 0.312977 0.119718 0.150328 0.359326 0.120000 0.150328 0.000000 0.000000 0.000000 -1.000000 1 8.363043889e-06 1.921993680e-05
165 0.311371 0.119754 0.150328 0.359326 0.120000 0.150328 0.000000 0.000000 0.000000 -1.000000 1 8.628936484e-06 1.965020783e-05
165 0.309840 0.119816 0.150328 0.359326 0.120000 0.150328 0.000000 0.000000 0.000000 -1.000000 1 8.457107469e-06 1.979805529e-05
165 0.308316 0.119907 0.150328 0.359326 0.120000 0.150328 0.000000 0.000000 0.000000 -1.000000 1 8.781207725e-06 2.143904567e-05
165 0.306761 0.120024 0.150328 0.359326 0.120000 0.150328 0.000000 0.000000 0.000000 -1.000000 1 8.716946468e-06 1.994799823e-05
165 0.305141 0.120160 0.150328 0.359326 0.120000 0.150328 0.000000 0.000000 0.000000 -1.000000 1 5.834037438e-06 1.350999810e-05
165 0.303395 0.120295 0.150328 0.359326 0.120000 0.150328 0.000000 0.000000 0.000000 -1.000000 1 6.093876436e-06 1.409114338e-05
165 0.301515 0.120415 0.150328 0.359326 0.120000 0.150328 0.000000 0.000000 0.000000 -1.000000 1 1.294212416e-05 3.073993139e-05
165 0.299570 0.120510 0.150328 0.359326 0.120000 0.150328 0.000000 0.000000 0.000000 -1.000000 1 1.657102257e-05 3.887806088e-05
165 0.297741 0.120586 0.150328 0.359326 0.120000 0.150328 0.000000 0.000000 0.000000 -1.000000 1 8.472939953e-06 1.939595677e-05
166 0.296137 0.126079 0.137856 0.343993 0.125588 0.137856 0.000000 0.000000 0.000000 -1.000000 1 8.462928236e-06 1.952704042e-05
166 0.294620 0.126126 0.137856 0.343993 0.125588 0.137856 0.000000 0.000000 0.000000 -1.000000 1 8.439878002e-06 1.948606223e-05
166 0.293239 0.126201 0.137856 0.343993 0.125588 0.137856 0.000000 0.000000 0.000000 -1.000000 1 8.411007002e-06 1.927209087e-05
166 0.292051 0.126338 0.137856 0.343993 0.125588 0.137856 0.000000 0.000000 0.000000 -1.000000 1 8.441042155e-06 1.955195330e-05
166 0.290968 0.126529 0.137856 0.343993 0.125588 0.137856 0.000000 0.000000 0.000000 -1.000000 1 8.329050615e-06 1.925299875e-05
166 0.289876 0.126750 0.137856 0.343993 0.125588 0.137856 0.000000 0.000000 0.000000 -1.000000 1 8.353032172e-06 1.919385977e-05
166 0.288739 0.126983 0.137856 0.343993 0.125588 0.137856 0.000000 0.000000 0.000000 -1.000000 1 8.304137737e-06 1.921108924e-05
166 0.287564 0.127213 0.137856 0.343993 0.125588 0.137856 0.000000 0.000000 0.000000 -1.000000 1 8.317874745e-06 1.917197369e-05
166 0.286379 0.127423 0.137856 0.343993 0.125588 0.137856 0.000000 0.000000 0.000000 -1.000000 1 8.329981938e-06 1.945300028e-05
166 0.285216 0.127600 0.137856 0.343993 0.125588 0.137856 0.000000 0.000000 0.000000 -1.000000 1 8.415896446e-06 1.934682950e-05
166 0.284095 0.127744 0.137856 0.343993 0.125588 0.137856 0.000000 0.000000 0.000000 -1.000000 1 8.614966646e-06 1.984601840e-05
166 0.282994 0.127854 0.137856 0.343993 0.125588 0.137856 0.000000 0.000000 0.000000 -1.000000 1 8.537899703e-06 1.973495819e-05
166 0.281874 0.127944 0.137856 0.343993 0.125588 0.137856 0.000000 0.000000 0.000000 -1.000000 1 8.296919987e-06 1.919106580e-05
166 0.280717 0.128033 0.137856 0.343993 0.125588 0.137856 0.000000 0.000000 0.000000 -1.000000 1 8.441973478e-06 1.961598173e-05
166 0.279522 0.128140 0.137856 0.343993 0.125588 0.137856 0.000000 0.000000 0.000000 -1.000000 1 8.357921615e-06 1.927395351e-05
166 0.278307 0.128280 0.137856 0.343993 0.125588 0.137856 0.000000 0.000000 0.000000 -1.000000 1 1.108995639e-05 2.513313666e-05
166 0.277097 0.128460 0.137856 0.343993 0.125588 0.137856 0.000000 0.000000 0.000000 -1.000000 1 8.367002010e-06 1.933495514e-05
166 0.275904 0.128676 0.137856 0.343993 0.125588 0.137856 0.000000 0.000000 0.000000 -1.000000 1 8.345115930e-06 1.943693496e-05
166 0.274715 0.128897 0.137856 0.343993 0.125588 0.137856 0.000000 0.000000 0.000000 -1.000000 1 8.291099221e-06 1.932890154e-05
166 0.273486 0.129070 0.137856 0.343993 0.125588 0.137856 0.000000 0.000000 0.000000 -1.000000 1 8.453847840e-06 1.941202208e-05
167 0.271668 0.117213 0.097073 0.372079 0.112142 0.097073 0.000000 0.000000 0.000000 -1.000000 1 8.511124179e-06 1.949979924e-05
167 0.270405 0.117361 0.097073 0.372079 0.112142 0.097073 0.000000 0.000000 0.000000 -1.000000 1 8.400995284e-06 1.935008913e-05
167 0.269034 0.117500 0.097073 0.372079 0.112142 0.097073 0.000000 0.000000 0.000000 -1.000000 1 8.329050615e-06 1.948606223e-05
167 0.267544 0.117642 0.097073 0.372079 0.112142 0.097073 0.000000 0.000000 0.000000 -1.000000 1 8.340924978e-06 1.946999691e-05
167 0.265988 0.117809 0.097073 0.372079 0.112142 0.097073 0.000000 0.000000 0.000000 -1.000000 1 8.262926713e-06 1.919898205e-05
167 0.264397 0.117997 0.097073 0.372079 0.112142 0.097073 0.000000 0.000000 0.000000 -1.000000 1 8.254079148e-06 1.923996024e-05
167 0.262786 0.118207 0.097073 0.372079 0.112142 0.097073 0.000000 0.000000 0.000000 -1.000000 1 8.345115930e-06 1.944811083e-05
167 0.261185 0.118434 0.097073 0.372079 0.112142 0.097073 0.000000 0.000000 0.000000 -1.000000 1 8.648959920e-06 1.994683407e-05
167 0.259651 0.118672 0.097073 0.372079 0.112142 0.097073 0.000000 0.000000 0.000000 -1.000000 1 8.390983567e-06 1.945695840e-05
167 0.258234 0.118912 0.097073 0.372079 0.112142 0.097073 0.000000 0.000000 0.000000 -1.000000 1 8.448027074e-06 1.950492151e-05
167 0.256958 0.119150 0.097073 0.372079 0.112142 0.097073 0.000000 0.000000 0.000000 -1.000000 1 8.489005268e-06 1.953612082e-05
167 0.255831 0.119412 0.097073 0.372079 0.112142 0.097073 0.000000 0.000000 0.000000 -1.000000 1 8.354894817e-06 1.947698183e-05
167 0.254816 0.119731 0.097073 0.372079 0.112142 0.097073 0.000000 0.000000 0.000000 -1.000000 1 1.086108387e-05 2.549705096e-05
167 0.253846 0.120114 0.097073 0.372079 0.112142 0.097073 0.000000 0.000000 0.000000 -1.000000 1 1.368299127e-05 2.474081703e-05
167 0.252872 0.120552 0.097073 0.372079 0.112142 0.097073 0.000000 0.000000 0.000000 -1.000000 1 8.321134374e-06 1.925695688e-05
167 0.251855 0.121027 0.097073 0.372079 0.112142 0.097073 0.000000 0.000000 0.000000 -1.000000 1 8.316943422e-06 1.941085793e-05
167 0.250731 0.121504 0.097073 0.372079 0.112142 0.097073 0.000000 0.000000 0.000000 -1.000000 1 8.502975106e-06 1.937104389e-05
167 0.249463 0.121946 0.097073 0.372079 0.112142 0.097073 0.000000 0.000000 0.000000 -1.000000 1 8.468050510e-06 1.959013753e-05
167 0.248066 0.122324 0.097073 0.372079 0.112142 0.097073 0.000000 0.000000 0.000000 -1.000000 1 8.443836123e-06 1.947302371e-05
167 0.246641 0.122629 0.097073 0.372079 0.112142 0.097073 0.000000 0.000000 0.000000 -1.000000 1 1.400010660e-05 3.304099664e-05
168 0.242927 0.094933 0.097811 0.393990 0.082147 0.097811 0.000000 0.000000 0.000000 -1.000000 1 9.645940736e-06 2.173893154e-05
168 0.241682 0.095182 0.097811 0.393990 0.082147 0.097811 0.000000 0.000000 0.000000 -1.000000 1 8.478993550e-06 1.937896013e-05
168 0.240610 0.095522 0.097811 0.393990 0.082147 0.097811 0.000000 0.000000 0.000000 -1.000000 1 6.539979950e-06 1.503108069e-05
168 0.239706 0.096000 0.097811 0.393990 0.082147 0.097811 0.000000 0.000000 0.000000 -1.000000 1 7.817987353e-06 1.793215051e-05
168 0.238847 0.096564 0.097811 0.393990 0.082147 0.097811 0.000000 0.000000 0.000000 -1.000000 1 9.831041098e-06 2.331309952e-05
168 0.237971 0.097177 0.097811 0.393990 0.082147 0.097811 0.000000 0.000000 0.000000 -1.000000 1 8.424045518e-06 1.949910074e-05
168 0.237065 0.097811 0.097811 0.393990 0.082147 0.097811 0.000000 0.000000 0.000000 -1.000000 1 8.367933333e-06 1.930003054e-05
168 0.236132 0.098426 0.097811 0.393990 0.082147 0.097811 0.000000 0.000000 0.000000 -1.000000 1 8.386094123e-06 1.945206895e-05
168 0.235187 0.098983 0.097811 0.393990 0.082147 0.097811 0.000000 0.000000 0.000000 -1.000000 1 8.254079148e-06 1.926603727e-05
168 0.234251 0.099450 0.097811 0.393990 0.082147 0.097811 0.000000 0.000000 0.000000 -1.000000 1 1.607881859e-05 3.733905032e-05
168 0.233341 0.099823 0.097811 0.393990 0.082147 0.097811 0.000000 0.000000 0.000000 -1.000000 1 8.354894817e-06 1.943600364e-05
168 0.232453 0.100113 0.097811 0.393990 0.082147 0.097811 0.000000 0.000000 0.000000 -1.000000 1 8.326023817e-06 1.952797174e-05
168 0.231561 0.100348 0.097811 0.393990 0.082147 0.097811 0.000000 0.000000 0.000000 -1.000000 1 8.303904906e-06 1.925905235e-05
168 0.230646 0.100573 0.097811 0.393990 0.082147 0.097811 0.000000 0.000000 0.000000 -1.000000 1 8.358852938e-06 1.943204552e-05
168 0.229698 0.100826 0.097811 0.393990 0.082147 0.097811 0.000000 0.000000 0.000000 -1.000000 1 8.383067325e-06 1.935614273e-05
168 0.228734 0.101140 0.097811 0.393990 0.082147 0.097811 0.000000 0.000000 0.000000 -1.000000 1 8.373055607e-06 1.967092976e-05
168 0.227775 0.101537 0.097811 0.393990 0.082147 0.097811 0.000000 0.000000 0.000000 -1.000000 1 8.495990187e-06 1.953891478e-05
168 0.226837 0.102016 0.097811 0.393990 0.082147 0.097811 0.000000 0.000000 0.000000 -1.000000 1 8.420087397e-06 1.955614425e-05
168 0.225917 0.102535 0.097811 0.393990 0.082147 0.097811 0.000000 0.000000 0.000000 -1.000000 1 8.397037163e-06 1.939083450e-05
168 0.224975 0.102973 0.097811 0.393990 0.082147 0.097811 0.000000 0.000000 0.000000 -1.000000 1 7.733004168e-06 1.787999645e-05
169 0.221412 0.082198 0.088336 0.442179 0.054642 0.088336 0.000000 0.000000 0.000000 -1.000000 1 8.708098903e-06 1.955893822e-05
169 0.220425 0.082603 0.088336 0.442179 0.054642 0.088336 0.000000 0.000000 0.000000 -1.000000 1 1.366809011e-05 3.246613778e-05
169 0.219339 0.082984 0.088336 0.442179 0.054642 0.088336 0.000000 0.000000 0.000000 -1.000000 1 8.384929970e-06 1.927698031e-05
169 0.218138 0.083368 0.088336 0.442179 0.054642 0.088336 0.000000 0.000000 0.000000 -1.000000 1 8.448027074e-06 1.964299008e-05
169 0.216869 0.083773 0.088336 0.442179 0.054642 0.088336 0.000000 0.000000 0.000000 -1.000000 1 8.268980309e-06 1.926603727e-05
169 0.215571 0.084185 0.088336 0.442179 0.054642 0.088336 0.000000 0.000000 0.000000 -1.000000 1 8.424976841e-06 1.934613101e-05
169 0.214265 0.084627 0.088336 0.442179 0.054642 0.088336 0.000000 0.000000 0.000000 -1.000000 1 1.054396853e-05 2.515013330e-05
169 0.212991 0.085115 0.088336 0.442179 0.054642 0.088336 0.000000 0.000000 0.000000 -1.000000 1 8.446862921e-06 1.950399019e-05
169 0.211783 0.085632 0.088336 0.442179 0.054642 0.088336 0.000000 0.000000 0.000000 -1.000000 1 8.661067113e-06 1.953286119e-05
169 0.210682 0.086160 0.088336 0.442179 0.054642 0.088336 0.000000 0.000000 0.000000 -1.000000 1 7.999129593e-06 1.819594763e-05
169 0.209707 0.086686 0.088336 0.442179 0.054642 0.088336 0.000000 0.000000 0.000000 -1.000000 1 8.333008736e-06 1.940387301e-05
169 0.208863 0.087243 0.088336 0.442179 0.054642 0.088336 0.000000 0.000000 0.000000 -1.000000 1 7.901107892e-06 1.811701804e-05
169 0.208131 0.087892 0.088336 0.442179 0.054642 0.088336 0.000000 0.000000 0.000000 -1.000000 1 7.855007425e-06 1.809420064e-05
169 0.207452 0.088648 0.088336 0.442179 0.054642 0.088336 0.000000 0.000000 0.000000 -1.000000 1 1.364201307e-05 3.215088509e-05
169 0.206777 0.089493 0.088336 0.442179 0.054642 0.088336 0.000000 0.000000 0.000000 -1.000000 1 1.262291335e-05 3.008381464e-05
169 0.206058 0.090385 0.088336 0.442179 0.054642 0.088336 0.000000 0.000000 0.000000 -1.000000 1 1.276400872e-05 3.061699681e-05
169 0.205246 0.091271 0.088336 0.442179 0.054642 0.088336 0.000000 0.000000 0.000000 -1.000000 1 8.412171155e-06 1.945300028e-05
169 0.204313 0.092096 0.088336 0.442179 0.054642 0.088336 0.000000 0.000000 0.000000 -1.000000 1 8.378876373e-06 1.917406917e-05
169 0.203268 0.092811 0.088336 0.442179 0.054642 0.088336 0.000000 0.000000 0.000000 -1.000000 1 9.520910680e-06 2.207187936e-05
169 0.202170 0.093408 0.088336 0.442179 0.054642 0.088336 0.000000 0.000000 0.000000 -1.000000 1 8.482020348e-06 1.953402534e-05
170 0.196713 0.066971 0.104733 0.485152 0.020011 0.104733 0.000000 0.000000 0.000000 -1.000000 1 8.319970220e-06 1.939106733e-05
170 0.195717 0.067495 0.104733 0.485152 0.020011 0.104733 0.000000 0.000000 0.000000 -1.000000 1 8.401926607e-06 1.933099702e-05
170 0.194851 0.068161 0.104733 0.485152 0.020011 0.104733 0.000000 0.000000 0.000000 -1.000000 1 8.391216397e-06 1.923507079e-05
170 0.194036 0.068949 0.104733 0.485152 0.020011 0.104733 0.000000 0.000000 0.000000 -1.000000 1 1.087598503e-05 2.474081703e-05
170 0.193224 0.069834 0.104733 0.485152 0.020011 0.104733 0.000000 0.000000 0.000000 -1.000000 1 8.391914889e-06 1.938105561e-05
170 0.192397 0.070795 0.104733 0.485152 0.020011 0.104733 0.000000 0.000000 0.000000 -1.000000 1 8.550938219e-06 1.943018287e-05
170 0.191552 0.071793 0.104733 0.485152 0.020011 0.104733 0.000000 0.000000 0.000000 -1.000000 1 7.906928658e-06 1.828302629e-05
170 0.190691 0.072764 0.104733 0.485152 0.020011 0.104733 0.000000 0.000000 0.000000 -1.000000 1 1.306203194e-05 3.056484275e-05
170 0.189821 0.073638 0.104733 0.485152 0.020011 0.104733 0.000000 0.000000 0.000000 -1.000000 1 1.251883805e-05 2.963817678e-05
170 0.188955 0.074364 0.104733 0.485152 0.020011 0.104733 0.000000 0.000000 0.000000 -1.000000 1 8.851056919e-06 1.974706538e-05
170 0.188109 0.074938 0.104733 0.485152 0.020011 0.104733 0.000000 0.000000 0.000000 -1.000000 1 8.646165952e-06 1.974892803e-05
170 0.187292 0.075393 0.104733 0.485152 0.020011 0.104733 0.000000 0.000000 0.000000 -1.000000 1 8.345115930e-06 1.929583959e-05
170 0.186481 0.075765 0.104733 0.485152 0.020011 0.104733 0.000000 0.000000 0.000000 -1.000000 1 8.350005373e-06 1.918221824e-05
170 0.185652 0.076114 0.104733 0.485152 0.020011 0.104733 0.000000 0.000000 0.000000 -1.000000 1 8.328817785e-06 1.930096187e-05
170 0.184806 0.076513 0.104733 0.485152 0.020011 0.104733 0.000000 0.000000 0.000000 -1.000000 1 8.289003745e-06 2.247793600e-05
170 0.183950 0.077008 0.104733 0.485152 0.020011 0.104733 0.000000 0.000000 0.000000 -1.000000 1 2.389075235e-06 5.437061191e-06
170 0.183102 0.077635 0.104733 0.485152 0.020011 0.104733 0.000000 0.000000 0.000000 -1.000000 1 2.087093890e-06 4.796078429e-06
170 0.182276 0.078396 0.104733 0.485152 0.020011 0.104733 0.000000 0.000000 0.000000 -1.000000 1 7.512979209e-06 1.772493124e-05
170 0.181478 0.079253 0.104733 0.485152 0.020011 0.104733 0.000000 0.000000 0.000000 -1.000000 1 5.698995665e-06 1.358590089e-05
170 0.180709 0.080110 0.104733 0.485152 0.020011 0.104733 0.000000 0.000000 0.000000 -1.000000 1 1.219497062e-05 2.922001295e-05
171 0.177690 0.069415 0.118526 0.542932 -0.003479 0.118526 0.000000 0.000000 0.000000 -1.000000 1 1.798593439e-05 4.434701987e-05
171 0.176930 0.070239 0.118526 0.542932 -0.003479 0.118526 0.000000 0.000000 0.000000 -1.000000 1 1.252000220e-05 3.015296534e-05
171 0.176075 0.071012 0.118526 0.542932 -0.003479 0.118526 0.000000 0.000000 0.000000 -1.000000 1 1.264992170e-05 3.035715781e-05
171 0.175144 0.071769 0.118526 0.542932 -0.003479 0.118526 0.000000 0.000000 0.000000 -1.000000 1 1.214095391e-05 2.931710333e-05
171 0.174192 0.072504 0.118526 0.542932 -0.003479 0.118526 0.000000 0.000000 0.000000 -1.000000 1 1.232512295e-05 2.902210690e-05
171 0.173242 0.073264 0.118526 0.542932 -0.003479 0.118526 0.000000 0.000000 0.000000 -1.000000 1 5.607958883e-06 1.291395165e-05
171 0.172318 0.074097 0.118526 0.542932 -0.003479 0.118526 0.000000 0.000000 0.000000 -1.000000 1 2.078944817e-06 4.800036550e-06
171 0.171449 0.075015 0.118526 0.542932 -0.003479 0.118526 0.000000 0.000000 0.000000 -1.000000 1 1.459498890e-05 3.439886495e-05
171 0.170660 0.075993 0.118526 0.542932 -0.003479 0.118526 0.000000 0.000000 0.000000 -1.000000 1 1.199310645e-05 2.852804027e-05
171 0.169967 0.076984 0.118526 0.542932 -0.003479 0.118526 0.000000 0.000000 0.000000 -1.000000 1 1.230998896e-05 2.945703454e-05
171 0.169369 0.077947 0.118526 0.542932 -0.003479 0.118526 0.000000 0.000000 0.000000 -1.000000 1 1.235282980e-05 2.952595241e-05
171 0.168877 0.078914 0.118526 0.542932 -0.003479 0.118526 0.000000 0.000000 0.000000 -1.000000 1 8.208910003e-06 2.137501724e-05
171 0.168495 0.079978 0.118526 0.542932 -0.003479 0.118526 0.000000 0.000000 0.000000 -1.000000 1 8.821953088e-06 2.036197111e-05
171 0.168191 0.081182 0.118526 0.542932 -0.003479 0.118526 0.000000 0.000000 0.000000 -1.000000 1 8.341856301e-06 1.936801709e-05
171 0.167914 0.082506 0.118526 0.542932 -0.003479 0.118526 0.000000 0.000000 0.000000 -1.000000 1 8.400063962e-06 1.937290654e-05
171 0.167616 0.083896 0.118526 0.542932 -0.003479 0.118526 0.000000 0.000000 0.000000 -1.000000 1 8.305069059e-06 1.927115954e-05
171 0.167250 0.085276 0.118526 0.542932 -0.003479 0.118526 0.000000 0.000000 0.000000 -1.000000 1 8.533010259e-06 1.952215098e-05
171 0.166779 0.086565 0.118526 0.542932 -0.003479 0.118526 0.000000 0.000000 0.000000 -1.000000 1 1.344783232e-05 3.101001494e-05
171 0.166186 0.087691 0.118526 0.542932 -0.003479 0.118526 0.000000 0.000000 0.000000 -1.000000 1 7.366994396e-06 1.699803397e-05
171 0.165500 0.088614 0.118526 0.542932 -0.003479 0.118526 0.000000 0.000000 0.000000 -1.000000 1 8.360948414e-06 1.940294169e-05
172 0.161244 0.074912 0.127494 0.603968 -0.033786 0.127494 0.000000 0.000000 0.000000 -1.000000 1 8.434057236e-06 1.930003054e-05
172 0.160520 0.075664 0.127494 0.603968 -0.033786 0.127494 0.000000 0.000000 0.000000 -1.000000 1 8.312053978e-06 1.912796870e-05
172 0.159818 0.076453 0.127494 0.603968 -0.033786 0.127494 0.000000 0.000000 0.000000 -1.000000 1 8.313916624e-06 1.922016963e-05
172 0.159191 0.077362 0.127494 0.603968 -0.033786 0.127494 0.000000 0.000000 0.000000 -1.000000 1 8.369097486e-06 1.932005398e-05
172 0.158624 0.078411 0.127494 0.603968 -0.033786 0.127494 0.000000 0.000000 0.000000 -1.000000 1 8.690869436e-06 1.975009218e-05
172 0.158099 0.079580 0.127494 0.603968 -0.033786 0.127494 0.000000 0.000000 0.000000 -1.000000 1 8.380971849e-06 1.957593486e-05
172 0.157595 0.080816 0.127494 0.603968 -0.033786 0.127494 0.000000 0.000000 0.000000 -1.000000 1 8.254079148e-06 1.925788820e-05
172 0.157086 0.082031 0.127494 0.603968 -0.033786 0.127494 0.000000 0.000000 0.000000 -1.000000 1 8.536968380e-06 1.984788105e-05
172 0.156552 0.083125 0.127494 0.603968 -0.033786 0.127494 0.000000 0.000000 0.000000 -1.000000 1 8.358852938e-06 1.918082125e-05
172 0.155985 0.084023 0.127494 0.603968 -0.033786 0.127494 0.000000 0.000000 0.000000 -1.000000 1 8.485978469e-06 1.986790448e-05
172 0.155400 0.084719 0.127494 0.603968 -0.033786 0.127494 0.000000 0.000000 0.000000 -1.000000 1 8.586095646e-06 1.965695992e-05
172 0.154825 0.085269 0.127494 0.603968 -0.033786 0.127494 0.000000 0.000000 0.000000 -1.000000 1 8.614966646e-06 1.971400343e-05
172 0.154254 0.085714 0.127494 0.603968 -0.033786 0.127494 0.000000 0.000000 0.000000 -1.000000 1 7.850117981e-06 1.815194264e-05
172 0.153681 0.086133 0.127494 0.603968 -0.033786 0.127494 0.000000 0.000000 0.000000 -1.000000 1 8.598202839e-06 1.954706386e-05
172 0.153121 0.086630 0.127494 0.603968 -0.033786 0.127494 0.000000 0.000000 0.000000 -1.000000 1 1.070182770e-05 2.542603761e-05
172 0.152589 0.087270 0.127494 0.603968 -0.033786 0.127494 0.000000 0.000000 0.000000 -1.000000 1 7.744878531e-06 1.789303496e-05
172 0.152109 0.088108 0.127494 0.603968 -0.033786 0.127494 0.000000 0.000000 0.000000 -1.000000 1 1.241010614e-05 2.266396768e-05
172 0.151689 0.089151 0.127494 0.603968 -0.033786 0.127494 0.000000 0.000000 0.000000 -1.000000 1 8.544884622e-06 1.983903348e-05
172 0.151319 0.090347 0.127494 0.603968 -0.033786 0.127494 0.000000 0.000000 0.000000 -1.000000 1 5.825888366e-06 1.353095286e-05
172 0.150967 0.091554 0.127494 0.603968 -0.033786 0.127494 0.000000 0.000000 0.000000 -1.000000 1 6.819842383e-06 1.592608169e-05
173 0.152355 0.098863 0.153074 0.680235 -0.048395 0.153074 0.000000 0.000000 0.000000 -1.000000 1 8.306931704e-06 1.928210258e-05
173 0.152005 0.099955 0.153074 0.680235 -0.048395 0.153074 0.000000 0.000000 0.000000 -1.000000 1 8.407980204e-06 1.958105713e-05
173 0.151553 0.100966 0.153074 0.680235 -0.048395 0.153074 0.000000 0.000000 0.000000 -1.000000 1 8.529983461e-06 2.959207632e-05
173 0.151020 0.101965 0.153074 0.680235 -0.048395 0.153074 0.000000 0.000000 0.000000 -1.000000 1 8.472939953e-06 1.952308230e-05
173 0.150468 0.102963 0.153074 0.680235 -0.048395 0.153074 0.000000 0.000000 0.000000 -1.000000 1 7.996102795e-06 2.709799446e-05
173 0.149943 0.104009 0.153074 0.680235 -0.048395 0.153074 0.000000 0.000000 0.000000 -1.000000 1 8.541857824e-06 1.975707710e-05
173 0.149490 0.105186 0.153074 0.680235 -0.048395 0.153074 0.000000 0.000000 0.000000 -1.000000 1 7.991911843e-06 1.856894232e-05
173 0.149134 0.106512 0.153074 0.680235 -0.048395 0.153074 0.000000 0.000000 0.000000 -1.000000 1 8.333008736e-06 1.940387301e-05
173 0.148878 0.107940 0.153074 0.680235 -0.048395 0.153074 0.000000 0.000000 0.000000 -1.000000 1 8.276896551e-06 1.924019307e-05
173 0.148710 0.109392 0.153074 0.680235 -0.048395 0.153074 0.000000 0.000000 0.000000 -1.000000 1 7.885042578e-06 1.834286377e-05
173 0.148605 0.110788 0.153074 0.680235 -0.048395 0.153074 0.000000 0.000000 0.000000 -1.000000 1 1.262896694e-05 2.996204421e-05
173 0.148567 0.112136 0.153074 0.680235 -0.048395 0.153074 0.000000 0.000000 0.000000 -1.000000 1 5.334848538e-06 1.350091770e-05
173 0.148655 0.113581 0.153074 0.680235 -0.048395 0.153074 0.000000 0.000000 0.000000 -1.000000 1 3.831926733e-06 9.272946045e-06
173 0.148884 0.115223 0.153074 0.680235 -0.048395 0.153074 0.000000 0.000000 0.000000 -1.000000 1 5.621928722e-06 1.340499148e-05
173 0.149221 0.117066 0.153074 0.680235 -0.048395 0.153074 0.000000 0.000000 0.000000 -1.000000 1 6.124144420e-06 1.440383494e-05
173 0.149605 0.119043 0.153074 0.680235 -0.048395 0.153074 0.000000 0.000000 0.000000 -1.000000 1 1.311604865e-05 3.132992424e-05
173 0.149966 0.121051 0.153074 0.680235 -0.048395 0.153074 0.000000 0.000000 0.000000 -1.000000 1 1.786695793e-05 4.323804751e-05
173 0.150225 0.122966 0.153074 0.680235 -0.048395 0.153074 0.000000 0.000000 0.000000 -1.000000 1 8.390052244e-06 1.931702718e-05
173 0.150315 0.124667 0.153074 0.680235 -0.048395 0.153074 0.000000 0.000000 0.000000 -1.000000 1 1.342897303e-05 2.319714986e-05
173 0.150217 0.126069 0.153074 0.680235 -0.048395 0.153074 0.000000 0.000000 0.000000 -1.000000 1 8.353032172e-06 1.917011105e-05
174 0.148627 0.123066 0.164428 0.756523 -0.078216 0.164428 0.000000 0.000000 0.000000 -1.000000 1 8.333008736e-06 1.930585131e-05
174 0.148355 0.124081 0.164428 0.756523 -0.078216 0.164428 0.000000 0.000000 0.000000 -1.000000 1 8.225906640e-06 1.916312613e-05
174 0.148050 0.125041 0.164428 0.756523 -0.078216 0.164428 0.000000 0.000000 0.000000 -1.000000 1 8.285045624e-06 1.936592162e-05
174 0.147760 0.126059 0.164428 0.756523 -0.078216 0.164428 0.000000 0.000000 0.000000 -1.000000 1 9.203795344e-06 2.088490874e-05
174 0.147522 0.127197 0.164428 0.756523 -0.078216 0.164428 0.000000 0.000000 0.000000 -1.000000 1 8.258037269e-06 1.926184632e-05
174 0.147351 0.128466 0.164428 0.756523 -0.078216 0.164428 0.000000 0.000000 0.000000 -1.000000 1 8.277129382e-06 1.931306906e-05
174 0.147229 0.129817 0.164428 0.756523 -0.078216 0.164428 0.000000 0.000000 0.000000 -1.000000 1 8.284114301e-06 1.920200884e-05
174 0.147108 0.131149 0.164428 0.756523 -0.078216 0.164428 0.000000 0.000000 0.000000 -1.000000 1 8.745118976e-06 1.986883581e-05
174 0.146933 0.132341 0.164428 0.756523 -0.078216 0.164428 0.000000 0.000000 0.000000 -1.000000 1 1.931400038e-05 4.775705747e-05
174 0.146673 0.133312 0.164428 0.756523 -0.078216 0.164428 0.000000 0.000000 0.000000 -1.000000 1 7.760943845e-06 1.801596954e-05
174 0.146362 0.134089 0.164428 0.756523 -0.078216 0.164428 0.000000 0.000000 0.000000 -1.000000 1 8.268048987e-06 1.916498877e-05
174 0.146033 0.134720 0.164428 0.756523 -0.078216 0.164428 0.000000 0.000000 0.000000 -1.000000 1 7.827999070e-06 1.809792593e-05
174 0.145707 0.135254 0.164428 0.756523 -0.078216 0.164428 0.000000 0.000000 0.000000 -1.000000 1 8.417060599e-06 1.940899529e-05
174 0.145431 0.135817 0.164428 0.756523 -0.078216 0.164428 0.000000 0.000000 0.000000 -1.000000 1 8.377013728e-06 1.926510595e-05
174 0.145258 0.136540 0.164428 0.756523 -0.078216 0.164428 0.000000 0.000000 0.000000 -1.000000 1 8.560949937e-06 1.940294169e-05
174 0.145235 0.137523 0.164428 0.756523 -0.078216 0.164428 0.000000 0.000000 0.000000 -1.000000 1 8.773058653e-06 1.990096644e-05
174 0.145398 0.138831 0.164428 0.756523 -0.078216 0.164428 0.000000 0.000000 0.000000 -1.000000 1 8.257105947e-06 1.950515434e-05
174 0.145736 0.140453 0.164428 0.756523 -0.078216 0.164428 0.000000 0.000000 0.000000 -1.000000 1 8.405884728e-06 1.962087117e-05
174 0.146192 0.142297 0.164428 0.756523 -0.078216 0.164428 0.000000 0.000000 0.000000 -1.000000 1 8.377013728e-06 1.935986802e-05
174 0.146596 0.144042 0.164428 0.756523 -0.078216 0.164428 0.000000 0.000000 0.000000 -1.000000 1 1.375400461e-05 3.252807073e-05
175 0.153073 0.162394 0.202128 0.846120 -0.092039 0.202128 0.000000 0.000000 0.000000 -1.000000 1 1.023779623e-05 2.329284325e-05
175 0.153331 0.163866 0.202128 0.846120 -0.092039 0.202128 0.000000 0.000000 0.000000 -1.000000 1 7.171882316e-06 1.684599556e-05
175 0.153462 0.165238 0.202128 0.846120 -0.092039 0.202128 0.000000 0.000000 0.000000 -1.000000 1 8.329050615e-06 1.944205724e-05
175 0.153491 0.166588 0.202128 0.846120 -0.092039 0.202128 0.000000 0.000000 0.000000 -1.000000 1 8.268980309e-06 1.928885467e-05
175 0.153539 0.168029 0.202128 0.846120 -0.092039 0.202128 0.000000 0.000000 0.000000 -1.000000 1 1.271115616e-05 3.045704216e-05
175 0.153677 0.169602 0.202128 0.846120 -0.092039 0.202128 0.000000 0.000000 0.000000 -1.000000 1 1.679896377e-05 3.962288611e-05
175 0.153953 0.171367 0.202128 0.846120 -0.092039 0.202128 0.000000 0.000000 0.000000 -1.000000 1 8.431030437e-06 1.954007894e-05
175 0.154386 0.173336 0.202128 0.846120 -0.092039 0.202128 0.000000 0.000000 0.000000 -1.000000 1 8.737901226e-06 1.993891783e-05
175 0.154943 0.175428 0.202128 0.846120 -0.092039 0.202128 0.000000 0.000000 0.000000 -1.000000 1 8.479924873e-06 1.946603879e-05
175 0.155568 0.177523 0.202128 0.846120 -0.092039 0.202128 0.000000 0.000000 0.000000 -1.000000 1 8.329981938e-06 1.953402534e-05
175 0.156204 0.179515 0.202128 0.846120 -0.092039 0.202128 0.000000 0.000000 0.000000 -1.000000 1 8.284114301e-06 1.937686466e-05
175 0.156874 0.181427 0.202128 0.846120 -0.092039 0.202128 0.000000 0.000000 0.000000 -1.000000 1 8.220085874e-06 1.914380118e-05
175 0.157733 0.183481 0.202128 0.846120 -0.092039 0.202128 0.000000 0.000000 0.000000 -1.000000 1 1.360406168e-05 3.199395724e-05
175 0.158853 0.185817 0.202128 0.846120 -0.092039 0.202128 0.000000 0.000000 0.000000 -1.000000 1 1.272582449e-05 2.997997217e-05
175 0.160169 0.188391 0.202128 0.846120 -0.092039 0.202128 0.000000 0.000000 0.000000 -1.000000 1 1.265783794e-05 3.026612103e-05
175 0.161600 0.191123 0.202128 0.846120 -0.092039 0.202128 0.000000 0.000000 0.000000 -1.000000 1 1.177308150e-05 2.808682621e-05
175 0.163063 0.193922 0.202128 0.846120 -0.092039 0.202128 0.000000 0.000000 0.000000 -1.000000 1 1.296494156e-05 3.165402450e-05
175 0.164419 0.196631 0.202128 0.846120 -0.092039 0.202128 0.000000 0.000000 0.000000 -1.000000 1 1.424713992e-05 4.335702397e-05
175 0.165515 0.199061 0.202128 0.846120 -0.092039 0.202128 0.000000 0.000000 0.000000 -1.000000 1 1.144083217e-05 2.803094685e-05
175 0.166256 0.201065 0.202128 0.846120 -0.092039 0.202128 0.000000 0.000000 0.000000 -1.000000 1 1.282198355e-05 3.057206050e-05
176 0.165438 0.199711 0.221845 0.926815 -0.130555 0.221845 0.000000 0.000000 0.000000 -1.000000 1 1.149112359e-05 2.748495899e-05
176 0.165835 0.201160 0.221845 0.926815 -0.130555 0.221845 0.000000 0.000000 0.000000 -1.000000 1 1.216796227e-05 2.912990749e-05
176 0.166557 0.202822 0.221845 0.926815 -0.130555 0.221845 0.000000 0.000000 0.000000 -1.000000 1 1.809396781e-05 4.524411634e-05
176 0.167611 0.204781 0.221845 0.926815 -0.130555 0.221845 0.000000 0.000000 0.000000 -1.000000 1 1.214304939e-05 2.941093408e-05
176 0.168827 0.206893 0.221845 0.926815 -0.130555 0.221845 0.000000 0.000000 0.000000 -1.000000 1 1.239706762e-05 3.035599366e-05
176 0.170127 0.209083 0.221845 0.926815 -0.130555 0.221845 0.000000 0.000000 0.000000 -1.000000 1 1.210812479e-05 2.937810495e-05
176 0.171447 0.211283 0.221845 0.926815 -0.130555 0.221845 0.000000 0.000000 0.000000 -1.000000 1 1.217215322e-05 2.936413512e-05
176 0.172690 0.213381 0.221845 0.926815 -0.130555 0.221845 0.000000 0.000000 0.000000 -1.000000 1 8.607981727e-06 1.967186108e-05
176 0.173737 0.215239 0.221845 0.926815 -0.130555 0.221845 0.000000 0.000000 0.000000 -1.000000 1 8.489936590e-06 1.948792487e-05
176 0.174505 0.216753 0.221845 0.926815 -0.130555 0.221845 0.000000 0.000000 0.000000 -1.000000 1 8.377945051e-06 1.940992661e-05
176 0.175009 0.217936 0.221845 0.926815 -0.130555 0.221845 0.000000 0.000000 0.000000 -1.000000 1 8.533941582e-06 1.953705214e-05
176 0.175373 0.218909 0.221845 0.926815 -0.130555 0.221845 0.000000 0.000000 0.000000 -1.000000 1 7.305992767e-06 1.690001227e-05
176 0.175710 0.219787 0.221845 0.926815 -0.130555 0.221845 0.000000 0.000000 0.000000 -1.000000 1 8.377013728e-06 1.940596849e-05
176 0.176176 0.220760 0.221845 0.926815 -0.130555 0.221845 0.000000 0.000000 0.000000 -1.000000 1 8.458038792e-06 1.937500201e-05
176 0.176934 0.222022 0.221845 0.926815 -0.130555 0.221845 0.000000 0.000000 0.000000 -1.000000 1 1.430185512e-05 3.340397961e-05
176 0.178124 0.223736 0.221845 0.926815 -0.130555 0.221845 0.000000 0.000000 0.000000 -1.000000 1 1.214002259e-05 2.944911830e-05
176 0.179801 0.225964 0.221845 0.926815 -0.130555 0.221845 0.000000 0.000000 0.000000 -1.000000 1 1.391605474e-05 3.370107152e-05
176 0.181907 0.228650 0.221845 0.926815 -0.130555 0.221845 0.000000 0.000000 0.000000 -1.000000 1 8.522067219e-06 1.954892650e-05
176 0.184256 0.231605 0.221845 0.926815 -0.130555 0.221845 0.000000 0.000000 0.000000 -1.000000 1 8.347909898e-06 1.937290654e-05
176 0.186219 0.234117 0.221845 0.926815 -0.130555 0.221845 0.000000 0.000000 0.000000 -1.000000 1 1.118704677e-05 2.579181455e-05
177 0.193680 0.248112 0.250191 1.026500 -0.165133 0.250191 0.000000 0.000000 0.000000 -1.000000 1 8.583068848e-06 1.937407069e-05
177 0.194991 0.250004 0.250191 1.026500 -0.165133 0.250191 0.000000 0.000000 0.000000 -1.000000 1 8.464092389e-06 1.958105713e-05
177 0.196180 0.251814 0.250191 1.026500 -0.165133 0.250191 0.000000 0.000000 0.000000 -1.000000 1 8.243834600e-06 1.905998215e-05
177 0.197307 0.253642 0.250191 1.026500 -0.165133 0.250191 0.000000 0.000000 0.000000 -1.000000 1 1.260684803e-05 3.005890176e-05
177 0.198410 0.255529 0.250191 1.026500 -0.165133 0.250191 0.000000 0.000000 0.000000 -1.000000 1 1.261406578e-05 3.006798215e-05
177 0.199710 0.257655 0.250191 1.026500 -0.165133 0.250191 0.000000 0.000000 0.000000 -1.000000 1 8.500879630e-06 1.956406049e-05
177 0.201333 0.260109 0.250191 1.026500 -0.165133 0.250191 0.000000 0.000000 0.000000 -1.000000 1 1.277495176e-05 3.083213232e-05
177 0.203208 0.262814 0.250191 1.026500 -0.165133 0.250191 0.000000 0.000000 0.000000 -1.000000 1 8.521135896e-06 1.977407373e-05
177 0.205214 0.265636 0.250191 1.026500 -0.165133 0.250191 0.000000 0.000000 0.000000 -1.000000 1 8.433125913e-06 1.928000711e-05
177 0.207213 0.268411 0.250191 1.026500 -0.165133 0.250191 0.000000 0.000000 0.000000 -1.000000 1 8.387956768e-06 1.929001883e-05
177 0.209097 0.271002 0.250191 1.026500 -0.165133 0.250191 0.000000 0.000000 0.000000 -1.000000 1 8.407980204e-06 1.939688809e-05
177 0.210932 0.273448 0.250191 1.026500 -0.165133 0.250191 0.000000 0.000000 0.000000 -1.000000 1 8.443137631e-06 1.976382919e-05
177 0.213057 0.276051 0.250191 1.026500 -0.165133 0.250191 0.000000 0.000000 0.000000 -1.000000 1 8.363043889e-06 1.934706233e-05
177 0.215649 0.278995 0.250191 1.026500 -0.165133 0.250191 0.000000 0.000000 0.000000 -1.000000 1 7.833121344e-06 1.801783219e-05
177 0.218557 0.282175 0.250191 1.026500 -0.165133 0.250191 0.000000 0.000000 0.000000 -1.000000 1 8.305069059e-06 1.942599192e-05
177 0.221616 0.285455 0.250191 1.026500 -0.165133 0.250191 0.000000 0.000000 0.000000 -1.000000 1 7.673865184e-06 1.786812209e-05
177 0.224738 0.288770 0.250191 1.026500 -0.165133 0.250191 0.000000 0.000000 0.000000 -1.000000 1 9.844079614e-06 2.247607335e-05
177 0.227815 0.292048 0.250191 1.026500 -0.165133 0.250191 0.000000 0.000000 0.000000 -1.000000 1 8.567003533e-06 1.962110400e-05
177 0.230574 0.295082 0.250191 1.026500 -0.165133 0.250191 0.000000 0.000000 0.000000 -1.000000 1 1.611188054e-05 3.804499283e-05
177 0.232796 0.297665 0.250191 1.026500 -0.165133 0.250191 0.000000 0.000000 0.000000 -1.000000 1 8.367002010e-06 1.940503716e-05
178 0.232234 0.295942 0.294823 1.101499 -0.214203 0.294823 0.000000 0.000000 0.000000 -1.000000 1 8.089933544e-06 1.834216528e-05
178 0.233598 0.297718 0.294823 1.101499 -0.214203 0.294823 0.000000 0.000000 0.000000 -1.000000 1 7.816124707e-06 1.807091758e-05
178 0.235351 0.299612 0.294823 1.101499 -0.214203 0.294823 0.000000 0.000000 0.000000 -1.000000 1 1.268601045e-05 3.010500222e-05
178 0.236749 0.300000 0.294823 1.101499 -0.214203 0.294823 0.000000 0.000000 0.000000 -1.000000 1 1.291185617e-05 3.098603338e-05
178 0.238185 0.300000 0.294823 1.101499 -0.214203 0.294823 0.000000 0.000000 0.000000 -1.000000 1 1.081312075e-05 2.585700713e-05
178 0.239755 0.300000 0.294823 1.101499 -0.214203 0.294823 0.000000 0.000000 0.000000 -1.000000 1 1.332513057e-05 7.287203334e-05
178 0.241387 0.300000 0.294823 1.101499 -0.214203 0.294823 0.000000 0.000000 0.000000 -1.000000 1 1.251301728e-05 2.959487028e-05
178 0.242981 0.300000 0.294823 1.101499 -0.214203 0.294823 0.000000 0.000000 0.000000 -1.000000 1 1.296494156e-05 3.049615771e-05
178 0.244404 0.300000 0.294823 1.101499 -0.214203 0.294823 0.000000 0.000000 0.000000 -1.000000 1 1.371209510e-05 3.285193816e-05
178 0.245622 0.300000 0.294823 1.101499 -0.214203 0.294823 0.000000 0.000000 0.000000 -1.000000 1 1.186784357e-05 2.847099677e-05
178 0.246653 0.300000 0.294823 1.101499 -0.214203 0.294823 0.000000 0.000000 0.000000 -1.000000 1 1.203082502e-05 2.851919271e-05
178 0.247481 0.300000 0.294823 1.101499 -0.214203 0.294823 0.000000 0.000000 0.000000 -1.000000 1 1.276982948e-05 2.997810952e-05
178 0.248210 0.300000 0.294823 1.101499 -0.214203 0.294823 0.000000 0.000000 0.000000 -1.000000 1 1.256004907e-05 2.975994721e-05
178 0.249064 0.300000 0.294823 1.101499 -0.214203 0.294823 0.000000 0.000000 0.000000 -1.000000 1 1.601781696e-05 3.893300891e-05
178 0.250269 0.300000 0.294823 1.101499 -0.214203 0.294823 0.000000 0.000000 0.000000 -1.000000 1 8.372124285e-06 1.925998367e-05
178 0.251970 0.300000 0.294823 1.101499 -0.214203 0.294823 0.000000 0.000000 0.000000 -1.000000 1 8.364208043e-06 1.927698031e-05
178 0.254204 0.300000 0.294823 1.101499 -0.214203 0.294823 0.000000 0.000000 0.000000 -1.000000 1 8.352100849e-06 1.946394332e-05
178 0.256871 0.300000 0.294823 1.101499 -0.214203 0.294823 0.000000 0.000000 0.000000 -1.000000 1 8.368864655e-06 1.982785761e-05
178 0.259631 0.300000 0.294823 1.101499 -0.214203 0.294823 0.000000 0.000000 0.000000 -1.000000 1 8.407048881e-06 1.940294169e-05
178 0.261678 0.300000 0.294823 1.101499 -0.214203 0.294823 0.000000 0.000000 0.000000 -1.000000 1 1.273187809e-05 3.042700700e-05
179 0.263200 0.300000 0.316283 1.193828 -0.273236 0.316283 0.000000 0.000000 0.000000 -1.000000 1 1.283106394e-05 3.058696166e-05
179 0.264385 0.300000 0.316283 1.193828 -0.273236 0.316283 0.000000 0.000000 0.000000 -1.000000 1 1.225201413e-05 2.955598757e-05
179 0.265534 0.300000 0.316283 1.193828 -0.273236 0.316283 0.000000 0.000000 0.000000 -1.000000 1 1.231790520e-05 2.878997475e-05
179 0.266683 0.300000 0.316283 1.193828 -0.273236 0.316283 0.000000 0.000000 0.000000 -1.000000 1 1.226505265e-05 2.949615009e-05
179 0.267877 0.300000 0.316283 1.193828 -0.273236 0.316283 0.000000 0.000000 0.000000 -1.000000 1 3.890134394e-06 9.275041521e-06
179 0.269149 0.300000 0.316283 1.193828 -0.273236 0.316283 0.000000 0.000000 0.000000 -1.000000 1 1.365598291e-05 3.290711902e-05
179 0.270542 0.300000 0.316283 1.193828 -0.273236 0.316283 0.000000 0.000000 0.000000 -1.000000 1 1.216796227e-05 2.940301783e-05
179 0.272119 0.300000 0.316283 1.193828 -0.273236 0.316283 0.000000 0.000000 0.000000 -1.000000 1 1.286901534e-05 3.061513416e-05
179 0.273694 0.300000 0.316283 1.193828 -0.273236 0.316283 0.000000 0.000000 0.000000 -1.000000 1 1.220800914e-05 2.958602272e-05
179 0.275116 0.300000 0.316283 1.193828 -0.273236 0.316283 0.000000 0.000000 0.000000 -1.000000 1 1.253886148e-05 2.986704931e-05
179 0.276343 0.300000 0.316283 1.193828 -0.273236 0.316283 0.000000 0.000000 0.000000 -1.000000 1 1.862505451e-05 4.559988156e-05
179 0.277507 0.300000 0.316283 1.193828 -0.273236 0.316283 0.000000 0.000000 0.000000 -1.000000 1 1.145293936e-05 2.747005783e-05
179 0.278930 0.300000 0.316283 1.193828 -0.273236 0.316283 0.000000 0.000000 0.000000 -1.000000 1 1.316890121e-05 3.143912181e-05
179 0.280760 0.300000 0.316283 1.193828 -0.273236 0.316283 0.000000 0.000000 0.000000 -1.000000 1 1.218100078e-05 2.937787212e-05
179 0.282844 0.300000 0.316283 1.193828 -0.273236 0.316283 0.000000 0.000000 0.000000 -1.000000 1 8.353963494e-06 1.930585131e-05
179 0.285053 0.300000 0.316283 1.193828 -0.273236 0.316283 0.000000 0.000000 0.000000 -1.000000 1 7.844064385e-06 1.796497963e-05
179 0.287323 0.300000 0.316283 1.193828 -0.273236 0.316283 0.000000 0.000000 0.000000 -1.000000 1 8.417991921e-06 1.944112591e-05
179 0.289597 0.300000 0.316283 1.193828 -0.273236 0.316283 0.000000 0.000000 0.000000 -1.000000 1 8.892035112e-06 2.015498467e-05
179 0.291721 0.300000 0.316283 1.193828 -0.273236 0.316283 0.000000 0.000000 0.000000 -1.000000 1 7.714843377e-06 1.802504994e-05
179 0.293478 0.300000 0.316283 1.193828 -0.273236 0.316283 0.000000 0.000000 0.000000 -1.000000 1 8.493196219e-06 1.950003207e-05
180 0.294808 0.300000 0.394911 1.258154 -0.323691 0.394911 0.000000 0.000000 0.000000 -1.000000 1 8.698087186e-06 1.974287443e-05
180 0.295865 0.300000 0.394911 1.258154 -0.323691 0.394911 0.000000 0.000000 0.000000 -1.000000 1 1.255795360e-05 3.004889004e-05
180 0.297208 0.300000 0.394911 1.258154 -0.323691 0.394911 0.000000 0.000000 0.000000 -1.000000 1 1.422781497e-05 3.349897452e-05
180 0.299032 0.300000 0.394911 1.258154 -0.323691 0.394911 0.000000 0.000000 0.000000 -1.000000 1 1.102918759e-05 2.445187420e-05
180 0.301273 0.300000 0.394911 1.258154 -0.323691 0.394911 0.000000 0.000000 0.000000 -1.000000 1 1.911097206e-05 3.410386853e-05
180 0.303953 0.300000 0.394911 1.258154 -0.323691 0.394911 0.000000 0.000000 0.000000 -1.000000 1 4.293164238e-06 9.797979146e-06
180 0.307048 0.300000 0.394911 1.258154 -0.323691 0.394911 0.000000 0.000000 0.000000 -1.000000 1 1.230509952e-05 2.931617200e-05
180 0.310382 0.300000 0.394911 1.258154 -0.323691 0.394911 0.000000 0.000000 0.000000 -1.000000 1 2.054683864e-05 8.852011524e-05
180 0.313657 0.300000 0.394911 1.258154 -0.323691 0.394911 0.000000 0.000000 0.000000 -1.000000 1 8.446862921e-06 1.953612082e-05
180 0.316672 0.300000 0.394911 1.258154 -0.323691 0.394911 0.000000 0.000000 0.000000 -1.000000 1 1.233816147e-05 3.001210280e-05
180 0.319372 0.300000 0.394911 1.258154 -0.323691 0.394911 0.000000 0.000000 0.000000 -1.000000 1 7.921131328e-06 1.817685552e-05
180 0.321780 0.300000 0.394911 1.258154 -0.323691 0.394911 0.000000 0.000000 0.000000 -1.000000 1 7.863854989e-06 1.822900958e-05
180 0.323924 0.300000 0.394911 1.258154 -0.323691 0.394911 0.000000 0.000000 0.000000 -1.000000 1 9.382143617e-06 2.054614015e-05
180 0.326111 0.300000 0.394911 1.258154 -0.323691 0.394911 0.000000 0.000000 0.000000 -1.000000 1 8.485978469e-06 2.028304152e-05
180 0.328704 0.300000 0.394911 1.258154 -0.323691 0.394911 0.000000 0.000000 0.000000 -1.000000 1 1.310510561e-05 3.107986413e-05
180 0.331938 0.300000 0.394911 1.258154 -0.323691 0.394911 0.000000 0.000000 0.000000 -1.000000 1 8.940929547e-06 2.044090070e-05
180 0.335899 0.300000 0.394911 1.258154 -0.323691 0.394911 0.000000 0.000000 0.000000 -1.000000 1 8.322997019e-06 1.912191510e-05
180 0.340478 0.300000 0.394911 1.258154 -0.323691 0.394911 0.000000 0.000000 0.000000 -1.000000 1 8.475035429e-06 1.977407373e-05
180 0.345279 0.300000 0.394911 1.258154 -0.323691 0.394911 0.000000 0.000000 0.000000 -1.000000 1 7.955124602e-06 1.811794937e-05
180 0.349021 0.300000 0.394911 1.258154 -0.323691 0.394911 0.000000 0.000000 0.000000 -1.000000 1 9.001931176e-06 2.129795030e-05
181 0.351804 0.299995 0.383857 1.314975 -0.407534 0.383857 0.000000 0.000000 0.000000 -1.000000 1 8.780974895e-06 1.909304410e-05
181 0.353954 0.300000 0.383857 1.314975 -0.407534 0.383857 0.000000 0.000000 0.000000 -1.000000 1 8.706003428e-06 1.999503002e-05
181 0.356025 0.300000 0.383857 1.314975 -0.407534 0.383857 0.000000 0.000000 0.000000 -1.000000 1 8.397037163e-06 1.941807568e-05
181 0.358215 0.300000 0.383857 1.314975 -0.407534 0.383857 0.000000 0.000000 0.000000 -1.000000 1 8.322997019e-06 1.936708577e-05
181 0.360651 0.300000 0.383857 1.314975 -0.407534 0.383857 0.000000 0.000000 0.000000 -1.000000 1 1.302012242e-05 3.030407242e-05
181 0.363412 0.300000 0.383857 1.314975 -0.407534 0.383857 0.000000 0.000000 0.000000 -1.000000 1 7.078982890e-06 1.621386036e-05
181 0.366582 0.300000 0.383857 1.314975 -0.407534 0.383857 0.000000 0.000000 0.000000 -1.000000 1 9.057112038e-06 2.076895908e-05
181 0.370192 0.300000 0.383857 1.314975 -0.407534 0.383857 0.000000 0.000000 0.000000 -1.000000 1 8.411007002e-06 1.952401362e-05
181 0.374067 0.300000 0.383857 1.314975 -0.407534 0.383857 0.000000 0.000000 0.000000 -1.000000 1 8.418923244e-06 1.947395504e-05
181 0.377716 0.300000 0.383857 1.314975 -0.407534 0.383857 0.000000 0.000000 0.000000 -1.000000 1 8.218921721e-06 1.923693344e-05
181 0.380885 0.300000 0.383857 1.314975 -0.407534 0.383857 0.000000 0.000000 0.000000 -1.000000 1 8.296919987e-06 1.929095015e-05
181 0.383690 0.300000 0.383857 1.314975 -0.407534 0.383857 0.000000 0.000000 0.000000 -1.000000 1 8.497852832e-06 1.989002340e-05
181 0.386662 0.300001 0.383857 1.314975 -0.407534 0.383857 0.000000 0.000000 0.000000 -1.000000 1 8.395174518e-06 1.941411756e-05
181 0.390275 0.300001 0.383857 1.314975 -0.407534 0.383857 0.000000 0.000000 0.000000 -1.000000 1 8.765142411e-06 1.994706690e-05
181 0.394428 0.300001 0.383857 1.314975 -0.407534 0.383857 0.000000 0.000000 0.000000 -1.000000 1 8.342089131e-06 1.954892650e-05
181 0.398988 0.300001 0.383857 1.314975 -0.407534 0.383857 0.000000 0.000000 0.000000 -1.000000 1 8.406117558e-06 1.944904216e-05
181 0.403907 0.300001 0.383857 1.314975 -0.407534 0.383857 0.000000 0.000000 0.000000 -1.000000 1 9.715091437e-06 2.284883521e-05
181 0.409092 0.300001 0.383857 1.314975 -0.407534 0.383857 0.000000 0.000000 0.000000 -1.000000 1 8.508097380e-06 1.963507384e-05
181 0.414306 0.300001 0.383857 1.314975 -0.407534 0.383857 0.000000 0.000000 0.000000 -1.000000 1 8.461065590e-06 1.943786629e-05
181 0.419121 0.300001 0.383857 1.314975 -0.407534 0.383857 0.000000 0.000000 0.000000 -1.000000 1 8.502975106e-06 1.963810064e-05
181 0.423279 0.300001 0.383857 1.314975 -0.407534 0.383857 0.000000 0.000000 0.000000 -1.000000 1 2.099899575e-06 4.763016477e-06
182 0.426913 0.300001 0.451177 1.353666 -0.462757 0.451177 0.000000 0.000000 0.000000 -1.000000 1 1.076213084e-05 2.509588376e-05
182 0.430237 0.300001 0.451177 1.353666 -0.462757 0.451177 0.000000 0.000000 0.000000 -1.000000 1 6.970018148e-06 1.612608321e-05
182 0.433739 0.300001 0.451177 1.353666 -0.462757 0.451177 0.000000 0.000000 0.000000 -1.000000 1 7.370952517e-06 1.685391180e-05
182 0.437825 0.300001 0.451177 1.353666 -0.462757 0.451177 0.000000 0.000000 0.000000 -1.000000 1 8.462928236e-06 1.932214946e-05
182 0.442826 0.300002 0.451177 1.353666 -0.462757 0.451177 0.000000 0.000000 0.000000 -1.000000 1 8.344883099e-06 1.929607242e-05
182 0.448848 0.300002 0.451177 1.353666 -0.462757 0.451177 0.000000 0.000000 0.000000 -1.000000 1 8.465955034e-06 1.948489808e-05
182 0.455677 0.300003 0.451177 1.353666 -0.462757 0.451177 0.000000 0.000000 0.000000 -1.000000 1 5.880137905e-06 1.324317418e-05
182 0.462776 0.300003 0.451177 1.353666 -0.462757 0.451177 0.000000 0.000000 0.000000 -1.000000 1 9.646173567e-06 2.236384898e-05
182 0.469580 0.300003 0.451177 1.353666 -0.462757 0.451177 0.000000 0.000000 0.000000 -1.000000 1 8.397968486e-06 1.945695840e-05
182 0.475790 0.300003 0.451177 1.353666 -0.462757 0.451177 0.000000 0.000000 0.000000 -1.000000 1 8.567003533e-06 1.952215098e-05
182 0.481255 0.300003 0.451177 1.353666 -0.462757 0.451177 0.000000 0.000000 0.000000 -1.000000 1 8.495990187e-06 1.977803186e-05
182 0.486126 0.300003 0.451177 1.353666 -0.462757 0.451177 0.000000 0.000000 0.000000 -1.000000 1 8.492032066e-06 1.958198845e-05
182 0.491046 0.300003 0.451177 1.353666 -0.462757 0.451177 0.000000 0.000000 0.000000 -1.000000 1 1.474283636e-05 2.583977766e-05
182 0.496866 0.300004 0.451177 1.353666 -0.462757 0.451177 0.000000 0.000000 0.000000 -1.000000 1 8.589820936e-06 1.965998672e-05
182 0.504118 0.300005 0.451177 1.353666 -0.462757 0.451177 0.000000 0.000000 0.000000 -1.000000 1 8.558854461e-06 1.966580749e-05
182 0.513039 0.300006 0.451177 1.353666 -0.462757 0.451177 0.000000 0.000000 0.000000 -1.000000 1 8.425908163e-06 1.954101026e-05
182 0.523626 0.300008 0.451177 1.353666 -0.462757 0.451177 0.000000 0.000000 0.000000 -1.000000 1 8.634058759e-06 1.981994137e-05
182 0.535420 0.300009 0.451177 1.353666 -0.462757 0.451177 0.000000 0.000000 0.000000 -1.000000 1 1.650396734e-05 2.975994721e-05
182 0.546614 0.300008 0.451177 1.353666 -0.462757 0.451177 0.000000 0.000000 0.000000 -1.000000 1 7.932074368e-06 1.811305992e-05
182 0.555812 0.300008 0.451177 1.353666 -0.462757 0.451177 0.000000 0.000000 0.000000 -1.000000 1 8.604023606e-06 1.977779903e-05
183 0.563443 0.300007 0.428743 1.359848 -0.546018 0.428743 0.000000 0.000000 0.000000 -1.000000 1 8.473871276e-06 1.940014772e-05
183 0.570771 0.300007 0.428743 1.359848 -0.546018 0.428743 0.000000 0.000000 0.000000 -1.000000 1 8.539063856e-06 1.950003207e-05
183 0.578826 0.300007 0.428743 1.359848 -0.546018 0.428743 0.000000 0.000000 0.000000 -1.000000 1 8.332077414e-06 1.925416291e-05
183 0.588174 0.300008 0.428743 1.359848 -0.546018 0.428743 0.000000 0.000000 0.000000 -1.000000 1 8.428934962e-06 1.969607547e-05
183 0.599094 0.300008 0.428743 1.359848 -0.546018 0.428743 0.000000 0.000000 0.000000 -1.000000 1 8.502975106e-06 1.985719427e-05
183 0.611641 0.300007 0.428743 1.359848 -0.546018 0.428743 0.000000 0.000000 0.000000 -1.000000 1 8.390052244e-06 1.933611929e-05
183 0.625703 0.300006 0.428743 1.359848 -0.546018 0.428743 0.000000 0.000000 0.000000 -1.000000 1 8.994014934e-06 2.013309859e-05
183 0.641031 0.300004 0.428743 1.359848 -0.546018 0.428743 0.000000 0.000000 0.000000 -1.000000 1 7.892027497e-06 1.814891584e-05
183 0.656992 0.300002 0.428743 1.359848 -0.546018 0.428743 0.000000 0.000000 0.000000 -1.000000 1 6.590969861e-06 1.512793824e-05
183 0.671524 0.300001 0.428743 1.359848 -0.546018 0.428743 0.000000 0.000000 0.000000 -1.000000 1 9.839888662e-06 2.327701077e-05
183 0.684015 0.300001 0.428743 1.359848 -0.546018 0.428743 0.000000 0.000000 0.000000 -1.000000 1 8.356058970e-06 1.928722486e-05
183 0.696127 0.299999 0.428743 1.359848 -0.546018 0.428743 0.000000 0.000000 0.000000 -1.000000 1 8.508097380e-06 1.940387301e-05
183 0.709764 0.299997 0.428743 1.359848 -0.546018 0.428743 0.000000 0.000000 0.000000 -1.000000 1 8.353032172e-06 1.947814599e-05
183 0.725287 0.299994 0.428743 1.359848 -0.546018 0.428743 0.000000 0.000000 0.000000 -1.000000 1 1.254514791e-05 3.007682972e-05
183 0.743012 0.299988 0.428743 1.359848 -0.546018 0.428743 0.000000 0.000000 0.000000 -1.000000 1 1.087505370e-05 2.541509457e-05
183 0.763150 0.299980 0.428743 1.359848 -0.546018 0.428743 0.000000 0.000000 0.000000 -1.000000 1 8.458038792e-06 1.949304715e-05
183 0.785565 0.299970 0.428743 1.359848 -0.546018 0.428743 0.000000 0.000000 0.000000 -1.000000 1 1.666997559e-05 3.885081969e-05
183 0.809984 0.299958 0.428743 1.359848 -0.546018 0.428743 0.000000 0.000000 0.000000 -1.000000 1 8.448027074e-06 1.942995004e-05
183 0.835332 0.299948 0.428743 1.359848 -0.546018 0.428743 0.000000 0.000000 0.000000 -1.000000 1 8.685979992e-06 1.958990470e-05
183 0.859601 0.299943 0.428743 1.359848 -0.546018 0.428743 0.000000 0.000000 0.000000 -1.000000 1 8.293893188e-06 1.919385977e-05
184 0.882176 0.299932 0.465508 1.334491 -0.613752 0.465508 0.000000 0.000000 0.000000 -1.000000 1 7.822876796e-06 1.810304821e-05
184 0.904914 0.299921 0.465508 1.334491 -0.613752 0.465508 0.000000 0.000000 0.000000 -1.000000 1 8.499948308e-06 1.946790144e-05
184 0.928945 0.299902 0.465508 1.334491 -0.613752 0.465508 0.000000 0.000000 0.000000 -1.000000 1 8.248025551e-06 1.931306906e-05
184 0.956036 0.299872 0.465508 1.334491 -0.613752 0.465508 0.000000 0.000000 0.000000 -1.000000 1 8.445000276e-06 1.934007742e-05
184 0.987826 0.299827 0.465508 1.334491 -0.613752 0.465508 0.000000 0.000000 0.000000 -1.000000 1 8.316012099e-06 1.934100874e-05
184 1.000000 0.292001 0.465508 1.334491 -0.613752 0.465508 0.000000 0.000000 0.000000 -1.000000 1 8.404022083e-06 1.953006722e-05
184 1.000000 0.279681 0.465508 1.334491 -0.613752 0.465508 0.000000 0.000000 0.000000 -1.000000 1 1.013395377e-05 2.335407771e-05
184 1.000000 0.266989 0.465508 1.334491 -0.613752 0.465508 0.000000 0.000000 0.000000 -1.000000 1 8.648028597e-06 2.746703103e-05
184 1.000000 0.254591 0.465508 1.334491 -0.613752 0.465508 0.000000 0.000000 0.000000 -1.000000 1 1.300196163e-05 3.079604357e-05
184 1.000000 0.243000 0.465508 1.334491 -0.613752 0.465508 0.000000 0.000000 0.000000 -1.000000 1 7.984926924e-06 1.838500611e-05
184 1.000000 0.232276 0.465508 1.334491 -0.613752 0.465508 0.000000 0.000000 0.000000 -1.000000 1 8.375151083e-06 1.946883276e-05
184 1.000000 0.222523 0.465508 1.334491 -0.613752 0.465508 0.000000 0.000000 0.000000 -1.000000 1 1.501804218e-05 3.525405191e-05
184 1.000000 0.212604 0.465508 1.334491 -0.613752 0.465508 0.000000 0.000000 0.000000 -1.000000 1 8.294824511e-06 1.926999539e-05
184 1.000000 0.201378 0.465508 1.334491 -0.613752 0.465508 0.000000 0.000000 0.000000 -1.000000 1 1.353700645e-05 3.205309622e-05
184 1.000000 0.188611 0.465508 1.334491 -0.613752 0.465508 0.000000 0.000000 0.000000 -1.000000 1 1.252209768e-05 3.001908772e-05
184 1.000000 0.173996 0.465508 1.334491 -0.613752 0.465508 0.000000 0.000000 0.000000 -1.000000 1 1.308997162e-05 6.650504656e-05
184 1.000000 0.157381 0.465508 1.334491 -0.613752 0.465508 0.000000 0.000000 0.000000 -1.000000 1 8.848030120e-06 2.023903653e-05
184 1.000000 0.139265 0.465508 1.334491 -0.613752 0.465508 0.000000 0.000000 0.000000 -1.000000 1 6.315996870e-06 2.357596532e-05
184 1.000000 0.120467 0.465508 1.334491 -0.613752 0.465508 0.000000 0.000000 0.000000 -1.000000 1 3.663124517e-06 8.333008736e-06
184 1.000000 0.101548 0.465508 1.334491 -0.613752 0.465508 0.000000 0.000000 0.000000 -1.000000 1 3.790948540e-06 8.715083823e-06
185 1.000000 0.083373 0.426003 1.232717 -0.698704 0.426003 0.000000 0.000000 0.000000 -1.000000 1 1.258915290e-05 3.017997369e-05
185 1.000000 0.065303 0.426003 1.232717 -0.698704 0.426003 0.000000 0.000000 0.000000 -1.000000 1 1.229299232e-05 2.951920033e-05
185 1.000000 0.047386 0.426003 1.232717 -0.698704 0.426003 0.000000 0.000000 0.000000 -1.000000 1 8.402857929e-06 1.932703890e-05
185 1.000000 0.029196 0.426003 1.232717 -0.698704 0.426003 0.000000 0.000000 0.000000 -1.000000 1 8.611939847e-06 1.984485425e-05
185 1.000000 0.010015 0.426003 1.232717 -0.698704 0.426003 0.000000 0.000000 0.000000 -1.000000 1 8.414033800e-06 1.953798346e-05
185 1.000000 -0.010188 0.426003 1.232717 -0.698704 0.426003 0.000000 0.000000 0.000000 -1.000000 1 8.472939953e-06 1.950794831e-05
185 1.000000 -0.031002 0.426003 1.232717 -0.698704 0.426003 0.000000 0.000000 0.000000 -1.000000 1 8.426140994e-06 1.933309250e-05
185 1.000000 -0.051798 0.426003 1.232717 -0.698704 0.426003 0.000000 0.000000 0.000000 -1.000000 1 8.370028809e-06 1.937709749e-05
185 1.000000 -0.072008 0.426003 1.232717 -0.698704 0.426003 0.000000 0.000000 0.000000 -1.000000 1 1.585390419e-05 3.698584624e-05
185 1.000000 -0.091213 0.426003 1.232717 -0.698704 0.426003 0.000000 0.000000 0.000000 -1.000000 1 8.468050510e-06 1.934589818e-05
185 1.000000 -0.109456 0.426003 1.232717 -0.698704 0.426003 0.000000 0.000000 0.000000 -1.000000 1 7.440103218e-06 1.712399535e-05
185 1.000000 -0.127256 0.426003 1.232717 -0.698704 0.426003 0.000000 0.000000 0.000000 -1.000000 1 6.526010111e-06 1.516612247e-05
185 1.000000 -0.145012 0.426003 1.232717 -0.698704 0.426003 0.000000 0.000000 0.000000 -1.000000 1 8.610077202e-06 1.965812407e-05
185 1.000000 -0.162298 0.426003 1.232717 -0.698704 0.426003 0.000000 0.000000 0.000000 -1.000000 1 8.520204574e-06 1.959688962e-05
185 1.000000 -0.179522 0.426003 1.232717 -0.698704 0.426003 0.000000 0.000000 0.000000 -1.000000 1 8.637784049e-06 1.964485273e-05
185 1.000000 -0.197671 0.426003 1.232717 -0.698704 0.426003 0.000000 0.000000 0.000000 -1.000000 1 8.729984984e-06 1.985905692e-05
185 1.000000 -0.217166 0.426003 1.232717 -0.698704 0.426003 0.000000 0.000000 0.000000 -1.000000 1 8.517177776e-06 1.961202361e-05
185 1.000000 -0.238042 0.426003 1.232717 -0.698704 0.426003 0.000000 0.000000 0.000000 -1.000000 1 8.493894711e-06 1.958198845e-05
185 1.000000 -0.259927 0.426003 1.232717 -0.698704 0.426003 0.000000 0.000000 0.000000 -1.000000 1 8.616829291e-06 1.946999691e-05
185 1.000000 -0.282440 0.426003 1.232717 -0.698704 0.426003 0.000000 0.000000 0.000000 -1.000000 1 8.427072316e-06 1.946301199e-05
186 0.997067 -0.300000 0.322132 0.997067 -0.809763 0.322132 0.000000 0.000000 0.000000 -1.000000 1 9.668990970e-06 2.213707194e-05
186 0.997067 -0.300000 0.322132 0.997067 -0.809763 0.322132 0.000000 0.000000 0.000000 -1.000000 1 7.946975529e-06 1.816195436e-05
186 0.997067 -0.300000 0.322132 0.997067 -0.809763 0.322132 0.000000 0.000000 0.000000 -1.000000 1 8.425209671e-06 1.940014772e-05
186 0.997067 -0.300000 0.322132 0.997067 -0.809763 0.322132 0.000000 0.000000 0.000000 -1.000000 1 7.760012522e-06 1.782504842e-05
186 0.997067 -0.300000 0.322132 0.997067 -0.809763 0.322132 0.000000 0.000000 0.000000 -1.000000 1 8.414965123e-06 1.935707405e-05
186 0.997067 -0.300000 0.322132 0.997067 -0.809763 0.322132 0.000000 0.000000 0.000000 -1.000000 1 1.579895616e-05 3.798305988e-05
186 0.997067 -0.300000 0.322132 0.997067 -0.809763 0.322132 0.000000 0.000000 0.000000 -1.000000 1 7.882015780e-06 1.808302477e-05
186 0.997067 -0.300000 0.322132 0.997067 -0.809763 0.322132 0.000000 0.000000 0.000000 -1.000000 1 8.499016985e-06 1.960317604e-05
186 0.997067 -0.300000 0.322132 0.997067 -0.809763 0.322132 0.000000 0.000000 0.000000 -1.000000 1 7.710885257e-06 1.796218567e-05
186 0.997067 -0.300000 0.322132 0.997067 -0.809763 0.322132 0.000000 0.000000 0.000000 -1.000000 1 8.510891348e-06 1.959106885e-05
186 0.997067 -0.300000 0.322132 0.997067 -0.809763 0.322132 0.000000 0.000000 0.000000 -1.000000 1 8.587958291e-06 1.982599497e-05
186 0.997067 -0.300000 0.322132 0.997067 -0.809763 0.322132 0.000000 0.000000 0.000000 -1.000000 1 1.257495023e-05 3.009801731e-05
186 0.997067 -0.300000 0.322132 0.997067 -0.809763 0.322132 0.000000 0.000000 0.000000 -1.000000 1 1.062802039e-05 2.357806079e-05
186 0.997067 -0.300000 0.322132 0.997067 -0.809763 0.322132 0.000000 0.000000 0.000000 -1.000000 1 8.531846106e-06 1.927511767e-05
186 0.997067 -0.300000 0.322132 0.997067 -0.809763 0.322132 0.000000 0.000000 0.000000 -1.000000 1 8.736038581e-06 1.921714284e-05
186 0.997067 -0.300000 0.322132 0.997067 -0.809763 0.322132 0.000000 0.000000 0.000000 -1.000000 1 8.489936590e-06 1.913914457e-05
186 0.997067 -0.300000 0.322132 0.997067 -0.809763 0.322132 0.000000 0.000000 0.000000 -1.000000 1 1.810491085e-05 2.864887938e-05
186 0.997067 -0.300000 0.322132 0.997067 -0.809763 0.322132 0.000000 0.000000 0.000000 -1.000000 1 1.042196527e-05 2.317805775e-05
186 0.997067 -0.300000 0.322132 0.997067 -0.809763 0.322132 0.000000 0.000000 0.000000 -1.000000 1 8.521135896e-06 1.905788668e-05
186 0.997067 -0.300000 0.322132 0.997067 -0.809763 0.322132 0.000000 0.000000 0.000000 -1.000000 1 8.672010154e-06 1.942017116e-05
187 0.602495 -0.300000 0.111612 0.602495 -0.869982 0.111612 0.000000 0.000000 0.000000 -1.000000 1 8.348142728e-06 1.908186823e-05
187 0.602495 -0.300000 0.111612 0.602495 -0.869982 0.111612 0.000000 0.000000 0.000000 -1.000000 1 8.413102478e-06 1.891190186e-05
187 0.602495 -0.300000 0.111612 0.602495 -0.869982 0.111612 0.000000 0.000000 0.000000 -1.000000 1 1.560710371e-05 3.708689474e-05
187 0.602495 -0.300000 0.111612 0.602495 -0.869982 0.111612 0.000000 0.000000 0.000000 -1.000000 1 8.418923244e-06 1.912401058e-05
187 0.602495 -0.300000 0.111612 0.602495 -0.869982 0.111612 0.000000 0.000000 0.000000 -1.000000 1 8.533941582e-06 1.899991184e-05
187 0.602495 -0.300000 0.111612 0.602495 -0.869982 0.111612 0.000000 0.000000 0.000000 -1.000000 1 8.454080671e-06 1.896102913e-05
187 0.602495 -0.300000 0.111612 0.602495 -0.869982 0.111612 0.000000 0.000000 0.000000 -1.000000 1 8.391914889e-06 1.912494190e-05
187 0.602495 -0.300000 0.111612 0.602495 -0.869982 0.111612 0.000000 0.000000 0.000000 -1.000000 1 8.229864761e-06 1.889583655e-05
187 0.602495 -0.300000 0.111612 0.602495 -0.869982 0.111612 0.000000 0.000000 0.000000 -1.000000 1 1.231092028e-05 2.906494774e-05
187 0.602495 -0.300000 0.111612 0.602495 -0.869982 0.111612 0.000000 0.000000 0.000000 -1.000000 1 1.337798312e-05 3.141816705e-05
187 0.602495 -0.300000 0.111612 0.602495 -0.869982 0.111612 0.000000 0.000000 0.000000 -1.000000 1 1.224712469e-05 3.717793152e-05
187 0.602495 -0.300000 0.111612 0.602495 -0.869982 0.111612 0.000000 0.000000 0.000000 -1.000000 1 1.302291639e-05 3.013317473e-05
187 0.602495 -0.300000 0.111612 0.602495 -0.869982 0.111612 0.000000 0.000000 0.000000 -1.000000 1 1.202407293e-05 2.879905514e-05
187 0.602495 -0.300000 0.111612 0.602495 -0.869982 0.111612 0.000000 0.000000 0.000000 -1.000000 1 9.519979358e-06 2.259109169e-05
187 0.602495 -0.300000 0.111612 0.602495 -0.869982 0.111612 0.000000 0.000000 0.000000 -1.000000 1 8.692033589e-06 2.026883885e-05
187 0.602495 -0.300000 0.111612 0.602495 -0.869982 0.111612 0.000000 0.000000 0.000000 -1.000000 1 6.446847692e-06 1.531210728e-05
187 0.602495 -0.300000 0.111612 0.602495 -0.869982 0.111612 0.000000 0.000000 0.000000 -1.000000 1 8.965143934e-06 2.008606680e-05
187 0.602495 -0.300000 0.111612 0.602495 -0.869982 0.111612 0.000000 0.000000 0.000000 -1.000000 1 8.428934962e-06 1.889513806e-05
187 0.602495 -0.300000 0.111612 0.602495 -0.869982 0.111612 0.000000 0.000000 0.000000 -1.000000 1 8.354894817e-06 1.908210106e-05
187 0.602495 -0.300000 0.111612 0.602495 -0.869982 0.111612 0.000000 0.000000 0.000000 -1.000000 1 1.595611684e-05 4.379590973e-05
188 0.437353 -0.300000 0.147085 0.437353 -0.767844 0.147085 0.000000 0.000000 0.000000 -1.000000 1 8.250819519e-06 1.875101589e-05
188 0.437353 -0.300000 0.147085 0.437353 -0.767844 0.147085 0.000000 0.000000 0.000000 -1.000000 1 8.394941688e-06 1.893099397e-05
188 0.437353 -0.300000 0.147085 0.437353 -0.767844 0.147085 0.000000 0.000000 0.000000 -1.000000 1 8.299015462e-06 1.887185499e-05
188 0.437353 -0.300000 0.147085 0.437353 -0.767844 0.147085 0.000000 0.000000 0.000000 -1.000000 1 1.236004755e-05 2.953084186e-05
188 0.437353 -0.300000 0.147085 0.437353 -0.767844 0.147085 0.000000 0.000000 0.000000 -1.000000 1 1.222104765e-05 2.875691280e-05
188 0.437353 -0.300000 0.147085 0.437353 -0.767844 0.147085 0.000000 0.000000 0.000000 -1.000000 1 8.388888091e-06 1.896615140e-05
188 0.437353 -0.300000 0.147085 0.437353 -0.767844 0.147085 0.000000 0.000000 0.000000 -1.000000 1 1.707905903e-05 3.962498158e-05
188 0.437353 -0.300000 0.147085 0.437353 -0.767844 0.147085 0.000000 0.000000 0.000000 -1.000000 1 8.506001905e-06 1.915497705e-05
188 0.437353 -0.300000 0.147085 0.437353 -0.767844 0.147085 0.000000 0.000000 0.000000 -1.000000 1 8.388888091e-06 1.892214641e-05
188 0.437353 -0.300000 0.147085 0.437353 -0.767844 0.147085 0.000000 0.000000 0.000000 -1.000000 1 8.287839592e-06 1.886091195e-05
188 0.437353 -0.300000 0.147085 0.437353 -0.767844 0.147085 0.000000 0.000000 0.000000 -1.000000 1 8.437084034e-06 1.907208934e-05
188 0.437353 -0.300000 0.147085 0.437353 -0.767844 0.147085 0.000000 0.000000 0.000000 -1.000000 1 9.533017874e-06 2.205907367e-05
188 0.437353 -0.300000 0.147085 0.437353 -0.767844 0.147085 0.000000 0.000000 0.000000 -1.000000 1 8.672010154e-06 1.945905387e-05
188 0.437353 -0.300000 0.147085 0.437353 -0.767844 0.147085 0.000000 0.000000 0.000000 -1.000000 1 8.330913261e-06 1.881713979e-05
188 0.437353 -0.300000 0.147085 0.437353 -0.767844 0.147085 0.000000 0.000000 0.000000 -1.000000 1 8.287141100e-06 1.878896728e-05
188 0.437353 -0.300000 0.147085 0.437353 -0.767844 0.147085 0.000000 0.000000 0.000000 -1.000000 1 8.353963494e-06 1.898687333e-05
188 0.437353 -0.300000 0.147085 0.437353 -0.767844 0.147085 0.000000 0.000000 0.000000 -1.000000 1 1.098006032e-05 2.562603913e-05
188 0.437353 -0.300000 0.147085 0.437353 -0.767844 0.147085 0.000000 0.000000 0.000000 -1.000000 1 8.308095858e-06 1.893891022e-05
188 0.437353 -0.300000 0.147085 0.437353 -0.767844 0.147085 0.000000 0.000000 0.000000 -1.000000 1 8.394010365e-06 1.896405593e-05
188 0.437353 -0.300000 0.147085 0.437353 -0.767844 0.147085 0.000000 0.000000 0.000000 -1.000000 1 8.380971849e-06 1.898501068e-05
189 0.435552 -0.300000 0.374697 0.435552 -0.644719 0.374697 0.000000 0.000000 0.000000 -1.000000 1 8.363043889e-06 1.916103065e-05
189 0.435552 -0.300000 0.374697 0.435552 -0.644719 0.374697 0.000000 0.000000 0.000000 -1.000000 1 8.414033800e-06 1.898687333e-05
189 0.435552 -0.300000 0.374697 0.435552 -0.644719 0.374697 0.000000 0.000000 0.000000 -1.000000 1 8.275033906e-06 1.878011972e-05
189 0.435552 -0.300000 0.374697 0.435552 -0.644719 0.374697 0.000000 0.000000 0.000000 -1.000000 1 8.337898180e-06 1.879222691e-05
189 0.435552 -0.300000 0.374697 0.435552 -0.644719 0.374697 0.000000 0.000000 0.000000 -1.000000 1 8.492032066e-06 1.910305582e-05
189 0.435552 -0.300000 0.374697 0.435552 -0.644719 0.374697 0.000000 0.000000 0.000000 -1.000000 1 8.346978575e-06 1.894892193e-05
189 0.435552 -0.300000 0.374697 0.435552 -0.644719 0.374697 0.000000 0.000000 0.000000 -1.000000 1 8.579809219e-06 1.912121661e-05
189 0.435552 -0.300000 0.374697 0.435552 -0.644719 0.374697 0.000000 0.000000 0.000000 -1.000000 1 8.452916518e-06 1.898198389e-05
189 0.435552 -0.300000 0.374697 0.435552 -0.644719 0.374697 0.000000 0.000000 0.000000 -1.000000 1 6.506917998e-06 1.525203697e-05
189 0.435552 -0.300000 0.374697 0.435552 -0.644719 0.374697 0.000000 0.000000 0.000000 -1.000000 1 5.196081474e-06 1.174700446e-05
189 0.435552 -0.300000 0.374697 0.435552 -0.644719 0.374697 0.000000 0.000000 0.000000 -1.000000 1 8.472939953e-06 1.937686466e-05
189 0.435552 -0.300000 0.374697 0.435552 -0.644719 0.374697 0.000000 0.000000 0.000000 -1.000000 1 8.617993444e-06 1.919199713e-05
189 0.435552 -0.300000 0.374697 0.435552 -0.644719 0.374697 0.000000 0.000000 0.000000 -1.000000 1 8.397037163e-06 1.887185499e-05
189 0.435552 -0.300000 0.374697 0.435552 -0.644719 0.374697 0.000000 0.000000 0.000000 -1.000000 1 1.788907684e-05 4.248204641e-05
189 0.435552 -0.300000 0.374697 0.435552 -0.644719 0.374697 0.000000 0.000000 0.000000 -1.000000 1 1.324480399e-05 3.139488399e-05
189 0.435552 -0.300000 0.374697 0.435552 -0.644719 0.374697 0.000000 0.000000 0.000000 -1.000000 1 1.232000068e-05 2.907612361e-05
189 0.435552 -0.300000 0.374697 0.435552 -0.644719 0.374697 0.000000 0.000000 0.000000 -1.000000 1 9.110197425e-06 2.046604641e-05
189 0.435552 -0.300000 0.374697 0.435552 -0.644719 0.374697 0.000000 0.000000 0.000000 -1.000000 1 8.427072316e-06 1.923111267e-05
189 0.435552 -0.300000 0.374697 0.435552 -0.644719 0.374697 0.000000 0.000000 0.000000 -1.000000 1 8.389120921e-06 1.893704757e-05
189 0.435552 -0.300000 0.374697 0.435552 -0.644719 0.374697 0.000000 0.000000 0.000000 -1.000000 1 8.444068953e-06 1.897779293e-05
190 0.466910 -0.300000 0.577013 0.466910 -0.479916 0.577013 0.000000 0.000000 0.000000 -1.000000 1 1.489208080e-05 2.574990503e-05
190 0.466910 -0.300000 0.577013 0.466910 -0.479916 0.577013 0.000000 0.000000 0.000000 -1.000000 1 8.506001905e-06 1.912401058e-05
190 0.466910 -0.300000 0.577013 0.466910 -0.479916 0.577013 0.000000 0.000000 0.000000 -1.000000 1 8.510192856e-06 1.922599040e-05
190 0.466910 -0.300000 0.577013 0.466910 -0.479916 0.577013 0.000000 0.000000 0.000000 -1.000000 1 8.458970115e-06 1.900293864e-05
190 0.466910 -0.300000 0.577013 0.466910 -0.479916 0.577013 0.000000 0.000000 0.000000 -1.000000 1 8.645001799e-06 1.913402230e-05
190 0.466910 -0.300000 0.577013 0.466910 -0.479916 0.577013 0.000000 0.000000 0.000000 -1.000000 1 9.899027646e-06 2.285791561e-05
190 0.466910 -0.300000 0.577013 0.466910 -0.479916 0.577013 0.000000 0.000000 0.000000 -1.000000 1 7.766997442e-06 1.779408194e-05
190 0.466910 -0.300000 0.577013 0.466910 -0.479916 0.577013 0.000000 0.000000 0.000000 -1.000000 1 8.356058970e-06 1.901807263e-05
190 0.466910 -0.300000 0.577013 0.466910 -0.479916 0.577013 0.000000 0.000000 0.000000 -1.000000 1 7.904833183e-06 1.782714389e-05
190 0.466910 -0.300000 0.577013 0.466910 -0.479916 0.577013 0.000000 0.000000 0.000000 -1.000000 1 5.031004548e-06 1.152488403e-05
190 0.466910 -0.300000 0.577013 0.466910 -0.479916 0.577013 0.000000 0.000000 0.000000 -1.000000 1 1.382315531e-05 3.356905654e-05
190 0.466910 -0.300000 0.577013 0.466910 -0.479916 0.577013 0.000000 0.000000 0.000000 -1.000000 1 7.437076420e-06 1.755892299e-05
190 0.466910 -0.300000 0.577013 0.466910 -0.479916 0.577013 0.000000 0.000000 0.000000 -1.000000 1 1.586088911e-05 3.728712909e-05
190 0.466910 -0.300000 0.577013 0.466910 -0.479916 0.577013 0.000000 0.000000 0.000000 -1.000000 1 8.310889825e-06 1.875497401e-05
190 0.466910 -0.300000 0.577013 0.466910 -0.479916 0.577013 0.000000 0.000000 0.000000 -1.000000 1 8.451985195e-06 1.899781637e-05
190 0.466910 -0.300000 0.577013 0.466910 -0.479916 0.577013 0.000000 0.000000 0.000000 -1.000000 1 8.380040526e-06 1.887301914e-05
190 0.466910 -0.300000 0.577013 0.466910 -0.479916 0.577013 0.000000 0.000000 0.000000 -1.000000 1 8.404022083e-06 1.912913285e-05
190 0.466910 -0.300000 0.577013 0.466910 -0.479916 0.577013 0.000000 0.000000 0.000000 -1.000000 1 8.683884516e-06 1.952494495e-05
190 0.466910 -0.300000 0.577013 0.466910 -0.479916 0.577013 0.000000 0.000000 0.000000 -1.000000 1 8.468981832e-06 1.903506927e-05
190 0.466910 -0.300000 0.577013 0.466910 -0.479916 0.577013 0.000000 0.000000 0.000000 -1.000000 1 8.394010365e-06 1.891888678e-05
191 0.414594 -0.300000 0.537445 0.414594 -0.349888 0.537445 0.000000 0.000000 0.000000 -1.000000 1 8.434988558e-06 1.905811951e-05
191 0.414594 -0.300000 0.537445 0.414594 -0.349888 0.537445 0.000000 0.000000 0.000000 -1.000000 1 8.363043889e-06 1.897406764e-05
191 0.414594 -0.300000 0.537445 0.414594 -0.349888 0.537445 0.000000 0.000000 0.000000 -1.000000 1 9.661074728e-06 2.274708822e-05
191 0.414594 -0.300000 0.537445 0.414594 -0.349888 0.537445 0.000000 0.000000 0.000000 -1.000000 1 8.474802598e-06 1.908885315e-05
191 0.414594 -0.300000 0.537445 0.414594 -0.349888 0.537445 0.000000 0.000000 0.000000 -1.000000 1 8.746050298e-06 1.963786781e-05
191 0.414594 -0.300000 0.537445 0.414594 -0.349888 0.537445 0.000000 0.000000 0.000000 -1.000000 1 8.454080671e-06 1.897802576e-05
191 0.414594 -0.300000 0.537445 0.414594 -0.349888 0.537445 0.000000 0.000000 0.000000 -1.000000 1 8.598901331e-06 1.934007742e-05
191 0.414594 -0.300000 0.537445 0.414594 -0.349888 0.537445 0.000000 0.000000 0.000000 -1.000000 1 9.497860447e-06 2.174894325e-05
191 0.414594 -0.300000 0.537445 0.414594 -0.349888 0.537445 0.000000 0.000000 0.000000 -1.000000 1 8.399831131e-06 1.887511462e-05
191 0.414594 -0.300000 0.537445 0.414594 -0.349888 0.537445 0.000000 0.000000 0.000000 -1.000000 1 8.502043784e-06 1.920294017e-05
191 0.414594 -0.300000 0.537445 0.414594 -0.349888 0.537445 0.000000 0.000000 0.000000 -1.000000 1 8.460832760e-06 1.903017983e-05
191 0.414594 -0.300000 0.537445 0.414594 -0.349888 0.537445 0.000000 0.000000 0.000000 -1.000000 1 8.780974895e-06 1.922808588e-05
191 0.414594 -0.300000 0.537445 0.414594 -0.349888 0.537445 0.000000 0.000000 0.000000 -1.000000 1 8.331844583e-06 1.891911961e-05
191 0.414594 -0.300000 0.537445 0.414594 -0.349888 0.537445 0.000000 0.000000 0.000000 -1.000000 1 8.364906535e-06 1.887604594e-05
191 0.414594 -0.300000 0.537445 0.414594 -0.349888 0.537445 0.000000 0.000000 0.000000 -1.000000 1 1.304317266e-05 3.059417941e-05
191 0.414594 -0.300000 0.537445 0.414594 -0.349888 0.537445 0.000000 0.000000 0.000000 -1.000000 1 1.206295565e-05 2.868101001e-05
191 0.414594 -0.300000 0.537445 0.414594 -0.349888 0.537445 0.000000 0.000000 0.000000 -1.000000 1 9.075039998e-06 3.182119690e-05
191 0.414594 -0.300000 0.537445 0.414594 -0.349888 0.537445 0.000000 0.000000 0.000000 -1.000000 1 8.421950042e-06 1.879502088e-05
191 0.414594 -0.300000 0.537445 0.414594 -0.349888 0.537445 0.000000 0.000000 0.000000 -1.000000 1 8.304137737e-06 1.899595372e-05
191 0.414594 -0.300000 0.537445 0.414594 -0.349888 0.537445 0.000000 0.000000 0.000000 -1.000000 1 8.462928236e-06 1.919805072e-05
192 0.468855 -0.146594 0.750358 0.468855 -0.146594 0.750358 0.000000 0.000000 0.000000 -1.000000 1 7.950002328e-06 1.774891280e-05
192 0.468855 -0.146594 0.750358 0.468855 -0.146594 0.750358 0.000000 0.000000 0.000000 -1.000000 1 8.335104212e-06 1.894705929e-05
192 0.468855 -0.146594 0.750358 0.468855 -0.146594 0.750358 0.000000 0.000000 0.000000 -1.000000 1 8.540926501e-06 1.934799366e-05
192 0.468855 -0.146594 0.750358 0.468855 -0.146594 0.750358 0.000000 0.000000 0.000000 -1.000000 1 8.329050615e-06 1.886184327e-05
192 0.468855 -0.146594 0.750358 0.468855 -0.146594 0.750358 0.000000 0.000000 0.000000 -1.000000 1 1.062313095e-05 2.481997944e-05
192 0.468855 -0.146594 0.750358 0.468855 -0.146594 0.750358 0.000000 0.000000 0.000000 -1.000000 1 8.411007002e-06 1.891492866e-05
192 0.468855 -0.146594 0.750358 0.468855 -0.146594 0.750358 0.000000 0.000000 0.000000 -1.000000 1 8.380971849e-06 1.907697879e-05
192 0.468855 -0.146594 0.750358 0.468855 -0.146594 0.750358 0.000000 0.000000 0.000000 -1.000000 1 7.834983990e-06 1.773890108e-05
192 0.468855 -0.146594 0.750358 0.468855 -0.146594 0.750358 0.000000 0.000000 0.000000 -1.000000 1 8.455011994e-06 1.903995872e-05
192 0.468855 -0.146594 0.750358 0.468855 -0.146594 0.750358 0.000000 0.000000 0.000000 -1.000000 1 8.399132639e-06 1.889606938e-05
192 0.468855 -0.146594 0.750358 0.468855 -0.146594 0.750358 0.000000 0.000000 0.000000 -1.000000 1 8.336966857e-06 1.892517321e-05
192 0.468855 -0.146594 0.750358 0.468855 -0.146594 0.750358 0.000000 0.000000 0.000000 -1.000000 1 9.087147191e-06 2.047489397e-05
192 0.468855 -0.146594 0.750358 0.468855 -0.146594 0.750358 0.000000 0.000000 0.000000 -1.000000 1 8.479924873e-06 1.917500049e-05
192 0.468855 -0.146594 0.750358 0.468855 -0.146594 0.750358 0.000000 0.000000 0.000000 -1.000000 1 7.768860087e-06 1.758988947e-05
192 0.468855 -0.146594 0.750358 0.468855 -0.146594 0.750358 0.000000 0.000000 0.000000 -1.000000 1 8.368864655e-06 1.876801252e-05
192 0.468855 -0.146594 0.750358 0.468855 -0.146594 0.750358 0.000000 0.000000 0.000000 -1.000000 1 8.388888091e-06 1.878105104e-05
192 0.468855 -0.146594 0.750358 0.468855 -0.146594 0.750358 0.000000 0.000000 0.000000 -1.000000 1 8.546980098e-06 2.545700409e-05
192 0.468855 -0.146594 0.750358 0.468855 -0.146594 0.750358 0.000000 0.000000 0.000000 -1.000000 1 8.283881471e-06 1.895497553e-05
192 0.468855 -0.146594 0.750358 0.468855 -0.146594 0.750358 0.000000 0.000000 0.000000 -1.000000 1 8.524162695e-06 1.918897033e-05
192 0.468855 -0.146594 0.750358 0.468855 -0.146594 0.750358 0.000000 0.000000 0.000000 -1.000000 1 8.265953511e-06 1.872400753e-05
193 0.460461 -0.007429 0.648023 0.460461 -0.007429 0.648023 0.000000 0.000000 0.000000 -1.000000 1 8.360017091e-06 1.889490522e-05
193 0.460461 -0.007429 0.648023 0.460461 -0.007429 0.648023 0.000000 0.000000 0.000000 -1.000000 1 9.749084711e-06 2.200319432e-05
193 0.460461 -0.007429 0.648023 0.460461 -0.007429 0.648023 0.000000 0.000000 0.000000 -1.000000 1 8.508097380e-06 1.908582635e-05
193 0.460461 -0.007429 0.648023 0.460461 -0.007429 0.648023 0.000000 0.000000 0.000000 -1.000000 1 8.322065696e-06 1.899502240e-05
193 0.460461 -0.007429 0.648023 0.460461 -0.007429 0.648023 0.000000 0.000000 0.000000 -1.000000 1 8.225906640e-06 1.935195178e-05
193 0.460461 -0.007429 0.648023 0.460461 -0.007429 0.648023 0.000000 0.000000 0.000000 -1.000000 1 7.580965757e-06 1.781992614e-05
193 0.460461 -0.007429 0.648023 0.460461 -0.007429 0.648023 0.000000 0.000000 0.000000 -1.000000 1 6.263842806e-06 1.471908763e-05
193 0.460461 -0.007429 0.648023 0.460461 -0.007429 0.648023 0.000000 0.000000 0.000000 -1.000000 1 6.083166227e-06 1.668487675e-05
193 0.460461 -0.007429 0.648023 0.460461 -0.007429 0.648023 0.000000 0.000000 0.000000 -1.000000 1 8.509960026e-06 1.917802729e-05
193 0.460461 -0.007429 0.648023 0.460461 -0.007429 0.648023 0.000000 0.000000 0.000000 -1.000000 1 8.353963494e-06 1.898198389e-05
193 0.460461 -0.007429 0.648023 0.460461 -0.007429 0.648023 0.000000 0.000000 0.000000 -1.000000 1 8.441973478e-06 1.914892346e-05
193 0.460461 -0.007429 0.648023 0.460461 -0.007429 0.648023 0.000000 0.000000 0.000000 -1.000000 1 8.619157597e-06 1.911399886e-05
193 0.460461 -0.007429 0.648023 0.460461 -0.007429 0.648023 0.000000 0.000000 0.000000 -1.000000 1 8.397968486e-06 1.914007589e-05
193 0.460461 -0.007429 0.648023 0.460461 -0.007429 0.648023 0.000000 0.000000 0.000000 -1.000000 1 8.614966646e-06 1.945300028e-05
193 0.460461 -0.007429 0.648023 0.460461 -0.007429 0.648023 0.000000 0.000000 0.000000 -1.000000 1 7.773051038e-06 1.770700328e-05
193 0.460461 -0.007429 0.648023 0.460461 -0.007429 0.648023 0.000000 0.000000 0.000000 -1.000000 1 8.435919881e-06 1.902319491e-05
193 0.460461 -0.007429 0.648023 0.460461 -0.007429 0.648023 0.000000 0.000000 0.000000 -1.000000 1 8.483882993e-06 1.916615292e-05
193 0.460461 -0.007429 0.648023 0.460461 -0.007429 0.648023 0.000000 0.000000 0.000000 -1.000000 1 8.341157809e-06 1.883204095e-05
193 0.460461 -0.007429 0.648023 0.460461 -0.007429 0.648023 0.000000 0.000000 0.000000 -1.000000 1 1.059309579e-05 2.438505180e-05
193 0.460461 -0.007429 0.648023 0.460461 -0.007429 0.648023 0.000000 0.000000 0.000000 -1.000000 1 8.356058970e-06 1.891003922e-05
194 0.516014 0.180850 0.746225 0.516014 0.180850 0.746225 0.000000 0.000000 0.000000 -1.000000 1 8.574919775e-06 1.934403554e-05
194 0.516014 0.180850 0.746225 0.516014 0.180850 0.746225 0.000000 0.000000 0.000000 -1.000000 1 8.419854566e-06 1.900689676e-05
194 0.516014 0.180850 0.746225 0.516014 0.180850 0.746225 0.000000 0.000000 0.000000 -1.000000 1 9.165843949e-06 2.120505087e-05
194 0.516014 0.180850 0.746225 0.516014 0.180850 0.746225 0.000000 0.000000 0.000000 -1.000000 1 8.724862710e-06 1.927511767e-05
194 0.516014 0.180850 0.746225 0.516014 0.180850 0.746225 0.000000 0.000000 0.000000 -1.000000 1 8.405884728e-06 1.888396218e-05
194 0.516014 0.180850 0.746225 0.516014 0.180850 0.746225 0.000000 0.000000 0.000000 -1.000000 1 8.559087291e-06 2.535106614e-05
194 0.516014 0.180850 0.746225 0.516014 0.180850 0.746225 0.000000 0.000000 0.000000 -1.000000 1 7.855938748e-06 1.757685095e-05
194 0.516014 0.180850 0.746225 0.516014 0.180850 0.746225 0.000000 0.000000 0.000000 -1.000000 1 8.387025446e-06 2.349214628e-05
194 0.516014 0.180850 0.746225 0.516014 0.180850 0.746225 0.000000 0.000000 0.000000 -1.000000 1 8.342089131e-06 1.882296056e-05
194 0.516014 0.180850 0.746225 0.516014 0.180850 0.746225 0.000000 0.000000 0.000000 -1.000000 1 8.484814316e-06 1.907395199e-05
194 0.516014 0.180850 0.746225 0.516014 0.180850 0.746225 0.000000 0.000000 0.000000 -1.000000 1 9.785871953e-06 2.225604840e-05
194 0.516014 0.180850 0.746225 0.516014 0.180850 0.746225 0.000000 0.000000 0.000000 -1.000000 1 8.024042472e-06 1.775799319e-05
194 0.516014 0.180850 0.746225 0.516014 0.180850 0.746225 0.000000 0.000000 0.000000 -1.000000 1 1.263711601e-05 2.945191227e-05
194 0.516014 0.180850 0.746225 0.516014 0.180850 0.746225 0.000000 0.000000 0.000000 -1.000000 1 8.442206308e-06 1.896894537e-05
194 0.516014 0.180850 0.746225 0.516014 0.180850 0.746225 0.000000 0.000000 0.000000 -1.000000 1 7.784925401e-06 1.795287244e-05
194 0.516014 0.180850 0.746225 0.516014 0.180850 0.746225 0.000000 0.000000 0.000000 -1.000000 1 1.563690603e-05 3.748387098e-05
194 0.516014 0.180850 0.746225 0.516014 0.180850 0.746225 0.000000 0.000000 0.000000 -1.000000 1 8.368864655e-06 1.951493323e-05
194 0.516014 0.180850 0.746225 0.516014 0.180850 0.746225 0.000000 0.000000 0.000000 -1.000000 1 8.533010259e-06 1.940387301e-05
194 0.516014 0.180850 0.746225 0.516014 0.180850 0.746225 0.000000 0.000000 0.000000 -1.000000 1 8.402857929e-06 1.944904216e-05
194 0.516014 0.180850 0.746225 0.516014 0.180850 0.746225 0.000000 0.000000 0.000000 -1.000000 1 8.512055501e-06 1.953286119e-05
195 0.567461 0.300000 0.711409 0.567461 0.312452 0.711409 0.000000 0.000000 0.000000 -1.000000 1 8.373055607e-06 1.950212754e-05
195 0.567461 0.300000 0.711409 0.567461 0.312452 0.711409 0.000000 0.000000 0.000000 -1.000000 1 8.346978575e-06 1.945695840e-05
195 0.567461 0.300000 0.711409 0.567461 0.312452 0.711409 0.000000 0.000000 0.000000 -1.000000 1 8.255941793e-06 1.909886487e-05
195 0.567461 0.300000 0.711409 0.567461 0.312452 0.711409 0.000000 0.000000 0.000000 -1.000000 1 8.359784260e-06 1.923716627e-05
195 0.567461 0.300000 0.711409 0.567461 0.312452 0.711409 0.000000 0.000000 0.000000 -1.000000 1 8.397037163e-06 1.962902024e-05
195 0.567461 0.300000 0.711409 0.567461 0.312452 0.711409 0.000000 0.000000 0.000000 -1.000000 1 8.428003639e-06 1.958315261e-05
195 0.567461 0.300000 0.711409 0.567461 0.312452 0.711409 0.000000 0.000000 0.000000 -1.000000 1 1.316494308e-05 3.102188930e-05
195 0.567461 0.300000 0.711409 0.567461 0.312452 0.711409 0.000000 0.000000 0.000000 -1.000000 1 1.327809878e-05 3.115506843e-05
195 0.567461 0.300000 0.711409 0.567461 0.312452 0.711409 0.000000 0.000000 0.000000 -1.000000 1 1.239916310e-05 2.943305299e-05
195 0.567461 0.300000 0.711409 0.567461 0.312452 0.711409 0.000000 0.000000 0.000000 -1.000000 1 1.223990694e-05 2.944609150e-05
195 0.567461 0.300000 0.711409 0.567461 0.312452 0.711409 0.000000 0.000000 0.000000 -1.000000 1 8.495058864e-06 1.933006570e-05
195 0.567461 0.300000 0.711409 0.567461 0.312452 0.711409 0.000000 0.000000 0.000000 -1.000000 1 8.405884728e-06 1.946906559e-05
195 0.567461 0.300000 0.711409 0.567461 0.312452 0.711409 0.000000 0.000000 0.000000 -1.000000 1 1.033907756e-05 2.356804907e-05
195 0.567461 0.300000 0.711409 0.567461 0.312452 0.711409 0.000000 0.000000 0.000000 -1.000000 1 7.766997442e-06 1.807417721e-05
195 0.567461 0.300000 0.711409 0.567461 0.312452 0.711409 0.000000 0.000000 0.000000 -1.000000 1 8.383998647e-06 1.938384958e-05
195 0.567461 0.300000 0.711409 0.567461 0.312452 0.711409 0.000000 0.000000 0.000000 -1.000000 1 8.512986824e-06 1.953402534e-05
195 0.567461 0.300000 0.711409 0.567461 0.312452 0.711409 0.000000 0.000000 0.000000 -1.000000 1 8.370960131e-06 1.924484968e-05
195 0.567461 0.300000 0.711409 0.567461 0.312452 0.711409 0.000000 0.000000 0.000000 -1.000000 1 8.311122656e-06 1.942180097e-05
195 0.567461 0.300000 0.711409 0.567461 0.312452 0.711409 0.000000 0.000000 0.000000 -1.000000 1 2.702930942e-06 6.074085832e-06
195 0.567461 0.300000 0.711409 0.567461 0.312452 0.711409 0.000000 0.000000 0.000000 -1.000000 1 5.115056410e-06 1.168204471e-05
196 0.607239 0.300000 0.712559 0.607239 0.398697 0.712559 0.000000 0.000000 0.000000 -1.000000 1 4.963949323e-06 1.136609353e-05
196 0.607239 0.300000 0.712559 0.607239 0.398697 0.712559 0.000000 0.000000 0.000000 -1.000000 1 2.847984433e-06 6.572110578e-06
196 0.607239 0.300000 0.712559 0.607239 0.398697 0.712559 0.000000 0.000000 0.000000 -1.000000 1 2.860091627e-06 6.631016731e-06
196 0.607239 0.300000 0.712559 0.607239 0.398697 0.712559 0.000000 0.000000 0.000000 -1.000000 1 8.396804333e-06 1.939991489e-05
196 0.607239 0.300000 0.712559 0.607239 0.398697 0.712559 0.000000 0.000000 0.000000 -1.000000 1 8.713919669e-06 2.024299465e-05
196 0.607239 0.300000 0.712559 0.607239 0.398697 0.712559 0.000000 0.000000 0.000000 -1.000000 1 8.353032172e-06 1.928606071e-05
196 0.607239 0.300000 0.712559 0.607239 0.398697 0.712559 0.000000 0.000000 0.000000 -1.000000 1 8.448027074e-06 1.937407069e-05
196 0.607239 0.300000 0.712559 0.607239 0.398697 0.712559 0.000000 0.000000 0.000000 -1.000000 1 7.729977369e-06 1.802085899e-05
196 0.607239 0.300000 0.712559 0.607239 0.398697 0.712559 0.000000 0.000000 0.000000 -1.000000 1 8.311122656e-06 1.942389645e-05
196 0.607239 0.300000 0.712559 0.607239 0.398697 0.712559 0.000000 0.000000 0.000000 -1.000000 1 1.042988151e-05 2.428120933e-05
196 0.607239 0.300000 0.712559 0.607239 0.398697 0.712559 0.000000 0.000000 0.000000 -1.000000 1 8.423812687e-06 1.937104389e-05
196 0.607239 0.300000 0.712559 0.607239 0.398697 0.712559 0.000000 0.000000 0.000000 -1.000000 1 5.620066077e-06 1.302803867e-05
196 0.607239 0.300000 0.712559 0.607239 0.398697 0.712559 0.000000 0.000000 0.000000 -1.000000 1 6.866175681e-06 1.586298458e-05
196 0.607239 0.300000 0.712559 0.607239 0.398697 0.712559 0.000000 0.000000 0.000000 -1.000000 1 8.462928236e-06 1.924997196e-05
196 0.607239 0.300000 0.712559 0.607239 0.398697 0.712559 0.000000 0.000000 0.000000 -1.000000 1 8.593080565e-06 1.949304715e-05
196 0.607239 0.300000 0.712559 0.607239 0.398697 0.712559 0.000000 0.000000 0.000000 -1.000000 1 8.356058970e-06 1.938105561e-05
196 0.607239 0.300000 0.712559 0.607239 0.398697 0.712559 0.000000 0.000000 0.000000 -1.000000 1 8.401926607e-06 1.952098683e-05
196 0.607239 0.300000 0.712559 0.607239 0.398697 0.712559 0.000000 0.000000 0.000000 -1.000000 1 8.355826139e-06 1.929001883e-05
196 0.607239 0.300000 0.712559 0.607239 0.398697 0.712559 0.000000 0.000000 0.000000 -1.000000 1 1.255515963e-05 2.987892367e-05
196 0.607239 0.300000 0.712559 0.607239 0.398697 0.712559 0.000000 0.000000 0.000000 -1.000000 1 1.230300404e-05 2.955691889e-05
197 0.717033 0.300000 0.578575 0.717033 0.398202 0.578575 0.000000 0.000000 0.000000 -1.000000 1 1.030787826e-05 2.293591388e-05
197 0.717033 0.300000 0.578575 0.717033 0.398202 0.578575 0.000000 0.000000 0.000000 -1.000000 1 9.230105206e-06 2.092099749e-05
197 0.717033 0.300000 0.578575 0.717033 0.398202 0.578575 0.000000 0.000000 0.000000 -1.000000 1 8.342089131e-06 1.932005398e-05
197 0.717033 0.300000 0.578575 0.717033 0.398202 0.578575 0.000000 0.000000 0.000000 -1.000000 1 8.446862921e-06 1.932610758e-05
197 0.717033 0.300000 0.578575 0.717033 0.398202 0.578575 0.000000 0.000000 0.000000 -1.000000 1 8.458038792e-06 1.940620132e-05
197 0.717033 0.300000 0.578575 0.717033 0.398202 0.578575 0.000000 0.000000 0.000000 -1.000000 1 8.935108781e-06 2.076616511e-05
197 0.717033 0.300000 0.578575 0.717033 0.398202 0.578575 0.000000 0.000000 0.000000 -1.000000 1 1.803389750e-05 4.542595707e-05
197 0.717033 0.300000 0.578575 0.717033 0.398202 0.578575 0.000000 0.000000 0.000000 -1.000000 1 1.221406274e-05 2.953200601e-05
197 0.717033 0.300000 0.578575 0.717033 0.398202 0.578575 0.000000 0.000000 0.000000 -1.000000 1 1.260801218e-05 3.016507253e-05
197 0.717033 0.300000 0.578575 0.717033 0.398202 0.578575 0.000000 0.000000 0.000000 -1.000000 1 8.336966857e-06 1.940201037e-05
197 0.717033 0.300000 0.578575 0.717033 0.398202 0.578575 0.000000 0.000000 0.000000 -1.000000 1 1.255213283e-05 2.996507101e-05
197 0.717033 0.300000 0.578575 0.717033 0.398202 0.578575 0.000000 0.000000 0.000000 -1.000000 1 8.405186236e-06 1.937802881e-05
197 0.717033 0.300000 0.578575 0.717033 0.398202 0.578575 0.000000 0.000000 0.000000 -1.000000 1 1.226505265e-05 2.978788689e-05
197 0.717033 0.300000 0.578575 0.717033 0.398202 0.578575 0.000000 0.000000 0.000000 -1.000000 1 1.454097219e-05 3.302912228e-05
197 0.717033 0.300000 0.578575 0.717033 0.398202 0.578575 0.000000 0.000000 0.000000 -1.000000 1 8.358852938e-06 1.948606223e-05
197 0.717033 0.300000 0.578575 0.717033 0.398202 0.578575 0.000000 0.000000 0.000000 -1.000000 1 8.976086974e-06 2.070097253e-05
197 0.717033 0.300000 0.578575 0.717033 0.398202 0.578575 0.000000 0.000000 0.000000 -1.000000 1 8.627073839e-06 1.981295645e-05
197 0.717033 0.300000 0.578575 0.717033 0.398202 0.578575 0.000000 0.000000 0.000000 -1.000000 1 8.354894817e-06 1.935614273e-05
197 0.717033 0.300000 0.578575 0.717033 0.398202 0.578575 0.000000 0.000000 0.000000 -1.000000 1 9.046168998e-06 2.103811130e-05
197 0.717033 0.300000 0.578575 0.717033 0.398202 0.578575 0.000000 0.000000 0.000000 -1.000000 1 8.373986930e-06 1.931190491e-05
198 0.738958 0.300000 0.648114 0.738958 0.418839 0.648114 0.000000 0.000000 0.000000 -1.000000 1 8.361879736e-06 1.960177906e-05
198 0.738958 0.300000 0.648114 0.738958 0.418839 0.648114 0.000000 0.000000 0.000000 -1.000000 1 8.729053661e-06 2.009817399e-05
198 0.738958 0.300000 0.648114 0.738958 0.418839 0.648114 0.000000 0.000000 0.000000 -1.000000 1 8.255010471e-06 1.932983287e-05
198 0.738958 0.300000 0.648114 0.738958 0.418839 0.648114 0.000000 0.000000 0.000000 -1.000000 1 1.341896132e-05 3.122794442e-05
198 0.738958 0.300000 0.648114 0.738958 0.418839 0.648114 0.000000 0.000000 0.000000 -1.000000 1 8.547911420e-06 1.958105713e-05
198 0.738958 0.300000 0.648114 0.738958 0.418839 0.648114 0.000000 0.000000 0.000000 -1.000000 1 8.428934962e-06 1.943204552e-05
198 0.738958 0.300000 0.648114 0.738958 0.418839 0.648114 0.000000 0.000000 0.000000 -1.000000 1 8.434988558e-06 1.958105713e-05
198 0.738958 0.300000 0.648114 0.738958 0.418839 0.648114 0.000000 0.000000 0.000000 -1.000000 1 8.478993550e-06 1.929001883e-05
198 0.738958 0.300000 0.648114 0.738958 0.418839 0.648114 0.000000 0.000000 0.000000 -1.000000 1 8.509960026e-06 1.944205724e-05
198 0.738958 0.300000 0.648114 0.738958 0.418839 0.648114 0.000000 0.000000 0.000000 -1.000000 1 8.328119293e-06 1.924694516e-05
198 0.738958 0.300000 0.648114 0.738958 0.418839 0.648114 0.000000 0.000000 0.000000 -1.000000 1 2.083135769e-06 4.756962880e-06
198 0.738958 0.300000 0.648114 0.738958 0.418839 0.648114 0.000000 0.000000 0.000000 -1.000000 1 2.061016858e-06 4.724133760e-06
198 0.738958 0.300000 0.648114 0.738958 0.418839 0.648114 0.000000 0.000000 0.000000 -1.000000 1 8.495990187e-06 1.937011257e-05
198 0.738958 0.300000 0.648114 0.738958 0.418839 0.648114 0.000000 0.000000 0.000000 -1.000000 1 8.445000276e-06 1.969397999e-05
198 0.738958 0.300000 0.648114 0.738958 0.418839 0.648114 0.000000 0.000000 0.000000 -1.000000 1 1.224293374e-05 2.901908010e-05
198 0.738958 0.300000 0.648114 0.738958 0.418839 0.648114 0.000000 0.000000 0.000000 -1.000000 1 1.292792149e-05 3.070803359e-05
198 0.738958 0.300000 0.648114 0.738958 0.418839 0.648114 0.000000 0.000000 0.000000 -1.000000 1 1.287297346e-05 3.054016270e-05
198 0.738958 0.300000 0.648114 0.738958 0.418839 0.648114 0.000000 0.000000 0.000000 -1.000000 1 5.417037755e-06 1.227110624e-05
198 0.738958 0.300000 0.648114 0.738958 0.418839 0.648114 0.000000 0.000000 0.000000 -1.000000 1 5.903886631e-06 1.344690099e-05
198 0.738958 0.300000 0.648114 0.738958 0.418839 0.648114 0.000000 0.000000 0.000000 -1.000000 1 7.455004379e-06 1.685298048e-05
199 0.798569 0.300000 0.511373 0.798569 0.353431 0.511373 0.000000 0.000000 0.000000 -1.000000 1 1.210882328e-05 2.750707790e-05
199 0.798569 0.300000 0.511373 0.798569 0.353431 0.511373 0.000000 0.000000 0.000000 -1.000000 1 8.414965123e-06 1.945812255e-05
199 0.798569 0.300000 0.511373 0.798569 0.353431 0.511373 0.000000 0.000000 0.000000 -1.000000 1 8.789822459e-06 2.006813884e-05
199 0.798569 0.300000 0.511373 0.798569 0.353431 0.511373 0.000000 0.000000 0.000000 -1.000000 1 8.319970220e-06 1.923297532e-05
199 0.798569 0.300000 0.511373 0.798569 0.353431 0.511373 0.000000 0.000000 0.000000 -1.000000 1 8.583068848e-06 1.951796003e-05
199 0.798569 0.300000 0.511373 0.798569 0.353431 0.511373 0.000000 0.000000 0.000000 -1.000000 1 8.407048881e-06 1.908908598e-05
199 0.798569 0.300000 0.511373 0.798569 0.353431 0.511373 0.000000 0.000000 0.000000 -1.000000 1 8.699949831e-06 2.009398304e-05
199 0.798569 0.300000 0.511373 0.798569 0.353431 0.511373 0.000000 0.000000 0.000000 -1.000000 1 8.482951671e-06 1.975102350e-05
199 0.798569 0.300000 0.511373 0.798569 0.353431 0.511373 0.000000 0.000000 0.000000 -1.000000 1 8.272007108e-06 1.909094863e-05
199 0.798569 0.300000 0.511373 0.798569 0.353431 0.511373 0.000000 0.000000 0.000000 -1.000000 1 1.242500730e-05 2.976483665e-05
199 0.798569 0.300000 0.511373 0.798569 0.353431 0.511373 0.000000 0.000000 0.000000 -1.000000 1 1.215795055e-05 2.910103649e-05
199 0.798569 0.300000 0.511373 0.798569 0.353431 0.511373 0.000000 0.000000 0.000000 -1.000000 1 8.418923244e-06 2.645701170e-05
199 0.798569 0.300000 0.511373 0.798569 0.353431 0.511373 0.000000 0.000000 0.000000 -1.000000 1 8.521834388e-06 1.967605203e-05
199 0.798569 0.300000 0.511373 0.798569 0.353431 0.511373 0.000000 0.000000 0.000000 -1.000000 1 8.343951777e-06 1.926789992e-05
199 0.798569 0.300000 0.511373 0.798569 0.353431 0.511373 0.000000 0.000000 0.000000 -1.000000 1 1.652492210e-05 3.799400292e-05
199 0.798569 0.300000 0.511373 0.798569 0.353431 0.511373 0.000000 0.000000 0.000000 -1.000000 1 7.730908692e-06 1.809792593e-05
199 0.798569 0.300000 0.511373 0.798569 0.353431 0.511373 0.000000 0.000000 0.000000 -1.000000 1 8.511124179e-06 1.934007742e-05
199 0.798569 0.300000 0.511373 0.798569 0.353431 0.511373 0.000000 0.000000 0.000000 -1.000000 1 1.286389306e-05 2.948497422e-05
199 0.798569 0.300000 0.511373 0.798569 0.353431 0.511373 0.000000 0.000000 0.000000 -1.000000 1 8.367933333e-06 1.929583959e-05
199 0.798569 0.300000 0.511373 0.798569 0.353431 0.511373 0.000000 0.000000 0.000000 -1.000000 1 8.521135896e-06 1.950515434e-05
199 0.798569 0.300000 0.511373 0.798569 0.353431 0.511373 0.000000 0.000000 0.000000 -1.000000 1 8.507864550e-06 1.936382614e-05
200 0.771434 0.300000 0.481235 0.771434 0.310245 0.481235 0.000000 0.000000 0.000000 -1.000000 1 8.388888091e-06 1.939409412e-05
200 0.771434 0.300000 0.481235 0.771434 0.310245 0.481235 0.000000 0.000000 0.000000 -1.000000 1 8.409842849e-06 1.929188147e-05
200 0.771434 0.300000 0.481235 0.771434 0.310245 0.481235 0.000000 0.000000 0.000000 -1.000000 1 1.239404082e-05 2.962583676e-05
200 0.771434 0.300000 0.481235 0.771434 0.310245 0.481235 0.000000 0.000000 0.000000 -1.000000 1 1.326412894e-05 7.889093831e-05
200 0.771434 0.300000 0.481235 0.771434 0.310245 0.481235 0.000000 0.000000 0.000000 -1.000000 1 1.192395575e-05 2.804421820e-05
200 0.771434 0.300000 0.481235 0.771434 0.310245 0.481235 0.000000 0.000000 0.000000 -1.000000 1 1.296517439e-05 3.102491610e-05
200 0.771434 0.300000 0.481235 0.771434 0.310245 0.481235 0.000000 0.000000 0.000000 -1.000000 1 1.235399395e-05 2.968590707e-05
200 0.771434 0.300000 0.481235 0.771434 0.310245 0.481235 0.000000 0.000000 0.000000 -1.000000 1 1.242291182e-05 2.975622192e-05
200 0.771434 0.300000 0.481235 0.771434 0.310245 0.481235 0.000000 0.000000 0.000000 -1.000000 1 1.295609400e-05 3.122794442e-05
200 0.771434 0.300000 0.481235 0.771434 0.310245 0.481235 0.000000 0.000000 0.000000 -1.000000 1 1.255120151e-05 2.989894710e-05
200 0.771434 0.300000 0.481235 0.771434 0.310245 0.481235 0.000000 0.000000 0.000000 -1.000000 1 9.187962860e-06 2.132984810e-05
200 0.771434 0.300000 0.481235 0.771434 0.310245 0.481235 0.000000 0.000000 0.000000 -1.000000 1 8.447794244e-06 1.962692477e-05
200 0.771434 0.300000 0.481235 0.771434 0.310245 0.481235 0.000000 0.000000 0.000000 -1.000000 1 8.333940059e-06 1.945183612e-05
200 0.771434 0.300000 0.481235 0.771434 0.310245 0.481235 0.000000 0.000000 0.000000 -1.000000 1 1.585599966e-05 3.739912063e-05
200 0.771434 0.300000 0.481235 0.771434 0.310245 0.481235 0.000000 0.000000 0.000000 -1.000000 1 8.643837646e-06 1.957197674e-05
200 0.771434 0.300000 0.481235 0.771434 0.310245 0.481235 0.000000 0.000000 0.000000 -1.000000 1 8.494127542e-06 1.970701851e-05
200 0.771434 0.300000 0.481235 0.771434 0.310245 0.481235 0.000000 0.000000 0.000000 -1.000000 1 8.390983567e-06 1.938617788e-05
200 0.771434 0.300000 0.481235 0.771434 0.310245 0.481235 0.000000 0.000000 0.000000 -1.000000 1 1.258496195e-05 3.020302393e-05
200 0.771434 0.300000 0.481235 0.771434 0.310245 0.481235 0.000000 0.000000 0.000000 -1.000000 1 1.260708086e-05 3.019883297e-05
200 0.771434 0.300000 0.481235 0.771434 0.310245 0.481235 0.000000 0.000000 0.000000 -1.000000 1 1.248880289e-05 2.993806265e-05
201 0.742849 0.233949 0.411432 0.742849 0.233949 0.411432 0.000000 0.000000 0.000000 -1.000000 1 1.232000068e-05 2.970104106e-05
201 0.742849 0.233949 0.411432 0.742849 0.233949 0.411432 0.000000 0.000000 0.000000 -1.000000 1 7.768161595e-06 1.815706491e-05
201 0.742849 0.233949 0.411432 0.742849 0.233949 0.411432 0.000000 0.000000 0.000000 -1.000000 1 8.726026863e-06 1.965486445e-05
201 0.742849 0.233949 0.411432 0.742849 0.233949 0.411432 0.000000 0.000000 0.000000 -1.000000 1 7.730908692e-06 1.792586409e-05
201 0.742849 0.233949 0.411432 0.742849 0.233949 0.411432 0.000000 0.000000 0.000000 -1.000000 1 8.807983249e-06 2.018897794e-05
201 0.742849 0.233949 0.411432 0.742849 0.233949 0.411432 0.000000 0.000000 0.000000 -1.000000 1 1.038215123e-05 2.439995296e-05
201 0.742849 0.233949 0.411432 0.742849 0.233949 0.411432 0.000000 0.000000 0.000000 -1.000000 1 8.478993550e-06 1.975311898e-05
201 0.742849 0.233949 0.411432 0.742849 0.233949 0.411432 0.000000 0.000000 0.000000 -1.000000 1 8.394941688e-06 1.989793964e-05
201 0.742849 0.233949 0.411432 0.742849 0.233949 0.411432 0.000000 0.000000 0.000000 -1.000000 1 8.380040526e-06 1.992192119e-05
201 0.742849 0.233949 0.411432 0.742849 0.233949 0.411432 0.000000 0.000000 0.000000 -1.000000 1 8.325092494e-06 1.968396828e-05
201 0.742849 0.233949 0.411432 0.742849 0.233949 0.411432 0.000000 0.000000 0.000000 -1.000000 1 8.440110832e-06 1.969002187e-05
201 0.742849 0.233949 0.411432 0.742849 0.233949 0.411432 0.000000 0.000000 0.000000 -1.000000 1 6.927177310e-06 1.621013507e-05
201 0.742849 0.233949 0.411432 0.742849 0.233949 0.411432 0.000000 0.000000 0.000000 -1.000000 1 8.441973478e-06 1.986883581e-05
201 0.742849 0.233949 0.411432 0.742849 0.233949 0.411432 0.000000 0.000000 0.000000 -1.000000 1 8.719973266e-06 2.028211020e-05
201 0.742849 0.233949 0.411432 0.742849 0.233949 0.411432 0.000000 0.000000 0.000000 -1.000000 1 8.611008525e-06 2.000294626e-05
201 0.742849 0.233949 0.411432 0.742849 0.233949 0.411432 0.000000 0.000000 0.000000 -1.000000 1 8.445931599e-06 2.017500810e-05
201 0.742849 0.233949 0.411432 0.742849 0.233949 0.411432 0.000000 0.000000 0.000000 -1.000000 1 8.261064067e-06 1.971400343e-05
201 0.742849 0.233949 0.411432 0.742849 0.233949 0.411432 0.000000 0.000000 0.000000 -1.000000 1 8.663861081e-06 2.030190080e-05
201 0.742849 0.233949 0.411432 0.742849 0.233949 0.411432 0.000000 0.000000 0.000000 -1.000000 1 8.457805961e-06 1.992494799e-05
201 0.742849 0.233949 0.411432 0.742849 0.233949 0.411432 0.000000 0.000000 0.000000 -1.000000 1 8.454080671e-06 1.992494799e-05
202 0.651650 0.163889 0.383658 0.651650 0.163889 0.383658 0.000000 0.000000 0.000000 -1.000000 1 8.407048881e-06 1.965998672e-05
202 0.651650 0.163889 0.383658 0.651650 0.163889 0.383658 0.000000 0.000000 0.000000 -1.000000 1 8.404022083e-06 1.987488940e-05
202 0.651650 0.163889 0.383658 0.651650 0.163889 0.383658 0.000000 0.000000 0.000000 -1.000000 1 9.584939107e-06 2.347095869e-05
202 0.651650 0.163889 0.383658 0.651650 0.163889 0.383658 0.000000 0.000000 0.000000 -1.000000 1 8.489005268e-06 1.997104846e-05
202 0.651650 0.163889 0.383658 0.651650 0.163889 0.383658 0.000000 0.000000 0.000000 -1.000000 1 8.306931704e-06 1.997989602e-05
202 0.651650 0.163889 0.383658 0.651650 0.163889 0.383658 0.000000 0.000000 0.000000 -1.000000 1 8.519040421e-06 2.008979209e-05
202 0.651650 0.163889 0.383658 0.651650 0.163889 0.383658 0.000000 0.000000 0.000000 -1.000000 1 8.293893188e-06 1.978897490e-05
202 0.651650 0.163889 0.383658 0.651650 0.163889 0.383658 0.000000 0.000000 0.000000 -1.000000 1 1.594098285e-05 3.836606629e-05
202 0.651650 0.163889 0.383658 0.651650 0.163889 0.383658 0.000000 0.000000 0.000000 -1.000000 1 8.448958397e-06 1.974287443e-05
202 0.651650 0.163889 0.383658 0.651650 0.163889 0.383658 0.000000 0.000000 0.000000 -1.000000 1 8.414965123e-06 1.966184936e-05
202 0.651650 0.163889 0.383658 0.651650 0.163889 0.383658 0.000000 0.000000 0.000000 -1.000000 1 8.549075574e-06 1.997593790e-05
202 0.651650 0.163889 0.383658 0.651650 0.163889 0.383658 0.000000 0.000000 0.000000 -1.000000 1 7.145106792e-06 1.747091301e-05
202 0.651650 0.163889 0.383658 0.651650 0.163889 0.383658 0.000000 0.000000 0.000000 -1.000000 1 5.855923519e-06 1.435005106e-05
202 0.651650 0.163889 0.383658 0.651650 0.163889 0.383658 0.000000 0.000000 0.000000 -1.000000 1 3.939028829e-06 9.674113244e-06
202 0.651650 0.163889 0.383658 0.651650 0.163889 0.383658 0.000000 0.000000 0.000000 -1.000000 1 5.592126399e-06 1.364899799e-05
202 0.651650 0.163889 0.383658 0.651650 0.163889 0.383658 0.000000 0.000000 0.000000 -1.000000 1 6.051035598e-06 1.469813287e-05
202 0.651650 0.163889 0.383658 0.651650 0.163889 0.383658 0.000000 0.000000 0.000000 -1.000000 1 1.247995533e-05 3.033503890e-05
202 0.651650 0.163889 0.383658 0.651650 0.163889 0.383658 0.000000 0.000000 0.000000 -1.000000 1 1.085898839e-05 2.540415153e-05
202 0.651650 0.163889 0.383658 0.651650 0.163889 0.383658 0.000000 0.000000 0.000000 -1.000000 1 8.316012099e-06 1.993309706e-05
202 0.651650 0.163889 0.383658 0.651650 0.163889 0.383658 0.000000 0.000000 0.000000 -1.000000 1 8.637085557e-06 2.015405335e-05
203 0.563497 0.090067 0.358413 0.563497 0.090067 0.358413 0.000000 0.000000 0.000000 -1.000000 1 8.446862921e-06 1.976708882e-05
203 0.563497 0.090067 0.358413 0.563497 0.090067 0.358413 0.000000 0.000000 0.000000 -1.000000 1 8.492963389e-06 1.985393465e-05
203 0.563497 0.090067 0.358413 0.563497 0.090067 0.358413 0.000000 0.000000 0.000000 -1.000000 1 8.432893082e-06 1.980690286e-05
203 0.563497 0.090067 0.358413 0.563497 0.090067 0.358413 0.000000 0.000000 0.000000 -1.000000 1 8.347909898e-06 1.985393465e-05
203 0.563497 0.090067 0.358413 0.563497 0.090067 0.358413 0.000000 0.000000 0.000000 -1.000000 1 1.605506986e-05 3.892206587e-05
203 0.563497 0.090067 0.358413 0.563497 0.090067 0.358413 0.000000 0.000000 0.000000 -1.000000 1 8.219154552e-06 1.939991489e-05
203 0.563497 0.090067 0.358413 0.563497 0.090067 0.358413 0.000000 0.000000 0.000000 -1.000000 1 9.249197319e-06 2.088001929e-05
203 0.563497 0.090067 0.358413 0.563497 0.090067 0.358413 0.000000 0.000000 0.000000 -1.000000 1 8.326955140e-06 1.990399323e-05
203 0.563497 0.090067 0.358413 0.563497 0.090067 0.358413 0.000000 0.000000 0.000000 -1.000000 1 8.378876373e-06 1.969910227e-05
203 0.563497 0.090067 0.358413 0.563497 0.090067 0.358413 0.000000 0.000000 0.000000 -1.000000 1 8.370028809e-06 1.991610043e-05
203 0.563497 0.090067 0.358413 0.563497 0.090067 0.358413 0.000000 0.000000 0.000000 -1.000000 1 8.373055607e-06 1.987302676e-05
203 0.563497 0.090067 0.358413 0.563497 0.090067 0.358413 0.000000 0.000000 0.000000 -1.000000 1 8.681090549e-06 2.028793097e-05
203 0.563497 0.090067 0.358413 0.563497 0.090067 0.358413 0.000000 0.000000 0.000000 -1.000000 1 8.496921510e-06 1.999805681e-05
203 0.563497 0.090067 0.358413 0.563497 0.090067 0.358413 0.000000 0.000000 0.000000 -1.000000 1 8.563045412e-06 1.986999996e-05
203 0.563497 0.090067 0.358413 0.563497 0.090067 0.358413 0.000000 0.000000 0.000000 -1.000000 1 8.327886462e-06 1.966115087e-05
203 0.563497 0.090067 0.358413 0.563497 0.090067 0.358413 0.000000 0.000000 0.000000 -1.000000 1 8.454080671e-06 1.984182745e-05
203 0.563497 0.090067 0.358413 0.563497 0.090067 0.358413 0.000000 0.000000 0.000000 -1.000000 1 8.715083823e-06 2.053915523e-05
203 0.563497 0.090067 0.358413 0.563497 0.090067 0.358413 0.000000 0.000000 0.000000 -1.000000 1 7.848022506e-06 1.862505451e-05
203 0.563497 0.090067 0.358413 0.563497 0.090067 0.358413 0.000000 0.000000 0.000000 -1.000000 1 8.343951777e-06 1.972308382e-05
203 0.563497 0.090067 0.358413 0.563497 0.090067 0.358413 0.000000 0.000000 0.000000 -1.000000 1 8.660135791e-06 2.013705671e-05
204 0.469349 0.045963 0.393314 0.469349 0.045963 0.393314 0.000000 0.000000 0.000000 -1.000000 1 8.417991921e-06 1.994287595e-05
204 0.469349 0.045963 0.393314 0.469349 0.045963 0.393314 0.000000 0.000000 0.000000 -1.000000 1 1.001288183e-05 2.363999374e-05
204 0.469349 0.045963 0.393314 0.469349 0.045963 0.393314 0.000000 0.000000 0.000000 -1.000000 1 8.467119187e-06 1.985277049e-05
204 0.469349 0.045963 0.393314 0.469349 0.045963 0.393314 0.000000 0.000000 0.000000 -1.000000 1 8.501112461e-06 2.033682540e-05
204 0.469349 0.045963 0.393314 0.469349 0.045963 0.393314 0.000000 0.000000 0.000000 -1.000000 1 8.346978575e-06 1.984206028e-05
204 0.469349 0.045963 0.393314 0.469349 0.045963 0.393314 0.000000 0.000000 0.000000 -1.000000 1 8.307863027e-06 2.008886077e-05
204 0.469349 0.045963 0.393314 0.469349 0.045963 0.393314 0.000000 0.000000 0.000000 -1.000000 1 8.326955140e-06 1.993193291e-05
204 0.469349 0.045963 0.393314 0.469349 0.045963 0.393314 0.000000 0.000000 0.000000 -1.000000 1 8.459901437e-06 1.990678720e-05
204 0.469349 0.045963 0.393314 0.469349 0.045963 0.393314 0.000000 0.000000 0.000000 -1.000000 1 8.476898074e-06 1.985486597e-05
204 0.469349 0.045963 0.393314 0.469349 0.045963 0.393314 0.000000 0.000000 0.000000 -1.000000 1 8.533010259e-06 2.004182898e-05
204 0.469349 0.045963 0.393314 0.469349 0.045963 0.393314 0.000000 0.000000 0.000000 -1.000000 1 8.468981832e-06 2.000713721e-05
204 0.469349 0.045963 0.393314 0.469349 0.045963 0.393314 0.000000 0.000000 0.000000 -1.000000 1 8.411007002e-06 1.984601840e-05
204 0.469349 0.045963 0.393314 0.469349 0.045963 0.393314 0.000000 0.000000 0.000000 -1.000000 1 8.777948096e-06 2.035684884e-05
204 0.469349 0.045963 0.393314 0.469349 0.045963 0.393314 0.000000 0.000000 0.000000 -1.000000 1 8.580973372e-06 2.019689418e-05
204 0.469349 0.045963 0.393314 0.469349 0.045963 0.393314 0.000000 0.000000 0.000000 -1.000000 1 8.468050510e-06 1.985393465e-05
204 0.469349 0.045963 0.393314 0.469349 0.045963 0.393314 0.000000 0.000000 0.000000 -1.000000 1 8.521834388e-06 1.987395808e-05
204 0.469349 0.045963 0.393314 0.469349 0.045963 0.393314 0.000000 0.000000 0.000000 -1.000000 1 8.467119187e-06 1.988303848e-05
204 0.469349 0.045963 0.393314 0.469349 0.045963 0.393314 0.000000 0.000000 0.000000 -1.000000 1 8.400995284e-06 1.990702003e-05
204 0.469349 0.045963 0.393314 0.469349 0.045963 0.393314 0.000000 0.000000 0.000000 -1.000000 1 9.695068002e-06 2.291705459e-05
204 0.469349 0.045963 0.393314 0.469349 0.045963 0.393314 0.000000 0.000000 0.000000 -1.000000 1 8.614966646e-06 1.998106018e-05
205 0.411112 0.031304 0.386209 0.411112 0.031304 0.386209 0.000000 0.000000 0.000000 -1.000000 1 8.464092389e-06 1.991400495e-05
205 0.411112 0.031304 0.386209 0.411112 0.031304 0.386209 0.000000 0.000000 0.000000 -1.000000 1 8.446862921e-06 1.984089613e-05
205 0.411112 0.031304 0.386209 0.411112 0.031304 0.386209 0.000000 0.000000 0.000000 -1.000000 1 9.251991287e-06 2.162903547e-05
205 0.411112 0.031304 0.386209 0.411112 0.031304 0.386209 0.000000 0.000000 0.000000 -1.000000 1 8.374918252e-06 1.984601840e-05
205 0.411112 0.031304 0.386209 0.411112 0.031304 0.386209 0.000000 0.000000 0.000000 -1.000000 1 8.394010365e-06 1.994706690e-05
205 0.411112 0.031304 0.386209 0.411112 0.031304 0.386209 0.000000 0.000000 0.000000 -1.000000 1 8.336035535e-06 1.983600669e-05
205 0.411112 0.031304 0.386209 0.411112 0.031304 0.386209 0.000000 0.000000 0.000000 -1.000000 1 8.337199688e-06 1.968396828e-05
205 0.411112 0.031304 0.386209 0.411112 0.031304 0.386209 0.000000 0.000000 0.000000 -1.000000 1 8.289003745e-06 1.959200017e-05
205 0.411112 0.031304 0.386209 0.411112 0.031304 0.386209 0.000000 0.000000 0.000000 -1.000000 1 8.275033906e-06 1.966580749e-05
205 0.411112 0.031304 0.386209 0.411112 0.031304 0.386209 0.000000 0.000000 0.000000 -1.000000 1 8.347909898e-06 1.966510899e-05
205 0.411112 0.031304 0.386209 0.411112 0.031304 0.386209 0.000000 0.000000 0.000000 -1.000000 1 8.939066902e-06 2.074707299e-05
205 0.411112 0.031304 0.386209 0.411112 0.031304 0.386209 0.000000 0.000000 0.000000 -1.000000 1 1.102802344e-05 2.239388414e-05
205 0.411112 0.031304 0.386209 0.411112 0.031304 0.386209 0.000000 0.000000 0.000000 -1.000000 1 8.354894817e-06 1.962995157e-05
205 0.411112 0.031304 0.386209 0.411112 0.031304 0.386209 0.000000 0.000000 0.000000 -1.000000 1 8.485047147e-06 2.000690438e-05
205 0.411112 0.031304 0.386209 0.411112 0.031304 0.386209 0.000000 0.000000 0.000000 -1.000000 1 9.117880836e-06 2.131005749e-05
205 0.411112 0.031304 0.386209 0.411112 0.031304 0.386209 0.000000 0.000000 0.000000 -1.000000 1 1.001008786e-05 2.922909334e-05
205 0.411112 0.031304 0.386209 0.411112 0.031304 0.386209 0.000000 0.000000 0.000000 -1.000000 1 8.926959708e-06 2.140086144e-05
205 0.411112 0.031304 0.386209 0.411112 0.031304 0.386209 0.000000 0.000000 0.000000 -1.000000 1 8.367002010e-06 1.957896166e-05
205 0.411112 0.031304 0.386209 0.411112 0.031304 0.386209 0.000000 0.000000 0.000000 -1.000000 1 2.160714939e-05 5.151983351e-05
205 0.411112 0.031304 0.386209 0.411112 0.031304 0.386209 0.000000 0.000000 0.000000 -1.000000 1 8.438946679e-06 1.974590123e-05
206 0.383234 0.047688 0.446964 0.383234 0.047688 0.446964 0.000000 0.000000 0.000000 -1.000000 1 8.536037058e-06 2.785003744e-05
206 0.383234 0.047688 0.446964 0.383234 0.047688 0.446964 0.000000 0.000000 0.000000 -1.000000 1 8.475035429e-06 1.986790448e-05
206 0.383234 0.047688 0.446964 0.383234 0.047688 0.446964 0.000000 0.000000 0.000000 -1.000000 1 8.689938113e-06 2.047000453e-05
206 0.383234 0.047688 0.446964 0.383234 0.047688 0.446964 0.000000 0.000000 0.000000 -1.000000 1 8.661998436e-06 2.012099139e-05
206 0.383234 0.047688 0.446964 0.383234 0.047688 0.446964 0.000000 0.000000 0.000000 -1.000000 1 8.400063962e-06 2.000690438e-05
206 0.383234 0.047688 0.446964 0.383234 0.047688 0.446964 0.000000 0.000000 0.000000 -1.000000 1 8.841045201e-06 2.076197416e-05
206 0.383234 0.047688 0.446964 0.383234 0.047688 0.446964 0.000000 0.000000 0.000000 -1.000000 1 8.563045412e-06 2.019107342e-05
206 0.383234 0.047688 0.446964 0.383234 0.047688 0.446964 0.000000 0.000000 0.000000 -1.000000 1 9.783077985e-06 2.269702964e-05
206 0.383234 0.047688 0.446964 0.383234 0.047688 0.446964 0.000000 0.000000 0.000000 -1.000000 1 8.569099009e-06 2.009491436e-05
206 0.383234 0.047688 0.446964 0.383234 0.047688 0.446964 0.000000 0.000000 0.000000 -1.000000 1 7.756054401e-06 1.851888373e-05
206 0.383234 0.047688 0.446964 0.383234 0.047688 0.446964 0.000000 0.000000 0.000000 -1.000000 1 8.153030649e-06 1.878594048e-05
206 0.383234 0.047688 0.446964 0.383234 0.047688 0.446964 0.000000 0.000000 0.000000 -1.000000 1 8.367002010e-06 1.952820458e-05
206 0.383234 0.047688 0.446964 0.383234 0.047688 0.446964 0.000000 0.000000 0.000000 -1.000000 1 1.616100781e-05 3.781798296e-05
206 0.383234 0.047688 0.446964 0.383234 0.047688 0.446964 0.000000 0.000000 0.000000 -1.000000 1 8.322997019e-06 1.977104694e-05
206 0.383234 0.047688 0.446964 0.383234 0.047688 0.446964 0.000000 0.000000 0.000000 -1.000000 1 7.885042578e-06 1.848489046e-05
206 0.383234 0.047688 0.446964 0.383234 0.047688 0.446964 0.000000 0.000000 0.000000 -1.000000 1 8.355127648e-06 1.992005855e-05
206 0.383234 0.047688 0.446964 0.383234 0.047688 0.446964 0.000000 0.000000 0.000000 -1.000000 1 8.387956768e-06 2.004695125e-05
206 0.383234 0.047688 0.446964 0.383234 0.047688 0.446964 0.000000 0.000000 0.000000 -1.000000 1 8.481089026e-06 1.994706690e-05
206 0.383234 0.047688 0.446964 0.383234 0.047688 0.446964 0.000000 0.000000 0.000000 -1.000000 1 8.284812793e-06 1.968094148e-05
206 0.383234 0.047688 0.446964 0.383234 0.047688 0.446964 0.000000 0.000000 0.000000 -1.000000 1 8.522067219e-06 2.003717236e-05
207 0.393106 0.077607 0.468206 0.393106 0.077607 0.468206 0.000000 0.000000 0.000000 -1.000000 1 9.535113350e-06 2.183788456e-05
207 0.393106 0.077607 0.468206 0.393106 0.077607 0.468206 0.000000 0.000000 0.000000 -1.000000 1 4.197005183e-06 9.977957234e-06
207 0.393106 0.077607 0.468206 0.393106 0.077607 0.468206 0.000000 0.000000 0.000000 -1.000000 1 4.670815542e-06 1.105410047e-05
207 0.393106 0.077607 0.468206 0.393106 0.077607 0.468206 0.000000 0.000000 0.000000 -1.000000 1 6.767921150e-06 1.671398059e-05
207 0.393106 0.077607 0.468206 0.393106 0.077607 0.468206 0.000000 0.000000 0.000000 -1.000000 1 8.193077520e-06 1.904903911e-05
207 0.393106 0.077607 0.468206 0.393106 0.077607 0.468206 0.000000 0.000000 0.000000 -1.000000 1 8.503906429e-06 1.989398152e-05
207 0.393106 0.077607 0.468206 0.393106 0.077607 0.468206 0.000000 0.000000 0.000000 -1.000000 1 8.380971849e-06 1.983996481e-05
207 0.393106 0.077607 0.468206 0.393106 0.077607 0.468206 0.000000 0.000000 0.000000 -1.000000 1 8.400063962e-06 2.008583397e-05
207 0.393106 0.077607 0.468206 0.393106 0.077607 0.468206 0.000000 0.000000 0.000000 -1.000000 1 8.380971849e-06 1.998385414e-05
207 0.393106 0.077607 0.468206 0.393106 0.077607 0.468206 0.000000 0.000000 0.000000 -1.000000 1 9.827781469e-06 2.336502075e-05
207 0.393106 0.077607 0.468206 0.393106 0.077607 0.468206 0.000000 0.000000 0.000000 -1.000000 1 8.475035429e-06 1.988210715e-05
207 0.393106 0.077607 0.468206 0.393106 0.077607 0.468206 0.000000 0.000000 0.000000 -1.000000 1 8.466886356e-06 1.996196806e-05
207 0.393106 0.077607 0.468206 0.393106 0.077607 0.468206 0.000000 0.000000 0.000000 -1.000000 1 8.441973478e-06 1.996103674e-05
207 0.393106 0.077607 0.468206 0.393106 0.077607 0.468206 0.000000 0.000000 0.000000 -1.000000 1 8.612871170e-06 1.994706690e-05
207 0.393106 0.077607 0.468206 0.393106 0.077607 0.468206 0.000000 0.000000 0.000000 -1.000000 1 8.389120921e-06 1.968094148e-05
207 0.393106 0.077607 0.468206 0.393106 0.077607 0.468206 0.000000 0.000000 0.000000 -1.000000 1 8.310191333e-06 1.972191967e-05
207 0.393106 0.077607 0.468206 0.393106 0.077607 0.468206 0.000000 0.000000 0.000000 -1.000000 1 8.591916412e-06 2.001412213e-05
207 0.393106 0.077607 0.468206 0.393106 0.077607 0.468206 0.000000 0.000000 0.000000 -1.000000 1 8.368864655e-06 1.987395808e-05
207 0.393106 0.077607 0.468206 0.393106 0.077607 0.468206 0.000000 0.000000 0.000000 -1.000000 1 8.273869753e-06 2.004811540e-05
207 0.393106 0.077607 0.468206 0.393106 0.077607 0.468206 0.000000 0.000000 0.000000 -1.000000 1 8.343951777e-06 1.980201341e-05
208 0.425521 0.118538 0.539716 0.425521 0.118538 0.539716 0.000000 0.000000 0.000000 -1.000000 1 8.357921615e-06 1.962506212e-05
208 0.425521 0.118538 0.539716 0.425521 0.118538 0.539716 0.000000 0.000000 0.000000 -1.000000 1 8.499016985e-06 1.997686923e-05
208 0.425521 0.118538 0.539716 0.425521 0.118538 0.539716 0.000000 0.000000 0.000000 -1.000000 1 8.485978469e-06 2.008490264e-05
208 0.425521 0.118538 0.539716 0.425521 0.118538 0.539716 0.000000 0.000000 0.000000 -1.000000 1 8.306931704e-06 1.965090632e-05
208 0.425521 0.118538 0.539716 0.425521 0.118538 0.539716 0.000000 0.000000 0.000000 -1.000000 1 8.252914995e-06 1.958804205e-05
208 0.425521 0.118538 0.539716 0.425521 0.118538 0.539716 0.000000 0.000000 0.000000 -1.000000 1 8.475966752e-06 1.977500506e-05
208 0.425521 0.118538 0.539716 0.425521 0.118538 0.539716 0.000000 0.000000 0.000000 -1.000000 1 1.029996201e-05 2.483301796e-05
208 0.425521 0.118538 0.539716 0.425521 0.118538 0.539716 0.000000 0.000000 0.000000 -1.000000 1 8.429167792e-06 2.022902481e-05
208 0.425521 0.118538 0.539716 0.425521 0.118538 0.539716 0.000000 0.000000 0.000000 -1.000000 1 8.514150977e-06 1.966790296e-05
208 0.425521 0.118538 0.539716 0.425521 0.118538 0.539716 0.000000 0.000000 0.000000 -1.000000 1 8.574919775e-06 1.959106885e-05
208 0.425521 0.118538 0.539716 0.425521 0.118538 0.539716 0.000000 0.000000 0.000000 -1.000000 1 8.503207937e-06 1.966208220e-05
208 0.425521 0.118538 0.539716 0.425521 0.118538 0.539716 0.000000 0.000000 0.000000 -1.000000 1 8.368864655e-06 1.952494495e-05
208 0.425521 0.118538 0.539716 0.425521 0.118538 0.539716 0.000000 0.000000 0.000000 -1.000000 1 8.433125913e-06 2.413406037e-05
208 0.425521 0.118538 0.539716 0.425521 0.118538 0.539716 0.000000 0.000000 0.000000 -1.000000 1 8.720904589e-06 2.031098120e-05
208 0.425521 0.118538 0.539716 0.425521 0.118538 0.539716 0.000000 0.000000 0.000000 -1.000000 1 8.374918252e-06 1.969095320e-05
208 0.425521 0.118538 0.539716 0.425521 0.118538 0.539716 0.000000 0.000000 0.000000 -1.000000 1 8.511124179e-06 1.969188452e-05
208 0.425521 0.118538 0.539716 0.425521 0.118538 0.539716 0.000000 0.000000 0.000000 -1.000000 1 7.799128070e-06 1.804507338e-05
208 0.425521 0.118538 0.539716 0.425521 0.118538 0.539716 0.000000 0.000000 0.000000 -1.000000 1 8.522067219e-06 1.963693649e-05
208 0.425521 0.118538 0.539716 0.425521 0.118538 0.539716 0.000000 0.000000 0.000000 -1.000000 1 1.378403977e-05 3.314088099e-05
208 0.425521 0.118538 0.539716 0.425521 0.118538 0.539716 0.000000 0.000000 0.000000 -1.000000 1 1.217098907e-05 2.964190207e-05
209 0.481557 0.158619 0.563686 0.481557 0.158619 0.563686 0.000000 0.000000 0.000000 -1.000000 1 8.723931387e-06 2.011191100e-05
209 0.481557 0.158619 0.563686 0.481557 0.158619 0.563686 0.000000 0.000000 0.000000 -1.000000 1 8.876202628e-06 2.554990351e-05
209 0.481557 0.158619 0.563686 0.481557 0.158619 0.563686 0.000000 0.000000 0.000000 -1.000000 1 8.312985301e-06 1.941504888e-05
209 0.481557 0.158619 0.563686 0.481557 0.158619 0.563686 0.000000 0.000000 0.000000 -1.000000 1 1.012114808e-05 2.350495197e-05
209 0.481557 0.158619 0.563686 0.481557 0.158619 0.563686 0.000000 0.000000 0.000000 -1.000000 1 8.375151083e-06 1.980597153e-05
209 0.481557 0.158619 0.563686 0.481557 0.158619 0.563686 0.000000 0.000000 0.000000 -1.000000 1 8.605886251e-06 1.978618093e-05
209 0.481557 0.158619 0.563686 0.481557 0.158619 0.563686 0.000000 0.000000 0.000000 -1.000000 1 8.237082511e-06 1.944601536e-05
209 0.481557 0.158619 0.563686 0.481557 0.158619 0.563686 0.000000 0.000000 0.000000 -1.000000 1 8.392846212e-06 1.943996176e-05
209 0.481557 0.158619 0.563686 0.481557 0.158619 0.563686 0.000000 0.000000 0.000000 -1.000000 1 8.446164429e-06 1.971912570e-05
209 0.481557 0.158619 0.563686 0.481557 0.158619 0.563686 0.000000 0.000000 0.000000 -1.000000 1 8.570961654e-06 1.968699507e-05
209 0.481557 0.158619 0.563686 0.481557 0.158619 0.563686 0.000000 0.000000 0.000000 -1.000000 1 8.444068953e-06 2.000294626e-05
209 0.481557 0.158619 0.563686 0.481557 0.158619 0.563686 0.000000 0.000000 0.000000 -1.000000 1 7.921829820e-06 1.832493581e-05
209 0.481557 0.158619 0.563686 0.481557 0.158619 0.563686 0.000000 0.000000 0.000000 -1.000000 1 8.370028809e-06 1.956289634e-05
209 0.481557 0.158619 0.563686 0.481557 0.158619 0.563686 0.000000 0.000000 0.000000 -1.000000 1 8.330913261e-06 1.947395504e-05
209 0.481557 0.158619 0.563686 0.481557 0.158619 0.563686 0.000000 0.000000 0.000000 -1.000000 1 8.417060599e-06 1.942808740e-05
209 0.481557 0.158619 0.563686 0.481557 0.158619 0.563686 0.000000 0.000000 0.000000 -1.000000 1 1.376098953e-05 3.308500163e-05
