9 0.023670 -0.001591 0.088807 0.023670 -0.001591 0.088807 0.000000 0.000000 0.000000 0.000000 1 1.273038797e-04 4.272679798e-04
10 0.023448 -0.001723 0.088794 0.023449 -0.001723 0.088794 0.000000 0.000000 0.000000 0.000000 1 5.990220234e-05 1.022990327e-04
10 0.023448 -0.001723 0.088794 0.023449 -0.001723 0.088794 0.000000 0.000000 0.000000 0.000000 1 6.004096940e-05 1.091640443e-04
10 0.023448 -0.001723 0.088794 0.023449 -0.001723 0.088794 0.000000 0.000000 0.000000 0.000000 1 3.850995563e-05 6.886804476e-05
10 0.023448 -0.001723 0.088794 0.023449 -0.001723 0.088794 0.000000 0.000000 0.000000 0.000000 1 5.534500815e-05 9.368709289e-05
10 0.023448 -0.001723 0.088794 0.023449 -0.001723 0.088794 0.000000 0.000000 0.000000 0.000000 1 6.979284808e-05 1.103761606e-04
10 0.023448 -0.001723 0.088794 0.023449 -0.001723 0.088794 0.000000 0.000000 0.000000 0.000000 1 5.695899017e-05 9.618187323e-05
10 0.023448 -0.001723 0.088794 0.023449 -0.001723 0.088794 0.000000 0.000000 0.000000 0.000000 1 5.495408550e-05 9.572389536e-05
10 0.023448 -0.001723 0.088794 0.023449 -0.001723 0.088794 0.000000 0.000000 0.000000 0.000000 1 5.501182750e-05 9.493390098e-05
10 0.023448 -0.001723 0.088794 0.023449 -0.001723 0.088794 0.000000 0.000000 0.000000 0.000000 1 5.730194971e-05 9.787199087e-05
10 0.023449 -0.001723 0.088794 0.023449 -0.001723 0.088794 0.000000 0.000000 0.000000 0.000000 1 5.635991693e-05 9.968085214e-05
10 0.023449 -0.001723 0.088794 0.023449 -0.001723 0.088794 0.000000 0.000000 0.000000 0.000000 1 5.507492460e-05 9.409501217e-05
10 0.023449 -0.001723 0.088794 0.023449 -0.001723 0.088794 0.000000 0.000000 0.000000 0.000000 1 5.475990474e-05 9.359093383e-05
10 0.023449 -0.001723 0.088794 0.023449 -0.001723 0.088794 0.000000 0.000000 0.000000 0.000000 1 5.492614582e-05 9.479303844e-05
10 0.023449 -0.001723 0.088794 0.023449 -0.001723 0.088794 0.000000 0.000000 0.000000 0.000000 1 5.843793042e-05 9.834207594e-05
10 0.023449 -0.001723 0.088794 0.023449 -0.001723 0.088794 0.000000 0.000000 0.000000 0.000000 1 5.644885823e-05 9.721703827e-05
10 0.023449 -0.001723 0.088794 0.023449 -0.001723 0.088794 0.000000 0.000000 0.000000 0.000000 1 5.490798503e-05 9.535299614e-05
10 0.023449 -0.001723 0.088794 0.023449 -0.001723 0.088794 0.000000 0.000000 0.000000 0.000000 1 5.743792281e-05 1.086618286e-04
10 0.023449 -0.001723 0.088794 0.023449 -0.001723 0.088794 0.000000 0.000000 0.000000 0.000000 1 5.429307930e-05 9.369105101e-05
10 0.023449 -0.001723 0.088794 0.023449 -0.001723 0.088794 0.000000 0.000000 0.000000 0.000000 1 4.793098196e-05 8.008489385e-05
10 0.023449 -0.001723 0.088794 0.023449 -0.001723 0.088794 0.000000 0.000000 0.000000 0.000000 1 3.533205017e-05 6.244890392e-05
11 0.021162 -0.001012 0.085928 0.009371 0.002899 0.073806 0.000000 0.000000 0.000000 0.000000 1 1.430301927e-05 2.359482460e-05
11 0.020255 -0.000712 0.084996 0.009371 0.002899 0.073806 0.000000 0.000000 0.000000 0.000000 1 1.373002306e-05 2.334103920e-05
11 0.019419 -0.000434 0.084136 0.009371 0.002899 0.073806 0.000000 0.000000 0.000000 0.000000 1 1.440406777e-05 2.415012568e-05
11 0.018646 -0.000178 0.083341 0.009371 0.002899 0.073806 0.000000 0.000000 0.000000 0.000000 1 2.365396358e-05 4.283408634e-05
11 0.017933 0.000059 0.082608 0.009371 0.002899 0.073806 0.000000 0.000000 0.000000 0.000000 1 1.382781193e-05 2.376409248e-05
11 0.017275 0.000277 0.081932 0.009371 0.002899 0.073806 0.000000 0.000000 0.000000 0.000000 1 1.440010965e-05 2.837204374e-05
11 0.016667 0.000478 0.081307 0.009371 0.002899 0.073806 0.000000 0.000000 0.000000 0.000000 1 1.621013507e-05 3.048707731e-05
11 0.016106 0.000665 0.080730 0.009371 0.002899 0.073806 0.000000 0.000000 0.000000 0.000000 1 1.443596557e-05 2.428400330e-05
11 0.015588 0.000836 0.080198 0.009371 0.002899 0.073806 0.000000 0.000000 0.000000 0.000000 1 1.465110108e-05 2.431008033e-05
11 0.015110 0.000995 0.079706 0.009371 0.002899 0.073806 0.000000 0.000000 0.000000 0.000000 1 1.359195448e-05 2.327701077e-05
11 0.014669 0.001141 0.079253 0.009371 0.002899 0.073806 0.000000 0.000000 0.000000 0.000000 1 1.413887367e-05 2.390099689e-05
11 0.014262 0.001276 0.078834 0.009371 0.002899 0.073806 0.000000 0.000000 0.000000 0.000000 1 1.381197944e-05 2.361997031e-05
11 0.013886 0.001401 0.078448 0.009371 0.002899 0.073806 0.000000 0.000000 0.000000 0.000000 1 1.371186227e-05 2.409704030e-05
11 0.013539 0.001516 0.078091 0.009371 0.002899 0.073806 0.000000 0.000000 0.000000 0.000000 1 1.736986451e-05 2.972595394e-05
11 0.013218 0.001622 0.077761 0.009371 0.002899 0.073806 0.000000 0.000000 0.000000 0.000000 1 1.409999095e-05 2.356199548e-05
11 0.012923 0.001721 0.077457 0.009371 0.002899 0.073806 0.000000 0.000000 0.000000 0.000000 1 1.429906115e-05 2.412288450e-05
11 0.012649 0.001811 0.077177 0.009371 0.002899 0.073806 0.000000 0.000000 0.000000 0.000000 1 1.419987530e-05 2.393522300e-05
11 0.012397 0.001895 0.076917 0.009371 0.002899 0.073806 0.000000 0.000000 0.000000 0.000000 1 5.481811240e-05 6.423378363e-05
11 0.012165 0.001972 0.076678 0.009371 0.002899 0.073806 0.000000 0.000000 0.000000 0.000000 1 4.051041324e-04 4.182970151e-04
11 0.011950 0.002043 0.076457 0.009371 0.002899 0.073806 0.000000 0.000000 0.000000 0.000000 1 3.497491125e-04 3.598309122e-04
12 0.011296 0.002290 0.072076 0.005126 0.005106 0.033946 0.000000 0.000000 0.000000 0.000000 1 1.362198964e-05 2.335291356e-05
12 0.010822 0.002506 0.069145 0.005126 0.005106 0.033946 0.000000 0.000000 0.000000 0.000000 1 1.400895417e-05 2.421508543e-05
12 0.010384 0.002706 0.066439 0.005126 0.005106 0.033946 0.000000 0.000000 0.000000 0.000000 1 1.444108784e-05 2.422300167e-05
12 0.009979 0.002890 0.063940 0.005126 0.005106 0.033946 0.000000 0.000000 0.000000 0.000000 1 1.668301411e-05 2.922397107e-05
12 0.009606 0.003061 0.061634 0.005126 0.005106 0.033946 0.000000 0.000000 0.000000 0.000000 1 1.782597974e-05 3.068498336e-05
12 0.009262 0.003218 0.059506 0.005126 0.005106 0.033946 0.000000 0.000000 0.000000 0.000000 1 6.162701175e-05 9.984895587e-05
12 0.008944 0.003363 0.057541 0.005126 0.005106 0.033946 0.000000 0.000000 0.000000 0.000000 1 5.643698387e-05 9.570107795e-05
12 0.008650 0.003497 0.055727 0.005126 0.005106 0.033946 0.000000 0.000000 0.000000 0.000000 1 5.694897845e-05 9.647710249e-05
12 0.008379 0.003621 0.054052 0.005126 0.005106 0.033946 0.000000 0.000000 0.000000 0.000000 1 5.846703425e-05 9.790807962e-05
12 0.008129 0.003735 0.052506 0.005126 0.005106 0.033946 0.000000 0.000000 0.000000 0.000000 1 5.639600568e-05 9.572505951e-05
12 0.007898 0.003840 0.051079 0.005126 0.005106 0.033946 0.000000 0.000000 0.000000 0.000000 1 5.968892947e-05 9.969389066e-05
12 0.007685 0.003938 0.049762 0.005126 0.005106 0.033946 0.000000 0.000000 0.000000 0.000000 1 6.075296551e-05 9.997095913e-05
12 0.007488 0.004027 0.048546 0.005126 0.005106 0.033946 0.000000 0.000000 0.000000 0.000000 1 7.441011257e-05 1.342620235e-04
12 0.007307 0.004110 0.047424 0.005126 0.005106 0.033946 0.000000 0.000000 0.000000 0.000000 1 7.370999083e-05 1.342289615e-04
12 0.007139 0.004187 0.046387 0.005126 0.005106 0.033946 0.000000 0.000000 0.000000 0.000000 1 7.364409976e-05 1.336659770e-04
12 0.006984 0.004258 0.045431 0.005126 0.005106 0.033946 0.000000 0.000000 0.000000 0.000000 1 3.550294787e-05 6.557791494e-05
12 0.006841 0.004323 0.044548 0.005126 0.005106 0.033946 0.000000 0.000000 0.000000 0.000000 1 4.324992187e-05 7.250299677e-05
12 0.006710 0.004383 0.043733 0.005126 0.005106 0.033946 0.000000 0.000000 0.000000 0.000000 1 1.625039149e-04 1.970320009e-04
12 0.006588 0.004438 0.042980 0.005126 0.005106 0.033946 0.000000 0.000000 0.000000 0.000000 1 8.183589671e-04 8.432229515e-04
12 0.006475 0.004490 0.042286 0.005126 0.005106 0.033946 0.000000 0.000000 0.000000 0.000000 1 3.626840189e-04 3.755798098e-04
13 0.005701 0.005357 0.038569 -0.000409 0.012576 0.009202 0.000000 0.000000 0.000000 0.000000 1 1.710909419e-05 3.200187348e-05
13 0.005231 0.005912 0.036311 -0.000409 0.012576 0.009202 0.000000 0.000000 0.000000 0.000000 1 1.469906420e-05 2.633105032e-05
13 0.004798 0.006425 0.034227 -0.000409 0.012576 0.009202 0.000000 0.000000 0.000000 0.000000 1 1.942086965e-05 3.215810284e-05
13 0.004398 0.006898 0.032303 -0.000409 0.012576 0.009202 0.000000 0.000000 0.000000 0.000000 1 1.986813731e-05 3.422005102e-05
13 0.004028 0.007334 0.030527 -0.000409 0.012576 0.009202 0.000000 0.000000 0.000000 0.000000 1 5.731498823e-05 9.558512829e-05
13 0.003687 0.007737 0.028887 -0.000409 0.012576 0.009202 0.000000 0.000000 0.000000 0.000000 1 5.857809447e-05 9.757699445e-05
13 0.003372 0.008109 0.027374 -0.000409 0.012576 0.009202 0.000000 0.000000 0.000000 0.000000 1 5.630706437e-05 9.538792074e-05
13 0.003081 0.008453 0.025977 -0.000409 0.012576 0.009202 0.000000 0.000000 0.000000 0.000000 1 6.032898091e-05 1.026310492e-04
13 0.002813 0.008770 0.024687 -0.000409 0.012576 0.009202 0.000000 0.000000 0.000000 0.000000 1 5.910801701e-05 9.955302812e-05
13 0.002565 0.009063 0.023497 -0.000409 0.012576 0.009202 0.000000 0.000000 0.000000 0.000000 1 5.891197361e-05 9.896978736e-05
13 0.002337 0.009333 0.022398 -0.000409 0.012576 0.009202 0.000000 0.000000 0.000000 0.000000 1 5.519599654e-05 9.450712241e-05
13 0.002126 0.009582 0.021383 -0.000409 0.012576 0.009202 0.000000 0.000000 0.000000 0.000000 1 6.187590770e-05 1.034049783e-04
13 0.001931 0.009812 0.020447 -0.000409 0.012576 0.009202 0.000000 0.000000 0.000000 0.000000 1 5.948799662e-05 1.012140419e-04
13 0.001751 0.010025 0.019582 -0.000409 0.012576 0.009202 0.000000 0.000000 0.000000 0.000000 1 5.826307461e-05 9.743915871e-05
13 0.001585 0.010221 0.018784 -0.000409 0.012576 0.009202 0.000000 0.000000 0.000000 0.000000 1 5.557900295e-05 9.573111311e-05
13 0.001432 0.010402 0.018047 -0.000409 0.012576 0.009202 0.000000 0.000000 0.000000 0.000000 1 5.569192581e-05 9.482912719e-05
13 0.001290 0.010569 0.017367 -0.000409 0.012576 0.009202 0.000000 0.000000 0.000000 0.000000 1 6.007915363e-05 9.962497279e-05
13 0.001160 0.010724 0.016740 -0.000409 0.012576 0.009202 0.000000 0.000000 0.000000 0.000000 1 2.067661844e-04 2.809760626e-04
13 0.001039 0.010866 0.016160 -0.000409 0.012576 0.009202 0.000000 0.000000 0.000000 0.000000 1 1.018857118e-03 1.048217993e-03
13 0.000928 0.010998 0.015625 -0.000409 0.012576 0.009202 0.000000 0.000000 0.000000 0.000000 1 3.839030396e-04 3.949410748e-04
14 0.000974 0.011186 0.012024 0.000846 0.013921 -0.017002 0.000000 0.000000 0.000000 0.000000 1 1.430697739e-05 2.376292832e-05
14 0.000964 0.011397 0.009792 0.000846 0.013921 -0.017002 0.000000 0.000000 0.000000 0.000000 1 3.258581273e-05 5.528493784e-05
14 0.000955 0.011591 0.007732 0.000846 0.013921 -0.017002 0.000000 0.000000 0.000000 0.000000 1 2.933503129e-05 4.969304428e-05
14 0.000946 0.011770 0.005830 0.000846 0.013921 -0.017002 0.000000 0.000000 0.000000 0.000000 1 5.690893158e-05 9.693508036e-05
14 0.000939 0.011935 0.004075 0.000846 0.013921 -0.017002 0.000000 0.000000 0.000000 0.000000 1 5.773594603e-05 9.866687469e-05
14 0.000932 0.012088 0.002455 0.000846 0.013921 -0.017002 0.000000 0.000000 0.000000 0.000000 1 5.776202306e-05 1.081519295e-04
14 0.000925 0.012229 0.000959 0.000846 0.013921 -0.017002 0.000000 0.000000 0.000000 0.000000 1 5.823606625e-05 9.942101315e-05
14 0.000919 0.012359 -0.000422 0.000846 0.013921 -0.017002 0.000000 0.000000 0.000000 0.000000 1 5.531217903e-05 9.502097964e-05
14 0.000913 0.012479 -0.001697 0.000846 0.013921 -0.017002 0.000000 0.000000 0.000000 0.000000 1 5.544302985e-05 9.651714936e-05
14 0.000908 0.012590 -0.002874 0.000846 0.013921 -0.017002 0.000000 0.000000 0.000000 0.000000 1 5.715107545e-05 9.776512161e-05
14 0.000903 0.012692 -0.003960 0.000846 0.013921 -0.017002 0.000000 0.000000 0.000000 0.000000 1 5.502183922e-05 9.505590424e-05
14 0.000899 0.012787 -0.004963 0.000846 0.013921 -0.017002 0.000000 0.000000 0.000000 0.000000 1 5.795108154e-05 9.818584658e-05
14 0.000895 0.012874 -0.005888 0.000846 0.013921 -0.017002 0.000000 0.000000 0.000000 0.000000 1 5.701603368e-05 9.681098163e-05
14 0.000891 0.012954 -0.006743 0.000846 0.013921 -0.017002 0.000000 0.000000 0.000000 0.000000 1 7.374491543e-05 1.351819374e-04
14 0.000888 0.013029 -0.007531 0.000846 0.013921 -0.017002 0.000000 0.000000 0.000000 0.000000 1 4.519405775e-05 8.359993808e-05
14 0.000885 0.013097 -0.008260 0.000846 0.013921 -0.017002 0.000000 0.000000 0.000000 0.000000 1 2.187001519e-05 3.745197318e-05
14 0.000882 0.013161 -0.008932 0.000846 0.013921 -0.017002 0.000000 0.000000 0.000000 0.000000 1 1.345714554e-05 2.297898754e-05
14 0.000879 0.013219 -0.009552 0.000846 0.013921 -0.017002 0.000000 0.000000 0.000000 0.000000 1 2.158293501e-05 3.119604662e-05
14 0.000876 0.013273 -0.010125 0.000846 0.013921 -0.017002 0.000000 0.000000 0.000000 0.000000 1 1.153362915e-03 1.181045081e-03
14 0.000874 0.013323 -0.010654 0.000846 0.013921 -0.017002 0.000000 0.000000 0.000000 0.000000 1 5.283539649e-04 5.487499293e-04
15 0.001520 0.014004 -0.009950 0.002719 0.015950 -0.013837 0.000000 0.000000 0.000000 0.000000 1 1.437007450e-05 2.422090620e-05
15 0.001613 0.014153 -0.010249 0.002719 0.015950 -0.013837 0.000000 0.000000 0.000000 0.000000 1 4.014302976e-05 6.791390479e-05
15 0.001698 0.014292 -0.010525 0.002719 0.015950 -0.013837 0.000000 0.000000 0.000000 0.000000 1 3.699003719e-05 6.184284575e-05
15 0.001776 0.014419 -0.010779 0.002719 0.015950 -0.013837 0.000000 0.000000 0.000000 0.000000 1 5.863001570e-05 9.579490870e-05
15 0.001849 0.014537 -0.011014 0.002719 0.015950 -0.013837 0.000000 0.000000 0.000000 0.000000 1 5.629309453e-05 9.624194354e-05
15 0.001916 0.014645 -0.011231 0.002719 0.015950 -0.013837 0.000000 0.000000 0.000000 0.000000 1 6.228103302e-05 1.025970560e-04
15 0.001977 0.014746 -0.011432 0.002719 0.015950 -0.013837 0.000000 0.000000 0.000000 0.000000 1 5.727889948e-05 1.003909856e-04
15 0.002034 0.014838 -0.011617 0.002719 0.015950 -0.013837 0.000000 0.000000 0.000000 0.000000 1 5.703885108e-05 9.754300117e-05
15 0.002087 0.014924 -0.011787 0.002719 0.015950 -0.013837 0.000000 0.000000 0.000000 0.000000 1 5.655107088e-05 9.655393660e-05
15 0.002136 0.015003 -0.011945 0.002719 0.015950 -0.013837 0.000000 0.000000 0.000000 0.000000 1 5.593895912e-05 9.663496166e-05
15 0.002181 0.015075 -0.012090 0.002719 0.015950 -0.013837 0.000000 0.000000 0.000000 0.000000 1 7.298705168e-05 1.330350060e-04
15 0.002222 0.015143 -0.012225 0.002719 0.015950 -0.013837 0.000000 0.000000 0.000000 0.000000 1 5.461089313e-05 1.005290542e-04
15 0.002260 0.015205 -0.012349 0.002719 0.015950 -0.013837 0.000000 0.000000 0.000000 0.000000 1 5.203578621e-05 9.481399320e-05
15 0.002295 0.015262 -0.012463 0.002719 0.015950 -0.013837 0.000000 0.000000 0.000000 0.000000 1 4.800502211e-05 8.300505579e-05
15 0.002328 0.015315 -0.012569 0.002719 0.015950 -0.013837 0.000000 0.000000 0.000000 0.000000 1 3.851694055e-05 6.357394159e-05
15 0.002358 0.015364 -0.012666 0.002719 0.015950 -0.013837 0.000000 0.000000 0.000000 0.000000 1 4.607392475e-05 7.713213563e-05
15 0.002386 0.015409 -0.012756 0.002719 0.015950 -0.013837 0.000000 0.000000 0.000000 0.000000 1 3.393087536e-05 5.689403042e-05
15 0.002412 0.015450 -0.012839 0.002719 0.015950 -0.013837 0.000000 0.000000 0.000000 0.000000 1 7.284292951e-05 1.340459567e-04
15 0.002435 0.015489 -0.012916 0.002719 0.015950 -0.013837 0.000000 0.000000 0.000000 0.000000 1 7.602502592e-05 1.378820743e-04
15 0.002457 0.015524 -0.012987 0.002719 0.015950 -0.013837 0.000000 0.000000 0.000000 0.000000 1 8.087395690e-05 1.422888599e-04
16 0.002924 0.014732 -0.014637 0.006348 0.010391 -0.026932 0.000000 0.000000 0.000000 0.000010 1 5.736993626e-05 9.776093066e-05
16 0.003187 0.014399 -0.015583 0.006348 0.010391 -0.026932 0.000000 0.000000 0.000000 0.000000 1 5.748705007e-05 9.751017205e-05
16 0.003430 0.014091 -0.016455 0.006348 0.010391 -0.026932 0.000000 0.000000 0.000000 0.000000 1 5.957600661e-05 9.966897778e-05
16 0.003655 0.013806 -0.017261 0.006348 0.010391 -0.026932 0.000000 0.000000 0.000000 0.000000 1 7.761991583e-05 1.455298625e-04
16 0.003862 0.013544 -0.018004 0.006348 0.010391 -0.026932 0.000000 0.000000 0.000000 0.000000 1 5.821394734e-05 9.815092199e-05
16 0.004053 0.013301 -0.018691 0.006348 0.010391 -0.026932 0.000000 0.000000 0.000000 0.000000 1 4.798290320e-05 8.721905760e-05
16 0.004229 0.013077 -0.019324 0.006348 0.010391 -0.026932 0.000000 0.000000 0.000000 0.000000 1 8.654198609e-05 1.265590545e-04
16 0.004392 0.012871 -0.019909 0.006348 0.010391 -0.026932 0.000000 0.000000 0.000000 0.000000 1 7.317704149e-05 1.327130012e-04
16 0.004543 0.012680 -0.020449 0.006348 0.010391 -0.026932 0.000000 0.000000 0.000000 0.000000 1 5.681999028e-05 1.049670391e-04
16 0.004682 0.012504 -0.020947 0.006348 0.010391 -0.026932 0.000000 0.000000 0.000000 0.000000 1 6.143818609e-05 9.646709077e-05
16 0.004810 0.012342 -0.021408 0.006348 0.010391 -0.026932 0.000000 0.000000 0.000000 0.000000 1 7.340684533e-05 1.348089427e-04
16 0.004928 0.012192 -0.021832 0.006348 0.010391 -0.026932 0.000000 0.000000 0.000000 0.000000 1 6.341491826e-05 1.137440559e-04
16 0.005037 0.012053 -0.022224 0.006348 0.010391 -0.026932 0.000000 0.000000 0.000000 0.000000 1 6.791995838e-05 1.087698620e-04
16 0.005138 0.011926 -0.022586 0.006348 0.010391 -0.026932 0.000000 0.000000 0.000000 0.000000 1 5.906377919e-05 9.709899314e-05
16 0.005231 0.011808 -0.022920 0.006348 0.010391 -0.026932 0.000000 0.000000 0.000000 0.000000 1 5.513499491e-05 9.441305883e-05
16 0.005317 0.011699 -0.023229 0.006348 0.010391 -0.026932 0.000000 0.000000 0.000000 0.000000 1 5.749310367e-05 9.695603512e-05
16 0.005396 0.011598 -0.023514 0.006348 0.010391 -0.026932 0.000000 0.000000 0.000000 0.000000 1 5.633919500e-05 9.561004117e-05
16 0.005469 0.011505 -0.023776 0.006348 0.010391 -0.026932 0.000000 0.000000 0.000000 0.000000 1 5.630496889e-05 9.576999582e-05
16 0.005537 0.011420 -0.024019 0.006348 0.010391 -0.026932 0.000000 0.000000 0.000000 0.000000 1 5.839578807e-05 9.818398394e-05
16 0.005599 0.011341 -0.024243 0.006348 0.010391 -0.026932 0.000000 0.000000 0.000000 0.000000 1 5.765492097e-05 9.753997438e-05
17 0.006417 0.010865 -0.021770 0.012092 0.008022 -0.009102 0.000000 0.000000 0.000000 0.000000 1 5.844398402e-05 9.824195877e-05
17 0.006854 0.010646 -0.020796 0.012092 0.008022 -0.009102 0.000000 0.000000 0.000000 0.000000 1 5.776598118e-05 9.748386219e-05
17 0.007256 0.010444 -0.019897 0.012092 0.008022 -0.009102 0.000000 0.000000 0.000000 0.000000 1 5.850917660e-05 9.809387848e-05
17 0.007628 0.010258 -0.019067 0.012092 0.008022 -0.009102 0.000000 0.000000 0.000000 0.000000 1 5.911197513e-05 9.693903849e-05
17 0.007971 0.010086 -0.018300 0.012092 0.008022 -0.009102 0.000000 0.000000 0.000000 0.000000 1 5.678902380e-05 9.590713307e-05
17 0.008288 0.009927 -0.017593 0.012092 0.008022 -0.009102 0.000000 0.000000 0.000000 0.000000 1 5.927891470e-05 1.041060314e-04
17 0.008581 0.009781 -0.016940 0.012092 0.008022 -0.009102 0.000000 0.000000 0.000000 0.000000 1 5.524698645e-05 9.578210302e-05
17 0.008850 0.009646 -0.016338 0.012092 0.008022 -0.009102 0.000000 0.000000 0.000000 0.000000 1 5.709915422e-05 9.735999629e-05
17 0.009100 0.009521 -0.015781 0.012092 0.008022 -0.009102 0.000000 0.000000 0.000000 0.000000 1 6.039184518e-05 1.006971579e-04
17 0.009330 0.009406 -0.015268 0.012092 0.008022 -0.009102 0.000000 0.000000 0.000000 0.000000 1 5.661090836e-05 9.669805877e-05
17 0.009542 0.009299 -0.014794 0.012092 0.008022 -0.009102 0.000000 0.000000 0.000000 0.000000 1 5.286396481e-05 9.362283163e-05
17 0.009738 0.009201 -0.014356 0.012092 0.008022 -0.009102 0.000000 0.000000 0.000000 0.000000 1 5.739717744e-05 9.840284474e-05
17 0.009919 0.009110 -0.013952 0.012092 0.008022 -0.009102 0.000000 0.000000 0.000000 0.000000 1 5.980697460e-05 1.009888947e-04
17 0.010086 0.009027 -0.013579 0.012092 0.008022 -0.009102 0.000000 0.000000 0.000000 0.000000 1 5.836202763e-05 9.768991731e-05
17 0.010240 0.008949 -0.013235 0.012092 0.008022 -0.009102 0.000000 0.000000 0.000000 0.000000 1 5.826004781e-05 9.917211719e-05
17 0.010383 0.008878 -0.012917 0.012092 0.008022 -0.009102 0.000000 0.000000 0.000000 0.000000 1 6.166216917e-05 1.017439645e-04
17 0.010514 0.008812 -0.012624 0.012092 0.008022 -0.009102 0.000000 0.000000 0.000000 0.000000 1 5.579902790e-05 9.616999887e-05
17 0.010635 0.008751 -0.012353 0.012092 0.008022 -0.009102 0.000000 0.000000 0.000000 0.000000 1 6.021093577e-05 1.010228880e-04
17 0.010747 0.008695 -0.012103 0.012092 0.008022 -0.009102 0.000000 0.000000 0.000000 0.000000 1 5.912501365e-05 1.001590863e-04
17 0.010851 0.008644 -0.011872 0.012092 0.008022 -0.009102 0.000000 0.000000 0.000000 0.000000 1 5.908100866e-05 9.971181862e-05
18 0.011438 0.007724 -0.012181 0.017244 0.000751 -0.014327 0.000000 0.000000 0.000000 0.000000 1 5.895295180e-05 9.966804646e-05
18 0.011884 0.007188 -0.012346 0.017244 0.000751 -0.014327 0.000000 0.000000 0.000000 0.000000 1 4.303292371e-05 7.854797877e-05
18 0.012297 0.006693 -0.012498 0.017244 0.000751 -0.014327 0.000000 0.000000 0.000000 0.000000 1 6.781704724e-05 1.275830436e-04
18 0.012677 0.006236 -0.012639 0.017244 0.000751 -0.014327 0.000000 0.000000 0.000000 0.000000 1 7.366482168e-05 1.353740226e-04
18 0.013028 0.005814 -0.012768 0.017244 0.000751 -0.014327 0.000000 0.000000 0.000000 0.000000 1 6.055505946e-05 1.016629394e-04
18 0.013352 0.005425 -0.012888 0.017244 0.000751 -0.014327 0.000000 0.000000 0.000000 0.000000 1 5.893898197e-05 9.980495088e-05
18 0.013651 0.005066 -0.012999 0.017244 0.000751 -0.014327 0.000000 0.000000 0.000000 0.000000 1 5.589495413e-05 9.581819177e-05
18 0.013928 0.004734 -0.013101 0.017244 0.000751 -0.014327 0.000000 0.000000 0.000000 0.000000 1 5.624513142e-05 9.734695777e-05
18 0.014183 0.004428 -0.013195 0.017244 0.000751 -0.014327 0.000000 0.000000 0.000000 0.000000 1 3.321305849e-05 5.755992606e-05
18 0.014418 0.004145 -0.013282 0.017244 0.000751 -0.014327 0.000000 0.000000 0.000000 0.000000 1 7.589883171e-05 1.446260139e-04
18 0.014635 0.003884 -0.013363 0.017244 0.000751 -0.014327 0.000000 0.000000 0.000000 0.000000 1 5.624606274e-05 9.736907668e-05
18 0.014836 0.003643 -0.013437 0.017244 0.000751 -0.014327 0.000000 0.000000 0.000000 0.000000 1 5.872407928e-05 9.943498299e-05
18 0.015021 0.003421 -0.013505 0.017244 0.000751 -0.014327 0.000000 0.000000 0.000000 0.000000 1 6.283982657e-05 1.028031111e-04
18 0.015192 0.003215 -0.013568 0.017244 0.000751 -0.014327 0.000000 0.000000 0.000000 0.000000 1 5.745305680e-05 9.881798178e-05
18 0.015350 0.003026 -0.013627 0.017244 0.000751 -0.014327 0.000000 0.000000 0.000000 0.000000 1 6.386986934e-05 1.051719300e-04
18 0.015495 0.002851 -0.013681 0.017244 0.000751 -0.014327 0.000000 0.000000 0.000000 0.000000 1 4.604202695e-05 7.704715244e-05
18 0.015630 0.002689 -0.013730 0.017244 0.000751 -0.014327 0.000000 0.000000 0.000000 0.000000 1 5.790987052e-05 9.984103963e-05
18 0.015754 0.002540 -0.013776 0.017244 0.000751 -0.014327 0.000000 0.000000 0.000000 0.000000 1 5.888100713e-05 9.860889986e-05
18 0.015869 0.002403 -0.013819 0.017244 0.000751 -0.014327 0.000000 0.000000 0.000000 0.000000 1 5.974108353e-05 1.000431366e-04
18 0.015974 0.002276 -0.013858 0.017244 0.000751 -0.014327 0.000000 0.000000 0.000000 0.000000 1 6.679003127e-05 2.273048740e-04
19 0.016766 0.001886 -0.011358 0.023345 -0.001252 0.003949 0.000000 0.000000 0.000000 0.000001 1 5.681486800e-05 9.672692977e-05
19 0.017272 0.001645 -0.010181 0.023345 -0.001252 0.003949 0.000000 0.000000 0.000000 0.000000 1 5.581416190e-05 9.642005898e-05
19 0.017739 0.001422 -0.009095 0.023345 -0.001252 0.003949 0.000000 0.000000 0.000000 0.000000 1 5.975109525e-05 1.080310903e-04
19 0.018170 0.001217 -0.008092 0.023345 -0.001252 0.003949 0.000000 0.000000 0.000000 0.000000 1 5.951686762e-05 9.963288903e-05
19 0.018568 0.001027 -0.007166 0.023345 -0.001252 0.003949 0.000000 0.000000 0.000000 0.000000 1 5.922513083e-05 9.905500337e-05
19 0.018935 0.000852 -0.006312 0.023345 -0.001252 0.003949 0.000000 0.000000 0.000000 0.000000 1 5.838181823e-05 9.730202146e-05
19 0.019274 0.000690 -0.005523 0.023345 -0.001252 0.003949 0.000000 0.000000 0.000000 0.000000 1 5.621602759e-05 9.466405027e-05
19 0.019587 0.000541 -0.004795 0.023345 -0.001252 0.003949 0.000000 0.000000 0.000000 0.000000 1 5.637807772e-05 9.596813470e-05
19 0.019876 0.000403 -0.004122 0.023345 -0.001252 0.003949 0.000000 0.000000 0.000000 0.000000 1 6.705499254e-05 1.081000082e-04
19 0.020143 0.000275 -0.003502 0.023345 -0.001252 0.003949 0.000000 0.000000 0.000000 0.000000 1 5.735503510e-05 9.566289373e-05
19 0.020389 0.000158 -0.002929 0.023345 -0.001252 0.003949 0.000000 0.000000 0.000000 0.000000 1 5.493103527e-05 9.316601790e-05
19 0.020616 0.000050 -0.002400 0.023345 -0.001252 0.003949 0.000000 0.000000 0.000000 0.000000 1 5.840510130e-05 1.141699031e-04
19 0.020826 -0.000051 -0.001912 0.023345 -0.001252 0.003949 0.000000 0.000000 0.000000 0.000000 1 6.082095206e-05 1.007749233e-04
19 0.021020 -0.000143 -0.001461 0.023345 -0.001252 0.003949 0.000000 0.000000 0.000000 0.000000 1 5.947612226e-05 9.907595813e-05
19 0.021198 -0.000228 -0.001046 0.023345 -0.001252 0.003949 0.000000 0.000000 0.000000 0.000000 1 5.771405995e-05 1.057831105e-04
19 0.021364 -0.000307 -0.000662 0.023345 -0.001252 0.003949 0.000000 0.000000 0.000000 0.000000 1 5.590007640e-05 9.510386735e-05
19 0.021516 -0.000380 -0.000307 0.023345 -0.001252 0.003949 0.000000 0.000000 0.000000 0.000000 1 3.026402555e-05 5.510612391e-05
19 0.021656 -0.000447 0.000020 0.023345 -0.001252 0.003949 0.000000 0.000000 0.000000 0.000000 1 2.303114161e-05 3.840099089e-05
19 0.021786 -0.000509 0.000322 0.023345 -0.001252 0.003949 0.000000 0.000000 0.000000 0.000000 1 1.409999095e-05 2.388586290e-05
19 0.021906 -0.000566 0.000601 0.023345 -0.001252 0.003949 0.000000 0.000000 0.000000 0.000000 1 1.435307786e-05 2.403277904e-05
20 0.022510 -0.001372 0.000033 0.028273 -0.006996 -0.002067 0.000000 0.000000 0.000000 0.000000 1 1.455284655e-05 2.433289774e-05
20 0.022953 -0.001805 -0.000129 0.028273 -0.006996 -0.002067 0.000000 0.000000 0.000000 0.000000 1 1.425691880e-05 2.355198376e-05
20 0.023362 -0.002204 -0.000278 0.028273 -0.006996 -0.002067 0.000000 0.000000 0.000000 0.000000 1 2.440996468e-05 4.425388761e-05
20 0.023739 -0.002572 -0.000415 0.028273 -0.006996 -0.002067 0.000000 0.000000 0.000000 0.000000 1 2.439902164e-05 4.370696843e-05
20 0.024088 -0.002913 -0.000542 0.028273 -0.006996 -0.002067 0.000000 0.000000 0.000000 0.000000 1 2.406281419e-05 4.355004057e-05
20 0.024410 -0.003227 -0.000660 0.028273 -0.006996 -0.002067 0.000000 0.000000 0.000000 0.000000 1 2.388609573e-05 4.317588173e-05
20 0.024707 -0.003516 -0.000768 0.028273 -0.006996 -0.002067 0.000000 0.000000 0.000000 0.000000 1 1.732399687e-05 2.732407302e-05
20 0.024981 -0.003784 -0.000868 0.028273 -0.006996 -0.002067 0.000000 0.000000 0.000000 0.000000 1 3.937608562e-05 6.683287211e-05
20 0.025234 -0.004031 -0.000960 0.028273 -0.006996 -0.002067 0.000000 0.000000 0.000000 0.000000 1 6.662402302e-05 1.096620690e-04
20 0.025468 -0.004259 -0.001045 0.028273 -0.006996 -0.002067 0.000000 0.000000 0.000000 0.000000 1 5.453918129e-05 9.125308134e-05
20 0.025684 -0.004469 -0.001124 0.028273 -0.006996 -0.002067 0.000000 0.000000 0.000000 0.000000 1 5.950219929e-05 9.992090054e-05
20 0.025883 -0.004664 -0.001196 0.028273 -0.006996 -0.002067 0.000000 0.000000 0.000000 0.000000 1 5.901209079e-05 9.913998656e-05
20 0.026066 -0.004843 -0.001263 0.028273 -0.006996 -0.002067 0.000000 0.000000 0.000000 0.000000 1 5.562999286e-05 9.583006613e-05
20 0.026236 -0.005009 -0.001325 0.028273 -0.006996 -0.002067 0.000000 0.000000 0.000000 0.000000 1 5.867192522e-05 1.036520116e-04
20 0.026393 -0.005161 -0.001382 0.028273 -0.006996 -0.002067 0.000000 0.000000 0.000000 0.000000 1 5.469308235e-05 9.154202417e-05
20 0.026537 -0.005303 -0.001435 0.028273 -0.006996 -0.002067 0.000000 0.000000 0.000000 0.000000 1 7.040612400e-05 1.106990967e-04
20 0.026671 -0.005433 -0.001483 0.028273 -0.006996 -0.002067 0.000000 0.000000 0.000000 0.000000 1 5.851988681e-05 9.907595813e-05
20 0.026794 -0.005553 -0.001528 0.028273 -0.006996 -0.002067 0.000000 0.000000 0.000000 0.000000 1 5.844398402e-05 9.792298079e-05
20 0.026908 -0.005664 -0.001570 0.028273 -0.006996 -0.002067 0.000000 0.000000 0.000000 0.000000 1 5.805096589e-05 9.979098104e-05
20 0.027013 -0.005766 -0.001608 0.028273 -0.006996 -0.002067 0.000000 0.000000 0.000000 0.000000 1 5.662394688e-05 9.826500900e-05
21 0.027941 -0.005723 0.000671 0.033559 -0.006513 0.009934 0.000000 0.000000 0.000000 0.000000 1 6.634392776e-05 1.069291029e-04
21 0.028373 -0.005784 0.001383 0.033559 -0.006513 0.009934 0.000000 0.000000 0.000000 0.000000 1 5.765492097e-05 9.766593575e-05
21 0.028771 -0.005840 0.002040 0.033559 -0.006513 0.009934 0.000000 0.000000 0.000000 0.000000 1 5.733384751e-05 9.725894779e-05
21 0.029140 -0.005892 0.002647 0.033559 -0.006513 0.009934 0.000000 0.000000 0.000000 0.000000 1 5.832104944e-05 9.837211110e-05
21 0.029479 -0.005939 0.003208 0.033559 -0.006513 0.009934 0.000000 0.000000 0.000000 0.000000 1 5.910592154e-05 1.002189238e-04
21 0.029793 -0.005984 0.003725 0.033559 -0.006513 0.009934 0.000000 0.000000 0.000000 0.000000 1 8.539599366e-05 1.462700311e-04
21 0.030083 -0.006024 0.004202 0.033559 -0.006513 0.009934 0.000000 0.000000 0.000000 0.000000 1 5.770195276e-05 9.765801951e-05
21 0.030350 -0.006062 0.004643 0.033559 -0.006513 0.009934 0.000000 0.000000 0.000000 0.000000 1 4.345597699e-05 8.481880650e-05
21 0.030597 -0.006097 0.005050 0.033559 -0.006513 0.009934 0.000000 0.000000 0.000000 0.000000 1 3.361399285e-05 5.686189979e-05
21 0.030824 -0.006129 0.005425 0.033559 -0.006513 0.009934 0.000000 0.000000 0.000000 0.000000 1 5.596294068e-05 9.479210712e-05
21 0.031035 -0.006158 0.005772 0.033559 -0.006513 0.009934 0.000000 0.000000 0.000000 0.000000 1 5.810288712e-05 1.090541482e-04
21 0.031229 -0.006185 0.006092 0.033559 -0.006513 0.009934 0.000000 0.000000 0.000000 0.000000 1 5.548517220e-05 9.476393461e-05
21 0.031408 -0.006211 0.006387 0.033559 -0.006513 0.009934 0.000000 0.000000 0.000000 0.000000 1 5.711801350e-05 9.769108146e-05
21 0.031573 -0.006234 0.006660 0.033559 -0.006513 0.009934 0.000000 0.000000 0.000000 0.000000 1 5.672499537e-05 9.757606313e-05
21 0.031726 -0.006255 0.006912 0.033559 -0.006513 0.009934 0.000000 0.000000 0.000000 0.000000 1 6.313296035e-05 1.030580606e-04
21 0.031867 -0.006275 0.007144 0.033559 -0.006513 0.009934 0.000000 0.000000 0.000000 0.000000 1 5.544302985e-05 9.493995458e-05
21 0.031997 -0.006293 0.007359 0.033559 -0.006513 0.009934 0.000000 0.000000 0.000000 0.000000 1 5.695596337e-05 9.898305871e-05
21 0.032117 -0.006310 0.007557 0.033559 -0.006513 0.009934 0.000000 0.000000 0.000000 0.000000 1 5.935691297e-05 9.930296801e-05
21 0.032228 -0.006326 0.007739 0.033559 -0.006513 0.009934 0.000000 0.000000 0.000000 0.000000 1 5.612103269e-05 9.511201642e-05
21 0.032330 -0.006340 0.007908 0.033559 -0.006513 0.009934 0.000000 0.000000 0.000000 0.000000 1 5.682394840e-05 9.536789730e-05
22 0.033173 -0.007035 0.006406 0.038480 -0.010208 0.001787 0.000000 0.000000 0.000000 0.000023 1 5.967100151e-05 1.009330153e-04
22 0.033581 -0.007279 0.006051 0.038480 -0.010208 0.001787 0.000000 0.000000 0.000000 0.000000 1 5.644513294e-05 9.629805572e-05
22 0.033957 -0.007504 0.005723 0.038480 -0.010208 0.001787 0.000000 0.000000 0.000000 0.000000 1 7.536797784e-05 1.364210621e-04
22 0.034305 -0.007712 0.005420 0.038480 -0.010208 0.001787 0.000000 0.000000 0.000000 0.000000 1 5.927612074e-05 1.003150828e-04
22 0.034626 -0.007904 0.005141 0.038480 -0.010208 0.001787 0.000000 0.000000 0.000000 0.000000 1 5.897204392e-05 9.764614515e-05
22 0.034922 -0.008081 0.004883 0.038480 -0.010208 0.001787 0.000000 0.000000 0.000000 0.000000 1 6.512412801e-05 1.053309534e-04
22 0.035196 -0.008245 0.004645 0.038480 -0.010208 0.001787 0.000000 0.000000 0.000000 0.000000 1 6.459420547e-05 1.047579572e-04
22 0.035448 -0.008396 0.004425 0.038480 -0.010208 0.001787 0.000000 0.000000 0.000000 0.000000 1 7.113302127e-05 1.207960304e-04
22 0.035682 -0.008535 0.004222 0.038480 -0.010208 0.001787 0.000000 0.000000 0.000000 0.000000 1 5.179690197e-05 8.992105722e-05
22 0.035897 -0.008664 0.004035 0.038480 -0.010208 0.001787 0.000000 0.000000 0.000000 0.000000 1 5.720392801e-05 9.738700464e-05
22 0.036095 -0.008782 0.003862 0.038480 -0.010208 0.001787 0.000000 0.000000 0.000000 0.000000 1 1.408299431e-05 2.409308217e-05
22 0.036279 -0.008892 0.003703 0.038480 -0.010208 0.001787 0.000000 0.000000 0.000000 0.000000 1 5.889404565e-05 9.733997285e-05
22 0.036448 -0.008993 0.003555 0.038480 -0.010208 0.001787 0.000000 0.000000 0.000000 0.000000 1 5.564303137e-05 9.549013339e-05
22 0.036604 -0.009087 0.003419 0.038480 -0.010208 0.001787 0.000000 0.000000 0.000000 0.000000 1 5.786190741e-05 9.752600454e-05
22 0.036748 -0.009173 0.003294 0.038480 -0.010208 0.001787 0.000000 0.000000 0.000000 0.000000 1 5.984189920e-05 1.000580378e-04
22 0.036882 -0.009252 0.003178 0.038480 -0.010208 0.001787 0.000000 0.000000 0.000000 0.000000 1 5.410006270e-05 9.098998271e-05
22 0.037004 -0.009326 0.003071 0.038480 -0.010208 0.001787 0.000000 0.000000 0.000000 0.000000 1 5.866307765e-05 9.907106869e-05
22 0.037118 -0.009394 0.002972 0.038480 -0.010208 0.001787 0.000000 0.000000 0.000000 0.000000 1 5.353405140e-05 8.978508413e-05
22 0.037223 -0.009456 0.002881 0.038480 -0.010208 0.001787 0.000000 0.000000 0.000000 0.000000 1 5.939509720e-05 9.871297516e-05
22 0.037319 -0.009514 0.002797 0.038480 -0.010208 0.001787 0.000000 0.000000 0.000000 0.000000 1 5.837203935e-05 9.969598614e-05
23 0.037777 -0.008875 0.003751 0.042065 -0.006603 0.007801 0.000000 0.000000 0.000000 0.000000 1 5.442881957e-05 9.154295549e-05
23 0.038107 -0.008700 0.004062 0.042065 -0.006603 0.007801 0.000000 0.000000 0.000000 0.000000 1 5.927798338e-05 9.993789718e-05
23 0.038411 -0.008539 0.004350 0.042065 -0.006603 0.007801 0.000000 0.000000 0.000000 0.000000 1 5.868216977e-05 9.824591689e-05
23 0.038692 -0.008390 0.004615 0.042065 -0.006603 0.007801 0.000000 0.000000 0.000000 0.000000 1 4.043802619e-05 6.827805191e-05
23 0.038951 -0.008252 0.004860 0.042065 -0.006603 0.007801 0.000000 0.000000 0.000000 0.000000 1 6.388500333e-05 1.138350926e-04
23 0.039191 -0.008126 0.005086 0.042065 -0.006603 0.007801 0.000000 0.000000 0.000000 0.000000 1 5.885912105e-05 9.791599587e-05
23 0.039412 -0.008009 0.005295 0.042065 -0.006603 0.007801 0.000000 0.000000 0.000000 0.000000 1 5.887402222e-05 9.885383770e-05
23 0.039616 -0.007900 0.005488 0.042065 -0.006603 0.007801 0.000000 0.000000 0.000000 0.000000 1 5.649006926e-05 9.554391727e-05
23 0.039804 -0.007801 0.005666 0.042065 -0.006603 0.007801 0.000000 0.000000 0.000000 0.000000 1 5.712010898e-05 9.769899771e-05
23 0.039978 -0.007709 0.005830 0.042065 -0.006603 0.007801 0.000000 0.000000 0.000000 0.000000 1 5.963607691e-05 9.911903180e-05
23 0.040138 -0.007624 0.005981 0.042065 -0.006603 0.007801 0.000000 0.000000 0.000000 0.000000 1 5.854899064e-05 9.846105240e-05
23 0.040287 -0.007545 0.006121 0.042065 -0.006603 0.007801 0.000000 0.000000 0.000000 0.000000 1 5.582510494e-05 9.577907622e-05
23 0.040423 -0.007473 0.006250 0.042065 -0.006603 0.007801 0.000000 0.000000 0.000000 0.000000 1 5.876109935e-05 9.815115482e-05
23 0.040550 -0.007406 0.006370 0.042065 -0.006603 0.007801 0.000000 0.000000 0.000000 0.000000 1 5.831290036e-05 9.788386524e-05
23 0.040666 -0.007344 0.006480 0.042065 -0.006603 0.007801 0.000000 0.000000 0.000000 0.000000 1 5.948403850e-05 9.844894521e-05
23 0.040774 -0.007287 0.006581 0.042065 -0.006603 0.007801 0.000000 0.000000 0.000000 0.000000 1 5.463208072e-05 9.702681564e-05
23 0.040873 -0.007234 0.006675 0.042065 -0.006603 0.007801 0.000000 0.000000 0.000000 0.000000 1 5.732290447e-05 9.822403081e-05
23 0.040965 -0.007186 0.006762 0.042065 -0.006603 0.007801 0.000000 0.000000 0.000000 0.000000 1 5.764397793e-05 9.780307300e-05
23 0.041049 -0.007141 0.006842 0.042065 -0.006603 0.007801 0.000000 0.000000 0.000000 0.000000 1 6.554299034e-05 1.048210543e-04
23 0.041127 -0.007100 0.006915 0.042065 -0.006603 0.007801 0.000000 0.000000 0.000000 0.000000 1 6.470293738e-05 1.041921787e-04
24 0.041878 -0.007455 0.004799 0.046132 -0.008489 -0.001473 0.000000 0.000000 0.000000 0.000000 1 6.774091162e-05 1.069870777e-04
24 0.042205 -0.007535 0.004317 0.046132 -0.008489 -0.001473 0.000000 0.000000 0.000000 0.000000 1 1.490209252e-05 2.570496872e-05
24 0.042507 -0.007608 0.003872 0.046132 -0.008489 -0.001473 0.000000 0.000000 0.000000 0.000000 1 1.401803456e-05 2.367608249e-05
24 0.042786 -0.007676 0.003461 0.046132 -0.008489 -0.001473 0.000000 0.000000 0.000000 0.000000 1 1.411093399e-05 2.384302206e-05
24 0.043043 -0.007738 0.003081 0.046132 -0.008489 -0.001473 0.000000 0.000000 0.000000 0.000000 1 1.483387314e-05 2.538412809e-05
24 0.043281 -0.007796 0.002731 0.046132 -0.008489 -0.001473 0.000000 0.000000 0.000000 0.000000 1 5.005695857e-05 8.430308662e-05
24 0.043500 -0.007849 0.002408 0.046132 -0.008489 -0.001473 0.000000 0.000000 0.000000 0.000000 1 4.149205051e-05 6.953789853e-05
24 0.043702 -0.007899 0.002110 0.046132 -0.008489 -0.001473 0.000000 0.000000 0.000000 0.000000 1 5.862093531e-05 9.749107994e-05
24 0.043889 -0.007944 0.001834 0.046132 -0.008489 -0.001473 0.000000 0.000000 0.000000 0.000000 1 5.860906094e-05 9.939307347e-05
24 0.044062 -0.007986 0.001580 0.046132 -0.008489 -0.001473 0.000000 0.000000 0.000000 0.000000 1 5.923397839e-05 9.863590822e-05
24 0.044221 -0.008025 0.001345 0.046132 -0.008489 -0.001473 0.000000 0.000000 0.000000 0.000000 1 5.610194057e-05 9.534810670e-05
24 0.044368 -0.008060 0.001128 0.046132 -0.008489 -0.001473 0.000000 0.000000 0.000000 0.000000 1 6.701098755e-05 1.068650745e-04
24 0.044503 -0.008093 0.000928 0.046132 -0.008489 -0.001473 0.000000 0.000000 0.000000 0.000000 1 5.899695680e-05 9.826594032e-05
24 0.044629 -0.008124 0.000744 0.046132 -0.008489 -0.001473 0.000000 0.000000 0.000000 0.000000 1 2.812210005e-04 3.230690490e-04
24 0.044744 -0.008152 0.000573 0.046132 -0.008489 -0.001473 0.000000 0.000000 0.000000 0.000000 1 7.078768685e-04 7.279829588e-04
24 0.044851 -0.008178 0.000416 0.046132 -0.008489 -0.001473 0.000000 0.000000 0.000000 0.000000 1 3.524019849e-04 3.622460645e-04
24 0.044949 -0.008202 0.000271 0.046132 -0.008489 -0.001473 0.000000 0.000000 0.000000 0.000000 1 3.543212079e-04 3.642428201e-04
24 0.045040 -0.008224 0.000137 0.046132 -0.008489 -0.001473 0.000000 0.000000 0.000000 0.000000 1 3.477500286e-04 3.576048184e-04
24 0.045124 -0.008244 0.000013 0.046132 -0.008489 -0.001473 0.000000 0.000000 0.000000 0.000000 1 3.526080400e-04 3.654770553e-04
24 0.045202 -0.008263 -0.000101 0.046132 -0.008489 -0.001473 0.000000 0.000000 0.000000 0.000000 1 3.491379321e-04 3.588080872e-04
25 0.045337 -0.007564 0.000447 0.048970 -0.003602 0.003304 0.000000 0.000000 0.000000 0.000000 1 2.365605906e-05 4.022312351e-05
25 0.045617 -0.007259 0.000666 0.048970 -0.003602 0.003304 0.000000 0.000000 0.000000 0.000000 1 2.207304351e-05 3.695487976e-05
25 0.045874 -0.006978 0.000869 0.048970 -0.003602 0.003304 0.000000 0.000000 0.000000 0.000000 1 4.659802653e-05 8.176104166e-05
25 0.046112 -0.006718 0.001056 0.048970 -0.003602 0.003304 0.000000 0.000000 0.000000 0.000000 1 4.029180855e-05 6.766803563e-05
25 0.046332 -0.006479 0.001229 0.048970 -0.003602 0.003304 0.000000 0.000000 0.000000 0.000000 1 5.744514056e-05 1.073598396e-04
25 0.046535 -0.006258 0.001389 0.048970 -0.003602 0.003304 0.000000 0.000000 0.000000 0.000000 1 7.381220348e-05 1.132730395e-04
25 0.046722 -0.006053 0.001536 0.048970 -0.003602 0.003304 0.000000 0.000000 0.000000 0.000000 1 5.832011811e-05 9.751296602e-05
25 0.046895 -0.005865 0.001672 0.048970 -0.003602 0.003304 0.000000 0.000000 0.000000 0.000000 1 5.969800986e-05 9.830389172e-05
25 0.047055 -0.005691 0.001797 0.048970 -0.003602 0.003304 0.000000 0.000000 0.000000 0.000000 1 5.732593127e-05 9.624613449e-05
25 0.047202 -0.005530 0.001913 0.048970 -0.003602 0.003304 0.000000 0.000000 0.000000 0.000000 1 5.579087883e-05 9.526894428e-05
25 0.047338 -0.005382 0.002020 0.048970 -0.003602 0.003304 0.000000 0.000000 0.000000 0.000000 1 5.838903598e-05 1.116909552e-04
25 0.047463 -0.005245 0.002119 0.048970 -0.003602 0.003304 0.000000 0.000000 0.000000 0.000000 1 6.675790064e-05 1.151149627e-04
25 0.047579 -0.005119 0.002210 0.048970 -0.003602 0.003304 0.000000 0.000000 0.000000 0.000000 1 5.652289838e-05 9.624380618e-05
25 0.047686 -0.005002 0.002294 0.048970 -0.003602 0.003304 0.000000 0.000000 0.000000 0.000000 1 1.482057851e-04 1.872470602e-04
25 0.047785 -0.004894 0.002372 0.048970 -0.003602 0.003304 0.000000 0.000000 0.000000 0.000000 1 9.146819357e-04 9.412078653e-04
25 0.047876 -0.004795 0.002444 0.048970 -0.003602 0.003304 0.000000 0.000000 0.000000 0.000000 1 3.607638646e-04 3.723967820e-04
25 0.047960 -0.004703 0.002510 0.048970 -0.003602 0.003304 0.000000 0.000000 0.000000 0.000000 1 3.511980176e-04 3.608730622e-04
25 0.048038 -0.004619 0.002571 0.048970 -0.003602 0.003304 0.000000 0.000000 0.000000 0.000000 1 4.306610208e-04 4.433579743e-04
25 0.048110 -0.004540 0.002627 0.048970 -0.003602 0.003304 0.000000 0.000000 0.000000 0.000000 1 3.520899918e-04 3.618348856e-04
25 0.048176 -0.004468 0.002679 0.048970 -0.003602 0.003304 0.000000 0.000000 0.000000 0.000000 1 4.143139813e-04 4.274600651e-04
26 0.049130 -0.004797 0.000604 0.052979 -0.005026 -0.003907 0.000000 0.000000 0.000000 0.000002 1 1.382315531e-05 2.328702249e-05
26 0.049426 -0.004814 0.000258 0.052979 -0.005026 -0.003907 0.000000 0.000000 0.000000 0.000000 1 2.419902012e-05 4.029297270e-05
26 0.049699 -0.004831 -0.000063 0.052979 -0.005026 -0.003907 0.000000 0.000000 0.000000 0.000000 1 6.973906420e-05 1.070671715e-04
26 0.049951 -0.004846 -0.000358 0.052979 -0.005026 -0.003907 0.000000 0.000000 0.000000 0.000000 1 4.139589146e-05 7.207202725e-05
26 0.050184 -0.004859 -0.000631 0.052979 -0.005026 -0.003907 0.000000 0.000000 0.000000 0.000000 1 5.489308387e-05 9.295996279e-05
26 0.050399 -0.004872 -0.000883 0.052979 -0.005026 -0.003907 0.000000 0.000000 0.000000 0.000000 1 5.272985436e-05 9.002699517e-05
26 0.050597 -0.004884 -0.001115 0.052979 -0.005026 -0.003907 0.000000 0.000000 0.000000 0.000000 1 5.630799569e-05 9.479303844e-05
26 0.050780 -0.004895 -0.001330 0.052979 -0.005026 -0.003907 0.000000 0.000000 0.000000 0.000000 1 5.629309453e-05 9.797513485e-05
26 0.050949 -0.004905 -0.001528 0.052979 -0.005026 -0.003907 0.000000 0.000000 0.000000 0.000000 1 5.869008601e-05 9.792204946e-05
26 0.051105 -0.004914 -0.001711 0.052979 -0.005026 -0.003907 0.000000 0.000000 0.000000 0.000000 1 5.876785144e-05 9.891204536e-05
26 0.051249 -0.004923 -0.001880 0.052979 -0.005026 -0.003907 0.000000 0.000000 0.000000 0.000000 1 5.186605267e-05 8.886004798e-05
26 0.051382 -0.004931 -0.002036 0.052979 -0.005026 -0.003907 0.000000 0.000000 0.000000 0.000000 1 6.118812598e-05 1.008228865e-04
26 0.051505 -0.004938 -0.002180 0.052979 -0.005026 -0.003907 0.000000 0.000000 0.000000 0.000000 1 6.613298319e-05 1.158360392e-04
26 0.051618 -0.004945 -0.002312 0.052979 -0.005026 -0.003907 0.000000 0.000000 0.000000 0.000000 1 5.907402374e-05 9.864708409e-05
26 0.051723 -0.004951 -0.002435 0.052979 -0.005026 -0.003907 0.000000 0.000000 0.000000 0.000000 1 5.785794929e-05 9.649619460e-05
26 0.051819 -0.004957 -0.002548 0.052979 -0.005026 -0.003907 0.000000 0.000000 0.000000 0.000000 1 5.857413635e-05 9.702215903e-05
26 0.051909 -0.004962 -0.002653 0.052979 -0.005026 -0.003907 0.000000 0.000000 0.000000 0.000000 1 6.039906293e-05 9.957700968e-05
26 0.051991 -0.004967 -0.002749 0.052979 -0.005026 -0.003907 0.000000 0.000000 0.000000 0.000000 1 5.737505853e-05 9.696604684e-05
26 0.052067 -0.004971 -0.002838 0.052979 -0.005026 -0.003907 0.000000 0.000000 0.000000 0.000000 1 2.884212881e-05 4.786206409e-05
26 0.052137 -0.004975 -0.002920 0.052979 -0.005026 -0.003907 0.000000 0.000000 0.000000 0.000000 1 7.935892791e-05 1.347051002e-04
27 0.052358 -0.004284 -0.001849 0.056327 -0.000711 0.003402 0.000000 0.000000 0.000000 0.000000 1 4.563410766e-05 7.698009722e-05
27 0.052663 -0.004009 -0.001445 0.056327 -0.000711 0.003402 0.000000 0.000000 0.000000 0.000000 1 4.310579970e-05 7.291394286e-05
27 0.052945 -0.003755 -0.001072 0.056327 -0.000711 0.003402 0.000000 0.000000 0.000000 0.000000 1 3.557512537e-05 6.037205458e-05
27 0.053205 -0.003521 -0.000728 0.056327 -0.000711 0.003402 0.000000 0.000000 0.000000 0.000000 1 5.734013394e-05 9.746593423e-05
27 0.053445 -0.003305 -0.000411 0.056327 -0.000711 0.003402 0.000000 0.000000 0.000000 0.000000 1 5.638389848e-05 9.614415467e-05
27 0.053666 -0.003106 -0.000118 0.056327 -0.000711 0.003402 0.000000 0.000000 0.000000 0.000000 1 5.771010183e-05 9.666499682e-05
27 0.053871 -0.002922 0.000153 0.056327 -0.000711 0.003402 0.000000 0.000000 0.000000 0.000000 1 5.647097714e-05 9.578187019e-05
27 0.054060 -0.002752 0.000403 0.056327 -0.000711 0.003402 0.000000 0.000000 0.000000 0.000000 1 5.855504423e-05 9.725103155e-05
27 0.054234 -0.002595 0.000633 0.056327 -0.000711 0.003402 0.000000 0.000000 0.000000 0.000000 1 5.470518954e-05 1.003851648e-04
27 0.054395 -0.002450 0.000846 0.056327 -0.000711 0.003402 0.000000 0.000000 0.000000 0.000000 1 7.211812772e-05 1.217829995e-04
27 0.054544 -0.002316 0.001043 0.056327 -0.000711 0.003402 0.000000 0.000000 0.000000 0.000000 1 5.581509322e-05 9.539886378e-05
27 0.054681 -0.002193 0.001224 0.056327 -0.000711 0.003402 0.000000 0.000000 0.000000 0.000000 1 5.895900540e-05 1.004701480e-04
27 0.054807 -0.002079 0.001392 0.056327 -0.000711 0.003402 0.000000 0.000000 0.000000 0.000000 1 6.095599383e-05 1.082709059e-04
27 0.054924 -0.001974 0.001546 0.056327 -0.000711 0.003402 0.000000 0.000000 0.000000 0.000000 1 5.892897025e-05 9.783008136e-05
27 0.055032 -0.001877 0.001689 0.056327 -0.000711 0.003402 0.000000 0.000000 0.000000 0.000000 1 6.323517300e-05 1.023160294e-04
27 0.055132 -0.001787 0.001821 0.056327 -0.000711 0.003402 0.000000 0.000000 0.000000 0.000000 1 5.709589459e-05 9.548803791e-05
27 0.055224 -0.001704 0.001942 0.056327 -0.000711 0.003402 0.000000 0.000000 0.000000 0.000000 1 5.863211118e-05 9.863614105e-05
27 0.055308 -0.001628 0.002055 0.056327 -0.000711 0.003402 0.000000 0.000000 0.000000 0.000000 1 5.649216473e-05 9.609479457e-05
27 0.055387 -0.001557 0.002158 0.056327 -0.000711 0.003402 0.000000 0.000000 0.000000 0.000000 1 5.570007488e-05 9.525404312e-05
27 0.055459 -0.001492 0.002254 0.056327 -0.000711 0.003402 0.000000 0.000000 0.000000 0.000000 1 5.899718963e-05 9.864103049e-05
28 0.056291 -0.002018 0.000882 0.060792 -0.003098 -0.002426 0.000000 0.000000 0.000000 0.000000 1 5.650287494e-05 9.729480371e-05
28 0.056637 -0.002101 0.000627 0.060792 -0.003098 -0.002426 0.000000 0.000000 0.000000 0.000000 1 7.568788715e-05 1.371731050e-04
28 0.056956 -0.002177 0.000393 0.060792 -0.003098 -0.002426 0.000000 0.000000 0.000000 0.000000 1 5.699694157e-05 9.849015623e-05
28 0.057251 -0.002248 0.000176 0.060792 -0.003098 -0.002426 0.000000 0.000000 0.000000 0.000000 1 5.521811545e-05 1.029849518e-04
28 0.057523 -0.002313 -0.000024 0.060792 -0.003098 -0.002426 0.000000 0.000000 0.000000 0.000000 1 5.619181320e-05 9.669992141e-05
28 0.057775 -0.002374 -0.000209 0.060792 -0.003098 -0.002426 0.000000 0.000000 0.000000 0.000000 1 5.522696301e-05 9.494181722e-05
28 0.058007 -0.002429 -0.000379 0.060792 -0.003098 -0.002426 0.000000 0.000000 0.000000 0.000000 1 6.379093975e-05 1.148299780e-04
28 0.058221 -0.002481 -0.000537 0.060792 -0.003098 -0.002426 0.000000 0.000000 0.000000 0.000000 1 5.870708264e-05 9.880494326e-05
28 0.058418 -0.002528 -0.000682 0.060792 -0.003098 -0.002426 0.000000 0.000000 0.000000 0.000000 1 5.951593630e-05 1.002929639e-04
28 0.058601 -0.002572 -0.000816 0.060792 -0.003098 -0.002426 0.000000 0.000000 0.000000 0.000000 1 5.645910278e-05 9.724101983e-05
28 0.058769 -0.002612 -0.000940 0.060792 -0.003098 -0.002426 0.000000 0.000000 0.000000 0.000000 1 7.381592877e-05 1.336710993e-04
28 0.058925 -0.002650 -0.001054 0.060792 -0.003098 -0.002426 0.000000 0.000000 0.000000 0.000000 1 6.821006536e-05 1.246021129e-04
28 0.059068 -0.002684 -0.001160 0.060792 -0.003098 -0.002426 0.000000 0.000000 0.000000 0.000000 1 2.333591692e-05 4.263315350e-05
28 0.059201 -0.002716 -0.001257 0.060792 -0.003098 -0.002426 0.000000 0.000000 0.000000 0.000000 1 2.573803067e-05 4.295608960e-05
28 0.059323 -0.002745 -0.001347 0.060792 -0.003098 -0.002426 0.000000 0.000000 0.000000 0.000000 1 3.062305041e-05 5.213497207e-05
28 0.059436 -0.002772 -0.001430 0.060792 -0.003098 -0.002426 0.000000 0.000000 0.000000 0.000000 1 6.540608592e-05 1.053009182e-04
28 0.059540 -0.002797 -0.001506 0.060792 -0.003098 -0.002426 0.000000 0.000000 0.000000 0.000000 1 5.872594193e-05 1.086650882e-04
28 0.059637 -0.002820 -0.001577 0.060792 -0.003098 -0.002426 0.000000 0.000000 0.000000 0.000000 1 5.822512321e-05 9.888201021e-05
28 0.059726 -0.002842 -0.001642 0.060792 -0.003098 -0.002426 0.000000 0.000000 0.000000 0.000000 1 5.944701843e-05 9.923800826e-05
28 0.059808 -0.002861 -0.001703 0.060792 -0.003098 -0.002426 0.000000 0.000000 0.000000 0.000000 1 5.628913641e-05 9.735813364e-05
29 0.060316 -0.002207 0.000010 0.065126 0.000326 0.006771 0.000000 0.000000 0.000000 0.000000 1 8.185999468e-05 1.421521883e-04
29 0.060686 -0.002012 0.000529 0.065126 0.000326 0.006771 0.000000 0.000000 0.000000 0.000000 1 2.324208617e-05 4.267715849e-05
29 0.061028 -0.001833 0.001009 0.065126 0.000326 0.006771 0.000000 0.000000 0.000000 0.000000 1 7.292185910e-05 1.338201109e-04
29 0.061343 -0.001667 0.001452 0.065126 0.000326 0.006771 0.000000 0.000000 0.000000 0.000000 1 8.036801592e-05 1.500358339e-04
29 0.061634 -0.001513 0.001861 0.065126 0.000326 0.006771 0.000000 0.000000 0.000000 0.000000 1 5.966005847e-05 9.923405014e-05
29 0.061902 -0.001372 0.002239 0.065126 0.000326 0.006771 0.000000 0.000000 0.000000 0.000000 1 5.879905075e-05 9.850505739e-05
29 0.062150 -0.001241 0.002587 0.065126 0.000326 0.006771 0.000000 0.000000 0.000000 0.000000 1 5.879788660e-05 9.920797311e-05
29 0.062379 -0.001121 0.002909 0.065126 0.000326 0.006771 0.000000 0.000000 0.000000 0.000000 1 5.825702101e-05 9.852112271e-05
29 0.062590 -0.001010 0.003206 0.065126 0.000326 0.006771 0.000000 0.000000 0.000000 0.000000 1 5.957717076e-05 9.903800674e-05
29 0.062785 -0.000907 0.003480 0.065126 0.000326 0.006771 0.000000 0.000000 0.000000 0.000000 1 5.756295286e-05 1.047588885e-04
29 0.062965 -0.000812 0.003733 0.065126 0.000326 0.006771 0.000000 0.000000 0.000000 0.000000 1 7.556495257e-05 1.355519053e-04
29 0.063131 -0.000725 0.003967 0.065126 0.000326 0.006771 0.000000 0.000000 0.000000 0.000000 1 7.502804510e-05 1.363221090e-04
29 0.063284 -0.000644 0.004182 0.065126 0.000326 0.006771 0.000000 0.000000 0.000000 0.000000 1 5.737505853e-05 9.776395746e-05
29 0.063426 -0.000569 0.004381 0.065126 0.000326 0.006771 0.000000 0.000000 0.000000 0.000000 1 5.760602653e-05 9.769201279e-05
29 0.063557 -0.000500 0.004565 0.065126 0.000326 0.006771 0.000000 0.000000 0.000000 0.000000 1 2.326816320e-05 4.252791405e-05
29 0.063677 -0.000437 0.004735 0.065126 0.000326 0.006771 0.000000 0.000000 0.000000 0.000000 1 2.406886779e-05 4.325504415e-05
29 0.063789 -0.000378 0.004891 0.065126 0.000326 0.006771 0.000000 0.000000 0.000000 0.000000 1 2.361997031e-05 4.297494888e-05
29 0.063892 -0.000324 0.005036 0.065126 0.000326 0.006771 0.000000 0.000000 0.000000 0.000000 1 7.416098379e-05 1.410981640e-04
29 0.063986 -0.000274 0.005169 0.065126 0.000326 0.006771 0.000000 0.000000 0.000000 0.000000 1 5.806609988e-05 9.716814384e-05
29 0.064074 -0.000228 0.005292 0.065126 0.000326 0.006771 0.000000 0.000000 0.000000 0.000000 1 5.480484106e-05 9.380793199e-05
30 0.064799 -0.000851 0.004312 0.070373 -0.002964 0.001563 0.000000 0.000000 0.000000 0.000000 1 2.591195516e-05 4.838802852e-05
30 0.065227 -0.001014 0.004101 0.070373 -0.002964 0.001563 0.000000 0.000000 0.000000 0.000000 1 1.440709457e-05 2.399785444e-05
30 0.065623 -0.001164 0.003906 0.070373 -0.002964 0.001563 0.000000 0.000000 0.000000 0.000000 1 1.462805085e-05 2.426910214e-05
30 0.065988 -0.001302 0.003725 0.070373 -0.002964 0.001563 0.000000 0.000000 0.000000 0.000000 1 1.361616887e-05 2.362299711e-05
30 0.066325 -0.001430 0.003559 0.070373 -0.002964 0.001563 0.000000 0.000000 0.000000 0.000000 1 1.472304575e-05 2.467213199e-05
30 0.066636 -0.001548 0.003406 0.070373 -0.002964 0.001563 0.000000 0.000000 0.000000 0.000000 1 2.861511894e-05 5.046487786e-05
30 0.066924 -0.001657 0.003264 0.070373 -0.002964 0.001563 0.000000 0.000000 0.000000 0.000000 1 5.743489601e-05 9.718490764e-05
30 0.067189 -0.001757 0.003133 0.070373 -0.002964 0.001563 0.000000 0.000000 0.000000 0.000000 1 5.701300688e-05 9.833998047e-05
30 0.067434 -0.001850 0.003012 0.070373 -0.002964 0.001563 0.000000 0.000000 0.000000 0.000000 1 5.891500041e-05 9.778188542e-05
30 0.067660 -0.001936 0.002901 0.070373 -0.002964 0.001563 0.000000 0.000000 0.000000 0.000000 1 5.913013592e-05 9.925919585e-05
30 0.067868 -0.002015 0.002798 0.070373 -0.002964 0.001563 0.000000 0.000000 0.000000 0.000000 1 5.492195487e-05 9.509199299e-05
30 0.068061 -0.002088 0.002703 0.070373 -0.002964 0.001563 0.000000 0.000000 0.000000 0.000000 1 5.841185339e-05 9.904196486e-05
30 0.068239 -0.002155 0.002615 0.070373 -0.002964 0.001563 0.000000 0.000000 0.000000 0.000000 1 5.833595060e-05 9.987084195e-05
30 0.068403 -0.002217 0.002534 0.070373 -0.002964 0.001563 0.000000 0.000000 0.000000 0.000000 1 5.808006972e-05 9.899307042e-05
30 0.068554 -0.002275 0.002460 0.070373 -0.002964 0.001563 0.000000 0.000000 0.000000 0.000000 1 5.925516598e-05 1.015400048e-04
30 0.068694 -0.002328 0.002391 0.070373 -0.002964 0.001563 0.000000 0.000000 0.000000 0.000000 1 5.984492600e-05 1.062580850e-04
30 0.068823 -0.002377 0.002327 0.070373 -0.002964 0.001563 0.000000 0.000000 0.000000 0.000000 1 1.473701559e-05 2.458714880e-05
30 0.068942 -0.002422 0.002268 0.070373 -0.002964 0.001563 0.000000 0.000000 0.000000 0.000000 1 6.440794095e-05 1.150390599e-04
30 0.069052 -0.002463 0.002214 0.070373 -0.002964 0.001563 0.000000 0.000000 0.000000 0.000000 1 5.865097046e-05 9.796093218e-05
30 0.069154 -0.002502 0.002164 0.070373 -0.002964 0.001563 0.000000 0.000000 0.000000 0.000000 1 7.464294322e-05 1.352198888e-04
31 0.069825 -0.001869 0.003838 0.075442 0.000247 0.010117 0.000000 0.000000 0.000000 0.000000 1 7.498497143e-05 1.351351384e-04
31 0.070257 -0.001707 0.004320 0.075442 0.000247 0.010117 0.000000 0.000000 0.000000 0.000000 1 5.833595060e-05 1.004950609e-04
31 0.070655 -0.001556 0.004766 0.075442 0.000247 0.010117 0.000000 0.000000 0.000000 0.000000 1 5.931803025e-05 9.989505634e-05
31 0.071023 -0.001418 0.005178 0.075442 0.000247 0.010117 0.000000 0.000000 0.000000 0.000000 1 5.913618952e-05 9.972997941e-05
31 0.071363 -0.001290 0.005557 0.075442 0.000247 0.010117 0.000000 0.000000 0.000000 0.000000 1 5.556503311e-05 9.566498920e-05
31 0.071677 -0.001172 0.005908 0.075442 0.000247 0.010117 0.000000 0.000000 0.000000 0.000000 1 6.442796439e-05 1.046301331e-04
31 0.071966 -0.001063 0.006231 0.075442 0.000247 0.010117 0.000000 0.000000 0.000000 0.000000 1 7.353699766e-05 1.335670240e-04
31 0.072233 -0.000962 0.006530 0.075442 0.000247 0.010117 0.000000 0.000000 0.000000 0.000000 1 7.413909771e-05 1.349709928e-04
31 0.072480 -0.000869 0.006806 0.075442 0.000247 0.010117 0.000000 0.000000 0.000000 0.000000 1 7.323198952e-05 1.338159200e-04
31 0.072708 -0.000783 0.007061 0.075442 0.000247 0.010117 0.000000 0.000000 0.000000 0.000000 1 7.515796460e-05 1.351619139e-04
31 0.072918 -0.000704 0.007296 0.075442 0.000247 0.010117 0.000000 0.000000 0.000000 0.000000 1 7.375795394e-05 1.348278020e-04
31 0.073112 -0.000631 0.007512 0.075442 0.000247 0.010117 0.000000 0.000000 0.000000 0.000000 1 4.852213897e-05 8.373497985e-05
31 0.073291 -0.000563 0.007713 0.075442 0.000247 0.010117 0.000000 0.000000 0.000000 0.000000 1 4.572398029e-05 7.635308430e-05
31 0.073457 -0.000501 0.007898 0.075442 0.000247 0.010117 0.000000 0.000000 0.000000 0.000000 1 5.902396515e-05 9.730504826e-05
31 0.073609 -0.000444 0.008068 0.075442 0.000247 0.010117 0.000000 0.000000 0.000000 0.000000 1 8.035008796e-05 1.510689035e-04
31 0.073750 -0.000390 0.008226 0.075442 0.000247 0.010117 0.000000 0.000000 0.000000 0.000000 1 5.699414760e-05 9.662099183e-05
31 0.073880 -0.000341 0.008371 0.075442 0.000247 0.010117 0.000000 0.000000 0.000000 0.000000 1 5.956296809e-05 9.808083996e-05
31 0.074000 -0.000296 0.008505 0.075442 0.000247 0.010117 0.000000 0.000000 0.000000 0.000000 1 5.396804772e-05 9.108497761e-05
31 0.074111 -0.000254 0.008629 0.075442 0.000247 0.010117 0.000000 0.000000 0.000000 0.000000 1 5.810195580e-05 9.830389172e-05
31 0.074214 -0.000216 0.008744 0.075442 0.000247 0.010117 0.000000 0.000000 0.000000 0.000000 1 5.946611054e-05 1.009339467e-04
32 0.074897 -0.000854 0.007814 0.081276 -0.003386 0.004873 0.000000 0.000000 0.000000 0.000000 1 5.847401917e-05 9.871902876e-05
32 0.075387 -0.001049 0.007587 0.081276 -0.003386 0.004873 0.000000 0.000000 0.000000 0.000000 1 5.670101382e-05 9.912089445e-05
32 0.075840 -0.001228 0.007379 0.081276 -0.003386 0.004873 0.000000 0.000000 0.000000 0.000000 1 5.828705616e-05 9.867013432e-05
32 0.076258 -0.001394 0.007186 0.081276 -0.003386 0.004873 0.000000 0.000000 0.000000 0.000000 1 5.647004582e-05 9.656813927e-05
32 0.076644 -0.001547 0.007008 0.081276 -0.003386 0.004873 0.000000 0.000000 0.000000 0.000000 1 5.869800225e-05 9.918701835e-05
32 0.077000 -0.001689 0.006844 0.081276 -0.003386 0.004873 0.000000 0.000000 0.000000 0.000000 1 5.539809354e-05 1.032559667e-04
32 0.077328 -0.001819 0.006692 0.081276 -0.003386 0.004873 0.000000 0.000000 0.000000 0.000000 1 5.638110451e-05 9.757489897e-05
32 0.077632 -0.001940 0.006553 0.081276 -0.003386 0.004873 0.000000 0.000000 0.000000 0.000000 1 5.855690688e-05 9.905197658e-05
32 0.077912 -0.002051 0.006423 0.081276 -0.003386 0.004873 0.000000 0.000000 0.000000 0.000000 1 5.985307507e-05 1.008000690e-04
32 0.078171 -0.002153 0.006304 0.081276 -0.003386 0.004873 0.000000 0.000000 0.000000 0.000000 1 1.411815174e-05 2.392614260e-05
32 0.078409 -0.002248 0.006194 0.081276 -0.003386 0.004873 0.000000 0.000000 0.000000 0.000000 1 4.522199742e-05 8.179503493e-05
32 0.078630 -0.002336 0.006092 0.081276 -0.003386 0.004873 0.000000 0.000000 0.000000 0.000000 1 5.918694660e-05 1.088178251e-04
32 0.078833 -0.002416 0.005999 0.081276 -0.003386 0.004873 0.000000 0.000000 0.000000 0.000000 1 4.380196333e-05 7.442897186e-05
32 0.079021 -0.002491 0.005912 0.081276 -0.003386 0.004873 0.000000 0.000000 0.000000 0.000000 1 8.535594679e-05 1.262719743e-04
32 0.079194 -0.002560 0.005832 0.081276 -0.003386 0.004873 0.000000 0.000000 0.000000 0.000000 1 5.468097515e-05 9.480491281e-05
32 0.079354 -0.002623 0.005758 0.081276 -0.003386 0.004873 0.000000 0.000000 0.000000 0.000000 1 5.812197924e-05 9.819213301e-05
32 0.079502 -0.002682 0.005690 0.081276 -0.003386 0.004873 0.000000 0.000000 0.000000 0.000000 1 5.894200876e-05 9.993207641e-05
32 0.079639 -0.002736 0.005627 0.081276 -0.003386 0.004873 0.000000 0.000000 0.000000 0.000000 1 5.552591756e-05 9.577884339e-05
32 0.079764 -0.002786 0.005569 0.081276 -0.003386 0.004873 0.000000 0.000000 0.000000 0.000000 1 7.506506518e-05 1.815920696e-04
32 0.079881 -0.002832 0.005516 0.081276 -0.003386 0.004873 0.000000 0.000000 0.000000 0.000000 1 7.397495210e-05 1.335779671e-04
33 0.080378 -0.002193 0.006603 0.086499 0.000342 0.011479 0.000000 0.000000 0.000000 0.000000 1 5.846912973e-05 9.933114052e-05
33 0.080849 -0.001998 0.006978 0.086499 0.000342 0.011479 0.000000 0.000000 0.000000 0.000000 1 5.576014519e-05 9.594298899e-05
33 0.081283 -0.001818 0.007324 0.086499 0.000342 0.011479 0.000000 0.000000 0.000000 0.000000 1 5.846889690e-05 9.806989692e-05
33 0.081684 -0.001652 0.007644 0.086499 0.000342 0.011479 0.000000 0.000000 0.000000 0.000000 1 6.718793884e-05 1.183620188e-04
33 0.082054 -0.001499 0.007938 0.086499 0.000342 0.011479 0.000000 0.000000 0.000000 0.000000 1 5.616107956e-05 9.429804049e-05
33 0.082396 -0.001357 0.008211 0.086499 0.000342 0.011479 0.000000 0.000000 0.000000 0.000000 1 5.992199294e-05 1.015849411e-04
33 0.082712 -0.001226 0.008462 0.086499 0.000342 0.011479 0.000000 0.000000 0.000000 0.000000 1 5.596107803e-05 9.519583546e-05
33 0.083003 -0.001106 0.008694 0.086499 0.000342 0.011479 0.000000 0.000000 0.000000 0.000000 1 5.698995665e-05 9.663496166e-05
33 0.083271 -0.000995 0.008908 0.086499 0.000342 0.011479 0.000000 0.000000 0.000000 0.000000 1 6.689690053e-05 1.168488525e-04
33 0.083520 -0.000892 0.009106 0.086499 0.000342 0.011479 0.000000 0.000000 0.000000 0.000000 1 5.720485933e-05 9.803613648e-05
33 0.083749 -0.000797 0.009288 0.086499 0.000342 0.011479 0.000000 0.000000 0.000000 0.000000 1 5.690590478e-05 9.872694500e-05
33 0.083960 -0.000709 0.009457 0.086499 0.000342 0.011479 0.000000 0.000000 0.000000 0.000000 1 5.771801807e-05 9.784102440e-05
33 0.084155 -0.000628 0.009612 0.086499 0.000342 0.011479 0.000000 0.000000 0.000000 0.000000 1 5.694921128e-05 9.768013842e-05
33 0.084335 -0.000554 0.009756 0.086499 0.000342 0.011479 0.000000 0.000000 0.000000 0.000000 1 5.607609637e-05 9.644986130e-05
33 0.084502 -0.000485 0.009888 0.086499 0.000342 0.011479 0.000000 0.000000 0.000000 0.000000 1 5.806004629e-05 9.830598719e-05
33 0.084655 -0.000421 0.010010 0.086499 0.000342 0.011479 0.000000 0.000000 0.000000 0.000000 1 7.594190538e-05 1.818421297e-04
33 0.084797 -0.000363 0.010123 0.086499 0.000342 0.011479 0.000000 0.000000 0.000000 0.000000 1 7.410091348e-05 1.338820439e-04
33 0.084928 -0.000308 0.010228 0.086499 0.000342 0.011479 0.000000 0.000000 0.000000 0.000000 1 5.862303078e-05 9.862915613e-05
33 0.085049 -0.000258 0.010324 0.086499 0.000342 0.011479 0.000000 0.000000 0.000000 0.000000 1 5.585490726e-05 9.416812100e-05
33 0.085160 -0.000212 0.010413 0.086499 0.000342 0.011479 0.000000 0.000000 0.000000 0.000000 1 5.876389332e-05 9.645917453e-05
34 0.085720 -0.000848 0.009404 0.092297 -0.003483 0.005732 0.000000 0.000000 0.000000 0.000000 1 5.738087930e-05 9.830715135e-05
34 0.086225 -0.001050 0.009121 0.092297 -0.003483 0.005732 0.000000 0.000000 0.000000 0.000000 1 6.065098569e-05 1.025241800e-04
34 0.086692 -0.001237 0.008861 0.092297 -0.003483 0.005732 0.000000 0.000000 0.000000 0.000000 1 5.938299000e-05 9.784707800e-05
34 0.087123 -0.001410 0.008620 0.092297 -0.003483 0.005732 0.000000 0.000000 0.000000 0.000000 1 5.775387399e-05 9.730411693e-05
34 0.087521 -0.001569 0.008398 0.092297 -0.003483 0.005732 0.000000 0.000000 0.000000 0.000000 1 5.694385618e-05 9.723799303e-05
34 0.087888 -0.001717 0.008193 0.092297 -0.003483 0.005732 0.000000 0.000000 0.000000 0.000000 1 8.119991980e-05 1.504898537e-04
34 0.088227 -0.001852 0.008004 0.092297 -0.003483 0.005732 0.000000 0.000000 0.000000 0.000000 1 5.895993672e-05 9.845104069e-05
34 0.088540 -0.001978 0.007829 0.092297 -0.003483 0.005732 0.000000 0.000000 0.000000 0.000000 1 5.807797424e-05 9.803706780e-05
34 0.088829 -0.002094 0.007668 0.092297 -0.003483 0.005732 0.000000 0.000000 0.000000 0.000000 1 5.616992712e-05 9.545916691e-05
34 0.089096 -0.002200 0.007519 0.092297 -0.003483 0.005732 0.000000 0.000000 0.000000 0.000000 1 6.115180440e-05 1.015549060e-04
34 0.089342 -0.002299 0.007382 0.092297 -0.003483 0.005732 0.000000 0.000000 0.000000 0.000000 1 5.737598985e-05 9.784405120e-05
34 0.089569 -0.002390 0.007255 0.092297 -0.003483 0.005732 0.000000 0.000000 0.000000 0.000000 1 5.892501213e-05 9.971600957e-05
34 0.089779 -0.002474 0.007138 0.092297 -0.003483 0.005732 0.000000 0.000000 0.000000 0.000000 1 5.620485172e-05 9.582703933e-05
34 0.089972 -0.002552 0.007029 0.092297 -0.003483 0.005732 0.000000 0.000000 0.000000 0.000000 1 5.889404565e-05 9.905593470e-05
34 0.090151 -0.002623 0.006930 0.092297 -0.003483 0.005732 0.000000 0.000000 0.000000 0.000000 1 5.934899673e-05 9.938003495e-05
34 0.090316 -0.002689 0.006838 0.092297 -0.003483 0.005732 0.000000 0.000000 0.000000 0.000000 1 5.503091961e-05 9.211711586e-05
34 0.090468 -0.002750 0.006753 0.092297 -0.003483 0.005732 0.000000 0.000000 0.000000 0.000000 1 5.931616761e-05 9.924289770e-05
34 0.090609 -0.002807 0.006674 0.092297 -0.003483 0.005732 0.000000 0.000000 0.000000 0.000000 1 2.960781567e-04 3.910509404e-04
34 0.090739 -0.002859 0.006602 0.092297 -0.003483 0.005732 0.000000 0.000000 0.000000 0.000000 1 1.497502904e-03 1.538961893e-03
34 0.090859 -0.002907 0.006535 0.092297 -0.003483 0.005732 0.000000 0.000000 0.000000 0.000000 1 5.695661530e-04 5.874640774e-04
35 0.091096 -0.002255 0.007209 0.097124 0.000850 0.010721 0.000000 0.000000 0.000000 0.000000 1 1.403689384e-05 2.358201891e-05
35 0.091560 -0.002017 0.007479 0.097124 0.000850 0.010721 0.000000 0.000000 0.000000 0.000000 1 2.371985465e-05 3.778608516e-05
35 0.091988 -0.001796 0.007728 0.097124 0.000850 0.010721 0.000000 0.000000 0.000000 0.000000 1 2.673198469e-05 5.282484926e-05
35 0.092382 -0.001593 0.007958 0.097124 0.000850 0.010721 0.000000 0.000000 0.000000 0.000000 1 2.309912816e-05 4.248903133e-05
35 0.092747 -0.001405 0.008170 0.097124 0.000850 0.010721 0.000000 0.000000 0.000000 0.000000 1 2.320809290e-05 4.266994074e-05
35 0.093084 -0.001232 0.008367 0.097124 0.000850 0.010721 0.000000 0.000000 0.000000 0.000000 1 2.313195728e-05 4.198704846e-05
35 0.093394 -0.001071 0.008548 0.097124 0.000850 0.010721 0.000000 0.000000 0.000000 0.000000 1 2.311798744e-05 4.258006811e-05
35 0.093681 -0.000924 0.008715 0.097124 0.000850 0.010721 0.000000 0.000000 0.000000 0.000000 1 2.303509973e-05 4.197005183e-05
35 0.093946 -0.000787 0.008869 0.097124 0.000850 0.010721 0.000000 0.000000 0.000000 0.000000 1 2.316804603e-05 4.260381684e-05
35 0.094190 -0.000661 0.009011 0.097124 0.000850 0.010721 0.000000 0.000000 0.000000 0.000000 1 1.870305277e-05 3.090593964e-05
35 0.094415 -0.000545 0.009143 0.097124 0.000850 0.010721 0.000000 0.000000 0.000000 0.000000 1 1.436006278e-05 2.407119609e-05
35 0.094624 -0.000438 0.009264 0.097124 0.000850 0.010721 0.000000 0.000000 0.000000 0.000000 1 3.857398406e-05 6.487104110e-05
35 0.094816 -0.000339 0.009376 0.097124 0.000850 0.010721 0.000000 0.000000 0.000000 0.000000 1 4.176003858e-05 7.129088044e-05
35 0.094993 -0.000248 0.009480 0.097124 0.000850 0.010721 0.000000 0.000000 0.000000 0.000000 1 5.753617734e-05 9.702797979e-05
35 0.095157 -0.000163 0.009575 0.097124 0.000850 0.010721 0.000000 0.000000 0.000000 0.000000 1 5.743093789e-05 9.773205966e-05
35 0.095308 -0.000085 0.009663 0.097124 0.000850 0.010721 0.000000 0.000000 0.000000 0.000000 1 5.814898759e-05 9.706197307e-05
35 0.095448 -0.000013 0.009745 0.097124 0.000850 0.010721 0.000000 0.000000 0.000000 0.000000 1 5.899113603e-05 9.702914394e-05
35 0.095577 0.000053 0.009820 0.097124 0.000850 0.010721 0.000000 0.000000 0.000000 0.000000 1 5.480600521e-05 9.555602446e-05
35 0.095696 0.000114 0.009889 0.097124 0.000850 0.010721 0.000000 0.000000 0.000000 0.000000 1 5.691801198e-05 9.541702457e-05
35 0.095805 0.000171 0.009953 0.097124 0.000850 0.010721 0.000000 0.000000 0.000000 0.000000 1 6.021908484e-05 1.006620005e-04
36 0.096200 -0.000460 0.008916 0.102602 -0.003119 0.004716 0.000000 0.000000 0.000000 0.000000 1 5.654315464e-05 9.640213102e-05
36 0.096692 -0.000664 0.008593 0.102602 -0.003119 0.004716 0.000000 0.000000 0.000000 0.000000 1 5.712197162e-05 9.630294517e-05
36 0.097147 -0.000853 0.008295 0.102602 -0.003119 0.004716 0.000000 0.000000 0.000000 0.000000 1 6.008101627e-05 9.919889271e-05
36 0.097566 -0.001027 0.008020 0.102602 -0.003119 0.004716 0.000000 0.000000 0.000000 0.000000 1 5.648797378e-05 9.631691501e-05
36 0.097953 -0.001188 0.007766 0.102602 -0.003119 0.004716 0.000000 0.000000 0.000000 0.000000 1 5.891686305e-05 9.814603254e-05
36 0.098311 -0.001337 0.007531 0.102602 -0.003119 0.004716 0.000000 0.000000 0.000000 0.000000 1 5.615595728e-05 9.556091391e-05
36 0.098641 -0.001474 0.007315 0.102602 -0.003119 0.004716 0.000000 0.000000 0.000000 0.000000 1 5.777506158e-05 9.693810716e-05
36 0.098945 -0.001600 0.007115 0.102602 -0.003119 0.004716 0.000000 0.000000 0.000000 0.000000 1 5.618087016e-05 9.521283209e-05
36 0.099226 -0.001717 0.006931 0.102602 -0.003119 0.004716 0.000000 0.000000 0.000000 0.000000 1 5.662301555e-05 9.657396004e-05
36 0.099486 -0.001825 0.006760 0.102602 -0.003119 0.004716 0.000000 0.000000 0.000000 0.000000 1 5.403300747e-05 9.058206342e-05
36 0.099726 -0.001924 0.006603 0.102602 -0.003119 0.004716 0.000000 0.000000 0.000000 0.000000 1 5.793385208e-05 9.873812087e-05
36 0.099947 -0.002016 0.006458 0.102602 -0.003119 0.004716 0.000000 0.000000 0.000000 0.000000 1 5.678110756e-05 9.636511095e-05
36 0.100151 -0.002101 0.006324 0.102602 -0.003119 0.004716 0.000000 0.000000 0.000000 0.000000 1 5.746702664e-05 9.620306082e-05
36 0.100339 -0.002179 0.006201 0.102602 -0.003119 0.004716 0.000000 0.000000 0.000000 0.000000 1 5.851406604e-05 9.757000953e-05
36 0.100513 -0.002251 0.006086 0.102602 -0.003119 0.004716 0.000000 0.000000 0.000000 0.000000 1 5.689403042e-05 9.615113959e-05
36 0.100674 -0.002318 0.005981 0.102602 -0.003119 0.004716 0.000000 0.000000 0.000000 0.000000 1 5.522114225e-05 9.504705667e-05
36 0.100822 -0.002380 0.005884 0.102602 -0.003119 0.004716 0.000000 0.000000 0.000000 0.000000 1 6.041093729e-05 1.046690159e-04
36 0.100959 -0.002436 0.005794 0.102602 -0.003119 0.004716 0.000000 0.000000 0.000000 0.000000 1 5.702604540e-05 9.599700570e-05
36 0.101086 -0.002489 0.005711 0.102602 -0.003119 0.004716 0.000000 0.000000 0.000000 0.000000 1 5.780509673e-05 9.729200974e-05
36 0.101202 -0.002537 0.005635 0.102602 -0.003119 0.004716 0.000000 0.000000 0.000000 0.000000 1 5.658296868e-05 9.625614621e-05
37 0.101300 -0.001881 0.006153 0.107232 0.001466 0.008903 0.000000 0.000000 0.000000 0.000000 1 5.942489952e-05 9.891786613e-05
37 0.101756 -0.001623 0.006365 0.107232 0.001466 0.008903 0.000000 0.000000 0.000000 0.000000 1 5.338387564e-05 9.019603021e-05
37 0.102177 -0.001386 0.006560 0.107232 0.001466 0.008903 0.000000 0.000000 0.000000 0.000000 1 5.894200876e-05 9.802705608e-05
37 0.102566 -0.001167 0.006740 0.107232 0.001466 0.008903 0.000000 0.000000 0.000000 0.000000 1 5.930219777e-05 1.012019347e-04
37 0.102925 -0.000964 0.006906 0.107232 0.001466 0.008903 0.000000 0.000000 0.000000 0.000000 1 1.402897760e-05 2.397201024e-05
37 0.103256 -0.000777 0.007060 0.107232 0.001466 0.008903 0.000000 0.000000 0.000000 0.000000 1 5.833501928e-05 9.827595204e-05
37 0.103561 -0.000605 0.007202 0.107232 0.001466 0.008903 0.000000 0.000000 0.000000 0.000000 1 6.479606964e-05 1.016289461e-04
37 0.103844 -0.000446 0.007332 0.107232 0.001466 0.008903 0.000000 0.000000 0.000000 0.000000 1 5.640205927e-05 9.433692321e-05
37 0.104104 -0.000299 0.007453 0.107232 0.001466 0.008903 0.000000 0.000000 0.000000 0.000000 1 5.991803482e-05 1.007940155e-04
37 0.104345 -0.000163 0.007565 0.107232 0.001466 0.008903 0.000000 0.000000 0.000000 0.000000 1 5.789287388e-05 9.874207899e-05
37 0.104567 -0.000038 0.007668 0.107232 0.001466 0.008903 0.000000 0.000000 0.000000 0.000000 1 5.822512321e-05 9.717606008e-05
37 0.104772 0.000078 0.007763 0.107232 0.001466 0.008903 0.000000 0.000000 0.000000 0.000000 1 5.682394840e-05 9.538885206e-05
37 0.104961 0.000185 0.007850 0.107232 0.001466 0.008903 0.000000 0.000000 0.000000 0.000000 1 5.825795233e-05 9.737093933e-05
37 0.105135 0.000283 0.007931 0.107232 0.001466 0.008903 0.000000 0.000000 0.000000 0.000000 1 9.023398161e-05 1.614862122e-04
37 0.105297 0.000374 0.008006 0.107232 0.001466 0.008903 0.000000 0.000000 0.000000 0.000000 1 7.385900244e-05 1.350669190e-04
37 0.105446 0.000458 0.008075 0.107232 0.001466 0.008903 0.000000 0.000000 0.000000 0.000000 1 8.238595910e-05 1.430311240e-04
37 0.105583 0.000536 0.008139 0.107232 0.001466 0.008903 0.000000 0.000000 0.000000 0.000000 1 7.477705367e-05 1.815590076e-04
37 0.105710 0.000607 0.008197 0.107232 0.001466 0.008903 0.000000 0.000000 0.000000 0.000000 1 5.762092769e-05 9.757908992e-05
37 0.105827 0.000673 0.008252 0.107232 0.001466 0.008903 0.000000 0.000000 0.000000 0.000000 1 5.877390504e-05 9.719887748e-05
37 0.105935 0.000734 0.008302 0.107232 0.001466 0.008903 0.000000 0.000000 0.000000 0.000000 1 3.546010703e-05 5.874386989e-05
38 0.106215 0.000102 0.007330 0.112692 -0.002675 0.003059 0.000000 0.000000 0.000000 0.000000 1 1.485110261e-05 2.446910366e-05
38 0.106713 -0.000112 0.007002 0.112692 -0.002675 0.003059 0.000000 0.000000 0.000000 0.000000 1 1.364806667e-05 2.311402932e-05
38 0.107173 -0.000309 0.006699 0.112692 -0.002675 0.003059 0.000000 0.000000 0.000000 0.000000 1 5.970010534e-05 9.799399413e-05
38 0.107597 -0.000491 0.006419 0.112692 -0.002675 0.003059 0.000000 0.000000 0.000000 0.000000 1 5.927099846e-05 9.852205403e-05
38 0.107989 -0.000659 0.006161 0.112692 -0.002675 0.003059 0.000000 0.000000 0.000000 0.000000 1 5.726795644e-05 9.668408893e-05
38 0.108350 -0.000814 0.005922 0.112692 -0.002675 0.003059 0.000000 0.000000 0.000000 0.000000 1 6.812484935e-05 1.539411023e-04
38 0.108684 -0.000957 0.005702 0.112692 -0.002675 0.003059 0.000000 0.000000 0.000000 0.000000 1 5.945982412e-05 9.730388410e-05
38 0.108992 -0.001089 0.005499 0.112692 -0.002675 0.003059 0.000000 0.000000 0.000000 0.000000 1 5.609286018e-05 9.682984091e-05
38 0.109277 -0.001211 0.005311 0.112692 -0.002675 0.003059 0.000000 0.000000 0.000000 0.000000 1 5.616201088e-05 9.640702046e-05
38 0.109539 -0.001323 0.005138 0.112692 -0.002675 0.003059 0.000000 0.000000 0.000000 0.000000 1 6.111804396e-05 1.022778451e-04
38 0.109782 -0.001427 0.004978 0.112692 -0.002675 0.003059 0.000000 0.000000 0.000000 0.000000 1 6.508803926e-05 1.147871371e-04
38 0.110005 -0.001523 0.004831 0.112692 -0.002675 0.003059 0.000000 0.000000 0.000000 0.000000 1 5.842396058e-05 9.854417294e-05
38 0.110212 -0.001612 0.004695 0.112692 -0.002675 0.003059 0.000000 0.000000 0.000000 0.000000 1 5.856412463e-05 9.754206985e-05
38 0.110403 -0.001693 0.004569 0.112692 -0.002675 0.003059 0.000000 0.000000 0.000000 0.000000 1 5.976203829e-05 9.960005991e-05
38 0.110579 -0.001769 0.004453 0.112692 -0.002675 0.003059 0.000000 0.000000 0.000000 0.000000 1 5.877995864e-05 9.882100858e-05
38 0.110741 -0.001839 0.004346 0.112692 -0.002675 0.003059 0.000000 0.000000 0.000000 0.000000 1 5.597108975e-05 9.707710706e-05
38 0.110891 -0.001903 0.004247 0.112692 -0.002675 0.003059 0.000000 0.000000 0.000000 0.000000 1 7.556588389e-05 1.366380602e-04
38 0.111030 -0.001962 0.004156 0.112692 -0.002675 0.003059 0.000000 0.000000 0.000000 0.000000 1 3.001019359e-04 3.403779119e-04
38 0.111157 -0.002017 0.004071 0.112692 -0.002675 0.003059 0.000000 0.000000 0.000000 0.000000 1 1.492870040e-03 1.533066155e-03
38 0.111275 -0.002068 0.003993 0.112692 -0.002675 0.003059 0.000000 0.000000 0.000000 0.000000 1 5.587860942e-04 5.760118365e-04
39 0.111360 -0.001413 0.004464 0.117691 0.001935 0.006858 0.000000 0.000000 0.000000 0.000000 1 1.356494613e-05 2.328399569e-05
39 0.111846 -0.001156 0.004648 0.117691 0.001935 0.006858 0.000000 0.000000 0.000000 0.000000 1 2.186908387e-05 3.719283268e-05
39 0.112296 -0.000918 0.004818 0.117691 0.001935 0.006858 0.000000 0.000000 0.000000 0.000000 1 5.660206079e-05 9.934487753e-05
39 0.112710 -0.000699 0.004975 0.117691 0.001935 0.006858 0.000000 0.000000 0.000000 0.000000 1 5.838694051e-05 9.792018682e-05
39 0.113093 -0.000496 0.005119 0.117691 0.001935 0.006858 0.000000 0.000000 0.000000 0.000000 1 5.728704855e-05 1.131871250e-04
39 0.113447 -0.000309 0.005253 0.117691 0.001935 0.006858 0.000000 0.000000 0.000000 0.000000 1 5.634501576e-05 9.646709077e-05
39 0.113773 -0.000137 0.005376 0.117691 0.001935 0.006858 0.000000 0.000000 0.000000 0.000000 1 5.759904161e-05 9.743194096e-05
39 0.114074 0.000023 0.005490 0.117691 0.001935 0.006858 0.000000 0.000000 0.000000 0.000000 1 6.249407306e-05 1.106981654e-04
39 0.114352 0.000170 0.005595 0.117691 0.001935 0.006858 0.000000 0.000000 0.000000 0.000000 1 5.548610352e-05 9.499187581e-05
39 0.114609 0.000305 0.005692 0.117691 0.001935 0.006858 0.000000 0.000000 0.000000 0.000000 1 5.885679275e-05 9.826594032e-05
39 0.114846 0.000431 0.005782 0.117691 0.001935 0.006858 0.000000 0.000000 0.000000 0.000000 1 6.149895489e-05 1.019069459e-04
39 0.115065 0.000546 0.005865 0.117691 0.001935 0.006858 0.000000 0.000000 0.000000 0.000000 1 5.731894635e-05 9.846012108e-05
39 0.115266 0.000653 0.005941 0.117691 0.001935 0.006858 0.000000 0.000000 0.000000 0.000000 1 5.986588076e-05 1.004249789e-04
39 0.115453 0.000752 0.006012 0.117691 0.001935 0.006858 0.000000 0.000000 0.000000 0.000000 1 5.798297934e-05 1.039300114e-04
39 0.115625 0.000843 0.006077 0.117691 0.001935 0.006858 0.000000 0.000000 0.000000 0.000000 1 5.809287541e-05 9.807897732e-05
39 0.115784 0.000927 0.006137 0.117691 0.001935 0.006858 0.000000 0.000000 0.000000 0.000000 1 5.903211422e-05 9.772088379e-05
39 0.115930 0.001004 0.006192 0.117691 0.001935 0.006858 0.000000 0.000000 0.000000 0.000000 1 7.380894385e-05 1.340478193e-04
39 0.116066 0.001076 0.006243 0.117691 0.001935 0.006858 0.000000 0.000000 0.000000 0.000000 1 7.368694060e-05 1.339269802e-04
39 0.116191 0.001142 0.006291 0.117691 0.001935 0.006858 0.000000 0.000000 0.000000 0.000000 1 7.274001837e-05 1.326191705e-04
39 0.116306 0.001203 0.006334 0.117691 0.001935 0.006858 0.000000 0.000000 0.000000 0.000000 1 5.896505900e-05 1.053020824e-04
40 0.116467 0.000557 0.005489 0.123532 -0.002766 0.001135 0.000000 0.000000 0.000000 0.000000 1 5.743792281e-05 9.669899009e-05
40 0.117011 0.000302 0.005154 0.123532 -0.002766 0.001135 0.000000 0.000000 0.000000 0.000000 1 5.896692164e-05 9.877793491e-05
40 0.117512 0.000066 0.004845 0.123532 -0.002766 0.001135 0.000000 0.000000 0.000000 0.000000 1 5.700299516e-05 9.671598673e-05
40 0.117975 -0.000152 0.004560 0.123532 -0.002766 0.001135 0.000000 0.000000 0.000000 0.000000 1 8.307606913e-05 1.487371046e-04
40 0.118402 -0.000353 0.004297 0.123532 -0.002766 0.001135 0.000000 0.000000 0.000000 0.000000 1 6.134202704e-05 1.131899189e-04
40 0.118797 -0.000539 0.004054 0.123532 -0.002766 0.001135 0.000000 0.000000 0.000000 0.000000 1 3.996584564e-05 7.212697528e-05
40 0.119161 -0.000710 0.003829 0.123532 -0.002766 0.001135 0.000000 0.000000 0.000000 0.000000 1 1.476216130e-05 2.420693636e-05
40 0.119497 -0.000868 0.003622 0.123532 -0.002766 0.001135 0.000000 0.000000 0.000000 0.000000 1 1.448509283e-05 2.418598160e-05
40 0.119807 -0.001014 0.003431 0.123532 -0.002766 0.001135 0.000000 0.000000 0.000000 0.000000 1 1.463200897e-05 2.435105853e-05
40 0.120093 -0.001149 0.003255 0.123532 -0.002766 0.001135 0.000000 0.000000 0.000000 0.000000 1 1.504714601e-05 2.476386726e-05
40 0.120358 -0.001273 0.003092 0.123532 -0.002766 0.001135 0.000000 0.000000 0.000000 0.000000 1 3.521400504e-05 5.917507224e-05
40 0.120602 -0.001388 0.002941 0.123532 -0.002766 0.001135 0.000000 0.000000 0.000000 0.000000 1 7.575191557e-05 1.805999782e-04
40 0.120827 -0.001494 0.002802 0.123532 -0.002766 0.001135 0.000000 0.000000 0.000000 0.000000 1 5.767587572e-05 9.804102592e-05
40 0.121035 -0.001592 0.002674 0.123532 -0.002766 0.001135 0.000000 0.000000 0.000000 0.000000 1 5.900091492e-05 9.973510168e-05
40 0.121227 -0.001682 0.002556 0.123532 -0.002766 0.001135 0.000000 0.000000 0.000000 0.000000 1 6.564008072e-05 1.041500363e-04
40 0.121404 -0.001765 0.002447 0.123532 -0.002766 0.001135 0.000000 0.000000 0.000000 0.000000 1 4.398706369e-05 7.381313480e-05
40 0.121568 -0.001842 0.002346 0.123532 -0.002766 0.001135 0.000000 0.000000 0.000000 0.000000 1 2.765492536e-05 4.691188224e-05
40 0.121719 -0.001913 0.002253 0.123532 -0.002766 0.001135 0.000000 0.000000 0.000000 0.000000 1 1.135608181e-04 1.274708193e-04
40 0.121858 -0.001979 0.002167 0.123532 -0.002766 0.001135 0.000000 0.000000 0.000000 0.000000 1 1.488324022e-03 1.535181887e-03
40 0.121987 -0.002039 0.002087 0.123532 -0.002766 0.001135 0.000000 0.000000 0.000000 0.000000 1 5.668129306e-04 5.823299289e-04
41 0.122049 -0.001392 0.002497 0.128861 0.001891 0.004470 0.000000 0.000000 0.000000 0.000000 1 1.385388896e-05 2.360693179e-05
41 0.122573 -0.001139 0.002649 0.128861 0.001891 0.004470 0.000000 0.000000 0.000000 0.000000 1 3.971718252e-05 6.669806316e-05
41 0.123056 -0.000907 0.002789 0.128861 0.001891 0.004470 0.000000 0.000000 0.000000 0.000000 1 2.915808000e-05 4.913192242e-05
41 0.123503 -0.000691 0.002918 0.128861 0.001891 0.004470 0.000000 0.000000 0.000000 0.000000 1 5.573406816e-05 9.571178816e-05
41 0.123914 -0.000493 0.003037 0.128861 0.001891 0.004470 0.000000 0.000000 0.000000 0.000000 1 4.999106750e-05 8.536595851e-05
41 0.124295 -0.000310 0.003147 0.128861 0.001891 0.004470 0.000000 0.000000 0.000000 0.000000 1 5.917786621e-05 9.910296649e-05
41 0.124646 -0.000140 0.003249 0.128861 0.001891 0.004470 0.000000 0.000000 0.000000 0.000000 1 5.704793148e-05 9.766011499e-05
41 0.124970 0.000016 0.003343 0.128861 0.001891 0.004470 0.000000 0.000000 0.000000 0.000000 1 5.816388875e-05 9.728618897e-05
41 0.125269 0.000160 0.003430 0.128861 0.001891 0.004470 0.000000 0.000000 0.000000 0.000000 1 5.578715354e-05 9.510689415e-05
41 0.125545 0.000293 0.003510 0.128861 0.001891 0.004470 0.000000 0.000000 0.000000 0.000000 1 6.302981637e-05 1.026720274e-04
41 0.125800 0.000416 0.003583 0.128861 0.001891 0.004470 0.000000 0.000000 0.000000 0.000000 1 5.642301403e-05 9.599491023e-05
41 0.126035 0.000529 0.003652 0.128861 0.001891 0.004470 0.000000 0.000000 0.000000 0.000000 1 5.497201346e-05 9.414600208e-05
41 0.126253 0.000634 0.003714 0.128861 0.001891 0.004470 0.000000 0.000000 0.000000 0.000000 1 5.776691251e-05 9.717303328e-05
41 0.126453 0.000731 0.003773 0.128861 0.001891 0.004470 0.000000 0.000000 0.000000 0.000000 1 5.925307050e-05 1.003008801e-04
41 0.126638 0.000820 0.003826 0.128861 0.001891 0.004470 0.000000 0.000000 0.000000 0.000000 1 5.875807256e-05 9.867898189e-05
41 0.126809 0.000902 0.003876 0.128861 0.001891 0.004470 0.000000 0.000000 0.000000 0.000000 1 5.831895396e-05 1.015409362e-04
41 0.126967 0.000978 0.003921 0.128861 0.001891 0.004470 0.000000 0.000000 0.000000 0.000000 1 5.635316484e-05 9.650504217e-05
41 0.127113 0.001048 0.003964 0.128861 0.001891 0.004470 0.000000 0.000000 0.000000 0.000000 1 5.812500603e-05 9.878515266e-05
41 0.127247 0.001113 0.004002 0.128861 0.001891 0.004470 0.000000 0.000000 0.000000 0.000000 1 6.483006291e-05 1.172239427e-04
41 0.127371 0.001173 0.004038 0.128861 0.001891 0.004470 0.000000 0.000000 0.000000 0.000000 1 5.497108214e-05 9.561982006e-05
42 0.127408 0.000513 0.003214 0.134861 -0.003303 -0.001650 0.000000 0.000000 0.000000 0.000000 1 6.233691238e-05 1.111151651e-04
42 0.127981 0.000220 0.002840 0.134861 -0.003303 -0.001650 0.000000 0.000000 0.000000 0.000000 1 6.412295625e-05 1.053640153e-04
42 0.128510 -0.000051 0.002495 0.134861 -0.003303 -0.001650 0.000000 0.000000 0.000000 0.000000 1 6.013503298e-05 1.002838835e-04
42 0.128998 -0.000301 0.002176 0.134861 -0.003303 -0.001650 0.000000 0.000000 0.000000 0.000000 1 5.686003715e-05 9.660399519e-05
42 0.129449 -0.000532 0.001882 0.134861 -0.003303 -0.001650 0.000000 0.000000 0.000000 0.000000 1 5.796598271e-05 9.826594032e-05
42 0.129865 -0.000745 0.001610 0.134861 -0.003303 -0.001650 0.000000 0.000000 0.000000 0.000000 1 7.548904978e-05 1.817250159e-04
42 0.130249 -0.000941 0.001360 0.134861 -0.003303 -0.001650 0.000000 0.000000 0.000000 0.000000 1 5.834107287e-05 9.760493413e-05
42 0.130604 -0.001123 0.001128 0.134861 -0.003303 -0.001650 0.000000 0.000000 0.000000 0.000000 1 5.650892854e-05 9.731994942e-05
42 0.130931 -0.001291 0.000915 0.134861 -0.003303 -0.001650 0.000000 0.000000 0.000000 0.000000 1 5.400390364e-05 9.103678167e-05
42 0.131233 -0.001445 0.000718 0.134861 -0.003303 -0.001650 0.000000 0.000000 0.000000 0.000000 1 5.911802873e-05 9.971903637e-05
42 0.131512 -0.001588 0.000536 0.134861 -0.003303 -0.001650 0.000000 0.000000 0.000000 0.000000 1 5.969894119e-05 1.021339558e-04
42 0.131769 -0.001720 0.000367 0.134861 -0.003303 -0.001650 0.000000 0.000000 0.000000 0.000000 1 5.671405233e-05 9.722891264e-05
42 0.132007 -0.001842 0.000212 0.134861 -0.003303 -0.001650 0.000000 0.000000 0.000000 0.000000 1 5.696900189e-05 9.870901704e-05
42 0.132227 -0.001954 0.000069 0.134861 -0.003303 -0.001650 0.000000 0.000000 0.000000 0.000000 1 5.867495202e-05 9.901798330e-05
42 0.132429 -0.002058 -0.000063 0.134861 -0.003303 -0.001650 0.000000 0.000000 0.000000 0.000000 1 5.812291056e-05 9.847711772e-05
42 0.132616 -0.002153 -0.000185 0.134861 -0.003303 -0.001650 0.000000 0.000000 0.000000 0.000000 1 6.519281305e-05 1.152630430e-04
42 0.132789 -0.002242 -0.000298 0.134861 -0.003303 -0.001650 0.000000 0.000000 0.000000 0.000000 1 6.021209992e-05 9.859004058e-05
42 0.132948 -0.002323 -0.000402 0.134861 -0.003303 -0.001650 0.000000 0.000000 0.000000 0.000000 1 6.040604785e-05 1.002359204e-04
42 0.133095 -0.002398 -0.000498 0.134861 -0.003303 -0.001650 0.000000 0.000000 0.000000 0.000000 1 5.820114166e-05 1.052031294e-04
42 0.133231 -0.002468 -0.000586 0.134861 -0.003303 -0.001650 0.000000 0.000000 0.000000 0.000000 1 5.811615847e-05 9.705498815e-05
43 0.133260 -0.001828 -0.000321 0.140439 0.001328 0.000634 0.000000 0.000000 0.000000 0.000000 1 6.017019041e-05 1.008769032e-04
43 0.133812 -0.001586 -0.000247 0.140439 0.001328 0.000634 0.000000 0.000000 0.000000 0.000000 1 5.673407577e-05 9.659095667e-05
43 0.134321 -0.001362 -0.000179 0.140439 0.001328 0.000634 0.000000 0.000000 0.000000 0.000000 1 5.376804620e-05 9.112316184e-05
43 0.134791 -0.001155 -0.000117 0.140439 0.001328 0.000634 0.000000 0.000000 0.000000 0.000000 1 5.618506111e-05 9.678793140e-05
43 0.135226 -0.000964 -0.000059 0.140439 0.001328 0.000634 0.000000 0.000000 0.000000 0.000000 1 5.911500193e-05 9.741820395e-05
43 0.135626 -0.000788 -0.000006 0.140439 0.001328 0.000634 0.000000 0.000000 0.000000 0.000000 1 5.231890827e-05 8.968496695e-05
43 0.135996 -0.000625 0.000043 0.140439 0.001328 0.000634 0.000000 0.000000 0.000000 0.000000 1 5.772314034e-05 9.684590623e-05
43 0.136338 -0.000475 0.000089 0.140439 0.001328 0.000634 0.000000 0.000000 0.000000 0.000000 1 6.206682883e-05 1.142139081e-04
43 0.136653 -0.000336 0.000131 0.140439 0.001328 0.000634 0.000000 0.000000 0.000000 0.000000 1 5.741603673e-05 9.711086750e-05
43 0.136944 -0.000208 0.000169 0.140439 0.001328 0.000634 0.000000 0.000000 0.000000 0.000000 1 5.860091187e-05 9.830412455e-05
43 0.137213 -0.000090 0.000205 0.140439 0.001328 0.000634 0.000000 0.000000 0.000000 0.000000 1 5.603302270e-05 9.643705562e-05
43 0.137461 0.000019 0.000238 0.140439 0.001328 0.000634 0.000000 0.000000 0.000000 0.000000 1 3.178091720e-05 5.286792293e-05
43 0.137690 0.000119 0.000269 0.140439 0.001328 0.000634 0.000000 0.000000 0.000000 0.000000 1 6.364192814e-05 1.136078499e-04
43 0.137901 0.000212 0.000297 0.140439 0.001328 0.000634 0.000000 0.000000 0.000000 0.000000 1 4.821387120e-05 8.073705249e-05
43 0.138096 0.000298 0.000323 0.140439 0.001328 0.000634 0.000000 0.000000 0.000000 0.000000 1 5.638599396e-05 9.601493366e-05
43 0.138276 0.000377 0.000347 0.140439 0.001328 0.000634 0.000000 0.000000 0.000000 0.000000 1 6.600213237e-05 1.037539914e-04
43 0.138443 0.000450 0.000369 0.140439 0.001328 0.000634 0.000000 0.000000 0.000000 0.000000 1 5.876692012e-05 9.910599329e-05
43 0.138596 0.000518 0.000389 0.140439 0.001328 0.000634 0.000000 0.000000 0.000000 0.000000 1 5.536805838e-05 9.539886378e-05
43 0.138738 0.000580 0.000408 0.140439 0.001328 0.000634 0.000000 0.000000 0.000000 0.000000 1 5.781906657e-05 9.646615945e-05
43 0.138869 0.000638 0.000425 0.140439 0.001328 0.000634 0.000000 0.000000 0.000000 0.000000 1 5.781883374e-05 9.857909754e-05
44 0.138771 -0.000036 -0.000413 0.146580 -0.004449 -0.006208 0.000000 0.000000 0.000000 0.000000 1 5.969894119e-05 9.915395640e-05
44 0.139372 -0.000375 -0.000858 0.146580 -0.004449 -0.006208 0.000000 0.000000 0.000000 0.000000 1 5.849311128e-05 9.799306281e-05
44 0.139926 -0.000688 -0.001269 0.146580 -0.004449 -0.006208 0.000000 0.000000 0.000000 0.000000 1 4.845997319e-05 8.133403026e-05
44 0.140437 -0.000978 -0.001649 0.146580 -0.004449 -0.006208 0.000000 0.000000 0.000000 0.000000 1 5.339994095e-05 9.014899842e-05
44 0.140910 -0.001244 -0.002000 0.146580 -0.004449 -0.006208 0.000000 0.000000 0.000000 0.000000 1 5.837390199e-05 9.975116700e-05
44 0.141346 -0.001491 -0.002323 0.146580 -0.004449 -0.006208 0.000000 0.000000 0.000000 0.000000 1 5.250889808e-05 8.837599307e-05
44 0.141748 -0.001718 -0.002622 0.146580 -0.004449 -0.006208 0.000000 0.000000 0.000000 0.000000 1 5.540088750e-05 9.484193288e-05
44 0.142120 -0.001928 -0.002898 0.146580 -0.004449 -0.006208 0.000000 0.000000 0.000000 0.000000 1 5.934108049e-05 9.358790703e-05
44 0.142463 -0.002122 -0.003152 0.146580 -0.004449 -0.006208 0.000000 0.000000 0.000000 0.000000 1 5.986494943e-05 9.945081547e-05
44 0.142779 -0.002301 -0.003387 0.146580 -0.004449 -0.006208 0.000000 0.000000 0.000000 0.000000 1 6.521213800e-05 1.141389366e-04
44 0.143071 -0.002466 -0.003604 0.146580 -0.004449 -0.006208 0.000000 0.000000 0.000000 0.000000 1 5.542114377e-05 1.012079883e-04
44 0.143341 -0.002619 -0.003804 0.146580 -0.004449 -0.006208 0.000000 0.000000 0.000000 0.000000 1 5.663395859e-05 9.652995504e-05
44 0.143590 -0.002759 -0.003989 0.146580 -0.004449 -0.006208 0.000000 0.000000 0.000000 0.000000 1 5.559995770e-05 9.530200623e-05
44 0.143820 -0.002889 -0.004160 0.146580 -0.004449 -0.006208 0.000000 0.000000 0.000000 0.000000 1 5.677319132e-05 9.651808068e-05
44 0.144032 -0.003009 -0.004317 0.146580 -0.004449 -0.006208 0.000000 0.000000 0.000000 0.000000 1 4.270090722e-05 7.267715409e-05
44 0.144228 -0.003120 -0.004462 0.146580 -0.004449 -0.006208 0.000000 0.000000 0.000000 0.000000 1 5.435291678e-05 9.081186727e-05
44 0.144409 -0.003222 -0.004597 0.146580 -0.004449 -0.006208 0.000000 0.000000 0.000000 0.000000 1 5.935016088e-05 9.897211567e-05
44 0.144576 -0.003316 -0.004721 0.146580 -0.004449 -0.006208 0.000000 0.000000 0.000000 0.000000 1 5.502719432e-05 9.143585339e-05
44 0.144730 -0.003404 -0.004835 0.146580 -0.004449 -0.006208 0.000000 0.000000 0.000000 0.000000 1 5.797808990e-05 9.729806334e-05
44 0.144872 -0.003484 -0.004941 0.146580 -0.004449 -0.006208 0.000000 0.000000 0.000000 0.000000 1 5.020806566e-05 8.487515152e-05
45 0.144817 -0.002847 -0.004886 0.152309 0.000329 -0.005438 0.000000 0.000000 0.000000 0.000000 1 5.671684630e-05 9.585591033e-05
45 0.145393 -0.002603 -0.004928 0.152309 0.000329 -0.005438 0.000000 0.000000 0.000000 0.000000 1 5.957391113e-05 1.003390644e-04
45 0.145925 -0.002378 -0.004967 0.152309 0.000329 -0.005438 0.000000 0.000000 0.000000 0.000000 1 5.609286018e-05 9.551388212e-05
45 0.146416 -0.002170 -0.005004 0.152309 0.000329 -0.005438 0.000000 0.000000 0.000000 0.000000 1 5.908496678e-05 9.977282025e-05
45 0.146869 -0.001977 -0.005037 0.152309 0.000329 -0.005438 0.000000 0.000000 0.000000 0.000000 1 5.428190343e-05 9.081605822e-05
45 0.147287 -0.001800 -0.005068 0.152309 0.000329 -0.005438 0.000000 0.000000 0.000000 0.000000 1 4.900991917e-05 8.064182475e-05
45 0.147673 -0.001636 -0.005096 0.152309 0.000329 -0.005438 0.000000 0.000000 0.000000 0.000000 1 1.639104448e-05 2.983398736e-05
45 0.148030 -0.001485 -0.005122 0.152309 0.000329 -0.005438 0.000000 0.000000 0.000000 0.000000 1 1.848512329e-05 3.077019937e-05
45 0.148359 -0.001346 -0.005147 0.152309 0.000329 -0.005438 0.000000 0.000000 0.000000 0.000000 1 1.810188405e-05 2.772081643e-05
45 0.148663 -0.001217 -0.005169 0.152309 0.000329 -0.005438 0.000000 0.000000 0.000000 0.000000 1 1.422991045e-05 2.387817949e-05
45 0.148943 -0.001098 -0.005190 0.152309 0.000329 -0.005438 0.000000 0.000000 0.000000 0.000000 1 3.481702879e-05 5.758693442e-05
45 0.149202 -0.000989 -0.005209 0.152309 0.000329 -0.005438 0.000000 0.000000 0.000000 0.000000 1 4.711421207e-05 7.446599193e-05
45 0.149441 -0.000887 -0.005226 0.152309 0.000329 -0.005438 0.000000 0.000000 0.000000 0.000000 1 7.509905845e-05 1.246999018e-04
45 0.149661 -0.000794 -0.005243 0.152309 0.000329 -0.005438 0.000000 0.000000 0.000000 0.000000 1 5.689007230e-05 9.726686403e-05
45 0.149865 -0.000707 -0.005258 0.152309 0.000329 -0.005438 0.000000 0.000000 0.000000 0.000000 1 4.176213406e-05 7.362011820e-05
45 0.150053 -0.000628 -0.005271 0.152309 0.000329 -0.005438 0.000000 0.000000 0.000000 0.000000 1 5.619390868e-05 9.233085439e-05
45 0.150226 -0.000554 -0.005284 0.152309 0.000329 -0.005438 0.000000 0.000000 0.000000 0.000000 1 3.954395652e-05 6.737513468e-05
45 0.150386 -0.000486 -0.005296 0.152309 0.000329 -0.005438 0.000000 0.000000 0.000000 0.000000 1 5.657714792e-05 9.596697055e-05
45 0.150534 -0.000424 -0.005307 0.152309 0.000329 -0.005438 0.000000 0.000000 0.000000 0.000000 1 5.747191608e-05 9.766197763e-05
45 0.150671 -0.000366 -0.005317 0.152309 0.000329 -0.005438 0.000000 0.000000 0.000000 0.000000 1 5.887309089e-05 9.809294716e-05
46 0.150434 -0.001048 -0.006156 0.158342 -0.005909 -0.012824 0.000000 0.000000 0.000000 0.000000 1 6.025983021e-05 1.003670041e-04
46 0.151042 -0.001422 -0.006669 0.158342 -0.005909 -0.012824 0.000000 0.000000 0.000000 0.000000 1 5.916017108e-05 9.973812848e-05
46 0.151603 -0.001767 -0.007142 0.158342 -0.005909 -0.012824 0.000000 0.000000 0.000000 0.000000 1 6.048497744e-05 9.924988262e-05
46 0.152122 -0.002085 -0.007579 0.158342 -0.005909 -0.012824 0.000000 0.000000 0.000000 0.000000 1 8.211401291e-05 1.320180018e-04
46 0.152600 -0.002379 -0.007982 0.158342 -0.005909 -0.012824 0.000000 0.000000 0.000000 0.000000 1 5.964701995e-05 9.848107584e-05
46 0.153041 -0.002650 -0.008354 0.158342 -0.005909 -0.012824 0.000000 0.000000 0.000000 0.000000 1 4.654098302e-05 7.806601934e-05
46 0.153449 -0.002901 -0.008698 0.158342 -0.005909 -0.012824 0.000000 0.000000 0.000000 0.000000 1 2.373978496e-04 2.625470515e-04
46 0.153825 -0.003132 -0.009015 0.158342 -0.005909 -0.012824 0.000000 0.000000 0.000000 0.000000 1 6.366891321e-04 6.544049829e-04
46 0.154172 -0.003346 -0.009308 0.158342 -0.005909 -0.012824 0.000000 0.000000 0.000000 0.000000 1 3.604548983e-04 3.706861753e-04
46 0.154493 -0.003543 -0.009578 0.158342 -0.005909 -0.012824 0.000000 0.000000 0.000000 0.000000 1 3.577019088e-04 3.673969768e-04
46 0.154789 -0.003725 -0.009828 0.158342 -0.005909 -0.012824 0.000000 0.000000 0.000000 0.000000 1 3.616749309e-04 3.713609185e-04
46 0.155062 -0.003892 -0.010058 0.158342 -0.005909 -0.012824 0.000000 0.000000 0.000000 0.000000 1 3.629040439e-04 3.728829324e-04
46 0.155314 -0.004047 -0.010271 0.158342 -0.005909 -0.012824 0.000000 0.000000 0.000000 0.000000 1 6.510049570e-04 6.691189483e-04
46 0.155547 -0.004191 -0.010467 0.158342 -0.005909 -0.012824 0.000000 0.000000 0.000000 0.000000 1 4.119370133e-04 4.238230176e-04
46 0.155762 -0.004323 -0.010648 0.158342 -0.005909 -0.012824 0.000000 0.000000 0.000000 0.000000 1 3.826098982e-04 3.940060269e-04
46 0.155960 -0.004445 -0.010816 0.158342 -0.005909 -0.012824 0.000000 0.000000 0.000000 0.000000 1 5.152919330e-04 5.315830931e-04
46 0.156143 -0.004557 -0.010970 0.158342 -0.005909 -0.012824 0.000000 0.000000 0.000000 0.000000 1 9.026331827e-04 9.268929716e-04
46 0.156312 -0.004661 -0.011112 0.158342 -0.005909 -0.012824 0.000000 0.000000 0.000000 0.000000 1 4.932619631e-04 5.099640694e-04
46 0.156468 -0.004757 -0.011244 0.158342 -0.005909 -0.012824 0.000000 0.000000 0.000000 0.000000 1 3.576949239e-04 3.673231695e-04
46 0.156612 -0.004845 -0.011365 0.158342 -0.005909 -0.012824 0.000000 0.000000 0.000000 0.000000 1 3.779719118e-04 3.935999703e-04
47 0.156454 -0.004213 -0.011429 0.164000 -0.001103 -0.013103 0.000000 0.000000 0.000000 0.000000 1 1.622503623e-05 2.993806265e-05
47 0.157034 -0.003974 -0.011558 0.164000 -0.001103 -0.013103 0.000000 0.000000 0.000000 0.000000 1 1.446902752e-05 2.474291250e-05
47 0.157570 -0.003753 -0.011676 0.164000 -0.001103 -0.013103 0.000000 0.000000 0.000000 0.000000 1 1.440197229e-05 2.451101318e-05
47 0.158064 -0.003549 -0.011786 0.164000 -0.001103 -0.013103 0.000000 0.000000 0.000000 0.000000 1 1.435703598e-05 2.396898344e-05
47 0.158520 -0.003361 -0.011887 0.164000 -0.001103 -0.013103 0.000000 0.000000 0.000000 0.000000 1 4.353490658e-05 7.373280823e-05
47 0.158942 -0.003188 -0.011981 0.164000 -0.001103 -0.013103 0.000000 0.000000 0.000000 0.000000 1 4.556984641e-05 7.538311183e-05
47 0.159331 -0.003027 -0.012067 0.164000 -0.001103 -0.013103 0.000000 0.000000 0.000000 0.000000 1 5.904608406e-05 1.011940185e-04
47 0.159690 -0.002879 -0.012147 0.164000 -0.001103 -0.013103 0.000000 0.000000 0.000000 0.000000 1 7.062708028e-05 1.274070237e-04
47 0.160021 -0.002743 -0.012220 0.164000 -0.001103 -0.013103 0.000000 0.000000 0.000000 0.000000 1 6.883381866e-05 1.249520574e-04
47 0.160327 -0.002617 -0.012288 0.164000 -0.001103 -0.013103 0.000000 0.000000 0.000000 0.000000 1 6.034714170e-05 1.001451164e-04
47 0.160609 -0.002500 -0.012351 0.164000 -0.001103 -0.013103 0.000000 0.000000 0.000000 0.000000 1 5.824305117e-05 9.704101831e-05
47 0.160870 -0.002393 -0.012409 0.164000 -0.001103 -0.013103 0.000000 0.000000 0.000000 0.000000 1 5.260319449e-05 8.921581320e-05
47 0.161111 -0.002294 -0.012462 0.164000 -0.001103 -0.013103 0.000000 0.000000 0.000000 0.000000 1 7.850304246e-05 1.204661094e-04
47 0.161333 -0.002202 -0.012511 0.164000 -0.001103 -0.013103 0.000000 0.000000 0.000000 0.000000 1 5.554081872e-05 9.532016702e-05
47 0.161538 -0.002118 -0.012557 0.164000 -0.001103 -0.013103 0.000000 0.000000 0.000000 0.000000 1 5.873688497e-05 9.983405471e-05
47 0.161727 -0.002040 -0.012599 0.164000 -0.001103 -0.013103 0.000000 0.000000 0.000000 0.000000 1 5.506793968e-05 9.306799620e-05
47 0.161902 -0.001968 -0.012638 0.164000 -0.001103 -0.013103 0.000000 0.000000 0.000000 0.000000 1 5.946820602e-05 9.930902161e-05
47 0.162063 -0.001901 -0.012673 0.164000 -0.001103 -0.013103 0.000000 0.000000 0.000000 0.000000 1 2.110949717e-04 2.642429899e-04
47 0.162212 -0.001840 -0.012706 0.164000 -0.001103 -0.013103 0.000000 0.000000 0.000000 0.000000 1 1.355866902e-03 1.392445061e-03
47 0.162350 -0.001783 -0.012737 0.164000 -0.001103 -0.013103 0.000000 0.000000 0.000000 0.000000 1 4.318198189e-04 4.459868651e-04
48 0.161977 -0.002477 -0.013538 0.169951 -0.007875 -0.020881 0.000000 0.000000 0.000000 0.000000 1 1.442106441e-05 2.878298983e-05
48 0.162590 -0.002892 -0.014102 0.169951 -0.007875 -0.020881 0.000000 0.000000 0.000000 0.000000 1 2.714199945e-05 4.661711864e-05
48 0.163156 -0.003275 -0.014623 0.169951 -0.007875 -0.020881 0.000000 0.000000 0.000000 0.000000 1 2.374011092e-05 4.069181159e-05
48 0.163679 -0.003629 -0.015105 0.169951 -0.007875 -0.020881 0.000000 0.000000 0.000000 0.000000 1 5.209981464e-05 8.764304221e-05
48 0.164161 -0.003955 -0.015549 0.169951 -0.007875 -0.020881 0.000000 0.000000 0.000000 0.000000 1 6.046798080e-05 1.024089288e-04
48 0.164606 -0.004256 -0.015959 0.169951 -0.007875 -0.020881 0.000000 0.000000 0.000000 0.000000 1 5.515897647e-05 9.071477689e-05
48 0.165017 -0.004535 -0.016337 0.169951 -0.007875 -0.020881 0.000000 0.000000 0.000000 0.000000 1 5.836505443e-05 9.846501052e-05
48 0.165396 -0.004791 -0.016686 0.169951 -0.007875 -0.020881 0.000000 0.000000 0.000000 0.000000 1 5.494290963e-05 9.138998576e-05
48 0.165747 -0.005028 -0.017009 0.169951 -0.007875 -0.020881 0.000000 0.000000 0.000000 0.000000 1 5.900813267e-05 9.906687774e-05
48 0.166070 -0.005247 -0.017307 0.169951 -0.007875 -0.020881 0.000000 0.000000 0.000000 0.000000 1 6.376090460e-05 1.060669310e-04
48 0.166368 -0.005449 -0.017581 0.169951 -0.007875 -0.020881 0.000000 0.000000 0.000000 0.000000 1 5.873502232e-05 9.964685887e-05
48 0.166644 -0.005636 -0.017835 0.169951 -0.007875 -0.020881 0.000000 0.000000 0.000000 0.000000 1 5.890009925e-05 9.948504157e-05
48 0.166898 -0.005808 -0.018069 0.169951 -0.007875 -0.020881 0.000000 0.000000 0.000000 0.000000 1 5.494407378e-05 9.302096441e-05
48 0.167133 -0.005967 -0.018286 0.169951 -0.007875 -0.020881 0.000000 0.000000 0.000000 0.000000 1 5.251308903e-05 9.021908045e-05
48 0.167349 -0.006114 -0.018485 0.169951 -0.007875 -0.020881 0.000000 0.000000 0.000000 0.000000 1 6.380281411e-05 1.065109391e-04
48 0.167549 -0.006249 -0.018669 0.169951 -0.007875 -0.020881 0.000000 0.000000 0.000000 0.000000 1 5.213310942e-05 9.080208838e-05
48 0.167734 -0.006374 -0.018839 0.169951 -0.007875 -0.020881 0.000000 0.000000 0.000000 0.000000 1 5.844701082e-05 9.986385703e-05
48 0.167905 -0.006489 -0.018996 0.169951 -0.007875 -0.020881 0.000000 0.000000 0.000000 0.000000 1 1.362478361e-05 2.341205254e-05
48 0.168062 -0.006596 -0.019141 0.169951 -0.007875 -0.020881 0.000000 0.000000 0.000000 0.000000 1 5.831406452e-05 9.844102897e-05
48 0.168207 -0.006694 -0.019275 0.169951 -0.007875 -0.020881 0.000000 0.000000 0.000000 0.000000 1 5.938182585e-05 9.960890748e-05
49 0.167996 -0.006069 -0.019504 0.175676 -0.003228 -0.022622 0.000000 0.000000 0.000000 0.000000 1 5.719112232e-05 9.642308578e-05
49 0.168586 -0.005850 -0.019744 0.175676 -0.003228 -0.022622 0.000000 0.000000 0.000000 0.000000 1 6.960984319e-05 1.101919916e-04
49 0.169131 -0.005649 -0.019965 0.175676 -0.003228 -0.022622 0.000000 0.000000 0.000000 0.000000 1 5.814689212e-05 9.774998762e-05
49 0.169634 -0.005463 -0.020169 0.175676 -0.003228 -0.022622 0.000000 0.000000 0.000000 0.000000 1 5.739508197e-05 9.801611304e-05
49 0.170099 -0.005291 -0.020358 0.175676 -0.003228 -0.022622 0.000000 0.000000 0.000000 0.000000 1 4.937802441e-05 8.437898941e-05
49 0.170528 -0.005132 -0.020532 0.175676 -0.003228 -0.022622 0.000000 0.000000 0.000000 0.000000 1 1.964089461e-05 3.361492418e-05
49 0.170924 -0.004986 -0.020692 0.175676 -0.003228 -0.022622 0.000000 0.000000 0.000000 0.000000 1 5.662604235e-05 9.753881022e-05
49 0.171289 -0.004851 -0.020841 0.175676 -0.003228 -0.022622 0.000000 0.000000 0.000000 0.000000 1 5.804700777e-05 9.803008288e-05
49 0.171626 -0.004726 -0.020978 0.175676 -0.003228 -0.022622 0.000000 0.000000 0.000000 0.000000 1 5.793618038e-05 9.821099229e-05
49 0.171938 -0.004611 -0.021104 0.175676 -0.003228 -0.022622 0.000000 0.000000 0.000000 0.000000 1 5.680602044e-05 9.720702656e-05
49 0.172225 -0.004504 -0.021221 0.175676 -0.003228 -0.022622 0.000000 0.000000 0.000000 0.000000 1 5.976716056e-05 9.919703007e-05
49 0.172490 -0.004406 -0.021328 0.175676 -0.003228 -0.022622 0.000000 0.000000 0.000000 0.000000 1 6.513786502e-05 1.146590803e-04
49 0.172735 -0.004316 -0.021428 0.175676 -0.003228 -0.022622 0.000000 0.000000 0.000000 0.000000 1 5.894014612e-05 1.019849442e-04
49 0.172961 -0.004232 -0.021520 0.175676 -0.003228 -0.022622 0.000000 0.000000 0.000000 0.000000 1 5.624303594e-05 9.687896818e-05
49 0.173170 -0.004155 -0.021604 0.175676 -0.003228 -0.022622 0.000000 0.000000 0.000000 0.000000 1 5.482207052e-05 9.220396169e-05
49 0.173363 -0.004083 -0.021683 0.175676 -0.003228 -0.022622 0.000000 0.000000 0.000000 0.000000 1 7.109995931e-05 1.115798950e-04
49 0.173541 -0.004018 -0.021755 0.175676 -0.003228 -0.022622 0.000000 0.000000 0.000000 0.000000 1 5.858810619e-05 9.711110033e-05
49 0.173705 -0.003957 -0.021822 0.175676 -0.003228 -0.022622 0.000000 0.000000 0.000000 0.000000 1 5.658296868e-05 9.613507427e-05
49 0.173856 -0.003901 -0.021883 0.175676 -0.003228 -0.022622 0.000000 0.000000 0.000000 0.000000 1 5.643605255e-05 9.627500549e-05
49 0.173996 -0.003849 -0.021940 0.175676 -0.003228 -0.022622 0.000000 0.000000 0.000000 0.000000 1 6.122095510e-05 1.015730668e-04
50 0.173227 -0.004539 -0.022655 0.181560 -0.010518 -0.030789 0.000000 0.000000 0.000000 0.063479 1 5.992106162e-05 9.918212891e-05
50 0.172983 -0.004947 -0.023130 0.181560 -0.010518 -0.030789 0.000000 0.000000 0.000000 0.063383 1 5.317619070e-05 8.586794138e-05
50 0.172757 -0.005324 -0.023569 0.181560 -0.010518 -0.030789 0.000000 0.000000 0.000000 0.063418 1 5.753897130e-05 9.769201279e-05
50 0.172548 -0.005672 -0.023973 0.181560 -0.010518 -0.030789 0.000000 0.000000 0.000000 0.063531 1 6.088498048e-05 1.028049737e-04
50 0.172353 -0.005993 -0.024347 0.181560 -0.010518 -0.030789 0.000000 0.000000 0.000000 0.063732 1 5.724909715e-05 9.786104783e-05
50 0.172168 -0.006290 -0.024691 0.181560 -0.010518 -0.030789 0.000000 0.000000 0.000000 0.064090 1 5.844281986e-05 1.007320825e-04
50 0.171992 -0.006563 -0.025007 0.181560 -0.010518 -0.030789 0.000000 0.000000 0.000000 0.064661 1 5.670194514e-05 9.652483277e-05
50 0.171819 -0.006814 -0.025298 0.181560 -0.010518 -0.030789 0.000000 0.000000 0.000000 0.065451 1 5.834596232e-05 9.810086340e-05
50 0.171647 -0.007045 -0.025564 0.181560 -0.010518 -0.030789 0.000000 0.000000 0.000000 0.066385 1 4.142383114e-05 7.248786278e-05
50 0.171475 -0.007258 -0.025807 0.181560 -0.010518 -0.030789 0.000000 0.000000 0.000000 0.067393 1 2.885982394e-05 4.955497570e-05
50 0.171301 -0.007454 -0.026029 0.181560 -0.010518 -0.030789 0.000000 0.000000 0.000000 0.068420 1 1.456006430e-05 2.460507676e-05
50 0.171127 -0.007634 -0.026232 0.181560 -0.010518 -0.030789 0.000000 0.000000 0.000000 0.069456 1 1.378101297e-05 2.390798181e-05
50 0.170951 -0.007799 -0.026416 0.181560 -0.010518 -0.030789 0.000000 0.000000 0.000000 0.070594 1 1.868698746e-05 2.852408215e-05
50 0.170771 -0.007950 -0.026584 0.181560 -0.010518 -0.030789 0.000000 0.000000 0.000000 0.071914 1 1.397216693e-05 2.401298843e-05
50 0.170585 -0.008089 -0.026735 0.181560 -0.010518 -0.030789 0.000000 0.000000 0.000000 0.073437 1 3.266008571e-05 5.509401672e-05
50 0.170391 -0.008215 -0.026870 0.181560 -0.010518 -0.030789 0.000000 0.000000 0.000000 0.075130 1 5.924701691e-05 1.009500120e-04
50 0.170187 -0.008331 -0.026991 0.181560 -0.010518 -0.030789 0.000000 0.000000 0.000000 0.076917 1 5.510891788e-05 9.427615441e-05
50 0.169974 -0.008436 -0.027099 0.181560 -0.010518 -0.030789 0.000000 0.000000 0.000000 0.078699 1 5.888892338e-05 9.835185483e-05
50 0.169753 -0.008532 -0.027194 0.181560 -0.010518 -0.030789 0.000000 0.000000 0.000000 0.080409 1 1.345807686e-05 2.296501771e-05
50 0.169526 -0.008619 -0.027278 0.181560 -0.010518 -0.030789 0.000000 0.000000 0.000000 0.082035 1 5.829310976e-05 9.789294563e-05
51 0.168952 -0.007991 -0.027571 0.187187 -0.005986 -0.033701 0.000000 0.000000 0.000000 0.086881 1 2.134409733e-04 2.555139363e-04
51 0.169095 -0.007796 -0.027815 0.187187 -0.005986 -0.033701 0.000000 0.000000 0.000000 0.088018 1 5.792197771e-05 9.771995246e-05
51 0.169210 -0.007616 -0.028038 0.187187 -0.005986 -0.033701 0.000000 0.000000 0.000000 0.089178 1 5.466002040e-05 9.445194155e-05
51 0.169299 -0.007450 -0.028240 0.187187 -0.005986 -0.033701 0.000000 0.000000 0.000000 0.090416 1 5.744001828e-05 9.606010281e-05
51 0.169363 -0.007295 -0.028424 0.187187 -0.005986 -0.033701 0.000000 0.000000 0.000000 0.091703 1 5.757599138e-05 9.839492850e-05
51 0.169403 -0.007152 -0.028590 0.187187 -0.005986 -0.033701 0.000000 0.000000 0.000000 0.092966 1 6.764195859e-05 1.232479699e-04
51 0.169423 -0.007019 -0.028741 0.187187 -0.005986 -0.033701 0.000000 0.000000 0.000000 0.094124 1 5.812617019e-05 9.869597852e-05
51 0.169426 -0.006896 -0.028877 0.187187 -0.005986 -0.033701 0.000000 0.000000 0.000000 0.095095 1 5.616690032e-05 9.773089550e-05
51 0.169417 -0.006782 -0.029000 0.187187 -0.005986 -0.033701 0.000000 0.000000 0.000000 0.095841 1 5.827005953e-05 9.935186245e-05
51 0.169399 -0.006677 -0.029112 0.187187 -0.005986 -0.033701 0.000000 0.000000 0.000000 0.096385 1 7.351906970e-05 1.339882147e-04
51 0.169376 -0.006579 -0.029215 0.187187 -0.005986 -0.033701 0.000000 0.000000 0.000000 0.096776 1 5.793105811e-05 9.865197353e-05
51 0.169351 -0.006489 -0.029308 0.187187 -0.005986 -0.033701 0.000000 0.000000 0.000000 0.097032 1 5.658180453e-05 9.638792835e-05
51 0.169325 -0.006405 -0.029395 0.187187 -0.005986 -0.033701 0.000000 0.000000 0.000000 0.097115 1 5.539902486e-05 9.559700266e-05
51 0.169301 -0.006329 -0.029474 0.187187 -0.005986 -0.033701 0.000000 0.000000 0.000000 0.097037 1 5.635502748e-05 9.527406655e-05
51 0.169281 -0.006258 -0.029548 0.187187 -0.005986 -0.033701 0.000000 0.000000 0.000000 0.096854 1 5.481112748e-05 9.479303844e-05
51 0.169266 -0.006192 -0.029616 0.187187 -0.005986 -0.033701 0.000000 0.000000 0.000000 0.096646 1 5.872105248e-05 9.908108041e-05
51 0.169254 -0.006132 -0.029680 0.187187 -0.005986 -0.033701 0.000000 0.000000 0.000000 0.096486 1 5.618203431e-05 9.515788406e-05
51 0.169245 -0.006076 -0.029740 0.187187 -0.005986 -0.033701 0.000000 0.000000 0.000000 0.096395 1 2.420390956e-05 4.363106564e-05
51 0.169237 -0.006025 -0.029794 0.187187 -0.005986 -0.033701 0.000000 0.000000 0.000000 0.096364 1 7.375213318e-05 1.348590013e-04
51 0.169230 -0.005978 -0.029845 0.187187 -0.005986 -0.033701 0.000000 0.000000 0.000000 0.096385 1 7.441896014e-05 1.360760070e-04
52 0.168414 -0.006561 -0.030481 0.194603 -0.013062 -0.042730 0.000000 0.000000 0.000000 0.167408 1 1.399102621e-05 2.399506047e-05
52 0.167919 -0.006893 -0.030872 0.194603 -0.013062 -0.042730 0.000000 0.000000 0.000000 0.167776 1 5.108816549e-05 8.930684999e-05
52 0.167457 -0.007198 -0.031232 0.194603 -0.013062 -0.042730 0.000000 0.000000 0.000000 0.168222 1 5.798297934e-05 1.001211349e-04
52 0.167023 -0.007480 -0.031562 0.194603 -0.013062 -0.042730 0.000000 0.000000 0.000000 0.168692 1 5.891011097e-05 9.862100706e-05
52 0.166616 -0.007739 -0.031866 0.194603 -0.013062 -0.042730 0.000000 0.000000 0.000000 0.169213 1 7.542897947e-05 1.351661049e-04
52 0.166230 -0.007978 -0.032144 0.194603 -0.013062 -0.042730 0.000000 0.000000 0.000000 0.169856 1 7.385085337e-05 1.322680619e-04
52 0.165864 -0.008198 -0.032398 0.194603 -0.013062 -0.042730 0.000000 0.000000 0.000000 0.170670 1 5.818298087e-05 9.807618335e-05
52 0.165512 -0.008400 -0.032630 0.194603 -0.013062 -0.042730 0.000000 0.000000 0.000000 0.171654 1 5.694711581e-05 9.716604836e-05
52 0.165171 -0.008585 -0.032841 0.194603 -0.013062 -0.042730 0.000000 0.000000 0.000000 0.172742 1 5.425000563e-05 9.493995458e-05
52 0.164840 -0.008755 -0.033032 0.194603 -0.013062 -0.042730 0.000000 0.000000 0.000000 0.173882 1 5.885493010e-05 9.986897931e-05
52 0.164517 -0.008911 -0.033204 0.194603 -0.013062 -0.042730 0.000000 0.000000 0.000000 0.175023 1 5.749193951e-05 9.515509009e-05
52 0.164202 -0.009054 -0.033359 0.194603 -0.013062 -0.042730 0.000000 0.000000 0.000000 0.176164 1 5.633500405e-05 9.735114872e-05
52 0.163894 -0.009185 -0.033499 0.194603 -0.013062 -0.042730 0.000000 0.000000 0.000000 0.177396 1 5.498691462e-05 9.529991075e-05
52 0.163589 -0.009304 -0.033623 0.194603 -0.013062 -0.042730 0.000000 0.000000 0.000000 0.178794 1 5.783000961e-05 9.906990454e-05
52 0.163286 -0.009412 -0.033733 0.194603 -0.013062 -0.042730 0.000000 0.000000 0.000000 0.180374 1 7.503107190e-05 1.355318818e-04
52 0.162980 -0.009511 -0.033829 0.194603 -0.013062 -0.042730 0.000000 0.000000 0.000000 0.182099 1 5.509401672e-05 9.442493320e-05
52 0.162672 -0.009600 -0.033912 0.194603 -0.013062 -0.042730 0.000000 0.000000 0.000000 0.183890 1 5.739787593e-05 9.962497279e-05
52 0.162361 -0.009680 -0.033983 0.194603 -0.013062 -0.042730 0.000000 0.000000 0.000000 0.185645 1 5.828007124e-05 9.874789976e-05
52 0.162048 -0.009753 -0.034042 0.194603 -0.013062 -0.042730 0.000000 0.000000 0.000000 0.187290 1 5.476991646e-05 9.531108662e-05
52 0.161736 -0.009818 -0.034092 0.194603 -0.013062 -0.042730 0.000000 0.000000 0.000000 0.188811 1 6.675813347e-05 1.243101433e-04
53 0.161979 -0.009195 -0.034592 0.204355 -0.009420 -0.046889 0.000000 0.000000 0.000000 0.208365 1 5.525886081e-05 9.344494902e-05
53 0.161954 -0.009061 -0.034784 0.204355 -0.009420 -0.046889 0.000000 0.000000 0.000000 0.209444 1 5.987100303e-05 1.012301072e-04
53 0.161914 -0.008936 -0.034958 0.204355 -0.009420 -0.046889 0.000000 0.000000 0.000000 0.210493 1 4.983204417e-05 8.500297554e-05
53 0.161860 -0.008821 -0.035114 0.204355 -0.009420 -0.046889 0.000000 0.000000 0.000000 0.211594 1 5.608913489e-05 9.556091391e-05
53 0.161793 -0.008713 -0.035254 0.204355 -0.009420 -0.046889 0.000000 0.000000 0.000000 0.212716 1 4.801293835e-05 8.037011139e-05
53 0.161714 -0.008613 -0.035380 0.204355 -0.009420 -0.046889 0.000000 0.000000 0.000000 0.213794 1 5.513196811e-05 9.486614726e-05
53 0.161625 -0.008520 -0.035492 0.204355 -0.009420 -0.046889 0.000000 0.000000 0.000000 0.214753 1 5.483999848e-05 9.682611562e-05
53 0.161529 -0.008433 -0.035593 0.204355 -0.009420 -0.046889 0.000000 0.000000 0.000000 0.215521 1 4.609697498e-05 7.954891771e-05
53 0.161430 -0.008353 -0.035683 0.204355 -0.009420 -0.046889 0.000000 0.000000 0.000000 0.216072 1 5.689100362e-05 9.710993618e-05
53 0.161332 -0.008278 -0.035765 0.204355 -0.009420 -0.046889 0.000000 0.000000 0.000000 0.216433 1 4.830793478e-05 8.236593567e-05
53 0.161237 -0.008209 -0.035839 0.204355 -0.009420 -0.046889 0.000000 0.000000 0.000000 0.216659 1 5.940697156e-05 1.000189222e-04
53 0.161147 -0.008145 -0.035907 0.204355 -0.009420 -0.046889 0.000000 0.000000 0.000000 0.216769 1 6.163795479e-05 1.037111506e-04
53 0.161064 -0.008086 -0.035970 0.204355 -0.009420 -0.046889 0.000000 0.000000 0.000000 0.216726 1 5.772802979e-05 9.734206833e-05
53 0.160988 -0.008032 -0.036029 0.204355 -0.009420 -0.046889 0.000000 0.000000 0.000000 0.216531 1 5.423114635e-05 9.224703535e-05
53 0.160923 -0.007982 -0.036084 0.204355 -0.009420 -0.046889 0.000000 0.000000 0.000000 0.216229 1 5.365791731e-05 9.156810120e-05
53 0.160868 -0.007936 -0.036136 0.204355 -0.009420 -0.046889 0.000000 0.000000 0.000000 0.215890 1 5.755387247e-05 9.773205966e-05
53 0.160822 -0.007894 -0.036185 0.204355 -0.009420 -0.046889 0.000000 0.000000 0.000000 0.215578 1 5.687610246e-05 1.010491978e-04
53 0.160785 -0.007855 -0.036231 0.204355 -0.009420 -0.046889 0.000000 0.000000 0.000000 0.215300 1 4.219799303e-05 7.206993178e-05
53 0.160754 -0.007820 -0.036275 0.204355 -0.009420 -0.046889 0.000000 0.000000 0.000000 0.215063 1 5.791988224e-05 9.894301184e-05
53 0.160729 -0.007787 -0.036316 0.204355 -0.009420 -0.046889 0.000000 0.000000 0.000000 0.214871 1 5.161506124e-05 8.986820467e-05
54 0.160069 -0.008181 -0.036876 0.218390 -0.016945 -0.060236 0.000000 0.000000 0.000000 0.296552 1 5.884701386e-05 9.909807704e-05
54 0.159572 -0.008468 -0.037298 0.218390 -0.016945 -0.060236 0.000000 0.000000 0.000000 0.296699 1 4.251301289e-05 7.175607607e-05
54 0.159111 -0.008733 -0.037687 0.218390 -0.016945 -0.060236 0.000000 0.000000 0.000000 0.296917 1 5.829683505e-05 9.884918109e-05
54 0.158681 -0.008978 -0.038045 0.218390 -0.016945 -0.060236 0.000000 0.000000 0.000000 0.297143 1 5.947914906e-05 1.018180046e-04
54 0.158280 -0.009203 -0.038374 0.218390 -0.016945 -0.060236 0.000000 0.000000 0.000000 0.297411 1 5.806121044e-05 9.804102592e-05
54 0.157904 -0.009411 -0.038677 0.218390 -0.016945 -0.060236 0.000000 0.000000 0.000000 0.297792 1 5.757901818e-05 9.732111357e-05
54 0.157550 -0.009601 -0.038954 0.218390 -0.016945 -0.060236 0.000000 0.000000 0.000000 0.298320 1 5.776993930e-05 9.817001410e-05
54 0.157212 -0.009777 -0.039207 0.218390 -0.016945 -0.060236 0.000000 0.000000 0.000000 0.298989 1 5.825585686e-05 9.890506044e-05
54 0.156889 -0.009938 -0.039437 0.218390 -0.016945 -0.060236 0.000000 0.000000 0.000000 0.299755 1 5.747214891e-05 9.907409549e-05
54 0.156576 -0.010086 -0.039646 0.218390 -0.016945 -0.060236 0.000000 0.000000 0.000000 0.300580 1 5.840789527e-05 9.719398804e-05
54 0.156274 -0.010221 -0.039835 0.218390 -0.016945 -0.060236 0.000000 0.000000 0.000000 0.301415 1 5.641696043e-05 9.903893806e-05
54 0.155981 -0.010344 -0.040005 0.218390 -0.016945 -0.060236 0.000000 0.000000 0.000000 0.302257 1 5.851103924e-05 9.905407205e-05
54 0.155696 -0.010457 -0.040159 0.218390 -0.016945 -0.060236 0.000000 0.000000 0.000000 0.303188 1 6.492296234e-05 1.052648295e-04
54 0.155415 -0.010560 -0.040295 0.218390 -0.016945 -0.060236 0.000000 0.000000 0.000000 0.304276 1 8.648098446e-05 1.401691698e-04
54 0.155134 -0.010654 -0.040415 0.218390 -0.016945 -0.060236 0.000000 0.000000 0.000000 0.306053 1 3.793900833e-04 4.122550599e-04
54 0.154812 -0.010735 -0.040509 0.218390 -0.016945 -0.060236 0.000000 0.000000 0.000000 0.310631 1 4.949793220e-05 8.389493451e-05
54 0.154445 -0.010805 -0.040576 0.218390 -0.016945 -0.060236 0.000000 0.000000 0.000000 0.314903 1 4.105595872e-05 6.919912994e-05
54 0.154032 -0.010863 -0.040618 0.218390 -0.016945 -0.060236 0.000000 0.000000 0.000000 0.319292 1 3.964896314e-05 7.209298201e-05
54 0.153579 -0.010912 -0.040637 0.218390 -0.016945 -0.060236 0.000000 0.000000 0.000000 0.323590 1 6.091385148e-05 1.050820574e-04
54 0.153091 -0.010951 -0.040634 0.218390 -0.016945 -0.060236 0.000000 0.000000 0.000000 0.327602 1 6.039603613e-05 1.008629333e-04
55 0.153205 -0.010600 -0.040928 0.235961 -0.014072 -0.066457 0.000000 0.000000 0.000000 0.364373 1 5.780509673e-05 9.736791253e-05
55 0.152929 -0.010471 -0.041021 0.235961 -0.014072 -0.066457 0.000000 0.000000 0.000000 0.367131 1 5.633919500e-05 9.636790492e-05
55 0.152626 -0.010349 -0.041093 0.235961 -0.014072 -0.066457 0.000000 0.000000 0.000000 0.369763 1 5.645980127e-05 9.559397586e-05
55 0.152298 -0.010234 -0.041146 0.235961 -0.014072 -0.066457 0.000000 0.000000 0.000000 0.372451 1 5.059107207e-05 8.413195610e-05
55 0.151946 -0.010124 -0.041182 0.235961 -0.014072 -0.066457 0.000000 0.000000 0.000000 0.375152 1 5.804514512e-05 9.733205661e-05
55 0.151573 -0.010020 -0.041201 0.235961 -0.014072 -0.066457 0.000000 0.000000 0.000000 0.377741 1 5.584186874e-05 1.054371241e-04
55 0.151184 -0.009922 -0.041206 0.235961 -0.014072 -0.066457 0.000000 0.000000 0.000000 0.380076 1 5.684979260e-05 9.681517258e-05
55 0.150787 -0.009828 -0.041199 0.235961 -0.014072 -0.066457 0.000000 0.000000 0.000000 0.382034 1 6.749411114e-05 1.072988380e-04
55 0.150388 -0.009740 -0.041185 0.235961 -0.014072 -0.066457 0.000000 0.000000 0.000000 0.383570 1 5.719298497e-05 9.698001668e-05
55 0.149997 -0.009658 -0.041164 0.235961 -0.014072 -0.066457 0.000000 0.000000 0.000000 0.384731 1 7.314910181e-05 1.332990360e-04
55 0.149617 -0.009580 -0.041141 0.235961 -0.014072 -0.066457 0.000000 0.000000 0.000000 0.385626 1 4.213815555e-05 7.608998567e-05
55 0.149252 -0.009508 -0.041115 0.235961 -0.014072 -0.066457 0.000000 0.000000 0.000000 0.386321 1 2.909288742e-05 4.986510612e-05
55 0.148905 -0.009441 -0.041088 0.235961 -0.014072 -0.066457 0.000000 0.000000 0.000000 0.386806 1 1.446111128e-05 2.438621596e-05
55 0.148578 -0.009378 -0.041061 0.235961 -0.014072 -0.066457 0.000000 0.000000 0.000000 0.387139 1 1.417403109e-05 2.409401350e-05
55 0.148270 -0.009320 -0.041035 0.235961 -0.014072 -0.066457 0.000000 0.000000 0.000000 0.387411 1 1.464807428e-05 2.580904402e-05
55 0.147981 -0.009266 -0.041009 0.235961 -0.014072 -0.066457 0.000000 0.000000 0.000000 0.387704 1 1.685507596e-05 2.810917795e-05
55 0.147708 -0.009216 -0.040983 0.235961 -0.014072 -0.066457 0.000000 0.000000 0.000000 0.388067 1 4.603294656e-05 7.788091898e-05
55 0.147449 -0.009169 -0.040958 0.235961 -0.014072 -0.066457 0.000000 0.000000 0.000000 0.388459 1 5.546701141e-05 9.557185695e-05
55 0.147203 -0.009125 -0.040932 0.235961 -0.014072 -0.066457 0.000000 0.000000 0.000000 0.388902 1 5.857204087e-05 9.896396659e-05
55 0.146966 -0.009085 -0.040906 0.235961 -0.014072 -0.066457 0.000000 0.000000 0.000000 0.389411 1 6.170803681e-05 9.972508997e-05
56 0.146261 -0.009329 -0.041227 0.258293 -0.022349 -0.083510 0.000000 0.000000 0.000000 0.464687 1 3.605918027e-05 6.897514686e-05
56 0.145637 -0.009531 -0.041491 0.258293 -0.022349 -0.083510 0.000000 0.000000 0.000000 0.465669 1 5.719601177e-05 9.891297668e-05
56 0.145035 -0.009715 -0.041727 0.258293 -0.022349 -0.083510 0.000000 0.000000 0.000000 0.467109 1 6.725895219e-05 1.193711068e-04
56 0.144449 -0.009882 -0.041935 0.258293 -0.022349 -0.083510 0.000000 0.000000 0.000000 0.468698 1 5.549495108e-05 9.733601473e-05
56 0.143876 -0.010034 -0.042116 0.258293 -0.022349 -0.083510 0.000000 0.000000 0.000000 0.470437 1 7.351883687e-05 1.334049739e-04
56 0.143308 -0.010170 -0.042271 0.258293 -0.022349 -0.083510 0.000000 0.000000 0.000000 0.472458 1 7.357611321e-05 1.331069507e-04
56 0.142741 -0.010293 -0.042400 0.258293 -0.022349 -0.083510 0.000000 0.000000 0.000000 0.474799 1 5.912804045e-05 1.051959116e-04
56 0.142168 -0.010401 -0.042503 0.258293 -0.022349 -0.083510 0.000000 0.000000 0.000000 0.477396 1 6.686593406e-05 1.173198689e-04
56 0.141586 -0.010497 -0.042581 0.258293 -0.022349 -0.083510 0.000000 0.000000 0.000000 0.480103 1 5.827797577e-05 9.832601063e-05
56 0.140995 -0.010581 -0.042636 0.258293 -0.022349 -0.083510 0.000000 0.000000 0.000000 0.482759 1 5.874200724e-05 9.932811372e-05
56 0.140399 -0.010653 -0.042670 0.258293 -0.022349 -0.083510 0.000000 0.000000 0.000000 0.485220 1 5.827797577e-05 9.687198326e-05
56 0.139802 -0.010717 -0.042686 0.258293 -0.022349 -0.083510 0.000000 0.000000 0.000000 0.487469 1 5.632312968e-05 9.664706886e-05
56 0.139208 -0.010771 -0.042687 0.258293 -0.022349 -0.083510 0.000000 0.000000 0.000000 0.489672 1 4.551187158e-05 7.749092765e-05
56 0.138613 -0.010818 -0.042673 0.258293 -0.022349 -0.083510 0.000000 0.000000 0.000000 0.492036 1 5.498202518e-05 9.505287744e-05
56 0.138015 -0.010856 -0.042645 0.258293 -0.022349 -0.083510 0.000000 0.000000 0.000000 0.494705 1 6.005493924e-05 1.013190486e-04
56 0.137405 -0.010887 -0.042600 0.258293 -0.022349 -0.083510 0.000000 0.000000 0.000000 0.497715 1 5.801301450e-05 9.764195420e-05
56 0.136780 -0.010910 -0.042538 0.258293 -0.022349 -0.083510 0.000000 0.000000 0.000000 0.500994 1 5.860114470e-05 9.914301336e-05
56 0.136136 -0.010925 -0.042459 0.258293 -0.022349 -0.083510 0.000000 0.000000 0.000000 0.504392 1 5.163718015e-05 9.578699246e-05
56 0.135474 -0.010934 -0.042365 0.258293 -0.022349 -0.083510 0.000000 0.000000 0.000000 0.507726 1 5.584117025e-05 9.484798647e-05
56 0.134799 -0.010936 -0.042257 0.258293 -0.022349 -0.083510 0.000000 0.000000 0.000000 0.510822 1 8.118897676e-05 1.249760389e-04
57 0.134475 -0.010752 -0.042349 0.284879 -0.020784 -0.093840 0.000000 0.000000 0.000000 0.548643 1 1.402718481e-04 1.759310253e-04
57 0.133997 -0.010644 -0.042342 0.284879 -0.020784 -0.093840 0.000000 0.000000 0.000000 0.550635 1 5.851592869e-05 9.901099838e-05
57 0.133515 -0.010542 -0.042321 0.284879 -0.020784 -0.093840 0.000000 0.000000 0.000000 0.552493 1 5.173310637e-05 8.698296733e-05
57 0.133028 -0.010445 -0.042288 0.284879 -0.020784 -0.093840 0.000000 0.000000 0.000000 0.554386 1 5.804491229e-05 9.869993664e-05
57 0.132537 -0.010353 -0.042244 0.284879 -0.020784 -0.093840 0.000000 0.000000 0.000000 0.556271 1 7.530418225e-05 1.394238789e-04
57 0.132044 -0.010264 -0.042190 0.284879 -0.020784 -0.093840 0.000000 0.000000 0.000000 0.558044 1 6.099115126e-05 1.073179301e-04
57 0.131553 -0.010180 -0.042129 0.284879 -0.020784 -0.093840 0.000000 0.000000 0.000000 0.559589 1 5.795597099e-05 9.883800521e-05
57 0.131069 -0.010100 -0.042062 0.284879 -0.020784 -0.093840 0.000000 0.000000 0.000000 0.560820 1 5.743908696e-05 9.829108603e-05
57 0.130600 -0.010024 -0.041993 0.284879 -0.020784 -0.093840 0.000000 0.000000 0.000000 0.561722 1 5.767797120e-05 9.978911839e-05
57 0.130150 -0.009953 -0.041924 0.284879 -0.020784 -0.093840 0.000000 0.000000 0.000000 0.562350 1 5.896715447e-05 9.926501662e-05
57 0.129723 -0.009887 -0.041856 0.284879 -0.020784 -0.093840 0.000000 0.000000 0.000000 0.562802 1 2.325489186e-05 3.990507685e-05
57 0.129321 -0.009825 -0.041791 0.284879 -0.020784 -0.093840 0.000000 0.000000 0.000000 0.563131 1 2.353708260e-05 4.265713505e-05
57 0.128945 -0.009768 -0.041729 0.284879 -0.020784 -0.093840 0.000000 0.000000 0.000000 0.563320 1 2.344697714e-05 4.269508645e-05
57 0.128594 -0.009714 -0.041671 0.284879 -0.020784 -0.093840 0.000000 0.000000 0.000000 0.563397 1 4.260381684e-05 7.684505545e-05
57 0.128270 -0.009665 -0.041617 0.284879 -0.020784 -0.093840 0.000000 0.000000 0.000000 0.563418 1 3.006798215e-05 5.372008309e-05
57 0.127970 -0.009620 -0.041567 0.284879 -0.020784 -0.093840 0.000000 0.000000 0.000000 0.563429 1 7.300591096e-05 1.329719089e-04
57 0.127693 -0.009578 -0.041521 0.284879 -0.020784 -0.093840 0.000000 0.000000 0.000000 0.563465 1 6.284797564e-05 1.025840174e-04
57 0.127436 -0.009539 -0.041478 0.284879 -0.020784 -0.093840 0.000000 0.000000 0.000000 0.563489 1 5.883397534e-05 9.864708409e-05
57 0.127199 -0.009503 -0.041438 0.284879 -0.020784 -0.093840 0.000000 0.000000 0.000000 0.563534 1 7.349997759e-05 1.334608532e-04
57 0.126978 -0.009470 -0.041401 0.284879 -0.020784 -0.093840 0.000000 0.000000 0.000000 0.563636 1 5.555897951e-05 1.013129950e-04
58 0.126440 -0.009606 -0.041602 0.318112 -0.029669 -0.116441 0.000000 0.000000 0.000000 0.622714 1 5.696993321e-05 9.896885604e-05
58 0.125940 -0.009728 -0.041779 0.318112 -0.029669 -0.116441 0.000000 0.000000 0.000000 0.623273 1 6.208894774e-05 1.060019713e-04
58 0.125458 -0.009838 -0.041935 0.318112 -0.029669 -0.116441 0.000000 0.000000 0.000000 0.624232 1 5.715806037e-05 9.734998457e-05
58 0.124989 -0.009937 -0.042070 0.318112 -0.029669 -0.116441 0.000000 0.000000 0.000000 0.625286 1 5.802209489e-05 9.866897017e-05
58 0.124528 -0.010027 -0.042184 0.318112 -0.029669 -0.116441 0.000000 0.000000 0.000000 0.626447 1 5.867797881e-05 1.045160461e-04
58 0.124072 -0.010106 -0.042278 0.318112 -0.029669 -0.116441 0.000000 0.000000 0.000000 0.627818 1 1.358403824e-05 2.375990152e-05
58 0.123614 -0.010176 -0.042352 0.318112 -0.029669 -0.116441 0.000000 0.000000 0.000000 0.629424 1 1.436495222e-05 2.425303683e-05
58 0.123150 -0.010237 -0.042404 0.318112 -0.029669 -0.116441 0.000000 0.000000 0.000000 0.631218 1 6.016506813e-05 9.991298430e-05
58 0.122675 -0.010289 -0.042436 0.318112 -0.029669 -0.116441 0.000000 0.000000 0.000000 0.633107 1 5.685002543e-05 9.641796350e-05
58 0.122191 -0.010332 -0.042449 0.318112 -0.029669 -0.116441 0.000000 0.000000 0.000000 0.634970 1 5.490798503e-05 9.393412620e-05
58 0.121701 -0.010368 -0.042444 0.318112 -0.029669 -0.116441 0.000000 0.000000 0.000000 0.636695 1 5.769287236e-05 9.749806486e-05
58 0.121208 -0.010398 -0.042426 0.318112 -0.029669 -0.116441 0.000000 0.000000 0.000000 0.638266 1 5.867099389e-05 9.822007269e-05
58 0.120715 -0.010422 -0.042395 0.318112 -0.029669 -0.116441 0.000000 0.000000 0.000000 0.639804 1 5.759112537e-05 9.732204489e-05
58 0.120222 -0.010440 -0.042352 0.318112 -0.029669 -0.116441 0.000000 0.000000 0.000000 0.641464 1 5.830009468e-05 9.769783355e-05
58 0.119722 -0.010453 -0.042296 0.318112 -0.029669 -0.116441 0.000000 0.000000 0.000000 0.643360 1 5.363416858e-05 9.065191261e-05
58 0.119211 -0.010460 -0.042226 0.318112 -0.029669 -0.116441 0.000000 0.000000 0.000000 0.645524 1 5.449401215e-05 9.414204396e-05
58 0.118683 -0.010461 -0.042141 0.318112 -0.029669 -0.116441 0.000000 0.000000 0.000000 0.647901 1 5.565397441e-05 9.710621089e-05
58 0.118136 -0.010457 -0.042041 0.318112 -0.029669 -0.116441 0.000000 0.000000 0.000000 0.650373 1 5.673011765e-05 9.777396917e-05
58 0.117571 -0.010447 -0.041927 0.318112 -0.029669 -0.116441 0.000000 0.000000 0.000000 0.652805 1 6.446498446e-05 1.889478881e-04
58 0.116992 -0.010433 -0.041800 0.318112 -0.029669 -0.116441 0.000000 0.000000 0.000000 0.655061 1 5.647004582e-05 9.570200928e-05
59 0.116635 -0.010317 -0.041772 0.357126 -0.029591 -0.131465 0.000000 0.000000 0.000000 0.688329 1 5.752686411e-05 9.750202298e-05
59 0.116204 -0.010232 -0.041703 0.357126 -0.029591 -0.131465 0.000000 0.000000 0.000000 0.689665 1 5.661090836e-05 9.624008089e-05
59 0.115772 -0.010149 -0.041626 0.357126 -0.029591 -0.131465 0.000000 0.000000 0.000000 0.690872 1 5.512498319e-05 9.295810014e-05
59 0.115341 -0.010071 -0.041544 0.357126 -0.029591 -0.131465 0.000000 0.000000 0.000000 0.692084 1 5.606096238e-05 9.570317343e-05
59 0.114909 -0.009996 -0.041455 0.357126 -0.029591 -0.131465 0.000000 0.000000 0.000000 0.693266 1 5.205697380e-05 8.883606642e-05
59 0.114480 -0.009924 -0.041362 0.357126 -0.029591 -0.131465 0.000000 0.000000 0.000000 0.694334 1 6.548897363e-05 1.057090703e-04
59 0.114057 -0.009855 -0.041267 0.357126 -0.029591 -0.131465 0.000000 0.000000 0.000000 0.695200 1 5.495618097e-05 9.668502025e-05
59 0.113647 -0.009790 -0.041171 0.357126 -0.029591 -0.131465 0.000000 0.000000 0.000000 0.695813 1 5.936995149e-05 1.007679384e-04
59 0.113255 -0.009729 -0.041078 0.357126 -0.029591 -0.131465 0.000000 0.000000 0.000000 0.696183 1 5.818600766e-05 9.771017358e-05
59 0.112887 -0.009672 -0.040989 0.357126 -0.029591 -0.131465 0.000000 0.000000 0.000000 0.696365 1 2.041901462e-05 3.447104245e-05
59 0.112543 -0.009619 -0.040907 0.357126 -0.029591 -0.131465 0.000000 0.000000 0.000000 0.696439 1 5.781394430e-05 9.742891416e-05
59 0.112225 -0.009570 -0.040830 0.357126 -0.029591 -0.131465 0.000000 0.000000 0.000000 0.696443 1 5.695805885e-05 9.618490003e-05
59 0.111933 -0.009525 -0.040759 0.357126 -0.029591 -0.131465 0.000000 0.000000 0.000000 0.696354 1 5.788705312e-05 9.866105393e-05
59 0.111667 -0.009484 -0.040695 0.357126 -0.029591 -0.131465 0.000000 0.000000 0.000000 0.696182 1 5.862000398e-05 9.881891310e-05
59 0.111427 -0.009446 -0.040639 0.357126 -0.029591 -0.131465 0.000000 0.000000 0.000000 0.695958 1 7.335515693e-05 1.333199907e-04
59 0.111212 -0.009412 -0.040589 0.357126 -0.029591 -0.131465 0.000000 0.000000 0.000000 0.695704 1 8.023786359e-05 1.440169290e-04
59 0.111021 -0.009381 -0.040545 0.357126 -0.029591 -0.131465 0.000000 0.000000 0.000000 0.695440 1 7.329694927e-05 1.331300009e-04
59 0.110852 -0.009353 -0.040508 0.357126 -0.029591 -0.131465 0.000000 0.000000 0.000000 0.695142 1 4.703202285e-05 8.051283658e-05
59 0.110704 -0.009328 -0.040477 0.357126 -0.029591 -0.131465 0.000000 0.000000 0.000000 0.694841 1 5.334103480e-05 9.064096957e-05
59 0.110576 -0.009305 -0.040451 0.357126 -0.029591 -0.131465 0.000000 0.000000 0.000000 0.694576 1 1.361290924e-05 2.376292832e-05
60 0.110193 -0.009400 -0.040586 0.402702 -0.040299 -0.161143 0.000000 0.000000 0.000000 0.737970 1 1.396192238e-05 2.364790998e-05
60 0.109831 -0.009489 -0.040711 0.402702 -0.040299 -0.161143 0.000000 0.000000 0.000000 0.738145 1 5.935388617e-05 9.877397679e-05
60 0.109486 -0.009570 -0.040822 0.402702 -0.040299 -0.161143 0.000000 0.000000 0.000000 0.738681 1 5.857087672e-05 9.886804037e-05
60 0.109148 -0.009643 -0.040917 0.402702 -0.040299 -0.161143 0.000000 0.000000 0.000000 0.739291 1 5.869986489e-05 9.961519390e-05
60 0.108817 -0.009708 -0.040996 0.402702 -0.040299 -0.161143 0.000000 0.000000 0.000000 0.739985 1 5.867099389e-05 9.850086644e-05
60 0.108487 -0.009766 -0.041060 0.402702 -0.040299 -0.161143 0.000000 0.000000 0.000000 0.740840 1 5.603907630e-05 9.587989189e-05
60 0.108152 -0.009816 -0.041107 0.402702 -0.040299 -0.161143 0.000000 0.000000 0.000000 0.741873 1 3.815093078e-05 6.876606494e-05
60 0.107809 -0.009860 -0.041137 0.402702 -0.040299 -0.161143 0.000000 0.000000 0.000000 0.743048 1 2.396712080e-05 4.307087511e-05
60 0.107455 -0.009895 -0.041149 0.402702 -0.040299 -0.161143 0.000000 0.000000 0.000000 0.744307 1 2.341205254e-05 6.800796837e-05
60 0.107088 -0.009925 -0.041144 0.402702 -0.040299 -0.161143 0.000000 0.000000 0.000000 0.745559 1 5.494803190e-05 9.359116666e-05
60 0.106712 -0.009948 -0.041125 0.402702 -0.040299 -0.161143 0.000000 0.000000 0.000000 0.746725 1 1.415191218e-05 2.388190478e-05
60 0.106331 -0.009966 -0.041094 0.402702 -0.040299 -0.161143 0.000000 0.000000 0.000000 0.747791 1 5.825492553e-05 9.801308624e-05
60 0.105946 -0.009979 -0.041052 0.402702 -0.040299 -0.161143 0.000000 0.000000 0.000000 0.748845 1 2.638110891e-05 4.514283501e-05
60 0.105557 -0.009988 -0.040999 0.402702 -0.040299 -0.161143 0.000000 0.000000 0.000000 0.750000 1 1.889117993e-05 3.281305544e-05
60 0.105159 -0.009993 -0.040935 0.402702 -0.040299 -0.161143 0.000000 0.000000 0.000000 0.751338 1 1.372909173e-05 2.381391823e-05
60 0.104747 -0.009992 -0.040858 0.402702 -0.040299 -0.161143 0.000000 0.000000 0.000000 0.752883 1 1.393514685e-05 2.362090163e-05
60 0.104316 -0.009987 -0.040767 0.402702 -0.040299 -0.161143 0.000000 0.000000 0.000000 0.754592 1 1.758290455e-05 2.990802750e-05
60 0.103863 -0.009976 -0.040661 0.402702 -0.040299 -0.161143 0.000000 0.000000 0.000000 0.756379 1 1.756590791e-05 3.314809874e-05
60 0.103390 -0.009961 -0.040541 0.402702 -0.040299 -0.161143 0.000000 0.000000 0.000000 0.758143 1 3.870390356e-05 6.632809527e-05
60 0.102900 -0.009942 -0.040409 0.402702 -0.040299 -0.161143 0.000000 0.000000 0.000000 0.759784 1 5.785212852e-05 9.731599130e-05
61 0.102544 -0.009867 -0.040343 0.453727 -0.042244 -0.182445 0.000000 0.000000 0.000000 0.784824 1 4.765996709e-05 8.035288192e-05
61 0.102148 -0.009806 -0.040253 0.453727 -0.042244 -0.182445 0.000000 0.000000 0.000000 0.785706 1 6.162701175e-05 1.017618924e-04
61 0.101755 -0.009747 -0.040158 0.453727 -0.042244 -0.182445 0.000000 0.000000 0.000000 0.786490 1 4.885415547e-05 8.353288285e-05
61 0.101365 -0.009689 -0.040059 0.453727 -0.042244 -0.182445 0.000000 0.000000 0.000000 0.787257 1 5.878205411e-05 9.749690071e-05
61 0.100979 -0.009634 -0.039958 0.453727 -0.042244 -0.182445 0.000000 0.000000 0.000000 0.787979 1 5.844794214e-05 9.846803732e-05
61 0.100599 -0.009581 -0.039855 0.453727 -0.042244 -0.182445 0.000000 0.000000 0.000000 0.788593 1 5.753501318e-05 9.865313768e-05
61 0.100230 -0.009530 -0.039752 0.453727 -0.042244 -0.182445 0.000000 0.000000 0.000000 0.789035 1 5.850195885e-05 9.933998808e-05
61 0.099878 -0.009482 -0.039653 0.453727 -0.042244 -0.182445 0.000000 0.000000 0.000000 0.789275 1 5.636992864e-05 9.703100659e-05
61 0.099549 -0.009437 -0.039560 0.453727 -0.042244 -0.182445 0.000000 0.000000 0.000000 0.789332 1 5.831709132e-05 9.864894673e-05
61 0.099245 -0.009396 -0.039474 0.453727 -0.042244 -0.182445 0.000000 0.000000 0.000000 0.789260 1 7.027317770e-05 1.224030275e-04
61 0.098969 -0.009358 -0.039396 0.453727 -0.042244 -0.182445 0.000000 0.000000 0.000000 0.789118 1 6.120698527e-05 1.015479211e-04
61 0.098720 -0.009324 -0.039326 0.453727 -0.042244 -0.182445 0.000000 0.000000 0.000000 0.788937 1 5.869590677e-05 9.919982404e-05
61 0.098497 -0.009293 -0.039265 0.453727 -0.042244 -0.182445 0.000000 0.000000 0.000000 0.788695 1 1.426297240e-05 2.401694655e-05
61 0.098301 -0.009265 -0.039213 0.453727 -0.042244 -0.182445 0.000000 0.000000 0.000000 0.788388 1 5.843909457e-05 9.858096018e-05
61 0.098132 -0.009241 -0.039169 0.453727 -0.042244 -0.182445 0.000000 0.000000 0.000000 0.788035 1 5.034613423e-05 8.622999303e-05
61 0.097989 -0.009220 -0.039134 0.453727 -0.042244 -0.182445 0.000000 0.000000 0.000000 0.787639 1 5.826121196e-05 1.018550247e-04
61 0.097872 -0.009201 -0.039107 0.453727 -0.042244 -0.182445 0.000000 0.000000 0.000000 0.787212 1 5.882489495e-05 1.002310310e-04
61 0.097779 -0.009186 -0.039089 0.453727 -0.042244 -0.182445 0.000000 0.000000 0.000000 0.786739 1 5.476293154e-05 9.531900287e-05
61 0.097710 -0.009173 -0.039079 0.453727 -0.042244 -0.182445 0.000000 0.000000 0.000000 0.786244 1 5.917507224e-05 1.001809724e-04
61 0.097664 -0.009163 -0.039076 0.453727 -0.042244 -0.182445 0.000000 0.000000 0.000000 0.785765 1 5.795084871e-05 9.882310405e-05
62 0.097384 -0.009247 -0.039186 0.510197 -0.055654 -0.219821 0.000000 0.000000 0.000000 0.815778 1 4.844320938e-05 8.869892918e-05
62 0.097126 -0.009324 -0.039288 0.510197 -0.055654 -0.219821 0.000000 0.000000 0.000000 0.815716 1 5.965819582e-05 1.094490290e-04
62 0.096882 -0.009395 -0.039379 0.510197 -0.055654 -0.219821 0.000000 0.000000 0.000000 0.815967 1 4.591001198e-05 8.016987704e-05
62 0.096645 -0.009460 -0.039459 0.510197 -0.055654 -0.219821 0.000000 0.000000 0.000000 0.816291 1 5.851802416e-05 9.927200153e-05
62 0.096413 -0.009518 -0.039527 0.510197 -0.055654 -0.219821 0.000000 0.000000 0.000000 0.816687 1 4.622107372e-05 7.838685997e-05
62 0.096180 -0.009569 -0.039581 0.510197 -0.055654 -0.219821 0.000000 0.000000 0.000000 0.817213 1 4.617683589e-05 7.902598009e-05
62 0.095941 -0.009614 -0.039621 0.510197 -0.055654 -0.219821 0.000000 0.000000 0.000000 0.817878 1 1.782411709e-05 3.398512490e-05
62 0.095692 -0.009652 -0.039646 0.510197 -0.055654 -0.219821 0.000000 0.000000 0.000000 0.818659 1 1.433491707e-05 2.463604324e-05
62 0.095430 -0.009684 -0.039654 0.510197 -0.055654 -0.219821 0.000000 0.000000 0.000000 0.819512 1 5.636084825e-05 9.665894322e-05
62 0.095153 -0.009710 -0.039648 0.510197 -0.055654 -0.219821 0.000000 0.000000 0.000000 0.820374 1 5.050678737e-05 8.600600995e-05
62 0.094866 -0.009730 -0.039628 0.510197 -0.055654 -0.219821 0.000000 0.000000 0.000000 0.821183 1 5.464185961e-05 9.243004024e-05
62 0.094570 -0.009745 -0.039596 0.510197 -0.055654 -0.219821 0.000000 0.000000 0.000000 0.821930 1 3.923499025e-05 6.724195555e-05
62 0.094268 -0.009756 -0.039554 0.510197 -0.055654 -0.219821 0.000000 0.000000 0.000000 0.822675 1 2.324208617e-05 4.224502482e-05
62 0.093958 -0.009763 -0.039502 0.510197 -0.055654 -0.219821 0.000000 0.000000 0.000000 0.823502 1 7.332605310e-05 1.335260458e-04
62 0.093637 -0.009765 -0.039439 0.510197 -0.055654 -0.219821 0.000000 0.000000 0.000000 0.824469 1 3.528688103e-05 5.968892947e-05
62 0.093299 -0.009763 -0.039363 0.510197 -0.055654 -0.219821 0.000000 0.000000 0.000000 0.825597 1 5.839299411e-05 9.676208720e-05
62 0.092940 -0.009756 -0.039273 0.510197 -0.055654 -0.219821 0.000000 0.000000 0.000000 0.826853 1 5.914201029e-05 9.818305261e-05
62 0.092557 -0.009743 -0.039167 0.510197 -0.055654 -0.219821 0.000000 0.000000 0.000000 0.828174 1 5.809194408e-05 9.759003296e-05
62 0.092152 -0.009726 -0.039047 0.510197 -0.055654 -0.219821 0.000000 0.000000 0.000000 0.829489 1 5.871406756e-05 1.003697980e-04
62 0.091729 -0.009705 -0.038915 0.510197 -0.055654 -0.219821 0.000000 0.000000 0.000000 0.830719 1 5.457899533e-05 9.401096031e-05
63 0.091390 -0.009660 -0.038853 0.571443 -0.060254 -0.248653 0.000000 0.000000 0.000000 0.848438 1 5.146116018e-05 8.548609912e-05
63 0.091006 -0.009618 -0.038756 0.571443 -0.060254 -0.248653 0.000000 0.000000 0.000000 0.849085 1 3.900402226e-05 6.602401845e-05
63 0.090627 -0.009576 -0.038656 0.571443 -0.060254 -0.248653 0.000000 0.000000 0.000000 0.849603 1 2.172705717e-05 3.646803088e-05
63 0.090255 -0.009535 -0.038554 0.571443 -0.060254 -0.248653 0.000000 0.000000 0.000000 0.850086 1 6.721098907e-05 1.182961278e-04
63 0.089891 -0.009495 -0.038451 0.571443 -0.060254 -0.248653 0.000000 0.000000 0.000000 0.850518 1 5.327397957e-05 9.082606994e-05
63 0.089539 -0.009457 -0.038349 0.571443 -0.060254 -0.248653 0.000000 0.000000 0.000000 0.850853 1 5.767797120e-05 9.814393707e-05
63 0.089202 -0.009420 -0.038249 0.571443 -0.060254 -0.248653 0.000000 0.000000 0.000000 0.851043 1 4.843785428e-05 8.330191486e-05
63 0.088887 -0.009386 -0.038156 0.571443 -0.060254 -0.248653 0.000000 0.000000 0.000000 0.851073 1 5.800509825e-05 1.003439538e-04
63 0.088598 -0.009354 -0.038070 0.571443 -0.060254 -0.248653 0.000000 0.000000 0.000000 0.850965 1 5.608587526e-05 9.685009718e-05
63 0.088339 -0.009326 -0.037994 0.571443 -0.060254 -0.248653 0.000000 0.000000 0.000000 0.850764 1 5.516782403e-05 9.736116044e-05
63 0.088110 -0.009301 -0.037929 0.571443 -0.060254 -0.248653 0.000000 0.000000 0.000000 0.850516 1 5.893292837e-05 1.099570654e-04
63 0.087910 -0.009279 -0.037873 0.571443 -0.060254 -0.248653 0.000000 0.000000 0.000000 0.850249 1 5.801906809e-05 9.831413627e-05
63 0.087737 -0.009260 -0.037827 0.571443 -0.060254 -0.248653 0.000000 0.000000 0.000000 0.849943 1 5.772314034e-05 9.685079567e-05
63 0.087593 -0.009244 -0.037791 0.571443 -0.060254 -0.248653 0.000000 0.000000 0.000000 0.849591 1 5.157105625e-05 8.825096302e-05
63 0.087476 -0.009231 -0.037765 0.571443 -0.060254 -0.248653 0.000000 0.000000 0.000000 0.849198 1 1.339102164e-05 2.306210808e-05
63 0.087387 -0.009221 -0.037749 0.571443 -0.060254 -0.248653 0.000000 0.000000 0.000000 0.848760 1 6.117299199e-05 1.048659906e-04
63 0.087324 -0.009214 -0.037743 0.571443 -0.060254 -0.248653 0.000000 0.000000 0.000000 0.848279 1 5.883909762e-05 9.905383922e-05
63 0.087289 -0.009210 -0.037748 0.571443 -0.060254 -0.248653 0.000000 0.000000 0.000000 0.847748 1 5.907611921e-05 1.001800410e-04
63 0.087281 -0.009209 -0.037762 0.571443 -0.060254 -0.248653 0.000000 0.000000 0.000000 0.847181 1 5.403207615e-05 9.127799422e-05
63 0.087298 -0.009210 -0.037786 0.571443 -0.060254 -0.248653 0.000000 0.000000 0.000000 0.846614 1 5.709100515e-05 9.764800780e-05
64 0.087027 -0.009321 -0.038753 0.637370 -0.081530 -0.386572 0.000000 0.000000 0.000000 0.868548 1 8.658994921e-05 1.364341006e-04
64 0.086780 -0.009429 -0.039682 0.637370 -0.081530 -0.386572 0.000000 0.000000 0.000000 0.868504 1 5.285697989e-05 9.019998834e-05
64 0.086547 -0.009528 -0.040536 0.637370 -0.081530 -0.386572 0.000000 0.000000 0.000000 0.868707 1 5.593779497e-05 9.653903544e-05
64 0.086319 -0.009617 -0.041318 0.637370 -0.081530 -0.386572 0.000000 0.000000 0.000000 0.868966 1 4.754681140e-05 8.345092647e-05
64 0.086096 -0.009698 -0.042030 0.637370 -0.081530 -0.386572 0.000000 0.000000 0.000000 0.869285 1 5.983118899e-05 1.002058852e-04
64 0.085871 -0.009770 -0.042677 0.637370 -0.081530 -0.386572 0.000000 0.000000 0.000000 0.869703 1 4.771281965e-05 8.203089237e-05
64 0.085640 -0.009834 -0.043260 0.637370 -0.081530 -0.386572 0.000000 0.000000 0.000000 0.870223 1 5.820696242e-05 9.823380969e-05
64 0.085399 -0.009890 -0.043782 0.637370 -0.081530 -0.386572 0.000000 0.000000 0.000000 0.870828 1 5.922000855e-05 1.007709652e-04
64 0.085145 -0.009937 -0.044244 0.637370 -0.081530 -0.386572 0.000000 0.000000 0.000000 0.871486 1 5.705398507e-05 9.902310558e-05
64 0.084878 -0.009976 -0.044651 0.637370 -0.081530 -0.386572 0.000000 0.000000 0.000000 0.872150 1 5.832803436e-05 9.739701636e-05
64 0.084600 -0.010008 -0.045007 0.637370 -0.081530 -0.386572 0.000000 0.000000 0.000000 0.872775 1 5.683698691e-05 9.688688442e-05
64 0.084315 -0.010034 -0.045318 0.637370 -0.081530 -0.386572 0.000000 0.000000 0.000000 0.873354 1 5.570310168e-05 9.784102440e-05
64 0.084022 -0.010054 -0.045589 0.637370 -0.081530 -0.386572 0.000000 0.000000 0.000000 0.873935 1 5.994411185e-05 1.028580591e-04
64 0.083723 -0.010069 -0.045820 0.637370 -0.081530 -0.386572 0.000000 0.000000 0.000000 0.874579 1 5.413498729e-05 9.436090477e-05
64 0.083412 -0.010079 -0.046013 0.637370 -0.081530 -0.386572 0.000000 0.000000 0.000000 0.875328 1 5.836598575e-05 9.863288142e-05
64 0.083085 -0.010083 -0.046166 0.637370 -0.081530 -0.386572 0.000000 0.000000 0.000000 0.876198 1 4.821503535e-05 8.249306120e-05
64 0.082738 -0.010080 -0.046281 0.637370 -0.081530 -0.386572 0.000000 0.000000 0.000000 0.877166 1 5.442486145e-05 9.564706124e-05
64 0.082368 -0.010071 -0.046356 0.637370 -0.081530 -0.386572 0.000000 0.000000 0.000000 0.878186 1 6.615999155e-05 1.163058914e-04
64 0.081977 -0.010057 -0.046396 0.637370 -0.081530 -0.386572 0.000000 0.000000 0.000000 0.879204 1 5.466281436e-05 9.582610801e-05
64 0.081567 -0.010038 -0.046403 0.637370 -0.081530 -0.386572 0.000000 0.000000 0.000000 0.880160 1 5.649216473e-05 9.785313159e-05
65 0.081049 -0.010037 -0.046205 0.707774 -0.094251 -0.416614 0.000000 0.000000 0.000000 0.894347 1 3.875209950e-05 6.691506132e-05
65 0.080552 -0.010029 -0.046028 0.707774 -0.094251 -0.416614 0.000000 0.000000 0.000000 0.894811 1 5.487282760e-05 9.312294424e-05
65 0.080072 -0.010018 -0.045853 0.707774 -0.094251 -0.416614 0.000000 0.000000 0.000000 0.895152 1 3.840401769e-05 6.514904089e-05
65 0.079612 -0.010007 -0.045680 0.707774 -0.094251 -0.416614 0.000000 0.000000 0.000000 0.895448 1 5.804584362e-05 9.873113595e-05
65 0.079173 -0.009994 -0.045512 0.707774 -0.094251 -0.416614 0.000000 0.000000 0.000000 0.895693 1 5.917903036e-05 9.989994578e-05
65 0.078756 -0.009981 -0.045351 0.707774 -0.094251 -0.416614 0.000000 0.000000 0.000000 0.895857 1 5.767098628e-05 9.753298946e-05
65 0.078366 -0.009968 -0.045199 0.707774 -0.094251 -0.416614 0.000000 0.000000 0.000000 0.895907 1 5.519296974e-05 9.518396109e-05
65 0.078007 -0.009956 -0.045059 0.707774 -0.094251 -0.416614 0.000000 0.000000 0.000000 0.895839 1 4.849489778e-05 8.188304491e-05
65 0.077682 -0.009946 -0.044934 0.707774 -0.094251 -0.416614 0.000000 0.000000 0.000000 0.895671 1 5.730893463e-05 9.733787738e-05
65 0.077394 -0.009938 -0.044825 0.707774 -0.094251 -0.416614 0.000000 0.000000 0.000000 0.895438 1 6.101001054e-05 1.043849625e-04
65 0.077141 -0.009933 -0.044732 0.707774 -0.094251 -0.416614 0.000000 0.000000 0.000000 0.895176 1 5.517783575e-05 9.420583956e-05
65 0.076923 -0.009930 -0.044656 0.707774 -0.094251 -0.416614 0.000000 0.000000 0.000000 0.894906 1 7.632793859e-05 1.376650762e-04
65 0.076736 -0.009929 -0.044594 0.707774 -0.094251 -0.416614 0.000000 0.000000 0.000000 0.894614 1 1.081610098e-04 1.712308731e-04
65 0.076581 -0.009931 -0.044547 0.707774 -0.094251 -0.416614 0.000000 0.000000 0.000000 0.894290 1 5.827005953e-05 9.861681610e-05
65 0.076456 -0.009935 -0.044514 0.707774 -0.094251 -0.416614 0.000000 0.000000 0.000000 0.893935 1 5.426909775e-05 9.536813013e-05
65 0.076361 -0.009941 -0.044496 0.707774 -0.094251 -0.416614 0.000000 0.000000 0.000000 0.893540 1 2.032495104e-05 3.553717397e-05
65 0.076296 -0.009950 -0.044492 0.707774 -0.094251 -0.416614 0.000000 0.000000 0.000000 0.893104 1 1.515494660e-05 2.515804954e-05
65 0.076262 -0.009961 -0.044504 0.707774 -0.094251 -0.416614 0.000000 0.000000 0.000000 0.892614 1 1.363712363e-05 2.328096889e-05
65 0.076258 -0.009976 -0.044532 0.707774 -0.094251 -0.416614 0.000000 0.000000 0.000000 0.892087 1 1.503201202e-05 2.551591024e-05
65 0.076284 -0.009993 -0.044574 0.707774 -0.094251 -0.416614 0.000000 0.000000 0.000000 0.891549 1 1.604505815e-05 2.782815136e-05
66 0.076014 -0.010077 -0.044368 0.782317 -0.119827 -0.449971 0.000000 0.000000 0.000000 0.906693 1 3.593112342e-05 6.115087308e-05
66 0.075790 -0.010164 -0.044190 0.782317 -0.119827 -0.449971 0.000000 0.000000 0.000000 0.906459 1 6.003305316e-05 1.001809724e-04
66 0.075591 -0.010244 -0.044029 0.782317 -0.119827 -0.449971 0.000000 0.000000 0.000000 0.906441 1 5.776388571e-05 9.811786003e-05
66 0.075405 -0.010318 -0.043880 0.782317 -0.119827 -0.449971 0.000000 0.000000 0.000000 0.906486 1 5.382602103e-05 9.057414718e-05
66 0.075229 -0.010386 -0.043740 0.782317 -0.119827 -0.449971 0.000000 0.000000 0.000000 0.906584 1 4.111812450e-05 6.869109347e-05
66 0.075059 -0.010447 -0.043605 0.782317 -0.119827 -0.449971 0.000000 0.000000 0.000000 0.906764 1 5.915109068e-05 9.916699491e-05
66 0.074887 -0.010502 -0.043474 0.782317 -0.119827 -0.449971 0.000000 0.000000 0.000000 0.907023 1 5.837413482e-05 9.877304547e-05
66 0.074711 -0.010549 -0.043342 0.782317 -0.119827 -0.449971 0.000000 0.000000 0.000000 0.907350 1 5.475385115e-05 9.504402988e-05
66 0.074528 -0.010590 -0.043208 0.782317 -0.119827 -0.449971 0.000000 0.000000 0.000000 0.907728 1 5.524698645e-05 9.429291822e-05
66 0.074334 -0.010624 -0.043070 0.782317 -0.119827 -0.449971 0.000000 0.000000 0.000000 0.908123 1 5.422392860e-05 9.116693400e-05
66 0.074133 -0.010651 -0.042930 0.782317 -0.119827 -0.449971 0.000000 0.000000 0.000000 0.908500 1 5.579111166e-05 9.526591748e-05
66 0.073925 -0.010674 -0.042788 0.782317 -0.119827 -0.449971 0.000000 0.000000 0.000000 0.908854 1 6.711180322e-05 1.168099698e-04
66 0.073711 -0.010691 -0.042645 0.782317 -0.119827 -0.449971 0.000000 0.000000 0.000000 0.909216 1 6.078300066e-05 9.782006964e-05
66 0.073491 -0.010703 -0.042499 0.782317 -0.119827 -0.449971 0.000000 0.000000 0.000000 0.909628 1 4.925508983e-05 8.406885900e-05
66 0.073260 -0.010710 -0.042349 0.782317 -0.119827 -0.449971 0.000000 0.000000 0.000000 0.910123 1 3.595091403e-05 6.091780961e-05
66 0.073014 -0.010712 -0.042191 0.782317 -0.119827 -0.449971 0.000000 0.000000 0.000000 0.910714 1 5.416013300e-05 1.001218334e-04
66 0.072749 -0.010708 -0.042023 0.782317 -0.119827 -0.449971 0.000000 0.000000 0.000000 0.911387 1 4.450208507e-05 7.530488074e-05
66 0.072461 -0.010697 -0.041844 0.782317 -0.119827 -0.449971 0.000000 0.000000 0.000000 0.912110 1 5.800486542e-05 9.736814536e-05
66 0.072152 -0.010681 -0.041653 0.782317 -0.119827 -0.449971 0.000000 0.000000 0.000000 0.912846 1 7.302802987e-05 1.136970241e-04
66 0.071823 -0.010659 -0.041452 0.782317 -0.119827 -0.449971 0.000000 0.000000 0.000000 0.913545 1 1.625390723e-05 2.603419125e-05
67 0.071411 -0.010642 -0.040941 0.862090 -0.134748 -0.459810 0.000000 0.000000 0.000000 0.922932 1 5.866005085e-05 9.858701378e-05
67 0.071017 -0.010620 -0.040512 0.862090 -0.134748 -0.459810 0.000000 0.000000 0.000000 0.923229 1 4.767905921e-05 8.003204130e-05
67 0.070638 -0.010598 -0.040107 0.862090 -0.134748 -0.459810 0.000000 0.000000 0.000000 0.923430 1 5.632918328e-05 9.628501721e-05
67 0.070276 -0.010575 -0.039727 0.862090 -0.134748 -0.459810 0.000000 0.000000 0.000000 0.923589 1 9.199301712e-05 1.651109196e-04
67 0.069933 -0.010553 -0.039371 0.862090 -0.134748 -0.459810 0.000000 0.000000 0.000000 0.923703 1 5.159014836e-05 8.663907647e-05
67 0.069611 -0.010532 -0.039040 0.862090 -0.134748 -0.459810 0.000000 0.000000 0.000000 0.923754 1 6.205099635e-05 1.043779776e-04
67 0.069313 -0.010512 -0.038735 0.862090 -0.134748 -0.459810 0.000000 0.000000 0.000000 0.923717 1 5.581812002e-05 9.572901763e-05
67 0.069044 -0.010495 -0.038456 0.862090 -0.134748 -0.459810 0.000000 0.000000 0.000000 0.923594 1 5.644885823e-05 9.633391164e-05
67 0.068807 -0.010481 -0.038204 0.862090 -0.134748 -0.459810 0.000000 0.000000 0.000000 0.923400 1 6.509502418e-05 1.159308013e-04
67 0.068603 -0.010470 -0.037979 0.862090 -0.134748 -0.459810 0.000000 0.000000 0.000000 0.923161 1 5.863001570e-05 9.818607941e-05
67 0.068431 -0.010462 -0.037780 0.862090 -0.134748 -0.459810 0.000000 0.000000 0.000000 0.922904 1 5.599088036e-05 9.689922445e-05
67 0.068289 -0.010458 -0.037606 0.862090 -0.134748 -0.459810 0.000000 0.000000 0.000000 0.922642 1 5.117617548e-05 8.875597268e-05
67 0.068176 -0.010457 -0.037455 0.862090 -0.134748 -0.459810 0.000000 0.000000 0.000000 0.922368 1 5.731917918e-05 9.864801541e-05
67 0.068091 -0.010459 -0.037326 0.862090 -0.134748 -0.459810 0.000000 0.000000 0.000000 0.922075 1 4.842900671e-05 8.695689030e-05
67 0.068032 -0.010464 -0.037217 0.862090 -0.134748 -0.459810 0.000000 0.000000 0.000000 0.921760 1 5.612103269e-05 1.017181203e-04
67 0.068000 -0.010472 -0.037128 0.862090 -0.134748 -0.459810 0.000000 0.000000 0.000000 0.921411 1 5.627586506e-05 9.667291306e-05
67 0.067995 -0.010483 -0.037059 0.862090 -0.134748 -0.459810 0.000000 0.000000 0.000000 0.921024 1 5.456409417e-05 9.266799316e-05
67 0.068018 -0.010498 -0.037010 0.862090 -0.134748 -0.459810 0.000000 0.000000 0.000000 0.920589 1 5.865702406e-05 9.894999675e-05
67 0.068069 -0.010516 -0.036982 0.862090 -0.134748 -0.459810 0.000000 0.000000 0.000000 0.920116 1 5.354778841e-05 9.106099606e-05
67 0.068148 -0.010538 -0.036972 0.862090 -0.134748 -0.459810 0.000000 0.000000 0.000000 0.919626 1 5.725095980e-05 9.718514048e-05
68 0.068008 -0.010611 -0.036680 0.945523 -0.162815 -0.474945 0.000000 0.000000 0.000000 0.929625 1 5.829799920e-05 9.791692719e-05
68 0.067906 -0.010679 -0.036435 0.945523 -0.162815 -0.474945 0.000000 0.000000 0.000000 0.929385 1 5.706585944e-05 9.811599739e-05
68 0.067821 -0.010742 -0.036213 0.945523 -0.162815 -0.474945 0.000000 0.000000 0.000000 0.929347 1 5.836109631e-05 9.964406490e-05
68 0.067743 -0.010800 -0.036009 0.945523 -0.162815 -0.474945 0.000000 0.000000 0.000000 0.929352 1 5.558785051e-05 9.597907774e-05
68 0.067669 -0.010854 -0.035820 0.945523 -0.162815 -0.474945 0.000000 0.000000 0.000000 0.929397 1 5.727680400e-05 9.783101268e-05
68 0.067595 -0.010903 -0.035642 0.945523 -0.162815 -0.474945 0.000000 0.000000 0.000000 0.929499 1 6.710994057e-05 1.173818018e-04
68 0.067517 -0.010946 -0.035473 0.945523 -0.162815 -0.474945 0.000000 0.000000 0.000000 0.929662 1 5.816086195e-05 9.893206879e-05
68 0.067431 -0.010983 -0.035310 0.945523 -0.162815 -0.474945 0.000000 0.000000 0.000000 0.929878 1 5.572987720e-05 1.044520177e-04
68 0.067334 -0.011015 -0.035150 0.945523 -0.162815 -0.474945 0.000000 0.000000 0.000000 0.930134 1 5.709403194e-05 9.736698121e-05
68 0.067225 -0.011041 -0.034994 0.945523 -0.162815 -0.474945 0.000000 0.000000 0.000000 0.930405 1 6.691599265e-05 1.073440071e-04
68 0.067105 -0.011061 -0.034839 0.945523 -0.162815 -0.474945 0.000000 0.000000 0.000000 0.930668 1 4.292908125e-05 7.372605614e-05
68 0.066975 -0.011077 -0.034687 0.945523 -0.162815 -0.474945 0.000000 0.000000 0.000000 0.930921 1 2.346280962e-05 4.300219007e-05
68 0.066837 -0.011088 -0.034537 0.945523 -0.162815 -0.474945 0.000000 0.000000 0.000000 0.931188 1 8.209608495e-05 1.428541727e-04
68 0.066688 -0.011095 -0.034389 0.945523 -0.162815 -0.474945 0.000000 0.000000 0.000000 0.931502 1 5.464185961e-05 9.930483066e-05
68 0.066526 -0.011097 -0.034238 0.945523 -0.162815 -0.474945 0.000000 0.000000 0.000000 0.931885 1 4.965509288e-05 8.387700655e-05
68 0.066344 -0.011093 -0.034084 0.945523 -0.162815 -0.474945 0.000000 0.000000 0.000000 0.932347 1 5.799997598e-05 9.718793444e-05
68 0.066141 -0.011084 -0.033923 0.945523 -0.162815 -0.474945 0.000000 0.000000 0.000000 0.932872 1 7.335399278e-05 1.333160326e-04
68 0.065913 -0.011068 -0.033755 0.945523 -0.162815 -0.474945 0.000000 0.000000 0.000000 0.933439 1 6.061815657e-05 1.023770310e-04
68 0.065660 -0.011046 -0.033579 0.945523 -0.162815 -0.474945 0.000000 0.000000 0.000000 0.934018 1 5.579111166e-05 9.642704390e-05
68 0.065386 -0.011019 -0.033395 0.945523 -0.162815 -0.474945 0.000000 0.000000 0.000000 0.934573 1 5.695503205e-05 9.623495862e-05
69 0.065063 -0.010987 -0.032871 1.033648 -0.178870 -0.467315 0.000000 0.000000 0.000000 0.940847 1 5.611195229e-05 9.676604532e-05
69 0.064749 -0.010954 -0.032463 1.033648 -0.178870 -0.467315 0.000000 0.000000 0.000000 0.941115 1 5.698204041e-05 9.569083340e-05
69 0.064443 -0.010920 -0.032080 1.033648 -0.178870 -0.467315 0.000000 0.000000 0.000000 0.941273 1 6.423285231e-05 1.170148607e-04
69 0.064150 -0.010887 -0.031721 1.033648 -0.178870 -0.467315 0.000000 0.000000 0.000000 0.941388 1 5.702697672e-05 9.772903286e-05
69 0.063872 -0.010855 -0.031386 1.033648 -0.178870 -0.467315 0.000000 0.000000 0.000000 0.941461 1 5.830498412e-05 9.893300012e-05
69 0.063612 -0.010826 -0.031076 1.033648 -0.178870 -0.467315 0.000000 0.000000 0.000000 0.941480 1 5.756784230e-05 9.758118540e-05
69 0.063374 -0.010798 -0.030790 1.033648 -0.178870 -0.467315 0.000000 0.000000 0.000000 0.941428 1 7.900898345e-05 1.295809634e-04
69 0.063161 -0.010775 -0.030530 1.033648 -0.178870 -0.467315 0.000000 0.000000 0.000000 0.941308 1 1.378194429e-05 2.357200719e-05
69 0.062977 -0.010755 -0.030294 1.033648 -0.178870 -0.467315 0.000000 0.000000 0.000000 0.941135 1 5.862605758e-05 9.849597700e-05
69 0.062822 -0.010739 -0.030084 1.033648 -0.178870 -0.467315 0.000000 0.000000 0.000000 0.940931 1 5.858787335e-05 9.967782535e-05
69 0.062696 -0.010727 -0.029898 1.033648 -0.178870 -0.467315 0.000000 0.000000 0.000000 0.940712 1 5.705002695e-05 9.765801951e-05
69 0.062597 -0.010719 -0.029734 1.033648 -0.178870 -0.467315 0.000000 0.000000 0.000000 0.940489 1 5.821906962e-05 1.001770142e-04
69 0.062524 -0.010715 -0.029590 1.033648 -0.178870 -0.467315 0.000000 0.000000 0.000000 0.940258 1 5.093496293e-05 8.725095540e-05
69 0.062475 -0.010715 -0.029467 1.033648 -0.178870 -0.467315 0.000000 0.000000 0.000000 0.940014 1 5.740486085e-05 9.838677943e-05
69 0.062451 -0.010718 -0.029362 1.033648 -0.178870 -0.467315 0.000000 0.000000 0.000000 0.939750 1 6.029708311e-05 1.027130056e-04
69 0.062450 -0.010725 -0.029275 1.033648 -0.178870 -0.467315 0.000000 0.000000 0.000000 0.939456 1 5.829101428e-05 9.923800826e-05
69 0.062475 -0.010735 -0.029206 1.033648 -0.178870 -0.467315 0.000000 0.000000 0.000000 0.939122 1 5.733012222e-05 9.915907867e-05
69 0.062526 -0.010750 -0.029155 1.033648 -0.178870 -0.467315 0.000000 0.000000 0.000000 0.938746 1 5.573406816e-05 8.952920325e-05
69 0.062605 -0.010769 -0.029123 1.033648 -0.178870 -0.467315 0.000000 0.000000 0.000000 0.938330 1 5.408609286e-05 9.241118096e-05
69 0.062712 -0.010793 -0.029108 1.033648 -0.178870 -0.467315 0.000000 0.000000 0.000000 0.937892 1 6.483192556e-05 1.152360346e-04
70 0.062625 -0.010849 -0.028809 1.124296 -0.208686 -0.465973 0.000000 0.000000 0.000000 0.944691 1 1.400196925e-05 2.418109216e-05
70 0.062604 -0.010905 -0.028581 1.124296 -0.208686 -0.465973 0.000000 0.000000 0.000000 0.944466 1 5.906401202e-05 1.004128717e-04
70 0.062594 -0.010958 -0.028374 1.124296 -0.208686 -0.465973 0.000000 0.000000 0.000000 0.944410 1 4.818895832e-05 8.238293231e-05
70 0.062587 -0.011008 -0.028185 1.124296 -0.208686 -0.465973 0.000000 0.000000 0.000000 0.944399 1 5.720788613e-05 9.775790386e-05
70 0.062581 -0.011053 -0.028009 1.124296 -0.208686 -0.465973 0.000000 0.000000 0.000000 0.944427 1 4.563713446e-05 7.778801955e-05
70 0.062570 -0.011095 -0.027845 1.124296 -0.208686 -0.465973 0.000000 0.000000 0.000000 0.944501 1 4.860316403e-05 8.173985407e-05
70 0.062551 -0.011131 -0.027691 1.124296 -0.208686 -0.465973 0.000000 0.000000 0.000000 0.944630 1 5.860114470e-05 1.006149687e-04
70 0.062519 -0.011162 -0.027542 1.124296 -0.208686 -0.465973 0.000000 0.000000 0.000000 0.944807 1 5.089701153e-05 8.855108172e-05
70 0.062474 -0.011188 -0.027397 1.124296 -0.208686 -0.465973 0.000000 0.000000 0.000000 0.945021 1 4.874216393e-05 8.276500739e-05
70 0.062412 -0.011207 -0.027256 1.124296 -0.208686 -0.465973 0.000000 0.000000 0.000000 0.945252 1 3.688200377e-05 6.297696382e-05
70 0.062335 -0.011222 -0.027117 1.124296 -0.208686 -0.465973 0.000000 0.000000 0.000000 0.945477 1 1.212398056e-04 1.622959971e-04
70 0.062245 -0.011232 -0.026982 1.124296 -0.208686 -0.465973 0.000000 0.000000 0.000000 0.945695 1 6.932602264e-05 1.094150357e-04
70 0.062142 -0.011238 -0.026848 1.124296 -0.208686 -0.465973 0.000000 0.000000 0.000000 0.945927 1 5.572312512e-05 9.628897533e-05
70 0.062026 -0.011239 -0.026716 1.124296 -0.208686 -0.465973 0.000000 0.000000 0.000000 0.946201 1 5.594501272e-05 9.565986693e-05
70 0.061892 -0.011235 -0.026583 1.124296 -0.208686 -0.465973 0.000000 0.000000 0.000000 0.946533 1 5.787704140e-05 9.689107537e-05
70 0.061736 -0.011226 -0.026447 1.124296 -0.208686 -0.465973 0.000000 0.000000 0.000000 0.946929 1 5.553592928e-05 9.511411190e-05
70 0.061556 -0.011210 -0.026306 1.124296 -0.208686 -0.465973 0.000000 0.000000 0.000000 0.947377 1 4.253699444e-05 8.134893142e-05
70 0.061349 -0.011188 -0.026159 1.124296 -0.208686 -0.465973 0.000000 0.000000 0.000000 0.947860 1 3.031198867e-05 5.141994916e-05
70 0.061116 -0.011160 -0.026006 1.124296 -0.208686 -0.465973 0.000000 0.000000 0.000000 0.948353 1 1.404015347e-05 2.405489795e-05
70 0.060858 -0.011127 -0.025847 1.124296 -0.208686 -0.465973 0.000000 0.000000 0.000000 0.948831 1 1.442595385e-05 2.423184924e-05
71 0.060595 -0.011081 -0.025334 1.218827 -0.224362 -0.440596 0.000000 0.000000 0.000000 0.953083 1 1.528207213e-05 2.655689605e-05
71 0.060320 -0.011036 -0.024971 1.218827 -0.224362 -0.440596 0.000000 0.000000 0.000000 0.953303 1 1.780292951e-05 2.952595241e-05
71 0.060051 -0.010991 -0.024630 1.218827 -0.224362 -0.440596 0.000000 0.000000 0.000000 0.953440 1 4.673586227e-05 7.863109931e-05
71 0.059792 -0.010948 -0.024312 1.218827 -0.224362 -0.440596 0.000000 0.000000 0.000000 0.953530 1 5.537504330e-05 9.524798952e-05
71 0.059547 -0.010908 -0.024016 1.218827 -0.224362 -0.440596 0.000000 0.000000 0.000000 0.953576 1 5.846610293e-05 9.766593575e-05
71 0.059318 -0.010870 -0.023742 1.218827 -0.224362 -0.440596 0.000000 0.000000 0.000000 0.953574 1 5.717994645e-05 1.083710231e-04
71 0.059111 -0.010836 -0.023490 1.218827 -0.224362 -0.440596 0.000000 0.000000 0.000000 0.953512 1 5.615898408e-05 9.565404616e-05
71 0.058928 -0.010805 -0.023261 1.218827 -0.224362 -0.440596 0.000000 0.000000 0.000000 0.953393 1 1.373793930e-05 2.951803617e-05
71 0.058773 -0.010780 -0.023055 1.218827 -0.224362 -0.440596 0.000000 0.000000 0.000000 0.953233 1 3.073294647e-05 5.505396985e-05
71 0.058647 -0.010760 -0.022870 1.218827 -0.224362 -0.440596 0.000000 0.000000 0.000000 0.953049 1 3.813300282e-05 6.917980500e-05
71 0.058547 -0.010744 -0.022706 1.218827 -0.224362 -0.440596 0.000000 0.000000 0.000000 0.952852 1 1.213809010e-04 1.830188558e-04
71 0.058475 -0.010733 -0.022561 1.218827 -0.224362 -0.440596 0.000000 0.000000 0.000000 0.952653 1 5.367095582e-05 9.150383994e-05
71 0.058426 -0.010727 -0.022434 1.218827 -0.224362 -0.440596 0.000000 0.000000 0.000000 0.952449 1 6.427196786e-05 1.054219902e-04
71 0.058401 -0.010724 -0.022324 1.218827 -0.224362 -0.440596 0.000000 0.000000 0.000000 0.952235 1 6.592483260e-05 1.142988913e-04
71 0.058399 -0.010726 -0.022230 1.218827 -0.224362 -0.440596 0.000000 0.000000 0.000000 0.952004 1 5.877995864e-05 9.744614363e-05
71 0.058420 -0.010732 -0.022151 1.218827 -0.224362 -0.440596 0.000000 0.000000 0.000000 0.951743 1 5.558296107e-05 9.498302825e-05
71 0.058466 -0.010742 -0.022089 1.218827 -0.224362 -0.440596 0.000000 0.000000 0.000000 0.951442 1 5.784002133e-05 9.771413170e-05
71 0.058539 -0.010757 -0.022041 1.218827 -0.224362 -0.440596 0.000000 0.000000 0.000000 0.951101 1 6.376998499e-05 1.042380463e-04
71 0.058640 -0.010777 -0.022010 1.218827 -0.224362 -0.440596 0.000000 0.000000 0.000000 0.950723 1 5.873595364e-05 9.834789671e-05
71 0.058770 -0.010802 -0.021995 1.218827 -0.224362 -0.440596 0.000000 0.000000 0.000000 0.950321 1 5.794502795e-05 9.717303328e-05
72 0.058767 -0.010853 -0.021688 1.315257 -0.253545 -0.419126 0.000000 0.000000 0.000000 0.954927 1 5.849800073e-05 9.900704026e-05
72 0.058820 -0.010900 -0.021477 1.315257 -0.253545 -0.419126 0.000000 0.000000 0.000000 0.954718 1 5.468889140e-05 9.445799515e-05
72 0.058881 -0.010946 -0.021286 1.315257 -0.253545 -0.419126 0.000000 0.000000 0.000000 0.954653 1 7.334002294e-05 1.335241832e-04
72 0.058941 -0.010988 -0.021111 1.315257 -0.253545 -0.419126 0.000000 0.000000 0.000000 0.954632 1 5.496898666e-05 9.548501112e-05
72 0.058996 -0.011028 -0.020950 1.315257 -0.253545 -0.419126 0.000000 0.000000 0.000000 0.954648 1 5.565211177e-05 9.508198127e-05
72 0.059044 -0.011063 -0.020800 1.315257 -0.253545 -0.419126 0.000000 0.000000 0.000000 0.954708 1 5.689193495e-05 9.739003144e-05
72 0.059078 -0.011095 -0.020658 1.315257 -0.253545 -0.419126 0.000000 0.000000 0.000000 0.954818 1 5.495618097e-05 9.256391786e-05
72 0.059097 -0.011121 -0.020523 1.315257 -0.253545 -0.419126 0.000000 0.000000 0.000000 0.954975 1 1.452397555e-05 2.488517202e-05
72 0.059095 -0.011141 -0.020393 1.315257 -0.253545 -0.419126 0.000000 0.000000 0.000000 0.955166 1 1.406320371e-05 2.375105396e-05
72 0.059074 -0.011157 -0.020266 1.315257 -0.253545 -0.419126 0.000000 0.000000 0.000000 0.955373 1 1.418380998e-05 2.400903031e-05
72 0.059033 -0.011166 -0.020142 1.315257 -0.253545 -0.419126 0.000000 0.000000 0.000000 0.955578 1 2.168607898e-05 3.805896267e-05
72 0.058976 -0.011172 -0.020022 1.315257 -0.253545 -0.419126 0.000000 0.000000 0.000000 0.955775 1 2.376385964e-05 4.054419696e-05
72 0.058902 -0.011173 -0.019904 1.315257 -0.253545 -0.419126 0.000000 0.000000 0.000000 0.955986 1 5.507282913e-05 9.486312047e-05
72 0.058810 -0.011169 -0.019787 1.315257 -0.253545 -0.419126 0.000000 0.000000 0.000000 0.956235 1 6.179814227e-05 1.011041459e-04
72 0.058698 -0.011160 -0.019671 1.315257 -0.253545 -0.419126 0.000000 0.000000 0.000000 0.956535 1 5.638599396e-05 9.648292325e-05
72 0.058561 -0.011146 -0.019553 1.315257 -0.253545 -0.419126 0.000000 0.000000 0.000000 0.956890 1 5.889614113e-05 9.873695672e-05
72 0.058396 -0.011125 -0.019432 1.315257 -0.253545 -0.419126 0.000000 0.000000 0.000000 0.957290 1 5.938578397e-05 9.978096932e-05
72 0.058201 -0.011098 -0.019306 1.315257 -0.253545 -0.419126 0.000000 0.000000 0.000000 0.957718 1 5.468796007e-05 9.595789015e-05
72 0.057977 -0.011064 -0.019177 1.315257 -0.253545 -0.419126 0.000000 0.000000 0.000000 0.958155 1 5.811499432e-05 9.747012518e-05
72 0.057727 -0.011024 -0.019043 1.315257 -0.253545 -0.419126 0.000000 0.000000 0.000000 0.958580 1 5.804002285e-05 9.836093523e-05
73 0.057550 -0.010963 -0.018512 1.415146 -0.266351 -0.372772 0.000000 0.000000 0.000000 0.961352 1 5.011702888e-05 8.569099009e-05
73 0.057316 -0.010909 -0.018192 1.415146 -0.266351 -0.372772 0.000000 0.000000 0.000000 0.961571 1 5.190889351e-05 8.962186985e-05
73 0.057082 -0.010856 -0.017893 1.415146 -0.266351 -0.372772 0.000000 0.000000 0.000000 0.961699 1 5.689403042e-05 1.014689915e-04
73 0.056855 -0.010804 -0.017614 1.415146 -0.266351 -0.372772 0.000000 0.000000 0.000000 0.961781 1 5.646515638e-05 9.758118540e-05
73 0.056640 -0.010756 -0.017354 1.415146 -0.266351 -0.372772 0.000000 0.000000 0.000000 0.961821 1 5.745096132e-05 9.817513637e-05
73 0.056439 -0.010711 -0.017114 1.415146 -0.266351 -0.372772 0.000000 0.000000 0.000000 0.961816 1 4.784483463e-05 8.111121133e-05
73 0.056257 -0.010670 -0.016893 1.415146 -0.266351 -0.372772 0.000000 0.000000 0.000000 0.961757 1 5.644001067e-05 1.058781054e-04
73 0.056099 -0.010634 -0.016692 1.415146 -0.266351 -0.372772 0.000000 0.000000 0.000000 0.961649 1 5.687004887e-05 1.004459336e-04
73 0.055967 -0.010603 -0.016510 1.415146 -0.266351 -0.372772 0.000000 0.000000 0.000000 0.961507 1 5.790917203e-05 9.775813669e-05
73 0.055862 -0.010578 -0.016347 1.415146 -0.266351 -0.372772 0.000000 0.000000 0.000000 0.961343 1 5.891895853e-05 9.866408072e-05
73 0.055783 -0.010558 -0.016200 1.415146 -0.266351 -0.372772 0.000000 0.000000 0.000000 0.961167 1 5.459506065e-05 9.168894030e-05
73 0.055731 -0.010544 -0.016071 1.415146 -0.266351 -0.372772 0.000000 0.000000 0.000000 0.960987 1 5.742209032e-05 9.781797417e-05
73 0.055702 -0.010534 -0.015956 1.415146 -0.266351 -0.372772 0.000000 0.000000 0.000000 0.960803 1 4.077097401e-05 6.867409684e-05
73 0.055695 -0.010529 -0.015856 1.415146 -0.266351 -0.372772 0.000000 0.000000 0.000000 0.960611 1 5.074287765e-05 8.616317064e-05
73 0.055711 -0.010528 -0.015769 1.415146 -0.266351 -0.372772 0.000000 0.000000 0.000000 0.960403 1 5.593802780e-05 9.773485363e-05
73 0.055750 -0.010533 -0.015695 1.415146 -0.266351 -0.372772 0.000000 0.000000 0.000000 0.960165 1 5.087605678e-05 8.668983355e-05
73 0.055815 -0.010542 -0.015634 1.415146 -0.266351 -0.372772 0.000000 0.000000 0.000000 0.959885 1 5.048396997e-05 8.584000170e-05
73 0.055907 -0.010556 -0.015587 1.415146 -0.266351 -0.372772 0.000000 0.000000 0.000000 0.959565 1 3.548595123e-05 5.982094444e-05
73 0.056029 -0.010577 -0.015553 1.415146 -0.266351 -0.372772 0.000000 0.000000 0.000000 0.959207 1 5.543115549e-05 9.283097461e-05
73 0.056183 -0.010603 -0.015533 1.415146 -0.266351 -0.372772 0.000000 0.000000 0.000000 0.958823 1 5.982699804e-05 1.040769275e-04
74 0.056247 -0.010643 -0.015201 1.516440 -0.292674 -0.328676 0.000000 0.000000 0.000000 0.961918 1 4.139891826e-05 7.195095532e-05
74 0.056379 -0.010685 -0.014998 1.516440 -0.292674 -0.328676 0.000000 0.000000 0.000000 0.961696 1 4.140986130e-05 6.986013614e-05
74 0.056516 -0.010726 -0.014814 1.516440 -0.292674 -0.328676 0.000000 0.000000 0.000000 0.961623 1 5.026999861e-05 8.476106450e-05
74 0.056648 -0.010766 -0.014646 1.516440 -0.292674 -0.328676 0.000000 0.000000 0.000000 0.961584 1 2.349913120e-05 4.270998761e-05
74 0.056772 -0.010803 -0.014491 1.516440 -0.292674 -0.328676 0.000000 0.000000 0.000000 0.961576 1 5.956995301e-05 1.105179545e-04
74 0.056886 -0.010836 -0.014347 1.516440 -0.292674 -0.328676 0.000000 0.000000 0.000000 0.961607 1 4.208600149e-05 7.151602767e-05
74 0.056984 -0.010866 -0.014213 1.516440 -0.292674 -0.328676 0.000000 0.000000 0.000000 0.961686 1 5.692709237e-05 9.612599388e-05
74 0.057062 -0.010891 -0.014087 1.516440 -0.292674 -0.328676 0.000000 0.000000 0.000000 0.961812 1 5.698110908e-05 9.667081758e-05
74 0.057117 -0.010911 -0.013967 1.516440 -0.292674 -0.328676 0.000000 0.000000 0.000000 0.961971 1 7.312395610e-05 1.320880838e-04
74 0.057148 -0.010926 -0.013852 1.516440 -0.292674 -0.328676 0.000000 0.000000 0.000000 0.962151 1 7.329485379e-05 1.318410505e-04
74 0.057155 -0.010935 -0.013740 1.516440 -0.292674 -0.328676 0.000000 0.000000 0.000000 0.962331 1 4.938384518e-05 8.289609104e-05
74 0.057141 -0.010940 -0.013633 1.516440 -0.292674 -0.328676 0.000000 0.000000 0.000000 0.962509 1 5.813408643e-05 9.845802560e-05
74 0.057107 -0.010940 -0.013530 1.516440 -0.292674 -0.328676 0.000000 0.000000 0.000000 0.962702 1 5.971500650e-05 9.941612370e-05
74 0.057050 -0.010936 -0.013429 1.516440 -0.292674 -0.328676 0.000000 0.000000 0.000000 0.962933 1 5.914503708e-05 9.922985919e-05
74 0.056968 -0.010925 -0.013329 1.516440 -0.292674 -0.328676 0.000000 0.000000 0.000000 0.963213 1 5.910801701e-05 1.020559575e-04
74 0.056856 -0.010909 -0.013230 1.516440 -0.292674 -0.328676 0.000000 0.000000 0.000000 0.963545 1 5.536689423e-05 9.598000906e-05
74 0.056711 -0.010886 -0.013129 1.516440 -0.292674 -0.328676 0.000000 0.000000 0.000000 0.963917 1 5.663116463e-05 9.748991579e-05
74 0.056532 -0.010856 -0.013025 1.516440 -0.292674 -0.328676 0.000000 0.000000 0.000000 0.964314 1 6.311899051e-05 1.127221622e-04
74 0.056320 -0.010819 -0.012920 1.516440 -0.292674 -0.328676 0.000000 0.000000 0.000000 0.964718 1 5.673593841e-05 9.699491784e-05
74 0.056077 -0.010776 -0.012813 1.516440 -0.292674 -0.328676 0.000000 0.000000 0.000000 0.965114 1 5.483487621e-05 9.498093277e-05
75 0.056077 -0.010696 -0.012170 1.621023 -0.299567 -0.257199 0.000000 0.000000 0.000000 0.966796 1 5.944212899e-05 1.004228834e-04
75 0.055888 -0.010636 -0.011889 1.621023 -0.299567 -0.257199 0.000000 0.000000 0.000000 0.967004 1 8.093914948e-05 1.507769339e-04
75 0.055694 -0.010576 -0.011626 1.621023 -0.299567 -0.257199 0.000000 0.000000 0.000000 0.967119 1 7.367902435e-05 1.333709806e-04
75 0.055505 -0.010520 -0.011381 1.621023 -0.299567 -0.257199 0.000000 0.000000 0.000000 0.967185 1 6.657000631e-05 1.182889100e-04
75 0.055326 -0.010466 -0.011155 1.621023 -0.299567 -0.257199 0.000000 0.000000 0.000000 0.967208 1 6.747292355e-05 1.074150205e-04
75 0.055160 -0.010417 -0.010946 1.621023 -0.299567 -0.257199 0.000000 0.000000 0.000000 0.967183 1 5.803094245e-05 9.793508798e-05
75 0.055014 -0.010373 -0.010754 1.621023 -0.299567 -0.257199 0.000000 0.000000 0.000000 0.967107 1 5.372008309e-05 9.052292444e-05
75 0.054892 -0.010334 -0.010579 1.621023 -0.299567 -0.257199 0.000000 0.000000 0.000000 0.966985 1 1.356704161e-05 2.320902422e-05
75 0.054797 -0.010302 -0.010420 1.621023 -0.299567 -0.257199 0.000000 0.000000 0.000000 0.966833 1 5.734805018e-05 9.861798026e-05
75 0.054729 -0.010276 -0.010277 1.621023 -0.299567 -0.257199 0.000000 0.000000 0.000000 0.966662 1 5.473499186e-05 9.462609887e-05
75 0.054689 -0.010256 -0.010148 1.621023 -0.299567 -0.257199 0.000000 0.000000 0.000000 0.966479 1 8.214893751e-05 1.428648829e-04
75 0.054675 -0.010242 -0.010033 1.621023 -0.299567 -0.257199 0.000000 0.000000 0.000000 0.966293 1 5.667889491e-05 9.743007831e-05
75 0.054685 -0.010234 -0.009930 1.621023 -0.299567 -0.257199 0.000000 0.000000 0.000000 0.966103 1 5.669612437e-05 9.694718756e-05
75 0.054719 -0.010230 -0.009839 1.621023 -0.299567 -0.257199 0.000000 0.000000 0.000000 0.965906 1 6.025191396e-05 1.017600298e-04
75 0.054776 -0.010231 -0.009759 1.621023 -0.299567 -0.257199 0.000000 0.000000 0.000000 0.965692 1 5.600298755e-05 9.683286771e-05
75 0.054857 -0.010238 -0.009690 1.621023 -0.299567 -0.257199 0.000000 0.000000 0.000000 0.965445 1 7.442501374e-05 1.350131352e-04
75 0.054966 -0.010250 -0.009631 1.621023 -0.299567 -0.257199 0.000000 0.000000 0.000000 0.965153 1 7.339799777e-05 1.343439799e-04
75 0.055106 -0.010269 -0.009583 1.621023 -0.299567 -0.257199 0.000000 0.000000 0.000000 0.964818 1 7.304782048e-05 1.342140604e-04
75 0.055279 -0.010295 -0.009546 1.621023 -0.299567 -0.257199 0.000000 0.000000 0.000000 0.964445 1 3.424892202e-05 6.002094597e-05
75 0.055488 -0.010327 -0.009520 1.621023 -0.299567 -0.257199 0.000000 0.000000 0.000000 0.964048 1 2.408493310e-05 4.352303222e-05
76 0.055715 -0.010366 -0.009095 1.726230 -0.319465 -0.185592 0.000000 0.000000 0.000000 0.965995 1 1.364201307e-05 2.378504723e-05
76 0.055965 -0.010408 -0.008883 1.726230 -0.319465 -0.185592 0.000000 0.000000 0.000000 0.965746 1 1.417007297e-05 2.390798181e-05
76 0.056217 -0.010450 -0.008690 1.726230 -0.319465 -0.185592 0.000000 0.000000 0.000000 0.965643 1 2.901605330e-05 4.873797297e-05
76 0.056460 -0.010492 -0.008513 1.726230 -0.319465 -0.185592 0.000000 0.000000 0.000000 0.965577 1 3.518792801e-05 6.327591836e-05
76 0.056690 -0.010531 -0.008350 1.726230 -0.319465 -0.185592 0.000000 0.000000 0.000000 0.965544 1 5.464605056e-05 9.283190593e-05
76 0.056904 -0.010568 -0.008199 1.726230 -0.319465 -0.185592 0.000000 0.000000 0.000000 0.965554 1 5.655805580e-05 9.725615382e-05
76 0.057097 -0.010601 -0.008060 1.726230 -0.319465 -0.185592 0.000000 0.000000 0.000000 0.965614 1 5.830801092e-05 9.791902266e-05
76 0.057263 -0.010629 -0.007930 1.726230 -0.319465 -0.185592 0.000000 0.000000 0.000000 0.965730 1 7.347716019e-05 1.344040502e-04
76 0.057398 -0.010651 -0.007808 1.726230 -0.319465 -0.185592 0.000000 0.000000 0.000000 0.965884 1 7.297913544e-05 1.340860035e-04
76 0.057500 -0.010668 -0.007693 1.726230 -0.319465 -0.185592 0.000000 0.000000 0.000000 0.966059 1 6.398302503e-05 1.039309427e-04
76 0.057570 -0.010679 -0.007585 1.726230 -0.319465 -0.185592 0.000000 0.000000 0.000000 0.966238 1 6.460119039e-05 1.162050758e-04
76 0.057612 -0.010685 -0.007482 1.726230 -0.319465 -0.185592 0.000000 0.000000 0.000000 0.966415 1 5.523813888e-05 9.436812252e-05
76 0.057626 -0.010685 -0.007384 1.726230 -0.319465 -0.185592 0.000000 0.000000 0.000000 0.966609 1 5.842908286e-05 9.770598263e-05
76 0.057610 -0.010681 -0.007291 1.726230 -0.319465 -0.185592 0.000000 0.000000 0.000000 0.966842 1 5.678297020e-05 9.831110947e-05
76 0.057561 -0.010670 -0.007202 1.726230 -0.319465 -0.185592 0.000000 0.000000 0.000000 0.967125 1 5.744304508e-05 9.709084406e-05
76 0.057475 -0.010653 -0.007114 1.726230 -0.319465 -0.185592 0.000000 0.000000 0.000000 0.967459 1 6.834790111e-05 1.141489483e-04
76 0.057348 -0.010628 -0.007029 1.726230 -0.319465 -0.185592 0.000000 0.000000 0.000000 0.967829 1 7.376098074e-05 1.144369598e-04
76 0.057180 -0.010596 -0.006944 1.726230 -0.319465 -0.185592 0.000000 0.000000 0.000000 0.968220 1 6.183213554e-05 1.017239410e-04
76 0.056972 -0.010556 -0.006861 1.726230 -0.319465 -0.185592 0.000000 0.000000 0.000000 0.968617 1 4.566600546e-05 7.747788914e-05
76 0.056728 -0.010510 -0.006778 1.726230 -0.319465 -0.185592 0.000000 0.000000 0.000000 0.969006 1 9.578303434e-05 1.969349105e-04
77 0.057394 -0.010384 -0.005534 1.833932 -0.317500 -0.085824 0.000000 0.000000 0.000000 0.969712 1 5.667400546e-05 9.524100460e-05
77 0.057235 -0.010322 -0.005308 1.833932 -0.317500 -0.085824 0.000000 0.000000 0.000000 0.969908 1 5.546095781e-05 9.551597759e-05
77 0.057069 -0.010262 -0.005098 1.833932 -0.317500 -0.085824 0.000000 0.000000 0.000000 0.970011 1 5.704094656e-05 9.687105194e-05
77 0.056905 -0.010204 -0.004903 1.833932 -0.317500 -0.085824 0.000000 0.000000 0.000000 0.970060 1 5.837180652e-05 9.816396050e-05
77 0.056751 -0.010150 -0.004724 1.833932 -0.317500 -0.085824 0.000000 0.000000 0.000000 0.970061 1 5.774991587e-05 9.699701332e-05
77 0.056613 -0.010101 -0.004558 1.833932 -0.317500 -0.085824 0.000000 0.000000 0.000000 0.970010 1 4.750094377e-05 7.997918874e-05
77 0.056497 -0.010058 -0.004406 1.833932 -0.317500 -0.085824 0.000000 0.000000 0.000000 0.969902 1 5.883886479e-05 9.845593013e-05
77 0.056409 -0.010022 -0.004267 1.833932 -0.317500 -0.085824 0.000000 0.000000 0.000000 0.969745 1 5.936506204e-05 1.005779486e-04
77 0.056352 -0.009992 -0.004139 1.833932 -0.317500 -0.085824 0.000000 0.000000 0.000000 0.969559 1 5.307490937e-05 8.977600373e-05
77 0.056328 -0.009970 -0.004022 1.833932 -0.317500 -0.085824 0.000000 0.000000 0.000000 0.969352 1 5.843397230e-05 9.779096581e-05
77 0.056335 -0.009954 -0.003916 1.833932 -0.317500 -0.085824 0.000000 0.000000 0.000000 0.969134 1 1.416704617e-05 2.368981950e-05
77 0.056374 -0.009945 -0.003819 1.833932 -0.317500 -0.085824 0.000000 0.000000 0.000000 0.968913 1 7.326900959e-05 1.330748200e-04
77 0.056440 -0.009943 -0.003732 1.833932 -0.317500 -0.085824 0.000000 0.000000 0.000000 0.968689 1 2.689706162e-05 5.243299529e-05
77 0.056534 -0.009946 -0.003652 1.833932 -0.317500 -0.085824 0.000000 0.000000 0.000000 0.968456 1 1.848395914e-05 2.842000686e-05
77 0.056655 -0.009954 -0.003581 1.833932 -0.317500 -0.085824 0.000000 0.000000 0.000000 0.968199 1 1.753401011e-05 2.958206460e-05
77 0.056805 -0.009969 -0.003516 1.833932 -0.317500 -0.085824 0.000000 0.000000 0.000000 0.967901 1 1.864111982e-05 3.157486208e-05
77 0.056991 -0.009991 -0.003459 1.833932 -0.317500 -0.085824 0.000000 0.000000 0.000000 0.967549 1 2.717995085e-05 4.573096521e-05
77 0.057216 -0.010020 -0.003409 1.833932 -0.317500 -0.085824 0.000000 0.000000 0.000000 0.967146 1 2.530589700e-05 4.822597839e-05
77 0.057484 -0.010058 -0.003365 1.833932 -0.317500 -0.085824 0.000000 0.000000 0.000000 0.966701 1 5.179084837e-05 8.091190830e-05
77 0.057796 -0.010104 -0.003328 1.833932 -0.317500 -0.085824 0.000000 0.000000 0.000000 0.966231 1 5.808705464e-05 9.845197201e-05
78 0.058341 -0.010139 -0.002648 1.941906 -0.327727 0.016765 0.000000 0.000000 0.000000 0.967101 1 5.733803846e-05 9.894487448e-05
78 0.058796 -0.010193 -0.002402 1.941906 -0.327727 0.016765 0.000000 0.000000 0.000000 0.966791 1 5.554594100e-05 9.551201947e-05
78 0.059248 -0.010249 -0.002175 1.941906 -0.327727 0.016765 0.000000 0.000000 0.000000 0.966628 1 5.516991951e-05 9.398208931e-05
78 0.059687 -0.010304 -0.001964 1.941906 -0.327727 0.016765 0.000000 0.000000 0.000000 0.966493 1 5.873199552e-05 9.850692004e-05
78 0.060110 -0.010357 -0.001770 1.941906 -0.327727 0.016765 0.000000 0.000000 0.000000 0.966386 1 5.548889749e-05 9.537814185e-05
78 0.060513 -0.010409 -0.001591 1.941906 -0.327727 0.016765 0.000000 0.000000 0.000000 0.966326 1 5.846517161e-05 9.795697406e-05
78 0.060889 -0.010457 -0.001425 1.941906 -0.327727 0.016765 0.000000 0.000000 0.000000 0.966327 1 5.892198533e-05 1.010971610e-04
78 0.061230 -0.010501 -0.001272 1.941906 -0.327727 0.016765 0.000000 0.000000 0.000000 0.966399 1 5.583791062e-05 9.764288552e-05
78 0.061529 -0.010539 -0.001131 1.941906 -0.327727 0.016765 0.000000 0.000000 0.000000 0.966524 1 1.440290362e-05 2.418411896e-05
78 0.061783 -0.010570 -0.001001 1.941906 -0.327727 0.016765 0.000000 0.000000 0.000000 0.966682 1 5.940697156e-05 1.064550597e-04
78 0.061994 -0.010594 -0.000881 1.941906 -0.327727 0.016765 0.000000 0.000000 0.000000 0.966851 1 3.082002513e-05 7.217004895e-05
78 0.062162 -0.010612 -0.000771 1.941906 -0.327727 0.016765 0.000000 0.000000 0.000000 0.967026 1 5.807797424e-05 9.709689766e-05
78 0.062290 -0.010625 -0.000669 1.941906 -0.327727 0.016765 0.000000 0.000000 0.000000 0.967229 1 5.770707503e-05 9.706988931e-05
78 0.062373 -0.010630 -0.000576 1.941906 -0.327727 0.016765 0.000000 0.000000 0.000000 0.967482 1 5.476991646e-05 9.604706429e-05
78 0.062407 -0.010628 -0.000490 1.941906 -0.327727 0.016765 0.000000 0.000000 0.000000 0.967795 1 5.469890311e-05 9.210198186e-05
78 0.062387 -0.010617 -0.000411 1.941906 -0.327727 0.016765 0.000000 0.000000 0.000000 0.968163 1 5.537620746e-05 9.503006004e-05
78 0.062311 -0.010597 -0.000338 1.941906 -0.327727 0.016765 0.000000 0.000000 0.000000 0.968568 1 5.483883433e-05 9.505497292e-05
78 0.062178 -0.010569 -0.000272 1.941906 -0.327727 0.016765 0.000000 0.000000 0.000000 0.968992 1 5.721300840e-05 9.703706019e-05
78 0.061992 -0.010532 -0.000212 1.941906 -0.327727 0.016765 0.000000 0.000000 0.000000 0.969414 1 5.364487879e-05 9.040487930e-05
78 0.061757 -0.010487 -0.000156 1.941906 -0.327727 0.016765 0.000000 0.000000 0.000000 0.969828 1 4.926114343e-05 8.395896293e-05
79 0.062494 -0.010220 0.001398 2.051723 -0.312385 0.148965 0.000000 0.000000 0.000000 0.969153 1 5.858298391e-05 9.902985767e-05
79 0.062534 -0.010172 0.001642 2.051723 -0.312385 0.148965 0.000000 0.000000 0.000000 0.969357 1 5.763885565e-05 9.823101573e-05
79 0.062552 -0.010125 0.001866 2.051723 -0.312385 0.148965 0.000000 0.000000 0.000000 0.969438 1 5.749193951e-05 9.596603923e-05
79 0.062562 -0.010080 0.002073 2.051723 -0.312385 0.148965 0.000000 0.000000 0.000000 0.969452 1 5.800602958e-05 9.767804295e-05
79 0.062574 -0.010039 0.002263 2.051723 -0.312385 0.148965 0.000000 0.000000 0.000000 0.969405 1 5.652592517e-05 9.549711831e-05
79 0.062598 -0.010004 0.002441 2.051723 -0.312385 0.148965 0.000000 0.000000 0.000000 0.969290 1 7.316702977e-05 1.317879651e-04
79 0.062646 -0.009974 0.002606 2.051723 -0.312385 0.148965 0.000000 0.000000 0.000000 0.969096 1 8.012517355e-05 1.440909691e-04
79 0.062726 -0.009953 0.002761 2.051723 -0.312385 0.148965 0.000000 0.000000 0.000000 0.968836 1 7.355306298e-05 1.335791312e-04
79 0.062846 -0.009940 0.002908 2.051723 -0.312385 0.148965 0.000000 0.000000 0.000000 0.968535 1 4.966487177e-05 8.607702330e-05
79 0.063006 -0.009936 0.003046 2.051723 -0.312385 0.148965 0.000000 0.000000 0.000000 0.968207 1 5.792221054e-05 9.799702093e-05
79 0.063207 -0.009940 0.003178 2.051723 -0.312385 0.148965 0.000000 0.000000 0.000000 0.967866 1 5.616899580e-05 9.755580686e-05
79 0.063446 -0.009953 0.003304 2.051723 -0.312385 0.148965 0.000000 0.000000 0.000000 0.967523 1 5.533406511e-05 9.186309762e-05
79 0.063722 -0.009972 0.003424 2.051723 -0.312385 0.148965 0.000000 0.000000 0.000000 0.967173 1 5.843094550e-05 9.798305109e-05
79 0.064033 -0.009999 0.003539 2.051723 -0.312385 0.148965 0.000000 0.000000 0.000000 0.966804 1 7.503200322e-05 1.376529690e-04
79 0.064382 -0.010033 0.003650 2.051723 -0.312385 0.148965 0.000000 0.000000 0.000000 0.966391 1 5.059200339e-05 8.528190665e-05
79 0.064775 -0.010075 0.003757 2.051723 -0.312385 0.148965 0.000000 0.000000 0.000000 0.965910 1 7.343105972e-05 1.337591093e-04
79 0.065220 -0.010126 0.003862 2.051723 -0.312385 0.148965 0.000000 0.000000 0.000000 0.965348 1 5.475804210e-05 9.435415268e-05
79 0.065727 -0.010188 0.003966 2.051723 -0.312385 0.148965 0.000000 0.000000 0.000000 0.964710 1 2.098502591e-05 3.543309867e-05
79 0.066301 -0.010262 0.004070 2.051723 -0.312385 0.148965 0.000000 0.000000 0.000000 0.964016 1 5.533499643e-05 9.519094601e-05
79 0.066943 -0.010347 0.004174 2.051723 -0.312385 0.148965 0.000000 0.000000 0.000000 0.963304 1 5.770497955e-05 9.633786976e-05
80 0.068587 -0.010339 0.005906 2.160827 -0.308942 0.284306 0.000000 0.000000 0.000000 0.962323 1 7.389299572e-05 1.417670865e-04
80 0.069626 -0.010447 0.006283 2.160827 -0.308942 0.284306 0.000000 0.000000 0.000000 0.961759 1 6.875093095e-05 1.244680025e-04
80 0.070667 -0.010558 0.006641 2.160827 -0.308942 0.284306 0.000000 0.000000 0.000000 0.961331 1 6.832904182e-05 1.250018831e-04
80 0.071696 -0.010670 0.006981 2.160827 -0.308942 0.284306 0.000000 0.000000 0.000000 0.960918 1 5.679298192e-05 9.967898950e-05
80 0.072713 -0.010783 0.007303 2.160827 -0.308942 0.284306 0.000000 0.000000 0.000000 0.960528 1 5.156197585e-05 8.861185052e-05
80 0.073712 -0.010896 0.007609 2.160827 -0.308942 0.284306 0.000000 0.000000 0.000000 0.960192 1 5.730311386e-05 9.810598567e-05
80 0.074682 -0.011008 0.007897 2.160827 -0.308942 0.284306 0.000000 0.000000 0.000000 0.959948 1 5.388399586e-05 9.179720655e-05
80 0.075608 -0.011115 0.008167 2.160827 -0.308942 0.284306 0.000000 0.000000 0.000000 0.959826 1 5.873898044e-05 9.852088988e-05
80 0.076471 -0.011215 0.008418 2.160827 -0.308942 0.284306 0.000000 0.000000 0.000000 0.959814 1 5.002389662e-05 8.555804379e-05
80 0.077263 -0.011306 0.008648 2.160827 -0.308942 0.284306 0.000000 0.000000 0.000000 0.959880 1 5.846493877e-05 9.744218551e-05
80 0.077978 -0.011388 0.008859 2.160827 -0.308942 0.284306 0.000000 0.000000 0.000000 0.959988 1 7.516611367e-05 1.375800930e-04
80 0.078618 -0.011462 0.009051 2.160827 -0.308942 0.284306 0.000000 0.000000 0.000000 0.960126 1 6.584799848e-05 1.164530404e-04
80 0.079180 -0.011525 0.009224 2.160827 -0.308942 0.284306 0.000000 0.000000 0.000000 0.960333 1 5.537504330e-05 9.681005031e-05
80 0.079656 -0.011577 0.009379 2.160827 -0.308942 0.284306 0.000000 0.000000 0.000000 0.960632 1 1.367297955e-05 2.310099080e-05
80 0.080037 -0.011617 0.009513 2.160827 -0.308942 0.284306 0.000000 0.000000 0.000000 0.961024 1 5.804398097e-05 9.890808724e-05
80 0.080316 -0.011644 0.009628 2.160827 -0.308942 0.284306 0.000000 0.000000 0.000000 0.961489 1 5.796295591e-05 9.918701835e-05
80 0.080493 -0.011657 0.009724 2.160827 -0.308942 0.284306 0.000000 0.000000 0.000000 0.961992 1 5.794502795e-05 9.802891873e-05
80 0.080572 -0.011656 0.009801 2.160827 -0.308942 0.284306 0.000000 0.000000 0.000000 0.962499 1 5.724397488e-05 9.839190170e-05
80 0.080562 -0.011645 0.009861 2.160827 -0.308942 0.284306 0.000000 0.000000 0.000000 0.962979 1 5.434197374e-05 9.424402378e-05
80 0.080476 -0.011623 0.009907 2.160827 -0.308942 0.284306 0.000000 0.000000 0.000000 0.963437 1 5.507399328e-05 9.577209130e-05
81 0.081375 -0.011208 0.011744 2.269655 -0.277057 0.446749 0.000000 0.000000 0.000000 0.958748 1 1.654401422e-05 3.199907951e-05
81 0.082313 -0.011225 0.012257 2.269655 -0.277057 0.446749 0.000000 0.000000 0.000000 0.958745 1 1.416681334e-05 2.403580584e-05
81 0.083199 -0.011243 0.012735 2.269655 -0.277057 0.446749 0.000000 0.000000 0.000000 0.958567 1 1.436914317e-05 2.846284769e-05
81 0.084060 -0.011264 0.013184 2.269655 -0.277057 0.446749 0.000000 0.000000 0.000000 0.958272 1 1.394585706e-05 2.394989133e-05
81 0.084918 -0.011292 0.013612 2.269655 -0.277057 0.446749 0.000000 0.000000 0.000000 0.957842 1 2.545886673e-05 4.405505024e-05
81 0.085801 -0.011328 0.014024 2.269655 -0.277057 0.446749 0.000000 0.000000 0.000000 0.957246 1 3.274506889e-05 5.548307672e-05
81 0.086739 -0.011377 0.014429 2.269655 -0.277057 0.446749 0.000000 0.000000 0.000000 0.956445 1 5.521299317e-05 9.506684728e-05
81 0.087765 -0.011442 0.014834 2.269655 -0.277057 0.446749 0.000000 0.000000 0.000000 0.955455 1 7.411302067e-05 1.162730623e-04
81 0.088898 -0.011524 0.015245 2.269655 -0.277057 0.446749 0.000000 0.000000 0.000000 0.954322 1 5.588610657e-05 1.030908898e-04
81 0.090153 -0.011626 0.015665 2.269655 -0.277057 0.446749 0.000000 0.000000 0.000000 0.953092 1 5.926308222e-05 1.001930796e-04
81 0.091531 -0.011746 0.016096 2.269655 -0.277057 0.446749 0.000000 0.000000 0.000000 0.951808 1 5.447096191e-05 9.429198690e-05
81 0.093030 -0.011885 0.016539 2.269655 -0.277057 0.446749 0.000000 0.000000 0.000000 0.950494 1 5.754199810e-05 9.720306844e-05
81 0.094650 -0.012042 0.016994 2.269655 -0.277057 0.446749 0.000000 0.000000 0.000000 0.949106 1 6.083399057e-05 1.029029954e-04
81 0.096398 -0.012218 0.017464 2.269655 -0.277057 0.446749 0.000000 0.000000 0.000000 0.947601 1 2.145778853e-04 2.546368632e-04
81 0.098296 -0.012415 0.017954 2.269655 -0.277057 0.446749 0.000000 0.000000 0.000000 0.945831 1 7.356004789e-05 1.347952057e-04
81 0.100391 -0.012639 0.018473 2.269655 -0.277057 0.446749 0.000000 0.000000 0.000000 0.943725 1 5.802814849e-05 9.913695976e-05
81 0.102726 -0.012894 0.019032 2.269655 -0.277057 0.446749 0.000000 0.000000 0.000000 0.941265 1 5.919206887e-05 9.917304851e-05
81 0.105344 -0.013187 0.019639 2.269655 -0.277057 0.446749 0.000000 0.000000 0.000000 0.938475 1 8.140900172e-05 1.495690085e-04
81 0.108274 -0.013519 0.020300 2.269655 -0.277057 0.446749 0.000000 0.000000 0.000000 0.935430 1 5.560088903e-05 9.464286268e-05
81 0.111529 -0.013893 0.021018 2.269655 -0.277057 0.446749 0.000000 0.000000 0.000000 0.932190 1 5.555199459e-05 9.653181769e-05
82 0.116014 -0.014132 0.020302 2.378405 -0.269576 0.347207 0.000000 0.000000 0.000000 0.920825 1 5.931197666e-05 9.965989739e-05
82 0.122083 -0.014745 0.020929 2.378405 -0.269576 0.347207 0.000000 0.000000 0.000000 0.915684 1 5.634315312e-05 1.031600405e-04
82 0.128720 -0.015427 0.021659 2.378405 -0.269576 0.347207 0.000000 0.000000 0.000000 0.909543 1 4.281010479e-05 7.206597365e-05
82 0.135734 -0.016158 0.022463 2.378405 -0.269576 0.347207 0.000000 0.000000 0.000000 0.907002 1 3.590015694e-05 6.112502888e-05
82 0.142406 -0.016855 0.023233 2.378405 -0.269576 0.347207 0.000000 0.000000 0.000000 0.906009 1 5.872803740e-05 9.851716459e-05
82 0.148741 -0.017518 0.023970 2.378405 -0.269576 0.347207 0.000000 0.000000 0.000000 0.905067 1 4.850002006e-05 8.099386469e-05
82 0.154757 -0.018149 0.024675 2.378405 -0.269576 0.347207 0.000000 0.000000 0.000000 0.904165 1 5.493499339e-05 9.423401207e-05
82 0.160471 -0.018750 0.025349 2.378405 -0.269576 0.347207 0.000000 0.000000 0.000000 0.903295 1 4.806905054e-05 8.028908633e-05
82 0.165903 -0.019322 0.025994 2.378405 -0.269576 0.347207 0.000000 0.000000 0.000000 0.902451 1 8.215894923e-05 1.427850220e-04
82 0.171069 -0.019868 0.026612 2.378405 -0.269576 0.347207 0.000000 0.000000 0.000000 0.901634 1 5.824211985e-05 9.212503210e-05
82 0.175985 -0.020388 0.027203 2.378405 -0.269576 0.347207 0.000000 0.000000 0.000000 0.900844 1 3.835186362e-05 6.424705498e-05
82 0.180664 -0.020885 0.027770 2.378405 -0.269576 0.347207 0.000000 0.000000 0.000000 0.900082 1 2.184486948e-05 3.781192936e-05
82 0.185121 -0.021359 0.028313 2.378405 -0.269576 0.347207 0.000000 0.000000 0.000000 0.899342 1 2.707494423e-05 4.649278708e-05
82 0.189368 -0.021811 0.028834 2.378405 -0.269576 0.347207 0.000000 0.000000 0.000000 0.898622 1 3.658700734e-05 6.106402725e-05
82 0.193418 -0.022243 0.029334 2.378405 -0.269576 0.347207 0.000000 0.000000 0.000000 0.897925 1 7.792795077e-05 1.309460495e-04
82 0.197279 -0.022656 0.029813 2.378405 -0.269576 0.347207 0.000000 0.000000 0.000000 0.897261 1 3.816699609e-05 7.730093785e-05
82 0.200963 -0.023051 0.030273 2.378405 -0.269576 0.347207 0.000000 0.000000 0.000000 0.896633 1 5.456386134e-05 9.376509115e-05
82 0.204474 -0.023428 0.030714 2.378405 -0.269576 0.347207 0.000000 0.000000 0.000000 0.896050 1 5.997507833e-05 1.007209066e-04
82 0.207818 -0.023788 0.031135 2.378405 -0.269576 0.347207 0.000000 0.000000 0.000000 0.895508 1 5.822093226e-05 9.779515676e-05
82 0.210999 -0.024130 0.031539 2.378405 -0.269576 0.347207 0.000000 0.000000 0.000000 0.895001 1 5.837087519e-05 9.765895084e-05
83 0.213588 -0.023775 0.032419 2.480721 -0.240130 0.398465 0.000000 0.000000 0.000000 0.899989 1 5.739298649e-05 9.582098573e-05
83 0.216285 -0.023798 0.032997 2.480721 -0.240130 0.398465 0.000000 0.000000 0.000000 0.899571 1 5.888193846e-05 9.879795834e-05
83 0.218850 -0.023826 0.033543 2.480721 -0.240130 0.398465 0.000000 0.000000 0.000000 0.899165 1 5.240994506e-05 9.094388224e-05
83 0.221297 -0.023860 0.034060 2.480721 -0.240130 0.398465 0.000000 0.000000 0.000000 0.898785 1 5.769496784e-05 1.036329195e-04
83 0.223625 -0.023898 0.034548 2.480721 -0.240130 0.398465 0.000000 0.000000 0.000000 0.898435 1 5.871499889e-05 9.553809650e-05
83 0.225837 -0.023939 0.035009 2.480721 -0.240130 0.398465 0.000000 0.000000 0.000000 0.898120 1 5.741696805e-05 9.719305672e-05
83 0.227935 -0.023982 0.035443 2.480721 -0.240130 0.398465 0.000000 0.000000 0.000000 0.897851 1 5.852500908e-05 9.844684973e-05
83 0.229921 -0.024027 0.035852 2.480721 -0.240130 0.398465 0.000000 0.000000 0.000000 0.897605 1 6.283982657e-05 1.016550232e-04
83 0.231796 -0.024072 0.036236 2.480721 -0.240130 0.398465 0.000000 0.000000 0.000000 0.897394 1 5.845795386e-05 9.789597243e-05
83 0.233565 -0.024118 0.036597 2.480721 -0.240130 0.398465 0.000000 0.000000 0.000000 0.897204 1 5.599390715e-05 9.483913891e-05
83 0.235232 -0.024163 0.036935 2.480721 -0.240130 0.398465 0.000000 0.000000 0.000000 0.897030 1 5.986611359e-05 9.819306433e-05
83 0.236802 -0.024208 0.037253 2.480721 -0.240130 0.398465 0.000000 0.000000 0.000000 0.896874 1 5.790404975e-05 1.010261476e-04
83 0.238279 -0.024252 0.037550 2.480721 -0.240130 0.398465 0.000000 0.000000 0.000000 0.896743 1 5.807098933e-05 9.754905477e-05
83 0.239664 -0.024295 0.037829 2.480721 -0.240130 0.398465 0.000000 0.000000 0.000000 0.896645 1 5.895295180e-05 9.822496213e-05
83 0.240959 -0.024336 0.038088 2.480721 -0.240130 0.398465 0.000000 0.000000 0.000000 0.896584 1 5.854805931e-05 9.879702702e-05
83 0.242162 -0.024375 0.038328 2.480721 -0.240130 0.398465 0.000000 0.000000 0.000000 0.896550 1 5.622813478e-05 9.548594244e-05
83 0.243276 -0.024411 0.038551 2.480721 -0.240130 0.398465 0.000000 0.000000 0.000000 0.896538 1 5.839020014e-05 9.373086505e-05
83 0.244305 -0.024444 0.038757 2.480721 -0.240130 0.398465 0.000000 0.000000 0.000000 0.896540 1 5.476293154e-05 9.346590377e-05
83 0.245253 -0.024475 0.038946 2.480721 -0.240130 0.398465 0.000000 0.000000 0.000000 0.896553 1 5.654804409e-05 9.604217485e-05
83 0.246122 -0.024502 0.039120 2.480721 -0.240130 0.398465 0.000000 0.000000 0.000000 0.896612 1 5.101319402e-05 8.812709711e-05
84 0.246785 -0.024317 0.039730 2.563070 -0.238651 0.434309 0.000000 0.000000 0.000000 0.900263 1 5.770893767e-05 9.710993618e-05
84 0.247454 -0.024277 0.040003 2.563070 -0.238651 0.434309 0.000000 0.000000 0.000000 0.900356 1 3.840401769e-05 6.456905976e-05
84 0.248054 -0.024238 0.040253 2.563070 -0.238651 0.434309 0.000000 0.000000 0.000000 0.900452 1 5.154893734e-05 8.628307842e-05
84 0.248588 -0.024200 0.040481 2.563070 -0.238651 0.434309 0.000000 0.000000 0.000000 0.900560 1 5.544908345e-05 9.491993114e-05
84 0.249058 -0.024162 0.040687 2.563070 -0.238651 0.434309 0.000000 0.000000 0.000000 0.900675 1 5.666189827e-05 9.551504627e-05
84 0.249469 -0.024126 0.040873 2.563070 -0.238651 0.434309 0.000000 0.000000 0.000000 0.900798 1 5.890801549e-05 9.823101573e-05
84 0.249824 -0.024090 0.041040 2.563070 -0.238651 0.434309 0.000000 0.000000 0.000000 0.900923 1 5.353591405e-05 9.073386900e-05
84 0.250127 -0.024055 0.041191 2.563070 -0.238651 0.434309 0.000000 0.000000 0.000000 0.901044 1 5.604396574e-05 9.633111767e-05
84 0.250385 -0.024020 0.041326 2.563070 -0.238651 0.434309 0.000000 0.000000 0.000000 0.901150 1 6.265402772e-05 1.076809131e-04
84 0.250604 -0.023986 0.041448 2.563070 -0.238651 0.434309 0.000000 0.000000 0.000000 0.901237 1 5.576107651e-05 9.397999384e-05
84 0.250791 -0.023953 0.041558 2.563070 -0.238651 0.434309 0.000000 0.000000 0.000000 0.901301 1 5.254009739e-05 8.888402954e-05
84 0.250954 -0.023922 0.041658 2.563070 -0.238651 0.434309 0.000000 0.000000 0.000000 0.901343 1 4.777102731e-05 8.145999163e-05
84 0.251098 -0.023893 0.041749 2.563070 -0.238651 0.434309 0.000000 0.000000 0.000000 0.901361 1 6.238697097e-05 1.018701587e-04
84 0.251230 -0.023866 0.041833 2.563070 -0.238651 0.434309 0.000000 0.000000 0.000000 0.901363 1 4.660896957e-05 8.415500633e-05
84 0.251353 -0.023841 0.041910 2.563070 -0.238651 0.434309 0.000000 0.000000 0.000000 0.901356 1 5.529192276e-05 9.422819130e-05
84 0.251467 -0.023818 0.041982 2.563070 -0.238651 0.434309 0.000000 0.000000 0.000000 0.901353 1 5.299877375e-05 8.893106133e-05
84 0.251571 -0.023796 0.042048 2.563070 -0.238651 0.434309 0.000000 0.000000 0.000000 0.901362 1 5.467794836e-05 8.966797031e-05
84 0.251665 -0.023777 0.042108 2.563070 -0.238651 0.434309 0.000000 0.000000 0.000000 0.901383 1 5.819788203e-05 9.744195268e-05
84 0.251746 -0.023758 0.042163 2.563070 -0.238651 0.434309 0.000000 0.000000 0.000000 0.901417 1 1.365900971e-05 2.356385812e-05
84 0.251813 -0.023739 0.042213 2.563070 -0.238651 0.434309 0.000000 0.000000 0.000000 0.901455 1 5.702720955e-05 9.607919492e-05
85 0.251846 -0.023668 0.042252 2.613575 -0.241606 0.442828 0.000000 0.000000 0.000000 0.903468 1 5.861697719e-05 1.003299840e-04
85 0.251884 -0.023642 0.042291 2.613575 -0.241606 0.442828 0.000000 0.000000 0.000000 0.903460 1 4.759593867e-05 7.998989895e-05
85 0.251914 -0.023617 0.042326 2.613575 -0.241606 0.442828 0.000000 0.000000 0.000000 0.903486 1 5.502603017e-05 9.274994954e-05
85 0.251936 -0.023594 0.042357 2.613575 -0.241606 0.442828 0.000000 0.000000 0.000000 0.903519 1 4.928605631e-05 8.356897160e-05
85 0.251949 -0.023572 0.042384 2.613575 -0.241606 0.442828 0.000000 0.000000 0.000000 0.903562 1 5.476502702e-05 9.412690997e-05
85 0.251950 -0.023550 0.042408 2.613575 -0.241606 0.442828 0.000000 0.000000 0.000000 0.903622 1 6.260187365e-05 1.070930157e-04
85 0.251937 -0.023529 0.042427 2.613575 -0.241606 0.442828 0.000000 0.000000 0.000000 0.903700 1 1.333211549e-05 2.454617061e-05
85 0.251907 -0.023508 0.042442 2.613575 -0.241606 0.442828 0.000000 0.000000 0.000000 0.903800 1 7.400917821e-05 1.337998547e-04
85 0.251857 -0.023486 0.042452 2.613575 -0.241606 0.442828 0.000000 0.000000 0.000000 0.903913 1 1.387204975e-05 2.365792170e-05
85 0.251788 -0.023464 0.042458 2.613575 -0.241606 0.442828 0.000000 0.000000 0.000000 0.904033 1 5.864701234e-05 9.812694043e-05
85 0.251700 -0.023442 0.042458 2.613575 -0.241606 0.442828 0.000000 0.000000 0.000000 0.904152 1 5.809613504e-05 9.809108451e-05
85 0.251595 -0.023419 0.042455 2.613575 -0.241606 0.442828 0.000000 0.000000 0.000000 0.904273 1 5.903490819e-05 9.932485409e-05
85 0.251472 -0.023395 0.042448 2.613575 -0.241606 0.442828 0.000000 0.000000 0.000000 0.904406 1 5.532801151e-05 9.511690587e-05
85 0.251330 -0.023370 0.042436 2.613575 -0.241606 0.442828 0.000000 0.000000 0.000000 0.904558 1 5.792104639e-05 1.045798417e-04
85 0.251166 -0.023345 0.042419 2.613575 -0.241606 0.442828 0.000000 0.000000 0.000000 0.904735 1 5.559902638e-05 9.661400691e-05
85 0.250976 -0.023318 0.042398 2.613575 -0.241606 0.442828 0.000000 0.000000 0.000000 0.904932 1 5.674315616e-05 9.556207806e-05
85 0.250760 -0.023289 0.042371 2.613575 -0.241606 0.442828 0.000000 0.000000 0.000000 0.905141 1 5.771894939e-05 9.693903849e-05
85 0.250518 -0.023258 0.042339 2.613575 -0.241606 0.442828 0.000000 0.000000 0.000000 0.905353 1 6.758514792e-05 1.185839064e-04
85 0.250252 -0.023226 0.042302 2.613575 -0.241606 0.442828 0.000000 0.000000 0.000000 0.905563 1 1.326412894e-05 2.249586396e-05
85 0.249964 -0.023192 0.042261 2.613575 -0.241606 0.442828 0.000000 0.000000 0.000000 0.905779 1 7.005501539e-05 1.143650152e-04
86 0.249237 -0.022531 0.042797 2.657931 -0.222789 0.475797 0.000000 0.000000 0.000000 0.908159 1 4.067900591e-05 5.051703192e-05
86 0.248818 -0.022370 0.042862 2.657931 -0.222789 0.475797 0.000000 0.000000 0.000000 0.908374 1 4.211394116e-05 7.243780419e-05
86 0.248388 -0.022217 0.042914 2.657931 -0.222789 0.475797 0.000000 0.000000 0.000000 0.908591 1 1.542805694e-05 2.921605483e-05
86 0.247945 -0.022073 0.042954 2.657931 -0.222789 0.475797 0.000000 0.000000 0.000000 0.908816 1 1.466204412e-05 2.451613545e-05
86 0.247489 -0.021935 0.042982 2.657931 -0.222789 0.475797 0.000000 0.000000 0.000000 0.909048 1 1.383502968e-05 2.334197052e-05
86 0.247020 -0.021805 0.043000 2.657931 -0.222789 0.475797 0.000000 0.000000 0.000000 0.909288 1 1.426483504e-05 2.425489947e-05
86 0.246538 -0.021680 0.043007 2.657931 -0.222789 0.475797 0.000000 0.000000 0.000000 0.909531 1 2.841185778e-05 4.735589027e-05
86 0.246044 -0.021560 0.043005 2.657931 -0.222789 0.475797 0.000000 0.000000 0.000000 0.909767 1 3.176694736e-05 5.388306454e-05
86 0.245540 -0.021446 0.042995 2.657931 -0.222789 0.475797 0.000000 0.000000 0.000000 0.909989 1 6.467709318e-05 1.038920600e-04
86 0.245033 -0.021337 0.042978 2.657931 -0.222789 0.475797 0.000000 0.000000 0.000000 0.910188 1 6.142095663e-05 1.054180320e-04
86 0.244527 -0.021233 0.042955 2.657931 -0.222789 0.475797 0.000000 0.000000 0.000000 0.910362 1 5.761696957e-05 9.843683802e-05
86 0.244027 -0.021135 0.042929 2.657931 -0.222789 0.475797 0.000000 0.000000 0.000000 0.910510 1 5.847611465e-05 1.003069337e-04
86 0.243539 -0.021041 0.042899 2.657931 -0.222789 0.475797 0.000000 0.000000 0.000000 0.910633 1 5.796900950e-05 9.781401604e-05
86 0.243065 -0.020953 0.042868 2.657931 -0.222789 0.475797 0.000000 0.000000 0.000000 0.910736 1 5.878298543e-05 9.913300164e-05
86 0.242608 -0.020871 0.042836 2.657931 -0.222789 0.475797 0.000000 0.000000 0.000000 0.910828 1 5.723303184e-05 9.874207899e-05
86 0.242167 -0.020792 0.042802 2.657931 -0.222789 0.475797 0.000000 0.000000 0.000000 0.910920 1 5.654804409e-05 9.861006401e-05
86 0.241741 -0.020719 0.042768 2.657931 -0.222789 0.475797 0.000000 0.000000 0.000000 0.911020 1 5.558412522e-05 9.640911594e-05
86 0.241326 -0.020649 0.042733 2.657931 -0.222789 0.475797 0.000000 0.000000 0.000000 0.911130 1 4.792609252e-05 8.020992391e-05
86 0.240919 -0.020583 0.042696 2.657931 -0.222789 0.475797 0.000000 0.000000 0.000000 0.911248 1 5.802791566e-05 9.707314894e-05
86 0.240519 -0.020519 0.042658 2.657931 -0.222789 0.475797 0.000000 0.000000 0.000000 0.911372 1 8.114706725e-05 1.521408558e-04
87 0.239876 -0.020078 0.042724 2.692612 -0.213869 0.486977 0.000000 0.000000 0.000000 0.912612 1 7.473118603e-05 1.338378061e-04
87 0.239506 -0.019970 0.042708 2.692612 -0.213869 0.486977 0.000000 0.000000 0.000000 0.912757 1 5.920394324e-05 1.017991453e-04
87 0.239140 -0.019868 0.042688 2.692612 -0.213869 0.486977 0.000000 0.000000 0.000000 0.912881 1 5.844701082e-05 9.882892482e-05
87 0.238777 -0.019772 0.042666 2.692612 -0.213869 0.486977 0.000000 0.000000 0.000000 0.912991 1 5.799601786e-05 9.843893349e-05
87 0.238417 -0.019681 0.042641 2.692612 -0.213869 0.486977 0.000000 0.000000 0.000000 0.913114 1 5.664490163e-05 9.616208263e-05
87 0.238057 -0.019596 0.042612 2.692612 -0.213869 0.486977 0.000000 0.000000 0.000000 0.913262 1 5.775108002e-05 9.688711725e-05
87 0.237693 -0.019514 0.042581 2.692612 -0.213869 0.486977 0.000000 0.000000 0.000000 0.913422 1 5.582999438e-05 9.399303235e-05
87 0.237321 -0.019436 0.042545 2.692612 -0.213869 0.486977 0.000000 0.000000 0.000000 0.913599 1 5.570799112e-05 9.367498569e-05
87 0.236940 -0.019360 0.042505 2.692612 -0.213869 0.486977 0.000000 0.000000 0.000000 0.913787 1 5.572685041e-05 9.547616355e-05
87 0.236549 -0.019288 0.042461 2.692612 -0.213869 0.486977 0.000000 0.000000 0.000000 0.913976 1 5.862792023e-05 1.003020443e-04
87 0.236150 -0.019218 0.042413 2.692612 -0.213869 0.486977 0.000000 0.000000 0.000000 0.914157 1 5.868286826e-05 1.005411614e-04
87 0.235745 -0.019150 0.042363 2.692612 -0.213869 0.486977 0.000000 0.000000 0.000000 0.914329 1 6.068800576e-05 1.025230158e-04
87 0.235335 -0.019085 0.042310 2.692612 -0.213869 0.486977 0.000000 0.000000 0.000000 0.914509 1 5.377200432e-05 9.113317356e-05
87 0.234917 -0.019021 0.042253 2.692612 -0.213869 0.486977 0.000000 0.000000 0.000000 0.914710 1 5.363882519e-05 9.124400094e-05
87 0.234486 -0.018959 0.042193 2.692612 -0.213869 0.486977 0.000000 0.000000 0.000000 0.914937 1 5.458202213e-05 9.185285307e-05
87 0.234039 -0.018898 0.042129 2.692612 -0.213869 0.486977 0.000000 0.000000 0.000000 0.915186 1 5.778111517e-05 9.671715088e-05
87 0.233573 -0.018837 0.042060 2.692612 -0.213869 0.486977 0.000000 0.000000 0.000000 0.915453 1 8.938997053e-05 1.648070756e-04
87 0.233087 -0.018777 0.041986 2.692612 -0.213869 0.486977 0.000000 0.000000 0.000000 0.915721 1 5.366792902e-05 9.125797078e-05
87 0.232584 -0.018717 0.041908 2.692612 -0.213869 0.486977 0.000000 0.000000 0.000000 0.915977 1 5.741813220e-05 9.589712135e-05
87 0.232067 -0.018657 0.041827 2.692612 -0.213869 0.486977 0.000000 0.000000 0.000000 0.916226 1 5.820207298e-05 9.887106717e-05
88 0.231235 -0.018182 0.041984 2.735500 -0.201493 0.506691 0.000000 0.000000 0.000000 0.918148 1 7.555098273e-05 1.356769353e-04
88 0.230646 -0.018050 0.041940 2.735500 -0.201493 0.506691 0.000000 0.000000 0.000000 0.918361 1 5.613709800e-05 9.535206482e-05
88 0.230058 -0.017925 0.041891 2.735500 -0.201493 0.506691 0.000000 0.000000 0.000000 0.918579 1 6.171106361e-05 1.025670208e-04
88 0.229468 -0.017806 0.041838 2.735500 -0.201493 0.506691 0.000000 0.000000 0.000000 0.918806 1 3.167684190e-05 5.369004793e-05
88 0.228874 -0.017693 0.041779 2.735500 -0.201493 0.506691 0.000000 0.000000 0.000000 0.919047 1 3.687501885e-05 6.336998194e-05
88 0.228274 -0.017585 0.041715 2.735500 -0.201493 0.506691 0.000000 0.000000 0.000000 0.919295 1 4.330999218e-05 7.038610056e-05
88 0.227668 -0.017481 0.041646 2.735500 -0.201493 0.506691 0.000000 0.000000 0.000000 0.919541 1 4.827789962e-05 8.212705143e-05
88 0.227058 -0.017381 0.041574 2.735500 -0.201493 0.506691 0.000000 0.000000 0.000000 0.919773 1 5.757599138e-05 9.652809240e-05
88 0.226449 -0.017286 0.041498 2.735500 -0.201493 0.506691 0.000000 0.000000 0.000000 0.919978 1 5.903816782e-05 9.795208462e-05
88 0.225848 -0.017195 0.041421 2.735500 -0.201493 0.506691 0.000000 0.000000 0.000000 0.920148 1 5.769310519e-05 9.618490003e-05
88 0.225262 -0.017109 0.041344 2.735500 -0.201493 0.506691 0.000000 0.000000 0.000000 0.920281 1 5.919602700e-05 9.874906391e-05
88 0.224698 -0.017028 0.041269 2.735500 -0.201493 0.506691 0.000000 0.000000 0.000000 0.920379 1 5.797995254e-05 9.845709428e-05
88 0.224159 -0.016951 0.041196 2.735500 -0.201493 0.506691 0.000000 0.000000 0.000000 0.920444 1 5.844701082e-05 9.868899360e-05
88 0.223652 -0.016880 0.041127 2.735500 -0.201493 0.506691 0.000000 0.000000 0.000000 0.920482 1 7.343292236e-05 1.227499451e-04
88 0.223178 -0.016814 0.041062 2.735500 -0.201493 0.506691 0.000000 0.000000 0.000000 0.920509 1 5.444698036e-05 9.152293205e-05
88 0.222734 -0.016752 0.041001 2.735500 -0.201493 0.506691 0.000000 0.000000 0.000000 0.920539 1 5.556503311e-05 9.333901107e-05
88 0.222316 -0.016695 0.040944 2.735500 -0.201493 0.506691 0.000000 0.000000 0.000000 0.920586 1 5.757599138e-05 9.802496061e-05
88 0.221918 -0.016641 0.040888 2.735500 -0.201493 0.506691 0.000000 0.000000 0.000000 0.920652 1 5.859113298e-05 9.857211262e-05
88 0.221535 -0.016590 0.040834 2.735500 -0.201493 0.506691 0.000000 0.000000 0.000000 0.920735 1 5.100201815e-05 8.476409130e-05
88 0.221162 -0.016542 0.040780 2.735500 -0.201493 0.506691 0.000000 0.000000 0.000000 0.920828 1 5.249097012e-05 8.997088298e-05
89 0.220360 -0.015951 0.040777 2.778244 -0.181065 0.520649 0.000000 0.000000 0.000000 0.922700 1 6.188591942e-05 1.028520055e-04
89 0.219918 -0.015800 0.040734 2.778244 -0.181065 0.520649 0.000000 0.000000 0.000000 0.922793 1 5.922699347e-05 9.943987243e-05
89 0.219491 -0.015660 0.040691 2.778244 -0.181065 0.520649 0.000000 0.000000 0.000000 0.922886 1 5.959020928e-05 9.864103049e-05
89 0.219076 -0.015528 0.040647 2.778244 -0.181065 0.520649 0.000000 0.000000 0.000000 0.922980 1 5.335500464e-05 8.971011266e-05
89 0.218672 -0.015406 0.040603 2.778244 -0.181065 0.520649 0.000000 0.000000 0.000000 0.923085 1 5.865888670e-05 9.844312444e-05
89 0.218275 -0.015291 0.040557 2.778244 -0.181065 0.520649 0.000000 0.000000 0.000000 0.923206 1 5.822698586e-05 9.853905067e-05
89 0.217880 -0.015184 0.040510 2.778244 -0.181065 0.520649 0.000000 0.000000 0.000000 0.923346 1 5.832198076e-05 9.651784785e-05
89 0.217483 -0.015082 0.040460 2.778244 -0.181065 0.520649 0.000000 0.000000 0.000000 0.923504 1 5.841022357e-05 1.006519888e-04
89 0.217082 -0.014986 0.040408 2.778244 -0.181065 0.520649 0.000000 0.000000 0.000000 0.923672 1 5.807681009e-05 9.814393707e-05
89 0.216676 -0.014895 0.040353 2.778244 -0.181065 0.520649 0.000000 0.000000 0.000000 0.923842 1 5.852803588e-05 9.815907106e-05
89 0.216265 -0.014809 0.040295 2.778244 -0.181065 0.520649 0.000000 0.000000 0.000000 0.924002 1 6.521283649e-05 1.148281153e-04
89 0.215853 -0.014727 0.040236 2.778244 -0.181065 0.520649 0.000000 0.000000 0.000000 0.924154 1 5.340599455e-05 9.060604498e-05
89 0.215440 -0.014649 0.040175 2.778244 -0.181065 0.520649 0.000000 0.000000 0.000000 0.924314 1 5.910196342e-05 9.997794405e-05
89 0.215022 -0.014575 0.040112 2.778244 -0.181065 0.520649 0.000000 0.000000 0.000000 0.924493 1 5.710800178e-05 9.513203986e-05
89 0.214594 -0.014504 0.040046 2.778244 -0.181065 0.520649 0.000000 0.000000 0.000000 0.924697 1 7.079914212e-05 1.151550096e-04
89 0.214154 -0.014436 0.039977 2.778244 -0.181065 0.520649 0.000000 0.000000 0.000000 0.924922 1 5.833082832e-05 9.814207442e-05
89 0.213698 -0.014369 0.039903 2.778244 -0.181065 0.520649 0.000000 0.000000 0.000000 0.925158 1 5.194894038e-05 9.039510041e-05
89 0.213226 -0.014305 0.039826 2.778244 -0.181065 0.520649 0.000000 0.000000 0.000000 0.925393 1 5.799601786e-05 9.619700722e-05
89 0.212742 -0.014242 0.039745 2.778244 -0.181065 0.520649 0.000000 0.000000 0.000000 0.925616 1 5.616410635e-05 9.612203576e-05
89 0.212249 -0.014181 0.039662 2.778244 -0.181065 0.520649 0.000000 0.000000 0.000000 0.925828 1 5.786586553e-05 9.755906649e-05
90 0.210127 -0.013987 0.039282 2.830632 -0.167870 0.535431 0.000000 0.000000 0.000000 0.927732 1 5.010305904e-05 8.650589734e-05
90 0.209677 -0.013843 0.039233 2.830632 -0.167870 0.535431 0.000000 0.000000 0.000000 0.927911 1 4.938896745e-05 8.378387429e-05
90 0.209223 -0.013708 0.039180 2.830632 -0.167870 0.535431 0.000000 0.000000 0.000000 0.928093 1 5.814782344e-05 9.927293286e-05
90 0.208764 -0.013581 0.039123 2.830632 -0.167870 0.535431 0.000000 0.000000 0.000000 0.928281 1 5.339994095e-05 9.121792391e-05
90 0.208298 -0.013461 0.039063 2.830632 -0.167870 0.535431 0.000000 0.000000 0.000000 0.928481 1 5.566398613e-05 9.574485011e-05
90 0.207823 -0.013347 0.038999 2.830632 -0.167870 0.535431 0.000000 0.000000 0.000000 0.928685 1 1.332117245e-05 2.301693894e-05
90 0.207340 -0.013240 0.038932 2.830632 -0.167870 0.535431 0.000000 0.000000 0.000000 0.928885 1 2.879090607e-05 4.828698002e-05
90 0.206853 -0.013139 0.038862 2.830632 -0.167870 0.535431 0.000000 0.000000 0.000000 0.929069 1 5.838111974e-05 9.987200610e-05
90 0.206366 -0.013043 0.038790 2.830632 -0.167870 0.535431 0.000000 0.000000 0.000000 0.929228 1 6.417301483e-05 1.030308194e-04
90 0.205886 -0.012953 0.038718 2.830632 -0.167870 0.535431 0.000000 0.000000 0.000000 0.929355 1 5.735317245e-05 9.594880976e-05
90 0.205419 -0.012868 0.038647 2.830632 -0.167870 0.535431 0.000000 0.000000 0.000000 0.929450 1 5.899602547e-05 9.780796245e-05
90 0.204971 -0.012788 0.038579 2.830632 -0.167870 0.535431 0.000000 0.000000 0.000000 0.929518 1 5.789799616e-05 9.707687423e-05
90 0.204546 -0.012715 0.038513 2.830632 -0.167870 0.535431 0.000000 0.000000 0.000000 0.929558 1 5.222414620e-05 8.983700536e-05
90 0.204147 -0.012646 0.038451 2.830632 -0.167870 0.535431 0.000000 0.000000 0.000000 0.929574 1 5.749799311e-05 9.551504627e-05
90 0.203778 -0.012583 0.038394 2.830632 -0.167870 0.535431 0.000000 0.000000 0.000000 0.929579 1 7.484899834e-05 1.348790247e-04
90 0.203436 -0.012524 0.038341 2.830632 -0.167870 0.535431 0.000000 0.000000 0.000000 0.929586 1 5.880696699e-05 1.058729831e-04
90 0.203117 -0.012470 0.038292 2.830632 -0.167870 0.535431 0.000000 0.000000 0.000000 0.929606 1 5.537504330e-05 9.442493320e-05
90 0.202816 -0.012419 0.038245 2.830632 -0.167870 0.535431 0.000000 0.000000 0.000000 0.929644 1 6.371201016e-05 1.032841392e-04
90 0.202528 -0.012372 0.038199 2.830632 -0.167870 0.535431 0.000000 0.000000 0.000000 0.929697 1 5.886098370e-05 9.832507931e-05
90 0.202249 -0.012328 0.038155 2.830632 -0.167870 0.535431 0.000000 0.000000 0.000000 0.929761 1 5.118595436e-05 8.408701979e-05
91 0.201518 -0.011781 0.038074 2.884101 -0.142094 0.548543 0.000000 0.000000 0.000000 0.931785 1 3.769504838e-05 6.310897879e-05
91 0.201142 -0.011620 0.038022 2.884101 -0.142094 0.548543 0.000000 0.000000 0.000000 0.931854 1 6.588408723e-05 1.083929092e-04
91 0.200779 -0.011471 0.037971 2.884101 -0.142094 0.548543 0.000000 0.000000 0.000000 0.931925 1 3.983709030e-05 6.966409273e-05
91 0.200429 -0.011332 0.037921 2.884101 -0.142094 0.548543 0.000000 0.000000 0.000000 0.931996 1 3.484799527e-05 5.322601646e-05
91 0.200089 -0.011203 0.037872 2.884101 -0.142094 0.548543 0.000000 0.000000 0.000000 0.932076 1 2.281297930e-05 3.881216981e-05
91 0.199756 -0.011083 0.037822 2.884101 -0.142094 0.548543 0.000000 0.000000 0.000000 0.932172 1 1.822994091e-05 2.789706923e-05
91 0.199424 -0.010972 0.037772 2.884101 -0.142094 0.548543 0.000000 0.000000 0.000000 0.932287 1 1.941085793e-05 3.140210174e-05
91 0.199090 -0.010867 0.037721 2.884101 -0.142094 0.548543 0.000000 0.000000 0.000000 0.932419 1 2.168421634e-05 3.290711902e-05
91 0.198751 -0.010769 0.037668 2.884101 -0.142094 0.548543 0.000000 0.000000 0.000000 0.932563 1 3.187311813e-05 4.894495942e-05
91 0.198406 -0.010677 0.037612 2.884101 -0.142094 0.548543 0.000000 0.000000 0.000000 0.932709 1 3.725010902e-05 5.728704855e-05
91 0.198056 -0.010590 0.037555 2.884101 -0.142094 0.548543 0.000000 0.000000 0.000000 0.932847 1 7.439707406e-05 1.145161223e-04
91 0.197703 -0.010509 0.037497 2.884101 -0.142094 0.548543 0.000000 0.000000 0.000000 0.932979 1 7.490301505e-05 1.156078652e-04
91 0.197347 -0.010432 0.037437 2.884101 -0.142094 0.548543 0.000000 0.000000 0.000000 0.933118 1 7.291999646e-05 1.128879376e-04
91 0.196986 -0.010360 0.037376 2.884101 -0.142094 0.548543 0.000000 0.000000 0.000000 0.933274 1 7.286388427e-05 1.127899159e-04
91 0.196615 -0.010291 0.037312 2.884101 -0.142094 0.548543 0.000000 0.000000 0.000000 0.933452 1 6.491900422e-05 9.939796291e-05
91 0.196231 -0.010226 0.037246 2.884101 -0.142094 0.548543 0.000000 0.000000 0.000000 0.933649 1 5.639088340e-05 9.661214426e-05
91 0.195831 -0.010163 0.037176 2.884101 -0.142094 0.548543 0.000000 0.000000 0.000000 0.933856 1 6.036204286e-05 1.013351139e-04
91 0.195416 -0.010103 0.037102 2.884101 -0.142094 0.548543 0.000000 0.000000 0.000000 0.934062 1 5.799299106e-05 9.782402776e-05
91 0.194988 -0.010046 0.037026 2.884101 -0.142094 0.548543 0.000000 0.000000 0.000000 0.934257 1 6.622099318e-05 1.054177992e-04
91 0.194552 -0.009990 0.036947 2.884101 -0.142094 0.548543 0.000000 0.000000 0.000000 0.934440 1 3.878585994e-05 6.859889254e-05
92 0.193827 -0.009644 0.036808 2.945537 -0.127547 0.559832 0.000000 0.000000 0.000000 0.936357 1 5.889497697e-05 9.939307347e-05
92 0.193320 -0.009526 0.036713 2.945537 -0.127547 0.559832 0.000000 0.000000 0.000000 0.936503 1 6.708502769e-05 1.203059219e-04
92 0.192818 -0.009416 0.036620 2.945537 -0.127547 0.559832 0.000000 0.000000 0.000000 0.936649 1 5.524395965e-05 9.473203681e-05
92 0.192321 -0.009312 0.036528 2.945537 -0.127547 0.559832 0.000000 0.000000 0.000000 0.936801 1 5.836808123e-05 9.916001000e-05
92 0.191827 -0.009215 0.036436 2.945537 -0.127547 0.559832 0.000000 0.000000 0.000000 0.936961 1 4.772492684e-05 8.090492338e-05
92 0.191334 -0.009124 0.036344 2.945537 -0.127547 0.559832 0.000000 0.000000 0.000000 0.937123 1 5.576806143e-05 9.494018741e-05
92 0.190843 -0.009038 0.036252 2.945537 -0.127547 0.559832 0.000000 0.000000 0.000000 0.937280 1 4.562805407e-05 7.867789827e-05
92 0.190356 -0.008958 0.036161 2.945537 -0.127547 0.559832 0.000000 0.000000 0.000000 0.937419 1 5.587888882e-05 9.626685642e-05
92 0.189878 -0.008882 0.036072 2.945537 -0.127547 0.559832 0.000000 0.000000 0.000000 0.937535 1 5.812197924e-05 9.936792776e-05
92 0.189414 -0.008811 0.035985 2.945537 -0.127547 0.559832 0.000000 0.000000 0.000000 0.937623 1 5.385512486e-05 9.087193757e-05
92 0.188969 -0.008745 0.035902 2.945537 -0.127547 0.559832 0.000000 0.000000 0.000000 0.937683 1 5.572219379e-05 9.616604075e-05
92 0.188548 -0.008683 0.035823 2.945537 -0.127547 0.559832 0.000000 0.000000 0.000000 0.937723 1 4.786811769e-05 8.077803068e-05
92 0.188153 -0.008626 0.035748 2.945537 -0.127547 0.559832 0.000000 0.000000 0.000000 0.937739 1 5.742185749e-05 1.063540112e-04
92 0.187787 -0.008574 0.035680 2.945537 -0.127547 0.559832 0.000000 0.000000 0.000000 0.937734 1 6.048404612e-05 1.049460843e-04
92 0.187452 -0.008525 0.035617 2.945537 -0.127547 0.559832 0.000000 0.000000 0.000000 0.937719 1 6.317300722e-05 1.033400185e-04
92 0.187146 -0.008481 0.035560 2.945537 -0.127547 0.559832 0.000000 0.000000 0.000000 0.937703 1 5.572009832e-05 9.551714174e-05
92 0.186867 -0.008440 0.035507 2.945537 -0.127547 0.559832 0.000000 0.000000 0.000000 0.937698 1 5.346117541e-05 8.959998377e-05
92 0.186608 -0.008402 0.035459 2.945537 -0.127547 0.559832 0.000000 0.000000 0.000000 0.937709 1 5.854386836e-05 9.813089855e-05
92 0.186365 -0.008366 0.035413 2.945537 -0.127547 0.559832 0.000000 0.000000 0.000000 0.937734 1 7.020705380e-05 1.262819860e-04
92 0.186133 -0.008334 0.035370 2.945537 -0.127547 0.559832 0.000000 0.000000 0.000000 0.937769 1 5.325698294e-05 9.043607861e-05
93 0.185447 -0.007853 0.035242 3.007653 -0.097825 0.571813 0.000000 0.000000 0.000000 0.939793 1 1.409882680e-05 2.389797010e-05
93 0.185106 -0.007702 0.035178 3.007653 -0.097825 0.571813 0.000000 0.000000 0.000000 0.939841 1 1.348601654e-05 2.301298082e-05
93 0.184777 -0.007562 0.035117 3.007653 -0.097825 0.571813 0.000000 0.000000 0.000000 0.939914 1 2.097291872e-05 3.527686931e-05
93 0.184458 -0.007432 0.035057 3.007653 -0.097825 0.571813 0.000000 0.000000 0.000000 0.939964 1 1.936103217e-05 3.376300447e-05
93 0.184152 -0.007312 0.035000 3.007653 -0.097825 0.571813 0.000000 0.000000 0.000000 0.940020 1 4.271185026e-05 7.327902131e-05
93 0.183855 -0.007201 0.034944 3.007653 -0.097825 0.571813 0.000000 0.000000 0.000000 0.940091 1 4.306202754e-05 7.409090176e-05
93 0.183562 -0.007097 0.034889 3.007653 -0.097825 0.571813 0.000000 0.000000 0.000000 0.940179 1 6.542494521e-05 9.563192725e-05
93 0.183268 -0.007001 0.034834 3.007653 -0.097825 0.571813 0.000000 0.000000 0.000000 0.940290 1 7.782690227e-05 1.174497884e-04
93 0.182970 -0.006912 0.034778 3.007653 -0.097825 0.571813 0.000000 0.000000 0.000000 0.940406 1 6.360514089e-05 9.660702199e-05
93 0.182668 -0.006828 0.034722 3.007653 -0.097825 0.571813 0.000000 0.000000 0.000000 0.940525 1 8.674780838e-05 1.259839628e-04
93 0.182362 -0.006750 0.034664 3.007653 -0.097825 0.571813 0.000000 0.000000 0.000000 0.940639 1 7.760291919e-05 1.170898322e-04
93 0.182054 -0.006677 0.034606 3.007653 -0.097825 0.571813 0.000000 0.000000 0.000000 0.940749 1 1.886999235e-05 2.915202640e-05
93 0.181743 -0.006609 0.034547 3.007653 -0.097825 0.571813 0.000000 0.000000 0.000000 0.940866 1 1.777750440e-04 2.392081078e-04
93 0.181428 -0.006545 0.034488 3.007653 -0.097825 0.571813 0.000000 0.000000 0.000000 0.940998 1 1.683519222e-04 2.296140883e-04
93 0.181103 -0.006485 0.034426 3.007653 -0.097825 0.571813 0.000000 0.000000 0.000000 0.941148 1 5.361903459e-05 8.203485049e-05
93 0.180767 -0.006428 0.034363 3.007653 -0.097825 0.571813 0.000000 0.000000 0.000000 0.941317 1 5.560694262e-05 8.481414989e-05
93 0.180416 -0.006374 0.034296 3.007653 -0.097825 0.571813 0.000000 0.000000 0.000000 0.941498 1 2.834200859e-05 4.913005978e-05
93 0.180049 -0.006324 0.034227 3.007653 -0.097825 0.571813 0.000000 0.000000 0.000000 0.941678 1 6.748712622e-05 1.061030198e-04
93 0.179671 -0.006275 0.034155 3.007653 -0.097825 0.571813 0.000000 0.000000 0.000000 0.941846 1 5.399086513e-05 9.042699821e-05
93 0.179284 -0.006230 0.034082 3.007653 -0.097825 0.571813 0.000000 0.000000 0.000000 0.942002 1 5.649798550e-05 9.686290286e-05
94 0.177265 -0.005903 0.033635 3.075658 -0.082290 0.579848 0.000000 0.000000 0.000000 0.943759 1 4.451000132e-05 7.504899986e-05
94 0.176919 -0.005805 0.033553 3.075658 -0.082290 0.579848 0.000000 0.000000 0.000000 0.943881 1 5.702115595e-05 9.656487964e-05
94 0.176572 -0.005713 0.033473 3.075658 -0.082290 0.579848 0.000000 0.000000 0.000000 0.944000 1 5.593011156e-05 9.591202252e-05
94 0.176222 -0.005628 0.033392 3.075658 -0.082290 0.579848 0.000000 0.000000 0.000000 0.944125 1 5.499785766e-05 1.024571247e-04
94 0.175869 -0.005548 0.033313 3.075658 -0.082290 0.579848 0.000000 0.000000 0.000000 0.944254 1 5.886284634e-05 9.934208356e-05
94 0.175513 -0.005474 0.033234 3.075658 -0.082290 0.579848 0.000000 0.000000 0.000000 0.944383 1 5.679600872e-05 1.041991636e-04
94 0.175154 -0.005405 0.033155 3.075658 -0.082290 0.579848 0.000000 0.000000 0.000000 0.944503 1 5.689798854e-05 9.702192619e-05
94 0.174797 -0.005340 0.033077 3.075658 -0.082290 0.579848 0.000000 0.000000 0.000000 0.944606 1 6.090197712e-05 1.044219825e-04
94 0.174446 -0.005279 0.033002 3.075658 -0.082290 0.579848 0.000000 0.000000 0.000000 0.944686 1 5.540507846e-05 9.503494948e-05
94 0.174106 -0.005223 0.032929 3.075658 -0.082290 0.579848 0.000000 0.000000 0.000000 0.944741 1 6.041885354e-05 1.015812159e-04
94 0.173783 -0.005171 0.032860 3.075658 -0.082290 0.579848 0.000000 0.000000 0.000000 0.944774 1 5.444698036e-05 9.048893116e-05
94 0.173478 -0.005123 0.032795 3.075658 -0.082290 0.579848 0.000000 0.000000 0.000000 0.944791 1 5.593989044e-05 9.669200517e-05
94 0.173196 -0.005078 0.032735 3.075658 -0.082290 0.579848 0.000000 0.000000 0.000000 0.944788 1 6.674509495e-05 1.168581657e-04
94 0.172938 -0.005037 0.032680 3.075658 -0.082290 0.579848 0.000000 0.000000 0.000000 0.944767 1 1.383107156e-05 2.342811786e-05
94 0.172707 -0.005000 0.032631 3.075658 -0.082290 0.579848 0.000000 0.000000 0.000000 0.944736 1 5.728797987e-05 1.001521014e-04
94 0.172500 -0.004965 0.032586 3.075658 -0.082290 0.579848 0.000000 0.000000 0.000000 0.944722 1 6.532692350e-05 1.156940125e-04
94 0.172312 -0.004933 0.032546 3.075658 -0.082290 0.579848 0.000000 0.000000 0.000000 0.944699 1 5.932408385e-05 9.840703569e-05
94 0.172142 -0.004904 0.032509 3.075658 -0.082290 0.579848 0.000000 0.000000 0.000000 0.944689 1 5.515292287e-05 9.185378440e-05
94 0.171987 -0.004877 0.032475 3.075658 -0.082290 0.579848 0.000000 0.000000 0.000000 0.944691 1 1.252419315e-04 1.639351249e-04
94 0.171841 -0.004852 0.032444 3.075658 -0.082290 0.579848 0.000000 0.000000 0.000000 0.944703 1 7.535796613e-05 1.166181173e-04
95 0.171231 -0.004425 0.032307 3.143610 -0.048728 0.590984 0.000000 0.000000 0.000000 0.946617 1 7.564900443e-05 1.157880761e-04
95 0.170965 -0.004285 0.032248 3.143610 -0.048728 0.590984 0.000000 0.000000 0.000000 0.946642 1 7.495400496e-05 1.159051899e-04
95 0.170706 -0.004155 0.032191 3.143610 -0.048728 0.590984 0.000000 0.000000 0.000000 0.946700 1 7.954519242e-05 1.185948495e-04
95 0.170460 -0.004035 0.032137 3.143610 -0.048728 0.590984 0.000000 0.000000 0.000000 0.946730 1 7.359101437e-05 1.136800274e-04
95 0.170225 -0.003924 0.032086 3.143610 -0.048728 0.590984 0.000000 0.000000 0.000000 0.946765 1 7.675983943e-05 1.182788983e-04
95 0.169996 -0.003822 0.032036 3.143610 -0.048728 0.590984 0.000000 0.000000 0.000000 0.946824 1 7.443386130e-05 1.147419680e-04
95 0.169769 -0.003727 0.031988 3.143610 -0.048728 0.590984 0.000000 0.000000 0.000000 0.946890 1 7.464597002e-05 1.163489651e-04
95 0.169542 -0.003639 0.031940 3.143610 -0.048728 0.590984 0.000000 0.000000 0.000000 0.946973 1 6.181490608e-05 9.506498463e-05
95 0.169311 -0.003558 0.031891 3.143610 -0.048728 0.590984 0.000000 0.000000 0.000000 0.947067 1 7.424200885e-05 1.142951660e-04
95 0.169074 -0.003483 0.031842 3.143610 -0.048728 0.590984 0.000000 0.000000 0.000000 0.947167 1 8.468097076e-05 1.342990436e-04
95 0.168831 -0.003413 0.031792 3.143610 -0.048728 0.590984 0.000000 0.000000 0.000000 0.947263 1 6.950506940e-05 1.075870823e-04
95 0.168584 -0.003348 0.031741 3.143610 -0.048728 0.590984 0.000000 0.000000 0.000000 0.947357 1 7.497891784e-05 1.148779411e-04
95 0.168333 -0.003287 0.031690 3.143610 -0.048728 0.590984 0.000000 0.000000 0.000000 0.947458 1 7.242499851e-05 1.088059507e-04
95 0.168075 -0.003231 0.031638 3.143610 -0.048728 0.590984 0.000000 0.000000 0.000000 0.947574 1 7.506110705e-05 1.154311467e-04
95 0.167806 -0.003179 0.031585 3.143610 -0.048728 0.590984 0.000000 0.000000 0.000000 0.947706 1 6.005400792e-05 9.317579679e-05
95 0.167524 -0.003130 0.031529 3.143610 -0.048728 0.590984 0.000000 0.000000 0.000000 0.947852 1 1.838291064e-05 2.849218436e-05
95 0.167227 -0.003084 0.031470 3.143610 -0.048728 0.590984 0.000000 0.000000 0.000000 0.948010 1 7.585901767e-05 1.375279389e-04
95 0.166914 -0.003042 0.031409 3.143610 -0.048728 0.590984 0.000000 0.000000 0.000000 0.948167 1 2.346001565e-05 4.264409654e-05
95 0.166589 -0.003002 0.031345 3.143610 -0.048728 0.590984 0.000000 0.000000 0.000000 0.948313 1 7.407087833e-05 1.340750605e-04
95 0.166255 -0.002964 0.031281 3.143610 -0.048728 0.590984 0.000000 0.000000 0.000000 0.948445 1 4.808395170e-05 7.979106158e-05
96 0.164311 -0.002644 0.033020 3.215759 -0.024968 0.805806 0.000000 0.000000 0.000000 0.950058 1 6.256788038e-05 1.023281366e-04
96 0.164010 -0.002536 0.033572 3.215759 -0.024968 0.805806 0.000000 0.000000 0.000000 0.950174 1 5.592196248e-05 9.499699809e-05
96 0.163704 -0.002437 0.034074 3.215759 -0.024968 0.805806 0.000000 0.000000 0.000000 0.950284 1 5.736295134e-05 9.868014604e-05
96 0.163394 -0.002345 0.034530 3.215759 -0.024968 0.805806 0.000000 0.000000 0.000000 0.950397 1 6.764801219e-05 1.074578613e-04
96 0.163080 -0.002260 0.034944 3.215759 -0.024968 0.805806 0.000000 0.000000 0.000000 0.950511 1 5.461811088e-05 9.159022011e-05
96 0.162762 -0.002181 0.035320 3.215759 -0.024968 0.805806 0.000000 0.000000 0.000000 0.950620 1 5.791196600e-05 9.829294868e-05
96 0.162444 -0.002108 0.035660 3.215759 -0.024968 0.805806 0.000000 0.000000 0.000000 0.950716 1 2.605491318e-05 4.559592344e-05
96 0.162128 -0.002040 0.035969 3.215759 -0.024968 0.805806 0.000000 0.000000 0.000000 0.950793 1 1.846184023e-05 3.106496297e-05
96 0.161821 -0.001978 0.036250 3.215759 -0.024968 0.805806 0.000000 0.000000 0.000000 0.950848 1 1.402595080e-05 2.419296652e-05
96 0.161527 -0.001920 0.036507 3.215759 -0.024968 0.805806 0.000000 0.000000 0.000000 0.950880 1 1.404504292e-05 2.442905679e-05
96 0.161250 -0.001867 0.036743 3.215759 -0.024968 0.805806 0.000000 0.000000 0.000000 0.950895 1 2.584001049e-05 4.685809836e-05
96 0.160993 -0.001818 0.036960 3.215759 -0.024968 0.805806 0.000000 0.000000 0.000000 0.950897 1 3.249989823e-05 5.923211575e-05
96 0.160757 -0.001772 0.037161 3.215759 -0.024968 0.805806 0.000000 0.000000 0.000000 0.950883 1 1.574703492e-05 2.658204176e-05
96 0.160542 -0.001730 0.037347 3.215759 -0.024968 0.805806 0.000000 0.000000 0.000000 0.950867 1 5.903700367e-05 1.065940596e-04
96 0.160352 -0.001691 0.037521 3.215759 -0.024968 0.805806 0.000000 0.000000 0.000000 0.950830 1 5.292217247e-05 9.031291120e-05
96 0.160186 -0.001656 0.037684 3.215759 -0.024968 0.805806 0.000000 0.000000 0.000000 0.950789 1 5.568494089e-05 9.707710706e-05
96 0.160042 -0.001623 0.037837 3.215759 -0.024968 0.805806 0.000000 0.000000 0.000000 0.950752 1 6.223190576e-05 1.027348917e-04
96 0.159918 -0.001593 0.037980 3.215759 -0.024968 0.805806 0.000000 0.000000 0.000000 0.950725 1 1.849606633e-05 3.165006638e-05
96 0.159807 -0.001565 0.038113 3.215759 -0.024968 0.805806 0.000000 0.000000 0.000000 0.950719 1 8.007301949e-05 1.497049816e-04
96 0.159706 -0.001539 0.038236 3.215759 -0.024968 0.805806 0.000000 0.000000 0.000000 0.950712 1 7.705204189e-05 1.168691088e-04
97 0.159000 -0.001056 0.038419 3.288481 0.029523 0.850934 0.000000 0.000000 0.000000 0.952827 1 7.666577585e-05 1.172400080e-04
97 0.158701 -0.000868 0.038551 3.288481 0.029523 0.850934 0.000000 0.000000 0.000000 0.952840 1 7.632700726e-05 1.160139218e-04
97 0.158417 -0.000694 0.038670 3.288481 0.029523 0.850934 0.000000 0.000000 0.000000 0.952889 1 7.771886885e-05 1.177049708e-04
97 0.158146 -0.000534 0.038779 3.288481 0.029523 0.850934 0.000000 0.000000 0.000000 0.952906 1 8.665095083e-05 1.371318940e-04
97 0.157891 -0.000386 0.038878 3.288481 0.029523 0.850934 0.000000 0.000000 0.000000 0.952930 1 7.246388122e-05 1.117410138e-04
97 0.157647 -0.000249 0.038967 3.288481 0.029523 0.850934 0.000000 0.000000 0.000000 0.952967 1 7.716612890e-05 1.178688835e-04
97 0.157409 -0.000123 0.039046 3.288481 0.029523 0.850934 0.000000 0.000000 0.000000 0.953030 1 6.696092896e-05 1.020429190e-04
97 0.157173 -0.000007 0.039114 3.288481 0.029523 0.850934 0.000000 0.000000 0.000000 0.953099 1 7.688114420e-05 1.166379079e-04
97 0.156936 0.000099 0.039172 3.288481 0.029523 0.850934 0.000000 0.000000 0.000000 0.953180 1 6.001698785e-05 9.074201807e-05
97 0.156695 0.000198 0.039221 3.288481 0.029523 0.850934 0.000000 0.000000 0.000000 0.953266 1 7.139891386e-05 1.091510057e-04
97 0.156452 0.000289 0.039260 3.288481 0.029523 0.850934 0.000000 0.000000 0.000000 0.953351 1 7.726298645e-05 1.181759872e-04
97 0.156206 0.000372 0.039290 3.288481 0.029523 0.850934 0.000000 0.000000 0.000000 0.953433 1 7.007597014e-05 1.073249150e-04
97 0.155957 0.000449 0.039313 3.288481 0.029523 0.850934 0.000000 0.000000 0.000000 0.953523 1 7.650698535e-05 1.168400049e-04
97 0.155704 0.000520 0.039327 3.288481 0.029523 0.850934 0.000000 0.000000 0.000000 0.953626 1 6.164493971e-05 9.520491585e-05
97 0.155441 0.000585 0.039333 3.288481 0.029523 0.850934 0.000000 0.000000 0.000000 0.953746 1 7.673003711e-05 1.166160218e-04
97 0.155166 0.000645 0.039330 3.288481 0.029523 0.850934 0.000000 0.000000 0.000000 0.953879 1 7.897289470e-05 1.223029103e-04
97 0.154877 0.000700 0.039319 3.288481 0.029523 0.850934 0.000000 0.000000 0.000000 0.954019 1 5.174288526e-05 8.662510663e-05
97 0.154575 0.000750 0.039299 3.288481 0.029523 0.850934 0.000000 0.000000 0.000000 0.954162 1 5.840812810e-05 9.922101162e-05
97 0.154261 0.000797 0.039271 3.288481 0.029523 0.850934 0.000000 0.000000 0.000000 0.954292 1 4.816800356e-05 8.062110282e-05
97 0.153941 0.000839 0.039238 3.288481 0.029523 0.850934 0.000000 0.000000 0.000000 0.954409 1 4.910002463e-05 8.891499601e-05
98 0.153208 0.001164 0.039117 3.366299 0.063199 0.873695 0.000000 0.000000 0.000000 0.956175 1 6.757094525e-05 1.184339635e-04
98 0.152760 0.001287 0.039051 3.366299 0.063199 0.873695 0.000000 0.000000 0.000000 0.956254 1 5.823001266e-05 9.799795225e-05
98 0.152327 0.001400 0.038984 3.366299 0.063199 0.873695 0.000000 0.000000 0.000000 0.956326 1 5.605211481e-05 9.640213102e-05
98 0.151907 0.001505 0.038918 3.366299 0.063199 0.873695 0.000000 0.000000 0.000000 0.956405 1 5.521578714e-05 9.534298442e-05
98 0.151500 0.001601 0.038851 3.366299 0.063199 0.873695 0.000000 0.000000 0.000000 0.956486 1 5.502812564e-05 9.318511002e-05
98 0.151103 0.001689 0.038784 3.366299 0.063199 0.873695 0.000000 0.000000 0.000000 0.956562 1 5.779392086e-05 9.761401452e-05
98 0.150718 0.001770 0.038718 3.366299 0.063199 0.873695 0.000000 0.000000 0.000000 0.956626 1 5.673896521e-05 9.542494081e-05
98 0.150347 0.001844 0.038652 3.366299 0.063199 0.873695 0.000000 0.000000 0.000000 0.956686 1 7.480708882e-05 1.253329683e-04
98 0.149992 0.001913 0.038588 3.366299 0.063199 0.873695 0.000000 0.000000 0.000000 0.956728 1 5.495082587e-05 9.244587272e-05
98 0.149643 0.001976 0.038524 3.366299 0.063199 0.873695 0.000000 0.000000 0.000000 0.956946 1 3.194508608e-04 3.586621024e-04
98 0.149192 0.002031 0.038431 3.366299 0.063199 0.873695 0.000000 0.000000 0.000000 0.957586 1 4.551792517e-05 7.742689922e-05
98 0.148672 0.002081 0.038318 3.366299 0.063199 0.873695 0.000000 0.000000 0.000000 0.957765 1 5.387305282e-05 9.028194472e-05
98 0.148151 0.002126 0.038204 3.366299 0.063199 0.873695 0.000000 0.000000 0.000000 0.957909 1 5.891919136e-05 9.808689356e-05
98 0.147636 0.002166 0.038089 3.366299 0.063199 0.873695 0.000000 0.000000 0.000000 0.958038 1 5.767494440e-05 9.663798846e-05
98 0.147128 0.002203 0.037975 3.366299 0.063199 0.873695 0.000000 0.000000 0.000000 0.958161 1 5.394709297e-05 9.352201596e-05
98 0.146626 0.002237 0.037861 3.366299 0.063199 0.873695 0.000000 0.000000 0.000000 0.958288 1 5.438318476e-05 9.119790047e-05
98 0.146130 0.002267 0.037747 3.366299 0.063199 0.873695 0.000000 0.000000 0.000000 0.958423 1 7.359799929e-05 1.325681806e-04
98 0.145635 0.002295 0.037632 3.366299 0.063199 0.873695 0.000000 0.000000 0.000000 0.958566 1 6.578699686e-05 1.166521106e-04
98 0.145140 0.002319 0.037517 3.366299 0.063199 0.873695 0.000000 0.000000 0.000000 0.958718 1 5.828589201e-05 9.863497689e-05
98 0.144642 0.002341 0.037399 3.366299 0.063199 0.873695 0.000000 0.000000 0.000000 0.958877 1 5.785003304e-05 9.764987044e-05
99 0.143575 0.002698 0.037099 3.445056 0.118521 0.888812 0.000000 0.000000 0.000000 0.960941 1 7.577310316e-05 1.168102026e-04
99 0.142857 0.002846 0.036909 3.445056 0.118521 0.888812 0.000000 0.000000 0.000000 0.961118 1 8.073984645e-05 1.317479182e-04
99 0.142143 0.002980 0.036721 3.445056 0.118521 0.888812 0.000000 0.000000 0.000000 0.961317 1 7.481593639e-05 1.140099484e-04
99 0.141430 0.003103 0.036533 3.445056 0.118521 0.888812 0.000000 0.000000 0.000000 0.961521 1 7.378193550e-05 1.123789698e-04
99 0.140717 0.003214 0.036346 3.445056 0.118521 0.888812 0.000000 0.000000 0.000000 0.961739 1 7.556891069e-05 1.170989126e-04
99 0.139997 0.003314 0.036157 3.445056 0.118521 0.888812 0.000000 0.000000 0.000000 0.961981 1 7.504178211e-05 1.130579039e-04
99 0.139265 0.003404 0.035965 3.445056 0.118521 0.888812 0.000000 0.000000 0.000000 0.962246 1 1.831003465e-05 2.828286961e-05
99 0.138516 0.003485 0.035769 3.445056 0.118521 0.888812 0.000000 0.000000 0.000000 0.962531 1 1.815799624e-05 2.796296030e-05
99 0.137748 0.003557 0.035568 3.445056 0.118521 0.888812 0.000000 0.000000 0.000000 0.962821 1 5.486910231e-05 7.546390407e-05
99 0.136964 0.003621 0.035364 3.445056 0.118521 0.888812 0.000000 0.000000 0.000000 0.963098 1 7.611582987e-05 1.167058945e-04
99 0.136170 0.003678 0.035157 3.445056 0.118521 0.888812 0.000000 0.000000 0.000000 0.963351 1 7.391907275e-05 1.140288077e-04
99 0.135373 0.003728 0.034949 3.445056 0.118521 0.888812 0.000000 0.000000 0.000000 0.963579 1 7.571792230e-05 1.159089152e-04
99 0.134580 0.003772 0.034743 3.445056 0.118521 0.888812 0.000000 0.000000 0.000000 0.963795 1 6.497488357e-05 9.973510168e-05
99 0.133790 0.003811 0.034538 3.445056 0.118521 0.888812 0.000000 0.000000 0.000000 0.964018 1 7.367390208e-05 1.121619716e-04
99 0.132999 0.003844 0.034332 3.445056 0.118521 0.888812 0.000000 0.000000 0.000000 0.964265 1 1.599770039e-04 2.271789126e-04
99 0.132198 0.003873 0.034124 3.445056 0.118521 0.888812 0.000000 0.000000 0.000000 0.964541 1 1.562379766e-04 2.137380652e-04
99 0.131383 0.003897 0.033912 3.445056 0.118521 0.888812 0.000000 0.000000 0.000000 0.964843 1 7.130601443e-05 1.102779061e-04
99 0.130547 0.003916 0.033695 3.445056 0.118521 0.888812 0.000000 0.000000 0.000000 0.965161 1 6.870413199e-05 1.050450373e-04
99 0.129690 0.003931 0.033473 3.445056 0.118521 0.888812 0.000000 0.000000 0.000000 0.965480 1 7.441896014e-05 1.135990024e-04
99 0.128817 0.003942 0.033247 3.445056 0.118521 0.888812 0.000000 0.000000 0.000000 0.965784 1 7.421197370e-05 1.118788496e-04
100 0.127621 0.004131 0.032754 3.529957 0.151309 0.882338 0.000000 0.000000 0.000000 0.967314 1 7.122894749e-05 1.108229626e-04
100 0.126646 0.004192 0.032445 3.529957 0.151309 0.882338 0.000000 0.000000 0.000000 0.967531 1 7.107784040e-05 1.099370420e-04
100 0.125691 0.004246 0.032146 3.529957 0.151309 0.882338 0.000000 0.000000 0.000000 0.967725 1 7.393304259e-05 1.127261203e-04
100 0.124758 0.004294 0.031856 3.529957 0.151309 0.882338 0.000000 0.000000 0.000000 0.967921 1 7.294514216e-05 1.120627858e-04
100 0.123842 0.004335 0.031576 3.529957 0.151309 0.882338 0.000000 0.000000 0.000000 0.968120 1 1.840805635e-05 2.799602225e-05
100 0.122943 0.004372 0.031303 3.529957 0.151309 0.882338 0.000000 0.000000 0.000000 0.968314 1 7.422803901e-05 1.139040105e-04
100 0.122063 0.004403 0.031039 3.529957 0.151309 0.882338 0.000000 0.000000 0.000000 0.968494 1 7.797987200e-05 1.194749493e-04
100 0.121204 0.004430 0.030784 3.529957 0.151309 0.882338 0.000000 0.000000 0.000000 0.968653 1 7.973285392e-05 1.357789151e-04
100 0.120372 0.004453 0.030538 3.529957 0.151309 0.882338 0.000000 0.000000 0.000000 0.968788 1 8.370587602e-05 2.481970005e-04
100 0.119571 0.004473 0.030304 3.529957 0.151309 0.882338 0.000000 0.000000 0.000000 0.968899 1 7.094698958e-05 1.098020002e-04
100 0.118804 0.004490 0.030080 3.529957 0.151309 0.882338 0.000000 0.000000 0.000000 0.968993 1 1.313029788e-04 1.780709717e-04
100 0.118073 0.004505 0.029868 3.529957 0.151309 0.882338 0.000000 0.000000 0.000000 0.969074 1 1.646480523e-04 2.344630193e-04
100 0.117378 0.004518 0.029667 3.529957 0.151309 0.882338 0.000000 0.000000 0.000000 0.969141 1 7.472396828e-05 1.148311421e-04
100 0.116719 0.004529 0.029477 3.529957 0.151309 0.882338 0.000000 0.000000 0.000000 0.969199 1 7.375003770e-05 1.142250840e-04
100 0.116097 0.004539 0.029298 3.529957 0.151309 0.882338 0.000000 0.000000 0.000000 0.969252 1 7.454608567e-05 1.143200789e-04
100 0.115507 0.004548 0.029129 3.529957 0.151309 0.882338 0.000000 0.000000 0.000000 0.969308 1 7.432908751e-05 1.158900559e-04
100 0.114947 0.004555 0.028970 3.529957 0.151309 0.882338 0.000000 0.000000 0.000000 0.969368 1 6.897910498e-05 1.059968490e-04
100 0.114413 0.004560 0.028818 3.529957 0.151309 0.882338 0.000000 0.000000 0.000000 0.969434 1 7.427297533e-05 1.135859638e-04
100 0.113902 0.004565 0.028673 3.529957 0.151309 0.882338 0.000000 0.000000 0.000000 0.969505 1 3.157381434e-04 3.779979888e-04
100 0.113409 0.004568 0.028534 3.529957 0.151309 0.882338 0.000000 0.000000 0.000000 0.969583 1 7.334002294e-05 1.123580150e-04
101 0.112505 0.004805 0.028140 3.618205 0.208606 0.871856 0.000000 0.000000 0.000000 0.971153 1 8.272798732e-05 1.234968659e-04
101 0.111868 0.004897 0.027908 3.618205 0.208606 0.871856 0.000000 0.000000 0.000000 0.971247 1 7.790699601e-05 1.321199816e-04
101 0.111246 0.004981 0.027685 3.618205 0.208606 0.871856 0.000000 0.000000 0.000000 0.971375 1 7.379706949e-05 1.122481190e-04
101 0.110635 0.005056 0.027470 3.618205 0.208606 0.871856 0.000000 0.000000 0.000000 0.971509 1 7.425504737e-05 1.138211228e-04
101 0.110033 0.005123 0.027262 3.618205 0.208606 0.871856 0.000000 0.000000 0.000000 0.971654 1 7.461616769e-05 1.131531317e-04
101 0.109434 0.005182 0.027060 3.618205 0.208606 0.871856 0.000000 0.000000 0.000000 0.971815 1 7.204292342e-05 1.110769808e-04
101 0.108834 0.005234 0.026863 3.618205 0.208606 0.871856 0.000000 0.000000 0.000000 0.971992 1 7.460406050e-05 1.118271612e-04
101 0.108228 0.005279 0.026668 3.618205 0.208606 0.871856 0.000000 0.000000 0.000000 0.972181 1 1.576759387e-04 2.170570660e-04
101 0.107616 0.005318 0.026475 3.618205 0.208606 0.871856 0.000000 0.000000 0.000000 0.972372 1 6.739306264e-05 9.497092105e-05
101 0.106999 0.005350 0.026285 3.618205 0.208606 0.871856 0.000000 0.000000 0.000000 0.972557 1 4.989001900e-05 6.869086064e-05
101 0.106380 0.005378 0.026097 3.618205 0.208606 0.871856 0.000000 0.000000 0.000000 0.972727 1 5.069398321e-05 7.067900151e-05
101 0.105764 0.005400 0.025913 3.618205 0.208606 0.871856 0.000000 0.000000 0.000000 0.972880 1 5.058199167e-05 7.026502863e-05
101 0.105154 0.005419 0.025733 3.618205 0.208606 0.871856 0.000000 0.000000 0.000000 0.973025 1 5.048396997e-05 6.995885633e-05
101 0.104550 0.005433 0.025557 3.618205 0.208606 0.871856 0.000000 0.000000 0.000000 0.973175 1 5.069398321e-05 7.042312063e-05
101 0.103949 0.005444 0.025384 3.618205 0.208606 0.871856 0.000000 0.000000 0.000000 0.973343 1 1.801480539e-05 2.756598406e-05
101 0.103344 0.005452 0.025213 3.618205 0.208606 0.871856 0.000000 0.000000 0.000000 0.973531 1 1.851888373e-05 2.788682468e-05
101 0.102729 0.005455 0.025041 3.618205 0.208606 0.871856 0.000000 0.000000 0.000000 0.973740 1 1.825485379e-05 2.812710591e-05
101 0.102102 0.005455 0.024867 3.618205 0.208606 0.871856 0.000000 0.000000 0.000000 0.973960 1 2.504093572e-05 3.849202767e-05
101 0.101461 0.005451 0.024693 3.618205 0.208606 0.871856 0.000000 0.000000 0.000000 0.974184 1 2.808799036e-05 4.303199239e-05
101 0.100809 0.005444 0.024517 3.618205 0.208606 0.871856 0.000000 0.000000 0.000000 0.974398 1 7.187901065e-05 1.236160751e-04
102 0.099912 0.005547 0.024028 3.716096 0.241856 0.839729 0.000000 0.000000 0.000000 0.975583 1 7.335003465e-05 1.161000691e-04
102 0.099185 0.005573 0.023752 3.716096 0.241856 0.839729 0.000000 0.000000 0.000000 0.975720 1 5.928915925e-05 9.217904881e-05
102 0.098475 0.005595 0.023489 3.716096 0.241856 0.839729 0.000000 0.000000 0.000000 0.975851 1 4.338589497e-05 6.602797657e-05
102 0.097783 0.005613 0.023237 3.716096 0.241856 0.839729 0.000000 0.000000 0.000000 0.975982 1 5.556689575e-05 8.675921708e-05
102 0.097107 0.005626 0.022997 3.716096 0.241856 0.839729 0.000000 0.000000 0.000000 0.976111 1 1.573129557e-04 2.166579943e-04
102 0.096446 0.005637 0.022767 3.716096 0.241856 0.839729 0.000000 0.000000 0.000000 0.976234 1 8.414499462e-05 1.350920647e-04
102 0.095804 0.005644 0.022547 3.716096 0.241856 0.839729 0.000000 0.000000 0.000000 0.976343 1 7.441616617e-05 1.135780476e-04
102 0.095182 0.005649 0.022337 3.716096 0.241856 0.839729 0.000000 0.000000 0.000000 0.976435 1 7.380312309e-05 1.132821199e-04
102 0.094584 0.005652 0.022138 3.716096 0.241856 0.839729 0.000000 0.000000 0.000000 0.976510 1 1.147799194e-04 1.807659864e-04
102 0.094014 0.005654 0.021951 3.716096 0.241856 0.839729 0.000000 0.000000 0.000000 0.976570 1 1.013609581e-04 1.549520530e-04
102 0.093472 0.005654 0.021774 3.716096 0.241856 0.839729 0.000000 0.000000 0.000000 0.976621 1 5.135289393e-05 7.876311429e-05
102 0.092958 0.005654 0.021608 3.716096 0.241856 0.839729 0.000000 0.000000 0.000000 0.976664 1 6.375112571e-05 1.019050833e-04
102 0.092472 0.005653 0.021452 3.716096 0.241856 0.839729 0.000000 0.000000 0.000000 0.976697 1 8.163810708e-05 1.222111750e-04
102 0.092016 0.005651 0.021306 3.716096 0.241856 0.839729 0.000000 0.000000 0.000000 0.976724 1 6.350409240e-05 1.002440695e-04
102 0.091588 0.005649 0.021170 3.716096 0.241856 0.839729 0.000000 0.000000 0.000000 0.976748 1 6.820796989e-05 1.061689109e-04
102 0.091186 0.005647 0.021042 3.716096 0.241856 0.839729 0.000000 0.000000 0.000000 0.976770 1 6.971415132e-05 1.068660058e-04
102 0.090808 0.005645 0.020923 3.716096 0.241856 0.839729 0.000000 0.000000 0.000000 0.976795 1 7.425807416e-05 1.127971336e-04
102 0.090452 0.005642 0.020812 3.716096 0.241856 0.839729 0.000000 0.000000 0.000000 0.976823 1 7.612095214e-05 1.175350044e-04
102 0.090115 0.005639 0.020707 3.716096 0.241856 0.839729 0.000000 0.000000 0.000000 0.976854 1 7.663713768e-05 1.166211441e-04
102 0.089794 0.005635 0.020608 3.716096 0.241856 0.839729 0.000000 0.000000 0.000000 0.976890 1 7.456401363e-05 1.148600131e-04
103 0.089129 0.005805 0.020257 3.818318 0.308098 0.809316 0.000000 0.000000 0.000000 0.978179 1 5.536596291e-05 8.449610323e-05
103 0.088672 0.005874 0.020055 3.818318 0.308098 0.809316 0.000000 0.000000 0.000000 0.978249 1 6.656488404e-05 1.009211410e-04
103 0.088225 0.005937 0.019864 3.818318 0.308098 0.809316 0.000000 0.000000 0.000000 0.978342 1 8.128280751e-05 1.278049313e-04
103 0.087784 0.005992 0.019680 3.818318 0.308098 0.809316 0.000000 0.000000 0.000000 0.978443 1 7.448880933e-05 1.141729299e-04
103 0.087346 0.006041 0.019505 3.818318 0.308098 0.809316 0.000000 0.000000 0.000000 0.978552 1 7.387506776e-05 1.122478861e-04
103 0.086907 0.006083 0.019336 3.818318 0.308098 0.809316 0.000000 0.000000 0.000000 0.978673 1 7.411697879e-05 1.126849093e-04
103 0.086465 0.006118 0.019172 3.818318 0.308098 0.809316 0.000000 0.000000 0.000000 0.978806 1 7.370719686e-05 1.127459109e-04
103 0.086016 0.006148 0.019012 3.818318 0.308098 0.809316 0.000000 0.000000 0.000000 0.978947 1 7.446599193e-05 1.141268294e-04
103 0.085559 0.006172 0.018855 3.818318 0.308098 0.809316 0.000000 0.000000 0.000000 0.979091 1 7.366994396e-05 1.129079610e-04
103 0.085097 0.006191 0.018701 3.818318 0.308098 0.809316 0.000000 0.000000 0.000000 0.979229 1 7.491093129e-05 1.232060604e-04
103 0.084631 0.006205 0.018552 3.818318 0.308098 0.809316 0.000000 0.000000 0.000000 0.979357 1 1.802993938e-05 2.756412141e-05
103 0.084165 0.006216 0.018406 3.818318 0.308098 0.809316 0.000000 0.000000 0.000000 0.979473 1 7.351906970e-05 1.129910816e-04
103 0.083702 0.006223 0.018264 3.818318 0.308098 0.809316 0.000000 0.000000 0.000000 0.979583 1 8.633080870e-05 1.354110427e-04
103 0.083242 0.006226 0.018126 3.818318 0.308098 0.809316 0.000000 0.000000 0.000000 0.979699 1 7.397192530e-05 1.124979462e-04
103 0.082781 0.006227 0.017992 3.818318 0.308098 0.809316 0.000000 0.000000 0.000000 0.979827 1 7.820990868e-05 1.223101281e-04
103 0.082315 0.006224 0.017859 3.818318 0.308098 0.809316 0.000000 0.000000 0.000000 0.979973 1 6.985012442e-05 1.080629881e-04
103 0.081840 0.006218 0.017726 3.818318 0.308098 0.809316 0.000000 0.000000 0.000000 0.980135 1 8.044880815e-05 1.175501384e-04
103 0.081351 0.006208 0.017593 3.818318 0.308098 0.809316 0.000000 0.000000 0.000000 0.980308 1 6.555090658e-05 9.954208508e-05
103 0.080849 0.006195 0.017460 3.818318 0.308098 0.809316 0.000000 0.000000 0.000000 0.980486 1 7.113884203e-05 1.094772015e-04
103 0.080333 0.006179 0.017326 3.818318 0.308098 0.809316 0.000000 0.000000 0.000000 0.980661 1 8.329702541e-05 1.356259454e-04
104 0.079676 0.006222 0.016863 3.929988 0.337089 0.750717 0.000000 0.000000 0.000000 0.981545 1 6.210082211e-05 9.542889893e-05
104 0.079106 0.006220 0.016628 3.929988 0.337089 0.750717 0.000000 0.000000 0.000000 0.981663 1 7.440615445e-05 1.159380190e-04
104 0.078547 0.006215 0.016405 3.929988 0.337089 0.750717 0.000000 0.000000 0.000000 0.981768 1 5.794106983e-05 8.838414215e-05
104 0.077999 0.006209 0.016192 3.929988 0.337089 0.750717 0.000000 0.000000 0.000000 0.981873 1 5.224114284e-05 8.047698066e-05
104 0.077463 0.006200 0.015991 3.929988 0.337089 0.750717 0.000000 0.000000 0.000000 0.981973 1 4.022102803e-05 6.172200665e-05
104 0.076938 0.006189 0.015799 3.929988 0.337089 0.750717 0.000000 0.000000 0.000000 0.982066 1 7.183291018e-05 1.109610312e-04
104 0.076428 0.006177 0.015616 3.929988 0.337089 0.750717 0.000000 0.000000 0.000000 0.982145 1 7.458194159e-05 1.139640808e-04
104 0.075936 0.006164 0.015444 3.929988 0.337089 0.750717 0.000000 0.000000 0.000000 0.982209 1 7.409090176e-05 1.134581398e-04
104 0.075464 0.006150 0.015282 3.929988 0.337089 0.750717 0.000000 0.000000 0.000000 0.982260 1 7.421290502e-05 1.123549882e-04
104 0.075015 0.006136 0.015130 3.929988 0.337089 0.750717 0.000000 0.000000 0.000000 0.982300 1 7.069692947e-05 1.084448304e-04
104 0.074591 0.006123 0.014987 3.929988 0.337089 0.750717 0.000000 0.000000 0.000000 0.982332 1 6.944197230e-05 1.057239715e-04
104 0.074190 0.006110 0.014854 3.929988 0.337089 0.750717 0.000000 0.000000 0.000000 0.982357 1 7.226201706e-05 1.128490549e-04
104 0.073814 0.006097 0.014729 3.929988 0.337089 0.750717 0.000000 0.000000 0.000000 0.982375 1 7.400894538e-05 1.139428932e-04
104 0.073462 0.006085 0.014614 3.929988 0.337089 0.750717 0.000000 0.000000 0.000000 0.982386 1 2.048138995e-04 2.659240272e-04
104 0.073135 0.006073 0.014507 3.929988 0.337089 0.750717 0.000000 0.000000 0.000000 0.982395 1 4.986301064e-05 6.855209358e-05
104 0.072830 0.006062 0.014407 3.929988 0.337089 0.750717 0.000000 0.000000 0.000000 0.982401 1 7.019890472e-05 1.080750953e-04
104 0.072547 0.006052 0.014315 3.929988 0.337089 0.750717 0.000000 0.000000 0.000000 0.982407 1 8.250097744e-05 1.326319762e-04
104 0.072284 0.006043 0.014230 3.929988 0.337089 0.750717 0.000000 0.000000 0.000000 0.982414 1 7.366994396e-05 1.124232076e-04
104 0.072039 0.006034 0.014150 3.929988 0.337089 0.750717 0.000000 0.000000 0.000000 0.982423 1 1.827115193e-05 2.810405567e-05
104 0.071809 0.006025 0.014077 3.929988 0.337089 0.750717 0.000000 0.000000 0.000000 0.982433 1 1.810188405e-05 2.784002572e-05
105 0.071342 0.006135 0.013753 4.044124 0.399610 0.693921 0.000000 0.000000 0.000000 0.983366 1 4.405202344e-05 6.719189696e-05
105 0.071022 0.006173 0.013582 4.044124 0.399610 0.693921 0.000000 0.000000 0.000000 0.983408 1 5.467399023e-05 8.299504407e-05
105 0.070709 0.006207 0.013421 4.044124 0.399610 0.693921 0.000000 0.000000 0.000000 0.983478 1 7.342314348e-05 1.125170384e-04
105 0.070396 0.006236 0.013268 4.044124 0.399610 0.693921 0.000000 0.000000 0.000000 0.983557 1 7.429998368e-05 1.171019394e-04
105 0.070082 0.006261 0.013123 4.044124 0.399610 0.693921 0.000000 0.000000 0.000000 0.983645 1 7.383199409e-05 1.123279799e-04
105 0.069762 0.006280 0.012983 4.044124 0.399610 0.693921 0.000000 0.000000 0.000000 0.983742 1 7.556588389e-05 1.177210361e-04
105 0.069435 0.006295 0.012849 4.044124 0.399610 0.693921 0.000000 0.000000 0.000000 0.983849 1 7.414910942e-05 1.144409180e-04
105 0.069099 0.006305 0.012720 4.044124 0.399610 0.693921 0.000000 0.000000 0.000000 0.983963 1 7.374002598e-05 1.191408373e-04
105 0.068753 0.006311 0.012594 4.044124 0.399610 0.693921 0.000000 0.000000 0.000000 0.984078 1 8.638598956e-05 1.268719789e-04
105 0.068398 0.006313 0.012472 4.044124 0.399610 0.693921 0.000000 0.000000 0.000000 0.984189 1 7.738010027e-05 1.170397736e-04
105 0.068037 0.006312 0.012353 4.044124 0.399610 0.693921 0.000000 0.000000 0.000000 0.984292 1 7.881200872e-05 1.188800670e-04
105 0.067674 0.006308 0.012239 4.044124 0.399610 0.693921 0.000000 0.000000 0.000000 0.984386 1 7.399707101e-05 1.135240309e-04
105 0.067310 0.006301 0.012128 4.044124 0.399610 0.693921 0.000000 0.000000 0.000000 0.984475 1 7.426785305e-05 1.147289295e-04
105 0.066946 0.006292 0.012021 4.044124 0.399610 0.693921 0.000000 0.000000 0.000000 0.984568 1 1.673388761e-04 2.389999572e-04
105 0.066580 0.006280 0.011917 4.044124 0.399610 0.693921 0.000000 0.000000 0.000000 0.984671 1 1.573059708e-04 2.188908402e-04
105 0.066207 0.006267 0.011815 4.044124 0.399610 0.693921 0.000000 0.000000 0.000000 0.984789 1 7.447507232e-05 1.140059903e-04
105 0.065824 0.006250 0.011715 4.044124 0.399610 0.693921 0.000000 0.000000 0.000000 0.984921 1 7.412303239e-05 1.139340457e-04
105 0.065427 0.006230 0.011614 4.044124 0.399610 0.693921 0.000000 0.000000 0.000000 0.985064 1 7.806112990e-05 1.163680572e-04
105 0.065015 0.006208 0.011514 4.044124 0.399610 0.693921 0.000000 0.000000 0.000000 0.985214 1 7.874798030e-05 1.197941601e-04
105 0.064587 0.006182 0.011413 4.044124 0.399610 0.693921 0.000000 0.000000 0.000000 0.985365 1 7.412908599e-05 1.130779274e-04
106 0.064091 0.006177 0.010984 4.166756 0.421387 0.607758 0.000000 0.000000 0.000000 0.986000 1 7.140799426e-05 1.117549837e-04
106 0.063627 0.006153 0.010791 4.166756 0.421387 0.607758 0.000000 0.000000 0.000000 0.986110 1 5.504116416e-05 8.450192399e-05
106 0.063169 0.006129 0.010608 4.166756 0.421387 0.607758 0.000000 0.000000 0.000000 0.986200 1 7.349206135e-05 1.128939912e-04
106 0.062717 0.006103 0.010435 4.166756 0.421387 0.607758 0.000000 0.000000 0.000000 0.986286 1 5.647400394e-05 8.603208698e-05
106 0.062274 0.006077 0.010271 4.166756 0.421387 0.607758 0.000000 0.000000 0.000000 0.986368 1 7.461500354e-05 1.142248511e-04
106 0.061840 0.006050 0.010117 4.166756 0.421387 0.607758 0.000000 0.000000 0.000000 0.986441 1 7.604388520e-05 1.183659770e-04
106 0.061418 0.006023 0.009971 4.166756 0.421387 0.607758 0.000000 0.000000 0.000000 0.986502 1 6.882497109e-05 1.048280392e-04
106 0.061011 0.005996 0.009834 4.166756 0.421387 0.607758 0.000000 0.000000 0.000000 0.986550 1 7.349601947e-05 1.128630247e-04
106 0.060622 0.005970 0.009705 4.166756 0.421387 0.607758 0.000000 0.000000 0.000000 0.986587 1 8.148490451e-05 1.204379369e-04
106 0.060253 0.005945 0.009585 4.166756 0.421387 0.607758 0.000000 0.000000 0.000000 0.986614 1 7.274514064e-05 1.112208702e-04
106 0.059906 0.005921 0.009473 4.166756 0.421387 0.607758 0.000000 0.000000 0.000000 0.986633 1 3.079511225e-05 4.721013829e-05
106 0.059579 0.005899 0.009369 4.166756 0.421387 0.607758 0.000000 0.000000 0.000000 0.986647 1 2.010189928e-05 3.101304173e-05
106 0.059274 0.005878 0.009272 4.166756 0.421387 0.607758 0.000000 0.000000 0.000000 0.986656 1 1.818500459e-05 2.796086483e-05
106 0.058992 0.005858 0.009183 4.166756 0.421387 0.607758 0.000000 0.000000 0.000000 0.986659 1 1.807301305e-05 2.772314474e-05
106 0.058730 0.005840 0.009100 4.166756 0.421387 0.607758 0.000000 0.000000 0.000000 0.986658 1 3.271806054e-05 5.048396997e-05
106 0.058489 0.005823 0.009024 4.166756 0.421387 0.607758 0.000000 0.000000 0.000000 0.986655 1 3.159604967e-05 4.817708395e-05
106 0.058269 0.005808 0.008954 4.166756 0.421387 0.607758 0.000000 0.000000 0.000000 0.986649 1 7.218122482e-05 1.114089973e-04
106 0.058067 0.005794 0.008890 4.166756 0.421387 0.607758 0.000000 0.000000 0.000000 0.986642 1 7.408205420e-05 1.133130863e-04
106 0.057883 0.005782 0.008830 4.166756 0.421387 0.607758 0.000000 0.000000 0.000000 0.986636 1 7.410882972e-05 1.119719818e-04
106 0.057715 0.005770 0.008776 4.166756 0.421387 0.607758 0.000000 0.000000 0.000000 0.986630 1 7.409905083e-05 1.131820027e-04
107 0.057348 0.005816 0.008499 4.290558 0.475439 0.522190 0.000000 0.000000 0.000000 0.987246 1 6.170105189e-05 9.327894077e-05
107 0.057135 0.005834 0.008357 4.290558 0.475439 0.522190 0.000000 0.000000 0.000000 0.987294 1 6.949598901e-05 1.059679780e-04
107 0.056924 0.005849 0.008223 4.290558 0.475439 0.522190 0.000000 0.000000 0.000000 0.987347 1 7.608416490e-05 1.190011390e-04
107 0.056710 0.005861 0.008097 4.290558 0.475439 0.522190 0.000000 0.000000 0.000000 0.987412 1 7.414887659e-05 1.136187930e-04
107 0.056488 0.005869 0.007979 4.290558 0.475439 0.522190 0.000000 0.000000 0.000000 0.987487 1 7.410603575e-05 1.146499999e-04
107 0.056258 0.005873 0.007866 4.290558 0.475439 0.522190 0.000000 0.000000 0.000000 0.987570 1 7.427297533e-05 1.139740925e-04
107 0.056016 0.005874 0.007758 4.290558 0.475439 0.522190 0.000000 0.000000 0.000000 0.987661 1 7.305084728e-05 1.121370587e-04
107 0.055763 0.005872 0.007655 4.290558 0.475439 0.522190 0.000000 0.000000 0.000000 0.987756 1 8.340808563e-05 1.345879864e-04
107 0.055497 0.005866 0.007556 4.290558 0.475439 0.522190 0.000000 0.000000 0.000000 0.987852 1 6.477697752e-05 1.000298653e-04
107 0.055220 0.005857 0.007460 4.290558 0.475439 0.522190 0.000000 0.000000 0.000000 0.987944 1 7.425108925e-05 1.143021509e-04
107 0.054936 0.005846 0.007369 4.290558 0.475439 0.522190 0.000000 0.000000 0.000000 0.988029 1 6.877817214e-05 1.074001193e-04
107 0.054646 0.005832 0.007281 4.290558 0.475439 0.522190 0.000000 0.000000 0.000000 0.988108 1 1.575110946e-04 2.169490326e-04
107 0.054354 0.005817 0.007197 4.290558 0.475439 0.522190 0.000000 0.000000 0.000000 0.988182 1 5.031097680e-05 6.950204261e-05
107 0.054060 0.005800 0.007117 4.290558 0.475439 0.522190 0.000000 0.000000 0.000000 0.988259 1 4.388694651e-05 6.919098087e-05
107 0.053761 0.005782 0.007039 4.290558 0.475439 0.522190 0.000000 0.000000 0.000000 0.988344 1 7.529696450e-05 1.156399958e-04
107 0.053455 0.005761 0.006964 4.290558 0.475439 0.522190 0.000000 0.000000 0.000000 0.988441 1 7.400079630e-05 1.134308986e-04
107 0.053139 0.005739 0.006890 4.290558 0.475439 0.522190 0.000000 0.000000 0.000000 0.988549 1 6.532901898e-05 9.947316721e-05
107 0.052809 0.005714 0.006817 4.290558 0.475439 0.522190 0.000000 0.000000 0.000000 0.988668 1 1.838500611e-05 2.835015766e-05
107 0.052464 0.005686 0.006745 4.290558 0.475439 0.522190 0.000000 0.000000 0.000000 0.988796 1 7.386296056e-05 1.149000600e-04
107 0.052102 0.005656 0.006674 4.290558 0.475439 0.522190 0.000000 0.000000 0.000000 0.988927 1 7.833004929e-05 1.205690205e-04
108 0.051721 0.005607 0.006280 4.422589 0.483795 0.405887 0.000000 0.000000 0.000000 0.989361 1 7.388507947e-05 1.129789744e-04
108 0.051346 0.005570 0.006128 4.422589 0.483795 0.405887 0.000000 0.000000 0.000000 0.989447 1 7.428787649e-05 1.149971504e-04
108 0.050972 0.005533 0.005985 4.422589 0.483795 0.405887 0.000000 0.000000 0.000000 0.989525 1 6.016599946e-05 9.081000462e-05
108 0.050600 0.005496 0.005850 4.422589 0.483795 0.405887 0.000000 0.000000 0.000000 0.989599 1 7.285294123e-05 1.129850280e-04
108 0.050233 0.005458 0.005724 4.422589 0.483795 0.405887 0.000000 0.000000 0.000000 0.989668 1 1.788570080e-04 2.500920091e-04
108 0.049872 0.005422 0.005605 4.422589 0.483795 0.405887 0.000000 0.000000 0.000000 0.989729 1 1.576419454e-04 2.197499853e-04
108 0.049521 0.005386 0.005494 4.422589 0.483795 0.405887 0.000000 0.000000 0.000000 0.989779 1 1.852912828e-05 2.812501043e-05
108 0.049181 0.005351 0.005390 4.422589 0.483795 0.405887 0.000000 0.000000 0.000000 0.989817 1 1.813517883e-05 2.800696529e-05
108 0.048857 0.005318 0.005292 4.422589 0.483795 0.405887 0.000000 0.000000 0.000000 0.989846 1 1.883320510e-05 2.841907553e-05
108 0.048549 0.005286 0.005202 4.422589 0.483795 0.405887 0.000000 0.000000 0.000000 0.989867 1 1.810793765e-05 2.786214463e-05
108 0.048259 0.005256 0.005118 4.422589 0.483795 0.405887 0.000000 0.000000 0.000000 0.989882 1 3.217090853e-05 4.926184192e-05
108 0.047987 0.005228 0.005040 4.422589 0.483795 0.405887 0.000000 0.000000 0.000000 0.989890 1 3.566406667e-05 6.308988668e-05
108 0.047734 0.005202 0.004968 4.422589 0.483795 0.405887 0.000000 0.000000 0.000000 0.989894 1 4.669395275e-05 7.022707723e-05
108 0.047501 0.005178 0.004901 4.422589 0.483795 0.405887 0.000000 0.000000 0.000000 0.989893 1 7.413909771e-05 1.137598883e-04
108 0.047286 0.005156 0.004840 4.422589 0.483795 0.405887 0.000000 0.000000 0.000000 0.989889 1 7.446995005e-05 1.134339254e-04
108 0.047090 0.005136 0.004784 4.422589 0.483795 0.405887 0.000000 0.000000 0.000000 0.989881 1 7.992587052e-05 1.191447955e-04
108 0.046912 0.005118 0.004732 4.422589 0.483795 0.405887 0.000000 0.000000 0.000000 0.989870 1 7.505388930e-05 1.199280377e-04
108 0.046752 0.005101 0.004684 4.422589 0.483795 0.405887 0.000000 0.000000 0.000000 0.989857 1 7.427902892e-05 1.133491751e-04
108 0.046609 0.005087 0.004641 4.422589 0.483795 0.405887 0.000000 0.000000 0.000000 0.989844 1 7.461500354e-05 1.146940049e-04
108 0.046482 0.005074 0.004601 4.422589 0.483795 0.405887 0.000000 0.000000 0.000000 0.989830 1 8.068489842e-05 1.203541178e-04
109 0.046257 0.005098 0.004333 4.554713 0.525967 0.291124 0.000000 0.000000 0.000000 0.990247 1 5.013402551e-05 7.664202712e-05
109 0.046115 0.005101 0.004218 4.554713 0.525967 0.291124 0.000000 0.000000 0.000000 0.990258 1 8.036405779e-05 1.401600894e-04
109 0.045973 0.005102 0.004111 4.554713 0.525967 0.291124 0.000000 0.000000 0.000000 0.990300 1 7.283594459e-05 1.103719696e-04
109 0.045825 0.005100 0.004012 4.554713 0.525967 0.291124 0.000000 0.000000 0.000000 0.990354 1 7.466902025e-05 1.135359053e-04
109 0.045667 0.005097 0.003918 4.554713 0.525967 0.291124 0.000000 0.000000 0.000000 0.990419 1 7.423385978e-05 1.142590772e-04
109 0.045497 0.005091 0.003831 4.554713 0.525967 0.291124 0.000000 0.000000 0.000000 0.990491 1 7.330719382e-05 1.134800259e-04
109 0.045314 0.005082 0.003748 4.554713 0.525967 0.291124 0.000000 0.000000 0.000000 0.990569 1 7.423385978e-05 1.139249653e-04
109 0.045117 0.005071 0.003670 4.554713 0.525967 0.291124 0.000000 0.000000 0.000000 0.990648 1 7.445598021e-05 1.152369659e-04
109 0.044908 0.005058 0.003596 4.554713 0.525967 0.291124 0.000000 0.000000 0.000000 0.990728 1 7.508997805e-05 1.150409225e-04
109 0.044687 0.005042 0.003526 4.554713 0.525967 0.291124 0.000000 0.000000 0.000000 0.990804 1 7.399497554e-05 1.147210132e-04
109 0.044458 0.005025 0.003460 4.554713 0.525967 0.291124 0.000000 0.000000 0.000000 0.990875 1 7.973890752e-05 1.199119724e-04
109 0.044222 0.005006 0.003397 4.554713 0.525967 0.291124 0.000000 0.000000 0.000000 0.990941 1 7.435400039e-05 1.138418447e-04
109 0.043982 0.004986 0.003338 4.554713 0.525967 0.291124 0.000000 0.000000 0.000000 0.991004 1 6.917584687e-05 1.066680998e-04
109 0.043739 0.004965 0.003282 4.554713 0.525967 0.291124 0.000000 0.000000 0.000000 0.991068 1 7.617799565e-05 1.450169366e-04
109 0.043490 0.004943 0.003229 4.554713 0.525967 0.291124 0.000000 0.000000 0.000000 0.991138 1 7.418519817e-05 1.119319350e-04
109 0.043234 0.004919 0.003178 4.554713 0.525967 0.291124 0.000000 0.000000 0.000000 0.991218 1 7.480103523e-05 1.153608318e-04
109 0.042968 0.004894 0.003129 4.554713 0.525967 0.291124 0.000000 0.000000 0.000000 0.991309 1 7.283198647e-05 1.130199526e-04
109 0.042689 0.004867 0.003082 4.554713 0.525967 0.291124 0.000000 0.000000 0.000000 0.991410 1 7.359893061e-05 1.129179727e-04
109 0.042393 0.004838 0.003036 4.554713 0.525967 0.291124 0.000000 0.000000 0.000000 0.991520 1 1.615281217e-04 2.289281692e-04
109 0.042081 0.004806 0.002991 4.554713 0.525967 0.291124 0.000000 0.000000 0.000000 0.991636 1 5.008396693e-05 6.921612658e-05
110 0.041903 0.004722 0.002547 4.695140 0.516486 0.145336 0.000000 0.000000 0.000000 0.991898 1 7.526902482e-05 1.159410458e-04
110 0.041586 0.004678 0.002441 4.695140 0.516486 0.145336 0.000000 0.000000 0.000000 0.991988 1 7.450790145e-05 1.159729436e-04
110 0.041267 0.004635 0.002342 4.695140 0.516486 0.145336 0.000000 0.000000 0.000000 0.992057 1 7.417309098e-05 1.154139172e-04
110 0.040949 0.004593 0.002251 4.695140 0.516486 0.145336 0.000000 0.000000 0.000000 0.992119 1 6.970809773e-05 1.065200195e-04
110 0.040634 0.004551 0.002165 4.695140 0.516486 0.145336 0.000000 0.000000 0.000000 0.992176 1 7.393583655e-05 1.128260046e-04
110 0.040324 0.004511 0.002086 4.695140 0.516486 0.145336 0.000000 0.000000 0.000000 0.992224 1 7.468904369e-05 1.136770006e-04
110 0.040023 0.004472 0.002012 4.695140 0.516486 0.145336 0.000000 0.000000 0.000000 0.992262 1 6.883312017e-05 1.046278048e-04
110 0.039734 0.004435 0.001944 4.695140 0.516486 0.145336 0.000000 0.000000 0.000000 0.992289 1 7.363408804e-05 1.118162181e-04
110 0.039458 0.004400 0.001880 4.695140 0.516486 0.145336 0.000000 0.000000 0.000000 0.992308 1 7.392000407e-05 1.122571994e-04
110 0.039199 0.004367 0.001822 4.695140 0.516486 0.145336 0.000000 0.000000 0.000000 0.992320 1 7.424200885e-05 1.140180975e-04
110 0.038956 0.004336 0.001767 4.695140 0.516486 0.145336 0.000000 0.000000 0.000000 0.992327 1 5.958904512e-05 9.243888780e-05
110 0.038730 0.004307 0.001717 4.695140 0.516486 0.145336 0.000000 0.000000 0.000000 0.992329 1 5.978415720e-05 9.275996126e-05
110 0.038522 0.004281 0.001671 4.695140 0.516486 0.145336 0.000000 0.000000 0.000000 0.992327 1 6.005913019e-05 9.650294669e-05
110 0.038330 0.004256 0.001628 4.695140 0.516486 0.145336 0.000000 0.000000 0.000000 0.992322 1 4.139915109e-05 6.388500333e-05
110 0.038156 0.004234 0.001589 4.695140 0.516486 0.145336 0.000000 0.000000 0.000000 0.992314 1 7.414515130e-05 1.122020185e-04
110 0.037999 0.004214 0.001553 4.695140 0.516486 0.145336 0.000000 0.000000 0.000000 0.992303 1 7.124780677e-05 1.091090962e-04
110 0.037859 0.004196 0.001519 4.695140 0.516486 0.145336 0.000000 0.000000 0.000000 0.992287 1 7.099821232e-05 1.099721994e-04
110 0.037737 0.004180 0.001489 4.695140 0.516486 0.145336 0.000000 0.000000 0.000000 0.992268 1 7.447320968e-05 1.175510697e-04
110 0.037630 0.004166 0.001461 4.695140 0.516486 0.145336 0.000000 0.000000 0.000000 0.992248 1 7.237517275e-05 1.126490533e-04
110 0.037540 0.004154 0.001435 4.695140 0.516486 0.145336 0.000000 0.000000 0.000000 0.992227 1 7.274118252e-05 1.141778193e-04
111 0.037354 0.004168 0.001677 4.837688 0.562686 0.372364 0.000000 0.000000 0.000000 0.992534 1 7.285713218e-05 1.107119024e-04
111 0.037258 0.004171 0.001761 4.837688 0.562686 0.372364 0.000000 0.000000 0.000000 0.992544 1 1.821992919e-05 2.795993350e-05
111 0.037160 0.004172 0.001839 4.837688 0.562686 0.372364 0.000000 0.000000 0.000000 0.992578 1 7.900083438e-05 1.182281412e-04
111 0.037054 0.004171 0.001909 4.837688 0.562686 0.372364 0.000000 0.000000 0.000000 0.992626 1 6.497302093e-05 1.001090277e-04
111 0.036935 0.004168 0.001973 4.837688 0.562686 0.372364 0.000000 0.000000 0.000000 0.992686 1 7.395911962e-05 1.142949332e-04
111 0.036803 0.004162 0.002029 4.837688 0.562686 0.372364 0.000000 0.000000 0.000000 0.992752 1 6.475602277e-05 9.930599481e-05
111 0.036655 0.004154 0.002080 4.837688 0.562686 0.372364 0.000000 0.000000 0.000000 0.992822 1 7.432699203e-05 1.141999383e-04
111 0.036491 0.004144 0.002124 4.837688 0.562686 0.372364 0.000000 0.000000 0.000000 0.992893 1 7.241312414e-05 1.118450891e-04
111 0.036314 0.004131 0.002163 4.837688 0.562686 0.372364 0.000000 0.000000 0.000000 0.992964 1 7.442897186e-05 1.132199541e-04
111 0.036125 0.004116 0.002197 4.837688 0.562686 0.372364 0.000000 0.000000 0.000000 0.993032 1 7.269089110e-05 1.122960821e-04
111 0.035926 0.004099 0.002227 4.837688 0.562686 0.372364 0.000000 0.000000 0.000000 0.993096 1 7.364898920e-05 1.128939912e-04
111 0.035719 0.004081 0.002252 4.837688 0.562686 0.372364 0.000000 0.000000 0.000000 0.993157 1 7.483013906e-05 1.147780567e-04
111 0.035506 0.004062 0.002274 4.837688 0.562686 0.372364 0.000000 0.000000 0.000000 0.993216 1 5.622184835e-05 9.837700054e-05
111 0.035287 0.004042 0.002292 4.837688 0.562686 0.372364 0.000000 0.000000 0.000000 0.993275 1 3.441004083e-05 5.333707668e-05
111 0.035063 0.004021 0.002308 4.837688 0.562686 0.372364 0.000000 0.000000 0.000000 0.993338 1 1.862691715e-05 3.262679093e-05
111 0.034831 0.003998 0.002320 4.837688 0.562686 0.372364 0.000000 0.000000 0.000000 0.993408 1 1.822295599e-05 2.819392830e-05
111 0.034589 0.003974 0.002329 4.837688 0.562686 0.372364 0.000000 0.000000 0.000000 0.993487 1 5.020899698e-05 6.950693205e-05
111 0.034334 0.003948 0.002335 4.837688 0.562686 0.372364 0.000000 0.000000 0.000000 0.993575 1 5.824002437e-05 8.045299910e-05
111 0.034064 0.003920 0.002338 4.837688 0.562686 0.372364 0.000000 0.000000 0.000000 0.993673 1 5.149794742e-05 7.863296196e-05
111 0.033776 0.003890 0.002338 4.837688 0.562686 0.372364 0.000000 0.000000 0.000000 0.993779 1 7.219915278e-05 1.138718799e-04
112 0.033514 0.003839 0.002248 4.987545 0.565305 0.326630 0.000000 0.000000 0.000000 0.994028 1 7.454794832e-05 1.152190380e-04
112 0.033210 0.003802 0.002224 4.987545 0.565305 0.326630 0.000000 0.000000 0.000000 0.994106 1 7.240916602e-05 1.118551008e-04
112 0.032903 0.003764 0.002200 4.987545 0.565305 0.326630 0.000000 0.000000 0.000000 0.994168 1 5.545490421e-05 9.104493074e-05
112 0.032598 0.003727 0.002177 4.987545 0.565305 0.326630 0.000000 0.000000 0.000000 0.994222 1 7.247482426e-05 1.108869910e-04
112 0.032297 0.003690 0.002154 4.987545 0.565305 0.326630 0.000000 0.000000 0.000000 0.994269 1 7.576216012e-05 1.175319776e-04
112 0.032003 0.003655 0.002132 4.987545 0.565305 0.326630 0.000000 0.000000 0.000000 0.994307 1 7.206504233e-05 1.119798981e-04
112 0.031720 0.003620 0.002110 4.987545 0.565305 0.326630 0.000000 0.000000 0.000000 0.994334 1 7.466017269e-05 1.131589524e-04
112 0.031449 0.003588 0.002090 4.987545 0.565305 0.326630 0.000000 0.000000 0.000000 0.994353 1 6.823497824e-05 1.051069703e-04
112 0.031194 0.003557 0.002071 4.987545 0.565305 0.326630 0.000000 0.000000 0.000000 0.994363 1 7.425691001e-05 1.148488373e-04
112 0.030956 0.003529 0.002053 4.987545 0.565305 0.326630 0.000000 0.000000 0.000000 0.994369 1 9.784800932e-05 1.490958966e-04
112 0.030735 0.003502 0.002037 4.987545 0.565305 0.326630 0.000000 0.000000 0.000000 0.994370 1 7.509882562e-05 1.155089121e-04
112 0.030531 0.003477 0.002022 4.987545 0.565305 0.326630 0.000000 0.000000 0.000000 0.994369 1 8.211215027e-05 1.228451729e-04
112 0.030344 0.003455 0.002008 4.987545 0.565305 0.326630 0.000000 0.000000 0.000000 0.994363 1 7.321406156e-05 1.131130848e-04
112 0.030174 0.003434 0.001995 4.987545 0.565305 0.326630 0.000000 0.000000 0.000000 0.994355 1 7.429602556e-05 1.137959771e-04
112 0.030021 0.003416 0.001983 4.987545 0.565305 0.326630 0.000000 0.000000 0.000000 0.994345 1 7.411697879e-05 1.142330002e-04
112 0.029884 0.003399 0.001973 4.987545 0.565305 0.326630 0.000000 0.000000 0.000000 0.994332 1 7.415493019e-05 1.141338143e-04
112 0.029763 0.003385 0.001964 4.987545 0.565305 0.326630 0.000000 0.000000 0.000000 0.994316 1 7.224385627e-05 1.141070388e-04
112 0.029659 0.003372 0.001956 4.987545 0.565305 0.326630 0.000000 0.000000 0.000000 0.994296 1 7.418100722e-05 1.125019044e-04
112 0.029570 0.003361 0.001949 4.987545 0.565305 0.326630 0.000000 0.000000 0.000000 0.994274 1 7.076305337e-05 1.096508931e-04
112 0.029498 0.003352 0.001943 4.987545 0.565305 0.326630 0.000000 0.000000 0.000000 0.994249 1 6.906804629e-05 1.063239761e-04
113 0.029389 0.003368 0.001882 5.134852 0.607575 0.287958 0.000000 0.000000 0.000000 0.994456 1 7.007899694e-05 1.068629790e-04
113 0.029320 0.003368 0.001860 5.134852 0.607575 0.287958 0.000000 0.000000 0.000000 0.994455 1 7.633189671e-05 1.200018451e-04
113 0.029250 0.003367 0.001840 5.134852 0.607575 0.287958 0.000000 0.000000 0.000000 0.994481 1 6.378209218e-05 9.681517258e-05
113 0.029171 0.003365 0.001820 5.134852 0.607575 0.287958 0.000000 0.000000 0.000000 0.994521 1 7.535004988e-05 1.154991332e-04
113 0.029081 0.003361 0.001801 5.134852 0.607575 0.287958 0.000000 0.000000 0.000000 0.994570 1 1.833098941e-05 2.822116949e-05
113 0.028977 0.003355 0.001782 5.134852 0.607575 0.287958 0.000000 0.000000 0.000000 0.994625 1 6.911088713e-05 1.060350332e-04
113 0.028859 0.003347 0.001763 5.134852 0.607575 0.287958 0.000000 0.000000 0.000000 0.994681 1 7.696892135e-05 1.204540022e-04
113 0.028727 0.003336 0.001745 5.134852 0.607575 0.287958 0.000000 0.000000 0.000000 0.994737 1 7.301196456e-05 1.128830481e-04
113 0.028584 0.003324 0.001726 5.134852 0.607575 0.287958 0.000000 0.000000 0.000000 0.994792 1 7.399497554e-05 1.144679263e-04
113 0.028431 0.003311 0.001708 5.134852 0.607575 0.287958 0.000000 0.000000 0.000000 0.994845 1 7.431302220e-05 1.147289295e-04
113 0.028269 0.003295 0.001690 5.134852 0.607575 0.287958 0.000000 0.000000 0.000000 0.994897 1 9.179906920e-05 1.258009579e-04
113 0.028099 0.003279 0.001673 5.134852 0.607575 0.287958 0.000000 0.000000 0.000000 0.994946 1 4.317983985e-05 6.599305198e-05
113 0.027923 0.003262 0.001655 5.134852 0.607575 0.287958 0.000000 0.000000 0.000000 0.994995 1 7.480918430e-05 1.141089015e-04
113 0.027742 0.003244 0.001638 5.134852 0.607575 0.287958 0.000000 0.000000 0.000000 0.995044 1 8.145719767e-05 1.377610024e-04
113 0.027554 0.003224 0.001622 5.134852 0.607575 0.287958 0.000000 0.000000 0.000000 0.995096 1 7.314211689e-05 1.130618621e-04
113 0.027359 0.003204 0.001605 5.134852 0.607575 0.287958 0.000000 0.000000 0.000000 0.995153 1 7.369392551e-05 1.143959817e-04
113 0.027155 0.003183 0.001588 5.134852 0.607575 0.287958 0.000000 0.000000 0.000000 0.995218 1 7.395213470e-05 1.147710718e-04
113 0.026939 0.003159 0.001571 5.134852 0.607575 0.287958 0.000000 0.000000 0.000000 0.995292 1 7.512420416e-05 1.161010005e-04
113 0.026709 0.003134 0.001553 5.134852 0.607575 0.287958 0.000000 0.000000 0.000000 0.995375 1 7.389904931e-05 1.151680481e-04
113 0.026461 0.003107 0.001535 5.134852 0.607575 0.287958 0.000000 0.000000 0.000000 0.995467 1 6.646104157e-05 1.042070799e-04
114 0.026276 0.003050 0.001420 5.288629 0.599492 0.224374 0.000000 0.000000 0.000000 0.995622 1 7.468089461e-05 1.130288001e-04
114 0.026013 0.003015 0.001385 5.288629 0.599492 0.224374 0.000000 0.000000 0.000000 0.995706 1 5.722907372e-05 8.776807226e-05
114 0.025748 0.002980 0.001352 5.288629 0.599492 0.224374 0.000000 0.000000 0.000000 0.995755 1 7.316609845e-05 1.132220495e-04
114 0.025484 0.002945 0.001321 5.288629 0.599492 0.224374 0.000000 0.000000 0.000000 0.995798 1 8.364417590e-05 1.330100931e-04
114 0.025225 0.002911 0.001292 5.288629 0.599492 0.224374 0.000000 0.000000 0.000000 0.995834 1 7.367902435e-05 1.136378851e-04
114 0.024973 0.002879 0.001264 5.288629 0.599492 0.224374 0.000000 0.000000 0.000000 0.995862 1 7.458496839e-05 1.157009974e-04
114 0.024731 0.002848 0.001238 5.288629 0.599492 0.224374 0.000000 0.000000 0.000000 0.995881 1 7.396796718e-05 1.128360163e-04
114 0.024502 0.002818 0.001214 5.288629 0.599492 0.224374 0.000000 0.000000 0.000000 0.995892 1 7.407297380e-05 1.129710581e-04
114 0.024287 0.002791 0.001191 5.288629 0.599492 0.224374 0.000000 0.000000 0.000000 0.995898 1 5.484814756e-05 8.343486115e-05
114 0.024087 0.002765 0.001170 5.288629 0.599492 0.224374 0.000000 0.000000 0.000000 0.995900 1 7.404200733e-05 1.135880593e-04
114 0.023902 0.002742 0.001151 5.288629 0.599492 0.224374 0.000000 0.000000 0.000000 0.995898 1 7.438403554e-05 1.124138944e-04
114 0.023734 0.002720 0.001133 5.288629 0.599492 0.224374 0.000000 0.000000 0.000000 0.995893 1 7.365108468e-05 1.132059842e-04
114 0.023581 0.002700 0.001117 5.288629 0.599492 0.224374 0.000000 0.000000 0.000000 0.995884 1 7.390207611e-05 1.130630262e-04
114 0.023444 0.002683 0.001102 5.288629 0.599492 0.224374 0.000000 0.000000 0.000000 0.995873 1 7.072789595e-05 1.095391344e-04
114 0.023322 0.002667 0.001089 5.288629 0.599492 0.224374 0.000000 0.000000 0.000000 0.995859 1 7.379590534e-05 1.127368305e-04
114 0.023216 0.002653 0.001077 5.288629 0.599492 0.224374 0.000000 0.000000 0.000000 0.995842 1 7.390207611e-05 1.130909659e-04
114 0.023127 0.002641 0.001066 5.288629 0.599492 0.224374 0.000000 0.000000 0.000000 0.995821 1 7.412908599e-05 1.136329956e-04
114 0.023053 0.002632 0.001056 5.288629 0.599492 0.224374 0.000000 0.000000 0.000000 0.995796 1 7.556611672e-05 1.174630597e-04
114 0.022996 0.002624 0.001048 5.288629 0.599492 0.224374 0.000000 0.000000 0.000000 0.995769 1 7.497589104e-05 1.134991180e-04
114 0.022955 0.002618 0.001041 5.288629 0.599492 0.224374 0.000000 0.000000 0.000000 0.995740 1 7.393397391e-05 1.139440574e-04
115 0.022887 0.002623 0.000981 5.437853 0.633372 0.167489 0.000000 0.000000 0.000000 0.995848 1 7.817498408e-05 1.250840724e-04
115 0.022861 0.002623 0.000959 5.437853 0.633372 0.167489 0.000000 0.000000 0.000000 0.995856 1 6.894906983e-05 1.057800837e-04
115 0.022831 0.002623 0.000938 5.437853 0.633372 0.167489 0.000000 0.000000 0.000000 0.995879 1 7.395516150e-05 1.146919094e-04
115 0.022791 0.002621 0.000919 5.437853 0.633372 0.167489 0.000000 0.000000 0.000000 0.995915 1 6.875419058e-05 1.062192023e-04
115 0.022736 0.002617 0.000901 5.437853 0.633372 0.167489 0.000000 0.000000 0.000000 0.995961 1 7.393909618e-05 1.136199571e-04
115 0.022665 0.002611 0.000883 5.437853 0.633372 0.167489 0.000000 0.000000 0.000000 0.996010 1 6.534717977e-05 1.026468817e-04
115 0.022579 0.002603 0.000866 5.437853 0.633372 0.167489 0.000000 0.000000 0.000000 0.996060 1 7.410207763e-05 1.136979554e-04
115 0.022479 0.002594 0.000850 5.437853 0.633372 0.167489 0.000000 0.000000 0.000000 0.996107 1 7.499498315e-05 1.295439433e-04
115 0.022368 0.002583 0.000834 5.437853 0.633372 0.167489 0.000000 0.000000 0.000000 0.996153 1 7.451511919e-05 1.163170673e-04
115 0.022246 0.002570 0.000820 5.437853 0.633372 0.167489 0.000000 0.000000 0.000000 0.996198 1 8.092680946e-05 1.220221166e-04
115 0.022115 0.002556 0.000805 5.437853 0.633372 0.167489 0.000000 0.000000 0.000000 0.996242 1 6.896094419e-05 1.063859090e-04
115 0.021976 0.002542 0.000791 5.437853 0.633372 0.167489 0.000000 0.000000 0.000000 0.996284 1 7.421011105e-05 1.131929457e-04
115 0.021830 0.002526 0.000778 5.437853 0.633372 0.167489 0.000000 0.000000 0.000000 0.996326 1 7.666787133e-05 1.192938071e-04
115 0.021678 0.002510 0.000765 5.437853 0.633372 0.167489 0.000000 0.000000 0.000000 0.996367 1 7.343897596e-05 1.134520862e-04
115 0.021520 0.002493 0.000753 5.437853 0.633372 0.167489 0.000000 0.000000 0.000000 0.996411 1 7.407809608e-05 1.134620979e-04
115 0.021355 0.002474 0.000741 5.437853 0.633372 0.167489 0.000000 0.000000 0.000000 0.996459 1 6.971415132e-05 1.060739160e-04
115 0.021181 0.002455 0.000729 5.437853 0.633372 0.167489 0.000000 0.000000 0.000000 0.996513 1 7.440801710e-05 1.145070419e-04
115 0.020996 0.002434 0.000718 5.437853 0.633372 0.167489 0.000000 0.000000 0.000000 0.996576 1 8.161203004e-05 1.315430272e-04
115 0.020797 0.002412 0.000706 5.437853 0.633372 0.167489 0.000000 0.000000 0.000000 0.996649 1 6.487919018e-05 9.883800521e-05
115 0.020581 0.002388 0.000694 5.437853 0.633372 0.167489 0.000000 0.000000 0.000000 0.996729 1 7.424107753e-05 1.143668778e-04
116 0.020487 0.002323 0.000561 5.591998 0.612820 0.084329 0.000000 0.000000 0.000000 0.996825 1 6.723892875e-05 1.041889191e-04
116 0.020253 0.002291 0.000538 5.591998 0.612820 0.084329 0.000000 0.000000 0.000000 0.996904 1 6.483984180e-05 1.059831120e-04
116 0.020017 0.002260 0.000517 5.591998 0.612820 0.084329 0.000000 0.000000 0.000000 0.996945 1 6.894697435e-05 1.073640306e-04
116 0.019783 0.002229 0.000497 5.591998 0.612820 0.084329 0.000000 0.000000 0.000000 0.996980 1 1.809396781e-05 2.800486982e-05
116 0.019553 0.002199 0.000478 5.591998 0.612820 0.084329 0.000000 0.000000 0.000000 0.997008 1 1.824484207e-05 2.807704732e-05
116 0.019331 0.002170 0.000461 5.591998 0.612820 0.084329 0.000000 0.000000 0.000000 0.997028 1 1.846114174e-05 2.821488306e-05
116 0.019119 0.002143 0.000444 5.591998 0.612820 0.084329 0.000000 0.000000 0.000000 0.997041 1 2.833688632e-05 4.418706521e-05
116 0.018920 0.002118 0.000429 5.591998 0.612820 0.084329 0.000000 0.000000 0.000000 0.997047 1 3.357185051e-05 5.049095489e-05
116 0.018734 0.002094 0.000416 5.591998 0.612820 0.084329 0.000000 0.000000 0.000000 0.997050 1 7.285200991e-05 1.104001421e-04
116 0.018562 0.002072 0.000403 5.591998 0.612820 0.084329 0.000000 0.000000 0.000000 0.997049 1 7.471395656e-05 1.162439585e-04
116 0.018404 0.002052 0.000391 5.591998 0.612820 0.084329 0.000000 0.000000 0.000000 0.997045 1 7.148995064e-05 1.106068958e-04
116 0.018261 0.002033 0.000380 5.591998 0.612820 0.084329 0.000000 0.000000 0.000000 0.997038 1 7.154885679e-05 1.121188980e-04
116 0.018133 0.002017 0.000370 5.591998 0.612820 0.084329 0.000000 0.000000 0.000000 0.997028 1 6.756186485e-05 1.042219810e-04
116 0.018020 0.002002 0.000361 5.591998 0.612820 0.084329 0.000000 0.000000 0.000000 0.997015 1 7.154094055e-05 1.103421673e-04
116 0.017921 0.001989 0.000353 5.591998 0.612820 0.084329 0.000000 0.000000 0.000000 0.997000 1 2.049095929e-05 3.328709863e-05
116 0.017837 0.001978 0.000345 5.591998 0.612820 0.084329 0.000000 0.000000 0.000000 0.996981 1 1.823692583e-05 2.805702388e-05
116 0.017769 0.001969 0.000338 5.591998 0.612820 0.084329 0.000000 0.000000 0.000000 0.996959 1 1.836707816e-05 2.803304233e-05
116 0.017717 0.001961 0.000332 5.591998 0.612820 0.084329 0.000000 0.000000 0.000000 0.996933 1 1.813005656e-05 2.740789205e-05
116 0.017680 0.001956 0.000326 5.591998 0.612820 0.084329 0.000000 0.000000 0.000000 0.996904 1 3.880192526e-05 5.842698738e-05
116 0.017659 0.001952 0.000321 5.591998 0.612820 0.084329 0.000000 0.000000 0.000000 0.996873 1 4.347506911e-05 6.601493806e-05
117 0.017666 0.001958 0.000250 5.739998 0.636820 0.007009 0.000000 0.000000 0.000000 0.996936 1 8.731801063e-05 1.406790689e-04
117 0.017663 0.001958 0.000233 5.739998 0.636820 0.007009 0.000000 0.000000 0.000000 0.996929 1 7.552606985e-05 1.149859745e-04
117 0.017657 0.001957 0.000216 5.739998 0.636820 0.007009 0.000000 0.000000 0.000000 0.996947 1 5.463487469e-05 8.353497833e-05
117 0.017639 0.001956 0.000201 5.739998 0.636820 0.007009 0.000000 0.000000 0.000000 0.996980 1 7.402990013e-05 1.121838577e-04
117 0.017605 0.001952 0.000187 5.739998 0.636820 0.007009 0.000000 0.000000 0.000000 0.997022 1 5.748495460e-05 8.798600174e-05
117 0.017555 0.001946 0.000175 5.739998 0.636820 0.007009 0.000000 0.000000 0.000000 0.997067 1 7.488206029e-05 1.138779335e-04
117 0.017488 0.001939 0.000163 5.739998 0.636820 0.007009 0.000000 0.000000 0.000000 0.997111 1 7.664388977e-05 1.169531606e-04
117 0.017408 0.001930 0.000152 5.739998 0.636820 0.007009 0.000000 0.000000 0.000000 0.997152 1 6.461795419e-05 9.931391105e-05
117 0.017317 0.001920 0.000142 5.739998 0.636820 0.007009 0.000000 0.000000 0.000000 0.997191 1 7.479311898e-05 1.130360179e-04
117 0.017216 0.001909 0.000132 5.739998 0.636820 0.007009 0.000000 0.000000 0.000000 0.997228 1 6.030895747e-05 9.484589100e-05
117 0.017107 0.001897 0.000124 5.739998 0.636820 0.007009 0.000000 0.000000 0.000000 0.997265 1 7.488788106e-05 1.266100444e-04
117 0.016989 0.001884 0.000116 5.739998 0.636820 0.007009 0.000000 0.000000 0.000000 0.997302 1 8.064997382e-05 1.307171769e-04
117 0.016865 0.001870 0.000108 5.739998 0.636820 0.007009 0.000000 0.000000 0.000000 0.997337 1 1.830700785e-05 2.811779268e-05
117 0.016735 0.001856 0.000101 5.739998 0.636820 0.007009 0.000000 0.000000 0.000000 0.997372 1 7.518590428e-05 1.136611681e-04
117 0.016599 0.001841 0.000095 5.739998 0.636820 0.007009 0.000000 0.000000 0.000000 0.997408 1 6.847991608e-05 1.046508551e-04
117 0.016457 0.001825 0.000089 5.739998 0.636820 0.007009 0.000000 0.000000 0.000000 0.997448 1 7.391488180e-05 1.132029574e-04
117 0.016308 0.001809 0.000083 5.739998 0.636820 0.007009 0.000000 0.000000 0.000000 0.997492 1 5.723000504e-05 8.788192645e-05
117 0.016148 0.001791 0.000078 5.739998 0.636820 0.007009 0.000000 0.000000 0.000000 0.997544 1 6.499211304e-05 9.885919280e-05
117 0.015976 0.001772 0.000074 5.739998 0.636820 0.007009 0.000000 0.000000 0.000000 0.997605 1 7.377518341e-05 1.137040090e-04
117 0.015788 0.001751 0.000069 5.739998 0.636820 0.007009 0.000000 0.000000 0.000000 0.997675 1 6.110314280e-05 9.606080130e-05
118 0.015787 0.001664 -0.000105 5.891883 0.599578 -0.099305 0.000000 0.000000 0.000000 0.997734 1 6.674416363e-05 9.862193838e-05
118 0.015576 0.001639 -0.000114 5.891883 0.599578 -0.099305 0.000000 0.000000 0.000000 0.997807 1 4.184199497e-05 6.408896297e-05
118 0.015363 0.001613 -0.000122 5.891883 0.599578 -0.099305 0.000000 0.000000 0.000000 0.997843 1 6.204494275e-05 9.482586756e-05
118 0.015151 0.001587 -0.000129 5.891883 0.599578 -0.099305 0.000000 0.000000 0.000000 0.997871 1 7.316702977e-05 1.125701237e-04
118 0.014945 0.001563 -0.000135 5.891883 0.599578 -0.099305 0.000000 0.000000 0.000000 0.997893 1 6.896397099e-05 1.096890774e-04
118 0.014746 0.001539 -0.000141 5.891883 0.599578 -0.099305 0.000000 0.000000 0.000000 0.997908 1 1.481270883e-04 2.054180950e-04
118 0.014558 0.001517 -0.000146 5.891883 0.599578 -0.099305 0.000000 0.000000 0.000000 0.997916 1 5.002412945e-05 6.923289038e-05
118 0.014382 0.001497 -0.000151 5.891883 0.599578 -0.099305 0.000000 0.000000 0.000000 0.997919 1 6.611808203e-05 1.015099697e-04
118 0.014219 0.001478 -0.000155 5.891883 0.599578 -0.099305 0.000000 0.000000 0.000000 0.997918 1 1.651549246e-04 2.349840943e-04
118 0.014070 0.001460 -0.000159 5.891883 0.599578 -0.099305 0.000000 0.000000 0.000000 0.997914 1 1.463619992e-04 2.027570736e-04
118 0.013935 0.001444 -0.000163 5.891883 0.599578 -0.099305 0.000000 0.000000 0.000000 0.997908 1 7.590791211e-05 1.154330093e-04
118 0.013813 0.001430 -0.000166 5.891883 0.599578 -0.099305 0.000000 0.000000 0.000000 0.997899 1 6.999098696e-05 1.076390035e-04
118 0.013706 0.001417 -0.000169 5.891883 0.599578 -0.099305 0.000000 0.000000 0.000000 0.997887 1 7.506017573e-05 1.138679218e-04
118 0.013613 0.001406 -0.000173 5.891883 0.599578 -0.099305 0.000000 0.000000 0.000000 0.997873 1 7.466296665e-05 1.134260092e-04
118 0.013534 0.001396 -0.000176 5.891883 0.599578 -0.099305 0.000000 0.000000 0.000000 0.997857 1 7.418706082e-05 1.151161268e-04
118 0.013468 0.001388 -0.000179 5.891883 0.599578 -0.099305 0.000000 0.000000 0.000000 0.997838 1 1.577590592e-04 2.174989786e-04
118 0.013418 0.001382 -0.000181 5.891883 0.599578 -0.099305 0.000000 0.000000 0.000000 0.997816 1 1.675859094e-04 2.698970493e-04
118 0.013382 0.001377 -0.000184 5.891883 0.599578 -0.099305 0.000000 0.000000 0.000000 0.997791 1 7.116608322e-05 1.162299886e-04
118 0.013361 0.001373 -0.000187 5.891883 0.599578 -0.099305 0.000000 0.000000 0.000000 0.997763 1 6.939517334e-05 1.068599522e-04
118 0.013354 0.001372 -0.000190 5.891883 0.599578 -0.099305 0.000000 0.000000 0.000000 0.997733 1 4.741991870e-05 7.329718210e-05
119 0.013343 0.001369 -0.000238 6.035873 0.612991 -0.199687 0.000000 0.000000 0.000000 0.997739 1 2.328492701e-05 3.540911712e-05
119 0.013362 0.001370 -0.000254 6.035873 0.612991 -0.199687 0.000000 0.000000 0.000000 0.997747 1 1.809000969e-05 2.805399708e-05
119 0.013377 0.001370 -0.000269 6.035873 0.612991 -0.199687 0.000000 0.000000 0.000000 0.997765 1 5.589798093e-05 8.292007260e-05
119 0.013377 0.001369 -0.000283 6.035873 0.612991 -0.199687 0.000000 0.000000 0.000000 0.997797 1 6.463914178e-05 9.851506911e-05
119 0.013361 0.001367 -0.000294 6.035873 0.612991 -0.199687 0.000000 0.000000 0.000000 0.997838 1 7.461290807e-05 1.147720031e-04
119 0.013325 0.001363 -0.000305 6.035873 0.612991 -0.199687 0.000000 0.000000 0.000000 0.997882 1 8.308188990e-05 1.325989142e-04
119 0.013273 0.001357 -0.000313 6.035873 0.612991 -0.199687 0.000000 0.000000 0.000000 0.997923 1 7.494003512e-05 1.147012226e-04
119 0.013207 0.001349 -0.000321 6.035873 0.612991 -0.199687 0.000000 0.000000 0.000000 0.997960 1 7.389904931e-05 1.141859684e-04
119 0.013129 0.001341 -0.000327 6.035873 0.612991 -0.199687 0.000000 0.000000 0.000000 0.997994 1 6.744894199e-05 1.046680845e-04
119 0.013042 0.001331 -0.000333 6.035873 0.612991 -0.199687 0.000000 0.000000 0.000000 0.998026 1 7.431302220e-05 1.142709516e-04
119 0.012947 0.001321 -0.000337 6.035873 0.612991 -0.199687 0.000000 0.000000 0.000000 0.998058 1 6.458000280e-05 9.989482351e-05
119 0.012845 0.001310 -0.000341 6.035873 0.612991 -0.199687 0.000000 0.000000 0.000000 0.998090 1 7.213698700e-05 1.122581307e-04
119 0.012736 0.001299 -0.000344 6.035873 0.612991 -0.199687 0.000000 0.000000 0.000000 0.998120 1 7.476680912e-05 1.152700279e-04
119 0.012621 0.001287 -0.000346 6.035873 0.612991 -0.199687 0.000000 0.000000 0.000000 0.998150 1 7.282500155e-05 1.109240111e-04
119 0.012502 0.001274 -0.000347 6.035873 0.612991 -0.199687 0.000000 0.000000 0.000000 0.998181 1 7.362617180e-05 1.128851436e-04
119 0.012376 0.001261 -0.000348 6.035873 0.612991 -0.199687 0.000000 0.000000 0.000000 0.998214 1 6.989808753e-05 1.071291044e-04
119 0.012244 0.001247 -0.000349 6.035873 0.612991 -0.199687 0.000000 0.000000 0.000000 0.998252 1 5.026813596e-05 7.002498023e-05
119 0.012103 0.001233 -0.000348 6.035873 0.612991 -0.199687 0.000000 0.000000 0.000000 0.998296 1 1.574619673e-04 2.168440260e-04
119 0.011949 0.001217 -0.000347 6.035873 0.612991 -0.199687 0.000000 0.000000 0.000000 0.998350 1 7.021287456e-05 1.123200636e-04
119 0.011781 0.001199 -0.000345 6.035873 0.612991 -0.199687 0.000000 0.000000 0.000000 0.998412 1 7.383618504e-05 1.144229900e-04
120 0.012357 0.000947 -0.000917 6.182687 0.555495 -0.332607 0.000000 0.000000 0.000000 0.998473 1 7.486017421e-05 1.145920251e-04
120 0.012123 0.000939 -0.000885 6.182687 0.555495 -0.332607 0.000000 0.000000 0.000000 0.998512 1 7.196795195e-05 1.117130741e-04
120 0.011890 0.000929 -0.000855 6.182687 0.555495 -0.332607 0.000000 0.000000 0.000000 0.998543 1 8.366210386e-05 1.357430592e-04
120 0.011662 0.000919 -0.000826 6.182687 0.555495 -0.332607 0.000000 0.000000 0.000000 0.998566 1 7.425411604e-05 1.141028479e-04
120 0.011443 0.000910 -0.000799 6.182687 0.555495 -0.332607 0.000000 0.000000 0.000000 0.998583 1 7.536192425e-05 1.165200956e-04
120 0.011234 0.000900 -0.000774 6.182687 0.555495 -0.332607 0.000000 0.000000 0.000000 0.998593 1 6.783613935e-05 1.044701785e-04
120 0.011038 0.000891 -0.000750 6.182687 0.555495 -0.332607 0.000000 0.000000 0.000000 0.998598 1 7.489300333e-05 1.155741047e-04
120 0.010855 0.000882 -0.000728 6.182687 0.555495 -0.332607 0.000000 0.000000 0.000000 0.998598 1 6.957584992e-05 1.081151422e-04
120 0.010688 0.000874 -0.000708 6.182687 0.555495 -0.332607 0.000000 0.000000 0.000000 0.998595 1 1.571790781e-04 2.174121328e-04
120 0.010535 0.000867 -0.000690 6.182687 0.555495 -0.332607 0.000000 0.000000 0.000000 0.998590 1 8.247210644e-05 1.238461118e-04
120 0.010397 0.000861 -0.000673 6.182687 0.555495 -0.332607 0.000000 0.000000 0.000000 0.998581 1 7.796008140e-05 1.179710962e-04
120 0.010275 0.000855 -0.000658 6.182687 0.555495 -0.332607 0.000000 0.000000 0.000000 0.998571 1 6.969319656e-05 1.080329530e-04
120 0.010167 0.000851 -0.000644 6.182687 0.555495 -0.332607 0.000000 0.000000 0.000000 0.998559 1 6.669899449e-05 1.055269968e-04
120 0.010074 0.000847 -0.000631 6.182687 0.555495 -0.332607 0.000000 0.000000 0.000000 0.998545 1 7.438100874e-05 1.143289264e-04
120 0.009995 0.000845 -0.000620 6.182687 0.555495 -0.332607 0.000000 0.000000 0.000000 0.998529 1 7.201102562e-05 1.130839810e-04
120 0.009931 0.000843 -0.000610 6.182687 0.555495 -0.332607 0.000000 0.000000 0.000000 0.998509 1 7.432396524e-05 1.146979630e-04
120 0.009882 0.000843 -0.000602 6.182687 0.555495 -0.332607 0.000000 0.000000 0.000000 0.998486 1 7.167202421e-05 1.122970134e-04
120 0.009849 0.000843 -0.000595 6.182687 0.555495 -0.332607 0.000000 0.000000 0.000000 0.998460 1 7.505202666e-05 1.149270684e-04
120 0.009831 0.000845 -0.000589 6.182687 0.555495 -0.332607 0.000000 0.000000 0.000000 0.998432 1 7.529696450e-05 1.155801583e-04
120 0.009829 0.000847 -0.000584 6.182687 0.555495 -0.332607 0.000000 0.000000 0.000000 0.998402 1 9.553181008e-05 1.470679417e-04
121 0.009865 0.000845 -0.000651 6.320366 0.553473 -0.459705 0.000000 0.000000 0.000000 0.998402 1 7.561594248e-05 1.135780476e-04
121 0.009890 0.000849 -0.000658 6.320366 0.553473 -0.459705 0.000000 0.000000 0.000000 0.998384 1 7.349601947e-05 1.143501140e-04
121 0.009912 0.000852 -0.000665 6.320366 0.553473 -0.459705 0.000000 0.000000 0.000000 0.998399 1 6.205891259e-05 9.507313371e-05
121 0.009919 0.000854 -0.000670 6.320366 0.553473 -0.459705 0.000000 0.000000 0.000000 0.998433 1 8.454103954e-05 1.432581339e-04
121 0.009907 0.000854 -0.000673 6.320366 0.553473 -0.459705 0.000000 0.000000 0.000000 0.998475 1 7.406598888e-05 1.151100732e-04
121 0.009874 0.000852 -0.000674 6.320366 0.553473 -0.459705 0.000000 0.000000 0.000000 0.998520 1 7.426808588e-05 1.141889952e-04
121 0.009823 0.000848 -0.000674 6.320366 0.553473 -0.459705 0.000000 0.000000 0.000000 0.998561 1 7.518194616e-05 1.157978550e-04
121 0.009756 0.000844 -0.000672 6.320366 0.553473 -0.459705 0.000000 0.000000 0.000000 0.998599 1 7.490091957e-05 1.152390614e-04
121 0.009678 0.000838 -0.000669 6.320366 0.553473 -0.459705 0.000000 0.000000 0.000000 0.998632 1 7.445388474e-05 1.204919536e-04
121 0.009590 0.000831 -0.000665 6.320366 0.553473 -0.459705 0.000000 0.000000 0.000000 0.998663 1 7.416796871e-05 1.146800350e-04
121 0.009495 0.000823 -0.000661 6.320366 0.553473 -0.459705 0.000000 0.000000 0.000000 0.998693 1 7.423688658e-05 1.127829310e-04
121 0.009392 0.000815 -0.000656 6.320366 0.553473 -0.459705 0.000000 0.000000 0.000000 0.998723 1 7.623294368e-05 1.203310676e-04
121 0.009283 0.000806 -0.000650 6.320366 0.553473 -0.459705 0.000000 0.000000 0.000000 0.998751 1 7.477193139e-05 1.153459307e-04
121 0.009168 0.000796 -0.000644 6.320366 0.553473 -0.459705 0.000000 0.000000 0.000000 0.998778 1 1.823995262e-05 2.811988816e-05
121 0.009050 0.000786 -0.000637 6.320366 0.553473 -0.459705 0.000000 0.000000 0.000000 0.998806 1 7.415283471e-05 1.139759552e-04
121 0.008927 0.000776 -0.000629 6.320366 0.553473 -0.459705 0.000000 0.000000 0.000000 0.998834 1 7.367692888e-05 1.142420806e-04
121 0.008799 0.000765 -0.000622 6.320366 0.553473 -0.459705 0.000000 0.000000 0.000000 0.998866 1 2.078292891e-05 3.451295197e-05
121 0.008663 0.000754 -0.000613 6.320366 0.553473 -0.459705 0.000000 0.000000 0.000000 0.998904 1 1.818197779e-05 2.800789662e-05
121 0.008517 0.000741 -0.000604 6.320366 0.553473 -0.459705 0.000000 0.000000 0.000000 0.998951 1 1.977081411e-05 2.984702587e-05
121 0.008357 0.000728 -0.000593 6.320366 0.553473 -0.459705 0.000000 0.000000 0.000000 0.999007 1 2.235081047e-05 3.410503268e-05
122 0.009586 0.000136 -0.001839 6.459154 0.474303 -0.620680 0.000000 0.000000 0.000000 0.999035 1 1.835217699e-05 2.822186798e-05
122 0.009312 0.000160 -0.001742 6.459154 0.474303 -0.620680 0.000000 0.000000 0.000000 0.999085 1 1.856801100e-05 2.846703865e-05
122 0.009043 0.000180 -0.001651 6.459154 0.474303 -0.620680 0.000000 0.000000 0.000000 0.999113 1 6.963801570e-05 1.064608805e-04
122 0.008782 0.000198 -0.001566 6.459154 0.474303 -0.620680 0.000000 0.000000 0.000000 0.999134 1 7.476704195e-05 1.146961004e-04
122 0.008533 0.000214 -0.001487 6.459154 0.474303 -0.620680 0.000000 0.000000 0.000000 0.999147 1 7.312698290e-05 1.143731643e-04
122 0.008298 0.000229 -0.001413 6.459154 0.474303 -0.620680 0.000000 0.000000 0.000000 0.999155 1 7.444201037e-05 1.149561722e-04
122 0.008078 0.000242 -0.001344 6.459154 0.474303 -0.620680 0.000000 0.000000 0.000000 0.999158 1 6.906013004e-05 1.056781039e-04
122 0.007876 0.000254 -0.001281 6.459154 0.474303 -0.620680 0.000000 0.000000 0.000000 0.999157 1 7.520779036e-05 1.162318513e-04
122 0.007690 0.000265 -0.001223 6.459154 0.474303 -0.620680 0.000000 0.000000 0.000000 0.999152 1 7.652421482e-05 1.181350090e-04
122 0.007522 0.000276 -0.001170 6.459154 0.474303 -0.620680 0.000000 0.000000 0.000000 0.999145 1 6.603891961e-05 1.034650486e-04
122 0.007371 0.000286 -0.001121 6.459154 0.474303 -0.620680 0.000000 0.000000 0.000000 0.999135 1 7.285294123e-05 1.128299627e-04
122 0.007237 0.000296 -0.001076 6.459154 0.474303 -0.620680 0.000000 0.000000 0.000000 0.999125 1 6.566988304e-05 1.010510605e-04
122 0.007118 0.000305 -0.001036 6.459154 0.474303 -0.620680 0.000000 0.000000 0.000000 0.999112 1 7.186899893e-05 1.119030640e-04
122 0.007016 0.000315 -0.000999 6.459154 0.474303 -0.620680 0.000000 0.000000 0.000000 0.999097 1 8.373800665e-05 1.380641479e-04
122 0.006929 0.000324 -0.000965 6.459154 0.474303 -0.620680 0.000000 0.000000 0.000000 0.999081 1 7.153488696e-05 1.118339133e-04
122 0.006858 0.000333 -0.000936 6.459154 0.474303 -0.620680 0.000000 0.000000 0.000000 0.999061 1 7.075094618e-05 1.096860506e-04
122 0.006803 0.000342 -0.000909 6.459154 0.474303 -0.620680 0.000000 0.000000 0.000000 0.999038 1 6.931205280e-05 1.061370131e-04
122 0.006765 0.000351 -0.000886 6.459154 0.474303 -0.620680 0.000000 0.000000 0.000000 0.999013 1 7.483991794e-05 1.153890043e-04
122 0.006743 0.000361 -0.000865 6.459154 0.474303 -0.620680 0.000000 0.000000 0.000000 0.998986 1 6.542983465e-05 1.001621131e-04
122 0.006736 0.000370 -0.000848 6.459154 0.474303 -0.620680 0.000000 0.000000 0.000000 0.998956 1 6.951391697e-05 1.065970864e-04
123 0.006880 0.000362 -0.000997 6.588467 0.456651 -0.774037 0.000000 0.000000 0.000000 0.998943 1 7.241684943e-05 1.104800031e-04
123 0.006897 0.000372 -0.000984 6.588467 0.456651 -0.774037 0.000000 0.000000 0.000000 0.998919 1 1.797592267e-05 2.753711306e-05
123 0.006912 0.000381 -0.000972 6.588467 0.456651 -0.774037 0.000000 0.000000 0.000000 0.998930 1 7.389602251e-05 1.143249683e-04
123 0.006914 0.000389 -0.000960 6.588467 0.456651 -0.774037 0.000000 0.000000 0.000000 0.998960 1 6.756000221e-05 1.045260578e-04
123 0.006898 0.000395 -0.000947 6.588467 0.456651 -0.774037 0.000000 0.000000 0.000000 0.999000 1 7.968698628e-05 1.197669189e-04
123 0.006863 0.000399 -0.000932 6.588467 0.456651 -0.774037 0.000000 0.000000 0.000000 0.999040 1 9.091407992e-05 1.330929808e-04
123 0.006811 0.000401 -0.000917 6.588467 0.456651 -0.774037 0.000000 0.000000 0.000000 0.999078 1 8.226395585e-05 1.223757863e-04
123 0.006745 0.000402 -0.000900 6.588467 0.456651 -0.774037 0.000000 0.000000 0.000000 0.999110 1 7.238890976e-05 1.138248481e-04
123 0.006669 0.000402 -0.000883 6.588467 0.456651 -0.774037 0.000000 0.000000 0.000000 0.999138 1 6.916304119e-05 1.063400414e-04
123 0.006586 0.000400 -0.000865 6.588467 0.456651 -0.774037 0.000000 0.000000 0.000000 0.999164 1 7.427087985e-05 1.146548893e-04
123 0.006496 0.000398 -0.000848 6.588467 0.456651 -0.774037 0.000000 0.000000 0.000000 0.999189 1 8.317898028e-05 1.344489865e-04
123 0.006400 0.000396 -0.000830 6.588467 0.456651 -0.774037 0.000000 0.000000 0.000000 0.999214 1 7.447996177e-05 1.139300875e-04
123 0.006299 0.000393 -0.000812 6.588467 0.456651 -0.774037 0.000000 0.000000 0.000000 0.999238 1 7.514492609e-05 1.158679370e-04
123 0.006194 0.000389 -0.000794 6.588467 0.456651 -0.774037 0.000000 0.000000 0.000000 0.999261 1 6.509898230e-05 1.000170596e-04
123 0.006086 0.000384 -0.000776 6.588467 0.456651 -0.774037 0.000000 0.000000 0.000000 0.999282 1 3.844383173e-05 5.923584104e-05
123 0.005976 0.000379 -0.000759 6.588467 0.456651 -0.774037 0.000000 0.000000 0.000000 0.999305 1 3.568013199e-05 5.359784700e-05
123 0.005861 0.000374 -0.000741 6.588467 0.456651 -0.774037 0.000000 0.000000 0.000000 0.999331 1 4.335492849e-05 6.690016016e-05
123 0.005741 0.000368 -0.000723 6.588467 0.456651 -0.774037 0.000000 0.000000 0.000000 0.999363 1 7.473491132e-05 1.139051747e-04
123 0.005611 0.000362 -0.000704 6.588467 0.456651 -0.774037 0.000000 0.000000 0.000000 0.999404 1 7.503200322e-05 1.144548878e-04
123 0.005467 0.000354 -0.000683 6.588467 0.456651 -0.774037 0.000000 0.000000 0.000000 0.999455 1 7.315492257e-05 1.189501490e-04
124 0.006330 -0.000244 -0.001992 6.718931 0.350325 -1.001320 0.000000 0.000000 0.000000 0.999475 1 5.610706285e-05 8.743279614e-05
124 0.006099 -0.000211 -0.001877 6.718931 0.350325 -1.001320 0.000000 0.000000 0.000000 0.999520 1 6.181304343e-05 1.000210177e-04
124 0.005871 -0.000183 -0.001769 6.718931 0.350325 -1.001320 0.000000 0.000000 0.000000 0.999544 1 7.736380212e-05 1.184479333e-04
124 0.005650 -0.000157 -0.001667 6.718931 0.350325 -1.001320 0.000000 0.000000 0.000000 0.999561 1 6.951112300e-05 1.062718220e-04
124 0.005439 -0.000133 -0.001572 6.718931 0.350325 -1.001320 0.000000 0.000000 0.000000 0.999572 1 7.485481910e-05 1.151938923e-04
124 0.005240 -0.000111 -0.001484 6.718931 0.350325 -1.001320 0.000000 0.000000 0.000000 0.999577 1 6.494414993e-05 9.916792624e-05
124 0.005055 -0.000091 -0.001403 6.718931 0.350325 -1.001320 0.000000 0.000000 0.000000 0.999578 1 7.387809455e-05 1.150921453e-04
124 0.004886 -0.000073 -0.001327 6.718931 0.350325 -1.001320 0.000000 0.000000 0.000000 0.999574 1 8.366582915e-05 1.326091588e-04
124 0.004732 -0.000056 -0.001258 6.718931 0.350325 -1.001320 0.000000 0.000000 0.000000 0.999567 1 7.398100570e-05 1.134930644e-04
124 0.004594 -0.000040 -0.001195 6.718931 0.350325 -1.001320 0.000000 0.000000 0.000000 0.999558 1 7.465877570e-05 1.127680298e-04
124 0.004472 -0.000025 -0.001138 6.718931 0.350325 -1.001320 0.000000 0.000000 0.000000 0.999548 1 1.799408346e-05 2.764794044e-05
124 0.004365 -0.000010 -0.001086 6.718931 0.350325 -1.001320 0.000000 0.000000 0.000000 0.999536 1 6.942381151e-05 1.063561067e-04
124 0.004273 0.000003 -0.001039 6.718931 0.350325 -1.001320 0.000000 0.000000 0.000000 0.999523 1 5.379994400e-05 8.658505976e-05
124 0.004195 0.000016 -0.000996 6.718931 0.350325 -1.001320 0.000000 0.000000 0.000000 0.999507 1 5.859206431e-05 8.925492875e-05
124 0.004132 0.000028 -0.000958 6.718931 0.350325 -1.001320 0.000000 0.000000 0.000000 0.999490 1 7.475982420e-05 1.145568676e-04
124 0.004084 0.000040 -0.000925 6.718931 0.350325 -1.001320 0.000000 0.000000 0.000000 0.999469 1 7.355981506e-05 1.137771178e-04
124 0.004051 0.000052 -0.000895 6.718931 0.350325 -1.001320 0.000000 0.000000 0.000000 0.999446 1 7.450091653e-05 1.141990069e-04
124 0.004033 0.000063 -0.000870 6.718931 0.350325 -1.001320 0.000000 0.000000 0.000000 0.999419 1 7.018400356e-05 1.072038431e-04
124 0.004031 0.000074 -0.000849 6.718931 0.350325 -1.001320 0.000000 0.000000 0.000000 0.999391 1 7.340707816e-05 1.131528988e-04
124 0.004044 0.000085 -0.000832 6.718931 0.350325 -1.001320 0.000000 0.000000 0.000000 0.999362 1 7.821898907e-05 1.205629669e-04
125 0.004181 0.000065 -0.000891 6.842982 0.312400 -1.085761 0.000000 0.000000 0.000000 0.999413 1 5.208607763e-05 7.948791608e-05
125 0.004210 0.000076 -0.000878 6.842982 0.312400 -1.085761 0.000000 0.000000 0.000000 0.999314 1 6.158999167e-05 9.474786930e-05
125 0.004248 0.000086 -0.000867 6.842982 0.312400 -1.085761 0.000000 0.000000 0.000000 0.999318 1 4.575611092e-05 7.022591308e-05
125 0.004273 0.000096 -0.000857 6.842982 0.312400 -1.085761 0.000000 0.000000 0.000000 0.999343 1 7.434096187e-05 1.149170566e-04
125 0.004280 0.000104 -0.000844 6.842982 0.312400 -1.085761 0.000000 0.000000 0.000000 0.999379 1 8.318689652e-05 1.531720627e-04
125 0.004267 0.000110 -0.000829 6.842982 0.312400 -1.085761 0.000000 0.000000 0.000000 0.999416 1 7.413607091e-05 1.143838745e-04
125 0.004236 0.000115 -0.000813 6.842982 0.312400 -1.085761 0.000000 0.000000 0.000000 0.999450 1 7.432186976e-05 1.143149566e-04
125 0.004192 0.000119 -0.000795 6.842982 0.312400 -1.085761 0.000000 0.000000 0.000000 0.999477 1 7.538497448e-05 1.143419649e-04
125 0.004138 0.000122 -0.000776 6.842982 0.312400 -1.085761 0.000000 0.000000 0.000000 0.999498 1 7.372000255e-05 1.118900254e-04
125 0.004079 0.000125 -0.000758 6.842982 0.312400 -1.085761 0.000000 0.000000 0.000000 0.999515 1 6.523006596e-05 9.902101010e-05
125 0.004015 0.000127 -0.000739 6.842982 0.312400 -1.085761 0.000000 0.000000 0.000000 0.999533 1 7.422990166e-05 1.140709501e-04
125 0.003946 0.000128 -0.000720 6.842982 0.312400 -1.085761 0.000000 0.000000 0.000000 0.999553 1 9.002606384e-05 1.304638572e-04
125 0.003873 0.000129 -0.000701 6.842982 0.312400 -1.085761 0.000000 0.000000 0.000000 0.999570 1 6.901402958e-05 1.058129128e-04
125 0.003797 0.000129 -0.000683 6.842982 0.312400 -1.085761 0.000000 0.000000 0.000000 0.999585 1 6.976001896e-05 1.054110471e-04
125 0.003719 0.000129 -0.000664 6.842982 0.312400 -1.085761 0.000000 0.000000 0.000000 0.999600 1 6.878795102e-05 1.062208321e-04
125 0.003639 0.000128 -0.000646 6.842982 0.312400 -1.085761 0.000000 0.000000 0.000000 0.999618 1 7.269694470e-05 1.131801400e-04
125 0.003554 0.000127 -0.000627 6.842982 0.312400 -1.085761 0.000000 0.000000 0.000000 0.999640 1 7.439195178e-05 1.176458318e-04
125 0.003462 0.000126 -0.000608 6.842982 0.312400 -1.085761 0.000000 0.000000 0.000000 0.999670 1 6.817979738e-05 1.042981166e-04
125 0.003359 0.000123 -0.000587 6.842982 0.312400 -1.085761 0.000000 0.000000 0.000000 0.999707 1 7.494306192e-05 1.157480292e-04
125 0.003241 0.000120 -0.000564 6.842982 0.312400 -1.085761 0.000000 0.000000 0.000000 0.999753 1 7.453397848e-05 1.136080828e-04
126 0.003957 -0.000467 -0.000986 6.968570 0.190172 -1.170029 0.000000 0.000000 0.000000 0.999890 1 7.042195648e-05 1.153990161e-04
126 0.003703 -0.000430 -0.000919 6.968570 0.190172 -1.170029 0.000000 0.000000 0.000000 0.999913 1 8.460483514e-05 1.341011375e-04
126 0.003507 -0.000394 -0.000863 6.968570 0.190172 -1.170029 0.000000 0.000000 0.000000 0.999846 1 6.937584840e-05 1.133459155e-04
126 0.003315 -0.000362 -0.000810 6.968570 0.190172 -1.170029 0.000000 0.000000 0.000000 0.999859 1 7.465202361e-05 1.132879406e-04
126 0.003134 -0.000332 -0.000760 6.968570 0.190172 -1.170029 0.000000 0.000000 0.000000 0.999865 1 6.952416152e-05 1.062371302e-04
126 0.002965 -0.000304 -0.000714 6.968570 0.190172 -1.170029 0.000000 0.000000 0.000000 0.999866 1 7.179006934e-05 1.111670863e-04
126 0.002810 -0.000279 -0.000671 6.968570 0.190172 -1.170029 0.000000 0.000000 0.000000 0.999862 1 1.835008152e-05 2.792594023e-05
126 0.002670 -0.000255 -0.000632 6.968570 0.190172 -1.170029 0.000000 0.000000 0.000000 0.999854 1 7.485807873e-05 1.154050697e-04
126 0.002546 -0.000234 -0.000597 6.968570 0.190172 -1.170029 0.000000 0.000000 0.000000 0.999842 1 6.176601164e-05 9.565101936e-05
126 0.002439 -0.000213 -0.000566 6.968570 0.190172 -1.170029 0.000000 0.000000 0.000000 0.999830 1 4.513794556e-05 6.909715012e-05
126 0.002346 -0.000194 -0.000539 6.968570 0.190172 -1.170029 0.000000 0.000000 0.000000 0.999816 1 7.457192987e-05 1.148628071e-04
126 0.002269 -0.000177 -0.000515 6.968570 0.190172 -1.170029 0.000000 0.000000 0.000000 0.999801 1 5.453801714e-05 8.333497681e-05
126 0.002206 -0.000160 -0.000494 6.968570 0.190172 -1.170029 0.000000 0.000000 0.000000 0.999785 1 7.322803140e-05 1.120259985e-04
126 0.002157 -0.000144 -0.000476 6.968570 0.190172 -1.170029 0.000000 0.000000 0.000000 0.999766 1 7.728394121e-05 1.202700660e-04
126 0.002122 -0.000130 -0.000461 6.968570 0.190172 -1.170029 0.000000 0.000000 0.000000 0.999746 1 7.517589256e-05 1.217729878e-04
126 0.002102 -0.000116 -0.000450 6.968570 0.190172 -1.170029 0.000000 0.000000 0.000000 0.999723 1 7.314397953e-05 1.143941190e-04
126 0.002096 -0.000103 -0.000441 6.968570 0.190172 -1.170029 0.000000 0.000000 0.000000 0.999697 1 6.399187259e-05 1.087510027e-04
126 0.002106 -0.000090 -0.000436 6.968570 0.190172 -1.170029 0.000000 0.000000 0.000000 0.999668 1 7.403385825e-05 1.144011039e-04
126 0.002130 -0.000078 -0.000434 6.968570 0.190172 -1.170029 0.000000 0.000000 0.000000 0.999638 1 2.123601735e-05 3.695301712e-05
126 0.002170 -0.000067 -0.000435 6.968570 0.190172 -1.170029 0.000000 0.000000 0.000000 0.999606 1 1.854798757e-05 2.818810754e-05
127 0.002315 -0.000094 -0.000472 7.089725 0.145198 -1.212371 0.000000 0.000000 0.000000 0.999778 1 1.859106123e-05 2.865190618e-05
127 0.002380 -0.000082 -0.000478 7.089725 0.145198 -1.212371 0.000000 0.000000 0.000000 0.999550 1 1.899502240e-05 2.847705036e-05
127 0.002441 -0.000070 -0.000483 7.089725 0.145198 -1.212371 0.000000 0.000000 0.000000 0.999556 1 3.858702257e-05 5.929893814e-05
127 0.002488 -0.000060 -0.000486 7.089725 0.145198 -1.212371 0.000000 0.000000 0.000000 0.999582 1 3.061909229e-05 4.730699584e-05
127 0.002515 -0.000051 -0.000486 7.089725 0.145198 -1.212371 0.000000 0.000000 0.000000 0.999616 1 6.150710396e-05 9.474693798e-05
127 0.002520 -0.000043 -0.000482 7.089725 0.145198 -1.212371 0.000000 0.000000 0.000000 0.999651 1 6.676907651e-05 1.012620050e-04
127 0.002507 -0.000036 -0.000476 7.089725 0.145198 -1.212371 0.000000 0.000000 0.000000 0.999682 1 4.964112304e-05 7.583317347e-05
127 0.002480 -0.000030 -0.000468 7.089725 0.145198 -1.212371 0.000000 0.000000 0.000000 0.999707 1 1.830514520e-05 2.820394002e-05
127 0.002443 -0.000024 -0.000458 7.089725 0.145198 -1.212371 0.000000 0.000000 0.000000 0.999726 1 1.842598431e-05 2.837204374e-05
127 0.002399 -0.000020 -0.000447 7.089725 0.145198 -1.212371 0.000000 0.000000 0.000000 0.999743 1 7.447390817e-05 1.206290908e-04
127 0.002350 -0.000015 -0.000436 7.089725 0.145198 -1.212371 0.000000 0.000000 0.000000 0.999759 1 7.866509259e-05 1.223720610e-04
127 0.002295 -0.000012 -0.000424 7.089725 0.145198 -1.212371 0.000000 0.000000 0.000000 0.999777 1 7.497007027e-05 1.152229961e-04
127 0.002235 -0.000008 -0.000411 7.089725 0.145198 -1.212371 0.000000 0.000000 0.000000 0.999794 1 6.926199421e-05 1.083090901e-04
127 0.002171 -0.000005 -0.000398 7.089725 0.145198 -1.212371 0.000000 0.000000 0.000000 0.999808 1 6.921379827e-05 1.060541254e-04
127 0.002105 -0.000003 -0.000385 7.089725 0.145198 -1.212371 0.000000 0.000000 0.000000 0.999821 1 7.406412624e-05 1.126751304e-04
127 0.002037 -0.000001 -0.000371 7.089725 0.145198 -1.212371 0.000000 0.000000 0.000000 0.999833 1 8.571287617e-05 1.313900575e-04
127 0.001967 0.000001 -0.000358 7.089725 0.145198 -1.212371 0.000000 0.000000 0.000000 0.999849 1 6.983592175e-05 1.060608774e-04
127 0.001892 0.000002 -0.000343 7.089725 0.145198 -1.212371 0.000000 0.000000 0.000000 0.999870 1 7.482105866e-05 1.135398634e-04
127 0.001808 0.000004 -0.000327 7.089725 0.145198 -1.212371 0.000000 0.000000 0.000000 0.999901 1 7.049296983e-05 1.081298105e-04
127 0.001710 0.000004 -0.000309 7.089725 0.145198 -1.212371 0.000000 0.000000 0.000000 0.999944 1 7.219403051e-05 1.111659221e-04
128 0.002383 -0.000573 -0.000541 7.211216 0.014121 -1.259670 0.000000 0.000000 0.000000 0.999980 1 5.661812611e-05 8.568586782e-05
128 0.002202 -0.000529 -0.000500 7.211216 0.014121 -1.259670 0.000000 0.000000 0.000000 1.000000 1 7.588206790e-05 1.151061151e-04
128 0.002033 -0.000488 -0.000461 7.211216 0.014121 -1.259670 0.000000 0.000000 0.000000 1.000000 1 7.201405242e-05 1.120010857e-04
128 0.001876 -0.000451 -0.000426 7.211216 0.014121 -1.259670 0.000000 0.000000 0.000000 1.000000 1 7.576099597e-05 1.157310326e-04
128 0.001732 -0.000416 -0.000393 7.211216 0.014121 -1.259670 0.000000 0.000000 0.000000 1.000000 1 7.026409730e-05 1.055479515e-04
128 0.001599 -0.000384 -0.000363 7.211216 0.014121 -1.259670 0.000000 0.000000 0.000000 1.000000 1 6.631505676e-05 1.012459397e-04
128 0.001476 -0.000355 -0.000335 7.211216 0.014121 -1.259670 0.000000 0.000000 0.000000 1.000000 1 7.405318320e-05 1.125021372e-04
128 0.001363 -0.000327 -0.000309 7.211216 0.014121 -1.259670 0.000000 0.000000 0.000000 1.000000 1 7.240893319e-05 1.107829157e-04
128 0.001258 -0.000302 -0.000285 7.211216 0.014121 -1.259670 0.000000 0.000000 0.000000 1.000000 1 7.384712808e-05 1.128569711e-04
128 0.001161 -0.000279 -0.000263 7.211216 0.014121 -1.259670 0.000000 0.000000 0.000000 0.999998 1 7.335306145e-05 1.117479987e-04
128 0.001076 -0.000257 -0.000244 7.211216 0.014121 -1.259670 0.000000 0.000000 0.000000 0.999990 1 1.795287244e-05 2.749101259e-05
128 0.001001 -0.000238 -0.000227 7.211216 0.014121 -1.259670 0.000000 0.000000 0.000000 0.999981 1 7.259007543e-05 1.117649954e-04
128 0.000938 -0.000219 -0.000212 7.211216 0.014121 -1.259670 0.000000 0.000000 0.000000 0.999971 1 8.980603889e-05 1.406359952e-04
128 0.000886 -0.000202 -0.000199 7.211216 0.014121 -1.259670 0.000000 0.000000 0.000000 0.999959 1 7.273093797e-05 1.107901335e-04
128 0.000844 -0.000187 -0.000188 7.211216 0.014121 -1.259670 0.000000 0.000000 0.000000 0.999947 1 7.343897596e-05 1.117768697e-04
128 0.000812 -0.000172 -0.000179 7.211216 0.014121 -1.259670 0.000000 0.000000 0.000000 0.999934 1 6.977794692e-05 1.064930111e-04
128 0.000820 -0.000159 -0.000178 7.211216 0.014121 -1.259670 0.000000 0.000000 0.000000 0.999849 1 7.083802484e-05 1.090660226e-04
128 0.000851 -0.000147 -0.000181 7.211216 0.014121 -1.259670 0.000000 0.000000 0.000000 0.999817 1 6.007310003e-05 9.145005606e-05
128 0.000897 -0.000135 -0.000186 7.211216 0.014121 -1.259670 0.000000 0.000000 0.000000 0.999783 1 7.297005504e-05 1.118660439e-04
128 0.000959 -0.000124 -0.000195 7.211216 0.014121 -1.259670 0.000000 0.000000 0.000000 0.999747 1 7.504108362e-05 1.143731643e-04
129 0.001144 -0.000150 -0.000216 7.330857 -0.032871 -1.268221 0.000000 0.000000 0.000000 0.999700 1 5.400297232e-05 8.325604722e-05
129 0.001230 -0.000139 -0.000229 7.330857 -0.032871 -1.268221 0.000000 0.000000 0.000000 0.999685 1 7.419101894e-05 1.131352037e-04
129 0.001312 -0.000129 -0.000242 7.330857 -0.032871 -1.268221 0.000000 0.000000 0.000000 0.999690 1 5.571101792e-05 8.507096209e-05
129 0.001379 -0.000120 -0.000253 7.330857 -0.032871 -1.268221 0.000000 0.000000 0.000000 0.999715 1 7.484387606e-05 1.127980649e-04
129 0.001423 -0.000111 -0.000259 7.330857 -0.032871 -1.268221 0.000000 0.000000 0.000000 0.999749 1 7.665087469e-05 1.173189376e-04
129 0.001444 -0.000103 -0.000262 7.330857 -0.032871 -1.268221 0.000000 0.000000 0.000000 0.999783 1 7.005711086e-05 1.072380692e-04
129 0.001446 -0.000096 -0.000261 7.330857 -0.032871 -1.268221 0.000000 0.000000 0.000000 0.999813 1 7.514189929e-05 1.149540767e-04
129 0.001432 -0.000089 -0.000258 7.330857 -0.032871 -1.268221 0.000000 0.000000 0.000000 0.999837 1 6.889901124e-05 1.051940490e-04
129 0.001408 -0.000083 -0.000253 7.330857 -0.032871 -1.268221 0.000000 0.000000 0.000000 0.999854 1 7.429020479e-05 1.136581413e-04
129 0.001378 -0.000077 -0.000247 7.330857 -0.032871 -1.268221 0.000000 0.000000 0.000000 0.999869 1 8.486211300e-05 1.417859457e-04
129 0.001341 -0.000071 -0.000240 7.330857 -0.032871 -1.268221 0.000000 0.000000 0.000000 0.999883 1 7.380009629e-05 1.129789744e-04
129 0.001299 -0.000066 -0.000232 7.330857 -0.032871 -1.268221 0.000000 0.000000 0.000000 0.999899 1 7.475609891e-05 1.150581520e-04
129 0.001251 -0.000061 -0.000223 7.330857 -0.032871 -1.268221 0.000000 0.000000 0.000000 0.999914 1 6.508687511e-05 9.959284216e-05
129 0.001199 -0.000056 -0.000214 7.330857 -0.032871 -1.268221 0.000000 0.000000 0.000000 0.999927 1 7.412000559e-05 1.140381210e-04
129 0.001145 -0.000052 -0.000204 7.330857 -0.032871 -1.268221 0.000000 0.000000 0.000000 0.999937 1 6.474810652e-05 9.907991625e-05
129 0.001089 -0.000048 -0.000194 7.330857 -0.032871 -1.268221 0.000000 0.000000 0.000000 0.999948 1 6.898888387e-05 1.058029011e-04
129 0.001031 -0.000045 -0.000183 7.330857 -0.032871 -1.268221 0.000000 0.000000 0.000000 0.999961 1 7.555494085e-05 1.146169379e-04
129 0.000968 -0.000041 -0.000172 7.330857 -0.032871 -1.268221 0.000000 0.000000 0.000000 0.999980 1 7.437611930e-05 1.132679172e-04
129 0.000897 -0.000038 -0.000159 7.330857 -0.032871 -1.268221 0.000000 0.000000 0.000000 1.000000 1 7.410696708e-05 1.154709607e-04
129 0.000828 -0.000035 -0.000147 7.330857 -0.032871 -1.268221 0.000000 0.000000 0.000000 1.000000 1 5.790893920e-05 8.902302943e-05
130 0.001536 -0.000622 -0.000252 7.449046 -0.167474 -1.284779 0.000000 0.000000 0.000000 1.000000 1 6.145914085e-05 9.337300435e-05
130 0.001418 -0.000574 -0.000233 7.449046 -0.167474 -1.284779 0.000000 0.000000 0.000000 1.000000 1 5.073379725e-05 7.322384045e-05
130 0.001309 -0.000530 -0.000215 7.449046 -0.167474 -1.284779 0.000000 0.000000 0.000000 1.000000 1 4.746904597e-05 7.203686982e-05
130 0.001208 -0.000489 -0.000198 7.449046 -0.167474 -1.284779 0.000000 0.000000 0.000000 1.000000 1 5.741510540e-05 8.918205276e-05
130 0.001115 -0.000452 -0.000183 7.449046 -0.167474 -1.284779 0.000000 0.000000 0.000000 1.000000 1 6.811111234e-05 1.045090612e-04
130 0.001029 -0.000417 -0.000169 7.449046 -0.167474 -1.284779 0.000000 0.000000 0.000000 1.000000 1 7.499009371e-05 1.143140253e-04
130 0.000950 -0.000385 -0.000156 7.449046 -0.167474 -1.284779 0.000000 0.000000 0.000000 1.000000 1 1.035288442e-04 1.580771059e-04
130 0.000877 -0.000355 -0.000144 7.449046 -0.167474 -1.284779 0.000000 0.000000 0.000000 1.000000 1 6.889482029e-05 1.046550460e-04
130 0.000810 -0.000328 -0.000133 7.449046 -0.167474 -1.284779 0.000000 0.000000 0.000000 1.000000 1 7.329508662e-05 1.187140588e-04
130 0.000747 -0.000303 -0.000123 7.449046 -0.167474 -1.284779 0.000000 0.000000 0.000000 1.000000 1 5.635386333e-05 8.642603643e-05
130 0.000690 -0.000280 -0.000113 7.449046 -0.167474 -1.284779 0.000000 0.000000 0.000000 1.000000 1 8.624210022e-05 1.355670393e-04
130 0.000637 -0.000258 -0.000105 7.449046 -0.167474 -1.284779 0.000000 0.000000 0.000000 1.000000 1 5.130516365e-05 8.025392890e-05
130 0.000588 -0.000238 -0.000097 7.449046 -0.167474 -1.284779 0.000000 0.000000 0.000000 1.000000 1 6.942404434e-05 1.062289812e-04
130 0.000543 -0.000220 -0.000089 7.449046 -0.167474 -1.284779 0.000000 0.000000 0.000000 1.000000 1 7.500103675e-05 1.156949438e-04
130 0.000502 -0.000203 -0.000083 7.449046 -0.167474 -1.284779 0.000000 0.000000 0.000000 0.999993 1 6.468407810e-05 9.908201173e-05
130 0.000473 -0.000188 -0.000078 7.449046 -0.167474 -1.284779 0.000000 0.000000 0.000000 0.999979 1 7.339892909e-05 1.119188964e-04
130 0.000453 -0.000174 -0.000075 7.449046 -0.167474 -1.284779 0.000000 0.000000 0.000000 0.999964 1 5.747913383e-05 8.938508108e-05
130 0.000444 -0.000161 -0.000073 7.449046 -0.167474 -1.284779 0.000000 0.000000 0.000000 0.999948 1 7.221102715e-05 1.129789744e-04
130 0.000445 -0.000149 -0.000074 7.449046 -0.167474 -1.284779 0.000000 0.000000 0.000000 0.999931 1 7.727090269e-05 1.194039360e-04
130 0.000456 -0.000139 -0.000076 7.449046 -0.167474 -1.284779 0.000000 0.000000 0.000000 0.999913 1 7.434701547e-05 1.141771208e-04
131 0.000511 -0.000140 -0.000076 7.567592 -0.212660 -1.264330 0.000000 0.000000 0.000000 0.999895 1 7.159402594e-05 1.173981000e-04
131 0.000540 -0.000131 -0.000082 7.567592 -0.212660 -1.264330 0.000000 0.000000 0.000000 0.999879 1 4.804506898e-05 7.512117736e-05
131 0.000607 -0.000124 -0.000093 7.567592 -0.212660 -1.264330 0.000000 0.000000 0.000000 0.999764 1 6.005889736e-05 9.186100215e-05
131 0.000692 -0.000118 -0.000108 7.567592 -0.212660 -1.264330 0.000000 0.000000 0.000000 0.999786 1 8.426699787e-05 1.334170811e-04
131 0.000752 -0.000112 -0.000119 7.567592 -0.212660 -1.264330 0.000000 0.000000 0.000000 0.999820 1 7.422803901e-05 1.137051731e-04
131 0.000788 -0.000106 -0.000125 7.567592 -0.212660 -1.264330 0.000000 0.000000 0.000000 0.999855 1 7.322407328e-05 1.125279814e-04
131 0.000802 -0.000100 -0.000128 7.567592 -0.212660 -1.264330 0.000000 0.000000 0.000000 0.999885 1 7.055606693e-05 1.084399410e-04
131 0.000799 -0.000094 -0.000128 7.567592 -0.212660 -1.264330 0.000000 0.000000 0.000000 0.999907 1 7.419893518e-05 1.142069232e-04
131 0.000787 -0.000088 -0.000126 7.567592 -0.212660 -1.264330 0.000000 0.000000 0.000000 0.999923 1 7.461407222e-05 1.136730425e-04
131 0.000766 -0.000083 -0.000123 7.567592 -0.212660 -1.264330 0.000000 0.000000 0.000000 0.999936 1 6.660120562e-05 1.041248906e-04
131 0.000740 -0.000077 -0.000119 7.567592 -0.212660 -1.264330 0.000000 0.000000 0.000000 0.999950 1 7.703900337e-05 1.106089912e-04
131 0.000707 -0.000072 -0.000114 7.567592 -0.212660 -1.264330 0.000000 0.000000 0.000000 0.999965 1 4.939502105e-05 7.533398457e-05
131 0.000669 -0.000067 -0.000108 7.567592 -0.212660 -1.264330 0.000000 0.000000 0.000000 0.999979 1 7.470091805e-05 1.146809664e-04
131 0.000625 -0.000062 -0.000101 7.567592 -0.212660 -1.264330 0.000000 0.000000 0.000000 0.999991 1 7.033604197e-05 1.032219734e-04
131 0.000579 -0.000057 -0.000094 7.567592 -0.212660 -1.264330 0.000000 0.000000 0.000000 1.000000 1 7.441896014e-05 1.127370633e-04
131 0.000535 -0.000053 -0.000087 7.567592 -0.212660 -1.264330 0.000000 0.000000 0.000000 1.000000 1 7.655518129e-05 1.144418493e-04
131 0.000494 -0.000049 -0.000080 7.567592 -0.212660 -1.264330 0.000000 0.000000 0.000000 1.000000 1 7.448485121e-05 1.159298699e-04
131 0.000456 -0.000045 -0.000074 7.567592 -0.212660 -1.264330 0.000000 0.000000 0.000000 1.000000 1 7.159681991e-05 1.117519569e-04
131 0.000421 -0.000042 -0.000068 7.567592 -0.212660 -1.264330 0.000000 0.000000 0.000000 1.000000 1 7.435702719e-05 1.148669980e-04
131 0.000388 -0.000038 -0.000063 7.567592 -0.212660 -1.264330 0.000000 0.000000 0.000000 1.000000 1 7.399800234e-05 1.150520984e-04
132 0.001111 -0.000614 -0.000052 7.683295 -0.346075 -1.252989 0.000000 0.000000 0.000000 1.000000 0 6.672366057e-03 6.690640002e-03
132 0.001025 -0.000566 -0.000048 7.683295 -0.346075 -1.252989 0.000000 0.000000 0.000000 1.000000 0 6.628490984e-03 6.642156048e-03
132 0.000946 -0.000523 -0.000045 7.683295 -0.346075 -1.252989 0.000000 0.000000 0.000000 1.000000 0 6.623827852e-03 6.639363943e-03
132 0.000874 -0.000483 -0.000041 7.683295 -0.346075 -1.252989 0.000000 0.000000 0.000000 1.000000 0 6.670895964e-03 6.685330998e-03
132 0.000807 -0.000446 -0.000038 7.683295 -0.346075 -1.252989 0.000000 0.000000 0.000000 1.000000 0 6.579591893e-03 6.593783153e-03
132 0.000745 -0.000411 -0.000035 7.683295 -0.346075 -1.252989 0.000000 0.000000 0.000000 1.000000 0 6.786389975e-03 6.801038980e-03
132 0.000687 -0.000380 -0.000032 7.683295 -0.346075 -1.252989 0.000000 0.000000 0.000000 1.000000 0 6.702138111e-03 6.716127973e-03
132 0.000634 -0.000351 -0.000030 7.683295 -0.346075 -1.252989 0.000000 0.000000 0.000000 1.000000 0 6.592957070e-03 6.606996991e-03
132 0.000586 -0.000324 -0.000028 7.683295 -0.346075 -1.252989 0.000000 0.000000 0.000000 1.000000 0 6.700404920e-03 6.716195960e-03
132 0.000541 -0.000299 -0.000026 7.683295 -0.346075 -1.252989 0.000000 0.000000 0.000000 1.000000 0 6.594146835e-03 6.608776050e-03
132 0.000499 -0.000276 -0.000024 7.683295 -0.346075 -1.252989 0.000000 0.000000 0.000000 1.000000 0 6.581238005e-03 6.595464190e-03
132 0.000461 -0.000255 -0.000022 7.683295 -0.346075 -1.252989 0.000000 0.000000 0.000000 1.000000 0 6.736638024e-03 6.752073066e-03
132 0.000425 -0.000235 -0.000020 7.683295 -0.346075 -1.252989 0.000000 0.000000 0.000000 1.000000 0 6.605901057e-03 6.619729102e-03
132 0.000393 -0.000217 -0.000019 7.683295 -0.346075 -1.252989 0.000000 0.000000 0.000000 1.000000 0 6.634132937e-03 6.647325121e-03
132 0.000362 -0.000200 -0.000017 7.683295 -0.346075 -1.252989 0.000000 0.000000 0.000000 1.000000 0 6.641278043e-03 6.655734032e-03
132 0.000335 -0.000185 -0.000016 7.683295 -0.346075 -1.252989 0.000000 0.000000 0.000000 1.000000 0 6.744517013e-03 6.758826785e-03
132 0.000309 -0.000171 -0.000015 7.683295 -0.346075 -1.252989 0.000000 0.000000 0.000000 1.000000 0 6.908929907e-03 6.922438974e-03
132 0.000285 -0.000158 -0.000013 7.683295 -0.346075 -1.252989 0.000000 0.000000 0.000000 1.000000 0 6.647638977e-03 6.661595078e-03
132 0.000263 -0.000145 -0.000012 7.683295 -0.346075 -1.252989 0.000000 0.000000 0.000000 1.000000 0 6.633647950e-03 6.648286013e-03
132 0.000243 -0.000134 -0.000011 7.683295 -0.346075 -1.252989 0.000000 0.000000 0.000000 1.000000 0 6.858136971e-03 6.871964084e-03
133 0.000224 -0.000124 -0.000011 7.801821 -0.384976 -1.205058 0.000000 0.000000 0.000000 1.000000 0 6.828143960e-03 6.841749186e-03
133 0.000207 -0.000114 -0.000010 7.801821 -0.384976 -1.205058 0.000000 0.000000 0.000000 1.000000 0 6.558444817e-03 6.572390907e-03
133 0.000191 -0.000106 -0.000009 7.801821 -0.384976 -1.205058 0.000000 0.000000 0.000000 1.000000 0 6.774836918e-03 6.788691971e-03
133 0.000176 -0.000097 -0.000008 7.801821 -0.384976 -1.205058 0.000000 0.000000 0.000000 1.000000 0 6.652879994e-03 6.667210022e-03
133 0.000163 -0.000090 -0.000008 7.801821 -0.384976 -1.205058 0.000000 0.000000 0.000000 1.000000 0 6.567497971e-03 6.580755813e-03
133 0.000150 -0.000083 -0.000007 7.801821 -0.384976 -1.205058 0.000000 0.000000 0.000000 1.000000 0 6.666600006e-03 6.681239000e-03
133 0.000139 -0.000077 -0.000007 7.801821 -0.384976 -1.205058 0.000000 0.000000 0.000000 1.000000 0 6.564246025e-03 6.579037989e-03
133 0.000128 -0.000071 -0.000006 7.801821 -0.384976 -1.205058 0.000000 0.000000 0.000000 1.000000 0 6.751547102e-03 6.764075020e-03
133 0.000118 -0.000065 -0.000006 7.801821 -0.384976 -1.205058 0.000000 0.000000 0.000000 1.000000 0 6.770529086e-03 6.784960860e-03
133 0.000109 -0.000060 -0.000005 7.801821 -0.384976 -1.205058 0.000000 0.000000 0.000000 1.000000 0 6.699935999e-03 6.715195021e-03
133 0.000101 -0.000056 -0.000005 7.801821 -0.384976 -1.205058 0.000000 0.000000 0.000000 1.000000 0 6.720885169e-03 6.734055001e-03
133 0.000093 -0.000051 -0.000004 7.801821 -0.384976 -1.205058 0.000000 0.000000 0.000000 1.000000 0 6.832338870e-03 6.846001837e-03
133 0.000086 -0.000047 -0.000004 7.801821 -0.384976 -1.205058 0.000000 0.000000 0.000000 1.000000 0 6.906433962e-03 6.918021012e-03
133 0.000079 -0.000044 -0.000004 7.801821 -0.384976 -1.205058 0.000000 0.000000 0.000000 1.000000 0 6.847110111e-03 6.861308822e-03
133 0.000073 -0.000040 -0.000003 7.801821 -0.384976 -1.205058 0.000000 0.000000 0.000000 1.000000 0 6.758461008e-03 6.770308129e-03
133 0.000068 -0.000037 -0.000003 7.801821 -0.384976 -1.205058 0.000000 0.000000 0.000000 1.000000 0 6.683794083e-03 6.696941098e-03
133 0.000062 -0.000034 -0.000003 7.801821 -0.384976 -1.205058 0.000000 0.000000 0.000000 1.000000 0 6.646935130e-03 6.661244901e-03
133 0.000058 -0.000032 -0.000003 7.801821 -0.384976 -1.205058 0.000000 0.000000 0.000000 1.000000 0 6.540457951e-03 6.554072956e-03
133 0.000053 -0.000029 -0.000003 7.801821 -0.384976 -1.205058 0.000000 0.000000 0.000000 1.000000 0 5.120246904e-03 5.131010897e-03
133 0.000049 -0.000027 -0.000002 7.801821 -0.384976 -1.205058 0.000000 0.000000 0.000000 1.000000 0 4.984161118e-03 4.997922108e-03
134 0.000045 -0.000025 -0.000002 7.915986 -0.513953 -1.166583 0.000000 0.000000 0.000000 1.000000 0 5.043437937e-03 5.057087867e-03
134 0.000042 -0.000023 -0.000002 7.915986 -0.513953 -1.166583 0.000000 0.000000 0.000000 1.000000 0 5.004353123e-03 5.018172087e-03
134 0.000039 -0.000021 -0.000002 7.915986 -0.513953 -1.166583 0.000000 0.000000 0.000000 1.000000 0 5.041643046e-03 5.056449911e-03
134 0.000036 -0.000020 -0.000002 7.915986 -0.513953 -1.166583 0.000000 0.000000 0.000000 1.000000 0 5.036633927e-03 5.049982108e-03
134 0.000033 -0.000018 -0.000002 7.915986 -0.513953 -1.166583 0.000000 0.000000 0.000000 1.000000 0 5.049997009e-03 5.063824123e-03
134 0.000030 -0.000017 -0.000001 7.915986 -0.513953 -1.166583 0.000000 0.000000 0.000000 1.000000 0 5.003832048e-03 5.018441938e-03
134 0.000028 -0.000015 -0.000001 7.915986 -0.513953 -1.166583 0.000000 0.000000 0.000000 1.000000 0 5.046942038e-03 5.060725845e-03
134 0.000026 -0.000014 -0.000001 7.915986 -0.513953 -1.166583 0.000000 0.000000 0.000000 1.000000 0 5.138255889e-03 5.151988007e-03
134 0.000024 -0.000013 -0.000001 7.915986 -0.513953 -1.166583 0.000000 0.000000 0.000000 1.000000 0 5.122205010e-03 5.136084976e-03
134 0.000022 -0.000012 -0.000001 7.915986 -0.513953 -1.166583 0.000000 0.000000 0.000000 1.000000 0 5.079637049e-03 5.092923064e-03
134 0.000020 -0.000011 -0.000001 7.915986 -0.513953 -1.166583 0.000000 0.000000 0.000000 1.000000 0 4.974726820e-03 4.988095956e-03
134 0.000019 -0.000010 -0.000001 7.915986 -0.513953 -1.166583 0.000000 0.000000 0.000000 1.000000 0 5.097519141e-03 5.116359796e-03
134 0.000017 -0.000010 -0.000001 7.915986 -0.513953 -1.166583 0.000000 0.000000 0.000000 1.000000 0 5.044132005e-03 5.058788927e-03
134 0.000016 -0.000009 -0.000001 7.915986 -0.513953 -1.166583 0.000000 0.000000 0.000000 1.000000 0 4.965566099e-03 4.979579942e-03
134 0.000015 -0.000008 -0.000001 7.915986 -0.513953 -1.166583 0.000000 0.000000 0.000000 1.000000 0 5.030520028e-03 5.045298021e-03
134 0.000014 -0.000008 -0.000001 7.915986 -0.513953 -1.166583 0.000000 0.000000 0.000000 1.000000 0 5.045515019e-03 5.060477881e-03
134 0.000013 -0.000007 -0.000001 7.915986 -0.513953 -1.166583 0.000000 0.000000 0.000000 1.000000 0 5.226152018e-03 5.239732796e-03
134 0.000012 -0.000006 -0.000001 7.915986 -0.513953 -1.166583 0.000000 0.000000 0.000000 1.000000 0 4.925021902e-03 4.938401980e-03
134 0.000011 -0.000006 -0.000001 7.915986 -0.513953 -1.166583 0.000000 0.000000 0.000000 1.000000 0 5.092355888e-03 5.106210941e-03
134 0.000010 -0.000005 -0.000000 7.915986 -0.513953 -1.166583 0.000000 0.000000 0.000000 1.000000 0 5.012766924e-03 5.026953993e-03
135 0.000009 -0.000005 -0.000000 8.035143 -0.542860 -1.090987 0.000000 0.000000 0.000000 1.000000 0 4.991768161e-03 5.005975021e-03
135 0.000008 -0.000005 -0.000000 8.035143 -0.542860 -1.090987 0.000000 0.000000 0.000000 1.000000 0 5.098526133e-03 5.112854997e-03
135 0.000008 -0.000004 -0.000000 8.035143 -0.542860 -1.090987 0.000000 0.000000 0.000000 1.000000 0 5.127556855e-03 5.141935078e-03
135 0.000007 -0.000004 -0.000000 8.035143 -0.542860 -1.090987 0.000000 0.000000 0.000000 1.000000 0 4.956766032e-03 4.970931914e-03
135 0.000007 -0.000004 -0.000000 8.035143 -0.542860 -1.090987 0.000000 0.000000 0.000000 1.000000 0 5.023596110e-03 5.038429983e-03
135 0.000006 -0.000003 -0.000000 8.035143 -0.542860 -1.090987 0.000000 0.000000 0.000000 1.000000 0 5.095769186e-03 5.110393977e-03
135 0.000006 -0.000003 -0.000000 8.035143 -0.542860 -1.090987 0.000000 0.000000 0.000000 1.000000 0 5.112700863e-03 5.127178971e-03
135 0.000005 -0.000003 -0.000000 8.035143 -0.542860 -1.090987 0.000000 0.000000 0.000000 1.000000 0 5.090713035e-03 5.102525931e-03
135 0.000005 -0.000003 -0.000000 8.035143 -0.542860 -1.090987 0.000000 0.000000 0.000000 1.000000 0 5.071541062e-03 5.088456906e-03
135 0.000004 -0.000002 -0.000000 8.035143 -0.542860 -1.090987 0.000000 0.000000 0.000000 1.000000 0 5.082322052e-03 5.095719825e-03
135 0.000004 -0.000002 -0.000000 8.035143 -0.542860 -1.090987 0.000000 0.000000 0.000000 1.000000 0 5.109026097e-03 5.121385911e-03
135 0.000004 -0.000002 -0.000000 8.035143 -0.542860 -1.090987 0.000000 0.000000 0.000000 1.000000 0 5.038009956e-03 5.052797962e-03
135 0.000003 -0.000002 -0.000000 8.035143 -0.542860 -1.090987 0.000000 0.000000 0.000000 1.000000 0 5.096826935e-03 5.110715982e-03
135 0.000003 -0.000002 -0.000000 8.035143 -0.542860 -1.090987 0.000000 0.000000 0.000000 1.000000 0 4.986424930e-03 4.998734919e-03
135 0.000003 -0.000002 -0.000000 8.035143 -0.542860 -1.090987 0.000000 0.000000 0.000000 1.000000 0 5.013535963e-03 5.027501844e-03
135 0.000003 -0.000002 -0.000000 8.035143 -0.542860 -1.090987 0.000000 0.000000 0.000000 1.000000 0 5.004770821e-03 5.018858006e-03
135 0.000003 -0.000001 -0.000000 8.035143 -0.542860 -1.090987 0.000000 0.000000 0.000000 1.000000 0 5.087302066e-03 5.101182964e-03
135 0.000002 -0.000001 -0.000000 8.035143 -0.542860 -1.090987 0.000000 0.000000 0.000000 1.000000 0 5.125586176e-03 5.139179062e-03
135 0.000002 -0.000001 -0.000000 8.035143 -0.542860 -1.090987 0.000000 0.000000 0.000000 1.000000 0 5.043394864e-03 5.057815928e-03
135 0.000002 -0.000001 -0.000000 8.035143 -0.542860 -1.090987 0.000000 0.000000 0.000000 1.000000 0 5.048466148e-03 5.060004070e-03
136 0.000002 -0.000001 -0.000000 8.148424 -0.661797 -1.024166 0.000000 0.000000 0.000000 1.000000 0 5.055818008e-03 5.070793908e-03
136 0.000002 -0.000001 -0.000000 8.148424 -0.661797 -1.024166 0.000000 0.000000 0.000000 1.000000 0 4.981144797e-03 4.994466901e-03
136 0.000002 -0.000001 -0.000000 8.148424 -0.661797 -1.024166 0.000000 0.000000 0.000000 1.000000 0 5.151413847e-03 5.165114999e-03
136 0.000001 -0.000001 -0.000000 8.148424 -0.661797 -1.024166 0.000000 0.000000 0.000000 1.000000 0 5.043504061e-03 5.057745846e-03
136 0.000001 -0.000001 -0.000000 8.148424 -0.661797 -1.024166 0.000000 0.000000 0.000000 1.000000 0 5.077101989e-03 5.092477193e-03
136 0.000001 -0.000001 -0.000000 8.148424 -0.661797 -1.024166 0.000000 0.000000 0.000000 1.000000 0 5.068126135e-03 5.090681836e-03
136 0.000001 -0.000001 -0.000000 8.148424 -0.661797 -1.024166 0.000000 0.000000 0.000000 1.000000 0 4.982539918e-03 4.996418953e-03
136 0.000001 -0.000001 -0.000000 8.148424 -0.661797 -1.024166 0.000000 0.000000 0.000000 1.000000 0 5.014610011e-03 5.028800108e-03
136 0.000001 -0.000001 -0.000000 8.148424 -0.661797 -1.024166 0.000000 0.000000 0.000000 1.000000 0 5.075874040e-03 5.089867860e-03
136 0.000001 -0.000000 -0.000000 8.148424 -0.661797 -1.024166 0.000000 0.000000 0.000000 1.000000 0 4.985091975e-03 4.998367978e-03
136 0.000001 -0.000000 -0.000000 8.148424 -0.661797 -1.024166 0.000000 0.000000 0.000000 1.000000 0 5.019497825e-03 5.033228081e-03
136 0.000001 -0.000000 -0.000000 8.148424 -0.661797 -1.024166 0.000000 0.000000 0.000000 1.000000 0 5.145127885e-03 5.158636020e-03
136 0.000001 -0.000000 -0.000000 8.148424 -0.661797 -1.024166 0.000000 0.000000 0.000000 1.000000 0 5.020102020e-03 5.034330999e-03
136 0.000001 -0.000000 -0.000000 8.148424 -0.661797 -1.024166 0.000000 0.000000 0.000000 1.000000 0 5.165572045e-03 5.180179141e-03
136 0.000001 -0.000000 -0.000000 8.148424 -0.661797 -1.024166 0.000000 0.000000 0.000000 1.000000 0 5.092700012e-03 5.107322941e-03
136 0.000001 -0.000000 -0.000000 8.148424 -0.661797 -1.024166 0.000000 0.000000 0.000000 1.000000 0 5.033193855e-03 5.047525046e-03
136 0.000001 -0.000000 -0.000000 8.148424 -0.661797 -1.024166 0.000000 0.000000 0.000000 1.000000 0 5.107513163e-03 5.121086026e-03
136 0.000000 -0.000000 -0.000000 8.148424 -0.661797 -1.024166 0.000000 0.000000 0.000000 1.000000 0 4.916527076e-03 4.927607952e-03
136 0.000000 -0.000000 -0.000000 8.148424 -0.661797 -1.024166 0.000000 0.000000 0.000000 1.000000 0 4.982396029e-03 4.996784031e-03
136 0.000000 -0.000000 -0.000000 8.148424 -0.661797 -1.024166 0.000000 0.000000 0.000000 1.000000 0 4.993011942e-03 5.006911000e-03
137 0.000000 -0.000000 -0.000000 8.268860 -0.677235 -0.919982 0.000000 0.000000 0.000000 1.000000 0 4.987105029e-03 5.000805948e-03
137 0.000000 -0.000000 -0.000000 8.268860 -0.677235 -0.919982 0.000000 0.000000 0.000000 1.000000 0 5.044178106e-03 5.057592876e-03
137 0.000000 -0.000000 -0.000000 8.268860 -0.677235 -0.919982 0.000000 0.000000 0.000000 1.000000 0 5.081996787e-03 5.098924041e-03
137 0.000000 -0.000000 -0.000000 8.268860 -0.677235 -0.919982 0.000000 0.000000 0.000000 1.000000 0 5.088508129e-03 5.101938033e-03
137 0.000000 -0.000000 -0.000000 8.268860 -0.677235 -0.919982 0.000000 0.000000 0.000000 1.000000 0 5.123111187e-03 5.137244938e-03
137 0.000000 -0.000000 -0.000000 8.268860 -0.677235 -0.919982 0.000000 0.000000 0.000000 1.000000 0 5.041518016e-03 5.054833135e-03
137 0.000000 -0.000000 -0.000000 8.268860 -0.677235 -0.919982 0.000000 0.000000 0.000000 1.000000 0 5.013254937e-03 5.025671097e-03
137 0.000000 -0.000000 -0.000000 8.268860 -0.677235 -0.919982 0.000000 0.000000 0.000000 1.000000 0 4.987963941e-03 5.002773134e-03
137 0.000000 -0.000000 -0.000000 8.268860 -0.677235 -0.919982 0.000000 0.000000 0.000000 1.000000 0 5.019451026e-03 5.032422021e-03
137 0.000000 -0.000000 -0.000000 8.268860 -0.677235 -0.919982 0.000000 0.000000 0.000000 1.000000 0 5.029938184e-03 5.043626996e-03
137 0.000000 -0.000000 -0.000000 8.268860 -0.677235 -0.919982 0.000000 0.000000 0.000000 1.000000 0 5.091675092e-03 5.105997203e-03
137 0.000000 -0.000000 -0.000000 8.268860 -0.677235 -0.919982 0.000000 0.000000 0.000000 1.000000 0 5.002306076e-03 5.016020034e-03
137 0.000000 -0.000000 -0.000000 8.268860 -0.677235 -0.919982 0.000000 0.000000 0.000000 1.000000 0 5.078223068e-03 5.092785927e-03
137 0.000000 -0.000000 -0.000000 8.268860 -0.677235 -0.919982 0.000000 0.000000 0.000000 1.000000 0 5.041674012e-03 5.056201946e-03
137 0.000000 -0.000000 -0.000000 8.268860 -0.677235 -0.919982 0.000000 0.000000 0.000000 1.000000 0 5.114431959e-03 5.128456047e-03
137 0.000000 -0.000000 -0.000000 8.268860 -0.677235 -0.919982 0.000000 0.000000 0.000000 1.000000 0 5.069290986e-03 5.083384924e-03
137 0.000000 -0.000000 -0.000000 8.268860 -0.677235 -0.919982 0.000000 0.000000 0.000000 1.000000 0 5.016759038e-03 5.031089997e-03
137 0.000000 -0.000000 -0.000000 8.268860 -0.677235 -0.919982 0.000000 0.000000 0.000000 1.000000 0 5.119400099e-03 5.132749910e-03
137 0.000000 -0.000000 -0.000000 8.268860 -0.677235 -0.919982 0.000000 0.000000 0.000000 1.000000 0 4.988368833e-03 5.002361955e-03
137 0.000000 -0.000000 -0.000000 8.268860 -0.677235 -0.919982 0.000000 0.000000 0.000000 1.000000 0 5.077988841e-03 5.100822076e-03
138 0.000000 -0.000000 -0.000000 8.382093 -0.783974 -0.824329 0.000000 0.000000 0.000000 1.000000 0 5.155381979e-03 5.169722950e-03
138 0.000000 -0.000000 -0.000000 8.382093 -0.783974 -0.824329 0.000000 0.000000 0.000000 1.000000 0 4.998874152e-03 5.013316870e-03
138 0.000000 -0.000000 -0.000000 8.382093 -0.783974 -0.824329 0.000000 0.000000 0.000000 1.000000 0 5.060443887e-03 5.075747147e-03
138 0.000000 -0.000000 -0.000000 8.382093 -0.783974 -0.824329 0.000000 0.000000 0.000000 1.000000 0 4.993904149e-03 5.007375963e-03
138 0.000000 -0.000000 -0.000000 8.382093 -0.783974 -0.824329 0.000000 0.000000 0.000000 1.000000 0 5.075723166e-03 5.089078797e-03
138 0.000000 -0.000000 -0.000000 8.382093 -0.783974 -0.824329 0.000000 0.000000 0.000000 1.000000 0 5.020956974e-03 5.034410860e-03
138 0.000000 -0.000000 -0.000000 8.382093 -0.783974 -0.824329 0.000000 0.000000 0.000000 1.000000 0 5.044379039e-03 5.057672970e-03
138 0.000000 -0.000000 -0.000000 8.382093 -0.783974 -0.824329 0.000000 0.000000 0.000000 1.000000 0 4.999442957e-03 5.010605091e-03
138 0.000000 -0.000000 -0.000000 8.382093 -0.783974 -0.824329 0.000000 0.000000 0.000000 1.000000 0 5.082068965e-03 5.099115195e-03
138 0.000000 -0.000000 -0.000000 8.382093 -0.783974 -0.824329 0.000000 0.000000 0.000000 1.000000 0 5.067379912e-03 5.078210030e-03
138 0.000000 -0.000000 -0.000000 8.382093 -0.783974 -0.824329 0.000000 0.000000 0.000000 1.000000 0 5.052162800e-03 5.065375008e-03
138 0.000000 -0.000000 -0.000000 8.382093 -0.783974 -0.824329 0.000000 0.000000 0.000000 1.000000 0 5.032937042e-03 5.046494072e-03
138 0.000000 -0.000000 -0.000000 8.382093 -0.783974 -0.824329 0.000000 0.000000 0.000000 1.000000 0 4.981213948e-03 4.995028023e-03
138 0.000000 -0.000000 -0.000000 8.382093 -0.783974 -0.824329 0.000000 0.000000 0.000000 1.000000 0 4.995747004e-03 5.010134075e-03
138 0.000000 -0.000000 -0.000000 8.382093 -0.783974 -0.824329 0.000000 0.000000 0.000000 1.000000 0 5.051396787e-03 5.064995959e-03
138 0.000000 -0.000000 -0.000000 8.382093 -0.783974 -0.824329 0.000000 0.000000 0.000000 1.000000 0 4.998233868e-03 5.012203939e-03
138 0.000000 -0.000000 -0.000000 8.382093 -0.783974 -0.824329 0.000000 0.000000 0.000000 1.000000 0 5.024452927e-03 5.051962100e-03
138 0.000000 -0.000000 -0.000000 8.382093 -0.783974 -0.824329 0.000000 0.000000 0.000000 1.000000 0 5.061545875e-03 5.073433043e-03
138 0.000000 -0.000000 -0.000000 8.382093 -0.783974 -0.824329 0.000000 0.000000 0.000000 1.000000 0 5.105115008e-03 5.118943984e-03
138 0.000000 -0.000000 -0.000000 8.382093 -0.783974 -0.824329 0.000000 0.000000 0.000000 1.000000 0 5.060262978e-03 5.073725944e-03
139 0.000000 -0.000000 -0.000000 8.502281 -0.790313 -0.996924 0.000000 0.000000 0.000000 1.000000 0 5.119730951e-03 5.134464009e-03
139 0.000000 -0.000000 -0.000000 8.502281 -0.790313 -0.996924 0.000000 0.000000 0.000000 1.000000 0 5.100319861e-03 5.114970962e-03
139 0.000000 -0.000000 -0.000000 8.502281 -0.790313 -0.996924 0.000000 0.000000 0.000000 1.000000 0 4.999601981e-03 5.014161114e-03
139 0.000000 -0.000000 -0.000000 8.502281 -0.790313 -0.996924 0.000000 0.000000 0.000000 1.000000 0 5.020378856e-03 5.033807131e-03
139 0.000000 -0.000000 -0.000000 8.502281 -0.790313 -0.996924 0.000000 0.000000 0.000000 1.000000 0 5.024432205e-03 5.035805050e-03
139 0.000000 -0.000000 -0.000000 8.502281 -0.790313 -0.996924 0.000000 0.000000 0.000000 1.000000 0 5.138148088e-03 5.151904887e-03
139 0.000000 -0.000000 -0.000000 8.502281 -0.790313 -0.996924 0.000000 0.000000 0.000000 1.000000 0 4.989348818e-03 5.003651837e-03
139 0.000000 -0.000000 -0.000000 8.502281 -0.790313 -0.996924 0.000000 0.000000 0.000000 1.000000 0 5.082617979e-03 5.097046960e-03
139 0.000000 -0.000000 -0.000000 8.502281 -0.790313 -0.996924 0.000000 0.000000 0.000000 1.000000 0 4.992742091e-03 5.003874889e-03
139 0.000000 -0.000000 -0.000000 8.502281 -0.790313 -0.996924 0.000000 0.000000 0.000000 1.000000 0 5.024153972e-03 5.037666997e-03
139 0.000000 -0.000000 -0.000000 8.502281 -0.790313 -0.996924 0.000000 0.000000 0.000000 1.000000 0 5.081940908e-03 5.095536122e-03
139 0.000000 -0.000000 -0.000000 8.502281 -0.790313 -0.996924 0.000000 0.000000 0.000000 1.000000 0 4.984159023e-03 4.997884156e-03
139 0.000000 -0.000000 -0.000000 8.502281 -0.790313 -0.996924 0.000000 0.000000 0.000000 1.000000 0 5.112785148e-03 5.126366159e-03
139 0.000000 -0.000000 -0.000000 8.502281 -0.790313 -0.996924 0.000000 0.000000 0.000000 1.000000 0 4.998960067e-03 5.019912962e-03
139 0.000000 -0.000000 -0.000000 8.502281 -0.790313 -0.996924 0.000000 0.000000 0.000000 1.000000 0 5.163806025e-03 5.178248975e-03
139 0.000000 -0.000000 -0.000000 8.502281 -0.790313 -0.996924 0.000000 0.000000 0.000000 1.000000 0 5.057949107e-03 5.071427906e-03
139 0.000000 -0.000000 -0.000000 8.502281 -0.790313 -0.996924 0.000000 0.000000 0.000000 1.000000 0 5.032718880e-03 5.046584876e-03
139 0.000000 -0.000000 -0.000000 8.502281 -0.790313 -0.996924 0.000000 0.000000 0.000000 1.000000 0 5.035394104e-03 5.049221916e-03
139 0.000000 -0.000000 -0.000000 8.502281 -0.790313 -0.996924 0.000000 0.000000 0.000000 1.000000 0 5.022712052e-03 5.036931019e-03
139 0.000000 -0.000000 -0.000000 8.502281 -0.790313 -0.996924 0.000000 0.000000 0.000000 1.000000 0 5.085041979e-03 5.099546863e-03
140 0.000000 -0.000000 -0.000000 8.609785 -0.905797 -1.005897 0.000000 0.000000 0.000000 1.000000 0 5.151363090e-03 5.165458191e-03
140 0.000000 -0.000000 -0.000000 8.609785 -0.905797 -1.005897 0.000000 0.000000 0.000000 1.000000 0 5.093442043e-03 5.107972072e-03
140 0.000000 -0.000000 -0.000000 8.609785 -0.905797 -1.005897 0.000000 0.000000 0.000000 1.000000 0 5.092856009e-03 5.106768105e-03
140 0.000000 -0.000000 -0.000000 8.609785 -0.905797 -1.005897 0.000000 0.000000 0.000000 1.000000 0 4.989700159e-03 5.004073028e-03
140 0.000000 -0.000000 -0.000000 8.609785 -0.905797 -1.005897 0.000000 0.000000 0.000000 1.000000 0 5.058865994e-03 5.073035136e-03
140 0.000000 -0.000000 -0.000000 8.609785 -0.905797 -1.005897 0.000000 0.000000 0.000000 1.000000 0 4.965303000e-03 4.979287041e-03
140 0.000000 -0.000000 -0.000000 8.609785 -0.905797 -1.005897 0.000000 0.000000 0.000000 1.000000 0 5.171787925e-03 5.185341928e-03
140 0.000000 -0.000000 -0.000000 8.609785 -0.905797 -1.005897 0.000000 0.000000 0.000000 1.000000 0 5.107580917e-03 5.121417111e-03
140 0.000000 -0.000000 -0.000000 8.609785 -0.905797 -1.005897 0.000000 0.000000 0.000000 1.000000 0 5.037568044e-03 5.049800966e-03
140 0.000000 -0.000000 -0.000000 8.609785 -0.905797 -1.005897 0.000000 0.000000 0.000000 1.000000 0 5.064073019e-03 5.077779992e-03
140 0.000000 -0.000000 -0.000000 8.609785 -0.905797 -1.005897 0.000000 0.000000 0.000000 1.000000 0 4.946712870e-03 4.959593993e-03
140 0.000000 -0.000000 -0.000000 8.609785 -0.905797 -1.005897 0.000000 0.000000 0.000000 1.000000 0 5.017590942e-03 5.031952867e-03
140 0.000000 -0.000000 -0.000000 8.609785 -0.905797 -1.005897 0.000000 0.000000 0.000000 1.000000 0 5.042898934e-03 5.057080183e-03
140 0.000000 -0.000000 -0.000000 8.609785 -0.905797 -1.005897 0.000000 0.000000 0.000000 1.000000 0 5.203006091e-03 5.218609935e-03
140 0.000000 -0.000000 -0.000000 8.609785 -0.905797 -1.005897 0.000000 0.000000 0.000000 1.000000 0 4.974365933e-03 4.987927852e-03
140 0.000000 -0.000000 -0.000000 8.609785 -0.905797 -1.005897 0.000000 0.000000 0.000000 1.000000 0 5.011393921e-03 5.024653161e-03
140 0.000000 -0.000000 -0.000000 8.609785 -0.905797 -1.005897 0.000000 0.000000 0.000000 1.000000 0 5.015705945e-03 5.030086031e-03
140 0.000000 -0.000000 -0.000000 8.609785 -0.905797 -1.005897 0.000000 0.000000 0.000000 1.000000 0 4.928956972e-03 4.942706088e-03
140 0.000000 -0.000000 -0.000000 8.609785 -0.905797 -1.005897 0.000000 0.000000 0.000000 1.000000 0 5.000951933e-03 5.015336908e-03
140 0.000000 -0.000000 -0.000000 8.609785 -0.905797 -1.005897 0.000000 0.000000 0.000000 1.000000 0 5.039728014e-03 5.054387031e-03
141 0.000000 -0.000000 -0.000000 8.725612 -0.917808 -0.988028 0.000000 0.000000 0.000000 1.000000 0 5.063304910e-03 5.076377885e-03
141 0.000000 -0.000000 -0.000000 8.725612 -0.917808 -0.988028 0.000000 0.000000 0.000000 1.000000 0 4.978270968e-03 4.993190989e-03
141 0.000000 -0.000000 -0.000000 8.725612 -0.917808 -0.988028 0.000000 0.000000 0.000000 1.000000 0 5.111703184e-03 5.125551950e-03
141 0.000000 -0.000000 -0.000000 8.725612 -0.917808 -0.988028 0.000000 0.000000 0.000000 1.000000 0 5.065711215e-03 5.079292925e-03
141 0.000000 -0.000000 -0.000000 8.725612 -0.917808 -0.988028 0.000000 0.000000 0.000000 1.000000 0 5.049956962e-03 5.063335178e-03
141 0.000000 -0.000000 -0.000000 8.725612 -0.917808 -0.988028 0.000000 0.000000 0.000000 1.000000 0 4.994560964e-03 5.008225096e-03
141 0.000000 -0.000000 -0.000000 8.725612 -0.917808 -0.988028 0.000000 0.000000 0.000000 1.000000 0 5.052095978e-03 5.065460922e-03
141 0.000000 -0.000000 -0.000000 8.725612 -0.917808 -0.988028 0.000000 0.000000 0.000000 1.000000 0 5.064019933e-03 5.075959954e-03
141 0.000000 -0.000000 -0.000000 8.725612 -0.917808 -0.988028 0.000000 0.000000 0.000000 1.000000 0 5.025907885e-03 5.038976902e-03
141 0.000000 -0.000000 -0.000000 8.725612 -0.917808 -0.988028 0.000000 0.000000 0.000000 1.000000 0 5.054177018e-03 5.067940103e-03
141 0.000000 -0.000000 -0.000000 8.725612 -0.917808 -0.988028 0.000000 0.000000 0.000000 1.000000 0 5.073972978e-03 5.087482976e-03
141 0.000000 -0.000000 -0.000000 8.725612 -0.917808 -0.988028 0.000000 0.000000 0.000000 1.000000 0 5.056150956e-03 5.069543840e-03
141 0.000000 -0.000000 -0.000000 8.725612 -0.917808 -0.988028 0.000000 0.000000 0.000000 1.000000 0 5.116821034e-03 5.130587146e-03
141 0.000000 -0.000000 -0.000000 8.725612 -0.917808 -0.988028 0.000000 0.000000 0.000000 1.000000 0 5.054592155e-03 5.070934072e-03
141 0.000000 -0.000000 -0.000000 8.725612 -0.917808 -0.988028 0.000000 0.000000 0.000000 1.000000 0 5.032012938e-03 5.045568803e-03
141 0.000000 -0.000000 -0.000000 8.725612 -0.917808 -0.988028 0.000000 0.000000 0.000000 1.000000 0 5.086022196e-03 5.099853035e-03
141 0.000000 -0.000000 -0.000000 8.725612 -0.917808 -0.988028 0.000000 0.000000 0.000000 1.000000 0 5.012531998e-03 5.026441067e-03
141 0.000000 -0.000000 -0.000000 8.725612 -0.917808 -0.988028 0.000000 0.000000 0.000000 1.000000 0 5.049336934e-03 5.062808981e-03
141 0.000000 -0.000000 -0.000000 8.725612 -0.917808 -0.988028 0.000000 0.000000 0.000000 1.000000 0 5.071532913e-03 5.086214049e-03
141 0.000000 -0.000000 -0.000000 8.725612 -0.917808 -0.988028 0.000000 0.000000 0.000000 1.000000 0 4.984221887e-03 4.998617107e-03
142 0.000000 -0.000000 -0.000000 8.829574 -1.032118 -0.989420 0.000000 0.000000 0.000000 1.000000 0 5.023230100e-03 5.037161987e-03
142 0.000000 -0.000000 -0.000000 8.829574 -1.032118 -0.989420 0.000000 0.000000 0.000000 1.000000 0 5.156486994e-03 5.170171848e-03
142 0.000000 -0.000000 -0.000000 8.829574 -1.032118 -0.989420 0.000000 0.000000 0.000000 1.000000 0 5.047244951e-03 5.060839932e-03
142 0.000000 -0.000000 -0.000000 8.829574 -1.032118 -0.989420 0.000000 0.000000 0.000000 1.000000 0 5.033249967e-03 5.046905018e-03
142 0.000000 -0.000000 -0.000000 8.829574 -1.032118 -0.989420 0.000000 0.000000 0.000000 1.000000 0 4.990793997e-03 5.004176171e-03
142 0.000000 -0.000000 -0.000000 8.829574 -1.032118 -0.989420 0.000000 0.000000 0.000000 1.000000 0 5.051342072e-03 5.065352889e-03
142 0.000000 -0.000000 -0.000000 8.829574 -1.032118 -0.989420 0.000000 0.000000 0.000000 1.000000 0 5.074521061e-03 5.088760983e-03
142 0.000000 -0.000000 -0.000000 8.829574 -1.032118 -0.989420 0.000000 0.000000 0.000000 1.000000 0 5.011219997e-03 5.024770042e-03
142 0.000000 -0.000000 -0.000000 8.829574 -1.032118 -0.989420 0.000000 0.000000 0.000000 1.000000 0 5.017841933e-03 5.030729109e-03
142 0.000000 -0.000000 -0.000000 8.829574 -1.032118 -0.989420 0.000000 0.000000 0.000000 1.000000 0 4.978641868e-03 4.992929986e-03
142 0.000000 -0.000000 -0.000000 8.829574 -1.032118 -0.989420 0.000000 0.000000 0.000000 1.000000 0 4.983312916e-03 4.994189134e-03
142 0.000000 -0.000000 -0.000000 8.829574 -1.032118 -0.989420 0.000000 0.000000 0.000000 1.000000 0 5.074305926e-03 5.088348873e-03
142 0.000000 -0.000000 -0.000000 8.829574 -1.032118 -0.989420 0.000000 0.000000 0.000000 1.000000 0 5.094489083e-03 5.108846817e-03
142 0.000000 -0.000000 -0.000000 8.829574 -1.032118 -0.989420 0.000000 0.000000 0.000000 1.000000 0 5.073379958e-03 5.087128840e-03
142 0.000000 -0.000000 -0.000000 8.829574 -1.032118 -0.989420 0.000000 0.000000 0.000000 1.000000 0 5.114950938e-03 5.129820900e-03
142 0.000000 -0.000000 -0.000000 8.829574 -1.032118 -0.989420 0.000000 0.000000 0.000000 1.000000 0 5.052549066e-03 5.066683050e-03
142 0.000000 -0.000000 -0.000000 8.829574 -1.032118 -0.989420 0.000000 0.000000 0.000000 1.000000 0 5.019424949e-03 5.033187103e-03
142 0.000000 -0.000000 -0.000000 8.829574 -1.032118 -0.989420 0.000000 0.000000 0.000000 1.000000 0 5.065860925e-03 5.077820970e-03
142 0.000000 -0.000000 -0.000000 8.829574 -1.032118 -0.989420 0.000000 0.000000 0.000000 1.000000 0 4.950981122e-03 4.965214990e-03
142 0.000000 -0.000000 -0.000000 8.829574 -1.032118 -0.989420 0.000000 0.000000 0.000000 1.000000 0 4.909221083e-03 4.923446802e-03
143 0.000000 -0.000000 -0.000000 8.943308 -1.040017 -0.964316 0.000000 0.000000 0.000000 1.000000 0 4.945237888e-03 4.958889913e-03
143 0.000000 -0.000000 -0.000000 8.943308 -1.040017 -0.964316 0.000000 0.000000 0.000000 1.000000 0 4.965857835e-03 4.978229990e-03
143 0.000000 -0.000000 -0.000000 8.943308 -1.040017 -0.964316 0.000000 0.000000 0.000000 1.000000 0 4.982826067e-03 4.996477859e-03
143 0.000000 -0.000000 -0.000000 8.943308 -1.040017 -0.964316 0.000000 0.000000 0.000000 1.000000 0 5.086444784e-03 5.100123119e-03
143 0.000000 -0.000000 -0.000000 8.943308 -1.040017 -0.964316 0.000000 0.000000 0.000000 1.000000 0 4.951772047e-03 4.965071101e-03
143 0.000000 -0.000000 -0.000000 8.943308 -1.040017 -0.964316 0.000000 0.000000 0.000000 1.000000 0 4.954226781e-03 4.968607100e-03
143 0.000000 -0.000000 -0.000000 8.943308 -1.040017 -0.964316 0.000000 0.000000 0.000000 1.000000 0 4.971857881e-03 4.986593965e-03
143 0.000000 -0.000000 -0.000000 8.943308 -1.040017 -0.964316 0.000000 0.000000 0.000000 1.000000 0 5.073342007e-03 5.087354919e-03
143 0.000000 -0.000000 -0.000000 8.943308 -1.040017 -0.964316 0.000000 0.000000 0.000000 1.000000 0 5.132001126e-03 5.146221956e-03
143 0.000000 -0.000000 -0.000000 8.943308 -1.040017 -0.964316 0.000000 0.000000 0.000000 1.000000 0 5.071754102e-03 5.083673866e-03
143 0.000000 -0.000000 -0.000000 8.943308 -1.040017 -0.964316 0.000000 0.000000 0.000000 1.000000 0 5.132667953e-03 5.146447103e-03
143 0.000000 -0.000000 -0.000000 8.943308 -1.040017 -0.964316 0.000000 0.000000 0.000000 1.000000 0 4.978174111e-03 4.988964181e-03
143 0.000000 -0.000000 -0.000000 8.943308 -1.040017 -0.964316 0.000000 0.000000 0.000000 1.000000 0 5.052438006e-03 5.065595033e-03
143 0.000000 -0.000000 -0.000000 8.943308 -1.040017 -0.964316 0.000000 0.000000 0.000000 1.000000 0 5.017616786e-03 5.031534936e-03
143 0.000000 -0.000000 -0.000000 8.943308 -1.040017 -0.964316 0.000000 0.000000 0.000000 1.000000 0 5.097131943e-03 5.111349979e-03
143 0.000000 -0.000000 -0.000000 8.943308 -1.040017 -0.964316 0.000000 0.000000 0.000000 1.000000 0 4.960982827e-03 4.975012969e-03
143 0.000000 -0.000000 -0.000000 8.943308 -1.040017 -0.964316 0.000000 0.000000 0.000000 1.000000 0 4.996143049e-03 5.009277025e-03
143 0.000000 -0.000000 -0.000000 8.943308 -1.040017 -0.964316 0.000000 0.000000 0.000000 1.000000 0 4.959159996e-03 4.972739844e-03
143 0.000000 -0.000000 -0.000000 8.943308 -1.040017 -0.964316 0.000000 0.000000 0.000000 1.000000 0 5.004488863e-03 5.016826792e-03
143 0.000000 -0.000000 -0.000000 8.943308 -1.040017 -0.964316 0.000000 0.000000 0.000000 1.000000 0 5.110827042e-03 5.124738906e-03
144 0.000000 -0.000000 -0.000000 9.043797 -1.153467 -0.959042 0.000000 0.000000 0.000000 1.000000 0 4.992931848e-03 5.006473046e-03
144 0.000000 -0.000000 -0.000000 9.043797 -1.153467 -0.959042 0.000000 0.000000 0.000000 1.000000 0 5.075178109e-03 5.086142104e-03
144 0.000000 -0.000000 -0.000000 9.043797 -1.153467 -0.959042 0.000000 0.000000 0.000000 1.000000 0 5.058726063e-03 5.072680069e-03
144 0.000000 -0.000000 -0.000000 9.043797 -1.153467 -0.959042 0.000000 0.000000 0.000000 1.000000 0 5.080112023e-03 5.093693035e-03
144 0.000000 -0.000000 -0.000000 9.043797 -1.153467 -0.959042 0.000000 0.000000 0.000000 1.000000 0 5.003361031e-03 5.017165095e-03
144 0.000000 -0.000000 -0.000000 9.043797 -1.153467 -0.959042 0.000000 0.000000 0.000000 1.000000 0 5.115928128e-03 5.129349884e-03
144 0.000000 -0.000000 -0.000000 9.043797 -1.153467 -0.959042 0.000000 0.000000 0.000000 1.000000 0 5.050051957e-03 5.064022960e-03
144 0.000000 -0.000000 -0.000000 9.043797 -1.153467 -0.959042 0.000000 0.000000 0.000000 1.000000 0 5.042223958e-03 5.052909954e-03
144 0.000000 -0.000000 -0.000000 9.043797 -1.153467 -0.959042 0.000000 0.000000 0.000000 1.000000 0 5.133450963e-03 5.148003111e-03
144 0.000000 -0.000000 -0.000000 9.043797 -1.153467 -0.959042 0.000000 0.000000 0.000000 1.000000 0 5.084982142e-03 5.097819027e-03
144 0.000000 -0.000000 -0.000000 9.043797 -1.153467 -0.959042 0.000000 0.000000 0.000000 1.000000 0 5.054733949e-03 5.068079103e-03
144 0.000000 -0.000000 -0.000000 9.043797 -1.153467 -0.959042 0.000000 0.000000 0.000000 1.000000 0 4.980953876e-03 4.994394956e-03
144 0.000000 -0.000000 -0.000000 9.043797 -1.153467 -0.959042 0.000000 0.000000 0.000000 1.000000 0 5.037696101e-03 5.051358137e-03
144 0.000000 -0.000000 -0.000000 9.043797 -1.153467 -0.959042 0.000000 0.000000 0.000000 1.000000 0 5.016251933e-03 5.029625958e-03
144 0.000000 -0.000000 -0.000000 9.043797 -1.153467 -0.959042 0.000000 0.000000 0.000000 1.000000 0 4.991227062e-03 5.002887920e-03
144 0.000000 -0.000000 -0.000000 9.043797 -1.153467 -0.959042 0.000000 0.000000 0.000000 1.000000 0 5.042036064e-03 5.054228008e-03
144 0.000000 -0.000000 -0.000000 9.043797 -1.153467 -0.959042 0.000000 0.000000 0.000000 1.000000 0 5.142246140e-03 5.156290019e-03
144 0.000000 -0.000000 -0.000000 9.043797 -1.153467 -0.959042 0.000000 0.000000 0.000000 1.000000 0 4.973381991e-03 4.988490138e-03
144 0.000000 -0.000000 -0.000000 9.043797 -1.153467 -0.959042 0.000000 0.000000 0.000000 1.000000 0 5.002575926e-03 5.016385810e-03
144 0.000000 -0.000000 -0.000000 9.043797 -1.153467 -0.959042 0.000000 0.000000 0.000000 1.000000 0 5.045647034e-03 5.059352145e-03
145 0.000000 -0.000000 -0.000000 9.155875 -1.156738 -0.927200 0.000000 0.000000 0.000000 1.000000 0 4.975017859e-03 4.989644047e-03
145 0.000000 -0.000000 -0.000000 9.155875 -1.156738 -0.927200 0.000000 0.000000 0.000000 1.000000 0 5.016999086e-03 5.031581037e-03
145 0.000000 -0.000000 -0.000000 9.155875 -1.156738 -0.927200 0.000000 0.000000 0.000000 1.000000 0 5.134248873e-03 5.148421973e-03
145 0.000000 -0.000000 -0.000000 9.155875 -1.156738 -0.927200 0.000000 0.000000 0.000000 1.000000 0 5.069128936e-03 5.083802855e-03
145 0.000000 -0.000000 -0.000000 9.155875 -1.156738 -0.927200 0.000000 0.000000 0.000000 1.000000 0 5.076109897e-03 5.091140047e-03
145 0.000000 -0.000000 -0.000000 9.155875 -1.156738 -0.927200 0.000000 0.000000 0.000000 1.000000 0 4.983839113e-03 4.998479970e-03
145 0.000000 -0.000000 -0.000000 9.155875 -1.156738 -0.927200 0.000000 0.000000 0.000000 1.000000 0 5.153232953e-03 5.167588126e-03
145 0.000000 -0.000000 -0.000000 9.155875 -1.156738 -0.927200 0.000000 0.000000 0.000000 1.000000 0 5.042969016e-03 5.056974012e-03
145 0.000000 -0.000000 -0.000000 9.155875 -1.156738 -0.927200 0.000000 0.000000 0.000000 1.000000 0 5.057821050e-03 5.071627907e-03
145 0.000000 -0.000000 -0.000000 9.155875 -1.156738 -0.927200 0.000000 0.000000 0.000000 1.000000 0 5.119730020e-03 5.133508006e-03
145 0.000000 -0.000000 -0.000000 9.155875 -1.156738 -0.927200 0.000000 0.000000 0.000000 1.000000 0 5.001869053e-03 5.016413052e-03
145 0.000000 -0.000000 -0.000000 9.155875 -1.156738 -0.927200 0.000000 0.000000 0.000000 1.000000 0 5.065996898e-03 5.080003059e-03
145 0.000000 -0.000000 -0.000000 9.155875 -1.156738 -0.927200 0.000000 0.000000 0.000000 1.000000 0 5.038721021e-03 5.058613140e-03
145 0.000000 -0.000000 -0.000000 9.155875 -1.156738 -0.927200 0.000000 0.000000 0.000000 1.000000 0 5.040004151e-03 5.053177942e-03
145 0.000000 -0.000000 -0.000000 9.155875 -1.156738 -0.927200 0.000000 0.000000 0.000000 1.000000 0 5.028718151e-03 5.042460980e-03
145 0.000000 -0.000000 -0.000000 9.155875 -1.156738 -0.927200 0.000000 0.000000 0.000000 1.000000 0 5.037212977e-03 5.050709937e-03
145 0.000000 -0.000000 -0.000000 9.155875 -1.156738 -0.927200 0.000000 0.000000 0.000000 1.000000 0 5.040385993e-03 5.055231042e-03
145 0.000000 -0.000000 -0.000000 9.155875 -1.156738 -0.927200 0.000000 0.000000 0.000000 1.000000 0 5.057529081e-03 5.071664928e-03
145 0.000000 -0.000000 -0.000000 9.155875 -1.156738 -0.927200 0.000000 0.000000 0.000000 1.000000 0 4.985063104e-03 4.999093013e-03
145 0.000000 -0.000000 -0.000000 9.155875 -1.156738 -0.927200 0.000000 0.000000 0.000000 1.000000 0 5.020034034e-03 5.033295136e-03
146 0.000000 -0.000000 -0.000000 9.253352 -1.266762 -0.915243 0.000000 0.000000 0.000000 1.000000 0 5.290525034e-03 5.304747028e-03
146 0.000000 -0.000000 -0.000000 9.253352 -1.266762 -0.915243 0.000000 0.000000 0.000000 1.000000 0 5.073623965e-03 5.087941187e-03
146 0.000000 -0.000000 -0.000000 9.253352 -1.266762 -0.915243 0.000000 0.000000 0.000000 1.000000 0 5.051667104e-03 5.065623904e-03
146 0.000000 -0.000000 -0.000000 9.253352 -1.266762 -0.915243 0.000000 0.000000 0.000000 1.000000 0 5.059351912e-03 5.073574139e-03
146 0.000000 -0.000000 -0.000000 9.253352 -1.266762 -0.915243 0.000000 0.000000 0.000000 1.000000 0 5.061022006e-03 5.074796965e-03
146 0.000000 -0.000000 -0.000000 9.253352 -1.266762 -0.915243 0.000000 0.000000 0.000000 1.000000 0 5.150564946e-03 5.164836068e-03
146 0.000000 -0.000000 -0.000000 9.253352 -1.266762 -0.915243 0.000000 0.000000 0.000000 1.000000 0 5.117517896e-03 5.131466081e-03
146 0.000000 -0.000000 -0.000000 9.253352 -1.266762 -0.915243 0.000000 0.000000 0.000000 1.000000 0 5.144024966e-03 5.158676999e-03
146 0.000000 -0.000000 -0.000000 9.253352 -1.266762 -0.915243 0.000000 0.000000 0.000000 1.000000 0 4.987654975e-03 5.001411075e-03
146 0.000000 -0.000000 -0.000000 9.253352 -1.266762 -0.915243 0.000000 0.000000 0.000000 1.000000 0 5.132953869e-03 5.147049902e-03
146 0.000000 -0.000000 -0.000000 9.253352 -1.266762 -0.915243 0.000000 0.000000 0.000000 1.000000 0 5.101633025e-03 5.114493892e-03
146 0.000000 -0.000000 -0.000000 9.253352 -1.266762 -0.915243 0.000000 0.000000 0.000000 1.000000 0 5.003585014e-03 5.017605843e-03
146 0.000000 -0.000000 -0.000000 9.253352 -1.266762 -0.915243 0.000000 0.000000 0.000000 1.000000 0 4.948332906e-03 4.959454993e-03
146 0.000000 -0.000000 -0.000000 9.253352 -1.266762 -0.915243 0.000000 0.000000 0.000000 1.000000 0 5.003449973e-03 5.016969051e-03
146 0.000000 -0.000000 -0.000000 9.253352 -1.266762 -0.915243 0.000000 0.000000 0.000000 1.000000 0 5.115914857e-03 5.130373174e-03
146 0.000000 -0.000000 -0.000000 9.253352 -1.266762 -0.915243 0.000000 0.000000 0.000000 1.000000 0 4.970764974e-03 4.985077074e-03
146 0.000000 -0.000000 -0.000000 9.253352 -1.266762 -0.915243 0.000000 0.000000 0.000000 1.000000 0 5.044011865e-03 5.059120944e-03
146 0.000000 -0.000000 -0.000000 9.253352 -1.266762 -0.915243 0.000000 0.000000 0.000000 1.000000 0 5.097538931e-03 5.110866157e-03
146 0.000000 -0.000000 -0.000000 9.253352 -1.266762 -0.915243 0.000000 0.000000 0.000000 1.000000 0 5.000487901e-03 5.013866117e-03
146 0.000000 -0.000000 -0.000000 9.253352 -1.266762 -0.915243 0.000000 0.000000 0.000000 1.000000 0 5.167551804e-03 5.181137007e-03
147 0.000000 -0.000000 -0.000000 9.363202 -1.264255 -0.877274 0.000000 0.000000 0.000000 1.000000 0 5.176631967e-03 5.187502829e-03
147 0.000000 -0.000000 -0.000000 9.363202 -1.264255 -0.877274 0.000000 0.000000 0.000000 1.000000 0 4.879849963e-03 4.893297097e-03
147 0.000000 -0.000000 -0.000000 9.363202 -1.264255 -0.877274 0.000000 0.000000 0.000000 1.000000 0 4.968557972e-03 4.982419079e-03
147 0.000000 -0.000000 -0.000000 9.363202 -1.264255 -0.877274 0.000000 0.000000 0.000000 1.000000 0 5.118479952e-03 5.132904975e-03
147 0.000000 -0.000000 -0.000000 9.363202 -1.264255 -0.877274 0.000000 0.000000 0.000000 1.000000 0 5.074715009e-03 5.088681122e-03
147 0.000000 -0.000000 -0.000000 9.363202 -1.264255 -0.877274 0.000000 0.000000 0.000000 1.000000 0 5.081861978e-03 5.095863948e-03
147 0.000000 -0.000000 -0.000000 9.363202 -1.264255 -0.877274 0.000000 0.000000 0.000000 1.000000 0 4.982630955e-03 4.994925112e-03
147 0.000000 -0.000000 -0.000000 9.363202 -1.264255 -0.877274 0.000000 0.000000 0.000000 1.000000 0 5.005329847e-03 5.019182106e-03
147 0.000000 -0.000000 -0.000000 9.363202 -1.264255 -0.877274 0.000000 0.000000 0.000000 1.000000 0 5.140576046e-03 5.151423858e-03
147 0.000000 -0.000000 -0.000000 9.363202 -1.264255 -0.877274 0.000000 0.000000 0.000000 1.000000 0 4.992905073e-03 5.004419945e-03
147 0.000000 -0.000000 -0.000000 9.363202 -1.264255 -0.877274 0.000000 0.000000 0.000000 1.000000 0 5.003571045e-03 5.017134128e-03
147 0.000000 -0.000000 -0.000000 9.363202 -1.264255 -0.877274 0.000000 0.000000 0.000000 1.000000 0 5.049650790e-03 5.063531920e-03
147 0.000000 -0.000000 -0.000000 9.363202 -1.264255 -0.877274 0.000000 0.000000 0.000000 1.000000 0 5.119683919e-03 5.133382045e-03
147 0.000000 -0.000000 -0.000000 9.363202 -1.264255 -0.877274 0.000000 0.000000 0.000000 1.000000 0 5.019241944e-03 5.032366142e-03
147 0.000000 -0.000000 -0.000000 9.363202 -1.264255 -0.877274 0.000000 0.000000 0.000000 1.000000 0 5.117641063e-03 5.131442100e-03
147 0.000000 -0.000000 -0.000000 9.363202 -1.264255 -0.877274 0.000000 0.000000 0.000000 1.000000 0 5.057898117e-03 5.071843974e-03
147 0.000000 -0.000000 -0.000000 9.363202 -1.264255 -0.877274 0.000000 0.000000 0.000000 1.000000 0 5.044837948e-03 5.058965879e-03
147 0.000000 -0.000000 -0.000000 9.363202 -1.264255 -0.877274 0.000000 0.000000 0.000000 1.000000 0 4.994851071e-03 5.008853972e-03
147 0.000000 -0.000000 -0.000000 9.363202 -1.264255 -0.877274 0.000000 0.000000 0.000000 1.000000 0 5.020167911e-03 5.033538910e-03
147 0.000000 -0.000000 -0.000000 9.363202 -1.264255 -0.877274 0.000000 0.000000 0.000000 1.000000 0 5.133051891e-03 5.147571908e-03
147 0.000000 -0.000000 -0.000000 9.363202 -1.264255 -0.877274 0.000000 0.000000 0.000000 1.000000 0 5.078374874e-03 5.092771025e-03
148 0.000000 -0.000000 -0.000000 9.457181 -1.370728 -0.859489 0.000000 0.000000 0.000000 1.000000 0 5.009999964e-03 5.023933016e-03
148 0.000000 -0.000000 -0.000000 9.457181 -1.370728 -0.859489 0.000000 0.000000 0.000000 1.000000 0 5.002019927e-03 5.015717121e-03
148 0.000000 -0.000000 -0.000000 9.457181 -1.370728 -0.859489 0.000000 0.000000 0.000000 1.000000 0 5.109399091e-03 5.124194082e-03
148 0.000000 -0.000000 -0.000000 9.457181 -1.370728 -0.859489 0.000000 0.000000 0.000000 1.000000 0 5.112495041e-03 5.126073025e-03
148 0.000000 -0.000000 -0.000000 9.457181 -1.370728 -0.859489 0.000000 0.000000 0.000000 1.000000 0 5.122384988e-03 5.136921071e-03
148 0.000000 -0.000000 -0.000000 9.457181 -1.370728 -0.859489 0.000000 0.000000 0.000000 1.000000 0 5.112584913e-03 5.126945907e-03
148 0.000000 -0.000000 -0.000000 9.457181 -1.370728 -0.859489 0.000000 0.000000 0.000000 1.000000 0 5.090988008e-03 5.104640964e-03
148 0.000000 -0.000000 -0.000000 9.457181 -1.370728 -0.859489 0.000000 0.000000 0.000000 1.000000 0 5.129385041e-03 5.140793975e-03
148 0.000000 -0.000000 -0.000000 9.457181 -1.370728 -0.859489 0.000000 0.000000 0.000000 1.000000 0 5.139671033e-03 5.153323989e-03
148 0.000000 -0.000000 -0.000000 9.457181 -1.370728 -0.859489 0.000000 0.000000 0.000000 1.000000 0 5.147526041e-03 5.161192035e-03
148 0.000000 -0.000000 -0.000000 9.457181 -1.370728 -0.859489 0.000000 0.000000 0.000000 1.000000 0 4.976786906e-03 4.990071990e-03
148 0.000000 -0.000000 -0.000000 9.457181 -1.370728 -0.859489 0.000000 0.000000 0.000000 1.000000 0 5.026188213e-03 5.040948978e-03
148 0.000000 -0.000000 -0.000000 9.457181 -1.370728 -0.859489 0.000000 0.000000 0.000000 1.000000 0 5.082025193e-03 5.095459986e-03
148 0.000000 -0.000000 -0.000000 9.457181 -1.370728 -0.859489 0.000000 0.000000 0.000000 1.000000 0 4.996118136e-03 5.011219066e-03
148 0.000000 -0.000000 -0.000000 9.457181 -1.370728 -0.859489 0.000000 0.000000 0.000000 1.000000 0 4.991387948e-03 5.002391059e-03
148 0.000000 -0.000000 -0.000000 9.457181 -1.370728 -0.859489 0.000000 0.000000 0.000000 1.000000 0 5.234149983e-03 5.247846013e-03
148 0.000000 -0.000000 -0.000000 9.457181 -1.370728 -0.859489 0.000000 0.000000 0.000000 1.000000 0 5.119841080e-03 5.133670988e-03
148 0.000000 -0.000000 -0.000000 9.457181 -1.370728 -0.859489 0.000000 0.000000 0.000000 1.000000 0 5.138522945e-03 5.152747035e-03
148 0.000000 -0.000000 -0.000000 9.457181 -1.370728 -0.859489 0.000000 0.000000 0.000000 1.000000 0 4.933441058e-03 4.947972018e-03
148 0.000000 -0.000000 -0.000000 9.457181 -1.370728 -0.859489 0.000000 0.000000 0.000000 1.000000 0 4.959483864e-03 4.974855110e-03
149 0.000000 -0.000000 -0.000000 9.564694 -1.362175 -0.816014 0.000000 0.000000 0.000000 1.000000 0 4.940208979e-03 4.954173928e-03
149 0.000000 -0.000000 -0.000000 9.564694 -1.362175 -0.816014 0.000000 0.000000 0.000000 1.000000 0 5.004138919e-03 5.017145071e-03
149 0.000000 -0.000000 -0.000000 9.564694 -1.362175 -0.816014 0.000000 0.000000 0.000000 1.000000 0 4.998037824e-03 5.011379020e-03
149 0.000000 -0.000000 -0.000000 9.564694 -1.362175 -0.816014 0.000000 0.000000 0.000000 1.000000 0 4.998862045e-03 5.012491951e-03
149 0.000000 -0.000000 -0.000000 9.564694 -1.362175 -0.816014 0.000000 0.000000 0.000000 1.000000 0 4.920621170e-03 4.931753036e-03
149 0.000000 -0.000000 -0.000000 9.564694 -1.362175 -0.816014 0.000000 0.000000 0.000000 1.000000 0 5.120305810e-03 5.134911044e-03
149 0.000000 -0.000000 -0.000000 9.564694 -1.362175 -0.816014 0.000000 0.000000 0.000000 1.000000 0 5.101222079e-03 5.112891085e-03
149 0.000000 -0.000000 -0.000000 9.564694 -1.362175 -0.816014 0.000000 0.000000 0.000000 1.000000 0 5.126883043e-03 5.141029833e-03
149 0.000000 -0.000000 -0.000000 9.564694 -1.362175 -0.816014 0.000000 0.000000 0.000000 1.000000 0 5.133177852e-03 5.147624062e-03
149 0.000000 -0.000000 -0.000000 9.564694 -1.362175 -0.816014 0.000000 0.000000 0.000000 1.000000 0 5.104470998e-03 5.118626868e-03
149 0.000000 -0.000000 -0.000000 9.564694 -1.362175 -0.816014 0.000000 0.000000 0.000000 1.000000 0 5.147637101e-03 5.162151996e-03
149 0.000000 -0.000000 -0.000000 9.564694 -1.362175 -0.816014 0.000000 0.000000 0.000000 1.000000 0 5.020919023e-03 5.034893053e-03
149 0.000000 -0.000000 -0.000000 9.564694 -1.362175 -0.816014 0.000000 0.000000 0.000000 1.000000 0 5.122527014e-03 5.138070090e-03
149 0.000000 -0.000000 -0.000000 9.564694 -1.362175 -0.816014 0.000000 0.000000 0.000000 1.000000 0 5.097375019e-03 5.114685977e-03
149 0.000000 -0.000000 -0.000000 9.564694 -1.362175 -0.816014 0.000000 0.000000 0.000000 1.000000 0 5.158045096e-03 5.175072001e-03
149 0.000000 -0.000000 -0.000000 9.564694 -1.362175 -0.816014 0.000000 0.000000 0.000000 1.000000 0 5.128186895e-03 5.142074078e-03
149 0.000000 -0.000000 -0.000000 9.564694 -1.362175 -0.816014 0.000000 0.000000 0.000000 1.000000 0 5.071086111e-03 5.093548913e-03
149 0.000000 -0.000000 -0.000000 9.564694 -1.362175 -0.816014 0.000000 0.000000 0.000000 1.000000 0 5.075608846e-03 5.089527927e-03
149 0.000000 -0.000000 -0.000000 9.564694 -1.362175 -0.816014 0.000000 0.000000 0.000000 1.000000 0 5.117797991e-03 5.132048856e-03
149 0.000000 -0.000000 -0.000000 9.564694 -1.362175 -0.816014 0.000000 0.000000 0.000000 1.000000 0 5.195370875e-03 5.208923947e-03
150 0.000000 -0.000000 -0.000000 9.654662 -1.464468 -0.793213 0.000000 0.000000 0.000000 1.000000 0 5.170258926e-03 5.184289999e-03
150 0.000000 -0.000000 -0.000000 9.654662 -1.464468 -0.793213 0.000000 0.000000 0.000000 1.000000 0 4.982637940e-03 4.996577976e-03
150 0.000000 -0.000000 -0.000000 9.654662 -1.464468 -0.793213 0.000000 0.000000 0.000000 1.000000 0 5.009009037e-03 5.023493897e-03
150 0.000000 -0.000000 -0.000000 9.654662 -1.464468 -0.793213 0.000000 0.000000 0.000000 1.000000 0 5.094128894e-03 5.108355079e-03
150 0.000000 -0.000000 -0.000000 9.654662 -1.464468 -0.793213 0.000000 0.000000 0.000000 1.000000 0 5.272222916e-03 5.287657958e-03
150 0.000000 -0.000000 -0.000000 9.654662 -1.464468 -0.793213 0.000000 0.000000 0.000000 1.000000 0 4.997950047e-03 5.010856083e-03
150 0.000000 -0.000000 -0.000000 9.654662 -1.464468 -0.793213 0.000000 0.000000 0.000000 1.000000 0 5.048583960e-03 5.060758907e-03
150 0.000000 -0.000000 -0.000000 9.654662 -1.464468 -0.793213 0.000000 0.000000 0.000000 1.000000 0 5.036708899e-03 5.047773011e-03
150 0.000000 -0.000000 -0.000000 9.654662 -1.464468 -0.793213 0.000000 0.000000 0.000000 1.000000 0 4.965930013e-03 4.979287973e-03
150 0.000000 -0.000000 -0.000000 9.654662 -1.464468 -0.793213 0.000000 0.000000 0.000000 1.000000 0 5.026489962e-03 5.038894014e-03
150 0.000000 -0.000000 -0.000000 9.654662 -1.464468 -0.793213 0.000000 0.000000 0.000000 1.000000 0 5.178892985e-03 5.192595068e-03
150 0.000000 -0.000000 -0.000000 9.654662 -1.464468 -0.793213 0.000000 0.000000 0.000000 1.000000 0 5.132107064e-03 5.149997072e-03
150 0.000000 -0.000000 -0.000000 9.654662 -1.464468 -0.793213 0.000000 0.000000 0.000000 1.000000 0 5.081407959e-03 5.093364976e-03
150 0.000000 -0.000000 -0.000000 9.654662 -1.464468 -0.793213 0.000000 0.000000 0.000000 1.000000 0 5.109457998e-03 5.131163867e-03
150 0.000000 -0.000000 -0.000000 9.654662 -1.464468 -0.793213 0.000000 0.000000 0.000000 1.000000 0 4.952585092e-03 4.966634093e-03
150 0.000000 -0.000000 -0.000000 9.654662 -1.464468 -0.793213 0.000000 0.000000 0.000000 1.000000 0 5.093795946e-03 5.108830053e-03
150 0.000000 -0.000000 -0.000000 9.654662 -1.464468 -0.793213 0.000000 0.000000 0.000000 1.000000 0 5.057601957e-03 5.072045838e-03
150 0.000000 -0.000000 -0.000000 9.654662 -1.464468 -0.793213 0.000000 0.000000 0.000000 1.000000 0 5.159077933e-03 5.172565114e-03
150 0.000000 -0.000000 -0.000000 9.654662 -1.464468 -0.793213 0.000000 0.000000 0.000000 1.000000 0 5.008897977e-03 5.022519967e-03
150 0.000000 -0.000000 -0.000000 9.654662 -1.464468 -0.793213 0.000000 0.000000 0.000000 1.000000 0 5.146153970e-03 5.157334032e-03
151 0.000000 -0.000000 -0.000000 9.759176 -1.449728 -0.745132 0.000000 0.000000 0.000000 1.000000 0 5.123195937e-03 5.134199047e-03
151 0.000000 -0.000000 -0.000000 9.759176 -1.449728 -0.745132 0.000000 0.000000 0.000000 1.000000 0 4.900860135e-03 4.914240912e-03
151 0.000000 -0.000000 -0.000000 9.759176 -1.449728 -0.745132 0.000000 0.000000 0.000000 1.000000 0 5.066131940e-03 5.079741823e-03
151 0.000000 -0.000000 -0.000000 9.759176 -1.449728 -0.745132 0.000000 0.000000 0.000000 1.000000 0 5.149229197e-03 5.163874011e-03
151 0.000000 -0.000000 -0.000000 9.759176 -1.449728 -0.745132 0.000000 0.000000 0.000000 1.000000 0 5.036385963e-03 5.052806111e-03
151 0.000000 -0.000000 -0.000000 9.759176 -1.449728 -0.745132 0.000000 0.000000 0.000000 1.000000 0 5.074776011e-03 5.089265062e-03
151 0.000000 -0.000000 -0.000000 9.759176 -1.449728 -0.745132 0.000000 0.000000 0.000000 1.000000 0 5.065639969e-03 5.079485010e-03
151 0.000000 -0.000000 -0.000000 9.759176 -1.449728 -0.745132 0.000000 0.000000 0.000000 1.000000 0 5.141929025e-03 5.155638792e-03
151 0.000000 -0.000000 -0.000000 9.759176 -1.449728 -0.745132 0.000000 0.000000 0.000000 1.000000 0 5.032994086e-03 5.046565086e-03
151 0.000000 -0.000000 -0.000000 9.759176 -1.449728 -0.745132 0.000000 0.000000 0.000000 1.000000 0 4.998622928e-03 5.012737121e-03
151 0.000000 -0.000000 -0.000000 9.759176 -1.449728 -0.745132 0.000000 0.000000 0.000000 1.000000 0 4.938123049e-03 4.949758993e-03
151 0.000000 -0.000000 -0.000000 9.759176 -1.449728 -0.745132 0.000000 0.000000 0.000000 1.000000 0 5.009388085e-03 5.023787962e-03
151 0.000000 -0.000000 -0.000000 9.759176 -1.449728 -0.745132 0.000000 0.000000 0.000000 1.000000 0 5.077363923e-03 5.090792896e-03
151 0.000000 -0.000000 -0.000000 9.759176 -1.449728 -0.745132 0.000000 0.000000 0.000000 1.000000 0 5.014496855e-03 5.027772160e-03
151 0.000000 -0.000000 -0.000000 9.759176 -1.449728 -0.745132 0.000000 0.000000 0.000000 1.000000 0 5.055872025e-03 5.069745006e-03
151 0.000000 -0.000000 -0.000000 9.759176 -1.449728 -0.745132 0.000000 0.000000 0.000000 1.000000 0 4.985274049e-03 4.998909775e-03
151 0.000000 -0.000000 -0.000000 9.759176 -1.449728 -0.745132 0.000000 0.000000 0.000000 1.000000 0 5.169535056e-03 5.183132831e-03
151 0.000000 -0.000000 -0.000000 9.759176 -1.449728 -0.745132 0.000000 0.000000 0.000000 1.000000 0 5.128547084e-03 5.142513895e-03
151 0.000000 -0.000000 -0.000000 9.759176 -1.449728 -0.745132 0.000000 0.000000 0.000000 1.000000 0 5.133482860e-03 5.145758856e-03
151 0.000000 -0.000000 -0.000000 9.759176 -1.449728 -0.745132 0.000000 0.000000 0.000000 1.000000 0 4.993129056e-03 5.006727064e-03
152 0.000000 -0.000000 -0.000000 9.846114 -1.547950 -0.717653 0.000000 0.000000 0.000000 1.000000 0 5.045332015e-03 5.059756106e-03
152 0.000000 -0.000000 -0.000000 9.846114 -1.547950 -0.717653 0.000000 0.000000 0.000000 1.000000 0 5.075434921e-03 5.089580081e-03
152 0.000000 -0.000000 -0.000000 9.846114 -1.547950 -0.717653 0.000000 0.000000 0.000000 1.000000 0 5.043677054e-03 5.061713979e-03
152 0.000000 -0.000000 -0.000000 9.846114 -1.547950 -0.717653 0.000000 0.000000 0.000000 1.000000 0 4.986929009e-03 5.000764038e-03
152 0.000000 -0.000000 -0.000000 9.846114 -1.547950 -0.717653 0.000000 0.000000 0.000000 1.000000 0 4.978382029e-03 4.991740920e-03
152 0.000000 -0.000000 -0.000000 9.846114 -1.547950 -0.717653 0.000000 0.000000 0.000000 1.000000 0 5.070552928e-03 5.082068965e-03
152 0.000000 -0.000000 -0.000000 9.846114 -1.547950 -0.717653 0.000000 0.000000 0.000000 1.000000 0 5.116774002e-03 5.130417878e-03
152 0.000000 -0.000000 -0.000000 9.846114 -1.547950 -0.717653 0.000000 0.000000 0.000000 1.000000 0 5.087385885e-03 5.103011848e-03
152 0.000000 -0.000000 -0.000000 9.846114 -1.547950 -0.717653 0.000000 0.000000 0.000000 1.000000 0 5.073982058e-03 5.090428051e-03
152 0.000000 -0.000000 -0.000000 9.846114 -1.547950 -0.717653 0.000000 0.000000 0.000000 1.000000 0 5.114472006e-03 5.126086995e-03
152 0.000000 -0.000000 -0.000000 9.846114 -1.547950 -0.717653 0.000000 0.000000 0.000000 1.000000 0 5.020320183e-03 5.035841139e-03
152 0.000000 -0.000000 -0.000000 9.846114 -1.547950 -0.717653 0.000000 0.000000 0.000000 1.000000 0 5.139624001e-03 5.153361009e-03
152 0.000000 -0.000000 -0.000000 9.846114 -1.547950 -0.717653 0.000000 0.000000 0.000000 1.000000 0 5.110318074e-03 5.123737035e-03
152 0.000000 -0.000000 -0.000000 9.846114 -1.547950 -0.717653 0.000000 0.000000 0.000000 1.000000 0 5.085533019e-03 5.099734059e-03
152 0.000000 -0.000000 -0.000000 9.846114 -1.547950 -0.717653 0.000000 0.000000 0.000000 1.000000 0 5.143291084e-03 5.157460924e-03
152 0.000000 -0.000000 -0.000000 9.846114 -1.547950 -0.717653 0.000000 0.000000 0.000000 1.000000 0 5.120827118e-03 5.134737119e-03
152 0.000000 -0.000000 -0.000000 9.846114 -1.547950 -0.717653 0.000000 0.000000 0.000000 1.000000 0 5.178552121e-03 5.193094024e-03
152 0.000000 -0.000000 -0.000000 9.846114 -1.547950 -0.717653 0.000000 0.000000 0.000000 1.000000 0 5.110688973e-03 5.126212956e-03
152 0.000000 -0.000000 -0.000000 9.846114 -1.547950 -0.717653 0.000000 0.000000 0.000000 1.000000 0 5.100140814e-03 5.113777937e-03
152 0.000000 -0.000000 -0.000000 9.846114 -1.547950 -0.717653 0.000000 0.000000 0.000000 1.000000 0 4.935523029e-03 4.950227914e-03
153 0.000000 -0.000000 -0.000000 9.948514 -1.526578 -0.665197 0.000000 0.000000 0.000000 1.000000 0 5.060836207e-03 5.075441906e-03
153 0.000000 -0.000000 -0.000000 9.948514 -1.526578 -0.665197 0.000000 0.000000 0.000000 1.000000 0 5.091935862e-03 5.105589051e-03
153 0.000000 -0.000000 -0.000000 9.948514 -1.526578 -0.665197 0.000000 0.000000 0.000000 1.000000 0 4.932929995e-03 4.946941976e-03
153 0.000000 -0.000000 -0.000000 9.948514 -1.526578 -0.665197 0.000000 0.000000 0.000000 1.000000 0 5.012369016e-03 5.026361905e-03
153 0.000000 -0.000000 -0.000000 9.948514 -1.526578 -0.665197 0.000000 0.000000 0.000000 1.000000 0 5.039335927e-03 5.052322056e-03
153 0.000000 -0.000000 -0.000000 9.948514 -1.526578 -0.665197 0.000000 0.000000 0.000000 1.000000 0 5.066443933e-03 5.079967901e-03
153 0.000000 -0.000000 -0.000000 9.948514 -1.526578 -0.665197 0.000000 0.000000 0.000000 1.000000 0 5.117660854e-03 5.130300997e-03
153 0.000000 -0.000000 -0.000000 9.948514 -1.526578 -0.665197 0.000000 0.000000 0.000000 1.000000 0 5.125964060e-03 5.136866122e-03
153 0.000000 -0.000000 -0.000000 9.948514 -1.526578 -0.665197 0.000000 0.000000 0.000000 1.000000 0 5.023826146e-03 5.036974093e-03
153 0.000000 -0.000000 -0.000000 9.948514 -1.526578 -0.665197 0.000000 0.000000 0.000000 1.000000 0 4.918147111e-03 4.932393087e-03
153 0.000000 -0.000000 -0.000000 9.948514 -1.526578 -0.665197 0.000000 0.000000 0.000000 1.000000 0 5.030131899e-03 5.043903831e-03
153 0.000000 -0.000000 -0.000000 9.948514 -1.526578 -0.665197 0.000000 0.000000 0.000000 1.000000 0 5.083528114e-03 5.096508889e-03
153 0.000000 -0.000000 -0.000000 9.948514 -1.526578 -0.665197 0.000000 0.000000 0.000000 1.000000 0 5.093920045e-03 5.107508972e-03
153 0.000000 -0.000000 -0.000000 9.948514 -1.526578 -0.665197 0.000000 0.000000 0.000000 1.000000 0 4.950219998e-03 4.963812185e-03
153 0.000000 -0.000000 -0.000000 9.948514 -1.526578 -0.665197 0.000000 0.000000 0.000000 1.000000 0 5.095846951e-03 5.109906895e-03
153 0.000000 -0.000000 -0.000000 9.948514 -1.526578 -0.665197 0.000000 0.000000 0.000000 1.000000 0 4.957129015e-03 4.971012007e-03
153 0.000000 -0.000000 -0.000000 9.948514 -1.526578 -0.665197 0.000000 0.000000 0.000000 1.000000 0 4.967334913e-03 4.980856087e-03
153 0.000000 -0.000000 -0.000000 9.948514 -1.526578 -0.665197 0.000000 0.000000 0.000000 1.000000 0 5.032340996e-03 5.045972997e-03
153 0.000000 -0.000000 -0.000000 9.948514 -1.526578 -0.665197 0.000000 0.000000 0.000000 1.000000 0 5.179967964e-03 5.193788093e-03
153 0.000000 -0.000000 -0.000000 9.948514 -1.526578 -0.665197 0.000000 0.000000 0.000000 1.000000 0 5.109364865e-03 5.123065086e-03
154 0.000000 -0.000000 -0.000000 10.031371 -1.620428 -0.634198 0.000000 0.000000 0.000000 1.000000 0 5.023078993e-03 5.034954986e-03
154 0.000000 -0.000000 -0.000000 10.031371 -1.620428 -0.634198 0.000000 0.000000 0.000000 1.000000 0 5.045830039e-03 5.060065072e-03
154 0.000000 -0.000000 -0.000000 10.031371 -1.620428 -0.634198 0.000000 0.000000 0.000000 1.000000 0 4.993611015e-03 5.009341985e-03
154 0.000000 -0.000000 -0.000000 10.031371 -1.620428 -0.634198 0.000000 0.000000 0.000000 1.000000 0 5.038081901e-03 5.052127177e-03
154 0.000000 -0.000000 -0.000000 10.031371 -1.620428 -0.634198 0.000000 0.000000 0.000000 1.000000 0 5.009701010e-03 5.023624981e-03
154 0.000000 -0.000000 -0.000000 10.031371 -1.620428 -0.634198 0.000000 0.000000 0.000000 1.000000 0 5.064363824e-03 5.078068934e-03
154 0.000000 -0.000000 -0.000000 10.031371 -1.620428 -0.634198 0.000000 0.000000 0.000000 1.000000 0 5.060377065e-03 5.073542008e-03
154 0.000000 -0.000000 -0.000000 10.031371 -1.620428 -0.634198 0.000000 0.000000 0.000000 1.000000 0 5.091522820e-03 5.105162039e-03
154 0.000000 -0.000000 -0.000000 10.031371 -1.620428 -0.634198 0.000000 0.000000 0.000000 1.000000 0 4.977382021e-03 4.991180962e-03
154 0.000000 -0.000000 -0.000000 10.031371 -1.620428 -0.634198 0.000000 0.000000 0.000000 1.000000 0 5.017285934e-03 5.030932138e-03
154 0.000000 -0.000000 -0.000000 10.031371 -1.620428 -0.634198 0.000000 0.000000 0.000000 1.000000 0 5.119000794e-03 5.130228121e-03
154 0.000000 -0.000000 -0.000000 10.031371 -1.620428 -0.634198 0.000000 0.000000 0.000000 1.000000 0 5.173415178e-03 5.187247880e-03
154 0.000000 -0.000000 -0.000000 10.031371 -1.620428 -0.634198 0.000000 0.000000 0.000000 1.000000 0 5.094876979e-03 5.109490827e-03
154 0.000000 -0.000000 -0.000000 10.031371 -1.620428 -0.634198 0.000000 0.000000 0.000000 1.000000 0 5.167120136e-03 5.180604989e-03
154 0.000000 -0.000000 -0.000000 10.031371 -1.620428 -0.634198 0.000000 0.000000 0.000000 1.000000 0 5.107871024e-03 5.123998970e-03
154 0.000000 -0.000000 -0.000000 10.031371 -1.620428 -0.634198 0.000000 0.000000 0.000000 1.000000 0 5.070322892e-03 5.084291799e-03
154 0.000000 -0.000000 -0.000000 10.031371 -1.620428 -0.634198 0.000000 0.000000 0.000000 1.000000 0 5.057725124e-03 5.072103115e-03
154 0.000000 -0.000000 -0.000000 10.031371 -1.620428 -0.634198 0.000000 0.000000 0.000000 1.000000 0 5.053238012e-03 5.067241145e-03
154 0.000000 -0.000000 -0.000000 10.031371 -1.620428 -0.634198 0.000000 0.000000 0.000000 1.000000 0 5.052946042e-03 5.070237909e-03
154 0.000000 -0.000000 -0.000000 10.031371 -1.620428 -0.634198 0.000000 0.000000 0.000000 1.000000 0 5.014794180e-03 5.028575892e-03
155 0.000000 -0.000000 -0.000000 10.130453 -1.592869 -0.578690 0.000000 0.000000 0.000000 1.000000 0 5.032472080e-03 5.043306155e-03
155 0.000000 -0.000000 -0.000000 10.130453 -1.592869 -0.578690 0.000000 0.000000 0.000000 1.000000 0 5.044762045e-03 5.059483927e-03
155 0.000000 -0.000000 -0.000000 10.130453 -1.592869 -0.578690 0.000000 0.000000 0.000000 1.000000 0 5.044565070e-03 5.058128852e-03
155 0.000000 -0.000000 -0.000000 10.130453 -1.592869 -0.578690 0.000000 0.000000 0.000000 1.000000 0 5.116688786e-03 5.130256061e-03
155 0.000000 -0.000000 -0.000000 10.130453 -1.592869 -0.578690 0.000000 0.000000 0.000000 1.000000 0 5.147563992e-03 5.161321023e-03
155 0.000000 -0.000000 -0.000000 10.130453 -1.592869 -0.578690 0.000000 0.000000 0.000000 1.000000 0 5.048396997e-03 5.062327953e-03
155 0.000000 -0.000000 -0.000000 10.130453 -1.592869 -0.578690 0.000000 0.000000 0.000000 1.000000 0 5.024120910e-03 5.037907977e-03
155 0.000000 -0.000000 -0.000000 10.130453 -1.592869 -0.578690 0.000000 0.000000 0.000000 1.000000 0 6.010727957e-03 6.026132032e-03
155 0.000000 -0.000000 -0.000000 10.130453 -1.592869 -0.578690 0.000000 0.000000 0.000000 1.000000 0 5.131829996e-03 5.146844080e-03
155 0.000000 -0.000000 -0.000000 10.130453 -1.592869 -0.578690 0.000000 0.000000 0.000000 1.000000 0 5.112404935e-03 5.125908880e-03
155 0.000000 -0.000000 -0.000000 10.130453 -1.592869 -0.578690 0.000000 0.000000 0.000000 1.000000 0 5.132744089e-03 5.147241056e-03
155 0.000000 -0.000000 -0.000000 10.130453 -1.592869 -0.578690 0.000000 0.000000 0.000000 1.000000 0 5.068344995e-03 5.082699936e-03
155 0.000000 -0.000000 -0.000000 10.130453 -1.592869 -0.578690 0.000000 0.000000 0.000000 1.000000 0 4.984633066e-03 4.998518154e-03
155 0.000000 -0.000000 -0.000000 10.130453 -1.592869 -0.578690 0.000000 0.000000 0.000000 1.000000 0 5.093401996e-03 5.107414909e-03
155 0.000000 -0.000000 -0.000000 10.130453 -1.592869 -0.578690 0.000000 0.000000 0.000000 1.000000 0 5.111582112e-03 5.126116099e-03
155 0.000000 -0.000000 -0.000000 10.130453 -1.592869 -0.578690 0.000000 0.000000 0.000000 1.000000 0 4.964483902e-03 4.981514998e-03
155 0.000000 -0.000000 -0.000000 10.130453 -1.592869 -0.578690 0.000000 0.000000 0.000000 1.000000 0 5.069213919e-03 5.083392141e-03
155 0.000000 -0.000000 -0.000000 10.130453 -1.592869 -0.578690 0.000000 0.000000 0.000000 1.000000 0 5.102531053e-03 5.116561893e-03
155 0.000000 -0.000000 -0.000000 10.130453 -1.592869 -0.578690 0.000000 0.000000 0.000000 1.000000 0 5.013807910e-03 5.027424078e-03
155 0.000000 -0.000000 -0.000000 10.130453 -1.592869 -0.578690 0.000000 0.000000 0.000000 1.000000 0 5.065186881e-03 5.078440066e-03
156 0.000000 -0.000000 -0.000000 10.210140 -1.682504 -0.544564 0.000000 0.000000 0.000000 1.000000 0 5.117879016e-03 5.132586928e-03
156 0.000000 -0.000000 -0.000000 10.210140 -1.682504 -0.544564 0.000000 0.000000 0.000000 1.000000 0 5.134196952e-03 5.148299038e-03
156 0.000000 -0.000000 -0.000000 10.210140 -1.682504 -0.544564 0.000000 0.000000 0.000000 1.000000 0 5.059588002e-03 5.073525012e-03
156 0.000000 -0.000000 -0.000000 10.210140 -1.682504 -0.544564 0.000000 0.000000 0.000000 1.000000 0 5.123357056e-03 5.137952976e-03
156 0.000000 -0.000000 -0.000000 10.210140 -1.682504 -0.544564 0.000000 0.000000 0.000000 1.000000 0 5.114986096e-03 5.129616009e-03
156 0.000000 -0.000000 -0.000000 10.210140 -1.682504 -0.544564 0.000000 0.000000 0.000000 1.000000 0 5.155105842e-03 5.169521086e-03
156 0.000000 -0.000000 -0.000000 10.210140 -1.682504 -0.544564 0.000000 0.000000 0.000000 1.000000 0 5.143538816e-03 5.157392938e-03
156 0.000000 -0.000000 -0.000000 10.210140 -1.682504 -0.544564 0.000000 0.000000 0.000000 1.000000 0 4.982115934e-03 4.994076909e-03
156 0.000000 -0.000000 -0.000000 10.210140 -1.682504 -0.544564 0.000000 0.000000 0.000000 1.000000 0 5.145645933e-03 5.159684923e-03
156 0.000000 -0.000000 -0.000000 10.210140 -1.682504 -0.544564 0.000000 0.000000 0.000000 1.000000 0 5.046060774e-03 5.059415940e-03
156 0.000000 -0.000000 -0.000000 10.210140 -1.682504 -0.544564 0.000000 0.000000 0.000000 1.000000 0 4.977534059e-03 4.991760012e-03
156 0.000000 -0.000000 -0.000000 10.210140 -1.682504 -0.544564 0.000000 0.000000 0.000000 1.000000 0 5.097514950e-03 5.109086167e-03
156 0.000000 -0.000000 -0.000000 10.210140 -1.682504 -0.544564 0.000000 0.000000 0.000000 1.000000 0 5.011355039e-03 5.028312095e-03
156 0.000000 -0.000000 -0.000000 10.210140 -1.682504 -0.544564 0.000000 0.000000 0.000000 1.000000 0 5.428593140e-03 5.448309937e-03
156 0.000000 -0.000000 -0.000000 10.210140 -1.682504 -0.544564 0.000000 0.000000 0.000000 1.000000 0 5.040911958e-03 5.055438029e-03
156 0.000000 -0.000000 -0.000000 10.210140 -1.682504 -0.544564 0.000000 0.000000 0.000000 1.000000 0 5.052755121e-03 5.067633931e-03
156 0.000000 -0.000000 -0.000000 10.210140 -1.682504 -0.544564 0.000000 0.000000 0.000000 1.000000 0 5.129929865e-03 5.144394934e-03
156 0.000000 -0.000000 -0.000000 10.210140 -1.682504 -0.544564 0.000000 0.000000 0.000000 1.000000 0 4.973201081e-03 4.988275934e-03
156 0.000000 -0.000000 -0.000000 10.210140 -1.682504 -0.544564 0.000000 0.000000 0.000000 1.000000 0 5.047115032e-03 5.061161006e-03
156 0.000000 -0.000000 -0.000000 10.210140 -1.682504 -0.544564 0.000000 0.000000 0.000000 1.000000 0 5.112739047e-03 5.127144977e-03
157 0.000000 -0.000000 -0.000000 10.306810 -1.648202 -0.455080 0.000000 0.000000 0.000000 1.000000 0 4.954210948e-03 4.968406865e-03
157 0.000000 -0.000000 -0.000000 10.306810 -1.648202 -0.455080 0.000000 0.000000 0.000000 1.000000 0 5.079745082e-03 5.093564978e-03
157 0.000000 -0.000000 -0.000000 10.306810 -1.648202 -0.455080 0.000000 0.000000 0.000000 1.000000 0 5.086713005e-03 5.100904964e-03
157 0.000000 -0.000000 -0.000000 10.306810 -1.648202 -0.455080 0.000000 0.000000 0.000000 1.000000 0 5.058039911e-03 5.070506828e-03
157 0.000000 -0.000000 -0.000000 10.306810 -1.648202 -0.455080 0.000000 0.000000 0.000000 1.000000 0 4.969179863e-03 4.982546903e-03
157 0.000000 -0.000000 -0.000000 10.306810 -1.648202 -0.455080 0.000000 0.000000 0.000000 1.000000 0 5.112609128e-03 5.126249045e-03
157 0.000000 -0.000000 -0.000000 10.306810 -1.648202 -0.455080 0.000000 0.000000 0.000000 1.000000 0 5.088096019e-03 5.102624884e-03
157 0.000000 -0.000000 -0.000000 10.306810 -1.648202 -0.455080 0.000000 0.000000 0.000000 1.000000 0 5.105517106e-03 5.119535141e-03
157 0.000000 -0.000000 -0.000000 10.306810 -1.648202 -0.455080 0.000000 0.000000 0.000000 1.000000 0 5.090574035e-03 5.104900105e-03
157 0.000000 -0.000000 -0.000000 10.306810 -1.648202 -0.455080 0.000000 0.000000 0.000000 1.000000 0 5.009458866e-03 5.024594022e-03
157 0.000000 -0.000000 -0.000000 10.306810 -1.648202 -0.455080 0.000000 0.000000 0.000000 1.000000 0 5.062862998e-03 5.076739937e-03
157 0.000000 -0.000000 -0.000000 10.306810 -1.648202 -0.455080 0.000000 0.000000 0.000000 1.000000 0 5.012396956e-03 5.026513012e-03
157 0.000000 -0.000000 -0.000000 10.306810 -1.648202 -0.455080 0.000000 0.000000 0.000000 1.000000 0 4.970787093e-03 4.984335043e-03
157 0.000000 -0.000000 -0.000000 10.306810 -1.648202 -0.455080 0.000000 0.000000 0.000000 1.000000 0 4.998943070e-03 5.013279151e-03
157 0.000000 -0.000000 -0.000000 10.306810 -1.648202 -0.455080 0.000000 0.000000 0.000000 1.000000 0 5.104590906e-03 5.117752124e-03
157 0.000000 -0.000000 -0.000000 10.306810 -1.648202 -0.455080 0.000000 0.000000 0.000000 1.000000 0 5.118415924e-03 5.131249083e-03
157 0.000000 -0.000000 -0.000000 10.306810 -1.648202 -0.455080 0.000000 0.000000 0.000000 1.000000 0 5.012735957e-03 5.025824998e-03
157 0.000000 -0.000000 -0.000000 10.306810 -1.648202 -0.455080 0.000000 0.000000 0.000000 1.000000 0 5.013806047e-03 5.027138162e-03
157 0.000000 -0.000000 -0.000000 10.306810 -1.648202 -0.455080 0.000000 0.000000 0.000000 1.000000 0 5.136547843e-03 5.147930002e-03
157 0.000000 -0.000000 -0.000000 10.306810 -1.648202 -0.455080 0.000000 0.000000 0.000000 1.000000 0 5.043997895e-03 5.059017101e-03
158 0.000000 -0.000000 -0.000000 10.383349 -1.732689 -0.427079 0.000000 0.000000 0.000000 1.000000 0 5.024845013e-03 5.038083997e-03
158 0.000000 -0.000000 -0.000000 10.383349 -1.732689 -0.427079 0.000000 0.000000 0.000000 1.000000 0 4.956485005e-03 4.970663926e-03
158 0.000000 -0.000000 -0.000000 10.383349 -1.732689 -0.427079 0.000000 0.000000 0.000000 1.000000 0 5.006090039e-03 5.019848002e-03
158 0.000000 -0.000000 -0.000000 10.383349 -1.732689 -0.427079 0.000000 0.000000 0.000000 1.000000 0 5.115119042e-03 5.129237892e-03
158 0.000000 -0.000000 -0.000000 10.383349 -1.732689 -0.427079 0.000000 0.000000 0.000000 1.000000 0 5.124377087e-03 5.138040986e-03
158 0.000000 -0.000000 -0.000000 10.383349 -1.732689 -0.427079 0.000000 0.000000 0.000000 1.000000 0 4.996828968e-03 5.010659806e-03
158 0.000000 -0.000000 -0.000000 10.383349 -1.732689 -0.427079 0.000000 0.000000 0.000000 1.000000 0 5.102911964e-03 5.119803129e-03
158 0.000000 -0.000000 -0.000000 10.383349 -1.732689 -0.427079 0.000000 0.000000 0.000000 1.000000 0 5.024876911e-03 5.037467927e-03
158 0.000000 -0.000000 -0.000000 10.383349 -1.732689 -0.427079 0.000000 0.000000 0.000000 1.000000 0 5.031239009e-03 5.044496851e-03
158 0.000000 -0.000000 -0.000000 10.383349 -1.732689 -0.427079 0.000000 0.000000 0.000000 1.000000 0 5.005944055e-03 5.019577919e-03
158 0.000000 -0.000000 -0.000000 10.383349 -1.732689 -0.427079 0.000000 0.000000 0.000000 1.000000 0 5.101833027e-03 5.116435932e-03
158 0.000000 -0.000000 -0.000000 10.383349 -1.732689 -0.427079 0.000000 0.000000 0.000000 1.000000 0 5.027828971e-03 5.041158991e-03
158 0.000000 -0.000000 -0.000000 10.383349 -1.732689 -0.427079 0.000000 0.000000 0.000000 1.000000 0 5.027216859e-03 5.041112192e-03
158 0.000000 -0.000000 -0.000000 10.383349 -1.732689 -0.427079 0.000000 0.000000 0.000000 1.000000 0 4.980580183e-03 4.994797055e-03
158 0.000000 -0.000000 -0.000000 10.383349 -1.732689 -0.427079 0.000000 0.000000 0.000000 1.000000 0 5.057543050e-03 5.068965023e-03
158 0.000000 -0.000000 -0.000000 10.383349 -1.732689 -0.427079 0.000000 0.000000 0.000000 1.000000 0 5.152144935e-03 5.165456096e-03
158 0.000000 -0.000000 -0.000000 10.383349 -1.732689 -0.427079 0.000000 0.000000 0.000000 1.000000 0 5.153591046e-03 5.167623982e-03
158 0.000000 -0.000000 -0.000000 10.383349 -1.732689 -0.427079 0.000000 0.000000 0.000000 1.000000 0 5.092221079e-03 5.106419092e-03
158 0.000000 -0.000000 -0.000000 10.383349 -1.732689 -0.427079 0.000000 0.000000 0.000000 1.000000 0 4.978219979e-03 4.992238944e-03
158 0.000000 -0.000000 -0.000000 10.383349 -1.732689 -0.427079 0.000000 0.000000 0.000000 1.000000 0 5.004588980e-03 5.020400044e-03
159 0.000000 -0.000000 -0.000000 10.476783 -1.692013 -0.380846 0.000000 0.000000 0.000000 1.000000 0 5.128790159e-03 5.142902955e-03
159 0.000000 -0.000000 -0.000000 10.476783 -1.692013 -0.380846 0.000000 0.000000 0.000000 1.000000 0 5.016527139e-03 5.028289044e-03
159 0.000000 -0.000000 -0.000000 10.476783 -1.692013 -0.380846 0.000000 0.000000 0.000000 1.000000 0 5.097252084e-03 5.111650098e-03
159 0.000000 -0.000000 -0.000000 10.476783 -1.692013 -0.380846 0.000000 0.000000 0.000000 1.000000 0 5.072588101e-03 5.091500003e-03
159 0.000000 -0.000000 -0.000000 10.476783 -1.692013 -0.380846 0.000000 0.000000 0.000000 1.000000 0 5.117753055e-03 5.131971091e-03
159 0.000000 -0.000000 -0.000000 10.476783 -1.692013 -0.380846 0.000000 0.000000 0.000000 1.000000 0 5.164122907e-03 5.177775864e-03
159 0.000000 -0.000000 -0.000000 10.476783 -1.692013 -0.380846 0.000000 0.000000 0.000000 1.000000 0 5.008620210e-03 5.022472935e-03
159 0.000000 -0.000000 -0.000000 10.476783 -1.692013 -0.380846 0.000000 0.000000 0.000000 1.000000 0 4.983149935e-03 4.993961891e-03
159 0.000000 -0.000000 -0.000000 10.476783 -1.692013 -0.380846 0.000000 0.000000 0.000000 1.000000 0 5.152690923e-03 5.166480085e-03
159 0.000000 -0.000000 -0.000000 10.476783 -1.692013 -0.380846 0.000000 0.000000 0.000000 1.000000 0 4.962576088e-03 4.973972915e-03
159 0.000000 -0.000000 -0.000000 10.476783 -1.692013 -0.380846 0.000000 0.000000 0.000000 1.000000 0 5.060628057e-03 5.074666813e-03
159 0.000000 -0.000000 -0.000000 10.476783 -1.692013 -0.380846 0.000000 0.000000 0.000000 1.000000 0 5.098677939e-03 5.112312967e-03
159 0.000000 -0.000000 -0.000000 10.476783 -1.692013 -0.380846 0.000000 0.000000 0.000000 1.000000 0 5.085060140e-03 5.099236965e-03
159 0.000000 -0.000000 -0.000000 10.476783 -1.692013 -0.380846 0.000000 0.000000 0.000000 1.000000 0 5.078500835e-03 5.092018982e-03
159 0.000000 -0.000000 -0.000000 10.476783 -1.692013 -0.380846 0.000000 0.000000 0.000000 1.000000 0 5.202974891e-03 5.217635073e-03
159 0.000000 -0.000000 -0.000000 10.476783 -1.692013 -0.380846 0.000000 0.000000 0.000000 1.000000 0 5.130450008e-03 5.144324154e-03
159 0.000000 -0.000000 -0.000000 10.476783 -1.692013 -0.380846 0.000000 0.000000 0.000000 1.000000 0 5.005118204e-03 5.020193988e-03
159 0.000000 -0.000000 -0.000000 10.476783 -1.692013 -0.380846 0.000000 0.000000 0.000000 1.000000 0 5.149596836e-03 5.162687041e-03
159 0.000000 -0.000000 -0.000000 10.476783 -1.692013 -0.380846 0.000000 0.000000 0.000000 1.000000 0 4.978670040e-03 4.989798879e-03
159 0.000000 -0.000000 -0.000000 10.476783 -1.692013 -0.380846 0.000000 0.000000 0.000000 1.000000 0 5.111536942e-03 5.125313997e-03
160 0.000000 -0.000000 -0.000000 10.548936 -1.773413 -0.361818 0.000000 0.000000 0.000000 1.000000 0 5.105344113e-03 5.121937022e-03
160 0.000000 -0.000000 -0.000000 10.548936 -1.773413 -0.361818 0.000000 0.000000 0.000000 1.000000 0 5.019620992e-03 5.034279078e-03
160 0.000000 -0.000000 -0.000000 10.548936 -1.773413 -0.361818 0.000000 0.000000 0.000000 1.000000 0 5.041093798e-03 5.055353977e-03
160 0.000000 -0.000000 -0.000000 10.548936 -1.773413 -0.361818 0.000000 0.000000 0.000000 1.000000 0 5.088481121e-03 5.106860073e-03
160 0.000000 -0.000000 -0.000000 10.548936 -1.773413 -0.361818 0.000000 0.000000 0.000000 1.000000 0 5.011598114e-03 5.026135128e-03
160 0.000000 -0.000000 -0.000000 10.548936 -1.773413 -0.361818 0.000000 0.000000 0.000000 1.000000 0 5.061770091e-03 5.076037953e-03
160 0.000000 -0.000000 -0.000000 10.548936 -1.773413 -0.361818 0.000000 0.000000 0.000000 1.000000 0 5.067260005e-03 5.081552081e-03
160 0.000000 -0.000000 -0.000000 10.548936 -1.773413 -0.361818 0.000000 0.000000 0.000000 1.000000 0 5.058782874e-03 5.072432803e-03
160 0.000000 -0.000000 -0.000000 10.548936 -1.773413 -0.361818 0.000000 0.000000 0.000000 1.000000 0 5.003265105e-03 5.016440991e-03
160 0.000000 -0.000000 -0.000000 10.548936 -1.773413 -0.361818 0.000000 0.000000 0.000000 1.000000 0 5.090214079e-03 5.103725009e-03
160 0.000000 -0.000000 -0.000000 10.548936 -1.773413 -0.361818 0.000000 0.000000 0.000000 1.000000 0 5.124235991e-03 5.137874046e-03
160 0.000000 -0.000000 -0.000000 10.548936 -1.773413 -0.361818 0.000000 0.000000 0.000000 1.000000 0 5.057442933e-03 5.071365973e-03
160 0.000000 -0.000000 -0.000000 10.548936 -1.773413 -0.361818 0.000000 0.000000 0.000000 1.000000 0 5.099205999e-03 5.113953957e-03
160 0.000000 -0.000000 -0.000000 10.548936 -1.773413 -0.361818 0.000000 0.000000 0.000000 1.000000 0 5.052097142e-03 5.065969890e-03
160 0.000000 -0.000000 -0.000000 10.548936 -1.773413 -0.361818 0.000000 0.000000 0.000000 1.000000 0 5.143128103e-03 5.156690022e-03
160 0.000000 -0.000000 -0.000000 10.548936 -1.773413 -0.361818 0.000000 0.000000 0.000000 1.000000 0 5.069257924e-03 5.082897143e-03
160 0.000000 -0.000000 -0.000000 10.548936 -1.773413 -0.361818 0.000000 0.000000 0.000000 1.000000 0 5.151726073e-03 5.166365067e-03
160 0.000000 -0.000000 -0.000000 10.548936 -1.773413 -0.361818 0.000000 0.000000 0.000000 1.000000 0 5.075379042e-03 5.095206900e-03
160 0.000000 -0.000000 -0.000000 10.548936 -1.773413 -0.361818 0.000000 0.000000 0.000000 1.000000 0 4.985393025e-03 4.999660887e-03
160 0.000000 -0.000000 -0.000000 10.548936 -1.773413 -0.361818 0.000000 0.000000 0.000000 1.000000 0 5.020474084e-03 5.034256959e-03
161 0.000000 -0.000000 -0.000000 10.639065 -1.728850 -0.323667 0.000000 0.000000 0.000000 1.000000 0 5.102725001e-03 5.117092049e-03
161 0.000000 -0.000000 -0.000000 10.639065 -1.728850 -0.323667 0.000000 0.000000 0.000000 1.000000 0 4.975220887e-03 4.989309935e-03
161 0.000000 -0.000000 -0.000000 10.639065 -1.728850 -0.323667 0.000000 0.000000 0.000000 1.000000 0 4.951283103e-03 4.966435954e-03
161 0.000000 -0.000000 -0.000000 10.639065 -1.728850 -0.323667 0.000000 0.000000 0.000000 1.000000 0 5.075562047e-03 5.091110943e-03
161 0.000000 -0.000000 -0.000000 10.639065 -1.728850 -0.323667 0.000000 0.000000 0.000000 1.000000 0 5.009999964e-03 5.023885053e-03
161 0.000000 -0.000000 -0.000000 10.639065 -1.728850 -0.323667 0.000000 0.000000 0.000000 1.000000 0 5.036508199e-03 5.050298059e-03
161 0.000000 -0.000000 -0.000000 10.639065 -1.728850 -0.323667 0.000000 0.000000 0.000000 1.000000 0 5.062154029e-03 5.075806985e-03
161 0.000000 -0.000000 -0.000000 10.639065 -1.728850 -0.323667 0.000000 0.000000 0.000000 1.000000 0 5.063890014e-03 5.075345980e-03
161 0.000000 -0.000000 -0.000000 10.639065 -1.728850 -0.323667 0.000000 0.000000 0.000000 1.000000 0 5.127530079e-03 5.141416099e-03
161 0.000000 -0.000000 -0.000000 10.639065 -1.728850 -0.323667 0.000000 0.000000 0.000000 1.000000 0 5.060160998e-03 5.074339919e-03
161 0.000000 -0.000000 -0.000000 10.639065 -1.728850 -0.323667 0.000000 0.000000 0.000000 1.000000 0 5.065569887e-03 5.080525996e-03
161 0.000000 -0.000000 -0.000000 10.639065 -1.728850 -0.323667 0.000000 0.000000 0.000000 1.000000 0 5.121005001e-03 5.134681938e-03
161 0.000000 -0.000000 -0.000000 10.639065 -1.728850 -0.323667 0.000000 0.000000 0.000000 1.000000 0 4.995869007e-03 5.009871908e-03
161 0.000000 -0.000000 -0.000000 10.639065 -1.728850 -0.323667 0.000000 0.000000 0.000000 1.000000 0 5.067846039e-03 5.081215873e-03
161 0.000000 -0.000000 -0.000000 10.639065 -1.728850 -0.323667 0.000000 0.000000 0.000000 1.000000 0 5.045776954e-03 5.064463010e-03
161 0.000000 -0.000000 -0.000000 10.639065 -1.728850 -0.323667 0.000000 0.000000 0.000000 1.000000 0 5.141807953e-03 5.155165913e-03
161 0.000000 -0.000000 -0.000000 10.639065 -1.728850 -0.323667 0.000000 0.000000 0.000000 1.000000 0 5.049163941e-03 5.063340068e-03
161 0.000000 -0.000000 -0.000000 10.639065 -1.728850 -0.323667 0.000000 0.000000 0.000000 1.000000 0 5.036518909e-03 5.050250096e-03
161 0.000000 -0.000000 -0.000000 10.639065 -1.728850 -0.323667 0.000000 0.000000 0.000000 1.000000 0 5.111993989e-03 5.126019940e-03
161 0.000000 -0.000000 -0.000000 10.639065 -1.728850 -0.323667 0.000000 0.000000 0.000000 1.000000 0 5.147665041e-03 5.161762936e-03
162 0.000000 -0.000000 -0.000000 10.707289 -1.808889 -0.312196 0.000000 0.000000 0.000000 1.000000 0 5.335856928e-03 5.349989049e-03
162 0.000000 -0.000000 -0.000000 10.707289 -1.808889 -0.312196 0.000000 0.000000 0.000000 1.000000 0 5.049541127e-03 5.063418066e-03
162 0.000000 -0.000000 -0.000000 10.707289 -1.808889 -0.312196 0.000000 0.000000 0.000000 1.000000 0 5.124013871e-03 5.138834007e-03
162 0.000000 -0.000000 -0.000000 10.707289 -1.808889 -0.312196 0.000000 0.000000 0.000000 1.000000 0 4.980904981e-03 4.994614981e-03
162 0.000000 -0.000000 -0.000000 10.707289 -1.808889 -0.312196 0.000000 0.000000 0.000000 1.000000 0 5.138313863e-03 5.152553786e-03
162 0.000000 -0.000000 -0.000000 10.707289 -1.808889 -0.312196 0.000000 0.000000 0.000000 1.000000 0 5.125408992e-03 5.139134824e-03
162 0.000000 -0.000000 -0.000000 10.707289 -1.808889 -0.312196 0.000000 0.000000 0.000000 1.000000 0 5.132200196e-03 5.147643853e-03
162 0.000000 -0.000000 -0.000000 10.707289 -1.808889 -0.312196 0.000000 0.000000 0.000000 1.000000 0 5.486018956e-03 5.500928964e-03
162 0.000000 -0.000000 -0.000000 10.707289 -1.808889 -0.312196 0.000000 0.000000 0.000000 1.000000 0 5.046218866e-03 5.059557967e-03
162 0.000000 -0.000000 -0.000000 10.707289 -1.808889 -0.312196 0.000000 0.000000 0.000000 1.000000 0 5.065610865e-03 5.079636816e-03
162 0.000000 -0.000000 -0.000000 10.707289 -1.808889 -0.312196 0.000000 0.000000 0.000000 1.000000 0 5.121649941e-03 5.135650979e-03
162 0.000000 -0.000000 -0.000000 10.707289 -1.808889 -0.312196 0.000000 0.000000 0.000000 1.000000 0 5.063282093e-03 5.078203976e-03
162 0.000000 -0.000000 -0.000000 10.707289 -1.808889 -0.312196 0.000000 0.000000 0.000000 1.000000 0 5.019125994e-03 5.033283960e-03
162 0.000000 -0.000000 -0.000000 10.707289 -1.808889 -0.312196 0.000000 0.000000 0.000000 1.000000 0 5.033118185e-03 5.044667982e-03
162 0.000000 -0.000000 -0.000000 10.707289 -1.808889 -0.312196 0.000000 0.000000 0.000000 1.000000 0 4.987493157e-03 5.000963109e-03
162 0.000000 -0.000000 -0.000000 10.707289 -1.808889 -0.312196 0.000000 0.000000 0.000000 1.000000 0 5.064232973e-03 5.077336915e-03
162 0.000000 -0.000000 -0.000000 10.707289 -1.808889 -0.312196 0.000000 0.000000 0.000000 1.000000 0 5.108933896e-03 5.122635979e-03
162 0.000000 -0.000000 -0.000000 10.707289 -1.808889 -0.312196 0.000000 0.000000 0.000000 1.000000 0 5.052082008e-03 5.066049984e-03
162 0.000000 -0.000000 -0.000000 10.707289 -1.808889 -0.312196 0.000000 0.000000 0.000000 1.000000 0 5.023616832e-03 5.037174094e-03
162 0.000000 -0.000000 -0.000000 10.707289 -1.808889 -0.312196 0.000000 0.000000 0.000000 1.000000 0 5.135209998e-03 5.149469012e-03
163 0.000000 -0.000000 -0.000000 10.793392 -1.760838 -0.281095 0.000000 0.000000 0.000000 1.000000 0 5.026594037e-03 5.041299155e-03
163 0.000000 -0.000000 -0.000000 10.793392 -1.760838 -0.281095 0.000000 0.000000 0.000000 1.000000 0 4.919990897e-03 4.934926052e-03
163 0.000000 -0.000000 -0.000000 10.793392 -1.760838 -0.281095 0.000000 0.000000 0.000000 1.000000 0 4.964237800e-03 4.977501929e-03
163 0.000000 -0.000000 -0.000000 10.793392 -1.760838 -0.281095 0.000000 0.000000 0.000000 1.000000 0 5.156253930e-03 5.171221914e-03
163 0.000000 -0.000000 -0.000000 10.793392 -1.760838 -0.281095 0.000000 0.000000 0.000000 1.000000 0 5.143756047e-03 5.156964995e-03
163 0.000000 -0.000000 -0.000000 10.793392 -1.760838 -0.281095 0.000000 0.000000 0.000000 1.000000 0 5.097246030e-03 5.110954167e-03
163 0.000000 -0.000000 -0.000000 10.793392 -1.760838 -0.281095 0.000000 0.000000 0.000000 1.000000 0 5.066142883e-03 5.080424016e-03
163 0.000000 -0.000000 -0.000000 10.793392 -1.760838 -0.281095 0.000000 0.000000 0.000000 1.000000 0 5.126653938e-03 5.140529014e-03
163 0.000000 -0.000000 -0.000000 10.793392 -1.760838 -0.281095 0.000000 0.000000 0.000000 1.000000 0 5.071007879e-03 5.095242988e-03
163 0.000000 -0.000000 -0.000000 10.793392 -1.760838 -0.281095 0.000000 0.000000 0.000000 1.000000 0 4.986719927e-03 5.000723992e-03
163 0.000000 -0.000000 -0.000000 10.793392 -1.760838 -0.281095 0.000000 0.000000 0.000000 1.000000 0 5.057694158e-03 5.071078893e-03
163 0.000000 -0.000000 -0.000000 10.793392 -1.760838 -0.281095 0.000000 0.000000 0.000000 1.000000 0 5.006066058e-03 5.019812845e-03
163 0.000000 -0.000000 -0.000000 10.793392 -1.760838 -0.281095 0.000000 0.000000 0.000000 1.000000 0 5.101890070e-03 5.115855020e-03
163 0.000000 -0.000000 -0.000000 10.793392 -1.760838 -0.281095 0.000000 0.000000 0.000000 1.000000 0 5.109185120e-03 5.123500014e-03
163 0.000000 -0.000000 -0.000000 10.793392 -1.760838 -0.281095 0.000000 0.000000 0.000000 1.000000 0 5.196977872e-03 5.211343989e-03
163 0.000000 -0.000000 -0.000000 10.793392 -1.760838 -0.281095 0.000000 0.000000 0.000000 1.000000 0 5.057982868e-03 5.068861181e-03
163 0.000000 -0.000000 -0.000000 10.793392 -1.760838 -0.281095 0.000000 0.000000 0.000000 1.000000 0 5.151253194e-03 5.165034905e-03
163 0.000000 -0.000000 -0.000000 10.793392 -1.760838 -0.281095 0.000000 0.000000 0.000000 1.000000 0 5.040511955e-03 5.054723006e-03
163 0.000000 -0.000000 -0.000000 10.793392 -1.760838 -0.281095 0.000000 0.000000 0.000000 1.000000 0 5.155777093e-03 5.169665907e-03
163 0.000000 -0.000000 -0.000000 10.793392 -1.760838 -0.281095 0.000000 0.000000 0.000000 1.000000 0 5.059474846e-03 5.073031876e-03
164 0.000000 -0.000000 -0.000000 10.856726 -1.839521 -0.276193 0.000000 0.000000 0.000000 1.000000 0 5.225862842e-03 5.239883903e-03
164 0.000000 -0.000000 -0.000000 10.856726 -1.839521 -0.276193 0.000000 0.000000 0.000000 1.000000 0 4.965602886e-03 4.982072162e-03
164 0.000000 -0.000000 -0.000000 10.856726 -1.839521 -0.276193 0.000000 0.000000 0.000000 1.000000 0 5.119385198e-03 5.133244907e-03
164 0.000000 -0.000000 -0.000000 10.856726 -1.839521 -0.276193 0.000000 0.000000 0.000000 1.000000 0 5.122747971e-03 5.136847962e-03
164 0.000000 -0.000000 -0.000000 10.856726 -1.839521 -0.276193 0.000000 0.000000 0.000000 1.000000 0 5.114444997e-03 5.128965015e-03
164 0.000000 -0.000000 -0.000000 10.856726 -1.839521 -0.276193 0.000000 0.000000 0.000000 1.000000 0 5.016025854e-03 5.031327950e-03
164 0.000000 -0.000000 -0.000000 10.856726 -1.839521 -0.276193 0.000000 0.000000 0.000000 1.000000 0 5.050454987e-03 5.064273952e-03
164 0.000000 -0.000000 -0.000000 10.856726 -1.839521 -0.276193 0.000000 0.000000 0.000000 1.000000 0 5.032178946e-03 5.046274979e-03
164 0.000000 -0.000000 -0.000000 10.856726 -1.839521 -0.276193 0.000000 0.000000 0.000000 1.000000 0 5.007515894e-03 5.020778161e-03
164 0.000000 -0.000000 -0.000000 10.856726 -1.839521 -0.276193 0.000000 0.000000 0.000000 1.000000 0 5.104999989e-03 5.118572153e-03
164 0.000000 -0.000000 -0.000000 10.856726 -1.839521 -0.276193 0.000000 0.000000 0.000000 1.000000 0 5.099098897e-03 5.115054082e-03
164 0.000000 -0.000000 -0.000000 10.856726 -1.839521 -0.276193 0.000000 0.000000 0.000000 1.000000 0 5.148075055e-03 5.161846057e-03
164 0.000000 -0.000000 -0.000000 10.856726 -1.839521 -0.276193 0.000000 0.000000 0.000000 1.000000 0 5.035581067e-03 5.048682913e-03
164 0.000000 -0.000000 -0.000000 10.856726 -1.839521 -0.276193 0.000000 0.000000 0.000000 1.000000 0 5.013291026e-03 5.023852922e-03
164 0.000000 -0.000000 -0.000000 10.856726 -1.839521 -0.276193 0.000000 0.000000 0.000000 1.000000 0 5.115935113e-03 5.130418111e-03
164 0.000000 -0.000000 -0.000000 10.856726 -1.839521 -0.276193 0.000000 0.000000 0.000000 1.000000 0 5.089928862e-03 5.103649106e-03
164 0.000000 -0.000000 -0.000000 10.856726 -1.839521 -0.276193 0.000000 0.000000 0.000000 1.000000 0 5.075293127e-03 5.089862971e-03
164 0.000000 -0.000000 -0.000000 10.856726 -1.839521 -0.276193 0.000000 0.000000 0.000000 1.000000 0 5.134204170e-03 5.149099976e-03
164 0.000000 -0.000000 -0.000000 10.856726 -1.839521 -0.276193 0.000000 0.000000 0.000000 1.000000 0 5.097219022e-03 5.111230072e-03
164 0.000000 -0.000000 -0.000000 10.856726 -1.839521 -0.276193 0.000000 0.000000 0.000000 1.000000 0 4.937197082e-03 4.951040028e-03
165 0.000000 -0.000000 -0.000000 10.938158 -1.789159 -0.251159 0.000000 0.000000 0.000000 1.000000 0 4.990964895e-03 5.004454870e-03
165 0.000000 -0.000000 -0.000000 10.938158 -1.789159 -0.251159 0.000000 0.000000 0.000000 1.000000 0 4.956925986e-03 4.970656009e-03
165 0.000000 -0.000000 -0.000000 10.938158 -1.789159 -0.251159 0.000000 0.000000 0.000000 1.000000 0 4.988946952e-03 5.007964792e-03
165 0.000000 -0.000000 -0.000000 10.938158 -1.789159 -0.251159 0.000000 0.000000 0.000000 1.000000 0 4.915687954e-03 4.929485032e-03
165 0.000000 -0.000000 -0.000000 10.938158 -1.789159 -0.251159 0.000000 0.000000 0.000000 1.000000 0 5.016722018e-03 5.030758912e-03
165 0.000000 -0.000000 -0.000000 10.938158 -1.789159 -0.251159 0.000000 0.000000 0.000000 1.000000 0 4.978178069e-03 4.990381887e-03
165 0.000000 -0.000000 -0.000000 10.938158 -1.789159 -0.251159 0.000000 0.000000 0.000000 1.000000 0 5.077834940e-03 5.091561936e-03
165 0.000000 -0.000000 -0.000000 10.938158 -1.789159 -0.251159 0.000000 0.000000 0.000000 1.000000 0 5.044799997e-03 5.058679963e-03
165 0.000000 -0.000000 -0.000000 10.938158 -1.789159 -0.251159 0.000000 0.000000 0.000000 1.000000 0 5.167952972e-03 5.181565182e-03
165 0.000000 -0.000000 -0.000000 10.938158 -1.789159 -0.251159 0.000000 0.000000 0.000000 1.000000 0 5.003802944e-03 5.017530872e-03
165 0.000000 -0.000000 -0.000000 10.938158 -1.789159 -0.251159 0.000000 0.000000 0.000000 1.000000 0 5.038733128e-03 5.052514840e-03
165 0.000000 -0.000000 -0.000000 10.938158 -1.789159 -0.251159 0.000000 0.000000 0.000000 1.000000 0 5.047226092e-03 5.060420139e-03
165 0.000000 -0.000000 -0.000000 10.938158 -1.789159 -0.251159 0.000000 0.000000 0.000000 1.000000 0 5.111826118e-03 5.125563126e-03
165 0.000000 -0.000000 -0.000000 10.938158 -1.789159 -0.251159 0.000000 0.000000 0.000000 1.000000 0 4.993935116e-03 5.008522887e-03
165 0.000000 -0.000000 -0.000000 10.938158 -1.789159 -0.251159 0.000000 0.000000 0.000000 1.000000 0 5.082688993e-03 5.098108901e-03
165 0.000000 -0.000000 -0.000000 10.938158 -1.789159 -0.251159 0.000000 0.000000 0.000000 1.000000 0 5.025569117e-03 5.038196919e-03
165 0.000000 -0.000000 -0.000000 10.938158 -1.789159 -0.251159 0.000000 0.000000 0.000000 1.000000 0 5.013860995e-03 5.028194981e-03
165 0.000000 -0.000000 -0.000000 10.938158 -1.789159 -0.251159 0.000000 0.000000 0.000000 1.000000 0 5.011677975e-03 5.025689024e-03
165 0.000000 -0.000000 -0.000000 10.938158 -1.789159 -0.251159 0.000000 0.000000 0.000000 1.000000 0 4.972765921e-03 4.986643093e-03
165 0.000000 -0.000000 -0.000000 10.938158 -1.789159 -0.251159 0.000000 0.000000 0.000000 1.000000 0 4.998155171e-03 5.016224924e-03
165 0.000000 -0.000000 -0.000000 10.938158 -1.789159 -0.251159 0.000000 0.000000 0.000000 1.000000 0 5.060831085e-03 5.074498011e-03
166 0.000000 -0.000000 -0.000000 10.997196 -1.867107 -0.251602 0.000000 0.000000 0.000000 1.000000 0 5.086171906e-03 5.099894945e-03
166 0.000000 -0.000000 -0.000000 10.997196 -1.867107 -0.251602 0.000000 0.000000 0.000000 1.000000 0 5.055016140e-03 5.069111008e-03
166 0.000000 -0.000000 -0.000000 10.997196 -1.867107 -0.251602 0.000000 0.000000 0.000000 1.000000 0 5.049261032e-03 5.063503049e-03
166 0.000000 -0.000000 -0.000000 10.997196 -1.867107 -0.251602 0.000000 0.000000 0.000000 1.000000 0 5.118964938e-03 5.132742925e-03
166 0.000000 -0.000000 -0.000000 10.997196 -1.867107 -0.251602 0.000000 0.000000 0.000000 1.000000 0 4.988240078e-03 5.001668818e-03
166 0.000000 -0.000000 -0.000000 10.997196 -1.867107 -0.251602 0.000000 0.000000 0.000000 1.000000 0 5.032167071e-03 5.046656821e-03
166 0.000000 -0.000000 -0.000000 10.997196 -1.867107 -0.251602 0.000000 0.000000 0.000000 1.000000 0 5.121551920e-03 5.135749001e-03
166 0.000000 -0.000000 -0.000000 10.997196 -1.867107 -0.251602 0.000000 0.000000 0.000000 1.000000 0 5.076556001e-03 5.087756785e-03
166 0.000000 -0.000000 -0.000000 10.997196 -1.867107 -0.251602 0.000000 0.000000 0.000000 1.000000 0 5.118303001e-03 5.131718935e-03
166 0.000000 -0.000000 -0.000000 10.997196 -1.867107 -0.251602 0.000000 0.000000 0.000000 1.000000 0 5.142173963e-03 5.156767089e-03
166 0.000000 -0.000000 -0.000000 10.997196 -1.867107 -0.251602 0.000000 0.000000 0.000000 1.000000 0 5.167515017e-03 5.183047848e-03
166 0.000000 -0.000000 -0.000000 10.997196 -1.867107 -0.251602 0.000000 0.000000 0.000000 1.000000 0 5.007387837e-03 5.020991899e-03
166 0.000000 -0.000000 -0.000000 10.997196 -1.867107 -0.251602 0.000000 0.000000 0.000000 1.000000 0 5.053533940e-03 5.067757098e-03
166 0.000000 -0.000000 -0.000000 10.997196 -1.867107 -0.251602 0.000000 0.000000 0.000000 1.000000 0 5.086825928e-03 5.098157097e-03
166 0.000000 -0.000000 -0.000000 10.997196 -1.867107 -0.251602 0.000000 0.000000 0.000000 1.000000 0 5.142936017e-03 5.157920066e-03
166 0.000000 -0.000000 -0.000000 10.997196 -1.867107 -0.251602 0.000000 0.000000 0.000000 1.000000 0 5.083205877e-03 5.099415081e-03
166 0.000000 -0.000000 -0.000000 10.997196 -1.867107 -0.251602 0.000000 0.000000 0.000000 1.000000 0 5.072761094e-03 5.085692974e-03
166 0.000000 -0.000000 -0.000000 10.997196 -1.867107 -0.251602 0.000000 0.000000 0.000000 1.000000 0 5.109565100e-03 5.124720046e-03
166 0.000000 -0.000000 -0.000000 10.997196 -1.867107 -0.251602 0.000000 0.000000 0.000000 1.000000 0 4.996612901e-03 5.007659085e-03
166 0.000000 -0.000000 -0.000000 10.997196 -1.867107 -0.251602 0.000000 0.000000 0.000000 1.000000 0 5.025667837e-03 5.039114971e-03
167 0.000000 -0.000000 -0.000000 11.074586 -1.814324 -0.231418 0.000000 0.000000 0.000000 1.000000 0 5.097793881e-03 5.111474078e-03
167 0.000000 -0.000000 -0.000000 11.074586 -1.814324 -0.231418 0.000000 0.000000 0.000000 1.000000 0 4.957028897e-03 4.970957991e-03
167 0.000000 -0.000000 -0.000000 11.074586 -1.814324 -0.231418 0.000000 0.000000 0.000000 1.000000 0 5.016456125e-03 5.030622007e-03
167 0.000000 -0.000000 -0.000000 11.074586 -1.814324 -0.231418 0.000000 0.000000 0.000000 1.000000 0 5.135287065e-03 5.149750970e-03
167 0.000000 -0.000000 -0.000000 11.074586 -1.814324 -0.231418 0.000000 0.000000 0.000000 1.000000 0 4.981970880e-03 4.996523028e-03
167 0.000000 -0.000000 -0.000000 11.074586 -1.814324 -0.231418 0.000000 0.000000 0.000000 1.000000 0 5.019553937e-03 5.034425994e-03
167 0.000000 -0.000000 -0.000000 11.074586 -1.814324 -0.231418 0.000000 0.000000 0.000000 1.000000 0 5.140779074e-03 5.154846003e-03
167 0.000000 -0.000000 -0.000000 11.074586 -1.814324 -0.231418 0.000000 0.000000 0.000000 1.000000 0 5.057343049e-03 5.071226042e-03
167 0.000000 -0.000000 -0.000000 11.074586 -1.814324 -0.231418 0.000000 0.000000 0.000000 1.000000 0 5.054667126e-03 5.068068858e-03
167 0.000000 -0.000000 -0.000000 11.074586 -1.814324 -0.231418 0.000000 0.000000 0.000000 1.000000 0 5.145699019e-03 5.158965942e-03
167 0.000000 -0.000000 -0.000000 11.074586 -1.814324 -0.231418 0.000000 0.000000 0.000000 1.000000 0 5.185737042e-03 5.199580919e-03
167 0.000000 -0.000000 -0.000000 11.074586 -1.814324 -0.231418 0.000000 0.000000 0.000000 1.000000 0 5.039977841e-03 5.053556990e-03
167 0.000000 -0.000000 -0.000000 11.074586 -1.814324 -0.231418 0.000000 0.000000 0.000000 1.000000 0 5.006539170e-03 5.029510008e-03
167 0.000000 -0.000000 -0.000000 11.074586 -1.814324 -0.231418 0.000000 0.000000 0.000000 1.000000 0 4.996170988e-03 5.009966902e-03
167 0.000000 -0.000000 -0.000000 11.074586 -1.814324 -0.231418 0.000000 0.000000 0.000000 1.000000 0 5.116279004e-03 5.130327074e-03
167 0.000000 -0.000000 -0.000000 11.074586 -1.814324 -0.231418 0.000000 0.000000 0.000000 1.000000 0 5.062946118e-03 5.076528993e-03
167 0.000000 -0.000000 -0.000000 11.074586 -1.814324 -0.231418 0.000000 0.000000 0.000000 1.000000 0 5.091460189e-03 5.105242133e-03
167 0.000000 -0.000000 -0.000000 11.074586 -1.814324 -0.231418 0.000000 0.000000 0.000000 1.000000 0 5.058479961e-03 5.072092870e-03
167 0.000000 -0.000000 -0.000000 11.074586 -1.814324 -0.231418 0.000000 0.000000 0.000000 1.000000 0 5.054058041e-03 5.067948019e-03
167 0.000000 -0.000000 -0.000000 11.074586 -1.814324 -0.231418 0.000000 0.000000 0.000000 1.000000 0 5.043225130e-03 5.057319999e-03
168 0.000000 -0.000000 -0.000000 11.128781 -1.892121 -0.236403 0.000000 0.000000 0.000000 1.000000 0 5.090679973e-03 5.105026998e-03
168 0.000000 -0.000000 -0.000000 11.128781 -1.892121 -0.236403 0.000000 0.000000 0.000000 1.000000 0 5.156798055e-03 5.170294782e-03
168 0.000000 -0.000000 -0.000000 11.128781 -1.892121 -0.236403 0.000000 0.000000 0.000000 1.000000 0 5.061046919e-03 5.075407913e-03
168 0.000000 -0.000000 -0.000000 11.128781 -1.892121 -0.236403 0.000000 0.000000 0.000000 1.000000 0 5.094383145e-03 5.109143909e-03
168 0.000000 -0.000000 -0.000000 11.128781 -1.892121 -0.236403 0.000000 0.000000 0.000000 1.000000 0 5.034593167e-03 5.046274979e-03
168 0.000000 -0.000000 -0.000000 11.128781 -1.892121 -0.236403 0.000000 0.000000 0.000000 1.000000 0 5.021800986e-03 5.035802955e-03
168 0.000000 -0.000000 -0.000000 11.128781 -1.892121 -0.236403 0.000000 0.000000 0.000000 1.000000 0 5.088380072e-03 5.101756891e-03
168 0.000000 -0.000000 -0.000000 11.128781 -1.892121 -0.236403 0.000000 0.000000 0.000000 1.000000 0 5.057214061e-03 5.072775995e-03
168 0.000000 -0.000000 -0.000000 11.128781 -1.892121 -0.236403 0.000000 0.000000 0.000000 1.000000 0 5.103017902e-03 5.117231980e-03
168 0.000000 -0.000000 -0.000000 11.128781 -1.892121 -0.236403 0.000000 0.000000 0.000000 1.000000 0 5.046922015e-03 5.064857192e-03
168 0.000000 -0.000000 -0.000000 11.128781 -1.892121 -0.236403 0.000000 0.000000 0.000000 1.000000 0 4.964489024e-03 4.978846991e-03
168 0.000000 -0.000000 -0.000000 11.128781 -1.892121 -0.236403 0.000000 0.000000 0.000000 1.000000 0 5.077712005e-03 5.091746803e-03
168 0.000000 -0.000000 -0.000000 11.128781 -1.892121 -0.236403 0.000000 0.000000 0.000000 1.000000 0 5.010008113e-03 5.024640821e-03
168 0.000000 -0.000000 -0.000000 11.128781 -1.892121 -0.236403 0.000000 0.000000 0.000000 1.000000 0 5.010991823e-03 5.025084130e-03
168 0.000000 -0.000000 -0.000000 11.128781 -1.892121 -0.236403 0.000000 0.000000 0.000000 1.000000 0 5.017369054e-03 5.030540051e-03
168 0.000000 -0.000000 -0.000000 11.128781 -1.892121 -0.236403 0.000000 0.000000 0.000000 1.000000 0 5.014664959e-03 5.028165178e-03
168 0.000000 -0.000000 -0.000000 11.128781 -1.892121 -0.236403 0.000000 0.000000 0.000000 1.000000 0 5.105183227e-03 5.118977046e-03
168 0.000000 -0.000000 -0.000000 11.128781 -1.892121 -0.236403 0.000000 0.000000 0.000000 1.000000 0 5.098175025e-03 5.112377927e-03
168 0.000000 -0.000000 -0.000000 11.128781 -1.892121 -0.236403 0.000000 0.000000 0.000000 1.000000 0 5.055605900e-03 5.069960142e-03
168 0.000000 -0.000000 -0.000000 11.128781 -1.892121 -0.236403 0.000000 0.000000 0.000000 1.000000 0 4.880688153e-03 4.896705970e-03
169 0.000000 -0.000000 -0.000000 11.201268 -1.837769 -0.220350 0.000000 0.000000 0.000000 1.000000 0 4.899143940e-03 4.913268844e-03
169 0.000000 -0.000000 -0.000000 11.201268 -1.837769 -0.220350 0.000000 0.000000 0.000000 1.000000 0 5.094042048e-03 5.105976015e-03
169 0.000000 -0.000000 -0.000000 11.201268 -1.837769 -0.220350 0.000000 0.000000 0.000000 1.000000 0 5.075535038e-03 5.090162158e-03
169 0.000000 -0.000000 -0.000000 11.201268 -1.837769 -0.220350 0.000000 0.000000 0.000000 1.000000 0 5.208048038e-03 5.219741026e-03
169 0.000000 -0.000000 -0.000000 11.201268 -1.837769 -0.220350 0.000000 0.000000 0.000000 1.000000 0 5.124229006e-03 5.139566027e-03
169 0.000000 -0.000000 -0.000000 11.201268 -1.837769 -0.220350 0.000000 0.000000 0.000000 1.000000 0 5.052168155e-03 5.066190846e-03
169 0.000000 -0.000000 -0.000000 11.201268 -1.837769 -0.220350 0.000000 0.000000 0.000000 1.000000 0 4.936582875e-03 4.951953888e-03
169 0.000000 -0.000000 -0.000000 11.201268 -1.837769 -0.220350 0.000000 0.000000 0.000000 1.000000 0 5.021174904e-03 5.035663024e-03
169 0.000000 -0.000000 -0.000000 11.201268 -1.837769 -0.220350 0.000000 0.000000 0.000000 1.000000 0 5.018356023e-03 5.031939130e-03
169 0.000000 -0.000000 -0.000000 11.201268 -1.837769 -0.220350 0.000000 0.000000 0.000000 1.000000 0 5.120088113e-03 5.134054925e-03
169 0.000000 -0.000000 -0.000000 11.201268 -1.837769 -0.220350 0.000000 0.000000 0.000000 1.000000 0 5.099283066e-03 5.113943014e-03
169 0.000000 -0.000000 -0.000000 11.201268 -1.837769 -0.220350 0.000000 0.000000 0.000000 1.000000 0 5.100911018e-03 5.112015875e-03
169 0.000000 -0.000000 -0.000000 11.201268 -1.837769 -0.220350 0.000000 0.000000 0.000000 1.000000 0 5.172585836e-03 5.188903073e-03
169 0.000000 -0.000000 -0.000000 11.201268 -1.837769 -0.220350 0.000000 0.000000 0.000000 1.000000 0 5.092076957e-03 5.105629098e-03
169 0.000000 -0.000000 -0.000000 11.201268 -1.837769 -0.220350 0.000000 0.000000 0.000000 1.000000 0 4.988844041e-03 5.003453000e-03
169 0.000000 -0.000000 -0.000000 11.201268 -1.837769 -0.220350 0.000000 0.000000 0.000000 1.000000 0 5.124775926e-03 5.138383945e-03
169 0.000000 -0.000000 -0.000000 11.201268 -1.837769 -0.220350 0.000000 0.000000 0.000000 1.000000 0 5.026877858e-03 5.040711956e-03
169 0.000000 -0.000000 -0.000000 11.201268 -1.837769 -0.220350 0.000000 0.000000 0.000000 1.000000 0 5.008590873e-03 5.022566998e-03
169 0.000000 -0.000000 -0.000000 11.201268 -1.837769 -0.220350 0.000000 0.000000 0.000000 1.000000 0 4.956867080e-03 4.971086979e-03
169 0.000000 -0.000000 -0.000000 11.201268 -1.837769 -0.220350 0.000000 0.000000 0.000000 1.000000 0 5.119587062e-03 5.130800884e-03
170 0.000000 -0.000000 -0.000000 11.250323 -1.915160 -0.228984 0.000000 0.000000 0.000000 1.000000 0 5.063951015e-03 5.078090122e-03
170 0.000000 -0.000000 -0.000000 11.250323 -1.915160 -0.228984 0.000000 0.000000 0.000000 1.000000 0 5.025207065e-03 5.038915901e-03
170 0.000000 -0.000000 -0.000000 11.250323 -1.915160 -0.228984 0.000000 0.000000 0.000000 1.000000 0 5.039011128e-03 5.053627072e-03
170 0.000000 -0.000000 -0.000000 11.250323 -1.915160 -0.228984 0.000000 0.000000 0.000000 1.000000 0 5.097113084e-03 5.117096007e-03
170 0.000000 -0.000000 -0.000000 11.250323 -1.915160 -0.228984 0.000000 0.000000 0.000000 1.000000 0 5.133911036e-03 5.148241995e-03
170 0.000000 -0.000000 -0.000000 11.250323 -1.915160 -0.228984 0.000000 0.000000 0.000000 1.000000 0 5.012898007e-03 5.026128143e-03
170 0.000000 -0.000000 -0.000000 11.250323 -1.915160 -0.228984 0.000000 0.000000 0.000000 1.000000 0 5.143716000e-03 5.158249056e-03
170 0.000000 -0.000000 -0.000000 11.250323 -1.915160 -0.228984 0.000000 0.000000 0.000000 1.000000 0 5.088193109e-03 5.102238851e-03
170 0.000000 -0.000000 -0.000000 11.250323 -1.915160 -0.228984 0.000000 0.000000 0.000000 1.000000 0 5.089994054e-03 5.105359945e-03
170 0.000000 -0.000000 -0.000000 11.250323 -1.915160 -0.228984 0.000000 0.000000 0.000000 1.000000 0 5.219087936e-03 5.233091069e-03
170 0.000000 -0.000000 -0.000000 11.250323 -1.915160 -0.228984 0.000000 0.000000 0.000000 1.000000 0 5.108591868e-03 5.120212911e-03
170 0.000000 -0.000000 -0.000000 11.250323 -1.915160 -0.228984 0.000000 0.000000 0.000000 1.000000 0 5.118143978e-03 5.131473998e-03
170 0.000000 -0.000000 -0.000000 11.250323 -1.915160 -0.228984 0.000000 0.000000 0.000000 1.000000 0 5.101440009e-03 5.115244072e-03
170 0.000000 -0.000000 -0.000000 11.250323 -1.915160 -0.228984 0.000000 0.000000 0.000000 1.000000 0 5.050773034e-03 5.064686993e-03
170 0.000000 -0.000000 -0.000000 11.250323 -1.915160 -0.228984 0.000000 0.000000 0.000000 1.000000 0 4.960871069e-03 4.974987824e-03
170 0.000000 -0.000000 -0.000000 11.250323 -1.915160 -0.228984 0.000000 0.000000 0.000000 1.000000 0 5.005513085e-03 5.019434961e-03
170 0.000000 -0.000000 -0.000000 11.250323 -1.915160 -0.228984 0.000000 0.000000 0.000000 1.000000 0 4.996498115e-03 5.010188092e-03
170 0.000000 -0.000000 -0.000000 11.250323 -1.915160 -0.228984 0.000000 0.000000 0.000000 1.000000 0 5.054116016e-03 5.068002967e-03
170 0.000000 -0.000000 -0.000000 11.250323 -1.915160 -0.228984 0.000000 0.000000 0.000000 1.000000 0 4.931028001e-03 4.945631139e-03
170 0.000000 -0.000000 -0.000000 11.250323 -1.915160 -0.228984 0.000000 0.000000 0.000000 1.000000 0 4.917782964e-03 4.934348864e-03
171 0.000000 -0.000000 -0.000000 11.318475 -1.859692 -0.216217 0.000000 0.000000 0.000000 1.000000 0 4.978091922e-03 4.994212184e-03
171 0.000000 -0.000000 -0.000000 11.318475 -1.859692 -0.216217 0.000000 0.000000 0.000000 1.000000 0 5.014046095e-03 5.028852960e-03
171 0.000000 -0.000000 -0.000000 11.318475 -1.859692 -0.216217 0.000000 0.000000 0.000000 1.000000 0 4.972832976e-03 4.986566957e-03
171 0.000000 -0.000000 -0.000000 11.318475 -1.859692 -0.216217 0.000000 0.000000 0.000000 1.000000 0 5.200584885e-03 5.214468110e-03
171 0.000000 -0.000000 -0.000000 11.318475 -1.859692 -0.216217 0.000000 0.000000 0.000000 1.000000 0 5.052293884e-03 5.067568040e-03
171 0.000000 -0.000000 -0.000000 11.318475 -1.859692 -0.216217 0.000000 0.000000 0.000000 1.000000 0 5.026888102e-03 5.041703815e-03
171 0.000000 -0.000000 -0.000000 11.318475 -1.859692 -0.216217 0.000000 0.000000 0.000000 1.000000 0 5.097404122e-03 5.110624945e-03
171 0.000000 -0.000000 -0.000000 11.318475 -1.859692 -0.216217 0.000000 0.000000 0.000000 1.000000 0 5.105010932e-03 5.119798938e-03
171 0.000000 -0.000000 -0.000000 11.318475 -1.859692 -0.216217 0.000000 0.000000 0.000000 1.000000 0 5.032430869e-03 5.047013052e-03
171 0.000000 -0.000000 -0.000000 11.318475 -1.859692 -0.216217 0.000000 0.000000 0.000000 1.000000 0 5.107267993e-03 5.120855058e-03
171 0.000000 -0.000000 -0.000000 11.318475 -1.859692 -0.216217 0.000000 0.000000 0.000000 1.000000 0 5.065319128e-03 5.078912945e-03
171 0.000000 -0.000000 -0.000000 11.318475 -1.859692 -0.216217 0.000000 0.000000 0.000000 1.000000 0 5.009833025e-03 5.023833830e-03
171 0.000000 -0.000000 -0.000000 11.318475 -1.859692 -0.216217 0.000000 0.000000 0.000000 1.000000 0 4.975229967e-03 4.986973945e-03
171 0.000000 -0.000000 -0.000000 11.318475 -1.859692 -0.216217 0.000000 0.000000 0.000000 1.000000 0 5.074006040e-03 5.088154925e-03
171 0.000000 -0.000000 -0.000000 11.318475 -1.859692 -0.216217 0.000000 0.000000 0.000000 1.000000 0 5.061025964e-03 5.074991146e-03
171 0.000000 -0.000000 -0.000000 11.318475 -1.859692 -0.216217 0.000000 0.000000 0.000000 1.000000 0 5.095979199e-03 5.110261030e-03
171 0.000000 -0.000000 -0.000000 11.318475 -1.859692 -0.216217 0.000000 0.000000 0.000000 1.000000 0 5.095815053e-03 5.109259160e-03
171 0.000000 -0.000000 -0.000000 11.318475 -1.859692 -0.216217 0.000000 0.000000 0.000000 1.000000 0 4.953925963e-03 4.967679968e-03
171 0.000000 -0.000000 -0.000000 11.318475 -1.859692 -0.216217 0.000000 0.000000 0.000000 1.000000 0 5.000855075e-03 5.014980212e-03
171 0.000000 -0.000000 -0.000000 11.318475 -1.859692 -0.216217 0.000000 0.000000 0.000000 1.000000 0 5.134009989e-03 5.145350937e-03
172 0.000000 -0.000000 -0.000000 11.362881 -1.937676 -0.227830 0.000000 0.000000 0.000000 1.000000 0 4.976891214e-03 4.990711110e-03
172 0.000000 -0.000000 -0.000000 11.362881 -1.937676 -0.227830 0.000000 0.000000 0.000000 1.000000 0 5.123747978e-03 5.137288012e-03
172 0.000000 -0.000000 -0.000000 11.362881 -1.937676 -0.227830 0.000000 0.000000 0.000000 1.000000 0 4.999994999e-03 5.014856812e-03
172 0.000000 -0.000000 -0.000000 11.362881 -1.937676 -0.227830 0.000000 0.000000 0.000000 1.000000 0 5.012904061e-03 5.023920909e-03
172 0.000000 -0.000000 -0.000000 11.362881 -1.937676 -0.227830 0.000000 0.000000 0.000000 1.000000 0 5.095272092e-03 5.109125981e-03
172 0.000000 -0.000000 -0.000000 11.362881 -1.937676 -0.227830 0.000000 0.000000 0.000000 1.000000 0 5.151726073e-03 5.163099151e-03
172 0.000000 -0.000000 -0.000000 11.362881 -1.937676 -0.227830 0.000000 0.000000 0.000000 1.000000 0 5.060408032e-03 5.074598826e-03
172 0.000000 -0.000000 -0.000000 11.362881 -1.937676 -0.227830 0.000000 0.000000 0.000000 1.000000 0 5.107847974e-03 5.119748879e-03
172 0.000000 -0.000000 -0.000000 11.362881 -1.937676 -0.227830 0.000000 0.000000 0.000000 1.000000 0 5.044545047e-03 5.058541195e-03
172 0.000000 -0.000000 -0.000000 11.362881 -1.937676 -0.227830 0.000000 0.000000 0.000000 1.000000 0 5.046331091e-03 5.060961004e-03
172 0.000000 -0.000000 -0.000000 11.362881 -1.937676 -0.227830 0.000000 0.000000 0.000000 1.000000 0 5.091289058e-03 5.108352983e-03
172 0.000000 -0.000000 -0.000000 11.362881 -1.937676 -0.227830 0.000000 0.000000 0.000000 1.000000 0 5.148089025e-03 5.161938956e-03
172 0.000000 -0.000000 -0.000000 11.362881 -1.937676 -0.227830 0.000000 0.000000 0.000000 1.000000 0 4.980918020e-03 4.993743962e-03
172 0.000000 -0.000000 -0.000000 11.362881 -1.937676 -0.227830 0.000000 0.000000 0.000000 1.000000 0 5.173502024e-03 5.189683056e-03
172 0.000000 -0.000000 -0.000000 11.362881 -1.937676 -0.227830 0.000000 0.000000 0.000000 1.000000 0 4.991288064e-03 5.003202008e-03
172 0.000000 -0.000000 -0.000000 11.362881 -1.937676 -0.227830 0.000000 0.000000 0.000000 1.000000 0 5.092779873e-03 5.106569966e-03
172 0.000000 -0.000000 -0.000000 11.362881 -1.937676 -0.227830 0.000000 0.000000 0.000000 1.000000 0 5.058479030e-03 5.072506843e-03
172 0.000000 -0.000000 -0.000000 11.362881 -1.937676 -0.227830 0.000000 0.000000 0.000000 1.000000 0 4.990827991e-03 5.005013896e-03
172 0.000000 -0.000000 -0.000000 11.362881 -1.937676 -0.227830 0.000000 0.000000 0.000000 1.000000 0 5.027442006e-03 5.042147124e-03
172 0.000000 -0.000000 -0.000000 11.362881 -1.937676 -0.227830 0.000000 0.000000 0.000000 1.000000 0 4.972332157e-03 4.986701068e-03
173 0.000000 -0.000000 -0.000000 11.426393 -1.880911 -0.217635 0.000000 0.000000 0.000000 1.000000 0 4.848290933e-03 4.862271016e-03
173 0.000000 -0.000000 -0.000000 11.426393 -1.880911 -0.217635 0.000000 0.000000 0.000000 1.000000 0 5.060753087e-03 5.074901041e-03
173 0.000000 -0.000000 -0.000000 11.426393 -1.880911 -0.217635 0.000000 0.000000 0.000000 1.000000 0 5.027151899e-03 5.040646996e-03
173 0.000000 -0.000000 -0.000000 11.426393 -1.880911 -0.217635 0.000000 0.000000 0.000000 1.000000 0 5.046379985e-03 5.059537943e-03
173 0.000000 -0.000000 -0.000000 11.426393 -1.880911 -0.217635 0.000000 0.000000 0.000000 1.000000 0 4.937435966e-03 4.951201845e-03
173 0.000000 -0.000000 -0.000000 11.426393 -1.880911 -0.217635 0.000000 0.000000 0.000000 1.000000 0 5.047019105e-03 5.058403127e-03
173 0.000000 -0.000000 -0.000000 11.426393 -1.880911 -0.217635 0.000000 0.000000 0.000000 1.000000 0 5.186647875e-03 5.201305030e-03
173 0.000000 -0.000000 -0.000000 11.426393 -1.880911 -0.217635 0.000000 0.000000 0.000000 1.000000 0 5.041859811e-03 5.056037102e-03
173 0.000000 -0.000000 -0.000000 11.426393 -1.880911 -0.217635 0.000000 0.000000 0.000000 1.000000 0 5.110103171e-03 5.126422970e-03
173 0.000000 -0.000000 -0.000000 11.426393 -1.880911 -0.217635 0.000000 0.000000 0.000000 1.000000 0 5.042118020e-03 5.056516035e-03
173 0.000000 -0.000000 -0.000000 11.426393 -1.880911 -0.217635 0.000000 0.000000 0.000000 1.000000 0 4.992845934e-03 5.005841842e-03
173 0.000000 -0.000000 -0.000000 11.426393 -1.880911 -0.217635 0.000000 0.000000 0.000000 1.000000 0 4.974346142e-03 4.989542998e-03
173 0.000000 -0.000000 -0.000000 11.426393 -1.880911 -0.217635 0.000000 0.000000 0.000000 1.000000 0 5.092578940e-03 5.103660980e-03
173 0.000000 -0.000000 -0.000000 11.426393 -1.880911 -0.217635 0.000000 0.000000 0.000000 1.000000 0 5.173153011e-03 5.186755909e-03
173 0.000000 -0.000000 -0.000000 11.426393 -1.880911 -0.217635 0.000000 0.000000 0.000000 1.000000 0 5.075150868e-03 5.089045968e-03
173 0.000000 -0.000000 -0.000000 11.426393 -1.880911 -0.217635 0.000000 0.000000 0.000000 1.000000 0 5.114312982e-03 5.128106102e-03
173 0.000000 -0.000000 -0.000000 11.426393 -1.880911 -0.217635 0.000000 0.000000 0.000000 1.000000 0 5.099226022e-03 5.110350903e-03
173 0.000000 -0.000000 -0.000000 11.426393 -1.880911 -0.217635 0.000000 0.000000 0.000000 1.000000 0 5.159680964e-03 5.173505982e-03
173 0.000000 -0.000000 -0.000000 11.426393 -1.880911 -0.217635 0.000000 0.000000 0.000000 1.000000 0 5.169108044e-03 5.181064131e-03
173 0.000000 -0.000000 -0.000000 11.426393 -1.880911 -0.217635 0.000000 0.000000 0.000000 1.000000 0 5.173996091e-03 5.192189943e-03
174 0.000000 -0.000000 -0.000000 11.465670 -1.958938 -0.231487 0.000000 0.000000 0.000000 1.000000 0 4.850436002e-03 4.863966955e-03
174 0.000000 -0.000000 -0.000000 11.465670 -1.958938 -0.231487 0.000000 0.000000 0.000000 1.000000 0 5.022921134e-03 5.036641844e-03
174 0.000000 -0.000000 -0.000000 11.465670 -1.958938 -0.231487 0.000000 0.000000 0.000000 1.000000 0 5.058566108e-03 5.072711967e-03
174 0.000000 -0.000000 -0.000000 11.465670 -1.958938 -0.231487 0.000000 0.000000 0.000000 1.000000 0 5.083107855e-03 5.097537069e-03
174 0.000000 -0.000000 -0.000000 11.465670 -1.958938 -0.231487 0.000000 0.000000 0.000000 1.000000 0 5.078588147e-03 5.092220148e-03
174 0.000000 -0.000000 -0.000000 11.465670 -1.958938 -0.231487 0.000000 0.000000 0.000000 1.000000 0 5.029149819e-03 5.043836078e-03
174 0.000000 -0.000000 -0.000000 11.465670 -1.958938 -0.231487 0.000000 0.000000 0.000000 1.000000 0 5.056313006e-03 5.070037907e-03
174 0.000000 -0.000000 -0.000000 11.465670 -1.958938 -0.231487 0.000000 0.000000 0.000000 1.000000 0 5.143928109e-03 5.157065112e-03
174 0.000000 -0.000000 -0.000000 11.465670 -1.958938 -0.231487 0.000000 0.000000 0.000000 1.000000 0 5.123141920e-03 5.144808907e-03
174 0.000000 -0.000000 -0.000000 11.465670 -1.958938 -0.231487 0.000000 0.000000 0.000000 1.000000 0 5.057472037e-03 5.071527092e-03
174 0.000000 -0.000000 -0.000000 11.465670 -1.958938 -0.231487 0.000000 0.000000 0.000000 1.000000 0 4.938889993e-03 4.952871008e-03
174 0.000000 -0.000000 -0.000000 11.465670 -1.958938 -0.231487 0.000000 0.000000 0.000000 1.000000 0 5.250749877e-03 5.266537191e-03
174 0.000000 -0.000000 -0.000000 11.465670 -1.958938 -0.231487 0.000000 0.000000 0.000000 1.000000 0 5.048210965e-03 5.061934004e-03
174 0.000000 -0.000000 -0.000000 11.465670 -1.958938 -0.231487 0.000000 0.000000 0.000000 1.000000 0 5.042551085e-03 5.057425005e-03
174 0.000000 -0.000000 -0.000000 11.465670 -1.958938 -0.231487 0.000000 0.000000 0.000000 1.000000 0 5.065193865e-03 5.079292925e-03
174 0.000000 -0.000000 -0.000000 11.465670 -1.958938 -0.231487 0.000000 0.000000 0.000000 1.000000 0 5.102548050e-03 5.113824969e-03
174 0.000000 -0.000000 -0.000000 11.465670 -1.958938 -0.231487 0.000000 0.000000 0.000000 1.000000 0 5.117943045e-03 5.131497979e-03
174 0.000000 -0.000000 -0.000000 11.465670 -1.958938 -0.231487 0.000000 0.000000 0.000000 1.000000 0 5.076600006e-03 5.090794060e-03
174 0.000000 -0.000000 -0.000000 11.465670 -1.958938 -0.231487 0.000000 0.000000 0.000000 1.000000 0 4.948723130e-03 4.959471058e-03
174 0.000000 -0.000000 -0.000000 11.465670 -1.958938 -0.231487 0.000000 0.000000 0.000000 1.000000 0 4.889061907e-03 4.903527908e-03
175 0.000000 -0.000000 -0.000000 11.524289 -1.901554 -0.223278 0.000000 0.000000 0.000000 1.000000 0 4.842126975e-03 4.856384126e-03
175 0.000000 -0.000000 -0.000000 11.524289 -1.901554 -0.223278 0.000000 0.000000 0.000000 1.000000 0 5.174516933e-03 5.188491894e-03
175 0.000000 -0.000000 -0.000000 11.524289 -1.901554 -0.223278 0.000000 0.000000 0.000000 1.000000 0 5.022370955e-03 5.036272109e-03
175 0.000000 -0.000000 -0.000000 11.524289 -1.901554 -0.223278 0.000000 0.000000 0.000000 1.000000 0 5.434934981e-03 5.451106001e-03
175 0.000000 -0.000000 -0.000000 11.524289 -1.901554 -0.223278 0.000000 0.000000 0.000000 1.000000 0 4.956457065e-03 4.970331211e-03
175 0.000000 -0.000000 -0.000000 11.524289 -1.901554 -0.223278 0.000000 0.000000 0.000000 1.000000 0 5.029337946e-03 5.044675898e-03
175 0.000000 -0.000000 -0.000000 11.524289 -1.901554 -0.223278 0.000000 0.000000 0.000000 1.000000 0 4.990017973e-03 5.003692117e-03
175 0.000000 -0.000000 -0.000000 11.524289 -1.901554 -0.223278 0.000000 0.000000 0.000000 1.000000 0 5.127741024e-03 5.141471047e-03
175 0.000000 -0.000000 -0.000000 11.524289 -1.901554 -0.223278 0.000000 0.000000 0.000000 1.000000 0 5.132462829e-03 5.145517178e-03
175 0.000000 -0.000000 -0.000000 11.524289 -1.901554 -0.223278 0.000000 0.000000 0.000000 1.000000 0 5.212265998e-03 5.227299174e-03
175 0.000000 -0.000000 -0.000000 11.524289 -1.901554 -0.223278 0.000000 0.000000 0.000000 1.000000 0 5.035455804e-03 5.051881075e-03
175 0.000000 -0.000000 -0.000000 11.524289 -1.901554 -0.223278 0.000000 0.000000 0.000000 1.000000 0 5.128486082e-03 5.146225914e-03
175 0.000000 -0.000000 -0.000000 11.524289 -1.901554 -0.223278 0.000000 0.000000 0.000000 1.000000 0 5.122068105e-03 5.135748070e-03
175 0.000000 -0.000000 -0.000000 11.524289 -1.901554 -0.223278 0.000000 0.000000 0.000000 1.000000 0 5.158244167e-03 5.171435885e-03
175 0.000000 -0.000000 -0.000000 11.524289 -1.901554 -0.223278 0.000000 0.000000 0.000000 1.000000 0 5.126927048e-03 5.140586989e-03
175 0.000000 -0.000000 -0.000000 11.524289 -1.901554 -0.223278 0.000000 0.000000 0.000000 1.000000 0 5.076053087e-03 5.087152123e-03
175 0.000000 -0.000000 -0.000000 11.524289 -1.901554 -0.223278 0.000000 0.000000 0.000000 1.000000 0 5.145979812e-03 5.159592023e-03
175 0.000000 -0.000000 -0.000000 11.524289 -1.901554 -0.223278 0.000000 0.000000 0.000000 1.000000 0 5.095684901e-03 5.108532961e-03
175 0.000000 -0.000000 -0.000000 11.524289 -1.901554 -0.223278 0.000000 0.000000 0.000000 1.000000 0 5.143621936e-03 5.156735191e-03
175 0.000000 -0.000000 -0.000000 11.524289 -1.901554 -0.223278 0.000000 0.000000 0.000000 1.000000 0 4.972966854e-03 4.984905012e-03
176 0.000000 -0.000000 -0.000000 11.559030 -1.979706 -0.238793 0.000000 0.000000 0.000000 1.000000 0 5.158481887e-03 5.172980018e-03
176 0.000000 -0.000000 -0.000000 11.559030 -1.979706 -0.238793 0.000000 0.000000 0.000000 1.000000 0 4.979874007e-03 4.990776069e-03
176 0.000000 -0.000000 -0.000000 11.559030 -1.979706 -0.238793 0.000000 0.000000 0.000000 1.000000 0 5.050148116e-03 5.067457911e-03
176 0.000000 -0.000000 -0.000000 11.559030 -1.979706 -0.238793 0.000000 0.000000 0.000000 1.000000 0 5.010111025e-03 5.022180965e-03
176 0.000000 -0.000000 -0.000000 11.559030 -1.979706 -0.238793 0.000000 0.000000 0.000000 1.000000 0 5.104075186e-03 5.114896921e-03
176 0.000000 -0.000000 -0.000000 11.559030 -1.979706 -0.238793 0.000000 0.000000 0.000000 1.000000 0 5.097124027e-03 5.111258943e-03
176 0.000000 -0.000000 -0.000000 11.559030 -1.979706 -0.238793 0.000000 0.000000 0.000000 1.000000 0 5.109073129e-03 5.122747971e-03
176 0.000000 -0.000000 -0.000000 11.559030 -1.979706 -0.238793 0.000000 0.000000 0.000000 1.000000 0 4.997546086e-03 5.012572976e-03
176 0.000000 -0.000000 -0.000000 11.559030 -1.979706 -0.238793 0.000000 0.000000 0.000000 1.000000 0 5.118256900e-03 5.132044898e-03
176 0.000000 -0.000000 -0.000000 11.559030 -1.979706 -0.238793 0.000000 0.000000 0.000000 1.000000 0 5.180930020e-03 5.197403021e-03
176 0.000000 -0.000000 -0.000000 11.559030 -1.979706 -0.238793 0.000000 0.000000 0.000000 1.000000 0 5.058869021e-03 5.074218148e-03
176 0.000000 -0.000000 -0.000000 11.559030 -1.979706 -0.238793 0.000000 0.000000 0.000000 1.000000 0 5.107174860e-03 5.121654132e-03
176 0.000000 -0.000000 -0.000000 11.559030 -1.979706 -0.238793 0.000000 0.000000 0.000000 1.000000 0 5.030962871e-03 5.046201171e-03
176 0.000000 -0.000000 -0.000000 11.559030 -1.979706 -0.238793 0.000000 0.000000 0.000000 1.000000 0 5.040199030e-03 5.053485045e-03
176 0.000000 -0.000000 -0.000000 11.559030 -1.979706 -0.238793 0.000000 0.000000 0.000000 1.000000 0 5.072906846e-03 5.088744918e-03
176 0.000000 -0.000000 -0.000000 11.559030 -1.979706 -0.238793 0.000000 0.000000 0.000000 1.000000 0 5.229996983e-03 5.243369844e-03
176 0.000000 -0.000000 -0.000000 11.559030 -1.979706 -0.238793 0.000000 0.000000 0.000000 1.000000 0 5.144436145e-03 5.158731015e-03
176 0.000000 -0.000000 -0.000000 11.559030 -1.979706 -0.238793 0.000000 0.000000 0.000000 1.000000 0 5.215799902e-03 5.229461007e-03
176 0.000000 -0.000000 -0.000000 11.559030 -1.979706 -0.238793 0.000000 0.000000 0.000000 1.000000 0 5.060361000e-03 5.074699875e-03
176 0.000000 -0.000000 -0.000000 11.559030 -1.979706 -0.238793 0.000000 0.000000 0.000000 1.000000 0 4.999285098e-03 5.015520845e-03
177 0.000000 -0.000000 -0.000000 11.613403 -1.921086 -0.231944 0.000000 0.000000 0.000000 1.000000 0 5.160856061e-03 5.174465012e-03
177 0.000000 -0.000000 -0.000000 11.613403 -1.921086 -0.231944 0.000000 0.000000 0.000000 1.000000 0 5.160704022e-03 5.174481077e-03
177 0.000000 -0.000000 -0.000000 11.613403 -1.921086 -0.231944 0.000000 0.000000 0.000000 1.000000 0 4.987691995e-03 4.999032011e-03
177 0.000000 -0.000000 -0.000000 11.613403 -1.921086 -0.231944 0.000000 0.000000 0.000000 1.000000 0 5.082918098e-03 5.096601788e-03
177 0.000000 -0.000000 -0.000000 11.613403 -1.921086 -0.231944 0.000000 0.000000 0.000000 1.000000 0 4.932317883e-03 4.946123809e-03
177 0.000000 -0.000000 -0.000000 11.613403 -1.921086 -0.231944 0.000000 0.000000 0.000000 1.000000 0 4.959905986e-03 4.973324016e-03
177 0.000000 -0.000000 -0.000000 11.613403 -1.921086 -0.231944 0.000000 0.000000 0.000000 1.000000 0 5.111486185e-03 5.127002019e-03
177 0.000000 -0.000000 -0.000000 11.613403 -1.921086 -0.231944 0.000000 0.000000 0.000000 1.000000 0 4.994211020e-03 5.013474030e-03
177 0.000000 -0.000000 -0.000000 11.613403 -1.921086 -0.231944 0.000000 0.000000 0.000000 1.000000 0 5.115303909e-03 5.130290985e-03
177 0.000000 -0.000000 -0.000000 11.613403 -1.921086 -0.231944 0.000000 0.000000 0.000000 1.000000 0 5.397381028e-03 5.421001231e-03
177 0.000000 -0.000000 -0.000000 11.613403 -1.921086 -0.231944 0.000000 0.000000 0.000000 1.000000 0 5.034778034e-03 5.045408849e-03
177 0.000000 -0.000000 -0.000000 11.613403 -1.921086 -0.231944 0.000000 0.000000 0.000000 1.000000 0 5.166559946e-03 5.180101842e-03
177 0.000000 -0.000000 -0.000000 11.613403 -1.921086 -0.231944 0.000000 0.000000 0.000000 1.000000 0 5.130397156e-03 5.144446157e-03
177 0.000000 -0.000000 -0.000000 11.613403 -1.921086 -0.231944 0.000000 0.000000 0.000000 1.000000 0 5.102456082e-03 5.117394961e-03
177 0.000000 -0.000000 -0.000000 11.613403 -1.921086 -0.231944 0.000000 0.000000 0.000000 1.000000 0 5.121672060e-03 5.135359010e-03
177 0.000000 -0.000000 -0.000000 11.613403 -1.921086 -0.231944 0.000000 0.000000 0.000000 1.000000 0 5.122479051e-03 5.136531079e-03
177 0.000000 -0.000000 -0.000000 11.613403 -1.921086 -0.231944 0.000000 0.000000 0.000000 1.000000 0 5.163650028e-03 5.184015958e-03
177 0.000000 -0.000000 -0.000000 11.613403 -1.921086 -0.231944 0.000000 0.000000 0.000000 1.000000 0 5.015613977e-03 5.029100925e-03
177 0.000000 -0.000000 -0.000000 11.613403 -1.921086 -0.231944 0.000000 0.000000 0.000000 1.000000 0 5.028655985e-03 5.041953176e-03
177 0.000000 -0.000000 -0.000000 11.613403 -1.921086 -0.231944 0.000000 0.000000 0.000000 1.000000 0 5.060459953e-03 5.074111046e-03
178 0.000000 -0.000000 -0.000000 11.643180 -1.999503 -0.248599 0.000000 0.000000 0.000000 1.000000 0 5.183998961e-03 5.197883816e-03
178 0.000000 -0.000000 -0.000000 11.643180 -1.999503 -0.248599 0.000000 0.000000 0.000000 1.000000 0 5.075351102e-03 5.089504179e-03
178 0.000000 -0.000000 -0.000000 11.643180 -1.999503 -0.248599 0.000000 0.000000 0.000000 1.000000 0 5.047396990e-03 5.058541894e-03
178 0.000000 -0.000000 -0.000000 11.643180 -1.999503 -0.248599 0.000000 0.000000 0.000000 1.000000 0 5.104516866e-03 5.117747001e-03
178 0.000000 -0.000000 -0.000000 11.643180 -1.999503 -0.248599 0.000000 0.000000 0.000000 1.000000 0 4.988703178e-03 5.000688834e-03
178 0.000000 -0.000000 -0.000000 11.643180 -1.999503 -0.248599 0.000000 0.000000 0.000000 1.000000 0 5.036478862e-03 5.050528096e-03
178 0.000000 -0.000000 -0.000000 11.643180 -1.999503 -0.248599 0.000000 0.000000 0.000000 1.000000 0 5.054261070e-03 5.068765022e-03
178 0.000000 -0.000000 -0.000000 11.643180 -1.999503 -0.248599 0.000000 0.000000 0.000000 1.000000 0 5.055258051e-03 5.069805076e-03
178 0.000000 -0.000000 -0.000000 11.643180 -1.999503 -0.248599 0.000000 0.000000 0.000000 1.000000 0 5.058980081e-03 5.072589964e-03
178 0.000000 -0.000000 -0.000000 11.643180 -1.999503 -0.248599 0.000000 0.000000 0.000000 1.000000 0 5.083813099e-03 5.097639980e-03
178 0.000000 -0.000000 -0.000000 11.643180 -1.999503 -0.248599 0.000000 0.000000 0.000000 1.000000 0 5.092134001e-03 5.105627002e-03
178 0.000000 -0.000000 -0.000000 11.643180 -1.999503 -0.248599 0.000000 0.000000 0.000000 1.000000 0 5.058662035e-03 5.072552012e-03
178 0.000000 -0.000000 -0.000000 11.643180 -1.999503 -0.248599 0.000000 0.000000 0.000000 1.000000 0 5.071799038e-03 5.085408222e-03
178 0.000000 -0.000000 -0.000000 11.643180 -1.999503 -0.248599 0.000000 0.000000 0.000000 1.000000 0 5.075260065e-03 5.094788969e-03
178 0.000000 -0.000000 -0.000000 11.643180 -1.999503 -0.248599 0.000000 0.000000 0.000000 1.000000 0 5.125874886e-03 5.140200024e-03
178 0.000000 -0.000000 -0.000000 11.643180 -1.999503 -0.248599 0.000000 0.000000 0.000000 1.000000 0 5.162122892e-03 5.176957930e-03
178 0.000000 -0.000000 -0.000000 11.643180 -1.999503 -0.248599 0.000000 0.000000 0.000000 1.000000 0 5.088024074e-03 5.102373892e-03
178 0.000000 -0.000000 -0.000000 11.643180 -1.999503 -0.248599 0.000000 0.000000 0.000000 1.000000 0 5.028696964e-03 5.042667966e-03
178 0.000000 -0.000000 -0.000000 11.643180 -1.999503 -0.248599 0.000000 0.000000 0.000000 1.000000 0 4.972447176e-03 4.987885011e-03
178 0.000000 -0.000000 -0.000000 11.643180 -1.999503 -0.248599 0.000000 0.000000 0.000000 1.000000 0 4.885793896e-03 4.901272012e-03
179 0.000000 -0.000000 -0.000000 11.692864 -1.940502 -0.242696 0.000000 0.000000 0.000000 1.000000 0 5.143183982e-03 5.157185020e-03
179 0.000000 -0.000000 -0.000000 11.692864 -1.940502 -0.242696 0.000000 0.000000 0.000000 1.000000 0 5.035950104e-03 5.049605854e-03
179 0.000000 -0.000000 -0.000000 11.692864 -1.940502 -0.242696 0.000000 0.000000 0.000000 1.000000 0 4.967510002e-03 4.982016981e-03
179 0.000000 -0.000000 -0.000000 11.692864 -1.940502 -0.242696 0.000000 0.000000 0.000000 1.000000 0 5.136751104e-03 5.151191959e-03
179 0.000000 -0.000000 -0.000000 11.692864 -1.940502 -0.242696 0.000000 0.000000 0.000000 1.000000 0 4.985823063e-03 4.999553785e-03
179 0.000000 -0.000000 -0.000000 11.692864 -1.940502 -0.242696 0.000000 0.000000 0.000000 1.000000 0 4.955866141e-03 4.970022943e-03
179 0.000000 -0.000000 -0.000000 11.692864 -1.940502 -0.242696 0.000000 0.000000 0.000000 1.000000 0 5.170434015e-03 5.186826922e-03
179 0.000000 -0.000000 -0.000000 11.692864 -1.940502 -0.242696 0.000000 0.000000 0.000000 1.000000 0 5.097704008e-03 5.112842890e-03
179 0.000000 -0.000000 -0.000000 11.692864 -1.940502 -0.242696 0.000000 0.000000 0.000000 1.000000 0 5.071758060e-03 5.085796118e-03
179 0.000000 -0.000000 -0.000000 11.692864 -1.940502 -0.242696 0.000000 0.000000 0.000000 1.000000 0 5.041782977e-03 5.053475033e-03
179 0.000000 -0.000000 -0.000000 11.692864 -1.940502 -0.242696 0.000000 0.000000 0.000000 1.000000 0 5.051863845e-03 5.064430879e-03
179 0.000000 -0.000000 -0.000000 11.692864 -1.940502 -0.242696 0.000000 0.000000 0.000000 1.000000 0 4.900195869e-03 4.913704004e-03
179 0.000000 -0.000000 -0.000000 11.692864 -1.940502 -0.242696 0.000000 0.000000 0.000000 1.000000 0 5.055523012e-03 5.069417879e-03
179 0.000000 -0.000000 -0.000000 11.692864 -1.940502 -0.242696 0.000000 0.000000 0.000000 1.000000 0 5.106189987e-03 5.120625952e-03
179 0.000000 -0.000000 -0.000000 11.692864 -1.940502 -0.242696 0.000000 0.000000 0.000000 1.000000 0 5.070560146e-03 5.084960954e-03
179 0.000000 -0.000000 -0.000000 11.692864 -1.940502 -0.242696 0.000000 0.000000 0.000000 1.000000 0 5.006979918e-03 5.021102959e-03
179 0.000000 -0.000000 -0.000000 11.692864 -1.940502 -0.242696 0.000000 0.000000 0.000000 1.000000 0 4.988685017e-03 5.002609920e-03
179 0.000000 -0.000000 -0.000000 11.692864 -1.940502 -0.242696 0.000000 0.000000 0.000000 1.000000 0 5.119889975e-03 5.135282176e-03
179 0.000000 -0.000000 -0.000000 11.692864 -1.940502 -0.242696 0.000000 0.000000 0.000000 1.000000 0 5.108418176e-03 5.119303009e-03
179 0.000000 -0.000000 -0.000000 11.692864 -1.940502 -0.242696 0.000000 0.000000 0.000000 1.000000 0 5.027135834e-03 5.040753167e-03
180 0.000000 -0.000000 -0.000000 11.718280 -2.018983 -0.260063 0.000000 0.000000 0.000000 1.000000 0 5.314400885e-03 5.328256870e-03
180 0.000000 -0.000000 -0.000000 11.718280 -2.018983 -0.260063 0.000000 0.000000 0.000000 1.000000 0 5.044682883e-03 5.058554001e-03
180 0.000000 -0.000000 -0.000000 11.718280 -2.018983 -0.260063 0.000000 0.000000 0.000000 1.000000 0 5.113708088e-03 5.127334036e-03
180 0.000000 -0.000000 -0.000000 11.718280 -2.018983 -0.260063 0.000000 0.000000 0.000000 1.000000 0 5.113749998e-03 5.129260942e-03
180 0.000000 -0.000000 -0.000000 11.718280 -2.018983 -0.260063 0.000000 0.000000 0.000000 1.000000 0 5.100058159e-03 5.113573978e-03
180 0.000000 -0.000000 -0.000000 11.718280 -2.018983 -0.260063 0.000000 0.000000 0.000000 1.000000 0 5.060516996e-03 5.077888956e-03
180 0.000000 -0.000000 -0.000000 11.718280 -2.018983 -0.260063 0.000000 0.000000 0.000000 1.000000 0 5.101384828e-03 5.115474109e-03
180 0.000000 -0.000000 -0.000000 11.718280 -2.018983 -0.260063 0.000000 0.000000 0.000000 1.000000 0 5.019187927e-03 5.043004872e-03
180 0.000000 -0.000000 -0.000000 11.718280 -2.018983 -0.260063 0.000000 0.000000 0.000000 1.000000 0 5.068928003e-03 5.082810065e-03
180 0.000000 -0.000000 -0.000000 11.718280 -2.018983 -0.260063 0.000000 0.000000 0.000000 1.000000 0 4.988931119e-03 5.001239013e-03
180 0.000000 -0.000000 -0.000000 11.718280 -2.018983 -0.260063 0.000000 0.000000 0.000000 1.000000 0 4.956960911e-03 4.971554969e-03
180 0.000000 -0.000000 -0.000000 11.718280 -2.018983 -0.260063 0.000000 0.000000 0.000000 1.000000 0 4.996723961e-03 5.010321969e-03
180 0.000000 -0.000000 -0.000000 11.718280 -2.018983 -0.260063 0.000000 0.000000 0.000000 1.000000 0 5.156425992e-03 5.169495009e-03
180 0.000000 -0.000000 -0.000000 11.718280 -2.018983 -0.260063 0.000000 0.000000 0.000000 1.000000 0 5.064611789e-03 5.078418879e-03
180 0.000000 -0.000000 -0.000000 11.718280 -2.018983 -0.260063 0.000000 0.000000 0.000000 1.000000 0 5.009636050e-03 5.023420090e-03
180 0.000000 -0.000000 -0.000000 11.718280 -2.018983 -0.260063 0.000000 0.000000 0.000000 1.000000 0 5.176117877e-03 5.189324031e-03
180 0.000000 -0.000000 -0.000000 11.718280 -2.018983 -0.260063 0.000000 0.000000 0.000000 1.000000 0 5.037315190e-03 5.051183980e-03
180 0.000000 -0.000000 -0.000000 11.718280 -2.018983 -0.260063 0.000000 0.000000 0.000000 1.000000 0 4.970959155e-03 4.982375074e-03
180 0.000000 -0.000000 -0.000000 11.718280 -2.018983 -0.260063 0.000000 0.000000 0.000000 1.000000 0 4.988073139e-03 5.001892103e-03
180 0.000000 -0.000000 -0.000000 11.718280 -2.018983 -0.260063 0.000000 0.000000 0.000000 1.000000 0 5.030244123e-03 5.043570185e-03
181 0.000000 -0.000000 -0.000000 11.763906 -1.958856 -0.254632 0.000000 0.000000 0.000000 1.000000 0 5.137936911e-03 5.151793128e-03
181 0.000000 -0.000000 -0.000000 11.763906 -1.958856 -0.254632 0.000000 0.000000 0.000000 1.000000 0 5.045750877e-03 5.059743999e-03
181 0.000000 -0.000000 -0.000000 11.763906 -1.958856 -0.254632 0.000000 0.000000 0.000000 1.000000 0 5.044196034e-03 5.057962844e-03
181 0.000000 -0.000000 -0.000000 11.763906 -1.958856 -0.254632 0.000000 0.000000 0.000000 1.000000 0 5.070733139e-03 5.084114848e-03
181 0.000000 -0.000000 -0.000000 11.763906 -1.958856 -0.254632 0.000000 0.000000 0.000000 1.000000 0 4.996635020e-03 5.010113120e-03
181 0.000000 -0.000000 -0.000000 11.763906 -1.958856 -0.254632 0.000000 0.000000 0.000000 1.000000 0 5.030809902e-03 5.042720819e-03
181 0.000000 -0.000000 -0.000000 11.763906 -1.958856 -0.254632 0.000000 0.000000 0.000000 1.000000 0 4.894289887e-03 4.909405019e-03
181 0.000000 -0.000000 -0.000000 11.763906 -1.958856 -0.254632 0.000000 0.000000 0.000000 1.000000 0 5.019792123e-03 5.033525871e-03
181 0.000000 -0.000000 -0.000000 11.763906 -1.958856 -0.254632 0.000000 0.000000 0.000000 1.000000 0 5.060018040e-03 5.074134097e-03
181 0.000000 -0.000000 -0.000000 11.763906 -1.958856 -0.254632 0.000000 0.000000 0.000000 1.000000 0 5.113307852e-03 5.129683064e-03
181 0.000000 -0.000000 -0.000000 11.763906 -1.958856 -0.254632 0.000000 0.000000 0.000000 1.000000 0 5.018402124e-03 5.032429006e-03
181 0.000000 -0.000000 -0.000000 11.763906 -1.958856 -0.254632 0.000000 0.000000 0.000000 1.000000 0 4.972397117e-03 4.986068001e-03
181 0.000000 -0.000000 -0.000000 11.763906 -1.958856 -0.254632 0.000000 0.000000 0.000000 1.000000 0 5.182959139e-03 5.197352031e-03
181 0.000000 -0.000000 -0.000000 11.763906 -1.958856 -0.254632 0.000000 0.000000 0.000000 1.000000 0 4.987806082e-03 5.001249956e-03
181 0.000000 -0.000000 -0.000000 11.763906 -1.958856 -0.254632 0.000000 0.000000 0.000000 1.000000 0 5.155577092e-03 5.171546945e-03
181 0.000000 -0.000000 -0.000000 11.763906 -1.958856 -0.254632 0.000000 0.000000 0.000000 1.000000 0 5.016808165e-03 5.029818974e-03
181 0.000000 -0.000000 -0.000000 11.763906 -1.958856 -0.254632 0.000000 0.000000 0.000000 1.000000 0 4.989631008e-03 5.003995961e-03
181 0.000000 -0.000000 -0.000000 11.763906 -1.958856 -0.254632 0.000000 0.000000 0.000000 1.000000 0 5.163977155e-03 5.178298103e-03
181 0.000000 -0.000000 -0.000000 11.763906 -1.958856 -0.254632 0.000000 0.000000 0.000000 1.000000 0 5.117875058e-03 5.134223960e-03
181 0.000000 -0.000000 -0.000000 11.763906 -1.958856 -0.254632 0.000000 0.000000 0.000000 1.000000 0 5.081746029e-03 5.095405038e-03
181 0.000000 -0.000000 -0.000000 11.763906 -1.958856 -0.254632 0.000000 0.000000 0.000000 1.000000 0 5.233146017e-03 5.251892144e-03
182 0.000000 -0.000000 -0.000000 11.784842 -2.037564 -0.272332 0.000000 0.000000 0.000000 1.000000 0 5.058247130e-03 5.071209976e-03
182 0.000000 -0.000000 -0.000000 11.784842 -2.037564 -0.272332 0.000000 0.000000 0.000000 1.000000 0 5.078318994e-03 5.092369858e-03
182 0.000000 -0.000000 -0.000000 11.784842 -2.037564 -0.272332 0.000000 0.000000 0.000000 1.000000 0 5.082377931e-03 5.096229026e-03
182 0.000000 -0.000000 -0.000000 11.784842 -2.037564 -0.272332 0.000000 0.000000 0.000000 1.000000 0 5.086952820e-03 5.101646064e-03
182 0.000000 -0.000000 -0.000000 11.784842 -2.037564 -0.272332 0.000000 0.000000 0.000000 1.000000 0 5.000327947e-03 5.013621878e-03
182 0.000000 -0.000000 -0.000000 11.784842 -2.037564 -0.272332 0.000000 0.000000 0.000000 1.000000 0 5.002354039e-03 5.016029114e-03
182 0.000000 -0.000000 -0.000000 11.784842 -2.037564 -0.272332 0.000000 0.000000 0.000000 1.000000 0 5.081139039e-03 5.091669969e-03
182 0.000000 -0.000000 -0.000000 11.784842 -2.037564 -0.272332 0.000000 0.000000 0.000000 1.000000 0 5.116412882e-03 5.130370148e-03
182 0.000000 -0.000000 -0.000000 11.784842 -2.037564 -0.272332 0.000000 0.000000 0.000000 1.000000 0 5.015805131e-03 5.029312801e-03
182 0.000000 -0.000000 -0.000000 11.784842 -2.037564 -0.272332 0.000000 0.000000 0.000000 1.000000 0 5.109213060e-03 5.123054842e-03
182 0.000000 -0.000000 -0.000000 11.784842 -2.037564 -0.272332 0.000000 0.000000 0.000000 1.000000 0 4.964760970e-03 4.978177138e-03
182 0.000000 -0.000000 -0.000000 11.784842 -2.037564 -0.272332 0.000000 0.000000 0.000000 1.000000 0 5.212832009e-03 5.229976960e-03
182 0.000000 -0.000000 -0.000000 11.784842 -2.037564 -0.272332 0.000000 0.000000 0.000000 1.000000 0 5.075319903e-03 5.089433165e-03
182 0.000000 -0.000000 -0.000000 11.784842 -2.037564 -0.272332 0.000000 0.000000 0.000000 1.000000 0 5.007717060e-03 5.022858968e-03
182 0.000000 -0.000000 -0.000000 11.784842 -2.037564 -0.272332 0.000000 0.000000 0.000000 1.000000 0 5.123851122e-03 5.137618165e-03
182 0.000000 -0.000000 -0.000000 11.784842 -2.037564 -0.272332 0.000000 0.000000 0.000000 1.000000 0 5.168720149e-03 5.182757974e-03
182 0.000000 -0.000000 -0.000000 11.784842 -2.037564 -0.272332 0.000000 0.000000 0.000000 1.000000 0 4.924587905e-03 4.938300932e-03
182 0.000000 -0.000000 -0.000000 11.784842 -2.037564 -0.272332 0.000000 0.000000 0.000000 1.000000 0 4.940876039e-03 4.962184932e-03
182 0.000000 -0.000000 -0.000000 11.784842 -2.037564 -0.272332 0.000000 0.000000 0.000000 1.000000 0 4.987363936e-03 5.001301179e-03
182 0.000000 -0.000000 -0.000000 11.784842 -2.037564 -0.272332 0.000000 0.000000 0.000000 1.000000 0 4.937619902e-03 4.951382987e-03
183 0.000000 -0.000000 -0.000000 11.826145 -1.976821 -0.267039 0.000000 0.000000 0.000000 1.000000 0 5.023045931e-03 5.036603892e-03
183 0.000000 -0.000000 -0.000000 11.826145 -1.976821 -0.267039 0.000000 0.000000 0.000000 1.000000 0 5.030779867e-03 5.045050988e-03
183 0.000000 -0.000000 -0.000000 11.826145 -1.976821 -0.267039 0.000000 0.000000 0.000000 1.000000 0 5.089480896e-03 5.102446070e-03
183 0.000000 -0.000000 -0.000000 11.826145 -1.976821 -0.267039 0.000000 0.000000 0.000000 1.000000 0 5.088639911e-03 5.102352006e-03
183 0.000000 -0.000000 -0.000000 11.826145 -1.976821 -0.267039 0.000000 0.000000 0.000000 1.000000 0 5.146611016e-03 5.160361063e-03
183 0.000000 -0.000000 -0.000000 11.826145 -1.976821 -0.267039 0.000000 0.000000 0.000000 1.000000 0 5.017713876e-03 5.031740991e-03
183 0.000000 -0.000000 -0.000000 11.826145 -1.976821 -0.267039 0.000000 0.000000 0.000000 1.000000 0 4.996395903e-03 5.009670043e-03
183 0.000000 -0.000000 -0.000000 11.826145 -1.976821 -0.267039 0.000000 0.000000 0.000000 1.000000 0 4.952340852e-03 4.967041779e-03
183 0.000000 -0.000000 -0.000000 11.826145 -1.976821 -0.267039 0.000000 0.000000 0.000000 1.000000 0 4.945239983e-03 4.959186073e-03
183 0.000000 -0.000000 -0.000000 11.826145 -1.976821 -0.267039 0.000000 0.000000 0.000000 1.000000 0 5.066201091e-03 5.080965115e-03
183 0.000000 -0.000000 -0.000000 11.826145 -1.976821 -0.267039 0.000000 0.000000 0.000000 1.000000 0 5.053086905e-03 5.067106104e-03
183 0.000000 -0.000000 -0.000000 11.826145 -1.976821 -0.267039 0.000000 0.000000 0.000000 1.000000 0 5.074942950e-03 5.088859005e-03
183 0.000000 -0.000000 -0.000000 11.826145 -1.976821 -0.267039 0.000000 0.000000 0.000000 1.000000 0 5.052049877e-03 5.065335194e-03
183 0.000000 -0.000000 -0.000000 11.826145 -1.976821 -0.267039 0.000000 0.000000 0.000000 1.000000 0 5.056248978e-03 5.070597865e-03
183 0.000000 -0.000000 -0.000000 11.826145 -1.976821 -0.267039 0.000000 0.000000 0.000000 1.000000 0 5.130699137e-03 5.148716038e-03
183 0.000000 -0.000000 -0.000000 11.826145 -1.976821 -0.267039 0.000000 0.000000 0.000000 1.000000 0 5.046595121e-03 5.061268806e-03
183 0.000000 -0.000000 -0.000000 11.826145 -1.976821 -0.267039 0.000000 0.000000 0.000000 1.000000 0 5.130374106e-03 5.145421950e-03
183 0.000000 -0.000000 -0.000000 11.826145 -1.976821 -0.267039 0.000000 0.000000 0.000000 1.000000 0 5.146717886e-03 5.160248838e-03
183 0.000000 -0.000000 -0.000000 11.826145 -1.976821 -0.267039 0.000000 0.000000 0.000000 1.000000 0 5.125866970e-03 5.138303153e-03
183 0.000000 -0.000000 -0.000000 11.826145 -1.976821 -0.267039 0.000000 0.000000 0.000000 1.000000 0 5.117445020e-03 5.132528022e-03
184 0.000000 -0.000000 -0.000000 11.842716 -2.055152 -0.284670 0.000000 0.000000 0.000000 1.000000 0 5.002491176e-03 5.016414216e-03
184 0.000000 -0.000000 -0.000000 11.842716 -2.055152 -0.284670 0.000000 0.000000 0.000000 1.000000 0 5.031306995e-03 5.045069149e-03
184 0.000000 -0.000000 -0.000000 11.842716 -2.055152 -0.284670 0.000000 0.000000 0.000000 1.000000 0 5.218420178e-03 5.234805169e-03
184 0.000000 -0.000000 -0.000000 11.842716 -2.055152 -0.284670 0.000000 0.000000 0.000000 1.000000 0 5.068707978e-03 5.082484102e-03
184 0.000000 -0.000000 -0.000000 11.842716 -2.055152 -0.284670 0.000000 0.000000 0.000000 1.000000 0 5.077808164e-03 5.091152154e-03
184 0.000000 -0.000000 -0.000000 11.842716 -2.055152 -0.284670 0.000000 0.000000 0.000000 1.000000 0 4.977945937e-03 4.989553010e-03
184 0.000000 -0.000000 -0.000000 11.842716 -2.055152 -0.284670 0.000000 0.000000 0.000000 1.000000 0 5.130368052e-03 5.144336028e-03
184 0.000000 -0.000000 -0.000000 11.842716 -2.055152 -0.284670 0.000000 0.000000 0.000000 1.000000 0 4.965618020e-03 4.978670040e-03
184 0.000000 -0.000000 -0.000000 11.842716 -2.055152 -0.284670 0.000000 0.000000 0.000000 1.000000 0 5.134257954e-03 5.147349089e-03
184 0.000000 -0.000000 -0.000000 11.842716 -2.055152 -0.284670 0.000000 0.000000 0.000000 1.000000 0 5.115241045e-03 5.130843958e-03
184 0.000000 -0.000000 -0.000000 11.842716 -2.055152 -0.284670 0.000000 0.000000 0.000000 1.000000 0 5.131420912e-03 5.145282019e-03
184 0.000000 -0.000000 -0.000000 11.842716 -2.055152 -0.284670 0.000000 0.000000 0.000000 1.000000 0 4.951552022e-03 4.963933956e-03
184 0.000000 -0.000000 -0.000000 11.842716 -2.055152 -0.284670 0.000000 0.000000 0.000000 1.000000 0 5.021453835e-03 5.034982925e-03
184 0.000000 -0.000000 -0.000000 11.842716 -2.055152 -0.284670 0.000000 0.000000 0.000000 1.000000 0 5.139089888e-03 5.152316997e-03
184 0.000000 -0.000000 -0.000000 11.842716 -2.055152 -0.284670 0.000000 0.000000 0.000000 1.000000 0 5.114340922e-03 5.128692137e-03
184 0.000000 -0.000000 -0.000000 11.842716 -2.055152 -0.284670 0.000000 0.000000 0.000000 1.000000 0 5.085430108e-03 5.098750116e-03
184 0.000000 -0.000000 -0.000000 11.842716 -2.055152 -0.284670 0.000000 0.000000 0.000000 1.000000 0 5.085882032e-03 5.100062815e-03
184 0.000000 -0.000000 -0.000000 11.842716 -2.055152 -0.284670 0.000000 0.000000 0.000000 1.000000 0 5.050763953e-03 5.064252065e-03
184 0.000000 -0.000000 -0.000000 11.842716 -2.055152 -0.284670 0.000000 0.000000 0.000000 1.000000 0 4.895524122e-03 4.909538198e-03
184 0.000000 -0.000000 -0.000000 11.842716 -2.055152 -0.284670 0.000000 0.000000 0.000000 1.000000 0 5.060579162e-03 5.072366213e-03
185 0.000000 -0.000000 -0.000000 11.880192 -1.993911 -0.279292 0.000000 0.000000 0.000000 1.000000 0 5.058506038e-03 5.072004162e-03
185 0.000000 -0.000000 -0.000000 11.880192 -1.993911 -0.279292 0.000000 0.000000 0.000000 1.000000 0 5.071034888e-03 5.085084122e-03
185 0.000000 -0.000000 -0.000000 11.880192 -1.993911 -0.279292 0.000000 0.000000 0.000000 1.000000 0 5.034476053e-03 5.048459861e-03
185 0.000000 -0.000000 -0.000000 11.880192 -1.993911 -0.279292 0.000000 0.000000 0.000000 1.000000 0 5.130079109e-03 5.144274095e-03
185 0.000000 -0.000000 -0.000000 11.880192 -1.993911 -0.279292 0.000000 0.000000 0.000000 1.000000 0 5.143390968e-03 5.156637868e-03
185 0.000000 -0.000000 -0.000000 11.880192 -1.993911 -0.279292 0.000000 0.000000 0.000000 1.000000 0 5.035487935e-03 5.049200961e-03
185 0.000000 -0.000000 -0.000000 11.880192 -1.993911 -0.279292 0.000000 0.000000 0.000000 1.000000 0 5.127137061e-03 5.141193047e-03
185 0.000000 -0.000000 -0.000000 11.880192 -1.993911 -0.279292 0.000000 0.000000 0.000000 1.000000 0 4.833483836e-03 4.844645970e-03
185 0.000000 -0.000000 -0.000000 11.880192 -1.993911 -0.279292 0.000000 0.000000 0.000000 1.000000 0 4.919301951e-03 4.931814037e-03
185 0.000000 -0.000000 -0.000000 11.880192 -1.993911 -0.279292 0.000000 0.000000 0.000000 1.000000 0 5.046735983e-03 5.060742842e-03
185 0.000000 -0.000000 -0.000000 11.880192 -1.993911 -0.279292 0.000000 0.000000 0.000000 1.000000 0 5.036768969e-03 5.050440086e-03
185 0.000000 -0.000000 -0.000000 11.880192 -1.993911 -0.279292 0.000000 0.000000 0.000000 1.000000 0 4.878670210e-03 4.892283119e-03
185 0.000000 -0.000000 -0.000000 11.880192 -1.993911 -0.279292 0.000000 0.000000 0.000000 1.000000 0 5.059638061e-03 5.073772976e-03
185 0.000000 -0.000000 -0.000000 11.880192 -1.993911 -0.279292 0.000000 0.000000 0.000000 1.000000 0 5.058554001e-03 5.072775995e-03
185 0.000000 -0.000000 -0.000000 11.880192 -1.993911 -0.279292 0.000000 0.000000 0.000000 1.000000 0 5.151849007e-03 5.166047020e-03
185 0.000000 -0.000000 -0.000000 11.880192 -1.993911 -0.279292 0.000000 0.000000 0.000000 1.000000 0 4.840909038e-03 4.852087004e-03
185 0.000000 -0.000000 -0.000000 11.880192 -1.993911 -0.279292 0.000000 0.000000 0.000000 1.000000 0 5.115619162e-03 5.129284924e-03
185 0.000000 -0.000000 -0.000000 11.880192 -1.993911 -0.279292 0.000000 0.000000 0.000000 1.000000 0 5.126241129e-03 5.137235858e-03
185 0.000000 -0.000000 -0.000000 11.880192 -1.993911 -0.279292 0.000000 0.000000 0.000000 1.000000 0 5.060462980e-03 5.071947118e-03
185 0.000000 -0.000000 -0.000000 11.880192 -1.993911 -0.279292 0.000000 0.000000 0.000000 1.000000 0 5.079231225e-03 5.093862070e-03
186 0.000000 -0.000000 -0.000000 11.892792 -2.072637 -0.296761 0.000000 0.000000 0.000000 1.000000 0 5.086040823e-03 5.104295909e-03
186 0.000000 -0.000000 -0.000000 11.892792 -2.072637 -0.296761 0.000000 0.000000 0.000000 1.000000 0 5.053154193e-03 5.067647900e-03
186 0.000000 -0.000000 -0.000000 11.892792 -2.072637 -0.296761 0.000000 0.000000 0.000000 1.000000 0 5.026608938e-03 5.040321033e-03
186 0.000000 -0.000000 -0.000000 11.892792 -2.072637 -0.296761 0.000000 0.000000 0.000000 1.000000 0 5.136007909e-03 5.149893928e-03
186 0.000000 -0.000000 -0.000000 11.892792 -2.072637 -0.296761 0.000000 0.000000 0.000000 1.000000 0 4.995470867e-03 5.009168060e-03
186 0.000000 -0.000000 -0.000000 11.892792 -2.072637 -0.296761 0.000000 0.000000 0.000000 1.000000 0 5.048297811e-03 5.067276070e-03
186 0.000000 -0.000000 -0.000000 11.892792 -2.072637 -0.296761 0.000000 0.000000 0.000000 1.000000 0 5.116996821e-03 5.131287035e-03
186 0.000000 -0.000000 -0.000000 11.892792 -2.072637 -0.296761 0.000000 0.000000 0.000000 1.000000 0 5.141820991e-03 5.156038096e-03
186 0.000000 -0.000000 -0.000000 11.892792 -2.072637 -0.296761 0.000000 0.000000 0.000000 1.000000 0 5.056814058e-03 5.071648164e-03
186 0.000000 -0.000000 -0.000000 11.892792 -2.072637 -0.296761 0.000000 0.000000 0.000000 1.000000 0 5.228962982e-03 5.242696032e-03
186 0.000000 -0.000000 -0.000000 11.892792 -2.072637 -0.296761 0.000000 0.000000 0.000000 1.000000 0 4.986287793e-03 4.997899057e-03
186 0.000000 -0.000000 -0.000000 11.892792 -2.072637 -0.296761 0.000000 0.000000 0.000000 1.000000 0 5.190968979e-03 5.204150919e-03
186 0.000000 -0.000000 -0.000000 11.892792 -2.072637 -0.296761 0.000000 0.000000 0.000000 1.000000 0 5.044198828e-03 5.058794981e-03
186 0.000000 -0.000000 -0.000000 11.892792 -2.072637 -0.296761 0.000000 0.000000 0.000000 1.000000 0 5.011959001e-03 5.025943043e-03
186 0.000000 -0.000000 -0.000000 11.892792 -2.072637 -0.296761 0.000000 0.000000 0.000000 1.000000 0 4.845124204e-03 4.859277047e-03
186 0.000000 -0.000000 -0.000000 11.892792 -2.072637 -0.296761 0.000000 0.000000 0.000000 1.000000 0 5.066667916e-03 5.080856150e-03
186 0.000000 -0.000000 -0.000000 11.892792 -2.072637 -0.296761 0.000000 0.000000 0.000000 1.000000 0 4.984417930e-03 4.998137010e-03
186 0.000000 -0.000000 -0.000000 11.892792 -2.072637 -0.296761 0.000000 0.000000 0.000000 1.000000 0 5.056520924e-03 5.070162006e-03
186 0.000000 -0.000000 -0.000000 11.892792 -2.072637 -0.296761 0.000000 0.000000 0.000000 1.000000 0 5.088194972e-03 5.102311959e-03
186 0.000000 -0.000000 -0.000000 11.892792 -2.072637 -0.296761 0.000000 0.000000 0.000000 1.000000 0 5.096670939e-03 5.112054991e-03
187 0.000000 -0.000000 -0.000000 11.926522 -2.010514 -0.291006 0.000000 0.000000 0.000000 1.000000 0 5.015823990e-03 5.027465057e-03
187 0.000000 -0.000000 -0.000000 11.926522 -2.010514 -0.291006 0.000000 0.000000 0.000000 1.000000 0 4.960145103e-03 4.973601084e-03
187 0.000000 -0.000000 -0.000000 11.926522 -2.010514 -0.291006 0.000000 0.000000 0.000000 1.000000 0 4.964353051e-03 4.985871026e-03
187 0.000000 -0.000000 -0.000000 11.926522 -2.010514 -0.291006 0.000000 0.000000 0.000000 1.000000 0 5.002171965e-03 5.014033988e-03
187 0.000000 -0.000000 -0.000000 11.926522 -2.010514 -0.291006 0.000000 0.000000 0.000000 1.000000 0 5.025340943e-03 5.039019976e-03
187 0.000000 -0.000000 -0.000000 11.926522 -2.010514 -0.291006 0.000000 0.000000 0.000000 1.000000 0 5.034107016e-03 5.047847982e-03
187 0.000000 -0.000000 -0.000000 11.926522 -2.010514 -0.291006 0.000000 0.000000 0.000000 1.000000 0 5.075279158e-03 5.089262966e-03
187 0.000000 -0.000000 -0.000000 11.926522 -2.010514 -0.291006 0.000000 0.000000 0.000000 1.000000 0 4.997590091e-03 5.011481931e-03
187 0.000000 -0.000000 -0.000000 11.926522 -2.010514 -0.291006 0.000000 0.000000 0.000000 1.000000 0 5.104595097e-03 5.119103938e-03
187 0.000000 -0.000000 -0.000000 11.926522 -2.010514 -0.291006 0.000000 0.000000 0.000000 1.000000 0 5.021814955e-03 5.035590148e-03
187 0.000000 -0.000000 -0.000000 11.926522 -2.010514 -0.291006 0.000000 0.000000 0.000000 1.000000 0 5.055241054e-03 5.072392058e-03
187 0.000000 -0.000000 -0.000000 11.926522 -2.010514 -0.291006 0.000000 0.000000 0.000000 1.000000 0 5.004387116e-03 5.019414937e-03
187 0.000000 -0.000000 -0.000000 11.926522 -2.010514 -0.291006 0.000000 0.000000 0.000000 1.000000 0 5.132571096e-03 5.146409152e-03
187 0.000000 -0.000000 -0.000000 11.926522 -2.010514 -0.291006 0.000000 0.000000 0.000000 1.000000 0 5.017867079e-03 5.029116059e-03
187 0.000000 -0.000000 -0.000000 11.926522 -2.010514 -0.291006 0.000000 0.000000 0.000000 1.000000 0 5.129763857e-03 5.143090151e-03
187 0.000000 -0.000000 -0.000000 11.926522 -2.010514 -0.291006 0.000000 0.000000 0.000000 1.000000 0 4.915027879e-03 4.928906914e-03
187 0.000000 -0.000000 -0.000000 11.926522 -2.010514 -0.291006 0.000000 0.000000 0.000000 1.000000 0 4.889762029e-03 4.903578898e-03
187 0.000000 -0.000000 -0.000000 11.926522 -2.010514 -0.291006 0.000000 0.000000 0.000000 1.000000 0 4.908117931e-03 4.921504064e-03
187 0.000000 -0.000000 -0.000000 11.926522 -2.010514 -0.291006 0.000000 0.000000 0.000000 1.000000 0 5.030322820e-03 5.044964142e-03
187 0.000000 -0.000000 -0.000000 11.926522 -2.010514 -0.291006 0.000000 0.000000 0.000000 1.000000 0 5.089140031e-03 5.100839073e-03
188 0.000000 -0.000000 -0.000000 11.935193 -2.088928 -0.307988 0.000000 0.000000 0.000000 1.000000 0 5.047539016e-03 5.060768919e-03
188 0.000000 -0.000000 -0.000000 11.935193 -2.088928 -0.307988 0.000000 0.000000 0.000000 1.000000 0 4.970154027e-03 4.983619088e-03
188 0.000000 -0.000000 -0.000000 11.935193 -2.088928 -0.307988 0.000000 0.000000 0.000000 1.000000 0 5.086762132e-03 5.100294948e-03
188 0.000000 -0.000000 -0.000000 11.935193 -2.088928 -0.307988 0.000000 0.000000 0.000000 1.000000 0 5.086187972e-03 5.099905888e-03
188 0.000000 -0.000000 -0.000000 11.935193 -2.088928 -0.307988 0.000000 0.000000 0.000000 1.000000 0 5.069346167e-03 5.083374912e-03
188 0.000000 -0.000000 -0.000000 11.935193 -2.088928 -0.307988 0.000000 0.000000 0.000000 1.000000 0 5.029007094e-03 5.042553879e-03
188 0.000000 -0.000000 -0.000000 11.935193 -2.088928 -0.307988 0.000000 0.000000 0.000000 1.000000 0 4.974630894e-03 4.988623085e-03
188 0.000000 -0.000000 -0.000000 11.935193 -2.088928 -0.307988 0.000000 0.000000 0.000000 1.000000 0 4.976504948e-03 4.990463844e-03
188 0.000000 -0.000000 -0.000000 11.935193 -2.088928 -0.307988 0.000000 0.000000 0.000000 1.000000 0 5.146485055e-03 5.160291912e-03
188 0.000000 -0.000000 -0.000000 11.935193 -2.088928 -0.307988 0.000000 0.000000 0.000000 1.000000 0 5.000428064e-03 5.013982998e-03
188 0.000000 -0.000000 -0.000000 11.935193 -2.088928 -0.307988 0.000000 0.000000 0.000000 1.000000 0 5.129814148e-03 5.143782124e-03
188 0.000000 -0.000000 -0.000000 11.935193 -2.088928 -0.307988 0.000000 0.000000 0.000000 1.000000 0 5.129803903e-03 5.144078052e-03
188 0.000000 -0.000000 -0.000000 11.935193 -2.088928 -0.307988 0.000000 0.000000 0.000000 1.000000 0 5.073315930e-03 5.087608006e-03
188 0.000000 -0.000000 -0.000000 11.935193 -2.088928 -0.307988 0.000000 0.000000 0.000000 1.000000 0 5.061217118e-03 5.075009074e-03
188 0.000000 -0.000000 -0.000000 11.935193 -2.088928 -0.307988 0.000000 0.000000 0.000000 1.000000 0 4.943090957e-03 4.957674071e-03
188 0.000000 -0.000000 -0.000000 11.935193 -2.088928 -0.307988 0.000000 0.000000 0.000000 1.000000 0 5.052987952e-03 5.070053972e-03
188 0.000000 -0.000000 -0.000000 11.935193 -2.088928 -0.307988 0.000000 0.000000 0.000000 1.000000 0 5.070823012e-03 5.095224129e-03
188 0.000000 -0.000000 -0.000000 11.935193 -2.088928 -0.307988 0.000000 0.000000 0.000000 1.000000 0 5.071190884e-03 5.084874807e-03
188 0.000000 -0.000000 -0.000000 11.935193 -2.088928 -0.307988 0.000000 0.000000 0.000000 1.000000 0 5.048227031e-03 5.061886972e-03
188 0.000000 -0.000000 -0.000000 11.935193 -2.088928 -0.307988 0.000000 0.000000 0.000000 1.000000 0 5.071677966e-03 5.086357007e-03
189 0.000000 -0.000000 -0.000000 11.965262 -2.026490 -0.301736 0.000000 0.000000 0.000000 1.000000 0 5.017176969e-03 5.032215035e-03
189 0.000000 -0.000000 -0.000000 11.965262 -2.026490 -0.301736 0.000000 0.000000 0.000000 1.000000 0 5.130450008e-03 5.144478986e-03
189 0.000000 -0.000000 -0.000000 11.965262 -2.026490 -0.301736 0.000000 0.000000 0.000000 1.000000 0 5.140352063e-03 5.155371036e-03
189 0.000000 -0.000000 -0.000000 11.965262 -2.026490 -0.301736 0.000000 0.000000 0.000000 1.000000 0 5.026184954e-03 5.040704971e-03
189 0.000000 -0.000000 -0.000000 11.965262 -2.026490 -0.301736 0.000000 0.000000 0.000000 1.000000 0 5.101090064e-03 5.115231965e-03
189 0.000000 -0.000000 -0.000000 11.965262 -2.026490 -0.301736 0.000000 0.000000 0.000000 1.000000 0 5.093186162e-03 5.107318982e-03
189 0.000000 -0.000000 -0.000000 11.965262 -2.026490 -0.301736 0.000000 0.000000 0.000000 1.000000 0 5.106170895e-03 5.117504159e-03
189 0.000000 -0.000000 -0.000000 11.965262 -2.026490 -0.301736 0.000000 0.000000 0.000000 1.000000 0 5.088411039e-03 5.101788091e-03
189 0.000000 -0.000000 -0.000000 11.965262 -2.026490 -0.301736 0.000000 0.000000 0.000000 1.000000 0 4.975831835e-03 4.989640089e-03
189 0.000000 -0.000000 -0.000000 11.965262 -2.026490 -0.301736 0.000000 0.000000 0.000000 1.000000 0 5.061991047e-03 5.077395122e-03
189 0.000000 -0.000000 -0.000000 11.965262 -2.026490 -0.301736 0.000000 0.000000 0.000000 1.000000 0 5.046055885e-03 5.060347961e-03
189 0.000000 -0.000000 -0.000000 11.965262 -2.026490 -0.301736 0.000000 0.000000 0.000000 1.000000 0 4.934326978e-03 4.948314046e-03
189 0.000000 -0.000000 -0.000000 11.965262 -2.026490 -0.301736 0.000000 0.000000 0.000000 1.000000 0 4.975283984e-03 4.988786997e-03
189 0.000000 -0.000000 -0.000000 11.965262 -2.026490 -0.301736 0.000000 0.000000 0.000000 1.000000 0 5.015961127e-03 5.039248848e-03
189 0.000000 -0.000000 -0.000000 11.965262 -2.026490 -0.301736 0.000000 0.000000 0.000000 1.000000 0 5.020519951e-03 5.034238100e-03
189 0.000000 -0.000000 -0.000000 11.965262 -2.026490 -0.301736 0.000000 0.000000 0.000000 1.000000 0 5.059784045e-03 5.074385088e-03
189 0.000000 -0.000000 -0.000000 11.965262 -2.026490 -0.301736 0.000000 0.000000 0.000000 1.000000 0 5.015637958e-03 5.029655062e-03
189 0.000000 -0.000000 -0.000000 11.965262 -2.026490 -0.301736 0.000000 0.000000 0.000000 1.000000 0 5.015343893e-03 5.030992208e-03
189 0.000000 -0.000000 -0.000000 11.965262 -2.026490 -0.301736 0.000000 0.000000 0.000000 1.000000 0 5.009623943e-03 5.024295999e-03
189 0.000000 -0.000000 -0.000000 11.965262 -2.026490 -0.301736 0.000000 0.000000 0.000000 1.000000 0 5.115635926e-03 5.128882127e-03
190 0.000000 -0.000000 -0.000000 11.970488 -2.104574 -0.318149 0.000000 0.000000 0.000000 1.000000 0 4.976823926e-03 4.989329958e-03
190 0.000000 -0.000000 -0.000000 11.970488 -2.104574 -0.318149 0.000000 0.000000 0.000000 1.000000 0 5.123818992e-03 5.137879867e-03
190 0.000000 -0.000000 -0.000000 11.970488 -2.104574 -0.318149 0.000000 0.000000 0.000000 1.000000 0 5.050364183e-03 5.064839963e-03
190 0.000000 -0.000000 -0.000000 11.970488 -2.104574 -0.318149 0.000000 0.000000 0.000000 1.000000 0 5.031705834e-03 5.047006998e-03
190 0.000000 -0.000000 -0.000000 11.970488 -2.104574 -0.318149 0.000000 0.000000 0.000000 1.000000 0 5.010031862e-03 5.024811020e-03
190 0.000000 -0.000000 -0.000000 11.970488 -2.104574 -0.318149 0.000000 0.000000 0.000000 1.000000 0 4.984966014e-03 4.998950986e-03
190 0.000000 -0.000000 -0.000000 11.970488 -2.104574 -0.318149 0.000000 0.000000 0.000000 1.000000 0 5.077915033e-03 5.092117935e-03
190 0.000000 -0.000000 -0.000000 11.970488 -2.104574 -0.318149 0.000000 0.000000 0.000000 1.000000 0 5.112797022e-03 5.126565928e-03
190 0.000000 -0.000000 -0.000000 11.970488 -2.104574 -0.318149 0.000000 0.000000 0.000000 1.000000 0 5.081295036e-03 5.095724948e-03
190 0.000000 -0.000000 -0.000000 11.970488 -2.104574 -0.318149 0.000000 0.000000 0.000000 1.000000 0 5.098536145e-03 5.112301093e-03
190 0.000000 -0.000000 -0.000000 11.970488 -2.104574 -0.318149 0.000000 0.000000 0.000000 1.000000 0 4.963605898e-03 4.975161050e-03
190 0.000000 -0.000000 -0.000000 11.970488 -2.104574 -0.318149 0.000000 0.000000 0.000000 1.000000 0 4.939903971e-03 4.953518976e-03
190 0.000000 -0.000000 -0.000000 11.970488 -2.104574 -0.318149 0.000000 0.000000 0.000000 1.000000 0 5.138718057e-03 5.153038772e-03
190 0.000000 -0.000000 -0.000000 11.970488 -2.104574 -0.318149 0.000000 0.000000 0.000000 1.000000 0 4.991794005e-03 5.004956154e-03
190 0.000000 -0.000000 -0.000000 11.970488 -2.104574 -0.318149 0.000000 0.000000 0.000000 1.000000 0 5.128612975e-03 5.145418923e-03
190 0.000000 -0.000000 -0.000000 11.970488 -2.104574 -0.318149 0.000000 0.000000 0.000000 1.000000 0 5.186292110e-03 5.200233078e-03
190 0.000000 -0.000000 -0.000000 11.970488 -2.104574 -0.318149 0.000000 0.000000 0.000000 1.000000 0 4.939608043e-03 4.951510113e-03
190 0.000000 -0.000000 -0.000000 11.970488 -2.104574 -0.318149 0.000000 0.000000 0.000000 1.000000 0 5.005954998e-03 5.021214951e-03
190 0.000000 -0.000000 -0.000000 11.970488 -2.104574 -0.318149 0.000000 0.000000 0.000000 1.000000 0 5.039813928e-03 5.051824031e-03
190 0.000000 -0.000000 -0.000000 11.970488 -2.104574 -0.318149 0.000000 0.000000 0.000000 1.000000 0 5.093266955e-03 5.107956938e-03
191 0.000000 -0.000000 -0.000000 11.997445 -2.041076 -0.311237 0.000000 0.000000 0.000000 1.000000 0 4.996461095e-03 5.010900088e-03
191 0.000056 -0.000010 -0.000001 11.997445 -2.041076 -0.311237 0.000000 0.000000 0.000000 0.999793 1 1.791818067e-05 2.998393029e-05
191 0.000243 -0.000041 -0.000006 11.997445 -2.041076 -0.311237 0.000000 0.000000 0.000000 0.999798 1 1.339311711e-05 2.340902574e-05
191 0.000400 -0.000068 -0.000010 11.997445 -2.041076 -0.311237 0.000000 0.000000 0.000000 0.999820 1 1.425901428e-05 2.392986789e-05
191 0.000521 -0.000089 -0.000014 11.997445 -2.041076 -0.311237 0.000000 0.000000 0.000000 0.999848 1 1.443992369e-05 2.413010225e-05
191 0.000607 -0.000103 -0.000016 11.997445 -2.041076 -0.311237 0.000000 0.000000 0.000000 0.999874 1 1.380499452e-05 2.385489643e-05
191 0.000665 -0.000113 -0.000017 11.997445 -2.041076 -0.311237 0.000000 0.000000 0.000000 0.999895 1 2.647493966e-05 4.396005534e-05
191 0.000702 -0.000119 -0.000018 11.997445 -2.041076 -0.311237 0.000000 0.000000 0.000000 0.999910 1 5.922606215e-05 1.246160828e-04
191 0.000726 -0.000124 -0.000019 11.997445 -2.041076 -0.311237 0.000000 0.000000 0.000000 0.999919 1 4.658405669e-05 7.895217277e-05
191 0.000742 -0.000126 -0.000019 11.997445 -2.041076 -0.311237 0.000000 0.000000 0.000000 0.999925 1 6.133900024e-05 1.010450069e-04
191 0.000752 -0.000128 -0.000019 11.997445 -2.041076 -0.311237 0.000000 0.000000 0.000000 0.999931 1 5.221692845e-05 8.863513358e-05
191 0.000753 -0.000128 -0.000020 11.997445 -2.041076 -0.311237 0.000000 0.000000 0.000000 0.999939 1 5.737994798e-05 9.892485105e-05
191 0.000748 -0.000127 -0.000019 11.997445 -2.041076 -0.311237 0.000000 0.000000 0.000000 0.999945 1 5.371286534e-05 9.137904271e-05
191 0.000739 -0.000126 -0.000019 11.997445 -2.041076 -0.311237 0.000000 0.000000 0.000000 0.999949 1 6.177206524e-05 9.883707389e-05
191 0.000728 -0.000124 -0.000019 11.997445 -2.041076 -0.311237 0.000000 0.000000 0.000000 0.999951 1 6.305496208e-05 1.014571171e-04
191 0.000717 -0.000122 -0.000019 11.997445 -2.041076 -0.311237 0.000000 0.000000 0.000000 0.999952 1 5.700904876e-05 9.584799409e-05
191 0.000705 -0.000120 -0.000018 11.997445 -2.041076 -0.311237 0.000000 0.000000 0.000000 0.999955 1 5.854992196e-05 9.669503197e-05
191 0.000689 -0.000117 -0.000018 11.997445 -2.041076 -0.311237 0.000000 0.000000 0.000000 0.999963 1 5.449703895e-05 9.152106941e-05
191 0.000662 -0.000113 -0.000017 11.997445 -2.041076 -0.311237 0.000000 0.000000 0.000000 0.999979 1 5.451287143e-05 9.473599494e-05
191 0.000619 -0.000105 -0.000016 11.997445 -2.041076 -0.311237 0.000000 0.000000 0.000000 1.000000 1 6.039394066e-05 1.029809937e-04
192 0.001171 -0.000679 -0.000127 11.999333 -2.119049 -0.327003 0.000000 0.000000 0.000000 1.000000 1 5.711009726e-05 9.661004879e-05
192 0.001081 -0.000627 -0.000118 11.999333 -2.119049 -0.327003 0.000000 0.000000 0.000000 1.000000 1 5.893316120e-05 1.008161344e-04
192 0.000998 -0.000578 -0.000109 11.999333 -2.119049 -0.327003 0.000000 0.000000 0.000000 1.000000 1 5.133822560e-05 8.563185111e-05
192 0.000921 -0.000534 -0.000100 11.999333 -2.119049 -0.327003 0.000000 0.000000 0.000000 1.000000 1 5.587097257e-05 9.480607696e-05
192 0.000850 -0.000493 -0.000093 11.999333 -2.119049 -0.327003 0.000000 0.000000 0.000000 1.000000 1 7.445504889e-05 1.249520574e-04
192 0.000785 -0.000455 -0.000085 11.999333 -2.119049 -0.327003 0.000000 0.000000 0.000000 1.000000 1 5.633290857e-05 9.656301700e-05
192 0.000725 -0.000420 -0.000079 11.999333 -2.119049 -0.327003 0.000000 0.000000 0.000000 1.000000 1 5.931500345e-05 1.011430286e-04
192 0.000669 -0.000388 -0.000073 11.999333 -2.119049 -0.327003 0.000000 0.000000 0.000000 1.000000 1 5.621602759e-05 9.522703476e-05
192 0.000618 -0.000358 -0.000067 11.999333 -2.119049 -0.327003 0.000000 0.000000 0.000000 1.000000 1 5.665305071e-05 1.020359341e-04
192 0.000570 -0.000330 -0.000062 11.999333 -2.119049 -0.327003 0.000000 0.000000 0.000000 1.000000 1 5.242298357e-05 8.968706243e-05
192 0.000526 -0.000305 -0.000057 11.999333 -2.119049 -0.327003 0.000000 0.000000 0.000000 1.000000 1 5.745003000e-05 9.889295325e-05
192 0.000486 -0.000282 -0.000053 11.999333 -2.119049 -0.327003 0.000000 0.000000 0.000000 0.999999 1 5.884398706e-05 9.770994075e-05
192 0.000454 -0.000261 -0.000049 11.999333 -2.119049 -0.327003 0.000000 0.000000 0.000000 0.999990 1 5.573011003e-05 9.514810517e-05
192 0.000433 -0.000243 -0.000046 11.999333 -2.119049 -0.327003 0.000000 0.000000 0.000000 0.999980 1 5.938811228e-05 1.011618879e-04
192 0.000424 -0.000229 -0.000043 11.999333 -2.119049 -0.327003 0.000000 0.000000 0.000000 0.999969 1 5.470588803e-05 9.170616977e-05
192 0.000425 -0.000217 -0.000040 11.999333 -2.119049 -0.327003 0.000000 0.000000 0.000000 0.999958 1 5.538505502e-05 9.245495312e-05
192 0.000438 -0.000209 -0.000039 11.999333 -2.119049 -0.327003 0.000000 0.000000 0.000000 0.999945 1 6.154808216e-05 1.041919459e-04
192 0.000462 -0.000203 -0.000037 11.999333 -2.119049 -0.327003 0.000000 0.000000 0.000000 0.999931 1 5.795294419e-05 9.779701941e-05
192 0.000497 -0.000200 -0.000036 11.999333 -2.119049 -0.327003 0.000000 0.000000 0.000000 0.999918 1 5.930103362e-05 9.890110232e-05
192 0.000541 -0.000199 -0.000036 11.999333 -2.119049 -0.327003 0.000000 0.000000 0.000000 0.999905 1 5.521392450e-05 9.521120228e-05
193 0.000580 -0.000198 -0.000035 12.023175 -2.054876 -0.319381 0.000000 0.000000 0.000000 0.999893 1 5.584093742e-05 9.319302626e-05
193 0.000640 -0.000200 -0.000035 12.023175 -2.054876 -0.319381 0.000000 0.000000 0.000000 0.999885 1 5.244300701e-05 9.101303294e-05
193 0.000696 -0.000203 -0.000035 12.023175 -2.054876 -0.319381 0.000000 0.000000 0.000000 0.999888 1 5.824002437e-05 9.726616554e-05
193 0.000742 -0.000204 -0.000035 12.023175 -2.054876 -0.319381 0.000000 0.000000 0.000000 0.999897 1 7.637892850e-05 1.281839795e-04
193 0.000818 -0.000211 -0.000036 12.023175 -2.054876 -0.319381 0.000000 0.000000 0.000000 0.999822 1 3.343005665e-05 5.705980584e-05
193 0.000907 -0.000221 -0.000037 12.023175 -2.054876 -0.319381 0.000000 0.000000 0.000000 0.999847 1 5.287514068e-05 9.128102101e-05
193 0.000966 -0.000226 -0.000038 12.023175 -2.054876 -0.319381 0.000000 0.000000 0.000000 0.999869 1 1.442711800e-05 2.436689101e-05
193 0.001005 -0.000228 -0.000038 12.023175 -2.054876 -0.319381 0.000000 0.000000 0.000000 0.999884 1 5.916506052e-05 9.866408072e-05
193 0.001030 -0.000228 -0.000038 12.023175 -2.054876 -0.319381 0.000000 0.000000 0.000000 0.999893 1 5.580717698e-05 9.463797323e-05
193 0.001047 -0.000227 -0.000037 12.023175 -2.054876 -0.319381 0.000000 0.000000 0.000000 0.999899 1 5.897087976e-05 9.778910317e-05
193 0.001056 -0.000225 -0.000037 12.023175 -2.054876 -0.319381 0.000000 0.000000 0.000000 0.999906 1 5.841301754e-05 9.687896818e-05
193 0.001058 -0.000222 -0.000036 12.023175 -2.054876 -0.319381 0.000000 0.000000 0.000000 0.999914 1 5.200807936e-05 8.871988393e-05
193 0.001052 -0.000218 -0.000035 12.023175 -2.054876 -0.319381 0.000000 0.000000 0.000000 0.999921 1 4.819803871e-05 8.242297918e-05
193 0.001042 -0.000213 -0.000035 12.023175 -2.054876 -0.319381 0.000000 0.000000 0.000000 0.999925 1 5.568517372e-05 9.113387205e-05
193 0.001030 -0.000208 -0.000034 12.023175 -2.054876 -0.319381 0.000000 0.000000 0.000000 0.999927 1 5.456409417e-05 9.362492710e-05
193 0.001017 -0.000204 -0.000033 12.023175 -2.054876 -0.319381 0.000000 0.000000 0.000000 0.999929 1 3.630807623e-05 6.025494076e-05
193 0.001004 -0.000199 -0.000032 12.023175 -2.054876 -0.319381 0.000000 0.000000 0.000000 0.999932 1 4.493282177e-05 7.604784332e-05
193 0.000986 -0.000194 -0.000031 12.023175 -2.054876 -0.319381 0.000000 0.000000 0.000000 0.999940 1 5.564885214e-05 9.379489347e-05
193 0.000958 -0.000187 -0.000030 12.023175 -2.054876 -0.319381 0.000000 0.000000 0.000000 0.999956 1 5.217688158e-05 8.889986202e-05
193 0.000913 -0.000178 -0.000029 12.023175 -2.054876 -0.319381 0.000000 0.000000 0.000000 0.999980 1 5.789799616e-05 9.794486687e-05
194 0.001433 -0.000744 -0.000135 12.021920 -2.131881 -0.334346 0.000000 0.000000 0.000000 1.000000 1 5.786097609e-05 9.794905782e-05
194 0.001322 -0.000686 -0.000125 12.021920 -2.131881 -0.334346 0.000000 0.000000 0.000000 1.000000 1 5.409400910e-05 9.191990830e-05
194 0.001221 -0.000634 -0.000115 12.021920 -2.131881 -0.334346 0.000000 0.000000 0.000000 1.000000 1 5.672709085e-05 9.484891780e-05
194 0.001127 -0.000585 -0.000106 12.021920 -2.131881 -0.334346 0.000000 0.000000 0.000000 1.000000 1 4.876009189e-05 8.283113129e-05
194 0.001040 -0.000540 -0.000098 12.021920 -2.131881 -0.334346 0.000000 0.000000 0.000000 1.000000 1 5.640694872e-05 9.630317800e-05
194 0.000960 -0.000498 -0.000091 12.021920 -2.131881 -0.334346 0.000000 0.000000 0.000000 1.000000 1 5.603395402e-05 9.604892693e-05
194 0.000886 -0.000460 -0.000084 12.021920 -2.131881 -0.334346 0.000000 0.000000 0.000000 1.000000 1 5.846400745e-05 9.772484191e-05
194 0.000818 -0.000425 -0.000077 12.021920 -2.131881 -0.334346 0.000000 0.000000 0.000000 1.000000 1 5.661905743e-05 9.688502178e-05
194 0.000755 -0.000392 -0.000071 12.021920 -2.131881 -0.334346 0.000000 0.000000 0.000000 1.000000 1 5.395291373e-05 9.073689580e-05
194 0.000697 -0.000362 -0.000066 12.021920 -2.131881 -0.334346 0.000000 0.000000 0.000000 1.000000 1 5.814991891e-05 9.867292829e-05
194 0.000644 -0.000334 -0.000061 12.021920 -2.131881 -0.334346 0.000000 0.000000 0.000000 1.000000 1 5.680089816e-05 9.774998762e-05
194 0.000598 -0.000309 -0.000056 12.021920 -2.131881 -0.334346 0.000000 0.000000 0.000000 0.999992 1 5.468889140e-05 9.432109073e-05
194 0.000563 -0.000287 -0.000052 12.021920 -2.131881 -0.334346 0.000000 0.000000 0.000000 0.999984 1 5.582883023e-05 9.582191706e-05
194 0.000539 -0.000269 -0.000049 12.021920 -2.131881 -0.334346 0.000000 0.000000 0.000000 0.999975 1 6.231805310e-05 1.010920387e-04
194 0.000526 -0.000253 -0.000046 12.021920 -2.131881 -0.334346 0.000000 0.000000 0.000000 0.999965 1 5.901698023e-05 9.866082110e-05
194 0.000524 -0.000240 -0.000043 12.021920 -2.131881 -0.334346 0.000000 0.000000 0.000000 0.999953 1 6.732600741e-05 1.227611210e-04
194 0.000533 -0.000231 -0.000041 12.021920 -2.131881 -0.334346 0.000000 0.000000 0.000000 0.999941 1 5.430309102e-05 9.412015788e-05
194 0.000554 -0.000224 -0.000040 12.021920 -2.131881 -0.334346 0.000000 0.000000 0.000000 0.999927 1 5.886401050e-05 9.818910621e-05
194 0.000585 -0.000220 -0.000039 12.021920 -2.131881 -0.334346 0.000000 0.000000 0.000000 0.999914 1 5.791499279e-05 9.832414798e-05
194 0.000626 -0.000218 -0.000038 12.021920 -2.131881 -0.334346 0.000000 0.000000 0.000000 0.999901 1 3.140117042e-05 5.255709402e-05
195 0.000674 -0.000218 -0.000038 12.042809 -2.067606 -0.326120 0.000000 0.000000 0.000000 0.999895 1 4.405109212e-05 5.948403850e-05
195 0.000728 -0.000220 -0.000038 12.042809 -2.067606 -0.326120 0.000000 0.000000 0.000000 0.999881 1 1.426902600e-05 2.427399158e-05
195 0.000827 -0.000229 -0.000039 12.042809 -2.067606 -0.326120 0.000000 0.000000 0.000000 0.999764 1 4.326389171e-05 7.411604747e-05
195 0.000970 -0.000247 -0.000042 12.042809 -2.067606 -0.326120 0.000000 0.000000 0.000000 0.999787 1 4.577613436e-05 7.634097710e-05
195 0.001079 -0.000260 -0.000044 12.042809 -2.067606 -0.326120 0.000000 0.000000 0.000000 0.999814 1 5.094101653e-05 8.558598347e-05
195 0.001154 -0.000267 -0.000044 12.042809 -2.067606 -0.326120 0.000000 0.000000 0.000000 0.999840 1 3.987108357e-05 6.783893332e-05
195 0.001202 -0.000270 -0.000045 12.042809 -2.067606 -0.326120 0.000000 0.000000 0.000000 0.999862 1 5.771405995e-05 9.853509255e-05
195 0.001229 -0.000270 -0.000045 12.042809 -2.067606 -0.326120 0.000000 0.000000 0.000000 0.999877 1 5.987985060e-05 9.825895540e-05
195 0.001242 -0.000267 -0.000044 12.042809 -2.067606 -0.326120 0.000000 0.000000 0.000000 0.999887 1 5.777203478e-05 9.745010175e-05
195 0.001248 -0.000264 -0.000043 12.042809 -2.067606 -0.326120 0.000000 0.000000 0.000000 0.999894 1 5.889101885e-05 9.830296040e-05
195 0.001247 -0.000260 -0.000043 12.042809 -2.067606 -0.326120 0.000000 0.000000 0.000000 0.999900 1 1.416890882e-05 2.392102033e-05
195 0.001240 -0.000255 -0.000042 12.042809 -2.067606 -0.326120 0.000000 0.000000 0.000000 0.999908 1 5.893921480e-05 9.741797112e-05
195 0.001227 -0.000250 -0.000041 12.042809 -2.067606 -0.326120 0.000000 0.000000 0.000000 0.999914 1 6.561819464e-05 1.145540737e-04
195 0.001209 -0.000244 -0.000040 12.042809 -2.067606 -0.326120 0.000000 0.000000 0.000000 0.999919 1 5.838694051e-05 9.719817899e-05
195 0.001191 -0.000238 -0.000039 12.042809 -2.067606 -0.326120 0.000000 0.000000 0.000000 0.999921 1 5.865399726e-05 9.895581752e-05
195 0.001172 -0.000232 -0.000038 12.042809 -2.067606 -0.326120 0.000000 0.000000 0.000000 0.999922 1 5.846400745e-05 9.703217074e-05
195 0.001152 -0.000226 -0.000037 12.042809 -2.067606 -0.326120 0.000000 0.000000 0.000000 0.999925 1 5.805306137e-05 9.959796444e-05
195 0.001130 -0.000220 -0.000036 12.042809 -2.067606 -0.326120 0.000000 0.000000 0.000000 0.999932 1 5.885283463e-05 9.850203060e-05
195 0.001099 -0.000213 -0.000034 12.042809 -2.067606 -0.326120 0.000000 0.000000 0.000000 0.999947 1 5.755107850e-05 9.628687985e-05
195 0.001052 -0.000203 -0.000033 12.042809 -2.067606 -0.326120 0.000000 0.000000 0.000000 0.999970 1 5.917693488e-05 1.006340608e-04
196 0.001571 -0.000791 -0.000140 12.038767 -2.144906 -0.340509 0.000000 0.000000 0.000000 1.000000 1 6.425890606e-04 6.827821489e-04
196 0.001451 -0.000730 -0.000129 12.038767 -2.144906 -0.340509 0.000000 0.000000 0.000000 1.000000 1 5.831709132e-05 1.047549304e-04
196 0.001339 -0.000674 -0.000119 12.038767 -2.144906 -0.340509 0.000000 0.000000 0.000000 1.000000 1 5.032191984e-05 8.548004553e-05
196 0.001236 -0.000622 -0.000110 12.038767 -2.144906 -0.340509 0.000000 0.000000 0.000000 1.000000 1 5.415896885e-05 9.504309855e-05
196 0.001141 -0.000574 -0.000101 12.038767 -2.144906 -0.340509 0.000000 0.000000 0.000000 1.000000 1 5.798391066e-05 9.865104221e-05
196 0.001053 -0.000530 -0.000094 12.038767 -2.144906 -0.340509 0.000000 0.000000 0.000000 1.000000 1 5.564093590e-05 9.545311332e-05
196 0.000972 -0.000489 -0.000086 12.038767 -2.144906 -0.340509 0.000000 0.000000 0.000000 1.000000 1 5.121110007e-05 9.503704496e-05
196 0.000898 -0.000452 -0.000080 12.038767 -2.144906 -0.340509 0.000000 0.000000 0.000000 1.000000 1 3.756303340e-05 6.192107685e-05
196 0.000829 -0.000417 -0.000074 12.038767 -2.144906 -0.340509 0.000000 0.000000 0.000000 1.000000 1 1.423619688e-05 2.375501208e-05
196 0.000765 -0.000385 -0.000068 12.038767 -2.144906 -0.340509 0.000000 0.000000 0.000000 1.000000 1 5.010887980e-05 1.030890271e-04
196 0.000708 -0.000356 -0.000063 12.038767 -2.144906 -0.340509 0.000000 0.000000 0.000000 0.999995 1 2.193590626e-05 1.862100326e-04
196 0.000663 -0.000330 -0.000058 12.038767 -2.144906 -0.340509 0.000000 0.000000 0.000000 0.999987 1 5.681999028e-05 9.889900684e-05
196 0.000628 -0.000307 -0.000054 12.038767 -2.144906 -0.340509 0.000000 0.000000 0.000000 0.999979 1 5.825283006e-05 9.755999781e-05
196 0.000604 -0.000288 -0.000051 12.038767 -2.144906 -0.340509 0.000000 0.000000 0.000000 0.999970 1 5.783094093e-05 9.787501767e-05
196 0.000591 -0.000272 -0.000048 12.038767 -2.144906 -0.340509 0.000000 0.000000 0.000000 0.999959 1 5.475594662e-05 9.437091649e-05
196 0.000589 -0.000259 -0.000045 12.038767 -2.144906 -0.340509 0.000000 0.000000 0.000000 0.999948 1 5.815690383e-05 9.673787281e-05
196 0.000598 -0.000249 -0.000043 12.038767 -2.144906 -0.340509 0.000000 0.000000 0.000000 0.999935 1 5.886191502e-05 9.818607941e-05
196 0.000619 -0.000241 -0.000042 12.038767 -2.144906 -0.340509 0.000000 0.000000 0.000000 0.999922 1 1.464900561e-05 2.445001155e-05
196 0.000650 -0.000237 -0.000041 12.038767 -2.144906 -0.340509 0.000000 0.000000 0.000000 0.999910 1 5.576503463e-05 9.518908337e-05
196 0.000690 -0.000235 -0.000040 12.038767 -2.144906 -0.340509 0.000000 0.000000 0.000000 0.999897 1 5.934201181e-05 9.825313464e-05
197 0.000728 -0.000233 -0.000040 12.057142 -2.081753 -0.331890 0.000000 0.000000 0.000000 1.000000 1 3.297971562e-04 3.707199357e-04
197 0.000792 -0.000236 -0.000040 12.057142 -2.081753 -0.331890 0.000000 0.000000 0.000000 0.999875 1 5.925400183e-05 1.005530357e-04
197 0.000848 -0.000238 -0.000040 12.057142 -2.081753 -0.331890 0.000000 0.000000 0.000000 0.999875 1 5.702697672e-05 9.669107385e-05
197 0.000894 -0.000239 -0.000040 12.057142 -2.081753 -0.331890 0.000000 0.000000 0.000000 0.999884 1 5.779415369e-05 9.703310207e-05
197 0.000926 -0.000238 -0.000040 12.057142 -2.081753 -0.331890 0.000000 0.000000 0.000000 0.999897 1 5.779787898e-05 9.753205813e-05
197 0.000944 -0.000235 -0.000039 12.057142 -2.081753 -0.331890 0.000000 0.000000 0.000000 0.999911 1 5.847797729e-05 9.869202040e-05
197 0.000948 -0.000230 -0.000038 12.057142 -2.081753 -0.331890 0.000000 0.000000 0.000000 0.999922 1 5.976180546e-05 1.009509433e-04
197 0.000942 -0.000224 -0.000037 12.057142 -2.081753 -0.331890 0.000000 0.000000 0.000000 0.999931 1 5.713198334e-05 9.691482410e-05
197 0.000931 -0.000217 -0.000036 12.057142 -2.081753 -0.331890 0.000000 0.000000 0.000000 0.999936 1 5.989894271e-05 9.990599938e-05
197 0.000916 -0.000210 -0.000035 12.057142 -2.081753 -0.331890 0.000000 0.000000 0.000000 0.999940 1 5.620508455e-05 9.690807201e-05
197 0.000900 -0.000203 -0.000034 12.057142 -2.081753 -0.331890 0.000000 0.000000 0.000000 0.999944 1 5.657388829e-05 9.527499788e-05
197 0.000881 -0.000196 -0.000032 12.057142 -2.081753 -0.331890 0.000000 0.000000 0.000000 0.999948 1 5.508284084e-05 9.473203681e-05
197 0.000859 -0.000189 -0.000031 12.057142 -2.081753 -0.331890 0.000000 0.000000 0.000000 0.999951 1 5.776714534e-05 9.688804857e-05
197 0.000837 -0.000182 -0.000030 12.057142 -2.081753 -0.331890 0.000000 0.000000 0.000000 0.999954 1 5.608308129e-05 9.387289174e-05
197 0.000814 -0.000175 -0.000029 12.057142 -2.081753 -0.331890 0.000000 0.000000 0.000000 0.999956 1 5.605001934e-05 9.587290697e-05
197 0.000792 -0.000169 -0.000028 12.057142 -2.081753 -0.331890 0.000000 0.000000 0.000000 0.999957 1 5.861418322e-05 9.836489335e-05
197 0.000771 -0.000163 -0.000027 12.057142 -2.081753 -0.331890 0.000000 0.000000 0.000000 0.999958 1 5.550310016e-05 9.568291716e-05
197 0.000750 -0.000157 -0.000026 12.057142 -2.081753 -0.331890 0.000000 0.000000 0.000000 0.999960 1 5.771405995e-05 9.737210348e-05
197 0.000726 -0.000151 -0.000025 12.057142 -2.081753 -0.331890 0.000000 0.000000 0.000000 0.999966 1 6.067799404e-05 1.032878645e-04
197 0.000696 -0.000144 -0.000023 12.057142 -2.081753 -0.331890 0.000000 0.000000 0.000000 0.999977 1 5.767797120e-05 9.891390800e-05
198 0.001229 -0.000732 -0.000127 12.050743 -2.158268 -0.345549 0.000000 0.000000 0.000000 0.993611 1 7.998908404e-04 8.409600705e-04
198 0.001139 -0.000676 -0.000117 12.050743 -2.158268 -0.345549 0.000000 0.000000 0.000000 0.999999 1 4.894705489e-05 8.524209261e-05
198 0.001051 -0.000624 -0.000108 12.050743 -2.158268 -0.345549 0.000000 0.000000 0.000000 1.000000 1 5.954201333e-05 9.998190217e-05
198 0.000971 -0.000576 -0.000100 12.050743 -2.158268 -0.345549 0.000000 0.000000 0.000000 1.000000 1 6.520911120e-05 1.355861314e-04
198 0.000896 -0.000532 -0.000092 12.050743 -2.158268 -0.345549 0.000000 0.000000 0.000000 1.000000 1 5.949800834e-05 9.925500490e-05
198 0.000827 -0.000491 -0.000085 12.050743 -2.158268 -0.345549 0.000000 0.000000 0.000000 1.000000 1 5.680485629e-05 1.042480581e-04
198 0.000763 -0.000453 -0.000078 12.050743 -2.158268 -0.345549 0.000000 0.000000 0.000000 1.000000 1 6.180210039e-05 1.014859881e-04
198 0.000705 -0.000418 -0.000072 12.050743 -2.158268 -0.345549 0.000000 0.000000 0.000000 1.000000 1 5.957507528e-05 9.812298231e-05
198 0.000651 -0.000386 -0.000067 12.050743 -2.158268 -0.345549 0.000000 0.000000 0.000000 1.000000 1 5.106208846e-05 8.587585762e-05
198 0.000601 -0.000357 -0.000062 12.050743 -2.158268 -0.345549 0.000000 0.000000 0.000000 1.000000 1 5.689403042e-05 9.534787387e-05
198 0.000557 -0.000330 -0.000057 12.050743 -2.158268 -0.345549 0.000000 0.000000 0.000000 0.999994 1 5.548098125e-05 9.550503455e-05
198 0.000523 -0.000306 -0.000053 12.050743 -2.158268 -0.345549 0.000000 0.000000 0.000000 0.999987 1 5.571288057e-05 9.653484449e-05
198 0.000499 -0.000285 -0.000049 12.050743 -2.158268 -0.345549 0.000000 0.000000 0.000000 0.999979 1 5.887215957e-05 1.002820209e-04
198 0.000484 -0.000268 -0.000046 12.050743 -2.158268 -0.345549 0.000000 0.000000 0.000000 0.999971 1 5.555897951e-05 9.640003555e-05
198 0.000479 -0.000253 -0.000044 12.050743 -2.158268 -0.345549 0.000000 0.000000 0.000000 0.999961 1 5.899695680e-05 9.965687059e-05
198 0.000484 -0.000241 -0.000041 12.050743 -2.158268 -0.345549 0.000000 0.000000 0.000000 0.999950 1 6.064702757e-05 1.027099788e-04
198 0.000499 -0.000232 -0.000040 12.050743 -2.158268 -0.345549 0.000000 0.000000 0.000000 0.999938 1 5.586794578e-05 9.542517364e-05
198 0.000524 -0.000225 -0.000038 12.050743 -2.158268 -0.345549 0.000000 0.000000 0.000000 0.999926 1 6.203586236e-05 1.032068394e-04
198 0.000621 -0.000232 -0.000039 12.050743 -2.158268 -0.345549 0.000000 0.000000 0.000000 0.999828 1 5.160714500e-05 8.701486513e-05
198 0.000745 -0.000245 -0.000041 12.050743 -2.158268 -0.345549 0.000000 0.000000 0.000000 0.999804 1 5.762185901e-05 1.017700415e-04
199 0.000862 -0.000258 -0.000043 12.067054 -2.093595 -0.336132 0.000000 0.000000 0.000000 0.999998 1 3.008530475e-04 3.504841588e-04
199 0.000906 -0.000257 -0.000043 12.067054 -2.093595 -0.336132 0.000000 0.000000 0.000000 0.999881 1 5.605001934e-05 9.484495968e-05
199 0.000947 -0.000256 -0.000043 12.067054 -2.093595 -0.336132 0.000000 0.000000 0.000000 0.999881 1 5.641486496e-05 9.700004011e-05
199 0.001079 -0.000272 -0.000045 12.067054 -2.093595 -0.336132 0.000000 0.000000 0.000000 0.999778 1 5.552894436e-05 9.756907821e-05
199 0.001190 -0.000285 -0.000047 12.067054 -2.093595 -0.336132 0.000000 0.000000 0.000000 0.999803 1 4.803901538e-05 8.072587661e-05
199 0.001268 -0.000292 -0.000048 12.067054 -2.093595 -0.336132 0.000000 0.000000 0.000000 0.999828 1 1.385482028e-05 2.398295328e-05
199 0.001318 -0.000295 -0.000049 12.067054 -2.093595 -0.336132 0.000000 0.000000 0.000000 0.999850 1 5.479808897e-05 9.099394083e-05
199 0.001347 -0.000295 -0.000048 12.067054 -2.093595 -0.336132 0.000000 0.000000 0.000000 0.999866 1 5.691591650e-05 9.809294716e-05
199 0.001363 -0.000293 -0.000048 12.067054 -2.093595 -0.336132 0.000000 0.000000 0.000000 0.999876 1 5.848892033e-05 9.915209375e-05
199 0.001370 -0.000290 -0.000047 12.067054 -2.093595 -0.336132 0.000000 0.000000 0.000000 0.999882 1 5.585304461e-05 9.688711725e-05
199 0.001371 -0.000286 -0.000047 12.067054 -2.093595 -0.336132 0.000000 0.000000 0.000000 0.999887 1 5.700113252e-05 9.782216512e-05
199 0.001367 -0.000282 -0.000046 12.067054 -2.093595 -0.336132 0.000000 0.000000 0.000000 0.999894 1 5.857297219e-05 9.866803885e-05
199 0.001356 -0.000277 -0.000045 12.067054 -2.093595 -0.336132 0.000000 0.000000 0.000000 0.999901 1 5.791801959e-05 1.013469882e-04
199 0.001342 -0.000271 -0.000044 12.067054 -2.093595 -0.336132 0.000000 0.000000 0.000000 0.999905 1 5.678390153e-05 9.714905173e-05
199 0.001325 -0.000265 -0.000043 12.067054 -2.093595 -0.336132 0.000000 0.000000 0.000000 0.999907 1 6.917980500e-05 1.093910541e-04
199 0.001309 -0.000260 -0.000042 12.067054 -2.093595 -0.336132 0.000000 0.000000 0.000000 0.999908 1 1.431512646e-05 2.459296957e-05
199 0.001293 -0.000254 -0.000041 12.067054 -2.093595 -0.336132 0.000000 0.000000 0.000000 0.999910 1 5.775596946e-05 9.784102440e-05
199 0.001274 -0.000249 -0.000040 12.067054 -2.093595 -0.336132 0.000000 0.000000 0.000000 0.999916 1 6.725895219e-05 1.183869317e-04
199 0.001249 -0.000242 -0.000039 12.067054 -2.093595 -0.336132 0.000000 0.000000 0.000000 0.999928 1 5.889707245e-05 9.901402518e-05
199 0.001210 -0.000234 -0.000038 12.067054 -2.093595 -0.336132 0.000000 0.000000 0.000000 0.999949 1 4.355818965e-05 7.454887964e-05
199 0.001151 -0.000221 -0.000036 12.067054 -2.093595 -0.336132 0.000000 0.000000 0.000000 0.999976 1 3.847200423e-05 6.408616900e-05
200 0.001612 -0.000773 -0.000130 12.058716 -2.170099 -0.349302 0.000000 0.000000 0.000000 0.999995 1 2.316804603e-05 3.969692625e-05
200 0.001489 -0.000714 -0.000120 12.058716 -2.170099 -0.349302 0.000000 0.000000 0.000000 1.000000 1 1.860503107e-05 3.206892870e-05
200 0.001375 -0.000659 -0.000111 12.058716 -2.170099 -0.349302 0.000000 0.000000 0.000000 1.000000 1 2.377992496e-05 4.670815542e-05
200 0.001269 -0.000608 -0.000102 12.058716 -2.170099 -0.349302 0.000000 0.000000 0.000000 1.000000 1 7.407995872e-05 1.413191203e-04
200 0.001171 -0.000562 -0.000094 12.058716 -2.170099 -0.349302 0.000000 0.000000 0.000000 1.000000 1 1.436006278e-05 2.395920455e-05
200 0.001081 -0.000518 -0.000087 12.058716 -2.170099 -0.349302 0.000000 0.000000 0.000000 1.000000 1 5.841790698e-05 9.935791604e-05
200 0.000998 -0.000479 -0.000080 12.058716 -2.170099 -0.349302 0.000000 0.000000 0.000000 1.000000 1 6.468896754e-05 1.040720381e-04
200 0.000921 -0.000442 -0.000074 12.058716 -2.170099 -0.349302 0.000000 0.000000 0.000000 1.000000 1 5.604792386e-05 9.558396414e-05
200 0.000853 -0.000408 -0.000069 12.058716 -2.170099 -0.349302 0.000000 0.000000 0.000000 0.999994 1 6.014085375e-05 1.026540995e-04
200 0.000796 -0.000378 -0.000064 12.058716 -2.170099 -0.349302 0.000000 0.000000 0.000000 0.999987 1 5.726190284e-05 1.055879984e-04
200 0.000751 -0.000352 -0.000059 12.058716 -2.170099 -0.349302 0.000000 0.000000 0.000000 0.999980 1 5.733990110e-05 1.052140724e-04
200 0.000716 -0.000329 -0.000055 12.058716 -2.170099 -0.349302 0.000000 0.000000 0.000000 0.999972 1 5.812710151e-05 9.709293954e-05
200 0.000691 -0.000309 -0.000052 12.058716 -2.170099 -0.349302 0.000000 0.000000 0.000000 0.999963 1 5.919719115e-05 9.823590517e-05
200 0.000677 -0.000293 -0.000049 12.058716 -2.170099 -0.349302 0.000000 0.000000 0.000000 0.999953 1 6.561190821e-05 1.171149779e-04
200 0.000675 -0.000279 -0.000047 12.058716 -2.170099 -0.349302 0.000000 0.000000 0.000000 0.999942 1 5.815410987e-05 9.811203927e-05
200 0.000683 -0.000268 -0.000045 12.058716 -2.170099 -0.349302 0.000000 0.000000 0.000000 0.999930 1 5.708984099e-05 9.657302871e-05
200 0.000702 -0.000261 -0.000043 12.058716 -2.170099 -0.349302 0.000000 0.000000 0.000000 0.999917 1 5.876109935e-05 9.947898798e-05
200 0.000731 -0.000256 -0.000043 12.058716 -2.170099 -0.349302 0.000000 0.000000 0.000000 0.999905 1 5.745794624e-05 9.896093979e-05
200 0.000802 -0.000259 -0.000043 12.058716 -2.170099 -0.349302 0.000000 0.000000 0.000000 0.999781 1 6.053014658e-05 9.834999219e-05
200 0.000953 -0.000277 -0.000046 12.058716 -2.170099 -0.349302 0.000000 0.000000 0.000000 0.999758 1 7.377099246e-05 1.338929869e-04
201 0.001013 -0.000275 -0.000045 12.073310 -2.106258 -0.339590 0.000000 0.000000 0.000000 0.999870 1 5.528912880e-05 8.476083167e-05
201 0.001057 -0.000275 -0.000045 12.073310 -2.106258 -0.339590 0.000000 0.000000 0.000000 0.999868 1 5.441997200e-05 9.245611727e-05
201 0.001204 -0.000294 -0.000048 12.073310 -2.106258 -0.339590 0.000000 0.000000 0.000000 0.999752 1 4.335283302e-05 7.201102562e-05
201 0.001328 -0.000309 -0.000051 12.073310 -2.106258 -0.339590 0.000000 0.000000 0.000000 0.999778 1 5.440716632e-05 9.215017781e-05
201 0.001418 -0.000319 -0.000052 12.073310 -2.106258 -0.339590 0.000000 0.000000 0.000000 0.999806 1 6.029498763e-05 1.009751577e-04
201 0.001476 -0.000323 -0.000053 12.073310 -2.106258 -0.339590 0.000000 0.000000 0.000000 0.999830 1 6.104703061e-05 1.019751653e-04
201 0.001510 -0.000324 -0.000053 12.073310 -2.106258 -0.339590 0.000000 0.000000 0.000000 0.999849 1 5.606305785e-05 9.608105756e-05
201 0.001528 -0.000323 -0.000053 12.073310 -2.106258 -0.339590 0.000000 0.000000 0.000000 0.999861 1 5.749799311e-05 9.789294563e-05
201 0.001535 -0.000320 -0.000052 12.073310 -2.106258 -0.339590 0.000000 0.000000 0.000000 0.999869 1 5.782116205e-05 9.655300528e-05
201 0.001536 -0.000316 -0.000051 12.073310 -2.106258 -0.339590 0.000000 0.000000 0.000000 0.999875 1 6.363284774e-05 1.032100990e-04
201 0.001530 -0.000311 -0.000051 12.073310 -2.106258 -0.339590 0.000000 0.000000 0.000000 0.999883 1 5.592009984e-05 9.699701332e-05
201 0.001517 -0.000305 -0.000050 12.073310 -2.106258 -0.339590 0.000000 0.000000 0.000000 0.999890 1 5.834898911e-05 9.828689508e-05
201 0.001499 -0.000299 -0.000049 12.073310 -2.106258 -0.339590 0.000000 0.000000 0.000000 0.999896 1 5.911709741e-05 1.010750420e-04
201 0.001479 -0.000293 -0.000048 12.073310 -2.106258 -0.339590 0.000000 0.000000 0.000000 0.999899 1 5.797296762e-05 9.831483476e-05
201 0.001458 -0.000286 -0.000047 12.073310 -2.106258 -0.339590 0.000000 0.000000 0.000000 0.999901 1 5.783909000e-05 1.046170946e-04
201 0.001437 -0.000280 -0.000046 12.073310 -2.106258 -0.339590 0.000000 0.000000 0.000000 0.999903 1 5.509611219e-05 9.514787234e-05
201 0.001414 -0.000274 -0.000044 12.073310 -2.106258 -0.339590 0.000000 0.000000 0.000000 0.999908 1 1.434586011e-05 2.447608858e-05
201 0.001386 -0.000267 -0.000043 12.073310 -2.106258 -0.339590 0.000000 0.000000 0.000000 0.999919 1 1.395586878e-05 2.397713251e-05
201 0.001345 -0.000258 -0.000042 12.073310 -2.106258 -0.339590 0.000000 0.000000 0.000000 0.999938 1 1.451512799e-05 2.426118590e-05
201 0.001286 -0.000246 -0.000040 12.073310 -2.106258 -0.339590 0.000000 0.000000 0.000000 0.999965 1 3.499095328e-05 6.353715435e-05
202 0.001724 -0.000796 -0.000131 12.063290 -2.182250 -0.352235 0.000000 0.000000 0.000000 0.999990 1 2.417503856e-05 4.412699491e-05
202 0.001596 -0.000736 -0.000121 12.063290 -2.182250 -0.352235 0.000000 0.000000 0.000000 0.999998 1 2.391287126e-05 4.345504567e-05
202 0.001473 -0.000679 -0.000112 12.063290 -2.182250 -0.352235 0.000000 0.000000 0.000000 1.000000 1 2.027908340e-05 3.546918742e-05
202 0.001360 -0.000627 -0.000103 12.063290 -2.182250 -0.352235 0.000000 0.000000 0.000000 1.000000 1 1.760409214e-05 2.966192551e-05
202 0.001256 -0.000579 -0.000095 12.063290 -2.182250 -0.352235 0.000000 0.000000 0.000000 1.000000 1 2.358993515e-05 4.278286360e-05
202 0.001159 -0.000534 -0.000088 12.063290 -2.182250 -0.352235 0.000000 0.000000 0.000000 1.000000 1 1.431885175e-05 2.452102490e-05
202 0.001070 -0.000493 -0.000081 12.063290 -2.182250 -0.352235 0.000000 0.000000 0.000000 1.000000 1 2.087000757e-05 3.599701449e-05
202 0.000988 -0.000455 -0.000075 12.063290 -2.182250 -0.352235 0.000000 0.000000 0.000000 1.000000 1 4.100287333e-05 7.169391029e-05
202 0.000914 -0.000421 -0.000069 12.063290 -2.182250 -0.352235 0.000000 0.000000 0.000000 0.999994 1 4.673888907e-05 7.924321108e-05
202 0.000853 -0.000390 -0.000064 12.063290 -2.182250 -0.352235 0.000000 0.000000 0.000000 0.999987 1 5.848403089e-05 9.872694500e-05
202 0.000803 -0.000363 -0.000060 12.063290 -2.182250 -0.352235 0.000000 0.000000 0.000000 0.999980 1 5.292287096e-05 9.021488950e-05
202 0.000763 -0.000339 -0.000056 12.063290 -2.182250 -0.352235 0.000000 0.000000 0.000000 0.999973 1 5.819695070e-05 9.640213102e-05
202 0.000760 -0.000323 -0.000053 12.063290 -2.182250 -0.352235 0.000000 0.000000 0.000000 0.999929 1 5.812500603e-05 9.817793034e-05
202 0.000774 -0.000311 -0.000051 12.063290 -2.182250 -0.352235 0.000000 0.000000 0.000000 0.999913 1 5.520717241e-05 9.553390555e-05
202 0.000806 -0.000304 -0.000050 12.063290 -2.182250 -0.352235 0.000000 0.000000 0.000000 0.999893 1 5.988404155e-05 1.005860977e-04
202 0.000855 -0.000301 -0.000049 12.063290 -2.182250 -0.352235 0.000000 0.000000 0.000000 0.999870 1 5.566701293e-05 9.572203271e-05
202 0.000923 -0.000302 -0.000049 12.063290 -2.182250 -0.352235 0.000000 0.000000 0.000000 0.999844 1 5.699414760e-05 9.705009870e-05
202 0.001010 -0.000307 -0.000050 12.063290 -2.182250 -0.352235 0.000000 0.000000 0.000000 0.999819 1 5.146604963e-05 9.190384299e-05
202 0.001113 -0.000316 -0.000052 12.063290 -2.182250 -0.352235 0.000000 0.000000 0.000000 0.999794 1 1.401291229e-05 2.378202043e-05
202 0.001231 -0.000329 -0.000054 12.063290 -2.182250 -0.352235 0.000000 0.000000 0.000000 0.999769 1 5.992804654e-05 1.015479211e-04
203 0.001264 -0.000325 -0.000053 12.076621 -2.116543 -0.341859 0.000000 0.000000 0.000000 0.999875 1 5.903397687e-05 9.834696539e-05
203 0.001284 -0.000321 -0.000052 12.076621 -2.116543 -0.341859 0.000000 0.000000 0.000000 0.999872 1 5.593989044e-05 9.658606723e-05
203 0.001302 -0.000317 -0.000052 12.076621 -2.116543 -0.341859 0.000000 0.000000 0.000000 0.999878 1 5.794595927e-05 1.004450023e-04
203 0.001309 -0.000311 -0.000051 12.076621 -2.116543 -0.341859 0.000000 0.000000 0.000000 0.999889 1 5.815713666e-05 9.760796092e-05
203 0.001305 -0.000304 -0.000049 12.076621 -2.116543 -0.341859 0.000000 0.000000 0.000000 0.999902 1 6.707105786e-05 1.198779792e-04
203 0.001290 -0.000296 -0.000048 12.076621 -2.116543 -0.341859 0.000000 0.000000 0.000000 0.999913 1 6.118207239e-05 1.032659784e-04
203 0.001266 -0.000286 -0.000047 12.076621 -2.116543 -0.341859 0.000000 0.000000 0.000000 0.999922 1 7.454887964e-05 1.350550447e-04
203 0.001238 -0.000276 -0.000045 12.076621 -2.116543 -0.341859 0.000000 0.000000 0.000000 0.999928 1 2.371589653e-05 6.726197898e-05
203 0.001208 -0.000266 -0.000043 12.076621 -2.116543 -0.341859 0.000000 0.000000 0.000000 0.999932 1 5.896203220e-05 1.005509403e-04
203 0.001177 -0.000257 -0.000042 12.076621 -2.116543 -0.341859 0.000000 0.000000 0.000000 0.999934 1 5.426793359e-05 9.406101890e-05
203 0.001146 -0.000248 -0.000040 12.076621 -2.116543 -0.341859 0.000000 0.000000 0.000000 0.999938 1 5.680602044e-05 9.718793444e-05
203 0.001114 -0.000238 -0.000039 12.076621 -2.116543 -0.341859 0.000000 0.000000 0.000000 0.999941 1 5.717598833e-05 9.716302156e-05
203 0.001081 -0.000229 -0.000037 12.076621 -2.116543 -0.341859 0.000000 0.000000 0.000000 0.999944 1 5.862093531e-05 9.945011698e-05
203 0.001049 -0.000221 -0.000036 12.076621 -2.116543 -0.341859 0.000000 0.000000 0.000000 0.999946 1 5.846610293e-05 1.003600191e-04
203 0.001018 -0.000212 -0.000034 12.076621 -2.116543 -0.341859 0.000000 0.000000 0.000000 0.999946 1 5.546491593e-05 9.585311636e-05
203 0.000989 -0.000205 -0.000033 12.076621 -2.116543 -0.341859 0.000000 0.000000 0.000000 0.999947 1 5.533895455e-05 9.514996782e-05
203 0.000962 -0.000197 -0.000032 12.076621 -2.116543 -0.341859 0.000000 0.000000 0.000000 0.999949 1 6.328499876e-05 1.064878888e-04
203 0.000933 -0.000190 -0.000031 12.076621 -2.116543 -0.341859 0.000000 0.000000 0.000000 0.999953 1 5.582091399e-05 9.681400843e-05
203 0.000901 -0.000182 -0.000030 12.076621 -2.116543 -0.341859 0.000000 0.000000 0.000000 0.999962 1 5.818600766e-05 1.032389700e-04
203 0.000860 -0.000173 -0.000028 12.076621 -2.116543 -0.341859 0.000000 0.000000 0.000000 0.999975 1 6.162887439e-05 9.831297211e-05
204 0.001339 -0.000727 -0.000118 12.065353 -2.192239 -0.354172 0.000000 0.000000 0.000000 0.999983 1 7.414002903e-05 1.434290316e-04
204 0.001246 -0.000673 -0.000109 12.065353 -2.192239 -0.354172 0.000000 0.000000 0.000000 0.999993 1 8.199410513e-05 1.527159475e-04
204 0.001153 -0.000622 -0.000101 12.065353 -2.192239 -0.354172 0.000000 0.000000 0.000000 0.999999 1 5.756109022e-05 9.785895236e-05
204 0.001065 -0.000574 -0.000093 12.065353 -2.192239 -0.354172 0.000000 0.000000 0.000000 1.000000 1 5.708006211e-05 9.737699293e-05
204 0.000983 -0.000530 -0.000086 12.065353 -2.192239 -0.354172 0.000000 0.000000 0.000000 1.000000 1 5.502393469e-05 9.421491995e-05
204 0.000907 -0.000489 -0.000079 12.065353 -2.192239 -0.354172 0.000000 0.000000 0.000000 1.000000 1 5.505699664e-05 9.579979815e-05
204 0.000837 -0.000452 -0.000073 12.065353 -2.192239 -0.354172 0.000000 0.000000 0.000000 1.000000 1 5.825608969e-05 9.667105041e-05
204 0.000773 -0.000417 -0.000068 12.065353 -2.192239 -0.354172 0.000000 0.000000 0.000000 0.999998 1 5.553895608e-05 9.566312656e-05
204 0.000719 -0.000386 -0.000063 12.065353 -2.192239 -0.354172 0.000000 0.000000 0.000000 0.999992 1 5.919579417e-05 1.001879573e-04
204 0.000675 -0.000358 -0.000058 12.065353 -2.192239 -0.354172 0.000000 0.000000 0.000000 0.999985 1 5.737086758e-05 9.771110490e-05
204 0.000640 -0.000334 -0.000054 12.065353 -2.192239 -0.354172 0.000000 0.000000 0.000000 0.999978 1 5.806400441e-05 9.970809333e-05
204 0.000615 -0.000313 -0.000051 12.065353 -2.192239 -0.354172 0.000000 0.000000 0.000000 0.999971 1 5.173683167e-05 9.003002197e-05
204 0.000599 -0.000294 -0.000048 12.065353 -2.192239 -0.354172 0.000000 0.000000 0.000000 0.999963 1 6.763194688e-05 1.088068821e-04
204 0.000592 -0.000279 -0.000045 12.065353 -2.192239 -0.354172 0.000000 0.000000 0.000000 0.999953 1 2.148002386e-05 3.719888628e-05
204 0.000596 -0.000266 -0.000043 12.065353 -2.192239 -0.354172 0.000000 0.000000 0.000000 0.999943 1 2.741510980e-05 5.189492367e-05
204 0.000609 -0.000256 -0.000042 12.065353 -2.192239 -0.354172 0.000000 0.000000 0.000000 0.999931 1 3.383611329e-05 5.888496526e-05
204 0.000632 -0.000249 -0.000040 12.065353 -2.192239 -0.354172 0.000000 0.000000 0.000000 0.999919 1 2.815807238e-05 4.804506898e-05
204 0.000716 -0.000254 -0.000041 12.065353 -2.192239 -0.354172 0.000000 0.000000 0.000000 0.999816 1 5.750684068e-05 9.717000648e-05
204 0.000844 -0.000268 -0.000043 12.065353 -2.192239 -0.354172 0.000000 0.000000 0.000000 0.999792 1 6.569386460e-05 1.140288077e-04
204 0.000985 -0.000285 -0.000046 12.065353 -2.192239 -0.354172 0.000000 0.000000 0.000000 0.999767 1 5.776504986e-05 9.896210395e-05
205 0.001062 -0.000282 -0.000046 12.077656 -2.128435 -0.343848 0.000000 0.000000 0.000000 0.999874 1 7.662200369e-05 2.789990976e-04
205 0.001100 -0.000282 -0.000046 12.077656 -2.128435 -0.343848 0.000000 0.000000 0.000000 0.999870 1 5.697691813e-05 1.087759156e-04
205 0.001194 -0.000291 -0.000047 12.077656 -2.128435 -0.343848 0.000000 0.000000 0.000000 0.999753 1 4.902202636e-05 8.941697888e-05
205 0.001320 -0.000307 -0.000050 12.077656 -2.128435 -0.343848 0.000000 0.000000 0.000000 0.999777 1 3.539491445e-05 6.510782987e-05
205 0.001412 -0.000318 -0.000051 12.077656 -2.128435 -0.343848 0.000000 0.000000 0.000000 0.999804 1 2.326699905e-05 4.212814383e-05
205 0.001472 -0.000323 -0.000052 12.077656 -2.128435 -0.343848 0.000000 0.000000 0.000000 0.999828 1 2.807192504e-05 5.088211037e-05
205 0.001508 -0.000325 -0.000053 12.077656 -2.128435 -0.343848 0.000000 0.000000 0.000000 0.999847 1 3.361189738e-05 6.089406088e-05
205 0.001527 -0.000323 -0.000052 12.077656 -2.128435 -0.343848 0.000000 0.000000 0.000000 0.999860 1 5.864398554e-05 1.004547812e-04
205 0.001536 -0.000321 -0.000052 12.077656 -2.128435 -0.343848 0.000000 0.000000 0.000000 0.999868 1 5.161901936e-05 8.835410699e-05
205 0.001537 -0.000317 -0.000051 12.077656 -2.128435 -0.343848 0.000000 0.000000 0.000000 0.999874 1 5.851592869e-05 9.782495908e-05
205 0.001533 -0.000313 -0.000051 12.077656 -2.128435 -0.343848 0.000000 0.000000 0.000000 0.999880 1 5.737482570e-05 1.011739951e-04
205 0.001523 -0.000308 -0.000050 12.077656 -2.128435 -0.343848 0.000000 0.000000 0.000000 0.999887 1 5.503487773e-05 9.497581050e-05
205 0.001507 -0.000302 -0.000049 12.077656 -2.128435 -0.343848 0.000000 0.000000 0.000000 0.999893 1 5.791406147e-05 9.924010374e-05
205 0.001489 -0.000296 -0.000048 12.077656 -2.128435 -0.343848 0.000000 0.000000 0.000000 0.999896 1 5.520507693e-05 9.568198584e-05
205 0.001470 -0.000290 -0.000047 12.077656 -2.128435 -0.343848 0.000000 0.000000 0.000000 0.999897 1 5.904003046e-05 9.912881069e-05
205 0.001452 -0.000285 -0.000046 12.077656 -2.128435 -0.343848 0.000000 0.000000 0.000000 0.999898 1 6.646104157e-05 1.195501536e-04
205 0.001433 -0.000279 -0.000045 12.077656 -2.128435 -0.343848 0.000000 0.000000 0.000000 0.999902 1 5.789403804e-05 9.818095714e-05
205 0.001410 -0.000273 -0.000044 12.077656 -2.128435 -0.343848 0.000000 0.000000 0.000000 0.999911 1 5.917693488e-05 9.883893654e-05
205 0.001376 -0.000265 -0.000043 12.077656 -2.128435 -0.343848 0.000000 0.000000 0.000000 0.999928 1 6.456999108e-05 1.053898595e-04
205 0.001325 -0.000254 -0.000041 12.077656 -2.128435 -0.343848 0.000000 0.000000 0.000000 0.999953 1 7.415818982e-05 1.355020795e-04
206 0.001763 -0.000810 -0.000130 12.065703 -2.204383 -0.355995 0.000000 0.000000 0.000000 0.999984 1 5.713198334e-05 9.684194811e-05
206 0.001638 -0.000750 -0.000120 12.065703 -2.204383 -0.355995 0.000000 0.000000 0.000000 0.999993 1 6.190198474e-05 1.027989201e-04
206 0.001515 -0.000693 -0.000111 12.065703 -2.204383 -0.355995 0.000000 0.000000 0.000000 0.999999 1 6.568199024e-05 1.057090703e-04
206 0.001398 -0.000640 -0.000103 12.065703 -2.204383 -0.355995 0.000000 0.000000 0.000000 1.000000 1 5.529797636e-05 9.446591139e-05
206 0.001291 -0.000590 -0.000095 12.065703 -2.204383 -0.355995 0.000000 0.000000 0.000000 1.000000 1 5.827005953e-05 9.867199697e-05
206 0.001192 -0.000545 -0.000088 12.065703 -2.204383 -0.355995 0.000000 0.000000 0.000000 1.000000 1 5.371891893e-05 9.577488527e-05
206 0.001100 -0.000503 -0.000081 12.065703 -2.204383 -0.355995 0.000000 0.000000 0.000000 1.000000 1 5.611800589e-05 9.645009413e-05
206 0.001016 -0.000464 -0.000075 12.065703 -2.204383 -0.355995 0.000000 0.000000 0.000000 0.999998 1 5.813897587e-05 1.063649543e-04
206 0.000942 -0.000430 -0.000069 12.065703 -2.204383 -0.355995 0.000000 0.000000 0.000000 0.999992 1 5.564698949e-05 9.585893713e-05
206 0.000881 -0.000399 -0.000064 12.065703 -2.204383 -0.355995 0.000000 0.000000 0.000000 0.999985 1 5.846214481e-05 9.882799350e-05
206 0.000831 -0.000371 -0.000060 12.065703 -2.204383 -0.355995 0.000000 0.000000 0.000000 0.999978 1 5.740905181e-05 1.034839079e-04
206 0.000792 -0.000347 -0.000056 12.065703 -2.204383 -0.355995 0.000000 0.000000 0.000000 0.999970 1 5.802512169e-05 9.792693891e-05
206 0.000762 -0.000326 -0.000052 12.065703 -2.204383 -0.355995 0.000000 0.000000 0.000000 0.999962 1 6.620702334e-05 1.157920342e-04
206 0.000744 -0.000308 -0.000050 12.065703 -2.204383 -0.355995 0.000000 0.000000 0.000000 0.999953 1 5.454407074e-05 9.241909720e-05
206 0.000736 -0.000294 -0.000047 12.065703 -2.204383 -0.355995 0.000000 0.000000 0.000000 0.999942 1 5.806703120e-05 9.956001304e-05
206 0.000738 -0.000282 -0.000045 12.065703 -2.204383 -0.355995 0.000000 0.000000 0.000000 0.999931 1 6.296788342e-05 1.009970438e-04
206 0.000752 -0.000273 -0.000044 12.065703 -2.204383 -0.355995 0.000000 0.000000 0.000000 0.999919 1 5.663698539e-05 9.691109881e-05
206 0.000776 -0.000267 -0.000043 12.065703 -2.204383 -0.355995 0.000000 0.000000 0.000000 0.999906 1 5.270214751e-05 8.993013762e-05
206 0.000809 -0.000264 -0.000042 12.065703 -2.204383 -0.355995 0.000000 0.000000 0.000000 0.999894 1 5.921605043e-05 9.907782078e-05
206 0.000938 -0.000278 -0.000045 12.065703 -2.204383 -0.355995 0.000000 0.000000 0.000000 0.999764 1 5.835201591e-05 9.903404862e-05
207 0.001042 -0.000274 -0.000044 12.077697 -2.140244 -0.345505 0.000000 0.000000 0.000000 0.999872 1 5.574198440e-05 9.317696095e-05
207 0.001084 -0.000274 -0.000044 12.077697 -2.140244 -0.345505 0.000000 0.000000 0.000000 0.999867 1 5.757110193e-05 9.809504263e-05
207 0.001185 -0.000286 -0.000046 12.077697 -2.140244 -0.345505 0.000000 0.000000 0.000000 0.999744 1 5.240598693e-05 9.022583254e-05
207 0.001321 -0.000304 -0.000049 12.077697 -2.140244 -0.345505 0.000000 0.000000 0.000000 0.999767 1 1.352000982e-05 2.363510430e-05
207 0.001422 -0.000317 -0.000051 12.077697 -2.140244 -0.345505 0.000000 0.000000 0.000000 0.999794 1 5.999393761e-05 1.015218440e-04
207 0.001491 -0.000324 -0.000052 12.077697 -2.140244 -0.345505 0.000000 0.000000 0.000000 0.999818 1 5.863001570e-05 9.871902876e-05
207 0.001535 -0.000327 -0.000053 12.077697 -2.140244 -0.345505 0.000000 0.000000 0.000000 0.999837 1 5.662790500e-05 9.818817489e-05
207 0.001561 -0.000327 -0.000053 12.077697 -2.140244 -0.345505 0.000000 0.000000 0.000000 0.999851 1 5.572987720e-05 9.481096640e-05
207 0.001575 -0.000326 -0.000053 12.077697 -2.140244 -0.345505 0.000000 0.000000 0.000000 0.999859 1 5.755317397e-05 9.732996114e-05
207 0.001582 -0.000324 -0.000052 12.077697 -2.140244 -0.345505 0.000000 0.000000 0.000000 0.999865 1 3.833905794e-05 7.003895007e-05
207 0.001583 -0.000321 -0.000052 12.077697 -2.140244 -0.345505 0.000000 0.000000 0.000000 0.999871 1 3.251107410e-05 5.895597860e-05
207 0.001577 -0.000316 -0.000051 12.077697 -2.140244 -0.345505 0.000000 0.000000 0.000000 0.999878 1 5.141110159e-05 9.343191050e-05
207 0.001566 -0.000312 -0.000050 12.077697 -2.140244 -0.345505 0.000000 0.000000 0.000000 0.999884 1 3.630714491e-05 5.844817497e-05
207 0.001551 -0.000306 -0.000049 12.077697 -2.140244 -0.345505 0.000000 0.000000 0.000000 0.999888 1 6.027799100e-05 1.014401205e-04
207 0.001535 -0.000301 -0.000049 12.077697 -2.140244 -0.345505 0.000000 0.000000 0.000000 0.999889 1 5.836598575e-05 1.022969373e-04
207 0.001520 -0.000296 -0.000048 12.077697 -2.140244 -0.345505 0.000000 0.000000 0.000000 0.999890 1 5.723396316e-05 9.757000953e-05
207 0.001503 -0.000291 -0.000047 12.077697 -2.140244 -0.345505 0.000000 0.000000 0.000000 0.999894 1 5.872920156e-05 1.004540827e-04
207 0.001482 -0.000286 -0.000046 12.077697 -2.140244 -0.345505 0.000000 0.000000 0.000000 0.999902 1 5.567097105e-05 9.689200670e-05
207 0.001452 -0.000278 -0.000045 12.077697 -2.140244 -0.345505 0.000000 0.000000 0.000000 0.999918 1 5.889101885e-05 1.045640092e-04
207 0.001405 -0.000268 -0.000043 12.077697 -2.140244 -0.345505 0.000000 0.000000 0.000000 0.999942 1 5.343905650e-05 9.050499648e-05
208 0.001858 -0.000836 -0.000134 12.065474 -2.215496 -0.357492 0.000000 0.000000 0.000000 0.999982 1 6.008008495e-05 1.003309153e-04
208 0.001729 -0.000774 -0.000124 12.065474 -2.215496 -0.357492 0.000000 0.000000 0.000000 0.999988 1 4.663201980e-05 8.450308815e-05
208 0.001612 -0.000717 -0.000115 12.065474 -2.215496 -0.357492 0.000000 0.000000 0.000000 0.999989 1 4.288693890e-05 7.822597399e-05
208 0.001493 -0.000663 -0.000106 12.065474 -2.215496 -0.357492 0.000000 0.000000 0.000000 0.999999 1 5.845795386e-05 9.916815907e-05
208 0.001378 -0.000612 -0.000098 12.065474 -2.215496 -0.357492 0.000000 0.000000 0.000000 1.000000 1 5.622906610e-05 9.708898142e-05
208 0.001272 -0.000565 -0.000091 12.065474 -2.215496 -0.357492 0.000000 0.000000 0.000000 1.000000 1 5.685607903e-05 9.754695930e-05
208 0.001174 -0.000522 -0.000084 12.065474 -2.215496 -0.357492 0.000000 0.000000 0.000000 1.000000 1 9.498884901e-05 1.488109119e-04
208 0.001086 -0.000482 -0.000077 12.065474 -2.215496 -0.357492 0.000000 0.000000 0.000000 0.999996 1 5.911220796e-05 9.807897732e-05
208 0.001013 -0.000447 -0.000072 12.065474 -2.215496 -0.357492 0.000000 0.000000 0.000000 0.999980 1 5.755294114e-05 9.881402366e-05
208 0.000961 -0.000417 -0.000067 12.065474 -2.215496 -0.357492 0.000000 0.000000 0.000000 0.999967 1 5.848193541e-05 9.901192971e-05
208 0.000924 -0.000392 -0.000063 12.065474 -2.215496 -0.357492 0.000000 0.000000 0.000000 0.999954 1 5.766609684e-05 9.832088836e-05
208 0.000903 -0.000371 -0.000059 12.065474 -2.215496 -0.357492 0.000000 0.000000 0.000000 0.999940 1 5.036406219e-05 8.587120101e-05
208 0.000897 -0.000354 -0.000057 12.065474 -2.215496 -0.357492 0.000000 0.000000 0.000000 0.999925 1 5.816016346e-05 9.724311531e-05
208 0.000906 -0.000341 -0.000055 12.065474 -2.215496 -0.357492 0.000000 0.000000 0.000000 0.999908 1 5.848612636e-05 9.926897474e-05
208 0.000932 -0.000333 -0.000053 12.065474 -2.215496 -0.357492 0.000000 0.000000 0.000000 0.999888 1 5.417410284e-05 9.123585187e-05
208 0.000975 -0.000328 -0.000053 12.065474 -2.215496 -0.357492 0.000000 0.000000 0.000000 0.999866 1 5.628587678e-05 9.703193791e-05
208 0.001037 -0.000328 -0.000053 12.065474 -2.215496 -0.357492 0.000000 0.000000 0.000000 0.999842 1 5.538994446e-05 9.364006110e-05
208 0.001116 -0.000332 -0.000053 12.065474 -2.215496 -0.357492 0.000000 0.000000 0.000000 0.999818 1 5.545420572e-05 9.668618441e-05
208 0.001212 -0.000340 -0.000055 12.065474 -2.215496 -0.357492 0.000000 0.000000 0.000000 0.999794 1 7.100310177e-05 1.118869986e-04
208 0.001322 -0.000351 -0.000056 12.065474 -2.215496 -0.357492 0.000000 0.000000 0.000000 0.999770 1 6.343098357e-05 1.040140633e-04
209 0.001369 -0.000351 -0.000056 12.077621 -2.149732 -0.346741 0.000000 0.000000 0.000000 0.999870 1 5.852198228e-05 9.729596786e-05
209 0.001384 -0.000345 -0.000056 12.077621 -2.149732 -0.346741 0.000000 0.000000 0.000000 0.999870 1 4.565413110e-05 7.823389024e-05
209 0.001445 -0.000349 -0.000056 12.077621 -2.149732 -0.346741 0.000000 0.000000 0.000000 0.999754 1 5.573011003e-05 9.484798647e-05
209 0.001558 -0.000362 -0.000058 12.077621 -2.149732 -0.346741 0.000000 0.000000 0.000000 0.999769 1 6.058695726e-05 1.085679978e-04
209 0.001640 -0.000370 -0.000060 12.077621 -2.149732 -0.346741 0.000000 0.000000 0.000000 0.999795 1 5.557388067e-05 9.637814946e-05
209 0.001691 -0.000373 -0.000060 12.077621 -2.149732 -0.346741 0.000000 0.000000 0.000000 0.999820 1 5.647703074e-05 9.556091391e-05
209 0.001718 -0.000372 -0.000060 12.077621 -2.149732 -0.346741 0.000000 0.000000 0.000000 0.999839 1 6.247102283e-05 1.019800548e-04
209 0.001727 -0.000369 -0.000059 12.077621 -2.149732 -0.346741 0.000000 0.000000 0.000000 0.999853 1 5.538086407e-05 9.619607590e-05
209 0.001727 -0.000364 -0.000059 12.077621 -2.149732 -0.346741 0.000000 0.000000 0.000000 0.999861 1 5.589891225e-05 9.501003660e-05
209 0.001720 -0.000358 -0.000058 12.077621 -2.149732 -0.346741 0.000000 0.000000 0.000000 0.999867 1 6.510992534e-05 1.043709926e-04
209 0.001709 -0.000352 -0.000057 12.077621 -2.149732 -0.346741 0.000000 0.000000 0.000000 0.999873 1 5.446397699e-05 9.419396520e-05
209 0.001692 -0.000346 -0.000056 12.077621 -2.149732 -0.346741 0.000000 0.000000 0.000000 0.999880 1 5.766400136e-05 9.594508447e-05
209 0.001670 -0.000338 -0.000055 12.077621 -2.149732 -0.346741 0.000000 0.000000 0.000000 0.999885 1 3.531901166e-05 5.891500041e-05
209 0.001646 -0.000331 -0.000053 12.077621 -2.149732 -0.346741 0.000000 0.000000 0.000000 0.999889 1 3.085401841e-05 5.170307122e-05
209 0.001622 -0.000324 -0.000052 12.077621 -2.149732 -0.346741 0.000000 0.000000 0.000000 0.999890 1 2.577994019e-05 4.322105087e-05
209 0.001599 -0.000317 -0.000051 12.077621 -2.149732 -0.346741 0.000000 0.000000 0.000000 0.999891 1 7.484294474e-05 1.358378213e-04
