9 0.429222 0.009143 -0.051933 0.429222 0.009143 -0.051933 0.000000 0.000000 0.000000 0.000000 1 1.138541847e-07 1.138541847e-07
10 0.431882 0.009481 0.151691 0.431872 0.009605 0.150927 0.000000 0.000000 0.000000 0.000000 1 4.819594324e-08 4.819594324e-08
10 0.431881 0.009491 0.151632 0.431872 0.009605 0.150927 0.000000 0.000000 0.000000 0.000000 1 5.285255611e-08 5.285255611e-08
10 0.431880 0.009499 0.151578 0.431872 0.009605 0.150927 0.000000 0.000000 0.000000 0.000000 1 5.098991096e-08 5.098991096e-08
10 0.431879 0.009508 0.151528 0.431872 0.009605 0.150927 0.000000 0.000000 0.000000 0.000000 1 5.797483027e-08 5.797483027e-08
10 0.431879 0.009515 0.151482 0.431872 0.009605 0.150927 0.000000 0.000000 0.000000 0.000000 1 5.494803190e-08 5.494803190e-08
10 0.431878 0.009522 0.151439 0.431872 0.009605 0.150927 0.000000 0.000000 0.000000 0.000000 1 5.308538675e-08 5.308538675e-08
10 0.431878 0.009528 0.151400 0.431872 0.009605 0.150927 0.000000 0.000000 0.000000 0.000000 1 5.401670933e-08 5.401670933e-08
10 0.431877 0.009534 0.151363 0.431872 0.009605 0.150927 0.000000 0.000000 0.000000 0.000000 1 5.285255611e-08 5.285255611e-08
10 0.431877 0.009540 0.151330 0.431872 0.009605 0.150927 0.000000 0.000000 0.000000 0.000000 1 5.192123353e-08 5.192123353e-08
10 0.431876 0.009545 0.151299 0.431872 0.009605 0.150927 0.000000 0.000000 0.000000 0.000000 1 5.797483027e-08 5.797483027e-08
10 0.431876 0.009549 0.151270 0.431872 0.009605 0.150927 0.000000 0.000000 0.000000 0.000000 1 5.308538675e-08 5.308538675e-08
10 0.431876 0.009554 0.151244 0.431872 0.009605 0.150927 0.000000 0.000000 0.000000 0.000000 1 5.192123353e-08 5.192123353e-08
10 0.431875 0.009558 0.151220 0.431872 0.009605 0.150927 0.000000 0.000000 0.000000 0.000000 1 4.703179002e-08 4.703179002e-08
10 0.431875 0.009561 0.151197 0.431872 0.009605 0.150927 0.000000 0.000000 0.000000 0.000000 1 5.098991096e-08 5.098991096e-08
10 0.431875 0.009565 0.151176 0.431872 0.009605 0.150927 0.000000 0.000000 0.000000 0.000000 1 4.912726581e-08 4.912726581e-08
10 0.431875 0.009568 0.151157 0.431872 0.009605 0.150927 0.000000 0.000000 0.000000 0.000000 1 5.192123353e-08 5.192123353e-08
10 0.431874 0.009571 0.151140 0.431872 0.009605 0.150927 0.000000 0.000000 0.000000 0.000000 1 5.285255611e-08 5.285255611e-08
10 0.431874 0.009573 0.151123 0.431872 0.009605 0.150927 0.000000 0.000000 0.000000 0.000000 1 5.215406418e-08 5.215406418e-08
10 0.431874 0.009576 0.151108 0.431872 0.009605 0.150927 0.000000 0.000000 0.000000 0.000000 1 5.005858839e-08 5.005858839e-08
10 0.431874 0.009578 0.151094 0.431872 0.009605 0.150927 0.000000 0.000000 0.000000 0.000000 1 4.796311259e-08 4.796311259e-08
11 0.572440 0.014230 0.730179 0.571911 0.089487 0.727854 0.000000 0.000000 0.000000 0.000000 1 8.102506399e-08 8.102506399e-08
11 0.572399 0.019943 0.729843 0.571911 0.089487 0.727854 0.000000 0.000000 0.000000 0.000000 1 6.193295121e-08 6.193295121e-08
11 0.572361 0.024894 0.729066 0.571911 0.089487 0.727854 0.000000 0.000000 0.000000 0.000000 1 5.704350770e-08 5.704350770e-08
11 0.572326 0.029069 0.728054 0.571911 0.089487 0.727854 0.000000 0.000000 0.000000 0.000000 1 6.100162864e-08 6.100162864e-08
11 0.572294 0.032563 0.727009 0.571911 0.089487 0.727854 0.000000 0.000000 0.000000 0.000000 1 6.216578186e-08 6.216578186e-08
11 0.572264 0.035518 0.726059 0.571911 0.089487 0.727854 0.000000 0.000000 0.000000 0.000000 1 5.797483027e-08 5.797483027e-08
11 0.572237 0.038075 0.725256 0.571911 0.089487 0.727854 0.000000 0.000000 0.000000 0.000000 1 1.611188054e-07 1.611188054e-07
11 0.572211 0.040344 0.724609 0.571911 0.089487 0.727854 0.000000 0.000000 0.000000 0.000000 1 6.216578186e-08 6.216578186e-08
11 0.572188 0.042403 0.724109 0.571911 0.089487 0.727854 0.000000 0.000000 0.000000 0.000000 1 6.216578186e-08 6.216578186e-08
11 0.572166 0.044306 0.723735 0.571911 0.089487 0.727854 0.000000 0.000000 0.000000 0.000000 1 5.494803190e-08 5.494803190e-08
11 0.572146 0.046093 0.723470 0.571911 0.089487 0.727854 0.000000 0.000000 0.000000 0.000000 1 5.518086255e-08 5.518086255e-08
11 0.572128 0.047789 0.723295 0.571911 0.089487 0.727854 0.000000 0.000000 0.000000 0.000000 1 5.401670933e-08 5.401670933e-08
11 0.572111 0.049413 0.723196 0.571911 0.089487 0.727854 0.000000 0.000000 0.000000 0.000000 1 6.984919310e-08 6.984919310e-08
11 0.572095 0.050980 0.723158 0.571911 0.089487 0.727854 0.000000 0.000000 0.000000 0.000000 1 1.259613782e-07 1.259613782e-07
11 0.572081 0.052500 0.723170 0.571911 0.089487 0.727854 0.000000 0.000000 0.000000 0.000000 1 2.398155630e-08 2.398155630e-08
11 0.572068 0.053980 0.723224 0.571911 0.089487 0.727854 0.000000 0.000000 0.000000 0.000000 1 1.022126526e-07 1.022126526e-07
11 0.572056 0.055427 0.723312 0.571911 0.089487 0.727854 0.000000 0.000000 0.000000 0.000000 1 8.195638657e-08 8.195638657e-08
11 0.572044 0.056844 0.723426 0.571911 0.089487 0.727854 0.000000 0.000000 0.000000 0.000000 1 7.101334631e-08 7.101334631e-08
11 0.572034 0.058236 0.723561 0.571911 0.089487 0.727854 0.000000 0.000000 0.000000 0.000000 1 6.100162864e-08 6.100162864e-08
11 0.572024 0.059606 0.723713 0.571911 0.089487 0.727854 0.000000 0.000000 0.000000 0.000000 1 5.983747542e-08 5.983747542e-08
12 0.639076 0.041791 0.869320 0.638726 0.140277 0.884668 0.000000 0.000000 0.000000 0.000000 1 1.639127731e-07 1.639127731e-07
12 0.639049 0.049362 0.869955 0.638726 0.140277 0.884668 0.000000 0.000000 0.000000 0.000000 1 5.983747542e-08 5.983747542e-08
12 0.639024 0.056350 0.870584 0.638726 0.140277 0.884668 0.000000 0.000000 0.000000 0.000000 1 6.007030606e-08 6.007030606e-08
12 0.639001 0.062801 0.871205 0.638726 0.140277 0.884668 0.000000 0.000000 0.000000 0.000000 1 9.802170098e-08 9.802170098e-08
12 0.638980 0.068756 0.871818 0.638726 0.140277 0.884668 0.000000 0.000000 0.000000 0.000000 1 6.007030606e-08 6.007030606e-08
12 0.638961 0.074252 0.872423 0.638726 0.140277 0.884668 0.000000 0.000000 0.000000 0.000000 1 9.103678167e-08 9.103678167e-08
12 0.638943 0.079325 0.873019 0.638726 0.140277 0.884668 0.000000 0.000000 0.000000 0.000000 1 5.797483027e-08 5.797483027e-08
12 0.638926 0.084008 0.873608 0.638726 0.140277 0.884668 0.000000 0.000000 0.000000 0.000000 1 5.494803190e-08 5.494803190e-08
12 0.638910 0.088331 0.874190 0.638726 0.140277 0.884668 0.000000 0.000000 0.000000 0.000000 1 5.401670933e-08 5.401670933e-08
12 0.638896 0.092322 0.874764 0.638726 0.140277 0.884668 0.000000 0.000000 0.000000 0.000000 1 5.681067705e-08 5.681067705e-08
12 0.638883 0.096005 0.875331 0.638726 0.140277 0.884668 0.000000 0.000000 0.000000 0.000000 1 6.100162864e-08 6.100162864e-08
12 0.638871 0.099406 0.875893 0.638726 0.140277 0.884668 0.000000 0.000000 0.000000 0.000000 1 5.890615284e-08 5.890615284e-08
12 0.638860 0.102545 0.876449 0.638726 0.140277 0.884668 0.000000 0.000000 0.000000 0.000000 1 5.913898349e-08 5.913898349e-08
12 0.638850 0.105444 0.877000 0.638726 0.140277 0.884668 0.000000 0.000000 0.000000 0.000000 1 5.890615284e-08 5.890615284e-08
12 0.638840 0.108121 0.877548 0.638726 0.140277 0.884668 0.000000 0.000000 0.000000 0.000000 1 5.913898349e-08 5.913898349e-08
12 0.638831 0.110593 0.878089 0.638726 0.140277 0.884668 0.000000 0.000000 0.000000 0.000000 1 6.309710443e-08 6.309710443e-08
12 0.638823 0.112875 0.878595 0.638726 0.140277 0.884668 0.000000 0.000000 0.000000 0.000000 1 5.308538675e-08 5.308538675e-08
12 0.638816 0.114982 0.879062 0.638726 0.140277 0.884668 0.000000 0.000000 0.000000 0.000000 1 5.098991096e-08 5.098991096e-08
12 0.638809 0.116927 0.879493 0.638726 0.140277 0.884668 0.000000 0.000000 0.000000 0.000000 1 5.192123353e-08 5.192123353e-08
12 0.638802 0.118722 0.879891 0.638726 0.140277 0.884668 0.000000 0.000000 0.000000 0.000000 1 5.285255611e-08 5.285255611e-08
13 0.666045 0.168385 0.878232 0.665871 0.191019 0.923950 0.000000 0.000000 0.000000 0.000000 1 1.678708941e-07 1.678708941e-07
13 0.666031 0.168505 0.879053 0.665871 0.191019 0.923950 0.000000 0.000000 0.000000 0.000000 1 5.494803190e-08 5.494803190e-08
13 0.666019 0.168679 0.879829 0.665871 0.191019 0.923950 0.000000 0.000000 0.000000 0.000000 1 6.007030606e-08 6.007030606e-08
13 0.666008 0.168897 0.880570 0.665871 0.191019 0.923950 0.000000 0.000000 0.000000 0.000000 1 6.007030606e-08 6.007030606e-08
13 0.665997 0.169151 0.881283 0.665871 0.191019 0.923950 0.000000 0.000000 0.000000 0.000000 1 5.797483027e-08 5.797483027e-08
13 0.665987 0.169433 0.881973 0.665871 0.191019 0.923950 0.000000 0.000000 0.000000 0.000000 1 5.611218512e-08 5.611218512e-08
13 0.665978 0.169738 0.882643 0.665871 0.191019 0.923950 0.000000 0.000000 0.000000 0.000000 1 5.681067705e-08 5.681067705e-08
13 0.665970 0.170062 0.883298 0.665871 0.191019 0.923950 0.000000 0.000000 0.000000 0.000000 1 5.401670933e-08 5.401670933e-08
13 0.665962 0.170400 0.883939 0.665871 0.191019 0.923950 0.000000 0.000000 0.000000 0.000000 1 5.681067705e-08 5.681067705e-08
13 0.665955 0.170750 0.884569 0.665871 0.191019 0.923950 0.000000 0.000000 0.000000 0.000000 1 5.797483027e-08 5.797483027e-08
13 0.665949 0.171109 0.885189 0.665871 0.191019 0.923950 0.000000 0.000000 0.000000 0.000000 1 5.797483027e-08 5.797483027e-08
13 0.665943 0.171475 0.885800 0.665871 0.191019 0.923950 0.000000 0.000000 0.000000 0.000000 1 6.007030606e-08 6.007030606e-08
13 0.665937 0.171846 0.886404 0.665871 0.191019 0.923950 0.000000 0.000000 0.000000 0.000000 1 6.519258022e-08 6.519258022e-08
13 0.665932 0.172220 0.887002 0.665871 0.191019 0.923950 0.000000 0.000000 0.000000 0.000000 1 6.007030606e-08 6.007030606e-08
13 0.665928 0.172597 0.887594 0.665871 0.191019 0.923950 0.000000 0.000000 0.000000 0.000000 1 5.983747542e-08 5.983747542e-08
13 0.665923 0.172975 0.888181 0.665871 0.191019 0.923950 0.000000 0.000000 0.000000 0.000000 1 5.983747542e-08 5.983747542e-08
13 0.665919 0.173353 0.888763 0.665871 0.191019 0.923950 0.000000 0.000000 0.000000 0.000000 1 5.797483027e-08 5.797483027e-08
13 0.665915 0.173731 0.889341 0.665871 0.191019 0.923950 0.000000 0.000000 0.000000 0.000000 1 1.711305231e-07 1.711305231e-07
13 0.665912 0.174109 0.889915 0.665871 0.191019 0.923950 0.000000 0.000000 0.000000 0.000000 1 5.494803190e-08 5.494803190e-08
13 0.665909 0.174484 0.890486 0.665871 0.191019 0.923950 0.000000 0.000000 0.000000 0.000000 1 5.587935448e-08 5.587935448e-08
14 0.672956 0.196515 0.883591 0.672896 0.243229 0.979294 0.000000 0.000000 0.000000 0.000000 1 5.797483027e-08 5.797483027e-08
14 0.672951 0.194791 0.887733 0.672896 0.243229 0.979294 0.000000 0.000000 0.000000 0.000000 1 7.613562047e-08 7.613562047e-08
14 0.672947 0.193318 0.890704 0.672896 0.243229 0.979294 0.000000 0.000000 0.000000 0.000000 1 5.797483027e-08 5.797483027e-08
14 0.672943 0.192220 0.892831 0.672896 0.243229 0.979294 0.000000 0.000000 0.000000 0.000000 1 5.681067705e-08 5.681067705e-08
14 0.672939 0.191485 0.894401 0.672896 0.243229 0.979294 0.000000 0.000000 0.000000 0.000000 1 6.007030606e-08 6.007030606e-08
14 0.672936 0.191049 0.895613 0.672896 0.243229 0.979294 0.000000 0.000000 0.000000 0.000000 1 5.704350770e-08 5.704350770e-08
14 0.672933 0.190841 0.896591 0.672896 0.243229 0.979294 0.000000 0.000000 0.000000 0.000000 1 5.983747542e-08 5.983747542e-08
14 0.672930 0.190802 0.897415 0.672896 0.243229 0.979294 0.000000 0.000000 0.000000 0.000000 1 5.890615284e-08 5.890615284e-08
14 0.672927 0.190887 0.898134 0.672896 0.243229 0.979294 0.000000 0.000000 0.000000 0.000000 1 6.100162864e-08 6.100162864e-08
14 0.672925 0.191062 0.898780 0.672896 0.243229 0.979294 0.000000 0.000000 0.000000 0.000000 1 2.584420145e-08 2.584420145e-08
14 0.672922 0.191301 0.899374 0.672896 0.243229 0.979294 0.000000 0.000000 0.000000 0.000000 1 2.584420145e-08 2.584420145e-08
14 0.672920 0.191586 0.899932 0.672896 0.243229 0.979294 0.000000 0.000000 0.000000 0.000000 1 1.490116119e-08 1.490116119e-08
14 0.672918 0.191905 0.900463 0.672896 0.243229 0.979294 0.000000 0.000000 0.000000 0.000000 1 1.490116119e-08 1.490116119e-08
14 0.672916 0.192248 0.900974 0.672896 0.243229 0.979294 0.000000 0.000000 0.000000 0.000000 1 5.797483027e-08 5.797483027e-08
14 0.672915 0.192607 0.901470 0.672896 0.243229 0.979294 0.000000 0.000000 0.000000 0.000000 1 1.590233296e-07 1.590233296e-07
14 0.672913 0.192978 0.901955 0.672896 0.243229 0.979294 0.000000 0.000000 0.000000 0.000000 1 6.007030606e-08 6.007030606e-08
14 0.672912 0.193357 0.902430 0.672896 0.243229 0.979294 0.000000 0.000000 0.000000 0.000000 1 6.007030606e-08 6.007030606e-08
14 0.672911 0.193742 0.902899 0.672896 0.243229 0.979294 0.000000 0.000000 0.000000 0.000000 1 5.494803190e-08 5.494803190e-08
14 0.672909 0.194130 0.903362 0.672896 0.243229 0.979294 0.000000 0.000000 0.000000 0.000000 1 5.913898349e-08 5.913898349e-08
14 0.672908 0.194519 0.903820 0.672896 0.243229 0.979294 0.000000 0.000000 0.000000 0.000000 1 5.494803190e-08 5.494803190e-08
15 0.646722 0.240984 0.858803 0.646809 0.288882 0.930256 0.000000 0.000000 0.000000 0.000000 1 5.704350770e-08 5.704350770e-08
15 0.646729 0.241180 0.864232 0.646809 0.288882 0.930256 0.000000 0.000000 0.000000 0.000000 1 6.007030606e-08 6.007030606e-08
15 0.646735 0.241358 0.869225 0.646809 0.288882 0.930256 0.000000 0.000000 0.000000 0.000000 1 5.890615284e-08 5.890615284e-08
15 0.646741 0.241518 0.873812 0.646809 0.288882 0.930256 0.000000 0.000000 0.000000 0.000000 1 8.894130588e-08 8.894130588e-08
15 0.646746 0.241660 0.878021 0.646809 0.288882 0.930256 0.000000 0.000000 0.000000 0.000000 1 1.529697329e-07 1.529697329e-07
15 0.646751 0.241784 0.881878 0.646809 0.288882 0.930256 0.000000 0.000000 0.000000 0.000000 1 5.401670933e-08 5.401670933e-08
15 0.646755 0.241893 0.885407 0.646809 0.288882 0.930256 0.000000 0.000000 0.000000 0.000000 1 5.797483027e-08 5.797483027e-08
15 0.646760 0.241988 0.888630 0.646809 0.288882 0.930256 0.000000 0.000000 0.000000 0.000000 1 5.401670933e-08 5.401670933e-08
15 0.646763 0.242073 0.891569 0.646809 0.288882 0.930256 0.000000 0.000000 0.000000 0.000000 1 6.100162864e-08 6.100162864e-08
15 0.646767 0.242150 0.894244 0.646809 0.288882 0.930256 0.000000 0.000000 0.000000 0.000000 1 5.704350770e-08 5.704350770e-08
15 0.646770 0.242222 0.896674 0.646809 0.288882 0.930256 0.000000 0.000000 0.000000 0.000000 1 5.308538675e-08 5.308538675e-08
15 0.646773 0.242292 0.898876 0.646809 0.288882 0.930256 0.000000 0.000000 0.000000 0.000000 1 1.669395715e-07 1.669395715e-07
15 0.646776 0.242364 0.900870 0.646809 0.288882 0.930256 0.000000 0.000000 0.000000 0.000000 1 5.890615284e-08 5.890615284e-08
15 0.646779 0.242439 0.902671 0.646809 0.288882 0.930256 0.000000 0.000000 0.000000 0.000000 1 6.193295121e-08 6.193295121e-08
15 0.646781 0.242520 0.904297 0.646809 0.288882 0.930256 0.000000 0.000000 0.000000 0.000000 1 6.100162864e-08 6.100162864e-08
15 0.646783 0.242610 0.905762 0.646809 0.288882 0.930256 0.000000 0.000000 0.000000 0.000000 1 6.007030606e-08 6.007030606e-08
15 0.646785 0.242710 0.907081 0.646809 0.288882 0.930256 0.000000 0.000000 0.000000 0.000000 1 5.308538675e-08 5.308538675e-08
15 0.646787 0.242821 0.908269 0.646809 0.288882 0.930256 0.000000 0.000000 0.000000 0.000000 1 5.797483027e-08 5.797483027e-08
15 0.646789 0.242943 0.909338 0.646809 0.288882 0.930256 0.000000 0.000000 0.000000 0.000000 1 5.983747542e-08 5.983747542e-08
15 0.646790 0.243077 0.910301 0.646809 0.288882 0.930256 0.000000 0.000000 0.000000 0.000000 1 5.401670933e-08 5.401670933e-08
16 0.620160 0.249024 0.882515 0.620279 0.356987 0.913325 0.000000 0.000000 0.000000 0.000000 1 6.286427379e-08 6.286427379e-08
16 0.620169 0.249206 0.884579 0.620279 0.356987 0.913325 0.000000 0.000000 0.000000 0.000000 1 6.100162864e-08 6.100162864e-08
16 0.620177 0.249388 0.886456 0.620279 0.356987 0.913325 0.000000 0.000000 0.000000 0.000000 1 5.494803190e-08 5.494803190e-08
16 0.620185 0.249570 0.888161 0.620279 0.356987 0.913325 0.000000 0.000000 0.000000 0.000000 1 5.494803190e-08 5.494803190e-08
16 0.620192 0.249754 0.889709 0.620279 0.356987 0.913325 0.000000 0.000000 0.000000 0.000000 1 6.495974958e-08 6.495974958e-08
16 0.620199 0.249939 0.891113 0.620279 0.356987 0.913325 0.000000 0.000000 0.000000 0.000000 1 5.913898349e-08 5.913898349e-08
16 0.620205 0.250127 0.892385 0.620279 0.356987 0.913325 0.000000 0.000000 0.000000 0.000000 1 5.797483027e-08 5.797483027e-08
16 0.620211 0.250318 0.893538 0.620279 0.356987 0.913325 0.000000 0.000000 0.000000 0.000000 1 6.495974958e-08 6.495974958e-08
16 0.620216 0.250511 0.894581 0.620279 0.356987 0.913325 0.000000 0.000000 0.000000 0.000000 1 1.690350473e-07 1.690350473e-07
16 0.620221 0.250708 0.895526 0.620279 0.356987 0.913325 0.000000 0.000000 0.000000 0.000000 1 5.494803190e-08 5.494803190e-08
16 0.620225 0.250907 0.896382 0.620279 0.356987 0.913325 0.000000 0.000000 0.000000 0.000000 1 6.379559636e-08 6.379559636e-08
16 0.620229 0.251109 0.897157 0.620279 0.356987 0.913325 0.000000 0.000000 0.000000 0.000000 1 5.494803190e-08 5.494803190e-08
16 0.620233 0.251314 0.897859 0.620279 0.356987 0.913325 0.000000 0.000000 0.000000 0.000000 1 5.401670933e-08 5.401670933e-08
16 0.620237 0.251521 0.898496 0.620279 0.356987 0.913325 0.000000 0.000000 0.000000 0.000000 1 5.983747542e-08 5.983747542e-08
16 0.620240 0.251730 0.899074 0.620279 0.356987 0.913325 0.000000 0.000000 0.000000 0.000000 1 5.494803190e-08 5.494803190e-08
16 0.620243 0.251942 0.899599 0.620279 0.356987 0.913325 0.000000 0.000000 0.000000 0.000000 1 5.797483027e-08 5.797483027e-08
16 0.620246 0.252156 0.900077 0.620279 0.356987 0.913325 0.000000 0.000000 0.000000 0.000000 1 5.611218512e-08 5.611218512e-08
16 0.620248 0.252371 0.900512 0.620279 0.356987 0.913325 0.000000 0.000000 0.000000 0.000000 1 5.797483027e-08 5.797483027e-08
16 0.620251 0.252588 0.900909 0.620279 0.356987 0.913325 0.000000 0.000000 0.000000 0.000000 1 5.704350770e-08 5.704350770e-08
16 0.620253 0.252806 0.901272 0.620279 0.356987 0.913325 0.000000 0.000000 0.000000 0.000000 1 6.100162864e-08 6.100162864e-08
17 0.649519 0.251824 0.918502 0.649432 0.433574 0.936892 0.000000 0.000000 0.000000 0.000000 1 5.913898349e-08 5.913898349e-08
17 0.649512 0.252279 0.917450 0.649432 0.433574 0.936892 0.000000 0.000000 0.000000 0.000000 1 6.402842700e-08 6.402842700e-08
17 0.649506 0.252676 0.916638 0.649432 0.433574 0.936892 0.000000 0.000000 0.000000 0.000000 1 6.100162864e-08 6.100162864e-08
17 0.649500 0.253033 0.916011 0.649432 0.433574 0.936892 0.000000 0.000000 0.000000 0.000000 1 5.797483027e-08 5.797483027e-08
17 0.649495 0.253360 0.915528 0.649432 0.433574 0.936892 0.000000 0.000000 0.000000 0.000000 1 1.040752977e-07 1.040752977e-07
17 0.649490 0.253665 0.915159 0.649432 0.433574 0.936892 0.000000 0.000000 0.000000 0.000000 1 1.378357410e-07 1.378357410e-07
17 0.649486 0.253953 0.914881 0.649432 0.433574 0.936892 0.000000 0.000000 0.000000 0.000000 1 3.515742719e-08 3.515742719e-08
17 0.649481 0.254228 0.914676 0.649432 0.433574 0.936892 0.000000 0.000000 0.000000 0.000000 1 4.400499165e-08 4.400499165e-08
17 0.649478 0.254492 0.914530 0.649432 0.433574 0.936892 0.000000 0.000000 0.000000 0.000000 1 3.608874977e-08 3.608874977e-08
17 0.649474 0.254747 0.914432 0.649432 0.433574 0.936892 0.000000 0.000000 0.000000 0.000000 1 6.193295121e-08 6.193295121e-08
17 0.649471 0.254996 0.914373 0.649432 0.433574 0.936892 0.000000 0.000000 0.000000 0.000000 1 5.983747542e-08 5.983747542e-08
17 0.649468 0.255238 0.914346 0.649432 0.433574 0.936892 0.000000 0.000000 0.000000 0.000000 1 6.100162864e-08 6.100162864e-08
17 0.649465 0.255475 0.914345 0.649432 0.433574 0.936892 0.000000 0.000000 0.000000 0.000000 1 6.100162864e-08 6.100162864e-08
17 0.649462 0.255709 0.914366 0.649432 0.433574 0.936892 0.000000 0.000000 0.000000 0.000000 1 5.983747542e-08 5.983747542e-08
17 0.649460 0.255938 0.914404 0.649432 0.433574 0.936892 0.000000 0.000000 0.000000 0.000000 1 8.521601558e-08 8.521601558e-08
17 0.649458 0.256165 0.914456 0.649432 0.433574 0.936892 0.000000 0.000000 0.000000 0.000000 1 6.100162864e-08 6.100162864e-08
17 0.649456 0.256389 0.914520 0.649432 0.433574 0.936892 0.000000 0.000000 0.000000 0.000000 1 6.100162864e-08 6.100162864e-08
17 0.649454 0.256610 0.914594 0.649432 0.433574 0.936892 0.000000 0.000000 0.000000 0.000000 1 1.320149750e-07 1.320149750e-07
17 0.649452 0.256829 0.914676 0.649432 0.433574 0.936892 0.000000 0.000000 0.000000 0.000000 1 5.983747542e-08 5.983747542e-08
17 0.649451 0.257046 0.914764 0.649432 0.433574 0.936892 0.000000 0.000000 0.000000 0.000000 1 5.913898349e-08 5.913898349e-08
18 0.657677 0.266694 0.837264 0.657628 0.468250 0.861714 0.000000 0.000000 0.000000 0.000000 1 5.797483027e-08 5.797483027e-08
18 0.657674 0.266857 0.839119 0.657628 0.468250 0.861714 0.000000 0.000000 0.000000 0.000000 1 6.007030606e-08 6.007030606e-08
18 0.657670 0.267018 0.840829 0.657628 0.468250 0.861714 0.000000 0.000000 0.000000 0.000000 1 5.797483027e-08 5.797483027e-08
18 0.657667 0.267179 0.842406 0.657628 0.468250 0.861714 0.000000 0.000000 0.000000 0.000000 1 6.193295121e-08 6.193295121e-08
18 0.657664 0.267340 0.843860 0.657628 0.468250 0.861714 0.000000 0.000000 0.000000 0.000000 1 6.100162864e-08 6.100162864e-08
18 0.657661 0.267499 0.845200 0.657628 0.468250 0.861714 0.000000 0.000000 0.000000 0.000000 1 6.100162864e-08 6.100162864e-08
18 0.657659 0.267658 0.846435 0.657628 0.468250 0.861714 0.000000 0.000000 0.000000 0.000000 1 6.007030606e-08 6.007030606e-08
18 0.657656 0.267816 0.847573 0.657628 0.468250 0.861714 0.000000 0.000000 0.000000 0.000000 1 5.890615284e-08 5.890615284e-08
18 0.657654 0.267974 0.848622 0.657628 0.468250 0.861714 0.000000 0.000000 0.000000 0.000000 1 6.007030606e-08 6.007030606e-08
18 0.657652 0.268131 0.849589 0.657628 0.468250 0.861714 0.000000 0.000000 0.000000 0.000000 1 5.797483027e-08 5.797483027e-08
18 0.657650 0.268287 0.850480 0.657628 0.468250 0.861714 0.000000 0.000000 0.000000 0.000000 1 5.913898349e-08 5.913898349e-08
18 0.657649 0.268442 0.851301 0.657628 0.468250 0.861714 0.000000 0.000000 0.000000 0.000000 1 5.890615284e-08 5.890615284e-08
18 0.657647 0.268597 0.852057 0.657628 0.468250 0.861714 0.000000 0.000000 0.000000 0.000000 1 5.611218512e-08 5.611218512e-08
18 0.657646 0.268751 0.852754 0.657628 0.468250 0.861714 0.000000 0.000000 0.000000 0.000000 1 6.007030606e-08 6.007030606e-08
18 0.657644 0.268905 0.853397 0.657628 0.468250 0.861714 0.000000 0.000000 0.000000 0.000000 1 6.007030606e-08 6.007030606e-08
18 0.657643 0.269057 0.853988 0.657628 0.468250 0.861714 0.000000 0.000000 0.000000 0.000000 1 6.007030606e-08 6.007030606e-08
18 0.657642 0.269210 0.854534 0.657628 0.468250 0.861714 0.000000 0.000000 0.000000 0.000000 1 8.009374142e-08 8.009374142e-08
18 0.657641 0.269361 0.855036 0.657628 0.468250 0.861714 0.000000 0.000000 0.000000 0.000000 1 5.611218512e-08 5.611218512e-08
18 0.657640 0.269512 0.855500 0.657628 0.468250 0.861714 0.000000 0.000000 0.000000 0.000000 1 5.913898349e-08 5.913898349e-08
18 0.657639 0.269662 0.855926 0.657628 0.468250 0.861714 0.000000 0.000000 0.000000 0.000000 1 1.681037247e-07 1.681037247e-07
19 0.737200 0.237438 0.617724 0.736885 0.434379 0.624007 0.000000 0.000000 0.000000 0.000000 1 6.007030606e-08 6.007030606e-08
19 0.737175 0.237749 0.618207 0.736885 0.434379 0.624007 0.000000 0.000000 0.000000 0.000000 1 5.797483027e-08 5.797483027e-08
19 0.737152 0.238058 0.618653 0.736885 0.434379 0.624007 0.000000 0.000000 0.000000 0.000000 1 6.100162864e-08 6.100162864e-08
19 0.737131 0.238366 0.619065 0.736885 0.434379 0.624007 0.000000 0.000000 0.000000 0.000000 1 5.913898349e-08 5.913898349e-08
19 0.737111 0.238672 0.619445 0.736885 0.434379 0.624007 0.000000 0.000000 0.000000 0.000000 1 5.797483027e-08 5.797483027e-08
19 0.737093 0.238977 0.619795 0.736885 0.434379 0.624007 0.000000 0.000000 0.000000 0.000000 1 6.100162864e-08 6.100162864e-08
19 0.737077 0.239280 0.620119 0.736885 0.434379 0.624007 0.000000 0.000000 0.000000 0.000000 1 6.007030606e-08 6.007030606e-08
19 0.737061 0.239582 0.620418 0.736885 0.434379 0.624007 0.000000 0.000000 0.000000 0.000000 1 5.611218512e-08 5.611218512e-08
19 0.737047 0.239882 0.620694 0.736885 0.434379 0.624007 0.000000 0.000000 0.000000 0.000000 1 5.797483027e-08 5.797483027e-08
19 0.737034 0.240181 0.620949 0.736885 0.434379 0.624007 0.000000 0.000000 0.000000 0.000000 1 5.890615284e-08 5.890615284e-08
19 0.737022 0.240478 0.621184 0.736885 0.434379 0.624007 0.000000 0.000000 0.000000 0.000000 1 6.007030606e-08 6.007030606e-08
19 0.737011 0.240774 0.621401 0.736885 0.434379 0.624007 0.000000 0.000000 0.000000 0.000000 1 8.405186236e-08 8.405186236e-08
19 0.737001 0.241068 0.621601 0.736885 0.434379 0.624007 0.000000 0.000000 0.000000 0.000000 1 5.704350770e-08 5.704350770e-08
19 0.736991 0.241361 0.621786 0.736885 0.434379 0.624007 0.000000 0.000000 0.000000 0.000000 1 5.913898349e-08 5.913898349e-08
19 0.736983 0.241652 0.621957 0.736885 0.434379 0.624007 0.000000 0.000000 0.000000 0.000000 1 5.308538675e-08 5.308538675e-08
19 0.736975 0.241942 0.622115 0.736885 0.434379 0.624007 0.000000 0.000000 0.000000 0.000000 1 5.797483027e-08 5.797483027e-08
19 0.736967 0.242231 0.622260 0.736885 0.434379 0.624007 0.000000 0.000000 0.000000 0.000000 1 6.007030606e-08 6.007030606e-08
19 0.736960 0.242518 0.622395 0.736885 0.434379 0.624007 0.000000 0.000000 0.000000 0.000000 1 5.797483027e-08 5.797483027e-08
19 0.736954 0.242803 0.622519 0.736885 0.434379 0.624007 0.000000 0.000000 0.000000 0.000000 1 6.100162864e-08 6.100162864e-08
19 0.736948 0.243088 0.622633 0.736885 0.434379 0.624007 0.000000 0.000000 0.000000 0.000000 1 6.100162864e-08 6.100162864e-08
20 0.755232 0.243370 0.546047 0.755104 0.434224 0.547610 0.000000 0.000000 0.000000 0.000000 1 5.983747542e-08 5.983747542e-08
20 0.755221 0.243651 0.546167 0.755104 0.434224 0.547610 0.000000 0.000000 0.000000 0.000000 1 6.007030606e-08 6.007030606e-08
20 0.755210 0.243931 0.546278 0.755104 0.434224 0.547610 0.000000 0.000000 0.000000 0.000000 1 5.005858839e-08 5.005858839e-08
20 0.755201 0.244210 0.546380 0.755104 0.434224 0.547610 0.000000 0.000000 0.000000 0.000000 1 7.799826562e-08 7.799826562e-08
20 0.755192 0.244487 0.546475 0.755104 0.434224 0.547610 0.000000 0.000000 0.000000 0.000000 1 2.607703209e-08 2.607703209e-08
20 0.755185 0.244763 0.546562 0.755104 0.434224 0.547610 0.000000 0.000000 0.000000 0.000000 1 7.706694305e-08 7.706694305e-08
20 0.755177 0.245037 0.546643 0.755104 0.434224 0.547610 0.000000 0.000000 0.000000 0.000000 1 5.704350770e-08 5.704350770e-08
20 0.755171 0.245311 0.546717 0.755104 0.434224 0.547610 0.000000 0.000000 0.000000 0.000000 1 5.983747542e-08 5.983747542e-08
20 0.755164 0.245582 0.546786 0.755104 0.434224 0.547610 0.000000 0.000000 0.000000 0.000000 1 8.218921721e-08 8.218921721e-08
20 0.755159 0.245853 0.546849 0.755104 0.434224 0.547610 0.000000 0.000000 0.000000 0.000000 1 6.100162864e-08 6.100162864e-08
20 0.755153 0.246122 0.546907 0.755104 0.434224 0.547610 0.000000 0.000000 0.000000 0.000000 1 5.704350770e-08 5.704350770e-08
20 0.755149 0.246390 0.546961 0.755104 0.434224 0.547610 0.000000 0.000000 0.000000 0.000000 1 5.797483027e-08 5.797483027e-08
20 0.755144 0.246656 0.547011 0.755104 0.434224 0.547610 0.000000 0.000000 0.000000 0.000000 1 5.983747542e-08 5.983747542e-08
20 0.755140 0.246921 0.547057 0.755104 0.434224 0.547610 0.000000 0.000000 0.000000 0.000000 1 6.286427379e-08 6.286427379e-08
20 0.755136 0.247185 0.547100 0.755104 0.434224 0.547610 0.000000 0.000000 0.000000 0.000000 1 6.007030606e-08 6.007030606e-08
20 0.755133 0.247447 0.547139 0.755104 0.434224 0.547610 0.000000 0.000000 0.000000 0.000000 1 5.913898349e-08 5.913898349e-08
20 0.755130 0.247708 0.547175 0.755104 0.434224 0.547610 0.000000 0.000000 0.000000 0.000000 1 5.704350770e-08 5.704350770e-08
20 0.755127 0.247968 0.547209 0.755104 0.434224 0.547610 0.000000 0.000000 0.000000 0.000000 1 5.797483027e-08 5.797483027e-08
20 0.755124 0.248227 0.547239 0.755104 0.434224 0.547610 0.000000 0.000000 0.000000 0.000000 1 5.797483027e-08 5.797483027e-08
20 0.755122 0.248484 0.547268 0.755104 0.434224 0.547610 0.000000 0.000000 0.000000 0.000000 1 5.890615284e-08 5.890615284e-08
21 0.801574 0.216761 0.371920 0.801397 0.400861 0.372909 0.000000 0.000000 0.000000 0.000000 1 5.797483027e-08 5.797483027e-08
21 0.801517 0.217176 0.371996 0.801397 0.400861 0.372909 0.000000 0.000000 0.000000 0.000000 1 8.195638657e-08 8.195638657e-08
21 0.801466 0.217589 0.372066 0.801397 0.400861 0.372909 0.000000 0.000000 0.000000 0.000000 1 6.193295121e-08 6.193295121e-08
21 0.801420 0.217999 0.372131 0.801397 0.400861 0.372909 0.000000 0.000000 0.000000 0.000000 1 5.913898349e-08 5.913898349e-08
21 0.801379 0.218408 0.372191 0.801397 0.400861 0.372909 0.000000 0.000000 0.000000 0.000000 1 6.007030606e-08 6.007030606e-08
21 0.801341 0.218814 0.372246 0.801397 0.400861 0.372909 0.000000 0.000000 0.000000 0.000000 1 1.171138138e-07 1.171138138e-07
21 0.801308 0.219219 0.372297 0.801397 0.400861 0.372909 0.000000 0.000000 0.000000 0.000000 1 5.611218512e-08 5.611218512e-08
21 0.801278 0.219621 0.372344 0.801397 0.400861 0.372909 0.000000 0.000000 0.000000 0.000000 1 5.890615284e-08 5.890615284e-08
21 0.801251 0.220021 0.372387 0.801397 0.400861 0.372909 0.000000 0.000000 0.000000 0.000000 1 5.587935448e-08 5.587935448e-08
21 0.801227 0.220419 0.372427 0.801397 0.400861 0.372909 0.000000 0.000000 0.000000 0.000000 1 5.913898349e-08 5.913898349e-08
21 0.801205 0.220816 0.372464 0.801397 0.400861 0.372909 0.000000 0.000000 0.000000 0.000000 1 1.688022166e-07 1.688022166e-07
21 0.801186 0.221210 0.372499 0.801397 0.400861 0.372909 0.000000 0.000000 0.000000 0.000000 1 6.007030606e-08 6.007030606e-08
21 0.801170 0.221602 0.372530 0.801397 0.400861 0.372909 0.000000 0.000000 0.000000 0.000000 1 5.983747542e-08 5.983747542e-08
21 0.801155 0.221992 0.372559 0.801397 0.400861 0.372909 0.000000 0.000000 0.000000 0.000000 1 5.494803190e-08 5.494803190e-08
21 0.801142 0.222381 0.372586 0.801397 0.400861 0.372909 0.000000 0.000000 0.000000 0.000000 1 6.007030606e-08 6.007030606e-08
21 0.801131 0.222767 0.372611 0.801397 0.400861 0.372909 0.000000 0.000000 0.000000 0.000000 1 5.401670933e-08 5.401670933e-08
21 0.801121 0.223152 0.372634 0.801397 0.400861 0.372909 0.000000 0.000000 0.000000 0.000000 1 5.797483027e-08 5.797483027e-08
21 0.801113 0.223534 0.372655 0.801397 0.400861 0.372909 0.000000 0.000000 0.000000 0.000000 1 6.193295121e-08 6.193295121e-08
21 0.801106 0.223915 0.372674 0.801397 0.400861 0.372909 0.000000 0.000000 0.000000 0.000000 1 5.518086255e-08 5.518086255e-08
21 0.801100 0.224293 0.372692 0.801397 0.400861 0.372909 0.000000 0.000000 0.000000 0.000000 1 5.704350770e-08 5.704350770e-08
22 0.736929 0.224804 0.389213 0.737465 0.400798 0.389349 0.000000 0.000000 0.000000 0.000000 1 5.611218512e-08 5.611218512e-08
22 0.736969 0.225178 0.389223 0.737465 0.400798 0.389349 0.000000 0.000000 0.000000 0.000000 1 5.890615284e-08 5.890615284e-08
22 0.737006 0.225549 0.389233 0.737465 0.400798 0.389349 0.000000 0.000000 0.000000 0.000000 1 8.498318493e-08 8.498318493e-08
22 0.737040 0.225919 0.389242 0.737465 0.400798 0.389349 0.000000 0.000000 0.000000 0.000000 1 6.100162864e-08 6.100162864e-08
22 0.737072 0.226287 0.389250 0.737465 0.400798 0.389349 0.000000 0.000000 0.000000 0.000000 1 5.913898349e-08 5.913898349e-08
22 0.737101 0.226654 0.389258 0.737465 0.400798 0.389349 0.000000 0.000000 0.000000 0.000000 1 6.007030606e-08 6.007030606e-08
22 0.737128 0.227018 0.389265 0.737465 0.400798 0.389349 0.000000 0.000000 0.000000 0.000000 1 5.890615284e-08 5.890615284e-08
22 0.737153 0.227381 0.389271 0.737465 0.400798 0.389349 0.000000 0.000000 0.000000 0.000000 1 5.681067705e-08 5.681067705e-08
22 0.737176 0.227742 0.389277 0.737465 0.400798 0.389349 0.000000 0.000000 0.000000 0.000000 1 5.890615284e-08 5.890615284e-08
22 0.737197 0.228101 0.389283 0.737465 0.400798 0.389349 0.000000 0.000000 0.000000 0.000000 1 6.100162864e-08 6.100162864e-08
22 0.737217 0.228458 0.389288 0.737465 0.400798 0.389349 0.000000 0.000000 0.000000 0.000000 1 6.100162864e-08 6.100162864e-08
22 0.737235 0.228814 0.389292 0.737465 0.400798 0.389349 0.000000 0.000000 0.000000 0.000000 1 6.007030606e-08 6.007030606e-08
22 0.737252 0.229167 0.389297 0.737465 0.400798 0.389349 0.000000 0.000000 0.000000 0.000000 1 5.913898349e-08 5.913898349e-08
22 0.737268 0.229519 0.389301 0.737465 0.400798 0.389349 0.000000 0.000000 0.000000 0.000000 1 5.797483027e-08 5.797483027e-08
22 0.737282 0.229869 0.389304 0.737465 0.400798 0.389349 0.000000 0.000000 0.000000 0.000000 1 6.100162864e-08 6.100162864e-08
22 0.737295 0.230218 0.389308 0.737465 0.400798 0.389349 0.000000 0.000000 0.000000 0.000000 1 5.797483027e-08 5.797483027e-08
22 0.737308 0.230565 0.389311 0.737465 0.400798 0.389349 0.000000 0.000000 0.000000 0.000000 1 5.797483027e-08 5.797483027e-08
22 0.737319 0.230910 0.389314 0.737465 0.400798 0.389349 0.000000 0.000000 0.000000 0.000000 1 5.797483027e-08 5.797483027e-08
22 0.737329 0.231253 0.389317 0.737465 0.400798 0.389349 0.000000 0.000000 0.000000 0.000000 1 1.490116119e-08 1.490116119e-08
22 0.737339 0.231595 0.389319 0.737465 0.400798 0.389349 0.000000 0.000000 0.000000 0.000000 1 1.909211278e-08 1.909211278e-08
23 0.646667 0.196581 0.370557 0.647135 0.364225 0.370657 0.000000 0.000000 0.000000 0.000000 1 1.396983862e-08 1.396983862e-08
23 0.646703 0.197095 0.370565 0.647135 0.364225 0.370657 0.000000 0.000000 0.000000 0.000000 1 5.797483027e-08 5.797483027e-08
23 0.646736 0.197606 0.370572 0.647135 0.364225 0.370657 0.000000 0.000000 0.000000 0.000000 1 6.100162864e-08 6.100162864e-08
23 0.646767 0.198115 0.370578 0.647135 0.364225 0.370657 0.000000 0.000000 0.000000 0.000000 1 6.100162864e-08 6.100162864e-08
23 0.646795 0.198621 0.370584 0.647135 0.364225 0.370657 0.000000 0.000000 0.000000 0.000000 1 5.890615284e-08 5.890615284e-08
23 0.646821 0.199125 0.370590 0.647135 0.364225 0.370657 0.000000 0.000000 0.000000 0.000000 1 6.007030606e-08 6.007030606e-08
23 0.646846 0.199626 0.370595 0.647135 0.364225 0.370657 0.000000 0.000000 0.000000 0.000000 1 6.286427379e-08 6.286427379e-08
23 0.646868 0.200125 0.370600 0.647135 0.364225 0.370657 0.000000 0.000000 0.000000 0.000000 1 5.983747542e-08 5.983747542e-08
23 0.646888 0.200621 0.370604 0.647135 0.364225 0.370657 0.000000 0.000000 0.000000 0.000000 1 5.890615284e-08 5.890615284e-08
23 0.646907 0.201115 0.370608 0.647135 0.364225 0.370657 0.000000 0.000000 0.000000 0.000000 1 5.704350770e-08 5.704350770e-08
23 0.646925 0.201607 0.370612 0.647135 0.364225 0.370657 0.000000 0.000000 0.000000 0.000000 1 5.983747542e-08 5.983747542e-08
23 0.646941 0.202095 0.370616 0.647135 0.364225 0.370657 0.000000 0.000000 0.000000 0.000000 1 5.704350770e-08 5.704350770e-08
23 0.646956 0.202582 0.370619 0.647135 0.364225 0.370657 0.000000 0.000000 0.000000 0.000000 1 6.007030606e-08 6.007030606e-08
23 0.646970 0.203066 0.370622 0.647135 0.364225 0.370657 0.000000 0.000000 0.000000 0.000000 1 6.286427379e-08 6.286427379e-08
23 0.646982 0.203548 0.370624 0.647135 0.364225 0.370657 0.000000 0.000000 0.000000 0.000000 1 5.704350770e-08 5.704350770e-08
23 0.646994 0.204027 0.370627 0.647135 0.364225 0.370657 0.000000 0.000000 0.000000 0.000000 1 6.007030606e-08 6.007030606e-08
23 0.647005 0.204504 0.370629 0.647135 0.364225 0.370657 0.000000 0.000000 0.000000 0.000000 1 6.309710443e-08 6.309710443e-08
23 0.647015 0.204978 0.370631 0.647135 0.364225 0.370657 0.000000 0.000000 0.000000 0.000000 1 5.983747542e-08 5.983747542e-08
23 0.647024 0.205451 0.370633 0.647135 0.364225 0.370657 0.000000 0.000000 0.000000 0.000000 1 5.797483027e-08 5.797483027e-08
23 0.647033 0.205920 0.370635 0.647135 0.364225 0.370657 0.000000 0.000000 0.000000 0.000000 1 5.494803190e-08 5.494803190e-08
24 0.535705 0.182250 0.383764 0.536231 0.338939 0.383733 0.000000 0.000000 0.000000 0.000000 1 5.890615284e-08 5.890615284e-08
24 0.535745 0.182835 0.383762 0.536231 0.338939 0.383733 0.000000 0.000000 0.000000 0.000000 1 6.007030606e-08 6.007030606e-08
24 0.535783 0.183418 0.383760 0.536231 0.338939 0.383733 0.000000 0.000000 0.000000 0.000000 1 5.704350770e-08 5.704350770e-08
24 0.535817 0.183997 0.383758 0.536231 0.338939 0.383733 0.000000 0.000000 0.000000 0.000000 1 5.797483027e-08 5.797483027e-08
24 0.535849 0.184573 0.383756 0.536231 0.338939 0.383733 0.000000 0.000000 0.000000 0.000000 1 5.494803190e-08 5.494803190e-08
24 0.535878 0.185147 0.383754 0.536231 0.338939 0.383733 0.000000 0.000000 0.000000 0.000000 1 5.890615284e-08 5.890615284e-08
24 0.535905 0.185718 0.383752 0.536231 0.338939 0.383733 0.000000 0.000000 0.000000 0.000000 1 6.007030606e-08 6.007030606e-08
24 0.535930 0.186285 0.383751 0.536231 0.338939 0.383733 0.000000 0.000000 0.000000 0.000000 1 5.890615284e-08 5.890615284e-08
24 0.535953 0.186850 0.383750 0.536231 0.338939 0.383733 0.000000 0.000000 0.000000 0.000000 1 5.983747542e-08 5.983747542e-08
24 0.535975 0.187413 0.383748 0.536231 0.338939 0.383733 0.000000 0.000000 0.000000 0.000000 1 5.704350770e-08 5.704350770e-08
24 0.535994 0.187972 0.383747 0.536231 0.338939 0.383733 0.000000 0.000000 0.000000 0.000000 1 5.890615284e-08 5.890615284e-08
24 0.536013 0.188529 0.383746 0.536231 0.338939 0.383733 0.000000 0.000000 0.000000 0.000000 1 5.681067705e-08 5.681067705e-08
24 0.536029 0.189083 0.383745 0.536231 0.338939 0.383733 0.000000 0.000000 0.000000 0.000000 1 5.983747542e-08 5.983747542e-08
24 0.536045 0.189634 0.383744 0.536231 0.338939 0.383733 0.000000 0.000000 0.000000 0.000000 1 9.289942682e-08 9.289942682e-08
24 0.536059 0.190182 0.383743 0.536231 0.338939 0.383733 0.000000 0.000000 0.000000 0.000000 1 5.797483027e-08 5.797483027e-08
24 0.536072 0.190728 0.383743 0.536231 0.338939 0.383733 0.000000 0.000000 0.000000 0.000000 1 6.007030606e-08 6.007030606e-08
24 0.536084 0.191271 0.383742 0.536231 0.338939 0.383733 0.000000 0.000000 0.000000 0.000000 1 6.007030606e-08 6.007030606e-08
24 0.536096 0.191811 0.383741 0.536231 0.338939 0.383733 0.000000 0.000000 0.000000 0.000000 1 5.704350770e-08 5.704350770e-08
24 0.536106 0.192349 0.383741 0.536231 0.338939 0.383733 0.000000 0.000000 0.000000 0.000000 1 1.720618457e-07 1.720618457e-07
24 0.536116 0.192884 0.383740 0.536231 0.338939 0.383733 0.000000 0.000000 0.000000 0.000000 1 5.401670933e-08 5.401670933e-08
25 0.470901 0.172317 0.361180 0.471259 0.316789 0.361261 0.000000 0.000000 0.000000 0.000000 1 6.495974958e-08 6.495974958e-08
25 0.470928 0.172952 0.361186 0.471259 0.316789 0.361261 0.000000 0.000000 0.000000 0.000000 1 5.704350770e-08 5.704350770e-08
25 0.470954 0.173583 0.361192 0.471259 0.316789 0.361261 0.000000 0.000000 0.000000 0.000000 1 6.100162864e-08 6.100162864e-08
25 0.470977 0.174211 0.361197 0.471259 0.316789 0.361261 0.000000 0.000000 0.000000 0.000000 1 5.308538675e-08 5.308538675e-08
25 0.470999 0.174836 0.361202 0.471259 0.316789 0.361261 0.000000 0.000000 0.000000 0.000000 1 6.193295121e-08 6.193295121e-08
25 0.471019 0.175458 0.361207 0.471259 0.316789 0.361261 0.000000 0.000000 0.000000 0.000000 1 5.308538675e-08 5.308538675e-08
25 0.471038 0.176077 0.361211 0.471259 0.316789 0.361261 0.000000 0.000000 0.000000 0.000000 1 5.983747542e-08 5.983747542e-08
25 0.471055 0.176693 0.361215 0.471259 0.316789 0.361261 0.000000 0.000000 0.000000 0.000000 1 5.797483027e-08 5.797483027e-08
25 0.471070 0.177305 0.361218 0.471259 0.316789 0.361261 0.000000 0.000000 0.000000 0.000000 1 5.797483027e-08 5.797483027e-08
25 0.471085 0.177915 0.361222 0.471259 0.316789 0.361261 0.000000 0.000000 0.000000 0.000000 1 5.611218512e-08 5.611218512e-08
25 0.471098 0.178522 0.361225 0.471259 0.316789 0.361261 0.000000 0.000000 0.000000 0.000000 1 6.100162864e-08 6.100162864e-08
25 0.471111 0.179125 0.361228 0.471259 0.316789 0.361261 0.000000 0.000000 0.000000 0.000000 1 6.309710443e-08 6.309710443e-08
25 0.471122 0.179726 0.361230 0.471259 0.316789 0.361261 0.000000 0.000000 0.000000 0.000000 1 6.007030606e-08 6.007030606e-08
25 0.471133 0.180324 0.361233 0.471259 0.316789 0.361261 0.000000 0.000000 0.000000 0.000000 1 5.983747542e-08 5.983747542e-08
25 0.471142 0.180918 0.361235 0.471259 0.316789 0.361261 0.000000 0.000000 0.000000 0.000000 1 5.098991096e-08 5.098991096e-08
25 0.471151 0.181510 0.361237 0.471259 0.316789 0.361261 0.000000 0.000000 0.000000 0.000000 1 1.711305231e-07 1.711305231e-07
25 0.471160 0.182099 0.361239 0.471259 0.316789 0.361261 0.000000 0.000000 0.000000 0.000000 1 6.007030606e-08 6.007030606e-08
25 0.471167 0.182685 0.361240 0.471259 0.316789 0.361261 0.000000 0.000000 0.000000 0.000000 1 6.007030606e-08 6.007030606e-08
25 0.471174 0.183267 0.361242 0.471259 0.316789 0.361261 0.000000 0.000000 0.000000 0.000000 1 5.797483027e-08 5.797483027e-08
25 0.471181 0.183847 0.361243 0.471259 0.316789 0.361261 0.000000 0.000000 0.000000 0.000000 1 5.587935448e-08 5.587935448e-08
26 0.400085 0.166468 0.354181 0.400432 0.297882 0.354225 0.000000 0.000000 0.000000 0.000000 1 6.007030606e-08 6.007030606e-08
26 0.400111 0.167131 0.354185 0.400432 0.297882 0.354225 0.000000 0.000000 0.000000 0.000000 1 5.913898349e-08 5.913898349e-08
26 0.400136 0.167792 0.354188 0.400432 0.297882 0.354225 0.000000 0.000000 0.000000 0.000000 1 5.983747542e-08 5.983747542e-08
26 0.400159 0.168449 0.354190 0.400432 0.297882 0.354225 0.000000 0.000000 0.000000 0.000000 1 5.587935448e-08 5.587935448e-08
26 0.400180 0.169102 0.354193 0.400432 0.297882 0.354225 0.000000 0.000000 0.000000 0.000000 1 6.007030606e-08 6.007030606e-08
26 0.400199 0.169753 0.354196 0.400432 0.297882 0.354225 0.000000 0.000000 0.000000 0.000000 1 5.401670933e-08 5.401670933e-08
26 0.400217 0.170400 0.354198 0.400432 0.297882 0.354225 0.000000 0.000000 0.000000 0.000000 1 5.913898349e-08 5.913898349e-08
26 0.400234 0.171044 0.354200 0.400432 0.297882 0.354225 0.000000 0.000000 0.000000 0.000000 1 5.797483027e-08 5.797483027e-08
26 0.400249 0.171685 0.354202 0.400432 0.297882 0.354225 0.000000 0.000000 0.000000 0.000000 1 6.402842700e-08 6.402842700e-08
26 0.400263 0.172322 0.354204 0.400432 0.297882 0.354225 0.000000 0.000000 0.000000 0.000000 1 6.402842700e-08 6.402842700e-08
26 0.400276 0.172957 0.354205 0.400432 0.297882 0.354225 0.000000 0.000000 0.000000 0.000000 1 6.193295121e-08 6.193295121e-08
26 0.400288 0.173588 0.354207 0.400432 0.297882 0.354225 0.000000 0.000000 0.000000 0.000000 1 5.797483027e-08 5.797483027e-08
26 0.400299 0.174216 0.354208 0.400432 0.297882 0.354225 0.000000 0.000000 0.000000 0.000000 1 7.194466889e-08 7.194466889e-08
26 0.400309 0.174841 0.354209 0.400432 0.297882 0.354225 0.000000 0.000000 0.000000 0.000000 1 5.494803190e-08 5.494803190e-08
26 0.400319 0.175463 0.354211 0.400432 0.297882 0.354225 0.000000 0.000000 0.000000 0.000000 1 6.193295121e-08 6.193295121e-08
26 0.400328 0.176082 0.354212 0.400432 0.297882 0.354225 0.000000 0.000000 0.000000 0.000000 1 6.007030606e-08 6.007030606e-08
26 0.400336 0.176697 0.354213 0.400432 0.297882 0.354225 0.000000 0.000000 0.000000 0.000000 1 6.007030606e-08 6.007030606e-08
26 0.400343 0.177310 0.354214 0.400432 0.297882 0.354225 0.000000 0.000000 0.000000 0.000000 1 5.494803190e-08 5.494803190e-08
26 0.400350 0.177920 0.354214 0.400432 0.297882 0.354225 0.000000 0.000000 0.000000 0.000000 1 5.611218512e-08 5.611218512e-08
26 0.400356 0.178526 0.354215 0.400432 0.297882 0.354225 0.000000 0.000000 0.000000 0.000000 1 6.216578186e-08 6.216578186e-08
27 0.395058 0.152038 0.285120 0.395149 0.269973 0.285396 0.000000 0.000000 0.000000 0.000000 1 8.987262845e-08 8.987262845e-08
27 0.395065 0.152773 0.285141 0.395149 0.269973 0.285396 0.000000 0.000000 0.000000 0.000000 1 5.797483027e-08 5.797483027e-08
27 0.395072 0.153504 0.285161 0.395149 0.269973 0.285396 0.000000 0.000000 0.000000 0.000000 1 5.704350770e-08 5.704350770e-08
27 0.395078 0.154232 0.285179 0.395149 0.269973 0.285396 0.000000 0.000000 0.000000 0.000000 1 6.100162864e-08 6.100162864e-08
27 0.395083 0.154957 0.285196 0.395149 0.269973 0.285396 0.000000 0.000000 0.000000 0.000000 1 5.401670933e-08 5.401670933e-08
27 0.395088 0.155677 0.285211 0.395149 0.269973 0.285396 0.000000 0.000000 0.000000 0.000000 1 6.402842700e-08 6.402842700e-08
27 0.395093 0.156394 0.285225 0.395149 0.269973 0.285396 0.000000 0.000000 0.000000 0.000000 1 5.913898349e-08 5.913898349e-08
27 0.395097 0.157108 0.285238 0.395149 0.269973 0.285396 0.000000 0.000000 0.000000 0.000000 1 5.797483027e-08 5.797483027e-08
27 0.395101 0.157818 0.285250 0.395149 0.269973 0.285396 0.000000 0.000000 0.000000 0.000000 1 9.802170098e-08 9.802170098e-08
27 0.395105 0.158524 0.285262 0.395149 0.269973 0.285396 0.000000 0.000000 0.000000 0.000000 1 6.007030606e-08 6.007030606e-08
27 0.395108 0.159227 0.285272 0.395149 0.269973 0.285396 0.000000 0.000000 0.000000 0.000000 1 5.797483027e-08 5.797483027e-08
27 0.395111 0.159927 0.285282 0.395149 0.269973 0.285396 0.000000 0.000000 0.000000 0.000000 1 5.587935448e-08 5.587935448e-08
27 0.395114 0.160623 0.285290 0.395149 0.269973 0.285396 0.000000 0.000000 0.000000 0.000000 1 5.494803190e-08 5.494803190e-08
27 0.395117 0.161315 0.285298 0.395149 0.269973 0.285396 0.000000 0.000000 0.000000 0.000000 1 5.704350770e-08 5.704350770e-08
27 0.395119 0.162004 0.285306 0.395149 0.269973 0.285396 0.000000 0.000000 0.000000 0.000000 1 6.100162864e-08 6.100162864e-08
27 0.395121 0.162690 0.285313 0.395149 0.269973 0.285396 0.000000 0.000000 0.000000 0.000000 1 6.100162864e-08 6.100162864e-08
27 0.395123 0.163372 0.285319 0.395149 0.269973 0.285396 0.000000 0.000000 0.000000 0.000000 1 6.100162864e-08 6.100162864e-08
27 0.395125 0.164050 0.285325 0.395149 0.269973 0.285396 0.000000 0.000000 0.000000 0.000000 1 6.100162864e-08 6.100162864e-08
27 0.395127 0.164725 0.285331 0.395149 0.269973 0.285396 0.000000 0.000000 0.000000 0.000000 1 6.100162864e-08 6.100162864e-08
27 0.395128 0.165397 0.285336 0.395149 0.269973 0.285396 0.000000 0.000000 0.000000 0.000000 1 5.518086255e-08 5.518086255e-08
28 0.385680 0.140189 0.261833 0.385736 0.243400 0.261980 0.000000 0.000000 0.000000 0.000000 1 5.611218512e-08 5.611218512e-08
28 0.385684 0.140982 0.261844 0.385736 0.243400 0.261980 0.000000 0.000000 0.000000 0.000000 1 5.797483027e-08 5.797483027e-08
28 0.385687 0.141771 0.261855 0.385736 0.243400 0.261980 0.000000 0.000000 0.000000 0.000000 1 5.494803190e-08 5.494803190e-08
28 0.385690 0.142555 0.261864 0.385736 0.243400 0.261980 0.000000 0.000000 0.000000 0.000000 1 5.820766091e-08 5.820766091e-08
28 0.385693 0.143336 0.261873 0.385736 0.243400 0.261980 0.000000 0.000000 0.000000 0.000000 1 5.797483027e-08 5.797483027e-08
28 0.385695 0.144112 0.261882 0.385736 0.243400 0.261980 0.000000 0.000000 0.000000 0.000000 1 5.494803190e-08 5.494803190e-08
28 0.385697 0.144884 0.261889 0.385736 0.243400 0.261980 0.000000 0.000000 0.000000 0.000000 1 1.699663699e-07 1.699663699e-07
28 0.385699 0.145652 0.261896 0.385736 0.243400 0.261980 0.000000 0.000000 0.000000 0.000000 1 5.681067705e-08 5.681067705e-08
28 0.385700 0.146415 0.261903 0.385736 0.243400 0.261980 0.000000 0.000000 0.000000 0.000000 1 2.281740308e-08 2.281740308e-08
28 0.385701 0.147174 0.261909 0.385736 0.243400 0.261980 0.000000 0.000000 0.000000 0.000000 1 2.491287887e-08 2.491287887e-08
28 0.385701 0.147929 0.261914 0.385736 0.243400 0.261980 0.000000 0.000000 0.000000 0.000000 1 2.700835466e-08 2.700835466e-08
28 0.385701 0.148679 0.261919 0.385736 0.243400 0.261980 0.000000 0.000000 0.000000 0.000000 1 2.887099981e-08 2.887099981e-08
28 0.385701 0.149425 0.261924 0.385736 0.243400 0.261980 0.000000 0.000000 0.000000 0.000000 1 5.913898349e-08 5.913898349e-08
28 0.385701 0.150166 0.261928 0.385736 0.243400 0.261980 0.000000 0.000000 0.000000 0.000000 1 6.100162864e-08 6.100162864e-08
28 0.385700 0.150903 0.261932 0.385736 0.243400 0.261980 0.000000 0.000000 0.000000 0.000000 1 5.797483027e-08 5.797483027e-08
28 0.385699 0.151635 0.261936 0.385736 0.243400 0.261980 0.000000 0.000000 0.000000 0.000000 1 5.587935448e-08 5.587935448e-08
28 0.385697 0.152362 0.261939 0.385736 0.243400 0.261980 0.000000 0.000000 0.000000 0.000000 1 5.797483027e-08 5.797483027e-08
28 0.385695 0.153084 0.261942 0.385736 0.243400 0.261980 0.000000 0.000000 0.000000 0.000000 1 6.100162864e-08 6.100162864e-08
28 0.385692 0.153800 0.261945 0.385736 0.243400 0.261980 0.000000 0.000000 0.000000 0.000000 1 6.402842700e-08 6.402842700e-08
28 0.385689 0.154510 0.261948 0.385736 0.243400 0.261980 0.000000 0.000000 0.000000 0.000000 1 5.401670933e-08 5.401670933e-08
29 0.422831 0.130032 0.235967 0.422743 0.217662 0.236097 0.000000 0.000000 0.000000 0.000000 1 6.007030606e-08 6.007030606e-08
29 0.422796 0.130805 0.235977 0.422743 0.217662 0.236097 0.000000 0.000000 0.000000 0.000000 1 6.007030606e-08 6.007030606e-08
29 0.422760 0.131564 0.235986 0.422743 0.217662 0.236097 0.000000 0.000000 0.000000 0.000000 1 5.797483027e-08 5.797483027e-08
29 0.422723 0.132306 0.235995 0.422743 0.217662 0.236097 0.000000 0.000000 0.000000 0.000000 1 5.494803190e-08 5.494803190e-08
29 0.422682 0.133028 0.236003 0.422743 0.217662 0.236097 0.000000 0.000000 0.000000 0.000000 1 5.890615284e-08 5.890615284e-08
29 0.422637 0.133727 0.236010 0.422743 0.217662 0.236097 0.000000 0.000000 0.000000 0.000000 1 5.983747542e-08 5.983747542e-08
29 0.422586 0.134398 0.236017 0.422743 0.217662 0.236097 0.000000 0.000000 0.000000 0.000000 1 5.587935448e-08 5.587935448e-08
29 0.422528 0.135035 0.236023 0.422743 0.217662 0.236097 0.000000 0.000000 0.000000 0.000000 1 6.286427379e-08 6.286427379e-08
29 0.422461 0.135632 0.236029 0.422743 0.217662 0.236097 0.000000 0.000000 0.000000 0.000000 1 5.587935448e-08 5.587935448e-08
29 0.422383 0.136185 0.236035 0.422743 0.217662 0.236097 0.000000 0.000000 0.000000 0.000000 1 6.007030606e-08 6.007030606e-08
29 0.422293 0.136690 0.236040 0.422743 0.217662 0.236097 0.000000 0.000000 0.000000 0.000000 1 5.681067705e-08 5.681067705e-08
29 0.422191 0.137144 0.236045 0.422743 0.217662 0.236097 0.000000 0.000000 0.000000 0.000000 1 6.100162864e-08 6.100162864e-08
29 0.422078 0.137547 0.236049 0.422743 0.217662 0.236097 0.000000 0.000000 0.000000 0.000000 1 6.216578186e-08 6.216578186e-08
29 0.421950 0.137891 0.236054 0.422743 0.217662 0.236097 0.000000 0.000000 0.000000 0.000000 1 6.100162864e-08 6.100162864e-08
29 0.421805 0.138168 0.236058 0.422743 0.217662 0.236097 0.000000 0.000000 0.000000 0.000000 1 5.983747542e-08 5.983747542e-08
29 0.421638 0.138366 0.236062 0.422743 0.217662 0.236097 0.000000 0.000000 0.000000 0.000000 1 1.050066203e-07 1.050066203e-07
29 0.421440 0.138467 0.236066 0.422743 0.217662 0.236097 0.000000 0.000000 0.000000 0.000000 1 6.309710443e-08 6.309710443e-08
29 0.421202 0.138449 0.236070 0.422743 0.217662 0.236097 0.000000 0.000000 0.000000 0.000000 1 6.007030606e-08 6.007030606e-08
29 0.420908 0.138282 0.236074 0.422743 0.217662 0.236097 0.000000 0.000000 0.000000 0.000000 1 6.007030606e-08 6.007030606e-08
29 0.420540 0.137934 0.236078 0.422743 0.217662 0.236097 0.000000 0.000000 0.000000 0.000000 1 6.007030606e-08 6.007030606e-08
30 0.434061 0.107031 0.251772 0.437106 0.187313 0.251725 0.000000 0.000000 0.000000 0.000000 1 5.983747542e-08 5.983747542e-08
30 0.431514 0.104147 0.251777 0.437106 0.187313 0.251725 0.000000 0.000000 0.000000 0.000000 1 5.797483027e-08 5.797483027e-08
30 0.428287 0.100750 0.251784 0.437106 0.187313 0.251725 0.000000 0.000000 0.000000 0.000001 1 6.100162864e-08 6.100162864e-08
30 0.424188 0.096896 0.251792 0.437106 0.187313 0.251725 0.000000 0.000000 0.000000 0.000001 1 5.797483027e-08 5.797483027e-08
30 0.419004 0.092712 0.251803 0.437106 0.187313 0.251725 0.000000 0.000000 0.000000 0.000001 1 6.100162864e-08 6.100162864e-08
30 0.412572 0.088421 0.251817 0.437106 0.187313 0.251725 0.000000 0.000000 0.000000 0.000001 1 6.309710443e-08 6.309710443e-08
30 0.404874 0.084314 0.251832 0.437106 0.187313 0.251725 0.000000 0.000000 0.000000 0.000001 1 6.007030606e-08 6.007030606e-08
30 0.396080 0.080648 0.251850 0.437106 0.187313 0.251725 0.000000 0.000000 0.000000 0.000001 1 6.495974958e-08 6.495974958e-08
30 0.386488 0.077561 0.251868 0.437106 0.187313 0.251725 0.000000 0.000000 0.000000 0.000001 1 6.100162864e-08 6.100162864e-08
30 0.376424 0.075053 0.251887 0.437106 0.187313 0.251725 0.000000 0.000000 0.000000 0.000001 1 6.007030606e-08 6.007030606e-08
30 0.366172 0.073035 0.251905 0.437106 0.187313 0.251725 0.000000 0.000000 0.000000 0.000001 1 6.216578186e-08 6.216578186e-08
30 0.355934 0.071386 0.251924 0.437106 0.187313 0.251725 0.000000 0.000000 0.000000 0.000001 1 5.587935448e-08 5.587935448e-08
30 0.345832 0.070013 0.251942 0.437106 0.187313 0.251725 0.000000 0.000000 0.000000 0.000002 1 5.681067705e-08 5.681067705e-08
30 0.335916 0.068869 0.251960 0.437106 0.187313 0.251725 0.000000 0.000000 0.000000 0.000002 1 5.797483027e-08 5.797483027e-08
30 0.326193 0.067955 0.251977 0.437106 0.187313 0.251725 0.000000 0.000000 0.000000 0.000002 1 6.007030606e-08 6.007030606e-08
30 0.316657 0.067287 0.251994 0.437106 0.187313 0.251725 0.000000 0.000000 0.000000 0.000002 1 5.890615284e-08 5.890615284e-08
30 0.307297 0.066889 0.252011 0.437106 0.187313 0.251725 0.000000 0.000000 0.000000 0.000002 1 5.401670933e-08 5.401670933e-08
30 0.298114 0.066776 0.252029 0.437106 0.187313 0.251725 0.000000 0.000000 0.000000 0.000002 1 2.218876034e-07 2.218876034e-07
30 0.289117 0.066941 0.252048 0.437106 0.187313 0.251725 0.000000 0.000000 0.000000 0.000002 1 5.494803190e-08 5.494803190e-08
30 0.280330 0.067346 0.252068 0.437106 0.187313 0.251725 0.000000 0.000000 0.000000 0.000002 1 5.797483027e-08 5.797483027e-08
31 0.277164 0.055166 0.268535 0.456645 0.179757 0.268081 0.000000 0.000000 0.000000 0.000002 1 5.797483027e-08 5.797483027e-08
31 0.268094 0.057771 0.268542 0.456645 0.179757 0.268081 0.000000 0.000000 0.000000 0.000002 1 6.216578186e-08 6.216578186e-08
31 0.259448 0.060034 0.268552 0.456645 0.179757 0.268081 0.000000 0.000000 0.000000 0.000002 1 5.983747542e-08 5.983747542e-08
31 0.251177 0.062064 0.268564 0.456645 0.179757 0.268081 0.000000 0.000000 0.000000 0.000002 1 5.913898349e-08 5.913898349e-08
31 0.243237 0.063964 0.268579 0.456645 0.179757 0.268081 0.000000 0.000000 0.000000 0.000002 1 5.704350770e-08 5.704350770e-08
31 0.235592 0.065812 0.268596 0.456645 0.179757 0.268081 0.000000 0.000000 0.000000 0.000002 1 5.983747542e-08 5.983747542e-08
31 0.228222 0.067636 0.268615 0.456645 0.179757 0.268081 0.000000 0.000000 0.000000 0.000002 1 5.308538675e-08 5.308538675e-08
31 0.221116 0.069441 0.268635 0.456645 0.179757 0.268081 0.000000 0.000000 0.000000 0.000002 1 1.396983862e-08 1.396983862e-08
31 0.214264 0.071227 0.268657 0.456645 0.179757 0.268081 0.000000 0.000000 0.000000 0.000002 1 6.100162864e-08 6.100162864e-08
31 0.207664 0.072980 0.268681 0.456645 0.179757 0.268081 0.000000 0.000000 0.000000 0.000002 1 6.007030606e-08 6.007030606e-08
31 0.201312 0.074677 0.268706 0.456645 0.179757 0.268081 0.000000 0.000000 0.000000 0.000002 1 5.890615284e-08 5.890615284e-08
31 0.195207 0.076294 0.268732 0.456645 0.179757 0.268081 0.000000 0.000000 0.000000 0.000002 1 6.984919310e-08 6.984919310e-08
31 0.189342 0.077828 0.268759 0.456645 0.179757 0.268081 0.000000 0.000000 0.000000 0.000002 1 6.891787052e-08 6.891787052e-08
31 0.183705 0.079306 0.268787 0.456645 0.179757 0.268081 0.000000 0.000000 0.000000 0.000002 1 7.217749953e-08 7.217749953e-08
31 0.178277 0.080767 0.268816 0.456645 0.179757 0.268081 0.000000 0.000000 0.000000 0.000002 1 1.981388777e-07 1.981388777e-07
31 0.173042 0.082251 0.268846 0.456645 0.179757 0.268081 0.000000 0.000000 0.000000 0.000002 1 6.309710443e-08 6.309710443e-08
31 0.167986 0.083788 0.268876 0.456645 0.179757 0.268081 0.000000 0.000000 0.000000 0.000002 1 6.402842700e-08 6.402842700e-08
31 0.163097 0.085399 0.268907 0.456645 0.179757 0.268081 0.000000 0.000000 0.000000 0.000002 1 5.401670933e-08 5.401670933e-08
31 0.158367 0.087088 0.268939 0.456645 0.179757 0.268081 0.000000 0.000000 0.000000 0.000002 1 5.890615284e-08 5.890615284e-08
31 0.153791 0.088833 0.268972 0.456645 0.179757 0.268081 0.000000 0.000000 0.000000 0.000002 1 5.704350770e-08 5.704350770e-08
32 0.150659 0.084146 0.290018 0.477670 0.176795 0.288942 0.000000 0.000000 0.000000 0.000002 1 5.797483027e-08 5.797483027e-08
32 0.146266 0.086569 0.290040 0.477670 0.176795 0.288942 0.000000 0.000000 0.000000 0.000002 1 5.890615284e-08 5.890615284e-08
32 0.142046 0.088835 0.290063 0.477670 0.176795 0.288942 0.000000 0.000000 0.000000 0.000002 1 6.007030606e-08 6.007030606e-08
32 0.137992 0.090979 0.290088 0.477670 0.176795 0.288942 0.000000 0.000000 0.000000 0.000002 1 5.913898349e-08 5.913898349e-08
32 0.134097 0.093046 0.290115 0.477670 0.176795 0.288942 0.000000 0.000000 0.000000 0.000002 1 5.611218512e-08 5.611218512e-08
32 0.130350 0.095084 0.290143 0.477670 0.176795 0.288942 0.000000 0.000000 0.000000 0.000001 1 6.495974958e-08 6.495974958e-08
32 0.126745 0.097129 0.290173 0.477670 0.176795 0.288942 0.000000 0.000000 0.000000 0.000001 1 6.100162864e-08 6.100162864e-08
32 0.123277 0.099201 0.290204 0.477670 0.176795 0.288942 0.000000 0.000000 0.000000 0.000001 1 6.402842700e-08 6.402842700e-08
32 0.119942 0.101295 0.290237 0.477670 0.176795 0.288942 0.000000 0.000000 0.000000 0.000001 1 6.402842700e-08 6.402842700e-08
32 0.116737 0.103383 0.290271 0.477670 0.176795 0.288942 0.000000 0.000000 0.000000 0.000001 1 5.518086255e-08 5.518086255e-08
32 0.113658 0.105428 0.290305 0.477670 0.176795 0.288942 0.000000 0.000000 0.000000 0.000001 1 5.983747542e-08 5.983747542e-08
32 0.110702 0.107394 0.290340 0.477670 0.176795 0.288942 0.000000 0.000000 0.000000 0.000001 1 6.007030606e-08 6.007030606e-08
32 0.107865 0.109258 0.290376 0.477670 0.176795 0.288942 0.000000 0.000000 0.000000 0.000001 1 5.797483027e-08 5.797483027e-08
32 0.105142 0.111017 0.290412 0.477670 0.176795 0.288942 0.000000 0.000000 0.000000 0.000001 1 5.890615284e-08 5.890615284e-08
32 0.102526 0.112683 0.290447 0.477670 0.176795 0.288942 0.000000 0.000000 0.000000 0.000001 1 6.402842700e-08 6.402842700e-08
32 0.100012 0.114285 0.290483 0.477670 0.176795 0.288942 0.000000 0.000000 0.000000 0.000001 1 6.007030606e-08 6.007030606e-08
32 0.097597 0.115853 0.290518 0.477670 0.176795 0.288942 0.000000 0.000000 0.000000 0.000001 1 5.704350770e-08 5.704350770e-08
32 0.095276 0.117414 0.290553 0.477670 0.176795 0.288942 0.000000 0.000000 0.000000 0.000001 1 6.007030606e-08 6.007030606e-08
32 0.093047 0.118987 0.290589 0.477670 0.176795 0.288942 0.000000 0.000000 0.000000 0.000001 1 6.007030606e-08 6.007030606e-08
32 0.090906 0.120575 0.290624 0.477670 0.176795 0.288942 0.000000 0.000000 0.000000 0.000001 1 5.983747542e-08 5.983747542e-08
33 0.089881 0.108877 0.273417 0.539517 0.168370 0.271458 0.000000 0.000000 0.000000 0.000001 1 5.983747542e-08 5.983747542e-08
33 0.087761 0.111612 0.273439 0.539517 0.168370 0.271458 0.000000 0.000000 0.000000 0.000001 1 6.007030606e-08 6.007030606e-08
33 0.085736 0.114172 0.273463 0.539517 0.168370 0.271458 0.000000 0.000000 0.000000 0.000001 1 5.797483027e-08 5.797483027e-08
33 0.083801 0.116558 0.273490 0.539517 0.168370 0.271458 0.000000 0.000000 0.000000 0.000001 1 6.007030606e-08 6.007030606e-08
33 0.081949 0.118761 0.273519 0.539517 0.168370 0.271458 0.000000 0.000000 0.000000 0.000001 1 6.100162864e-08 6.100162864e-08
33 0.080180 0.120805 0.273549 0.539517 0.168370 0.271458 0.000000 0.000000 0.000000 0.000001 1 5.704350770e-08 5.704350770e-08
33 0.078490 0.122730 0.273580 0.539517 0.168370 0.271458 0.000000 0.000000 0.000000 0.000001 1 6.007030606e-08 6.007030606e-08
33 0.076881 0.124574 0.273612 0.539517 0.168370 0.271458 0.000000 0.000000 0.000000 0.000001 1 6.007030606e-08 6.007030606e-08
33 0.075351 0.126361 0.273644 0.539517 0.168370 0.271458 0.000000 0.000000 0.000000 0.000001 1 6.007030606e-08 6.007030606e-08
33 0.073898 0.128095 0.273678 0.539517 0.168370 0.271458 0.000000 0.000000 0.000000 0.000001 1 5.913898349e-08 5.913898349e-08
33 0.072519 0.129766 0.273711 0.539517 0.168370 0.271458 0.000000 0.000000 0.000000 0.000001 1 5.797483027e-08 5.797483027e-08
33 0.071209 0.131358 0.273745 0.539517 0.168370 0.271458 0.000000 0.000000 0.000000 0.000001 1 5.401670933e-08 5.401670933e-08
33 0.069966 0.132868 0.273779 0.539517 0.168370 0.271458 0.000000 0.000000 0.000000 0.000001 1 5.797483027e-08 5.797483027e-08
33 0.068788 0.134312 0.273812 0.539517 0.168370 0.271458 0.000000 0.000000 0.000000 0.000001 1 5.983747542e-08 5.983747542e-08
33 0.067674 0.135718 0.273846 0.539517 0.168370 0.271458 0.000000 0.000000 0.000000 0.000001 1 6.007030606e-08 6.007030606e-08
33 0.066625 0.137114 0.273879 0.539517 0.168370 0.271458 0.000000 0.000000 0.000000 0.000001 1 5.913898349e-08 5.913898349e-08
33 0.065638 0.138521 0.273912 0.539517 0.168370 0.271458 0.000000 0.000000 0.000000 0.000001 1 5.704350770e-08 5.704350770e-08
33 0.064712 0.139949 0.273945 0.539517 0.168370 0.271458 0.000000 0.000000 0.000000 0.000001 1 6.100162864e-08 6.100162864e-08
33 0.063842 0.141393 0.273978 0.539517 0.168370 0.271458 0.000000 0.000000 0.000000 0.000001 1 5.704350770e-08 5.704350770e-08
33 0.063022 0.142829 0.274011 0.539517 0.168370 0.271458 0.000000 0.000000 0.000000 0.000001 1 5.890615284e-08 5.890615284e-08
34 0.062394 0.124337 0.251267 0.642636 0.149505 0.248150 0.000000 0.000000 0.000000 0.000001 1 2.491287887e-08 2.491287887e-08
34 0.061567 0.127607 0.251272 0.642636 0.149505 0.248150 0.000000 0.000000 0.000000 0.000001 1 1.606531441e-08 1.606531441e-08
34 0.060783 0.130533 0.251283 0.642636 0.149505 0.248150 0.000000 0.000000 0.000000 0.000001 1 3.399327397e-08 3.399327397e-08
34 0.060050 0.133163 0.251298 0.642636 0.149505 0.248150 0.000000 0.000000 0.000000 0.000001 1 3.608874977e-08 3.608874977e-08
34 0.059377 0.135557 0.251317 0.642636 0.149505 0.248150 0.000000 0.000000 0.000000 0.000001 1 6.007030606e-08 6.007030606e-08
34 0.058771 0.137762 0.251339 0.642636 0.149505 0.248150 0.000000 0.000000 0.000000 0.000001 1 7.613562047e-08 7.613562047e-08
34 0.058234 0.139810 0.251364 0.642636 0.149505 0.248150 0.000000 0.000000 0.000000 0.000001 1 5.890615284e-08 5.890615284e-08
34 0.057766 0.141713 0.251390 0.642636 0.149505 0.248150 0.000000 0.000000 0.000000 0.000001 1 5.797483027e-08 5.797483027e-08
34 0.057360 0.143471 0.251418 0.642636 0.149505 0.248150 0.000000 0.000000 0.000000 0.000001 1 6.007030606e-08 6.007030606e-08
34 0.057008 0.145073 0.251448 0.642636 0.149505 0.248150 0.000000 0.000000 0.000000 0.000001 1 5.913898349e-08 5.913898349e-08
34 0.056702 0.146502 0.251477 0.642636 0.149505 0.248150 0.000000 0.000000 0.000000 0.000001 1 5.704350770e-08 5.704350770e-08
34 0.056433 0.147755 0.251508 0.642636 0.149505 0.248150 0.000000 0.000000 0.000000 0.000001 1 5.494803190e-08 5.494803190e-08
34 0.056194 0.148839 0.251538 0.642636 0.149505 0.248150 0.000000 0.000000 0.000000 0.000001 1 5.983747542e-08 5.983747542e-08
34 0.055984 0.149772 0.251567 0.642636 0.149505 0.248150 0.000000 0.000000 0.000000 0.000001 1 5.983747542e-08 5.983747542e-08
34 0.055802 0.150590 0.251596 0.642636 0.149505 0.248150 0.000000 0.000000 0.000000 0.000001 1 5.797483027e-08 5.797483027e-08
34 0.055652 0.151329 0.251625 0.642636 0.149505 0.248150 0.000000 0.000000 0.000000 0.000001 1 5.401670933e-08 5.401670933e-08
34 0.055537 0.152023 0.251652 0.642636 0.149505 0.248150 0.000000 0.000000 0.000000 0.000001 1 5.797483027e-08 5.797483027e-08
34 0.055460 0.152703 0.251679 0.642636 0.149505 0.248150 0.000000 0.000000 0.000000 0.000001 1 5.494803190e-08 5.494803190e-08
34 0.055423 0.153389 0.251705 0.642636 0.149505 0.248150 0.000000 0.000000 0.000000 0.000001 1 1.490116119e-08 1.490116119e-08
34 0.055424 0.154092 0.251731 0.642636 0.149505 0.248150 0.000000 0.000000 0.000000 0.000001 1 2.491287887e-08 2.491287887e-08
35 0.054434 0.118012 0.224368 0.785417 0.107849 0.219936 0.000000 0.000000 0.000000 0.000001 1 2.700835466e-08 2.700835466e-08
35 0.054697 0.123625 0.224323 0.785417 0.107849 0.219936 0.000000 0.000000 0.000000 0.000001 1 5.704350770e-08 5.704350770e-08
35 0.054933 0.128607 0.224293 0.785417 0.107849 0.219936 0.000000 0.000000 0.000000 0.000001 1 1.029111445e-07 1.029111445e-07
35 0.055141 0.132989 0.224277 0.785417 0.107849 0.219936 0.000000 0.000000 0.000000 0.000001 1 5.797483027e-08 5.797483027e-08
35 0.055322 0.136818 0.224272 0.785417 0.107849 0.219936 0.000000 0.000000 0.000000 0.000001 1 5.890615284e-08 5.890615284e-08
35 0.055483 0.140145 0.224276 0.785417 0.107849 0.219936 0.000000 0.000000 0.000000 0.000001 1 6.286427379e-08 6.286427379e-08
35 0.055635 0.143034 0.224288 0.785417 0.107849 0.219936 0.000000 0.000000 0.000000 0.000001 1 6.984919310e-08 6.984919310e-08
35 0.055787 0.145557 0.224305 0.785417 0.107849 0.219936 0.000000 0.000000 0.000000 0.000001 1 5.913898349e-08 5.913898349e-08
35 0.055949 0.147773 0.224326 0.785417 0.107849 0.219936 0.000000 0.000000 0.000000 0.000001 1 6.100162864e-08 6.100162864e-08
35 0.056124 0.149727 0.224352 0.785417 0.107849 0.219936 0.000000 0.000000 0.000000 0.000001 1 5.704350770e-08 5.704350770e-08
35 0.056311 0.151442 0.224379 0.785417 0.107849 0.219936 0.000000 0.000000 0.000000 0.000001 1 5.587935448e-08 5.587935448e-08
35 0.056509 0.152937 0.224409 0.785417 0.107849 0.219936 0.000000 0.000000 0.000000 0.000001 1 5.704350770e-08 5.704350770e-08
35 0.056718 0.154237 0.224440 0.785417 0.107849 0.219936 0.000000 0.000000 0.000000 0.000001 1 6.100162864e-08 6.100162864e-08
35 0.056944 0.155391 0.224471 0.785417 0.107849 0.219936 0.000000 0.000000 0.000000 0.000001 1 5.913898349e-08 5.913898349e-08
35 0.057194 0.156452 0.224503 0.785417 0.107849 0.219936 0.000000 0.000000 0.000000 0.000001 1 5.983747542e-08 5.983747542e-08
35 0.057474 0.157464 0.224536 0.785417 0.107849 0.219936 0.000000 0.000000 0.000000 0.000001 1 5.704350770e-08 5.704350770e-08
35 0.057788 0.158460 0.224568 0.785417 0.107849 0.219936 0.000000 0.000000 0.000000 0.000001 1 6.007030606e-08 6.007030606e-08
35 0.058136 0.159459 0.224601 0.785417 0.107849 0.219936 0.000000 0.000000 0.000000 0.000001 1 6.402842700e-08 6.402842700e-08
35 0.058515 0.160462 0.224633 0.785417 0.107849 0.219936 0.000000 0.000000 0.000000 0.000001 1 6.007030606e-08 6.007030606e-08
35 0.058916 0.161446 0.224666 0.785417 0.107849 0.219936 0.000000 0.000000 0.000000 0.000001 1 1.708976924e-07 1.708976924e-07
36 0.055940 0.125369 0.209671 0.918854 0.056511 0.204018 0.000000 0.000000 0.000000 0.000001 1 5.983747542e-08 5.983747542e-08
36 0.057150 0.132318 0.209612 0.918854 0.056511 0.204018 0.000000 0.000000 0.000000 0.000001 1 5.797483027e-08 5.797483027e-08
36 0.058189 0.138275 0.209576 0.918854 0.056511 0.204018 0.000000 0.000000 0.000000 0.000001 1 5.704350770e-08 5.704350770e-08
36 0.059072 0.143282 0.209560 0.918854 0.056511 0.204018 0.000000 0.000000 0.000000 0.000001 1 5.797483027e-08 5.797483027e-08
36 0.059825 0.147426 0.209558 0.918854 0.056511 0.204018 0.000000 0.000000 0.000000 0.000001 1 5.797483027e-08 5.797483027e-08
36 0.060482 0.150819 0.209568 0.918854 0.056511 0.204018 0.000000 0.000000 0.000000 0.000001 1 6.007030606e-08 6.007030606e-08
36 0.061068 0.153573 0.209587 0.918854 0.056511 0.204018 0.000000 0.000000 0.000000 0.000001 1 6.100162864e-08 6.100162864e-08
36 0.061607 0.155791 0.209612 0.918854 0.056511 0.204018 0.000000 0.000000 0.000000 0.000001 1 5.890615284e-08 5.890615284e-08
36 0.062111 0.157561 0.209642 0.918854 0.056511 0.204018 0.000000 0.000000 0.000000 0.000001 1 5.820766091e-08 5.820766091e-08
36 0.062587 0.158956 0.209674 0.918854 0.056511 0.204018 0.000000 0.000000 0.000000 0.000001 1 5.704350770e-08 5.704350770e-08
36 0.063039 0.160040 0.209708 0.918854 0.056511 0.204018 0.000000 0.000000 0.000000 0.000001 1 6.007030606e-08 6.007030606e-08
36 0.063468 0.160876 0.209742 0.918854 0.056511 0.204018 0.000000 0.000000 0.000000 0.000001 1 6.007030606e-08 6.007030606e-08
36 0.063878 0.161520 0.209776 0.918854 0.056511 0.204018 0.000000 0.000000 0.000000 0.000001 1 6.100162864e-08 6.100162864e-08
36 0.064274 0.162022 0.209810 0.918854 0.056511 0.204018 0.000000 0.000000 0.000000 0.000001 1 6.193295121e-08 6.193295121e-08
36 0.064664 0.162429 0.209843 0.918854 0.056511 0.204018 0.000000 0.000000 0.000000 0.000001 1 5.890615284e-08 5.890615284e-08
36 0.065057 0.162787 0.209874 0.918854 0.056511 0.204018 0.000000 0.000000 0.000000 0.000001 1 1.396983862e-08 1.396983862e-08
36 0.065463 0.163130 0.209905 0.918854 0.056511 0.204018 0.000000 0.000000 0.000000 0.000001 1 8.195638657e-08 8.195638657e-08
36 0.065890 0.163486 0.209935 0.918854 0.056511 0.204018 0.000000 0.000000 0.000000 0.000001 1 4.214234650e-08 4.214234650e-08
36 0.066344 0.163878 0.209964 0.918854 0.056511 0.204018 0.000000 0.000000 0.000000 0.000001 1 7.590278983e-08 7.590278983e-08
36 0.066825 0.164313 0.209993 0.918854 0.056511 0.204018 0.000000 0.000000 0.000000 0.000001 1 7.101334631e-08 7.101334631e-08
37 0.064727 0.144205 0.220915 1.060655 0.014639 0.213807 0.000000 0.000000 0.000000 0.000002 1 7.799826562e-08 7.799826562e-08
37 0.066165 0.149998 0.220877 1.060655 0.014639 0.213807 0.000000 0.000000 0.000000 0.000002 1 6.984919310e-08 6.984919310e-08
37 0.067316 0.154423 0.220861 1.060655 0.014639 0.213807 0.000000 0.000000 0.000000 0.000002 1 6.612390280e-08 6.612390280e-08
37 0.068257 0.157743 0.220861 1.060655 0.014639 0.213807 0.000000 0.000000 0.000000 0.000002 1 8.312053978e-08 8.312053978e-08
37 0.069056 0.160258 0.220872 1.060655 0.014639 0.213807 0.000000 0.000000 0.000000 0.000002 1 5.704350770e-08 5.704350770e-08
37 0.069767 0.162213 0.220891 1.060655 0.014639 0.213807 0.000000 0.000000 0.000000 0.000002 1 6.007030606e-08 6.007030606e-08
37 0.070423 0.163781 0.220914 1.060655 0.014639 0.213807 0.000000 0.000000 0.000000 0.000002 1 5.983747542e-08 5.983747542e-08
37 0.071050 0.165095 0.220942 1.060655 0.014639 0.213807 0.000000 0.000000 0.000000 0.000002 1 5.704350770e-08 5.704350770e-08
37 0.071666 0.166247 0.220973 1.060655 0.014639 0.213807 0.000000 0.000000 0.000000 0.000002 1 6.100162864e-08 6.100162864e-08
37 0.072280 0.167286 0.221005 1.060655 0.014639 0.213807 0.000000 0.000000 0.000000 0.000001 1 5.797483027e-08 5.797483027e-08
37 0.072893 0.168231 0.221040 1.060655 0.014639 0.213807 0.000000 0.000000 0.000000 0.000001 1 7.194466889e-08 7.194466889e-08
37 0.073503 0.169083 0.221075 1.060655 0.014639 0.213807 0.000000 0.000000 0.000000 0.000001 1 7.101334631e-08 7.101334631e-08
37 0.074112 0.169852 0.221112 1.060655 0.014639 0.213807 0.000000 0.000000 0.000000 0.000001 1 8.498318493e-08 8.498318493e-08
37 0.074729 0.170571 0.221149 1.060655 0.014639 0.213807 0.000000 0.000000 0.000000 0.000001 1 1.708976924e-07 1.708976924e-07
37 0.075366 0.171278 0.221186 1.060655 0.014639 0.213807 0.000000 0.000000 0.000000 0.000001 1 5.681067705e-08 5.681067705e-08
37 0.076030 0.172001 0.221224 1.060655 0.014639 0.213807 0.000000 0.000000 0.000000 0.000001 1 8.707866073e-08 8.707866073e-08
37 0.076727 0.172759 0.221263 1.060655 0.014639 0.213807 0.000000 0.000000 0.000000 0.000001 1 5.704350770e-08 5.704350770e-08
37 0.077459 0.173558 0.221302 1.060655 0.014639 0.213807 0.000000 0.000000 0.000000 0.000001 1 8.312053978e-08 8.312053978e-08
37 0.078221 0.174392 0.221343 1.060655 0.014639 0.213807 0.000000 0.000000 0.000000 0.000001 1 5.890615284e-08 5.890615284e-08
37 0.079000 0.175229 0.221384 1.060655 0.014639 0.213807 0.000000 0.000000 0.000000 0.000001 1 6.100162864e-08 6.100162864e-08
38 0.075135 0.147632 0.228818 1.184085 -0.039383 0.220133 0.000000 0.000000 0.000000 0.000001 1 6.100162864e-08 6.100162864e-08
38 0.078116 0.157032 0.228756 1.184085 -0.039383 0.220133 0.000000 0.000000 0.000000 0.000001 1 5.611218512e-08 5.611218512e-08
38 0.080307 0.163945 0.228735 1.184085 -0.039383 0.220133 0.000000 0.000000 0.000000 0.000001 1 5.704350770e-08 5.704350770e-08
38 0.081896 0.168704 0.228743 1.184085 -0.039383 0.220133 0.000000 0.000000 0.000000 0.000001 1 5.611218512e-08 5.611218512e-08
38 0.083093 0.171848 0.228769 1.184085 -0.039383 0.220133 0.000000 0.000000 0.000000 0.000001 1 5.587935448e-08 5.587935448e-08
38 0.084061 0.173907 0.228806 1.184085 -0.039383 0.220133 0.000000 0.000000 0.000000 0.000002 1 9.289942682e-08 9.289942682e-08
38 0.084905 0.175284 0.228848 1.184085 -0.039383 0.220133 0.000000 0.000000 0.000000 0.000002 1 5.890615284e-08 5.890615284e-08
38 0.085685 0.176241 0.228894 1.184085 -0.039383 0.220133 0.000000 0.000000 0.000000 0.000002 1 5.611218512e-08 5.611218512e-08
38 0.086430 0.176935 0.228941 1.184085 -0.039383 0.220133 0.000000 0.000000 0.000000 0.000002 1 5.890615284e-08 5.890615284e-08
38 0.087153 0.177458 0.228989 1.184085 -0.039383 0.220133 0.000000 0.000000 0.000000 0.000002 1 5.890615284e-08 5.890615284e-08
38 0.087859 0.177868 0.229036 1.184085 -0.039383 0.220133 0.000000 0.000000 0.000000 0.000002 1 1.699663699e-07 1.699663699e-07
38 0.088548 0.178208 0.229082 1.184085 -0.039383 0.220133 0.000000 0.000000 0.000000 0.000002 1 5.913898349e-08 5.913898349e-08
38 0.089220 0.178496 0.229127 1.184085 -0.039383 0.220133 0.000000 0.000000 0.000000 0.000002 1 6.402842700e-08 6.402842700e-08
38 0.089878 0.178746 0.229171 1.184085 -0.039383 0.220133 0.000000 0.000000 0.000000 0.000002 1 5.983747542e-08 5.983747542e-08
38 0.090528 0.178976 0.229213 1.184085 -0.039383 0.220133 0.000000 0.000000 0.000000 0.000002 1 5.983747542e-08 5.983747542e-08
38 0.091179 0.179202 0.229255 1.184085 -0.039383 0.220133 0.000000 0.000000 0.000000 0.000002 1 6.100162864e-08 6.100162864e-08
38 0.091842 0.179444 0.229295 1.184085 -0.039383 0.220133 0.000000 0.000000 0.000000 0.000002 1 6.100162864e-08 6.100162864e-08
38 0.092528 0.179722 0.229335 1.184085 -0.039383 0.220133 0.000000 0.000000 0.000000 0.000002 1 8.707866073e-08 8.707866073e-08
38 0.093246 0.180058 0.229375 1.184085 -0.039383 0.220133 0.000000 0.000000 0.000000 0.000002 1 9.988434613e-08 9.988434613e-08
38 0.093994 0.180446 0.229415 1.184085 -0.039383 0.220133 0.000000 0.000000 0.000000 0.000002 1 1.338776201e-07 1.338776201e-07
39 0.092015 0.166083 0.243482 1.315477 -0.084940 0.232909 0.000000 0.000000 0.000000 0.000002 1 1.038424671e-07 1.038424671e-07
39 0.094530 0.173091 0.243458 1.315477 -0.084940 0.232909 0.000000 0.000000 0.000000 0.000002 1 6.100162864e-08 6.100162864e-08
39 0.096156 0.177148 0.243467 1.315477 -0.084940 0.232909 0.000000 0.000000 0.000000 0.000002 1 6.100162864e-08 6.100162864e-08
39 0.097331 0.179458 0.243494 1.315477 -0.084940 0.232909 0.000000 0.000000 0.000000 0.000002 1 5.494803190e-08 5.494803190e-08
39 0.098311 0.180927 0.243531 1.315477 -0.084940 0.232909 0.000000 0.000000 0.000000 0.000002 1 6.402842700e-08 6.402842700e-08
39 0.099215 0.182039 0.243572 1.315477 -0.084940 0.232909 0.000000 0.000000 0.000000 0.000002 1 6.100162864e-08 6.100162864e-08
39 0.100093 0.182993 0.243617 1.315477 -0.084940 0.232909 0.000000 0.000000 0.000000 0.000002 1 5.681067705e-08 5.681067705e-08
39 0.100968 0.183880 0.243665 1.315477 -0.084940 0.232909 0.000000 0.000000 0.000000 0.000002 1 1.708976924e-07 1.708976924e-07
39 0.101852 0.184739 0.243715 1.315477 -0.084940 0.232909 0.000000 0.000000 0.000000 0.000002 1 5.890615284e-08 5.890615284e-08
39 0.102748 0.185573 0.243767 1.315477 -0.084940 0.232909 0.000000 0.000000 0.000000 0.000002 1 5.797483027e-08 5.797483027e-08
39 0.103650 0.186365 0.243821 1.315477 -0.084940 0.232909 0.000000 0.000000 0.000000 0.000002 1 1.606531441e-08 1.606531441e-08
39 0.104551 0.187094 0.243876 1.315477 -0.084940 0.232909 0.000000 0.000000 0.000000 0.000002 1 5.913898349e-08 5.913898349e-08
39 0.105450 0.187758 0.243933 1.315477 -0.084940 0.232909 0.000000 0.000000 0.000000 0.000002 1 6.007030606e-08 6.007030606e-08
39 0.106359 0.188383 0.243990 1.315477 -0.084940 0.232909 0.000000 0.000000 0.000000 0.000001 1 4.097819328e-08 4.097819328e-08
39 0.107292 0.189002 0.244049 1.315477 -0.084940 0.232909 0.000000 0.000000 0.000000 0.000001 1 1.280568540e-07 1.280568540e-07
39 0.108261 0.189639 0.244109 1.315477 -0.084940 0.232909 0.000000 0.000000 0.000000 0.000001 1 7.497146726e-08 7.497146726e-08
39 0.109274 0.190310 0.244171 1.315477 -0.084940 0.232909 0.000000 0.000000 0.000000 0.000001 1 5.983747542e-08 5.983747542e-08
39 0.110334 0.191024 0.244234 1.315477 -0.084940 0.232909 0.000000 0.000000 0.000000 0.000001 1 5.797483027e-08 5.797483027e-08
39 0.111437 0.191779 0.244299 1.315477 -0.084940 0.232909 0.000000 0.000000 0.000000 0.000001 1 5.797483027e-08 5.797483027e-08
39 0.112567 0.192545 0.244365 1.315477 -0.084940 0.232909 0.000000 0.000000 0.000000 0.000001 1 8.288770914e-08 8.288770914e-08
40 0.107682 0.164332 0.248912 1.424236 -0.147310 0.236220 0.000000 0.000000 0.000000 0.000001 1 5.797483027e-08 5.797483027e-08
40 0.114071 0.178904 0.248834 1.424236 -0.147310 0.236220 0.000000 0.000000 0.000000 0.000001 1 5.704350770e-08 5.704350770e-08
40 0.117645 0.187395 0.248845 1.424236 -0.147310 0.236220 0.000000 0.000000 0.000000 0.000001 1 5.401670933e-08 5.401670933e-08
40 0.119613 0.191474 0.248903 1.424236 -0.147310 0.236220 0.000000 0.000000 0.000000 0.000001 1 5.681067705e-08 5.681067705e-08
40 0.120928 0.193351 0.248980 1.424236 -0.147310 0.236220 0.000000 0.000000 0.000000 0.000001 1 1.690350473e-07 1.690350473e-07
40 0.122022 0.194351 0.249063 1.424236 -0.147310 0.236220 0.000000 0.000000 0.000000 0.000001 1 5.890615284e-08 5.890615284e-08
40 0.123053 0.195022 0.249149 1.424236 -0.147310 0.236220 0.000000 0.000000 0.000000 0.000001 1 5.797483027e-08 5.797483027e-08
40 0.124073 0.195560 0.249235 1.424236 -0.147310 0.236220 0.000000 0.000000 0.000000 0.000001 1 5.913898349e-08 5.913898349e-08
40 0.125098 0.196032 0.249321 1.424236 -0.147310 0.236220 0.000000 0.000000 0.000000 0.000001 1 5.890615284e-08 5.890615284e-08
40 0.126126 0.196463 0.249406 1.424236 -0.147310 0.236220 0.000000 0.000000 0.000000 0.000001 1 5.797483027e-08 5.797483027e-08
40 0.127152 0.196865 0.249491 1.424236 -0.147310 0.236220 0.000000 0.000000 0.000000 0.000001 1 5.518086255e-08 5.518086255e-08
40 0.128170 0.197247 0.249574 1.424236 -0.147310 0.236220 0.000000 0.000000 0.000000 0.000001 1 6.100162864e-08 6.100162864e-08
40 0.129172 0.197603 0.249655 1.424236 -0.147310 0.236220 0.000000 0.000000 0.000000 0.000001 1 6.007030606e-08 6.007030606e-08
40 0.130159 0.197929 0.249735 1.424236 -0.147310 0.236220 0.000000 0.000000 0.000000 0.000001 1 5.704350770e-08 5.704350770e-08
40 0.131134 0.198232 0.249813 1.424236 -0.147310 0.236220 0.000000 0.000000 0.000000 0.000001 1 5.494803190e-08 5.494803190e-08
40 0.132113 0.198530 0.249890 1.424236 -0.147310 0.236220 0.000000 0.000000 0.000000 0.000001 1 5.518086255e-08 5.518086255e-08
40 0.133110 0.198843 0.249967 1.424236 -0.147310 0.236220 0.000000 0.000000 0.000000 0.000001 1 5.494803190e-08 5.494803190e-08
40 0.134141 0.199198 0.250043 1.424236 -0.147310 0.236220 0.000000 0.000000 0.000000 0.000001 1 5.913898349e-08 5.913898349e-08
40 0.135222 0.199620 0.250121 1.424236 -0.147310 0.236220 0.000000 0.000000 0.000000 0.000001 1 6.007030606e-08 6.007030606e-08
40 0.136342 0.200088 0.250199 1.424236 -0.147310 0.236220 0.000000 0.000000 0.000000 0.000001 1 5.401670933e-08 5.401670933e-08
41 0.133468 0.183088 0.250532 1.539522 -0.203619 0.235098 0.000000 0.000000 0.000000 0.000001 1 8.591450751e-08 8.591450751e-08
41 0.138877 0.194684 0.250508 1.539522 -0.203619 0.235098 0.000000 0.000000 0.000000 0.000001 1 1.578591764e-07 1.578591764e-07
41 0.141267 0.199289 0.250566 1.539522 -0.203619 0.235098 0.000000 0.000000 0.000000 0.000001 1 5.913898349e-08 5.913898349e-08
41 0.142692 0.201011 0.250650 1.539522 -0.203619 0.235098 0.000000 0.000000 0.000000 0.000001 1 6.007030606e-08 6.007030606e-08
41 0.143897 0.201970 0.250741 1.539522 -0.203619 0.235098 0.000000 0.000000 0.000000 0.000001 1 5.611218512e-08 5.611218512e-08
41 0.145074 0.202789 0.250834 1.539522 -0.203619 0.235098 0.000000 0.000000 0.000000 0.000001 1 6.007030606e-08 6.007030606e-08
41 0.146265 0.203586 0.250930 1.539522 -0.203619 0.235098 0.000000 0.000000 0.000000 0.000001 1 5.797483027e-08 5.797483027e-08
41 0.147481 0.204382 0.251028 1.539522 -0.203619 0.235098 0.000000 0.000000 0.000000 0.000001 1 6.100162864e-08 6.100162864e-08
41 0.148727 0.205180 0.251129 1.539522 -0.203619 0.235098 0.000000 0.000000 0.000000 0.000001 1 1.389998943e-07 1.389998943e-07
41 0.149999 0.205966 0.251232 1.539522 -0.203619 0.235098 0.000000 0.000000 0.000000 0.000001 1 6.100162864e-08 6.100162864e-08
41 0.151289 0.206716 0.251337 1.539522 -0.203619 0.235098 0.000000 0.000000 0.000000 0.000001 1 8.381903172e-08 8.381903172e-08
41 0.152584 0.207408 0.251445 1.539522 -0.203619 0.235098 0.000000 0.000000 0.000000 0.000001 1 6.100162864e-08 6.100162864e-08
41 0.153882 0.208034 0.251553 1.539522 -0.203619 0.235098 0.000000 0.000000 0.000000 0.000001 1 5.518086255e-08 5.518086255e-08
41 0.155198 0.208617 0.251664 1.539522 -0.203619 0.235098 0.000000 0.000000 0.000000 0.000001 1 6.402842700e-08 6.402842700e-08
41 0.156550 0.209181 0.251776 1.539522 -0.203619 0.235098 0.000000 0.000000 0.000000 0.000001 1 5.797483027e-08 5.797483027e-08
41 0.157952 0.209746 0.251891 1.539522 -0.203619 0.235098 0.000000 0.000000 0.000000 0.000001 1 6.216578186e-08 6.216578186e-08
41 0.159416 0.210325 0.252009 1.539522 -0.203619 0.235098 0.000000 0.000000 0.000000 0.000001 1 6.589107215e-08 6.589107215e-08
41 0.160950 0.210940 0.252130 1.539522 -0.203619 0.235098 0.000000 0.000000 0.000000 0.000001 1 5.890615284e-08 5.890615284e-08
41 0.162554 0.211597 0.252255 1.539522 -0.203619 0.235098 0.000000 0.000000 0.000000 0.000001 1 1.529697329e-07 1.529697329e-07
41 0.164210 0.212282 0.252382 1.539522 -0.203619 0.235098 0.000000 0.000000 0.000000 0.000001 1 6.100162864e-08 6.100162864e-08
42 0.158482 0.181058 0.250880 1.629049 -0.275815 0.232171 0.000000 0.000000 0.000000 0.000001 1 5.983747542e-08 5.983747542e-08
42 0.171705 0.202811 0.250761 1.629049 -0.275815 0.232171 0.000000 0.000000 0.000000 0.000001 1 5.308538675e-08 5.308538675e-08
42 0.176728 0.211922 0.250858 1.629049 -0.275815 0.232171 0.000000 0.000000 0.000000 0.000001 1 5.983747542e-08 5.983747542e-08
42 0.178755 0.214294 0.251028 1.629049 -0.275815 0.232171 0.000000 0.000000 0.000000 0.000001 1 5.983747542e-08 5.983747542e-08
42 0.180253 0.215121 0.251209 1.629049 -0.275815 0.232171 0.000000 0.000000 0.000000 0.000001 1 6.007030606e-08 6.007030606e-08
42 0.181700 0.215697 0.251391 1.629049 -0.275815 0.232171 0.000000 0.000000 0.000000 0.000001 1 4.796311259e-08 4.796311259e-08
42 0.183172 0.216229 0.251571 1.629049 -0.275815 0.232171 0.000000 0.000000 0.000000 0.000001 1 4.307366908e-08 4.307366908e-08
42 0.184684 0.216753 0.251751 1.629049 -0.275815 0.232171 0.000000 0.000000 0.000000 0.000001 1 1.396983862e-08 1.396983862e-08
42 0.186238 0.217284 0.251929 1.629049 -0.275815 0.232171 0.000000 0.000000 0.000000 0.000001 1 1.513399184e-08 1.513399184e-08
42 0.187828 0.217827 0.252107 1.629049 -0.275815 0.232171 0.000000 0.000000 0.000000 0.000001 1 5.494803190e-08 5.494803190e-08
42 0.189437 0.218377 0.252284 1.629049 -0.275815 0.232171 0.000000 0.000000 0.000000 0.000001 1 5.983747542e-08 5.983747542e-08
42 0.191052 0.218921 0.252459 1.629049 -0.275815 0.232171 0.000000 0.000000 0.000000 0.000001 1 5.797483027e-08 5.797483027e-08
42 0.192653 0.219433 0.252632 1.629049 -0.275815 0.232171 0.000000 0.000000 0.000000 0.000001 1 5.890615284e-08 5.890615284e-08
42 0.194238 0.219906 0.252802 1.629049 -0.275815 0.232171 0.000000 0.000000 0.000000 0.000001 1 6.007030606e-08 6.007030606e-08
42 0.195817 0.220351 0.252971 1.629049 -0.275815 0.232171 0.000000 0.000000 0.000000 0.000001 1 5.820766091e-08 5.820766091e-08
42 0.197409 0.220789 0.253139 1.629049 -0.275815 0.232171 0.000000 0.000000 0.000000 0.000001 1 6.100162864e-08 6.100162864e-08
42 0.199040 0.221245 0.253308 1.629049 -0.275815 0.232171 0.000000 0.000000 0.000000 0.000001 1 6.100162864e-08 6.100162864e-08
42 0.200738 0.221750 0.253478 1.629049 -0.275815 0.232171 0.000000 0.000000 0.000000 0.000001 1 5.890615284e-08 5.890615284e-08
42 0.202522 0.222332 0.253651 1.629049 -0.275815 0.232171 0.000000 0.000000 0.000000 0.000000 1 6.007030606e-08 6.007030606e-08
42 0.204363 0.222927 0.253827 1.629049 -0.275815 0.232171 0.000000 0.000000 0.000000 0.000000 1 5.890615284e-08 5.890615284e-08
43 0.201859 0.204963 0.245956 1.722818 -0.339783 0.222513 0.000000 0.000000 0.000000 0.000000 1 6.286427379e-08 6.286427379e-08
43 0.212080 0.221013 0.245955 1.722818 -0.339783 0.222513 0.000000 0.000000 0.000000 0.000000 1 5.983747542e-08 5.983747542e-08
43 0.214936 0.224444 0.246147 1.722818 -0.339783 0.222513 0.000000 0.000000 0.000000 0.000000 1 5.797483027e-08 5.797483027e-08
43 0.216762 0.225333 0.246365 1.722818 -0.339783 0.222513 0.000000 0.000000 0.000000 0.000000 1 6.007030606e-08 6.007030606e-08
43 0.218538 0.226019 0.246584 1.722818 -0.339783 0.222513 0.000000 0.000000 0.000000 0.000000 1 5.913898349e-08 5.913898349e-08
43 0.220353 0.226714 0.246804 1.722818 -0.339783 0.222513 0.000000 0.000000 0.000000 0.000000 1 5.983747542e-08 5.983747542e-08
43 0.222217 0.227411 0.247026 1.722818 -0.339783 0.222513 0.000000 0.000000 0.000000 0.000000 1 5.913898349e-08 5.913898349e-08
43 0.224139 0.228109 0.247250 1.722818 -0.339783 0.222513 0.000000 0.000000 0.000000 0.000000 1 6.309710443e-08 6.309710443e-08
43 0.226127 0.228813 0.247479 1.722818 -0.339783 0.222513 0.000000 0.000000 0.000000 -0.000000 1 5.797483027e-08 5.797483027e-08
43 0.228177 0.229517 0.247711 1.722818 -0.339783 0.222513 0.000000 0.000000 0.000000 -0.000000 1 5.704350770e-08 5.704350770e-08
43 0.230279 0.230205 0.247947 1.722818 -0.339783 0.222513 0.000000 0.000000 0.000000 -0.000000 1 5.704350770e-08 5.704350770e-08
43 0.232415 0.230854 0.248186 1.722818 -0.339783 0.222513 0.000000 0.000000 0.000000 -0.000000 1 5.704350770e-08 5.704350770e-08
43 0.234578 0.231441 0.248429 1.722818 -0.339783 0.222513 0.000000 0.000000 0.000000 -0.000000 1 1.499429345e-07 1.499429345e-07
43 0.236782 0.231972 0.248676 1.722818 -0.339783 0.222513 0.000000 0.000000 0.000000 -0.000000 1 6.007030606e-08 6.007030606e-08
43 0.239051 0.232463 0.248929 1.722818 -0.339783 0.222513 0.000000 0.000000 0.000000 -0.000000 1 5.704350770e-08 5.704350770e-08
43 0.241405 0.232924 0.249189 1.722818 -0.339783 0.222513 0.000000 0.000000 0.000000 -0.000000 1 5.797483027e-08 5.797483027e-08
43 0.243864 0.233374 0.249457 1.722818 -0.339783 0.222513 0.000000 0.000000 0.000000 -0.000000 1 5.797483027e-08 5.797483027e-08
43 0.246444 0.233841 0.249734 1.722818 -0.339783 0.222513 0.000000 0.000000 0.000000 -0.000000 1 5.797483027e-08 5.797483027e-08
43 0.249153 0.234353 0.250019 1.722818 -0.339783 0.222513 0.000000 0.000000 0.000000 -0.000000 1 6.216578186e-08 6.216578186e-08
43 0.251980 0.234916 0.250314 1.722818 -0.339783 0.222513 0.000000 0.000000 0.000000 -0.000000 1 5.681067705e-08 5.681067705e-08
44 0.249122 0.207120 0.256037 1.788583 -0.411782 0.226388 0.000000 0.000000 0.000000 -0.000000 1 5.890615284e-08 5.890615284e-08
44 0.271031 0.232629 0.255892 1.788583 -0.411782 0.226388 0.000000 0.000000 0.000000 -0.000001 1 5.890615284e-08 5.890615284e-08
44 0.275994 0.237770 0.256270 1.788583 -0.411782 0.226388 0.000000 0.000000 0.000000 -0.000001 1 5.890615284e-08 5.890615284e-08
44 0.278774 0.238517 0.256710 1.788583 -0.411782 0.226388 0.000000 0.000000 0.000000 -0.000001 1 5.704350770e-08 5.704350770e-08
44 0.281547 0.239097 0.257150 1.788583 -0.411782 0.226388 0.000000 0.000000 0.000000 -0.000001 1 6.519258022e-08 6.519258022e-08
44 0.284407 0.239692 0.257588 1.788583 -0.411782 0.226388 0.000000 0.000000 0.000000 -0.000001 1 6.007030606e-08 6.007030606e-08
44 0.287373 0.240312 0.258028 1.788583 -0.411782 0.226388 0.000000 0.000000 0.000000 -0.000001 1 6.007030606e-08 6.007030606e-08
44 0.290465 0.240973 0.258471 1.788583 -0.411782 0.226388 0.000000 0.000000 0.000000 -0.000001 1 6.007030606e-08 6.007030606e-08
44 0.293689 0.241693 0.258918 1.788583 -0.411782 0.226388 0.000000 0.000000 0.000000 -0.000001 1 6.007030606e-08 6.007030606e-08
44 0.297036 0.242470 0.259370 1.788583 -0.411782 0.226388 0.000000 0.000000 0.000000 -0.000001 1 1.690350473e-07 1.690350473e-07
44 0.300477 0.243285 0.259825 1.788583 -0.411782 0.226388 0.000000 0.000000 0.000000 -0.000001 1 5.704350770e-08 5.704350770e-08
44 0.303975 0.244100 0.260283 1.788583 -0.411782 0.226388 0.000000 0.000000 0.000000 -0.000001 1 6.007030606e-08 6.007030606e-08
44 0.307499 0.244880 0.260742 1.788583 -0.411782 0.226388 0.000000 0.000000 0.000000 -0.000001 1 5.587935448e-08 5.587935448e-08
44 0.311040 0.245614 0.261204 1.788583 -0.411782 0.226388 0.000000 0.000000 0.000000 -0.000002 1 6.007030606e-08 6.007030606e-08
44 0.314621 0.246314 0.261669 1.788583 -0.411782 0.226388 0.000000 0.000000 0.000000 -0.000002 1 5.797483027e-08 5.797483027e-08
44 0.318280 0.247004 0.262140 1.788583 -0.411782 0.226388 0.000000 0.000000 0.000000 -0.000002 1 6.100162864e-08 6.100162864e-08
44 0.322073 0.247714 0.262622 1.788583 -0.411782 0.226388 0.000000 0.000000 0.000000 -0.000002 1 5.890615284e-08 5.890615284e-08
44 0.326058 0.248481 0.263119 1.788583 -0.411782 0.226388 0.000000 0.000000 0.000000 -0.000002 1 6.007030606e-08 6.007030606e-08
44 0.330280 0.249334 0.263634 1.788583 -0.411782 0.226388 0.000000 0.000000 0.000000 -0.000002 1 5.611218512e-08 5.611218512e-08
44 0.334669 0.250183 0.264167 1.788583 -0.411782 0.226388 0.000000 0.000000 0.000000 -0.000002 1 5.983747542e-08 5.983747542e-08
45 0.336868 0.234861 0.257135 1.852111 -0.474486 0.216762 0.000000 0.000000 0.000000 -0.000002 1 5.983747542e-08 5.983747542e-08
45 0.354304 0.252012 0.257310 1.852111 -0.474486 0.216762 0.000000 0.000000 0.000000 -0.000003 1 4.190951586e-08 4.190951586e-08
45 0.359055 0.253438 0.257993 1.852111 -0.474486 0.216762 0.000000 0.000000 0.000000 -0.000003 1 3.492459655e-08 3.492459655e-08
45 0.363569 0.254188 0.258694 1.852111 -0.474486 0.216762 0.000000 0.000000 0.000000 -0.000003 1 5.098991096e-08 5.098991096e-08
45 0.368208 0.254911 0.259404 1.852111 -0.474486 0.216762 0.000000 0.000000 0.000000 -0.000003 1 4.679895937e-08 4.679895937e-08
45 0.372991 0.255588 0.260126 1.852111 -0.474486 0.216762 0.000000 0.000000 0.000000 -0.000003 1 5.797483027e-08 5.797483027e-08
45 0.377937 0.256195 0.260866 1.852111 -0.474486 0.216762 0.000000 0.000000 0.000000 -0.000003 1 1.760199666e-07 1.760199666e-07
45 0.383097 0.256759 0.261627 1.852111 -0.474486 0.216762 0.000000 0.000000 0.000000 -0.000003 1 5.704350770e-08 5.704350770e-08
45 0.388523 0.257327 0.262413 1.852111 -0.474486 0.216762 0.000000 0.000000 0.000000 -0.000003 1 6.007030606e-08 6.007030606e-08
45 0.394236 0.257927 0.263226 1.852111 -0.474486 0.216762 0.000000 0.000000 0.000000 -0.000003 1 5.983747542e-08 5.983747542e-08
45 0.400231 0.258567 0.264064 1.852111 -0.474486 0.216762 0.000000 0.000000 0.000000 -0.000003 1 6.007030606e-08 6.007030606e-08
45 0.406483 0.259219 0.264929 1.852111 -0.474486 0.216762 0.000000 0.000000 0.000000 -0.000004 1 6.798654795e-08 6.798654795e-08
45 0.412972 0.259820 0.265824 1.852111 -0.474486 0.216762 0.000000 0.000000 0.000000 -0.000004 1 6.216578186e-08 6.216578186e-08
45 0.419731 0.260339 0.266756 1.852111 -0.474486 0.216762 0.000000 0.000000 0.000000 -0.000004 1 5.797483027e-08 5.797483027e-08
45 0.426826 0.260772 0.267733 1.852111 -0.474486 0.216762 0.000000 0.000000 0.000000 -0.000004 1 6.100162864e-08 6.100162864e-08
45 0.434338 0.261128 0.268763 1.852111 -0.474486 0.216762 0.000000 0.000000 0.000000 -0.000004 1 6.100162864e-08 6.100162864e-08
45 0.442344 0.261427 0.269854 1.852111 -0.474486 0.216762 0.000000 0.000000 0.000000 -0.000004 1 5.797483027e-08 5.797483027e-08
45 0.450924 0.261703 0.271013 1.852111 -0.474486 0.216762 0.000000 0.000000 0.000000 -0.000004 1 5.704350770e-08 5.704350770e-08
45 0.460162 0.262016 0.272244 1.852111 -0.474486 0.216762 0.000000 0.000000 0.000000 -0.000004 1 1.101288944e-07 1.101288944e-07
45 0.470116 0.262421 0.273547 1.852111 -0.474486 0.216762 0.000000 0.000000 0.000000 -0.000004 1 5.704350770e-08 5.704350770e-08
46 0.476819 0.236190 0.289458 1.883555 -0.541117 0.229169 0.000000 0.000000 0.000000 -0.000002 1 5.797483027e-08 5.797483027e-08
46 0.526562 0.262191 0.288670 1.883555 -0.541117 0.229169 0.000000 0.000000 0.000000 -0.000004 1 5.704350770e-08 5.704350770e-08
46 0.542917 0.266652 0.290602 1.883555 -0.541117 0.229169 0.000000 0.000000 0.000000 -0.000005 1 5.797483027e-08 5.797483027e-08
46 0.557203 0.267389 0.292841 1.883555 -0.541117 0.229169 0.000000 0.000000 0.000000 -0.000006 1 1.699663699e-07 1.699663699e-07
46 0.572724 0.268128 0.295158 1.883555 -0.541117 0.229169 0.000000 0.000000 0.000000 -0.000006 1 5.704350770e-08 5.704350770e-08
46 0.589794 0.268900 0.297568 1.883555 -0.541117 0.229169 0.000000 0.000000 0.000000 -0.000006 1 6.007030606e-08 6.007030606e-08
46 0.608850 0.269730 0.300088 1.883555 -0.541117 0.229169 0.000000 0.000000 0.000000 -0.000006 1 6.100162864e-08 6.100162864e-08
46 0.630483 0.270653 0.302724 1.883555 -0.541117 0.229169 0.000000 0.000000 0.000000 -0.000006 1 6.100162864e-08 6.100162864e-08
46 0.655464 0.271695 0.305462 1.883555 -0.541117 0.229169 0.000000 0.000000 0.000000 -0.000007 1 6.193295121e-08 6.193295121e-08
46 0.684786 0.272822 0.308248 1.883555 -0.541117 0.229169 0.000000 0.000000 0.000000 -0.000007 1 5.890615284e-08 5.890615284e-08
46 0.719851 0.273889 0.310940 1.883555 -0.541117 0.229169 0.000000 0.000000 0.000000 -0.000007 1 6.100162864e-08 6.100162864e-08
46 0.762789 0.274538 0.313196 1.883555 -0.541117 0.229169 0.000000 0.000000 0.000000 -0.000006 1 6.007030606e-08 6.007030606e-08
46 0.816329 0.273728 0.314282 1.883555 -0.541117 0.229169 0.000000 0.000000 0.000000 -0.000005 1 5.890615284e-08 5.890615284e-08
46 0.880514 0.269516 0.313391 1.883555 -0.541117 0.229169 0.000000 0.000000 0.000000 -0.000004 1 6.007030606e-08 6.007030606e-08
46 0.945019 0.264819 0.311091 1.883555 -0.541117 0.229169 0.000000 0.000000 0.000000 -0.000003 1 5.797483027e-08 5.797483027e-08
46 0.977819 0.266290 0.308689 1.883555 -0.541117 0.229169 0.000000 0.000000 0.000000 -0.000003 1 5.797483027e-08 5.797483027e-08
46 0.987828 0.261228 0.305697 1.883555 -0.541117 0.229169 0.000000 0.000000 0.000000 -0.000002 1 6.100162864e-08 6.100162864e-08
46 0.993041 0.253660 0.302423 1.883555 -0.541117 0.229169 0.000000 0.000000 0.000000 -0.000002 1 5.797483027e-08 5.797483027e-08
46 0.996628 0.245376 0.299133 1.883555 -0.541117 0.229169 0.000000 0.000000 0.000000 -0.000002 1 6.007030606e-08 6.007030606e-08
46 0.999527 0.236910 0.295947 1.883555 -0.541117 0.229169 0.000000 0.000000 0.000000 -0.000002 1 6.007030606e-08 6.007030606e-08
47 0.981693 0.195247 0.269600 1.887879 -0.608799 0.204574 0.000000 0.000000 0.000000 -0.000003 1 5.797483027e-08 5.797483027e-08
47 1.000000 0.199417 0.267195 1.887879 -0.608799 0.204574 0.000000 0.000000 0.000000 -0.000003 1 6.100162864e-08 6.100162864e-08
47 1.000000 0.199009 0.264817 1.887879 -0.608799 0.204574 0.000000 0.000000 0.000000 -0.000003 1 6.100162864e-08 6.100162864e-08
47 1.000000 0.198206 0.262602 1.887879 -0.608799 0.204574 0.000000 0.000000 0.000000 -0.000003 1 6.193295121e-08 6.193295121e-08
47 1.000000 0.196884 0.260529 1.887879 -0.608799 0.204574 0.000000 0.000000 0.000000 -0.000002 1 6.100162864e-08 6.100162864e-08
47 1.000000 0.194945 0.258581 1.887879 -0.608799 0.204574 0.000000 0.000000 0.000000 -0.000002 1 6.100162864e-08 6.100162864e-08
47 1.000000 0.192355 0.256746 1.887879 -0.608799 0.204574 0.000000 0.000000 0.000000 -0.000002 1 5.890615284e-08 5.890615284e-08
47 1.000000 0.189090 0.255012 1.887879 -0.608799 0.204574 0.000000 0.000000 0.000000 -0.000002 1 6.100162864e-08 6.100162864e-08
47 1.000000 0.185147 0.253369 1.887879 -0.608799 0.204574 0.000000 0.000000 0.000000 -0.000002 1 6.007030606e-08 6.007030606e-08
47 1.000000 0.180571 0.251811 1.887879 -0.608799 0.204574 0.000000 0.000000 0.000000 -0.000002 1 5.983747542e-08 5.983747542e-08
47 1.000000 0.175530 0.250337 1.887879 -0.608799 0.204574 0.000000 0.000000 0.000000 -0.000002 1 5.797483027e-08 5.797483027e-08
47 1.000000 0.170451 0.248957 1.887879 -0.608799 0.204574 0.000000 0.000000 0.000000 -0.000002 1 6.007030606e-08 6.007030606e-08
47 1.000000 0.165590 0.247673 1.887879 -0.608799 0.204574 0.000000 0.000000 0.000000 -0.000002 1 5.704350770e-08 5.704350770e-08
47 1.000000 0.160863 0.246477 1.887879 -0.608799 0.204574 0.000000 0.000000 0.000000 -0.000002 1 6.193295121e-08 6.193295121e-08
47 1.000000 0.156133 0.245356 1.887879 -0.608799 0.204574 0.000000 0.000000 0.000000 -0.000002 1 5.890615284e-08 5.890615284e-08
47 1.000000 0.151232 0.244299 1.887879 -0.608799 0.204574 0.000000 0.000000 0.000000 -0.000002 1 5.797483027e-08 5.797483027e-08
47 1.000000 0.145899 0.243289 1.887879 -0.608799 0.204574 0.000000 0.000000 0.000000 -0.000002 1 5.913898349e-08 5.913898349e-08
47 1.000000 0.139937 0.242315 1.887879 -0.608799 0.204574 0.000000 0.000000 0.000000 -0.000002 1 8.987262845e-08 8.987262845e-08
47 1.000000 0.133237 0.241368 1.887879 -0.608799 0.204574 0.000000 0.000000 0.000000 -0.000002 1 2.793967724e-08 2.793967724e-08
47 1.000000 0.125808 0.240446 1.887879 -0.608799 0.204574 0.000000 0.000000 0.000000 -0.000002 1 4.097819328e-08 4.097819328e-08
48 0.978448 0.077997 0.266453 1.842369 -0.646141 0.231477 0.000000 0.000000 0.000000 -0.000002 1 6.915070117e-08 6.915070117e-08
48 1.000000 0.080406 0.265994 1.842369 -0.646141 0.231477 0.000000 0.000000 0.000000 -0.000002 1 5.913898349e-08 5.913898349e-08
48 1.000000 0.076537 0.265350 1.842369 -0.646141 0.231477 0.000000 0.000000 0.000000 -0.000002 1 5.797483027e-08 5.797483027e-08
48 1.000000 0.071314 0.264691 1.842369 -0.646141 0.231477 0.000000 0.000000 0.000000 -0.000002 1 6.589107215e-08 6.589107215e-08
48 1.000000 0.065107 0.264030 1.842369 -0.646141 0.231477 0.000000 0.000000 0.000000 -0.000002 1 5.890615284e-08 5.890615284e-08
48 1.000000 0.058309 0.263378 1.842369 -0.646141 0.231477 0.000000 0.000000 0.000000 -0.000002 1 5.681067705e-08 5.681067705e-08
48 1.000000 0.051211 0.262747 1.842369 -0.646141 0.231477 0.000000 0.000000 0.000000 -0.000002 1 5.704350770e-08 5.704350770e-08
48 1.000000 0.043986 0.262139 1.842369 -0.646141 0.231477 0.000000 0.000000 0.000000 -0.000002 1 6.193295121e-08 6.193295121e-08
48 1.000000 0.036733 0.261558 1.842369 -0.646141 0.231477 0.000000 0.000000 0.000000 -0.000002 1 6.007030606e-08 6.007030606e-08
48 1.000000 0.029542 0.261003 1.842369 -0.646141 0.231477 0.000000 0.000000 0.000000 -0.000002 1 6.100162864e-08 6.100162864e-08
48 1.000000 0.022466 0.260477 1.842369 -0.646141 0.231477 0.000000 0.000000 0.000000 -0.000002 1 6.193295121e-08 6.193295121e-08
48 1.000000 0.015571 0.259980 1.842369 -0.646141 0.231477 0.000000 0.000000 0.000000 -0.000002 1 5.890615284e-08 5.890615284e-08
48 1.000000 0.008929 0.259513 1.842369 -0.646141 0.231477 0.000000 0.000000 0.000000 -0.000002 1 5.797483027e-08 5.797483027e-08
48 1.000000 0.002491 0.259073 1.842369 -0.646141 0.231477 0.000000 0.000000 0.000000 -0.000002 1 5.890615284e-08 5.890615284e-08
48 1.000000 -0.003841 0.258655 1.842369 -0.646141 0.231477 0.000000 0.000000 0.000000 -0.000002 1 6.100162864e-08 6.100162864e-08
48 1.000000 -0.010136 0.258255 1.842369 -0.646141 0.231477 0.000000 0.000000 0.000000 -0.000002 1 6.100162864e-08 6.100162864e-08
48 1.000000 -0.016450 0.257870 1.842369 -0.646141 0.231477 0.000000 0.000000 0.000000 -0.000002 1 5.913898349e-08 5.913898349e-08
48 1.000000 -0.022864 0.257495 1.842369 -0.646141 0.231477 0.000000 0.000000 0.000000 -0.000002 1 5.704350770e-08 5.704350770e-08
48 1.000000 -0.029481 0.257125 1.842369 -0.646141 0.231477 0.000000 0.000000 0.000000 -0.000002 1 5.913898349e-08 5.913898349e-08
48 1.000000 -0.036377 0.256758 1.842369 -0.646141 0.231477 0.000000 0.000000 0.000000 -0.000002 1 6.100162864e-08 6.100162864e-08
49 0.884526 -0.057233 0.253541 1.700455 -0.644687 0.229241 0.000000 0.000000 0.000000 -0.000000 1 5.913898349e-08 5.913898349e-08
49 0.948625 -0.098890 0.251805 1.700455 -0.644687 0.229241 0.000000 0.000000 0.000000 -0.000000 1 5.820766091e-08 5.820766091e-08
49 0.999475 -0.114826 0.251135 1.700455 -0.644687 0.229241 0.000000 0.000000 0.000000 -0.000002 1 6.007030606e-08 6.007030606e-08
49 1.000000 -0.116776 0.251070 1.700455 -0.644687 0.229241 0.000000 0.000000 0.000000 -0.000002 1 5.913898349e-08 5.913898349e-08
49 1.000000 -0.120218 0.250947 1.700455 -0.644687 0.229241 0.000000 0.000000 0.000000 -0.000002 1 6.007030606e-08 6.007030606e-08
49 1.000000 -0.125516 0.250749 1.700455 -0.644687 0.229241 0.000000 0.000000 0.000000 -0.000002 1 5.890615284e-08 5.890615284e-08
49 1.000000 -0.133001 0.250466 1.700455 -0.644687 0.229241 0.000000 0.000000 0.000000 -0.000001 1 5.681067705e-08 5.681067705e-08
49 1.000000 -0.142752 0.250094 1.700455 -0.644687 0.229241 0.000000 0.000000 0.000000 -0.000001 1 5.611218512e-08 5.611218512e-08
49 1.000000 -0.154525 0.249643 1.700455 -0.644687 0.229241 0.000000 0.000000 0.000000 -0.000001 1 6.100162864e-08 6.100162864e-08
49 1.000000 -0.167857 0.249132 1.700455 -0.644687 0.229241 0.000000 0.000000 0.000000 -0.000001 1 5.983747542e-08 5.983747542e-08
49 1.000000 -0.182227 0.248581 1.700455 -0.644687 0.229241 0.000000 0.000000 0.000000 -0.000001 1 6.100162864e-08 6.100162864e-08
49 1.000000 -0.197176 0.248004 1.700455 -0.644687 0.229241 0.000000 0.000000 0.000000 -0.000001 1 9.499490261e-08 9.499490261e-08
49 1.000000 -0.212253 0.247415 1.700455 -0.644687 0.229241 0.000000 0.000000 0.000000 -0.000001 1 5.587935448e-08 5.587935448e-08
49 1.000000 -0.226969 0.246819 1.700455 -0.644687 0.229241 0.000000 0.000000 0.000000 -0.000001 1 5.797483027e-08 5.797483027e-08
49 1.000000 -0.240749 0.246216 1.700455 -0.644687 0.229241 0.000000 0.000000 0.000000 -0.000001 1 5.913898349e-08 5.913898349e-08
49 1.000000 -0.252849 0.245600 1.700455 -0.644687 0.229241 0.000000 0.000000 0.000000 -0.000001 1 6.100162864e-08 6.100162864e-08
49 1.000000 -0.262616 0.244957 1.700455 -0.644687 0.229241 0.000000 0.000000 0.000000 -0.000001 1 5.797483027e-08 5.797483027e-08
49 1.000000 -0.269856 0.244273 1.700455 -0.644687 0.229241 0.000000 0.000000 0.000000 -0.000001 1 6.402842700e-08 6.402842700e-08
49 1.000000 -0.274907 0.243546 1.700455 -0.644687 0.229241 0.000000 0.000000 0.000000 -0.000000 1 5.797483027e-08 5.797483027e-08
49 1.000000 -0.278364 0.242782 1.700455 -0.644687 0.229241 0.000000 0.000000 0.000000 -0.000000 1 6.100162864e-08 6.100162864e-08
50 0.795775 -0.214719 0.303763 1.475047 -0.568317 0.290863 0.000000 0.000000 0.000000 -0.000000 1 5.192123353e-08 5.192123353e-08
50 0.848000 -0.241905 0.302771 1.475047 -0.568317 0.290863 0.000000 0.000000 0.000000 0.000000 1 5.890615284e-08 5.890615284e-08
50 0.897009 -0.263418 0.301892 1.475047 -0.568317 0.290863 0.000000 0.000000 0.000000 0.000000 1 5.820766091e-08 5.820766091e-08
50 0.942146 -0.270908 0.301138 1.475047 -0.568317 0.290863 0.000000 0.000000 0.000000 0.000000 1 6.193295121e-08 6.193295121e-08
50 0.968371 -0.264460 0.300461 1.475047 -0.568317 0.290863 0.000000 0.000000 0.000000 0.000000 1 5.983747542e-08 5.983747542e-08
50 0.973123 -0.262098 0.299808 1.475047 -0.568317 0.290863 0.000000 0.000000 0.000000 0.000000 1 5.890615284e-08 5.890615284e-08
50 0.974540 -0.262906 0.299172 1.475047 -0.568317 0.290863 0.000000 0.000000 0.000000 0.000000 1 5.611218512e-08 5.611218512e-08
50 0.975342 -0.264071 0.298565 1.475047 -0.568317 0.290863 0.000000 0.000000 0.000000 0.000000 1 5.704350770e-08 5.704350770e-08
50 0.975970 -0.265088 0.297992 1.475047 -0.568317 0.290863 0.000000 0.000000 0.000000 0.000000 1 5.797483027e-08 5.797483027e-08
50 0.976531 -0.265917 0.297454 1.475047 -0.568317 0.290863 0.000000 0.000000 0.000000 0.000000 1 5.983747542e-08 5.983747542e-08
50 0.977052 -0.266601 0.296954 1.475047 -0.568317 0.290863 0.000000 0.000000 0.000000 0.000000 1 6.007030606e-08 6.007030606e-08
50 0.977534 -0.267181 0.296490 1.475047 -0.568317 0.290863 0.000000 0.000000 0.000000 0.000000 1 6.007030606e-08 6.007030606e-08
50 0.977979 -0.267685 0.296059 1.475047 -0.568317 0.290863 0.000000 0.000000 0.000000 0.000000 1 1.396983862e-08 1.396983862e-08
50 0.978386 -0.268128 0.295661 1.475047 -0.568317 0.290863 0.000000 0.000000 0.000000 0.000000 1 4.190951586e-08 4.190951586e-08
50 0.978757 -0.268521 0.295293 1.475047 -0.568317 0.290863 0.000000 0.000000 0.000000 0.000000 1 1.490116119e-08 1.490116119e-08
50 0.979094 -0.268872 0.294953 1.475047 -0.568317 0.290863 0.000000 0.000000 0.000000 0.000000 1 2.095475793e-08 2.095475793e-08
50 0.979397 -0.269186 0.294639 1.475047 -0.568317 0.290863 0.000000 0.000000 0.000000 0.000000 1 2.095475793e-08 2.095475793e-08
50 0.979670 -0.269466 0.294349 1.475047 -0.568317 0.290863 0.000000 0.000000 0.000000 0.000000 1 6.193295121e-08 6.193295121e-08
50 0.979912 -0.269715 0.294081 1.475047 -0.568317 0.290863 0.000000 0.000000 0.000000 0.000000 1 6.193295121e-08 6.193295121e-08
50 0.980132 -0.269938 0.293834 1.475047 -0.568317 0.290863 0.000000 0.000000 0.000000 0.000000 1 5.704350770e-08 5.704350770e-08
51 0.652750 -0.300000 0.124354 1.133264 -0.611415 0.122266 0.000000 0.000000 0.000000 -0.000000 1 6.100162864e-08 6.100162864e-08
51 0.689739 -0.300000 0.124194 1.133264 -0.611415 0.122266 0.000000 0.000000 0.000000 -0.000000 1 5.983747542e-08 5.983747542e-08
51 0.723859 -0.300000 0.124047 1.133264 -0.611415 0.122266 0.000000 0.000000 0.000000 -0.000000 1 5.797483027e-08 5.797483027e-08
51 0.755344 -0.300000 0.123910 1.133264 -0.611415 0.122266 0.000000 0.000000 0.000000 -0.000000 1 6.007030606e-08 6.007030606e-08
51 0.784403 -0.300000 0.123784 1.133264 -0.611415 0.122266 0.000000 0.000000 0.000000 -0.000000 1 6.100162864e-08 6.100162864e-08
51 0.811225 -0.300000 0.123667 1.133264 -0.611415 0.122266 0.000000 0.000000 0.000000 -0.000000 1 1.699663699e-07 1.699663699e-07
51 0.835981 -0.300000 0.123559 1.133264 -0.611415 0.122266 0.000000 0.000000 0.000000 -0.000000 1 6.007030606e-08 6.007030606e-08
51 0.858826 -0.300000 0.123460 1.133264 -0.611415 0.122266 0.000000 0.000000 0.000000 -0.000000 1 6.007030606e-08 6.007030606e-08
51 0.879891 -0.299995 0.123368 1.133264 -0.611415 0.122266 0.000000 0.000000 0.000000 -0.000000 1 5.983747542e-08 5.983747542e-08
51 0.899275 -0.299943 0.123283 1.133264 -0.611415 0.122266 0.000000 0.000000 0.000000 -0.000000 1 6.193295121e-08 6.193295121e-08
51 0.917019 -0.299785 0.123205 1.133264 -0.611415 0.122266 0.000000 0.000000 0.000000 -0.000000 1 5.983747542e-08 5.983747542e-08
51 0.933060 -0.299423 0.123133 1.133264 -0.611415 0.122266 0.000000 0.000000 0.000000 -0.000000 1 6.007030606e-08 6.007030606e-08
51 0.947159 -0.298712 0.123066 1.133264 -0.611415 0.122266 0.000000 0.000000 0.000000 -0.000000 1 6.100162864e-08 6.100162864e-08
51 0.958825 -0.297526 0.123005 1.133264 -0.611415 0.122266 0.000000 0.000000 0.000000 -0.000000 1 6.007030606e-08 6.007030606e-08
51 0.967440 -0.295963 0.122948 1.133264 -0.611415 0.122266 0.000000 0.000000 0.000000 -0.000000 1 6.216578186e-08 6.216578186e-08
51 0.972814 -0.294463 0.122895 1.133264 -0.611415 0.122266 0.000000 0.000000 0.000000 -0.000000 1 6.193295121e-08 6.193295121e-08
51 0.975639 -0.293429 0.122847 1.133264 -0.611415 0.122266 0.000000 0.000000 0.000000 -0.000000 1 6.007030606e-08 6.007030606e-08
51 0.976964 -0.292869 0.122802 1.133264 -0.611415 0.122266 0.000000 0.000000 0.000000 -0.000000 1 6.379559636e-08 6.379559636e-08
51 0.977552 -0.292605 0.122761 1.133264 -0.611415 0.122266 0.000000 0.000000 0.000000 -0.000000 1 5.797483027e-08 5.797483027e-08
51 0.977807 -0.292488 0.122723 1.133264 -0.611415 0.122266 0.000000 0.000000 0.000000 -0.000000 1 5.983747542e-08 5.983747542e-08
52 0.772823 -0.191461 0.106914 0.924139 -0.508111 0.106553 0.000000 0.000000 0.000000 0.000000 1 5.913898349e-08 5.913898349e-08
52 0.784375 -0.192042 0.106887 0.924139 -0.508111 0.106553 0.000000 0.000000 0.000000 0.000000 1 6.216578186e-08 6.216578186e-08
52 0.794981 -0.192586 0.106861 0.924139 -0.508111 0.106553 0.000000 0.000000 0.000000 0.000000 1 1.559965312e-07 1.559965312e-07
52 0.804686 -0.193088 0.106837 0.924139 -0.508111 0.106553 0.000000 0.000000 0.000000 0.000000 1 6.007030606e-08 6.007030606e-08
52 0.813520 -0.193542 0.106816 0.924139 -0.508111 0.106553 0.000000 0.000000 0.000000 0.000000 1 5.797483027e-08 5.797483027e-08
52 0.821503 -0.193944 0.106795 0.924139 -0.508111 0.106553 0.000000 0.000000 0.000000 0.000000 1 6.007030606e-08 6.007030606e-08
52 0.828645 -0.194292 0.106777 0.924139 -0.508111 0.106553 0.000000 0.000000 0.000000 0.000000 1 6.100162864e-08 6.100162864e-08
52 0.834953 -0.194589 0.106760 0.924139 -0.508111 0.106553 0.000000 0.000000 0.000000 0.000000 1 5.890615284e-08 5.890615284e-08
52 0.840439 -0.194845 0.106744 0.924139 -0.508111 0.106553 0.000000 0.000000 0.000000 0.000000 1 6.007030606e-08 6.007030606e-08
52 0.845126 -0.195074 0.106729 0.924139 -0.508111 0.106553 0.000000 0.000000 0.000000 0.000000 1 6.309710443e-08 6.309710443e-08
52 0.849055 -0.195295 0.106716 0.924139 -0.508111 0.106553 0.000000 0.000000 0.000000 0.000000 1 5.494803190e-08 5.494803190e-08
52 0.852292 -0.195528 0.106703 0.924139 -0.508111 0.106553 0.000000 0.000000 0.000000 0.000000 1 6.007030606e-08 6.007030606e-08
52 0.854918 -0.195788 0.106692 0.924139 -0.508111 0.106553 0.000000 0.000000 0.000000 0.000000 1 5.797483027e-08 5.797483027e-08
52 0.857030 -0.196085 0.106681 0.924139 -0.508111 0.106553 0.000000 0.000000 0.000000 0.000000 1 6.216578186e-08 6.216578186e-08
52 0.858721 -0.196421 0.106671 0.924139 -0.508111 0.106553 0.000000 0.000000 0.000000 0.000000 1 1.220032573e-07 1.220032573e-07
52 0.860082 -0.196793 0.106662 0.924139 -0.508111 0.106553 0.000000 0.000000 0.000000 0.000000 1 5.797483027e-08 5.797483027e-08
52 0.861188 -0.197197 0.106654 0.924139 -0.508111 0.106553 0.000000 0.000000 0.000000 0.000000 1 5.797483027e-08 5.797483027e-08
52 0.862103 -0.197626 0.106646 0.924139 -0.508111 0.106553 0.000000 0.000000 0.000000 0.000000 1 5.704350770e-08 5.704350770e-08
52 0.862875 -0.198074 0.106639 0.924139 -0.508111 0.106553 0.000000 0.000000 0.000000 0.000000 1 5.983747542e-08 5.983747542e-08
52 0.863543 -0.198536 0.106632 0.924139 -0.508111 0.106553 0.000000 0.000000 0.000000 0.000000 1 1.480802894e-07 1.480802894e-07
53 0.720742 -0.104323 0.094381 0.779743 -0.411254 0.094356 0.000000 0.000000 0.000000 0.000001 1 5.983747542e-08 5.983747542e-08
53 0.724904 -0.105258 0.094379 0.779743 -0.411254 0.094356 0.000000 0.000000 0.000000 0.000001 1 5.913898349e-08 5.913898349e-08
53 0.728685 -0.106182 0.094378 0.779743 -0.411254 0.094356 0.000000 0.000000 0.000000 0.000001 1 5.983747542e-08 5.983747542e-08
53 0.732114 -0.107097 0.094376 0.779743 -0.411254 0.094356 0.000000 0.000000 0.000000 0.000001 1 6.100162864e-08 6.100162864e-08
53 0.735219 -0.108007 0.094374 0.779743 -0.411254 0.094356 0.000000 0.000000 0.000000 0.000001 1 6.100162864e-08 6.100162864e-08
53 0.738026 -0.108912 0.094373 0.779743 -0.411254 0.094356 0.000000 0.000000 0.000000 0.000001 1 6.007030606e-08 6.007030606e-08
53 0.740563 -0.109814 0.094372 0.779743 -0.411254 0.094356 0.000000 0.000000 0.000000 0.000001 1 1.490116119e-08 1.490116119e-08
53 0.742853 -0.110715 0.094370 0.779743 -0.411254 0.094356 0.000000 0.000000 0.000000 0.000001 1 1.490116119e-08 1.490116119e-08
53 0.744922 -0.111614 0.094369 0.779743 -0.411254 0.094356 0.000000 0.000000 0.000000 0.000001 1 5.890615284e-08 5.890615284e-08
53 0.746792 -0.112514 0.094368 0.779743 -0.411254 0.094356 0.000000 0.000000 0.000000 0.000001 1 5.704350770e-08 5.704350770e-08
53 0.748485 -0.113413 0.094367 0.779743 -0.411254 0.094356 0.000000 0.000000 0.000000 0.000001 1 5.797483027e-08 5.797483027e-08
53 0.750019 -0.114313 0.094366 0.779743 -0.411254 0.094356 0.000000 0.000000 0.000000 0.000001 1 6.100162864e-08 6.100162864e-08
53 0.751413 -0.115213 0.094366 0.779743 -0.411254 0.094356 0.000000 0.000000 0.000000 0.000001 1 6.286427379e-08 6.286427379e-08
53 0.752683 -0.116112 0.094365 0.779743 -0.411254 0.094356 0.000000 0.000000 0.000000 0.000001 1 6.007030606e-08 6.007030606e-08
53 0.753843 -0.117012 0.094364 0.779743 -0.411254 0.094356 0.000000 0.000000 0.000000 0.000001 1 6.193295121e-08 6.193295121e-08
53 0.754908 -0.117910 0.094364 0.779743 -0.411254 0.094356 0.000000 0.000000 0.000000 0.000001 1 6.007030606e-08 6.007030606e-08
53 0.755887 -0.118807 0.094363 0.779743 -0.411254 0.094356 0.000000 0.000000 0.000000 0.000001 1 2.251472324e-07 2.251472324e-07
53 0.756792 -0.119703 0.094362 0.779743 -0.411254 0.094356 0.000000 0.000000 0.000000 0.000001 1 5.890615284e-08 5.890615284e-08
53 0.757631 -0.120597 0.094362 0.779743 -0.411254 0.094356 0.000000 0.000000 0.000000 0.000001 1 5.913898349e-08 5.913898349e-08
53 0.758412 -0.121489 0.094361 0.779743 -0.411254 0.094356 0.000000 0.000000 0.000000 0.000001 1 5.587935448e-08 5.587935448e-08
54 0.575528 -0.041628 0.139624 0.596471 -0.328486 0.139444 0.000000 0.000000 0.000000 0.000001 1 5.704350770e-08 5.704350770e-08
54 0.577133 -0.042949 0.139610 0.596471 -0.328486 0.139444 0.000000 0.000000 0.000000 0.000001 1 5.308538675e-08 5.308538675e-08
54 0.578615 -0.044258 0.139597 0.596471 -0.328486 0.139444 0.000000 0.000000 0.000000 0.000001 1 6.309710443e-08 6.309710443e-08
54 0.579982 -0.045557 0.139586 0.596471 -0.328486 0.139444 0.000000 0.000000 0.000000 0.000001 1 5.797483027e-08 5.797483027e-08
54 0.581245 -0.046845 0.139575 0.596471 -0.328486 0.139444 0.000000 0.000000 0.000000 0.000001 1 5.890615284e-08 5.890615284e-08
54 0.582410 -0.048124 0.139565 0.596471 -0.328486 0.139444 0.000000 0.000000 0.000000 0.000001 1 5.494803190e-08 5.494803190e-08
54 0.583486 -0.049394 0.139555 0.596471 -0.328486 0.139444 0.000000 0.000000 0.000000 0.000001 1 5.285255611e-08 5.285255611e-08
54 0.584479 -0.050656 0.139547 0.596471 -0.328486 0.139444 0.000000 0.000000 0.000000 0.000001 1 6.100162864e-08 6.100162864e-08
54 0.585396 -0.051909 0.139539 0.596471 -0.328486 0.139444 0.000000 0.000000 0.000000 0.000001 1 8.800998330e-08 8.800998330e-08
54 0.586243 -0.053155 0.139532 0.596471 -0.328486 0.139444 0.000000 0.000000 0.000000 0.000001 1 5.913898349e-08 5.913898349e-08
54 0.587025 -0.054392 0.139525 0.596471 -0.328486 0.139444 0.000000 0.000000 0.000000 0.000001 1 6.100162864e-08 6.100162864e-08
54 0.587746 -0.055622 0.139519 0.596471 -0.328486 0.139444 0.000000 0.000000 0.000000 0.000001 1 6.286427379e-08 6.286427379e-08
54 0.588413 -0.056845 0.139513 0.596471 -0.328486 0.139444 0.000000 0.000000 0.000000 0.000001 1 6.007030606e-08 6.007030606e-08
54 0.589028 -0.058061 0.139508 0.596471 -0.328486 0.139444 0.000000 0.000000 0.000000 0.000001 1 1.729931682e-07 1.729931682e-07
54 0.589596 -0.059270 0.139503 0.596471 -0.328486 0.139444 0.000000 0.000000 0.000000 0.000001 1 5.611218512e-08 5.611218512e-08
54 0.590121 -0.060472 0.139498 0.596471 -0.328486 0.139444 0.000000 0.000000 0.000000 0.000001 1 6.100162864e-08 6.100162864e-08
54 0.590605 -0.061667 0.139494 0.596471 -0.328486 0.139444 0.000000 0.000000 0.000000 0.000001 1 5.983747542e-08 5.983747542e-08
54 0.591052 -0.062856 0.139490 0.596471 -0.328486 0.139444 0.000000 0.000000 0.000000 0.000001 1 6.007030606e-08 6.007030606e-08
54 0.591465 -0.064039 0.139487 0.596471 -0.328486 0.139444 0.000000 0.000000 0.000000 0.000001 1 5.983747542e-08 5.983747542e-08
54 0.591847 -0.065215 0.139483 0.596471 -0.328486 0.139444 0.000000 0.000000 0.000000 0.000001 1 5.797483027e-08 5.797483027e-08
55 0.359707 -0.025031 0.060999 0.364877 -0.285195 0.061266 0.000000 0.000000 0.000000 0.000001 1 5.704350770e-08 5.704350770e-08
55 0.360104 -0.026614 0.061020 0.364877 -0.285195 0.061266 0.000000 0.000000 0.000000 0.000001 1 6.915070117e-08 6.915070117e-08
55 0.360471 -0.028154 0.061039 0.364877 -0.285195 0.061266 0.000000 0.000000 0.000000 0.000001 1 6.007030606e-08 6.007030606e-08
55 0.360810 -0.029659 0.061056 0.364877 -0.285195 0.061266 0.000000 0.000000 0.000000 0.000001 1 5.890615284e-08 5.890615284e-08
55 0.361123 -0.031133 0.061072 0.364877 -0.285195 0.061266 0.000000 0.000000 0.000000 0.000001 1 5.983747542e-08 5.983747542e-08
55 0.361411 -0.032580 0.061087 0.364877 -0.285195 0.061266 0.000000 0.000000 0.000000 0.000001 1 6.100162864e-08 6.100162864e-08
55 0.361678 -0.034005 0.061101 0.364877 -0.285195 0.061266 0.000000 0.000000 0.000000 0.000001 1 6.100162864e-08 6.100162864e-08
55 0.361924 -0.035408 0.061114 0.364877 -0.285195 0.061266 0.000000 0.000000 0.000000 0.000001 1 5.983747542e-08 5.983747542e-08
55 0.362151 -0.036794 0.061125 0.364877 -0.285195 0.061266 0.000000 0.000000 0.000000 0.000001 1 5.797483027e-08 5.797483027e-08
55 0.362360 -0.038163 0.061136 0.364877 -0.285195 0.061266 0.000000 0.000000 0.000000 0.000001 1 6.193295121e-08 6.193295121e-08
55 0.362554 -0.039517 0.061146 0.364877 -0.285195 0.061266 0.000000 0.000000 0.000000 0.000001 1 1.739244908e-07 1.739244908e-07
55 0.362733 -0.040857 0.061156 0.364877 -0.285195 0.061266 0.000000 0.000000 0.000000 0.000001 1 6.193295121e-08 6.193295121e-08
55 0.362897 -0.042184 0.061164 0.364877 -0.285195 0.061266 0.000000 0.000000 0.000000 0.000001 1 5.587935448e-08 5.587935448e-08
55 0.363050 -0.043500 0.061172 0.364877 -0.285195 0.061266 0.000000 0.000000 0.000000 0.000001 1 6.193295121e-08 6.193295121e-08
55 0.363190 -0.044804 0.061179 0.364877 -0.285195 0.061266 0.000000 0.000000 0.000000 0.000001 1 6.100162864e-08 6.100162864e-08
55 0.363320 -0.046099 0.061186 0.364877 -0.285195 0.061266 0.000000 0.000000 0.000000 0.000001 1 5.890615284e-08 5.890615284e-08
55 0.363440 -0.047383 0.061192 0.364877 -0.285195 0.061266 0.000000 0.000000 0.000000 0.000001 1 6.007030606e-08 6.007030606e-08
55 0.363550 -0.048659 0.061198 0.364877 -0.285195 0.061266 0.000000 0.000000 0.000000 0.000001 1 5.587935448e-08 5.587935448e-08
55 0.363652 -0.049925 0.061203 0.364877 -0.285195 0.061266 0.000000 0.000000 0.000000 0.000001 1 5.797483027e-08 5.797483027e-08
55 0.363746 -0.051183 0.061208 0.364877 -0.285195 0.061266 0.000000 0.000000 0.000000 0.000001 1 6.007030606e-08 6.007030606e-08
56 0.228542 0.023317 0.071702 0.230110 -0.202917 0.071716 0.000000 0.000000 0.000000 0.000000 1 4.889443517e-08 4.889443517e-08
56 0.228663 0.005924 0.071703 0.230110 -0.202917 0.071716 0.000000 0.000000 0.000000 0.000000 1 4.796311259e-08 4.796311259e-08
56 0.228774 -0.006110 0.071704 0.230110 -0.202917 0.071716 0.000000 0.000000 0.000000 0.000002 1 9.592622519e-08 9.592622519e-08
56 0.228877 -0.009926 0.071705 0.230110 -0.202917 0.071716 0.000000 0.000000 0.000000 0.000001 1 5.913898349e-08 5.913898349e-08
56 0.228972 -0.012709 0.071706 0.230110 -0.202917 0.071716 0.000000 0.000000 0.000000 0.000001 1 1.396983862e-08 1.396983862e-08
56 0.229059 -0.015061 0.071707 0.230110 -0.202917 0.071716 0.000000 0.000000 0.000000 0.000001 1 1.396983862e-08 1.396983862e-08
56 0.229140 -0.017164 0.071707 0.230110 -0.202917 0.071716 0.000000 0.000000 0.000000 0.000001 1 3.585591912e-08 3.585591912e-08
56 0.229214 -0.019101 0.071708 0.230110 -0.202917 0.071716 0.000000 0.000000 0.000000 0.000001 1 1.669395715e-07 1.669395715e-07
56 0.229283 -0.020921 0.071709 0.230110 -0.202917 0.071716 0.000000 0.000000 0.000000 0.000001 1 5.797483027e-08 5.797483027e-08
56 0.229347 -0.022651 0.071709 0.230110 -0.202917 0.071716 0.000000 0.000000 0.000000 0.000001 1 5.797483027e-08 5.797483027e-08
56 0.229405 -0.024311 0.071710 0.230110 -0.202917 0.071716 0.000000 0.000000 0.000000 0.000001 1 6.007030606e-08 6.007030606e-08
56 0.229460 -0.025915 0.071710 0.230110 -0.202917 0.071716 0.000000 0.000000 0.000000 0.000001 1 6.007030606e-08 6.007030606e-08
56 0.229510 -0.027474 0.071710 0.230110 -0.202917 0.071716 0.000000 0.000000 0.000000 0.000001 1 5.704350770e-08 5.704350770e-08
56 0.229556 -0.028994 0.071711 0.230110 -0.202917 0.071716 0.000000 0.000000 0.000000 0.000001 1 5.494803190e-08 5.494803190e-08
56 0.229598 -0.030481 0.071711 0.230110 -0.202917 0.071716 0.000000 0.000000 0.000000 0.000001 1 6.100162864e-08 6.100162864e-08
56 0.229638 -0.031939 0.071712 0.230110 -0.202917 0.071716 0.000000 0.000000 0.000000 0.000001 1 5.704350770e-08 5.704350770e-08
56 0.229674 -0.033374 0.071712 0.230110 -0.202917 0.071716 0.000000 0.000000 0.000000 0.000001 1 5.494803190e-08 5.494803190e-08
56 0.229707 -0.034786 0.071712 0.230110 -0.202917 0.071716 0.000000 0.000000 0.000000 0.000001 1 5.308538675e-08 5.308538675e-08
56 0.229738 -0.036180 0.071712 0.230110 -0.202917 0.071716 0.000000 0.000000 0.000000 0.000001 1 5.890615284e-08 5.890615284e-08
56 0.229767 -0.037556 0.071713 0.230110 -0.202917 0.071716 0.000000 0.000000 0.000000 0.000001 1 6.100162864e-08 6.100162864e-08
57 0.165136 -0.006081 -0.003260 0.165702 -0.167674 -0.002967 0.000000 0.000000 0.000000 0.000001 1 5.797483027e-08 5.797483027e-08
57 0.165179 -0.009908 -0.003237 0.165702 -0.167674 -0.002967 0.000000 0.000000 0.000000 0.000001 1 6.193295121e-08 6.193295121e-08
57 0.165219 -0.012695 -0.003216 0.165702 -0.167674 -0.002967 0.000000 0.000000 0.000000 0.000001 1 5.913898349e-08 5.913898349e-08
57 0.165257 -0.015049 -0.003197 0.165702 -0.167674 -0.002967 0.000000 0.000000 0.000000 0.000001 1 5.983747542e-08 5.983747542e-08
57 0.165291 -0.017152 -0.003180 0.165702 -0.167674 -0.002967 0.000000 0.000000 0.000000 0.000001 1 1.720618457e-07 1.720618457e-07
57 0.165322 -0.019091 -0.003163 0.165702 -0.167674 -0.002967 0.000000 0.000000 0.000000 0.000001 1 5.983747542e-08 5.983747542e-08
57 0.165352 -0.020910 -0.003148 0.165702 -0.167674 -0.002967 0.000000 0.000000 0.000000 0.000001 1 5.797483027e-08 5.797483027e-08
57 0.165379 -0.022641 -0.003134 0.165702 -0.167674 -0.002967 0.000000 0.000000 0.000000 0.000001 1 6.007030606e-08 6.007030606e-08
57 0.165403 -0.024302 -0.003121 0.165702 -0.167674 -0.002967 0.000000 0.000000 0.000000 0.000001 1 6.309710443e-08 6.309710443e-08
57 0.165426 -0.025906 -0.003109 0.165702 -0.167674 -0.002967 0.000000 0.000000 0.000000 0.000000 1 5.401670933e-08 5.401670933e-08
57 0.165448 -0.027465 -0.003099 0.165702 -0.167674 -0.002967 0.000000 0.000000 0.000000 0.000000 1 5.401670933e-08 5.401670933e-08
57 0.165467 -0.028985 -0.003088 0.165702 -0.167674 -0.002967 0.000000 0.000000 0.000000 0.000000 1 6.007030606e-08 6.007030606e-08
57 0.165485 -0.030472 -0.003079 0.165702 -0.167674 -0.002967 0.000000 0.000000 0.000000 0.000000 1 6.286427379e-08 6.286427379e-08
57 0.165502 -0.031931 -0.003070 0.165702 -0.167674 -0.002967 0.000000 0.000000 0.000000 0.000000 1 6.007030606e-08 6.007030606e-08
57 0.165517 -0.033365 -0.003063 0.165702 -0.167674 -0.002967 0.000000 0.000000 0.000000 0.000000 1 6.309710443e-08 6.309710443e-08
57 0.165532 -0.034778 -0.003055 0.165702 -0.167674 -0.002967 0.000000 0.000000 0.000000 0.000000 1 6.193295121e-08 6.193295121e-08
57 0.165545 -0.036172 -0.003048 0.165702 -0.167674 -0.002967 0.000000 0.000000 0.000000 0.000000 1 5.704350770e-08 5.704350770e-08
57 0.165557 -0.037548 -0.003042 0.165702 -0.167674 -0.002967 0.000000 0.000000 0.000000 0.000000 1 6.309710443e-08 6.309710443e-08
57 0.165568 -0.038908 -0.003036 0.165702 -0.167674 -0.002967 0.000000 0.000000 0.000000 0.000000 1 6.100162864e-08 6.100162864e-08
57 0.165578 -0.040254 -0.003031 0.165702 -0.167674 -0.002967 0.000000 0.000000 0.000000 0.000000 1 5.494803190e-08 5.494803190e-08
58 0.160207 -0.007047 -0.036373 0.160342 -0.131357 -0.036185 0.000000 0.000000 0.000000 0.000001 1 6.402842700e-08 6.402842700e-08
58 0.160218 -0.010541 -0.036359 0.160342 -0.131357 -0.036185 0.000000 0.000000 0.000000 0.000001 1 6.891787052e-08 6.891787052e-08
58 0.160227 -0.013213 -0.036345 0.160342 -0.131357 -0.036185 0.000000 0.000000 0.000000 0.000001 1 5.401670933e-08 5.401670933e-08
58 0.160236 -0.015504 -0.036333 0.160342 -0.131357 -0.036185 0.000000 0.000000 0.000000 0.000000 1 6.007030606e-08 6.007030606e-08
58 0.160244 -0.017568 -0.036322 0.160342 -0.131357 -0.036185 0.000000 0.000000 0.000000 0.000000 1 5.611218512e-08 5.611218512e-08
58 0.160252 -0.019479 -0.036311 0.160342 -0.131357 -0.036185 0.000000 0.000000 0.000000 0.000000 1 6.100162864e-08 6.100162864e-08
58 0.160259 -0.021278 -0.036301 0.160342 -0.131357 -0.036185 0.000000 0.000000 0.000000 0.000000 1 5.704350770e-08 5.704350770e-08
58 0.160265 -0.022992 -0.036293 0.160342 -0.131357 -0.036185 0.000000 0.000000 0.000000 0.000000 1 5.704350770e-08 5.704350770e-08
58 0.160271 -0.024640 -0.036284 0.160342 -0.131357 -0.036185 0.000000 0.000000 0.000000 0.000000 1 5.704350770e-08 5.704350770e-08
58 0.160277 -0.026235 -0.036277 0.160342 -0.131357 -0.036185 0.000000 0.000000 0.000000 0.000000 1 5.587935448e-08 5.587935448e-08
58 0.160282 -0.027785 -0.036270 0.160342 -0.131357 -0.036185 0.000000 0.000000 0.000000 0.000000 1 6.100162864e-08 6.100162864e-08
58 0.160286 -0.029297 -0.036263 0.160342 -0.131357 -0.036185 0.000000 0.000000 0.000000 0.000000 1 5.913898349e-08 5.913898349e-08
58 0.160291 -0.030778 -0.036257 0.160342 -0.131357 -0.036185 0.000000 0.000000 0.000000 0.000000 1 5.681067705e-08 5.681067705e-08
58 0.160295 -0.032232 -0.036252 0.160342 -0.131357 -0.036185 0.000000 0.000000 0.000000 0.000000 1 5.890615284e-08 5.890615284e-08
58 0.160298 -0.033662 -0.036246 0.160342 -0.131357 -0.036185 0.000000 0.000000 0.000000 0.000000 1 6.193295121e-08 6.193295121e-08
58 0.160302 -0.035070 -0.036242 0.160342 -0.131357 -0.036185 0.000000 0.000000 0.000000 0.000000 1 5.797483027e-08 5.797483027e-08
58 0.160305 -0.036460 -0.036237 0.160342 -0.131357 -0.036185 0.000000 0.000000 0.000000 0.000000 1 5.518086255e-08 5.518086255e-08
58 0.160308 -0.037833 -0.036233 0.160342 -0.131357 -0.036185 0.000000 0.000000 0.000000 0.000000 1 5.890615284e-08 5.890615284e-08
58 0.160310 -0.039190 -0.036230 0.160342 -0.131357 -0.036185 0.000000 0.000000 0.000000 0.000000 1 4.214234650e-08 4.214234650e-08
58 0.160313 -0.040533 -0.036226 0.160342 -0.131357 -0.036185 0.000000 0.000000 0.000000 0.000000 1 1.513399184e-08 1.513399184e-08
59 0.216529 -0.030202 -0.079808 0.216339 -0.119113 -0.079602 0.000000 0.000000 0.000000 0.000000 1 2.211891115e-08 2.211891115e-08
59 0.216515 -0.031666 -0.079792 0.216339 -0.119113 -0.079602 0.000000 0.000000 0.000000 0.000000 1 2.281740308e-08 2.281740308e-08
59 0.216501 -0.033105 -0.079778 0.216339 -0.119113 -0.079602 0.000000 0.000000 0.000000 0.000000 1 6.007030606e-08 6.007030606e-08
59 0.216489 -0.034521 -0.079764 0.216339 -0.119113 -0.079602 0.000000 0.000000 0.000000 0.000000 1 5.797483027e-08 5.797483027e-08
59 0.216477 -0.035918 -0.079752 0.216339 -0.119113 -0.079602 0.000000 0.000000 0.000000 0.000000 1 5.913898349e-08 5.913898349e-08
59 0.216467 -0.037297 -0.079740 0.216339 -0.119113 -0.079602 0.000000 0.000000 0.000000 0.000000 1 6.286427379e-08 6.286427379e-08
59 0.216457 -0.038661 -0.079730 0.216339 -0.119113 -0.079602 0.000000 0.000000 0.000000 0.000000 1 6.100162864e-08 6.100162864e-08
59 0.216448 -0.040009 -0.079720 0.216339 -0.119113 -0.079602 0.000000 0.000000 0.000000 0.000000 1 8.195638657e-08 8.195638657e-08
59 0.216439 -0.041345 -0.079711 0.216339 -0.119113 -0.079602 0.000000 0.000000 0.000000 0.000000 1 5.401670933e-08 5.401670933e-08
59 0.216432 -0.042668 -0.079702 0.216339 -0.119113 -0.079602 0.000000 0.000000 0.000000 0.000000 1 5.797483027e-08 5.797483027e-08
59 0.216425 -0.043979 -0.079695 0.216339 -0.119113 -0.079602 0.000000 0.000000 0.000000 0.000000 1 6.612390280e-08 6.612390280e-08
59 0.216418 -0.045280 -0.079687 0.216339 -0.119113 -0.079602 0.000000 0.000000 0.000000 0.000000 1 5.797483027e-08 5.797483027e-08
59 0.216412 -0.046571 -0.079681 0.216339 -0.119113 -0.079602 0.000000 0.000000 0.000000 0.000000 1 6.402842700e-08 6.402842700e-08
59 0.216406 -0.047852 -0.079675 0.216339 -0.119113 -0.079602 0.000000 0.000000 0.000000 0.000000 1 6.193295121e-08 6.193295121e-08
59 0.216401 -0.049124 -0.079669 0.216339 -0.119113 -0.079602 0.000000 0.000000 0.000000 0.000000 1 6.100162864e-08 6.100162864e-08
59 0.216396 -0.050387 -0.079664 0.216339 -0.119113 -0.079602 0.000000 0.000000 0.000000 0.000000 1 1.690350473e-07 1.690350473e-07
59 0.216392 -0.051642 -0.079659 0.216339 -0.119113 -0.079602 0.000000 0.000000 0.000000 0.000000 1 6.007030606e-08 6.007030606e-08
59 0.216388 -0.052889 -0.079655 0.216339 -0.119113 -0.079602 0.000000 0.000000 0.000000 0.000000 1 5.890615284e-08 5.890615284e-08
59 0.216384 -0.054128 -0.079651 0.216339 -0.119113 -0.079602 0.000000 0.000000 0.000000 0.000000 1 5.983747542e-08 5.983747542e-08
59 0.216381 -0.055360 -0.079647 0.216339 -0.119113 -0.079602 0.000000 0.000000 0.000000 0.000000 1 6.007030606e-08 6.007030606e-08
60 0.292737 -0.053160 -0.083026 0.292403 -0.115318 -0.082972 0.000000 0.000000 0.000000 0.000000 1 5.704350770e-08 5.704350770e-08
60 0.292712 -0.054397 -0.083022 0.292403 -0.115318 -0.082972 0.000000 0.000000 0.000000 0.000000 1 5.797483027e-08 5.797483027e-08
60 0.292688 -0.055627 -0.083018 0.292403 -0.115318 -0.082972 0.000000 0.000000 0.000000 0.000000 1 6.100162864e-08 6.100162864e-08
60 0.292666 -0.056850 -0.083015 0.292403 -0.115318 -0.082972 0.000000 0.000000 0.000000 0.000000 1 6.193295121e-08 6.193295121e-08
60 0.292646 -0.058066 -0.083011 0.292403 -0.115318 -0.082972 0.000000 0.000000 0.000000 0.000000 1 6.007030606e-08 6.007030606e-08
60 0.292627 -0.059274 -0.083008 0.292403 -0.115318 -0.082972 0.000000 0.000000 0.000000 0.000000 1 5.797483027e-08 5.797483027e-08
60 0.292610 -0.060476 -0.083005 0.292403 -0.115318 -0.082972 0.000000 0.000000 0.000000 0.000000 1 5.890615284e-08 5.890615284e-08
60 0.292594 -0.061672 -0.083003 0.292403 -0.115318 -0.082972 0.000000 0.000000 0.000000 0.000000 1 5.890615284e-08 5.890615284e-08
60 0.292579 -0.062860 -0.083000 0.292403 -0.115318 -0.082972 0.000000 0.000000 0.000000 0.000000 1 6.216578186e-08 6.216578186e-08
60 0.292566 -0.064043 -0.082998 0.292403 -0.115318 -0.082972 0.000000 0.000000 0.000000 0.000000 1 5.797483027e-08 5.797483027e-08
60 0.292553 -0.065219 -0.082996 0.292403 -0.115318 -0.082972 0.000000 0.000000 0.000000 0.000000 1 5.704350770e-08 5.704350770e-08
60 0.292542 -0.066388 -0.082994 0.292403 -0.115318 -0.082972 0.000000 0.000000 0.000000 0.000000 1 1.080334187e-07 1.080334187e-07
60 0.292531 -0.067552 -0.082992 0.292403 -0.115318 -0.082972 0.000000 0.000000 0.000000 0.000000 1 1.559965312e-07 1.559965312e-07
60 0.292521 -0.068709 -0.082991 0.292403 -0.115318 -0.082972 0.000000 0.000000 0.000000 0.000000 1 7.217749953e-08 7.217749953e-08
60 0.292512 -0.069861 -0.082989 0.292403 -0.115318 -0.082972 0.000000 0.000000 0.000000 0.000000 1 7.497146726e-08 7.497146726e-08
60 0.292504 -0.071006 -0.082988 0.292403 -0.115318 -0.082972 0.000000 0.000000 0.000000 0.000000 1 6.309710443e-08 6.309710443e-08
60 0.292496 -0.072146 -0.082987 0.292403 -0.115318 -0.082972 0.000000 0.000000 0.000000 0.000000 1 5.611218512e-08 5.611218512e-08
60 0.292489 -0.073279 -0.082986 0.292403 -0.115318 -0.082972 0.000000 0.000000 0.000000 0.000000 1 5.704350770e-08 5.704350770e-08
60 0.292483 -0.074407 -0.082984 0.292403 -0.115318 -0.082972 0.000000 0.000000 0.000000 0.000000 1 6.007030606e-08 6.007030606e-08
60 0.292476 -0.075530 -0.082984 0.292403 -0.115318 -0.082972 0.000000 0.000000 0.000000 0.000000 1 5.890615284e-08 5.890615284e-08
61 0.362159 -0.058983 -0.072046 0.361822 -0.097498 -0.072077 0.000000 0.000000 0.000000 0.000000 1 5.890615284e-08 5.890615284e-08
61 0.362133 -0.060187 -0.072048 0.361822 -0.097498 -0.072077 0.000000 0.000000 0.000000 0.000000 1 6.007030606e-08 6.007030606e-08
61 0.362109 -0.061384 -0.072051 0.361822 -0.097498 -0.072077 0.000000 0.000000 0.000000 0.000000 1 5.820766091e-08 5.820766091e-08
61 0.362087 -0.062574 -0.072053 0.361822 -0.097498 -0.072077 0.000000 0.000000 0.000000 0.000000 1 6.007030606e-08 6.007030606e-08
61 0.362067 -0.063758 -0.072054 0.361822 -0.097498 -0.072077 0.000000 0.000000 0.000000 0.000000 1 5.494803190e-08 5.494803190e-08
61 0.362048 -0.064936 -0.072056 0.361822 -0.097498 -0.072077 0.000000 0.000000 0.000000 0.000000 1 5.587935448e-08 5.587935448e-08
61 0.362031 -0.066107 -0.072058 0.361822 -0.097498 -0.072077 0.000000 0.000000 0.000000 0.000000 1 6.286427379e-08 6.286427379e-08
61 0.362015 -0.067272 -0.072059 0.361822 -0.097498 -0.072077 0.000000 0.000000 0.000000 0.000000 1 5.401670933e-08 5.401670933e-08
61 0.362000 -0.068431 -0.072061 0.361822 -0.097498 -0.072077 0.000000 0.000000 0.000000 0.000000 1 5.704350770e-08 5.704350770e-08
61 0.361986 -0.069584 -0.072062 0.361822 -0.097498 -0.072077 0.000000 0.000000 0.000000 0.000000 1 7.520429790e-08 7.520429790e-08
61 0.361973 -0.070730 -0.072063 0.361822 -0.097498 -0.072077 0.000000 0.000000 0.000000 0.000000 1 1.639127731e-07 1.639127731e-07
61 0.361962 -0.071871 -0.072064 0.361822 -0.097498 -0.072077 0.000000 0.000000 0.000000 0.000000 1 5.587935448e-08 5.587935448e-08
61 0.361951 -0.073007 -0.072065 0.361822 -0.097498 -0.072077 0.000000 0.000000 0.000000 0.000000 1 8.498318493e-08 8.498318493e-08
61 0.361941 -0.074136 -0.072066 0.361822 -0.097498 -0.072077 0.000000 0.000000 0.000000 0.000000 1 5.983747542e-08 5.983747542e-08
61 0.361932 -0.075259 -0.072067 0.361822 -0.097498 -0.072077 0.000000 0.000000 0.000000 0.000000 1 5.587935448e-08 5.587935448e-08
61 0.361924 -0.076377 -0.072068 0.361822 -0.097498 -0.072077 0.000000 0.000000 0.000000 0.000000 1 4.004687071e-08 4.004687071e-08
61 0.361916 -0.077489 -0.072068 0.361822 -0.097498 -0.072077 0.000000 0.000000 0.000000 0.000000 1 1.029111445e-07 1.029111445e-07
61 0.361909 -0.078596 -0.072069 0.361822 -0.097498 -0.072077 0.000000 0.000000 0.000000 0.000000 1 3.888271749e-08 3.888271749e-08
61 0.361902 -0.079697 -0.072070 0.361822 -0.097498 -0.072077 0.000000 0.000000 0.000000 0.000000 1 6.100162864e-08 6.100162864e-08
61 0.361896 -0.080792 -0.072070 0.361822 -0.097498 -0.072077 0.000000 0.000000 0.000000 0.000000 1 5.983747542e-08 5.983747542e-08
62 0.412490 -0.079399 -0.058252 0.412226 -0.095003 -0.058312 0.000000 0.000000 0.000000 0.000000 1 5.797483027e-08 5.797483027e-08
62 0.412469 -0.080496 -0.058257 0.412226 -0.095003 -0.058312 0.000000 0.000000 0.000000 0.000000 1 5.704350770e-08 5.704350770e-08
62 0.412451 -0.081586 -0.058261 0.412226 -0.095003 -0.058312 0.000000 0.000000 0.000000 0.000000 1 5.098991096e-08 5.098991096e-08
62 0.412433 -0.082618 -0.058265 0.412226 -0.095003 -0.058312 0.000000 0.000000 0.000000 0.000000 1 5.378387868e-08 5.378387868e-08
62 0.412417 -0.083570 -0.058269 0.412226 -0.095003 -0.058312 0.000000 0.000000 0.000000 0.000000 1 5.308538675e-08 5.308538675e-08
62 0.412403 -0.084449 -0.058272 0.412226 -0.095003 -0.058312 0.000000 0.000000 0.000000 0.000000 1 5.215406418e-08 5.215406418e-08
62 0.412389 -0.085260 -0.058275 0.412226 -0.095003 -0.058312 0.000000 0.000000 0.000000 0.000000 1 1.389998943e-07 1.389998943e-07
62 0.412377 -0.086009 -0.058278 0.412226 -0.095003 -0.058312 0.000000 0.000000 0.000000 0.000000 1 5.215406418e-08 5.215406418e-08
62 0.412365 -0.086701 -0.058281 0.412226 -0.095003 -0.058312 0.000000 0.000000 0.000000 0.000000 1 5.192123353e-08 5.192123353e-08
62 0.412354 -0.087339 -0.058283 0.412226 -0.095003 -0.058312 0.000000 0.000000 0.000000 0.000000 1 5.308538675e-08 5.308538675e-08
62 0.412344 -0.087928 -0.058285 0.412226 -0.095003 -0.058312 0.000000 0.000000 0.000000 0.000000 1 5.308538675e-08 5.308538675e-08
62 0.412335 -0.088472 -0.058287 0.412226 -0.095003 -0.058312 0.000000 0.000000 0.000000 0.000000 1 4.610046744e-08 4.610046744e-08
62 0.412327 -0.088974 -0.058289 0.412226 -0.095003 -0.058312 0.000000 0.000000 0.000000 0.000000 1 5.494803190e-08 5.494803190e-08
62 0.412319 -0.089438 -0.058291 0.412226 -0.095003 -0.058312 0.000000 0.000000 0.000000 0.000000 1 5.285255611e-08 5.285255611e-08
62 0.412312 -0.089866 -0.058293 0.412226 -0.095003 -0.058312 0.000000 0.000000 0.000000 0.000000 1 5.611218512e-08 5.611218512e-08
62 0.412305 -0.090260 -0.058294 0.412226 -0.095003 -0.058312 0.000000 0.000000 0.000000 0.000000 1 5.192123353e-08 5.192123353e-08
62 0.412299 -0.090625 -0.058295 0.412226 -0.095003 -0.058312 0.000000 0.000000 0.000000 0.000000 1 5.285255611e-08 5.285255611e-08
62 0.412294 -0.090962 -0.058297 0.412226 -0.095003 -0.058312 0.000000 0.000000 0.000000 0.000000 1 5.192123353e-08 5.192123353e-08
62 0.412288 -0.091272 -0.058298 0.412226 -0.095003 -0.058312 0.000000 0.000000 0.000000 0.000000 1 5.401670933e-08 5.401670933e-08
62 0.412284 -0.091559 -0.058299 0.412226 -0.095003 -0.058312 0.000000 0.000000 0.000000 0.000000 1 5.308538675e-08 5.308538675e-08
63 0.431406 -0.070142 -0.080467 0.431279 -0.073405 -0.080393 0.000000 0.000000 0.000000 0.000000 1 5.192123353e-08 5.192123353e-08
63 0.431397 -0.070393 -0.080461 0.431279 -0.073405 -0.080393 0.000000 0.000000 0.000000 0.000000 1 4.982575774e-08 4.982575774e-08
63 0.431388 -0.070624 -0.080456 0.431279 -0.073405 -0.080393 0.000000 0.000000 0.000000 0.000000 1 5.098991096e-08 5.098991096e-08
63 0.431379 -0.070838 -0.080451 0.431279 -0.073405 -0.080393 0.000000 0.000000 0.000000 0.000000 1 5.308538675e-08 5.308538675e-08
63 0.431371 -0.071035 -0.080447 0.431279 -0.073405 -0.080393 0.000000 0.000000 0.000000 0.000000 1 5.611218512e-08 5.611218512e-08
63 0.431364 -0.071218 -0.080443 0.431279 -0.073405 -0.080393 0.000000 0.000000 0.000000 0.000000 1 5.285255611e-08 5.285255611e-08
63 0.431358 -0.071386 -0.080439 0.431279 -0.073405 -0.080393 0.000000 0.000000 0.000000 0.000000 1 5.215406418e-08 5.215406418e-08
63 0.431352 -0.071541 -0.080435 0.431279 -0.073405 -0.080393 0.000000 0.000000 0.000000 0.000000 1 4.796311259e-08 4.796311259e-08
63 0.431346 -0.071684 -0.080432 0.431279 -0.073405 -0.080393 0.000000 0.000000 0.000000 0.000000 1 5.494803190e-08 5.494803190e-08
63 0.431341 -0.071817 -0.080429 0.431279 -0.073405 -0.080393 0.000000 0.000000 0.000000 0.000000 1 5.192123353e-08 5.192123353e-08
63 0.431336 -0.071939 -0.080426 0.431279 -0.073405 -0.080393 0.000000 0.000000 0.000000 0.000000 1 5.285255611e-08 5.285255611e-08
63 0.431332 -0.072051 -0.080424 0.431279 -0.073405 -0.080393 0.000000 0.000000 0.000000 0.000000 1 5.098991096e-08 5.098991096e-08
63 0.431328 -0.072155 -0.080422 0.431279 -0.073405 -0.080393 0.000000 0.000000 0.000000 0.000000 1 5.098991096e-08 5.098991096e-08
63 0.431324 -0.072251 -0.080419 0.431279 -0.073405 -0.080393 0.000000 0.000000 0.000000 0.000000 1 5.285255611e-08 5.285255611e-08
63 0.431321 -0.072340 -0.080417 0.431279 -0.073405 -0.080393 0.000000 0.000000 0.000000 0.000000 1 5.192123353e-08 5.192123353e-08
63 0.431317 -0.072422 -0.080415 0.431279 -0.073405 -0.080393 0.000000 0.000000 0.000000 0.000000 1 5.401670933e-08 5.401670933e-08
63 0.431314 -0.072498 -0.080414 0.431279 -0.073405 -0.080393 0.000000 0.000000 0.000000 0.000000 1 5.518086255e-08 5.518086255e-08
63 0.431312 -0.072567 -0.080412 0.431279 -0.073405 -0.080393 0.000000 0.000000 0.000000 0.000000 1 5.285255611e-08 5.285255611e-08
63 0.431309 -0.072632 -0.080411 0.431279 -0.073405 -0.080393 0.000000 0.000000 0.000000 0.000000 1 5.308538675e-08 5.308538675e-08
63 0.431307 -0.072691 -0.080409 0.431279 -0.073405 -0.080393 0.000000 0.000000 0.000000 0.000000 1 5.401670933e-08 5.401670933e-08
64 0.432521 -0.065136 -0.076945 0.432491 -0.065825 -0.076943 0.000000 0.000000 0.000000 0.000000 1 5.005858839e-08 5.005858839e-08
64 0.432519 -0.065189 -0.076945 0.432491 -0.065825 -0.076943 0.000000 0.000000 0.000000 0.000000 1 5.192123353e-08 5.192123353e-08
64 0.432517 -0.065238 -0.076945 0.432491 -0.065825 -0.076943 0.000000 0.000000 0.000000 0.000000 1 5.215406418e-08 5.215406418e-08
64 0.432515 -0.065283 -0.076944 0.432491 -0.065825 -0.076943 0.000000 0.000000 0.000000 0.000000 1 5.401670933e-08 5.401670933e-08
64 0.432513 -0.065325 -0.076944 0.432491 -0.065825 -0.076943 0.000000 0.000000 0.000000 0.000000 1 5.215406418e-08 5.215406418e-08
64 0.432511 -0.065363 -0.076944 0.432491 -0.065825 -0.076943 0.000000 0.000000 0.000000 0.000000 1 5.378387868e-08 5.378387868e-08
64 0.432510 -0.065399 -0.076944 0.432491 -0.065825 -0.076943 0.000000 0.000000 0.000000 0.000000 1 5.192123353e-08 5.192123353e-08
64 0.432508 -0.065431 -0.076944 0.432491 -0.065825 -0.076943 0.000000 0.000000 0.000000 0.000000 1 5.005858839e-08 5.005858839e-08
64 0.432507 -0.065462 -0.076944 0.432491 -0.065825 -0.076943 0.000000 0.000000 0.000000 0.000000 1 5.401670933e-08 5.401670933e-08
64 0.432505 -0.065490 -0.076944 0.432491 -0.065825 -0.076943 0.000000 0.000000 0.000000 0.000000 1 4.889443517e-08 4.889443517e-08
64 0.432504 -0.065515 -0.076944 0.432491 -0.065825 -0.076943 0.000000 0.000000 0.000000 0.000000 1 5.308538675e-08 5.308538675e-08
64 0.432503 -0.065539 -0.076944 0.432491 -0.065825 -0.076943 0.000000 0.000000 0.000000 0.000000 1 3.608874977e-08 3.608874977e-08
64 0.432502 -0.065561 -0.076944 0.432491 -0.065825 -0.076943 0.000000 0.000000 0.000000 0.000000 1 8.195638657e-08 8.195638657e-08
64 0.432501 -0.065581 -0.076944 0.432491 -0.065825 -0.076943 0.000000 0.000000 0.000000 0.000000 1 3.003515303e-08 3.003515303e-08
64 0.432501 -0.065600 -0.076944 0.432491 -0.065825 -0.076943 0.000000 0.000000 0.000000 0.000000 1 6.495974958e-08 6.495974958e-08
64 0.432500 -0.065617 -0.076944 0.432491 -0.065825 -0.076943 0.000000 0.000000 0.000000 0.000000 1 5.098991096e-08 5.098991096e-08
64 0.432499 -0.065633 -0.076944 0.432491 -0.065825 -0.076943 0.000000 0.000000 0.000000 0.000000 1 5.192123353e-08 5.192123353e-08
64 0.432498 -0.065648 -0.076944 0.432491 -0.065825 -0.076943 0.000000 0.000000 0.000000 0.000000 1 1.329462975e-07 1.329462975e-07
64 0.432498 -0.065661 -0.076944 0.432491 -0.065825 -0.076943 0.000000 0.000000 0.000000 0.000000 1 5.401670933e-08 5.401670933e-08
64 0.432497 -0.065674 -0.076944 0.432491 -0.065825 -0.076943 0.000000 0.000000 0.000000 0.000000 1 5.401670933e-08 5.401670933e-08
65 0.411089 -0.048451 -0.116066 0.411166 -0.048657 -0.115914 0.000000 0.000000 0.000000 0.000000 1 5.192123353e-08 5.192123353e-08
65 0.411095 -0.048467 -0.116054 0.411166 -0.048657 -0.115914 0.000000 0.000000 0.000000 0.000000 1 5.215406418e-08 5.215406418e-08
65 0.411101 -0.048482 -0.116043 0.411166 -0.048657 -0.115914 0.000000 0.000000 0.000000 0.000000 1 5.308538675e-08 5.308538675e-08
65 0.411106 -0.048495 -0.116033 0.411166 -0.048657 -0.115914 0.000000 0.000000 0.000000 0.000000 1 5.192123353e-08 5.192123353e-08
65 0.411110 -0.048508 -0.116024 0.411166 -0.048657 -0.115914 0.000000 0.000000 0.000000 0.000000 1 5.192123353e-08 5.192123353e-08
65 0.411115 -0.048519 -0.116016 0.411166 -0.048657 -0.115914 0.000000 0.000000 0.000000 0.000000 1 5.215406418e-08 5.215406418e-08
65 0.411119 -0.048530 -0.116008 0.411166 -0.048657 -0.115914 0.000000 0.000000 0.000000 0.000000 1 5.192123353e-08 5.192123353e-08
65 0.411122 -0.048539 -0.116001 0.411166 -0.048657 -0.115914 0.000000 0.000000 0.000000 0.000000 1 5.681067705e-08 5.681067705e-08
65 0.411126 -0.048548 -0.115994 0.411166 -0.048657 -0.115914 0.000000 0.000000 0.000000 0.000000 1 5.192123353e-08 5.192123353e-08
65 0.411129 -0.048557 -0.115988 0.411166 -0.048657 -0.115914 0.000000 0.000000 0.000000 0.000000 1 6.100162864e-08 6.100162864e-08
65 0.411132 -0.048565 -0.115982 0.411166 -0.048657 -0.115914 0.000000 0.000000 0.000000 0.000000 1 5.308538675e-08 5.308538675e-08
65 0.411134 -0.048572 -0.115977 0.411166 -0.048657 -0.115914 0.000000 0.000000 0.000000 0.000000 1 5.285255611e-08 5.285255611e-08
65 0.411137 -0.048578 -0.115972 0.411166 -0.048657 -0.115914 0.000000 0.000000 0.000000 0.000000 1 5.005858839e-08 5.005858839e-08
65 0.411139 -0.048584 -0.115967 0.411166 -0.048657 -0.115914 0.000000 0.000000 0.000000 0.000000 1 5.308538675e-08 5.308538675e-08
65 0.411141 -0.048590 -0.115963 0.411166 -0.048657 -0.115914 0.000000 0.000000 0.000000 0.000000 1 1.520384103e-07 1.520384103e-07
65 0.411143 -0.048595 -0.115960 0.411166 -0.048657 -0.115914 0.000000 0.000000 0.000000 0.000000 1 5.494803190e-08 5.494803190e-08
65 0.411145 -0.048600 -0.115956 0.411166 -0.048657 -0.115914 0.000000 0.000000 0.000000 0.000000 1 5.192123353e-08 5.192123353e-08
65 0.411146 -0.048604 -0.115953 0.411166 -0.048657 -0.115914 0.000000 0.000000 0.000000 0.000000 1 5.098991096e-08 5.098991096e-08
65 0.411148 -0.048608 -0.115950 0.411166 -0.048657 -0.115914 0.000000 0.000000 0.000000 0.000000 1 5.890615284e-08 5.890615284e-08
65 0.411149 -0.048612 -0.115947 0.411166 -0.048657 -0.115914 0.000000 0.000000 0.000000 0.000000 1 5.192123353e-08 5.192123353e-08
66 0.385034 -0.041632 -0.099867 0.385151 -0.041701 -0.099899 0.000000 0.000000 0.000000 0.000000 1 5.890615284e-08 5.890615284e-08
66 0.385043 -0.041637 -0.099870 0.385151 -0.041701 -0.099899 0.000000 0.000000 0.000000 0.000000 1 5.192123353e-08 5.192123353e-08
66 0.385051 -0.041642 -0.099872 0.385151 -0.041701 -0.099899 0.000000 0.000000 0.000000 0.000000 1 5.494803190e-08 5.494803190e-08
66 0.385059 -0.041647 -0.099874 0.385151 -0.041701 -0.099899 0.000000 0.000000 0.000000 0.000000 1 5.192123353e-08 5.192123353e-08
66 0.385066 -0.041651 -0.099876 0.385151 -0.041701 -0.099899 0.000000 0.000000 0.000000 0.000000 1 5.215406418e-08 5.215406418e-08
66 0.385072 -0.041655 -0.099878 0.385151 -0.041701 -0.099899 0.000000 0.000000 0.000000 0.000000 1 5.098991096e-08 5.098991096e-08
66 0.385078 -0.041658 -0.099879 0.385151 -0.041701 -0.099899 0.000000 0.000000 0.000000 0.000000 1 8.218921721e-08 8.218921721e-08
66 0.385084 -0.041662 -0.099881 0.385151 -0.041701 -0.099899 0.000000 0.000000 0.000000 0.000000 1 5.215406418e-08 5.215406418e-08
66 0.385089 -0.041665 -0.099882 0.385151 -0.041701 -0.099899 0.000000 0.000000 0.000000 0.000000 1 5.494803190e-08 5.494803190e-08
66 0.385094 -0.041667 -0.099884 0.385151 -0.041701 -0.099899 0.000000 0.000000 0.000000 0.000000 1 5.192123353e-08 5.192123353e-08
66 0.385098 -0.041670 -0.099885 0.385151 -0.041701 -0.099899 0.000000 0.000000 0.000000 0.000000 1 5.192123353e-08 5.192123353e-08
66 0.385102 -0.041672 -0.099886 0.385151 -0.041701 -0.099899 0.000000 0.000000 0.000000 0.000000 1 1.350417733e-07 1.350417733e-07
66 0.385106 -0.041674 -0.099887 0.385151 -0.041701 -0.099899 0.000000 0.000000 0.000000 0.000000 1 5.308538675e-08 5.308538675e-08
66 0.385109 -0.041676 -0.099888 0.385151 -0.041701 -0.099899 0.000000 0.000000 0.000000 0.000000 1 5.005858839e-08 5.005858839e-08
66 0.385112 -0.041678 -0.099889 0.385151 -0.041701 -0.099899 0.000000 0.000000 0.000000 0.000000 1 5.285255611e-08 5.285255611e-08
66 0.385115 -0.041680 -0.099889 0.385151 -0.041701 -0.099899 0.000000 0.000000 0.000000 0.000000 1 5.215406418e-08 5.215406418e-08
66 0.385118 -0.041682 -0.099890 0.385151 -0.041701 -0.099899 0.000000 0.000000 0.000000 0.000000 1 5.192123353e-08 5.192123353e-08
66 0.385121 -0.041683 -0.099891 0.385151 -0.041701 -0.099899 0.000000 0.000000 0.000000 0.000000 1 5.215406418e-08 5.215406418e-08
66 0.385123 -0.041684 -0.099892 0.385151 -0.041701 -0.099899 0.000000 0.000000 0.000000 0.000000 1 5.215406418e-08 5.215406418e-08
66 0.385125 -0.041686 -0.099892 0.385151 -0.041701 -0.099899 0.000000 0.000000 0.000000 0.000000 1 1.329462975e-07 1.329462975e-07
67 0.350362 -0.029002 -0.106736 0.350520 -0.029065 -0.106716 0.000000 0.000000 0.000000 0.000000 1 5.098991096e-08 5.098991096e-08
67 0.350374 -0.029007 -0.106734 0.350520 -0.029065 -0.106716 0.000000 0.000000 0.000000 0.000000 1 5.005858839e-08 5.005858839e-08
67 0.350385 -0.029011 -0.106733 0.350520 -0.029065 -0.106716 0.000000 0.000000 0.000000 0.000000 1 5.494803190e-08 5.494803190e-08
67 0.350395 -0.029015 -0.106732 0.350520 -0.029065 -0.106716 0.000000 0.000000 0.000000 0.000000 1 5.192123353e-08 5.192123353e-08
67 0.350405 -0.029019 -0.106731 0.350520 -0.029065 -0.106716 0.000000 0.000000 0.000000 0.000000 1 5.192123353e-08 5.192123353e-08
67 0.350414 -0.029023 -0.106729 0.350520 -0.029065 -0.106716 0.000000 0.000000 0.000000 0.000000 1 5.494803190e-08 5.494803190e-08
67 0.350422 -0.029026 -0.106728 0.350520 -0.029065 -0.106716 0.000000 0.000000 0.000000 0.000000 1 5.401670933e-08 5.401670933e-08
67 0.350429 -0.029029 -0.106727 0.350520 -0.029065 -0.106716 0.000000 0.000000 0.000000 0.000000 1 3.911554813e-08 3.911554813e-08
67 0.350436 -0.029032 -0.106727 0.350520 -0.029065 -0.106716 0.000000 0.000000 0.000000 0.000000 1 1.369044185e-07 1.369044185e-07
67 0.350443 -0.029034 -0.106726 0.350520 -0.029065 -0.106716 0.000000 0.000000 0.000000 0.000000 1 5.285255611e-08 5.285255611e-08
67 0.350449 -0.029037 -0.106725 0.350520 -0.029065 -0.106716 0.000000 0.000000 0.000000 0.000000 1 5.913898349e-08 5.913898349e-08
67 0.350454 -0.029039 -0.106724 0.350520 -0.029065 -0.106716 0.000000 0.000000 0.000000 0.000000 1 1.320149750e-07 1.320149750e-07
67 0.350459 -0.029041 -0.106724 0.350520 -0.029065 -0.106716 0.000000 0.000000 0.000000 0.000000 1 5.192123353e-08 5.192123353e-08
67 0.350464 -0.029043 -0.106723 0.350520 -0.029065 -0.106716 0.000000 0.000000 0.000000 0.000000 1 5.308538675e-08 5.308538675e-08
67 0.350468 -0.029044 -0.106722 0.350520 -0.029065 -0.106716 0.000000 0.000000 0.000000 0.000000 1 5.192123353e-08 5.192123353e-08
67 0.350472 -0.029046 -0.106722 0.350520 -0.029065 -0.106716 0.000000 0.000000 0.000000 0.000000 1 5.192123353e-08 5.192123353e-08
67 0.350476 -0.029047 -0.106721 0.350520 -0.029065 -0.106716 0.000000 0.000000 0.000000 0.000000 1 4.819594324e-08 4.819594324e-08
67 0.350479 -0.029049 -0.106721 0.350520 -0.029065 -0.106716 0.000000 0.000000 0.000000 0.000000 1 5.587935448e-08 5.587935448e-08
67 0.350482 -0.029050 -0.106721 0.350520 -0.029065 -0.106716 0.000000 0.000000 0.000000 0.000000 1 5.192123353e-08 5.192123353e-08
67 0.350485 -0.029051 -0.106720 0.350520 -0.029065 -0.106716 0.000000 0.000000 0.000000 0.000000 1 5.215406418e-08 5.215406418e-08
68 0.329255 -0.027484 -0.095776 0.329375 -0.027543 -0.095814 0.000000 0.000000 0.000000 0.000000 1 6.798654795e-08 6.798654795e-08
68 0.329262 -0.027479 -0.095779 0.329375 -0.027543 -0.095814 0.000000 0.000000 0.000000 0.000000 1 6.100162864e-08 6.100162864e-08
68 0.329230 -0.027264 -0.095782 0.329375 -0.027543 -0.095814 0.000000 0.000000 0.000000 0.000000 1 6.216578186e-08 6.216578186e-08
68 0.329110 -0.026705 -0.095785 0.329375 -0.027543 -0.095814 0.000000 0.000000 0.000000 0.000000 1 5.890615284e-08 5.890615284e-08
68 0.328835 -0.025711 -0.095787 0.329375 -0.027543 -0.095814 0.000000 0.000000 0.000000 0.000000 1 6.007030606e-08 6.007030606e-08
68 0.328281 -0.024167 -0.095791 0.329375 -0.027543 -0.095814 0.000000 0.000000 0.000000 0.000000 1 1.701992005e-07 1.701992005e-07
68 0.327221 -0.021961 -0.095795 0.329375 -0.027543 -0.095814 0.000000 0.000000 0.000000 0.000000 1 5.913898349e-08 5.913898349e-08
68 0.325284 -0.019060 -0.095801 0.329375 -0.027543 -0.095814 0.000000 0.000000 0.000000 0.000000 1 6.100162864e-08 6.100162864e-08
68 0.322010 -0.015693 -0.095808 0.329375 -0.027543 -0.095814 0.000000 0.000000 0.000000 0.000001 1 5.704350770e-08 5.704350770e-08
68 0.317168 -0.012443 -0.095818 0.329375 -0.027543 -0.095814 0.000000 0.000000 0.000000 0.000001 1 5.983747542e-08 5.983747542e-08
68 0.311073 -0.009889 -0.095829 0.329375 -0.027543 -0.095814 0.000000 0.000000 0.000000 0.000001 1 5.797483027e-08 5.797483027e-08
68 0.304315 -0.008183 -0.095840 0.329375 -0.027543 -0.095814 0.000000 0.000000 0.000000 0.000001 1 5.797483027e-08 5.797483027e-08
68 0.297338 -0.007157 -0.095850 0.329375 -0.027543 -0.095814 0.000000 0.000000 0.000000 0.000001 1 6.100162864e-08 6.100162864e-08
68 0.290361 -0.006600 -0.095861 0.329375 -0.027543 -0.095814 0.000000 0.000000 0.000000 0.000001 1 5.611218512e-08 5.611218512e-08
68 0.283477 -0.006353 -0.095870 0.329375 -0.027543 -0.095814 0.000000 0.000000 0.000000 0.000001 1 5.797483027e-08 5.797483027e-08
68 0.276720 -0.006319 -0.095880 0.329375 -0.027543 -0.095814 0.000000 0.000000 0.000000 0.000001 1 6.193295121e-08 6.193295121e-08
68 0.270101 -0.006438 -0.095889 0.329375 -0.027543 -0.095814 0.000000 0.000000 0.000000 0.000001 1 5.983747542e-08 5.983747542e-08
68 0.263621 -0.006672 -0.095898 0.329375 -0.027543 -0.095814 0.000000 0.000000 0.000000 0.000001 1 8.009374142e-08 8.009374142e-08
68 0.257282 -0.006996 -0.095907 0.329375 -0.027543 -0.095814 0.000000 0.000000 0.000000 0.000001 1 6.007030606e-08 6.007030606e-08
68 0.251086 -0.007388 -0.095916 0.329375 -0.027543 -0.095814 0.000000 0.000000 0.000000 0.000001 1 5.890615284e-08 5.890615284e-08
69 0.230231 0.000512 -0.100946 0.313063 -0.018397 -0.100820 0.000000 0.000000 0.000000 0.000001 1 5.797483027e-08 5.797483027e-08
69 0.225188 -0.001773 -0.100948 0.313063 -0.018397 -0.100820 0.000000 0.000000 0.000000 0.000001 1 6.100162864e-08 6.100162864e-08
69 0.220144 -0.003404 -0.100951 0.313063 -0.018397 -0.100820 0.000000 0.000000 0.000000 0.000001 1 1.701992005e-07 1.701992005e-07
69 0.215180 -0.004631 -0.100954 0.313063 -0.018397 -0.100820 0.000000 0.000000 0.000000 0.000001 1 6.007030606e-08 6.007030606e-08
69 0.210326 -0.005610 -0.100958 0.313063 -0.018397 -0.100820 0.000000 0.000000 0.000000 0.000001 1 6.007030606e-08 6.007030606e-08
69 0.205589 -0.006442 -0.100962 0.313063 -0.018397 -0.100820 0.000000 0.000000 0.000000 0.000001 1 6.100162864e-08 6.100162864e-08
69 0.200968 -0.007191 -0.100967 0.313063 -0.018397 -0.100820 0.000000 0.000000 0.000000 0.000001 1 6.007030606e-08 6.007030606e-08
69 0.196463 -0.007897 -0.100972 0.313063 -0.018397 -0.100820 0.000000 0.000000 0.000000 0.000001 1 6.100162864e-08 6.100162864e-08
69 0.192072 -0.008580 -0.100977 0.313063 -0.018397 -0.100820 0.000000 0.000000 0.000000 0.000001 1 5.983747542e-08 5.983747542e-08
69 0.187795 -0.009246 -0.100982 0.313063 -0.018397 -0.100820 0.000000 0.000000 0.000000 0.000001 1 5.890615284e-08 5.890615284e-08
69 0.183635 -0.009892 -0.100987 0.313063 -0.018397 -0.100820 0.000000 0.000000 0.000000 0.000001 1 5.890615284e-08 5.890615284e-08
69 0.179594 -0.010512 -0.100992 0.313063 -0.018397 -0.100820 0.000000 0.000000 0.000000 0.000001 1 5.797483027e-08 5.797483027e-08
69 0.175672 -0.011101 -0.100997 0.313063 -0.018397 -0.100820 0.000000 0.000000 0.000000 0.000001 1 6.007030606e-08 6.007030606e-08
69 0.171867 -0.011663 -0.101002 0.313063 -0.018397 -0.100820 0.000000 0.000000 0.000000 0.000001 1 5.797483027e-08 5.797483027e-08
69 0.168173 -0.012208 -0.101007 0.313063 -0.018397 -0.100820 0.000000 0.000000 0.000000 0.000001 1 7.892958820e-08 7.892958820e-08
69 0.164584 -0.012751 -0.101012 0.313063 -0.018397 -0.100820 0.000000 0.000000 0.000000 0.000001 1 5.913898349e-08 5.913898349e-08
69 0.161095 -0.013308 -0.101016 0.313063 -0.018397 -0.100820 0.000000 0.000000 0.000000 0.000001 1 5.704350770e-08 5.704350770e-08
69 0.157701 -0.013892 -0.101021 0.313063 -0.018397 -0.100820 0.000000 0.000000 0.000000 0.000001 1 6.007030606e-08 6.007030606e-08
69 0.154397 -0.014511 -0.101026 0.313063 -0.018397 -0.100820 0.000000 0.000000 0.000000 0.000001 1 7.008202374e-08 7.008202374e-08
69 0.151182 -0.015166 -0.101031 0.313063 -0.018397 -0.100820 0.000000 0.000000 0.000000 0.000001 1 1.720618457e-07 1.720618457e-07
70 0.148199 -0.019690 -0.120534 0.324607 -0.021981 -0.120226 0.000000 0.000000 0.000000 0.000001 1 5.704350770e-08 5.704350770e-08
70 0.145175 -0.020147 -0.120537 0.324607 -0.021981 -0.120226 0.000000 0.000000 0.000000 0.000001 1 1.490116119e-08 1.490116119e-08
70 0.142237 -0.020673 -0.120539 0.324607 -0.021981 -0.120226 0.000000 0.000000 0.000000 0.000001 1 1.396983862e-08 1.396983862e-08
70 0.139381 -0.021245 -0.120542 0.324607 -0.021981 -0.120226 0.000000 0.000000 0.000000 0.000001 1 3.702007234e-08 3.702007234e-08
70 0.136604 -0.021841 -0.120545 0.324607 -0.021981 -0.120226 0.000000 0.000000 0.000000 0.000001 1 4.190951586e-08 4.190951586e-08
70 0.133901 -0.022453 -0.120548 0.324607 -0.021981 -0.120226 0.000000 0.000000 0.000000 0.000001 1 7.404014468e-08 7.404014468e-08
70 0.131271 -0.023080 -0.120551 0.324607 -0.021981 -0.120226 0.000000 0.000000 0.000000 0.000001 1 5.587935448e-08 5.587935448e-08
70 0.128711 -0.023722 -0.120555 0.324607 -0.021981 -0.120226 0.000000 0.000000 0.000000 0.000001 1 7.497146726e-08 7.497146726e-08
70 0.126218 -0.024380 -0.120558 0.324607 -0.021981 -0.120226 0.000000 0.000000 0.000000 0.000001 1 3.306195140e-08 3.306195140e-08
70 0.123794 -0.025050 -0.120562 0.324607 -0.021981 -0.120226 0.000000 0.000000 0.000000 0.000001 1 3.096647561e-08 3.096647561e-08
70 0.121439 -0.025726 -0.120566 0.324607 -0.021981 -0.120226 0.000000 0.000000 0.000000 0.000001 1 5.797483027e-08 5.797483027e-08
70 0.119153 -0.026402 -0.120570 0.324607 -0.021981 -0.120226 0.000000 0.000000 0.000000 0.000001 1 6.309710443e-08 6.309710443e-08
70 0.116936 -0.027077 -0.120575 0.324607 -0.021981 -0.120226 0.000000 0.000000 0.000000 0.000001 1 5.890615284e-08 5.890615284e-08
70 0.114789 -0.027754 -0.120580 0.324607 -0.021981 -0.120226 0.000000 0.000000 0.000000 0.000001 1 5.797483027e-08 5.797483027e-08
70 0.112710 -0.028440 -0.120584 0.324607 -0.021981 -0.120226 0.000000 0.000000 0.000000 0.000001 1 5.890615284e-08 5.890615284e-08
70 0.110697 -0.029141 -0.120590 0.324607 -0.021981 -0.120226 0.000000 0.000000 0.000000 0.000001 1 5.797483027e-08 5.797483027e-08
70 0.108747 -0.029862 -0.120595 0.324607 -0.021981 -0.120226 0.000000 0.000000 0.000000 0.000001 1 2.060551196e-07 2.060551196e-07
70 0.106857 -0.030600 -0.120601 0.324607 -0.021981 -0.120226 0.000000 0.000000 0.000000 0.000001 1 5.797483027e-08 5.797483027e-08
70 0.105023 -0.031350 -0.120607 0.324607 -0.021981 -0.120226 0.000000 0.000000 0.000000 0.000001 1 6.100162864e-08 6.100162864e-08
70 0.103242 -0.032102 -0.120613 0.324607 -0.021981 -0.120226 0.000000 0.000000 0.000000 0.000001 1 5.704350770e-08 5.704350770e-08
71 0.102233 -0.041077 -0.141645 0.372434 -0.026418 -0.141077 0.000000 0.000000 0.000000 0.000001 1 5.913898349e-08 5.913898349e-08
71 0.100570 -0.041577 -0.141653 0.372434 -0.026418 -0.141077 0.000000 0.000000 0.000000 0.000001 1 5.797483027e-08 5.797483027e-08
71 0.098954 -0.042095 -0.141661 0.372434 -0.026418 -0.141077 0.000000 0.000000 0.000000 0.000001 1 5.913898349e-08 5.913898349e-08
71 0.097386 -0.042630 -0.141669 0.372434 -0.026418 -0.141077 0.000000 0.000000 0.000000 0.000001 1 5.890615284e-08 5.890615284e-08
71 0.095865 -0.043184 -0.141676 0.372434 -0.026418 -0.141077 0.000000 0.000000 0.000000 0.000001 1 5.587935448e-08 5.587935448e-08
71 0.094392 -0.043759 -0.141684 0.372434 -0.026418 -0.141077 0.000000 0.000000 0.000000 0.000001 1 6.100162864e-08 6.100162864e-08
71 0.092965 -0.044356 -0.141692 0.372434 -0.026418 -0.141077 0.000000 0.000000 0.000000 0.000001 1 5.890615284e-08 5.890615284e-08
71 0.091583 -0.044972 -0.141699 0.372434 -0.026418 -0.141077 0.000000 0.000000 0.000000 0.000001 1 5.913898349e-08 5.913898349e-08
71 0.090244 -0.045598 -0.141707 0.372434 -0.026418 -0.141077 0.000000 0.000000 0.000000 0.000001 1 6.100162864e-08 6.100162864e-08
71 0.088947 -0.046224 -0.141715 0.372434 -0.026418 -0.141077 0.000000 0.000000 0.000000 0.000001 1 5.890615284e-08 5.890615284e-08
71 0.087689 -0.046837 -0.141722 0.372434 -0.026418 -0.141077 0.000000 0.000000 0.000000 0.000001 1 6.309710443e-08 6.309710443e-08
71 0.086469 -0.047430 -0.141730 0.372434 -0.026418 -0.141077 0.000000 0.000000 0.000000 0.000001 1 5.890615284e-08 5.890615284e-08
71 0.085285 -0.047994 -0.141738 0.372434 -0.026418 -0.141077 0.000000 0.000000 0.000000 0.000001 1 5.890615284e-08 5.890615284e-08
71 0.084138 -0.048529 -0.141745 0.372434 -0.026418 -0.141077 0.000000 0.000000 0.000000 0.000001 1 1.590233296e-07 1.590233296e-07
71 0.083024 -0.049037 -0.141752 0.372434 -0.026418 -0.141077 0.000000 0.000000 0.000000 0.000001 1 6.100162864e-08 6.100162864e-08
71 0.081944 -0.049525 -0.141760 0.372434 -0.026418 -0.141077 0.000000 0.000000 0.000000 0.000001 1 5.797483027e-08 5.797483027e-08
71 0.080897 -0.050002 -0.141767 0.372434 -0.026418 -0.141077 0.000000 0.000000 0.000000 0.000001 1 5.797483027e-08 5.797483027e-08
71 0.079882 -0.050477 -0.141774 0.372434 -0.026418 -0.141077 0.000000 0.000000 0.000000 0.000001 1 5.704350770e-08 5.704350770e-08
71 0.078898 -0.050959 -0.141781 0.372434 -0.026418 -0.141077 0.000000 0.000000 0.000000 0.000001 1 6.007030606e-08 6.007030606e-08
71 0.077945 -0.051454 -0.141788 0.372434 -0.026418 -0.141077 0.000000 0.000000 0.000000 0.000001 1 5.890615284e-08 5.890615284e-08
72 0.078602 -0.066251 -0.170449 0.461811 -0.031739 -0.169385 0.000000 0.000000 0.000000 0.000002 1 6.007030606e-08 6.007030606e-08
72 0.077743 -0.066268 -0.170465 0.461811 -0.031739 -0.169385 0.000000 0.000000 0.000000 0.000002 1 5.890615284e-08 5.890615284e-08
72 0.076912 -0.066364 -0.170480 0.461811 -0.031739 -0.169385 0.000000 0.000000 0.000000 0.000002 1 5.797483027e-08 5.797483027e-08
72 0.076106 -0.066522 -0.170495 0.461811 -0.031739 -0.169385 0.000000 0.000000 0.000000 0.000002 1 9.010545909e-08 9.010545909e-08
72 0.075320 -0.066723 -0.170508 0.461811 -0.031739 -0.169385 0.000000 0.000000 0.000000 0.000002 1 6.193295121e-08 6.193295121e-08
72 0.074556 -0.066959 -0.170520 0.461811 -0.031739 -0.169385 0.000000 0.000000 0.000000 0.000002 1 6.100162864e-08 6.100162864e-08
72 0.073813 -0.067230 -0.170532 0.461811 -0.031739 -0.169385 0.000000 0.000000 0.000000 0.000002 1 5.890615284e-08 5.890615284e-08
72 0.073093 -0.067537 -0.170543 0.461811 -0.031739 -0.169385 0.000000 0.000000 0.000000 0.000002 1 5.704350770e-08 5.704350770e-08
72 0.072396 -0.067880 -0.170554 0.461811 -0.031739 -0.169385 0.000000 0.000000 0.000000 0.000002 1 6.007030606e-08 6.007030606e-08
72 0.071725 -0.068258 -0.170565 0.461811 -0.031739 -0.169385 0.000000 0.000000 0.000000 0.000002 1 5.797483027e-08 5.797483027e-08
72 0.071080 -0.068664 -0.170575 0.461811 -0.031739 -0.169385 0.000000 0.000000 0.000000 0.000002 1 1.688022166e-07 1.688022166e-07
72 0.070461 -0.069090 -0.170585 0.461811 -0.031739 -0.169385 0.000000 0.000000 0.000000 0.000002 1 5.820766091e-08 5.820766091e-08
72 0.069868 -0.069531 -0.170595 0.461811 -0.031739 -0.169385 0.000000 0.000000 0.000000 0.000002 1 5.797483027e-08 5.797483027e-08
72 0.069303 -0.069993 -0.170604 0.461811 -0.031739 -0.169385 0.000000 0.000000 0.000000 0.000002 1 5.797483027e-08 5.797483027e-08
72 0.068768 -0.070487 -0.170614 0.461811 -0.031739 -0.169385 0.000000 0.000000 0.000000 0.000002 1 6.007030606e-08 6.007030606e-08
72 0.068264 -0.071021 -0.170623 0.461811 -0.031739 -0.169385 0.000000 0.000000 0.000000 0.000002 1 5.704350770e-08 5.704350770e-08
72 0.067791 -0.071602 -0.170633 0.461811 -0.031739 -0.169385 0.000000 0.000000 0.000000 0.000001 1 6.402842700e-08 6.402842700e-08
72 0.067350 -0.072228 -0.170643 0.461811 -0.031739 -0.169385 0.000000 0.000000 0.000000 0.000001 1 5.285255611e-08 5.285255611e-08
72 0.066935 -0.072893 -0.170653 0.461811 -0.031739 -0.169385 0.000000 0.000000 0.000000 0.000001 1 5.215406418e-08 5.215406418e-08
72 0.066545 -0.073582 -0.170663 0.461811 -0.031739 -0.169385 0.000000 0.000000 0.000000 0.000001 1 3.981404006e-08 3.981404006e-08
73 0.067238 -0.082164 -0.182980 0.569934 -0.026085 -0.181262 0.000000 0.000000 0.000000 0.000002 1 4.703179002e-08 4.703179002e-08
73 0.066880 -0.082432 -0.182999 0.569934 -0.026085 -0.181262 0.000000 0.000000 0.000000 0.000002 1 5.587935448e-08 5.587935448e-08
73 0.066540 -0.082765 -0.183018 0.569934 -0.026085 -0.181262 0.000000 0.000000 0.000000 0.000002 1 8.195638657e-08 8.195638657e-08
73 0.066221 -0.083167 -0.183036 0.569934 -0.026085 -0.181262 0.000000 0.000000 0.000000 0.000002 1 6.007030606e-08 6.007030606e-08
73 0.065928 -0.083642 -0.183053 0.569934 -0.026085 -0.181262 0.000000 0.000000 0.000000 0.000002 1 6.100162864e-08 6.100162864e-08
73 0.065661 -0.084194 -0.183070 0.569934 -0.026085 -0.181262 0.000000 0.000000 0.000000 0.000002 1 5.913898349e-08 5.913898349e-08
73 0.065424 -0.084816 -0.183086 0.569934 -0.026085 -0.181262 0.000000 0.000000 0.000000 0.000002 1 5.797483027e-08 5.797483027e-08
73 0.065215 -0.085497 -0.183103 0.569934 -0.026085 -0.181262 0.000000 0.000000 0.000000 0.000002 1 9.499490261e-08 9.499490261e-08
73 0.065030 -0.086214 -0.183119 0.569934 -0.026085 -0.181262 0.000000 0.000000 0.000000 0.000002 1 5.983747542e-08 5.983747542e-08
73 0.064865 -0.086941 -0.183136 0.569934 -0.026085 -0.181262 0.000000 0.000000 0.000000 0.000002 1 5.913898349e-08 5.913898349e-08
73 0.064712 -0.087651 -0.183153 0.569934 -0.026085 -0.181262 0.000000 0.000000 0.000000 0.000002 1 6.216578186e-08 6.216578186e-08
73 0.064567 -0.088321 -0.183169 0.569934 -0.026085 -0.181262 0.000000 0.000000 0.000000 0.000002 1 6.007030606e-08 6.007030606e-08
73 0.064425 -0.088941 -0.183185 0.569934 -0.026085 -0.181262 0.000000 0.000000 0.000000 0.000002 1 5.890615284e-08 5.890615284e-08
73 0.064287 -0.089505 -0.183201 0.569934 -0.026085 -0.181262 0.000000 0.000000 0.000000 0.000002 1 5.890615284e-08 5.890615284e-08
73 0.064151 -0.090021 -0.183217 0.569934 -0.026085 -0.181262 0.000000 0.000000 0.000000 0.000002 1 5.983747542e-08 5.983747542e-08
73 0.064020 -0.090500 -0.183232 0.569934 -0.026085 -0.181262 0.000000 0.000000 0.000000 0.000002 1 6.402842700e-08 6.402842700e-08
73 0.063896 -0.090961 -0.183247 0.569934 -0.026085 -0.181262 0.000000 0.000000 0.000000 0.000002 1 5.704350770e-08 5.704350770e-08
73 0.063783 -0.091420 -0.183261 0.569934 -0.026085 -0.181262 0.000000 0.000000 0.000000 0.000002 1 6.007030606e-08 6.007030606e-08
73 0.063682 -0.091890 -0.183275 0.569934 -0.026085 -0.181262 0.000000 0.000000 0.000000 0.000002 1 5.913898349e-08 5.913898349e-08
73 0.063593 -0.092378 -0.183289 0.569934 -0.026085 -0.181262 0.000000 0.000000 0.000000 0.000002 1 6.007030606e-08 6.007030606e-08
74 0.064733 -0.100911 -0.192940 0.692720 -0.016907 -0.190327 0.000000 0.000000 0.000000 0.000002 1 5.913898349e-08 5.913898349e-08
74 0.064616 -0.100615 -0.192966 0.692720 -0.016907 -0.190327 0.000000 0.000000 0.000000 0.000002 1 5.681067705e-08 5.681067705e-08
74 0.064515 -0.100477 -0.192990 0.692720 -0.016907 -0.190327 0.000000 0.000000 0.000000 0.000002 1 5.704350770e-08 5.704350770e-08
74 0.064425 -0.100480 -0.193013 0.692720 -0.016907 -0.190327 0.000000 0.000000 0.000000 0.000002 1 5.797483027e-08 5.797483027e-08
74 0.064343 -0.100599 -0.193033 0.692720 -0.016907 -0.190327 0.000000 0.000000 0.000000 0.000002 1 3.110617399e-07 3.110617399e-07
74 0.064269 -0.100807 -0.193052 0.692720 -0.016907 -0.190327 0.000000 0.000000 0.000000 0.000002 1 6.612390280e-08 6.612390280e-08
74 0.064203 -0.101090 -0.193070 0.692720 -0.016907 -0.190327 0.000000 0.000000 0.000000 0.000002 1 5.820766091e-08 5.820766091e-08
74 0.064148 -0.101443 -0.193088 0.692720 -0.016907 -0.190327 0.000000 0.000000 0.000000 0.000002 1 6.309710443e-08 6.309710443e-08
74 0.064108 -0.101864 -0.193105 0.692720 -0.016907 -0.190327 0.000000 0.000000 0.000000 0.000002 1 6.100162864e-08 6.100162864e-08
74 0.064085 -0.102343 -0.193122 0.692720 -0.016907 -0.190327 0.000000 0.000000 0.000000 0.000002 1 6.007030606e-08 6.007030606e-08
74 0.064078 -0.102866 -0.193138 0.692720 -0.016907 -0.190327 0.000000 0.000000 0.000000 0.000002 1 5.797483027e-08 5.797483027e-08
74 0.064084 -0.103414 -0.193155 0.692720 -0.016907 -0.190327 0.000000 0.000000 0.000000 0.000002 1 5.797483027e-08 5.797483027e-08
74 0.064104 -0.103977 -0.193171 0.692720 -0.016907 -0.190327 0.000000 0.000000 0.000000 0.000002 1 6.007030606e-08 6.007030606e-08
74 0.064142 -0.104564 -0.193188 0.692720 -0.016907 -0.190327 0.000000 0.000000 0.000000 0.000002 1 5.983747542e-08 5.983747542e-08
74 0.064202 -0.105194 -0.193205 0.692720 -0.016907 -0.190327 0.000000 0.000000 0.000000 0.000002 1 5.913898349e-08 5.913898349e-08
74 0.064291 -0.105887 -0.193222 0.692720 -0.016907 -0.190327 0.000000 0.000000 0.000000 0.000002 1 5.704350770e-08 5.704350770e-08
74 0.064413 -0.106655 -0.193239 0.692720 -0.016907 -0.190327 0.000000 0.000000 0.000000 0.000002 1 5.890615284e-08 5.890615284e-08
74 0.064568 -0.107499 -0.193257 0.692720 -0.016907 -0.190327 0.000000 0.000000 0.000000 0.000002 1 5.704350770e-08 5.704350770e-08
74 0.064754 -0.108410 -0.193276 0.692720 -0.016907 -0.190327 0.000000 0.000000 0.000000 0.000002 1 6.193295121e-08 6.193295121e-08
74 0.064965 -0.109364 -0.193295 0.692720 -0.016907 -0.190327 0.000000 0.000000 0.000000 0.000002 1 5.890615284e-08 5.890615284e-08
75 0.065129 -0.109661 -0.202481 0.814359 0.004285 -0.198828 0.000000 0.000000 0.000000 0.000002 1 6.193295121e-08 6.193295121e-08
75 0.065392 -0.110730 -0.202498 0.814359 0.004285 -0.198828 0.000000 0.000000 0.000000 0.000002 1 7.799826562e-08 7.799826562e-08
75 0.065660 -0.111771 -0.202517 0.814359 0.004285 -0.198828 0.000000 0.000000 0.000000 0.000002 1 6.007030606e-08 6.007030606e-08
75 0.065940 -0.112809 -0.202537 0.814359 0.004285 -0.198828 0.000000 0.000000 0.000000 0.000002 1 5.820766091e-08 5.820766091e-08
75 0.066237 -0.113864 -0.202559 0.814359 0.004285 -0.198828 0.000000 0.000000 0.000000 0.000002 1 6.100162864e-08 6.100162864e-08
75 0.066556 -0.114947 -0.202581 0.814359 0.004285 -0.198828 0.000000 0.000000 0.000000 0.000002 1 6.100162864e-08 6.100162864e-08
75 0.066899 -0.116053 -0.202605 0.814359 0.004285 -0.198828 0.000000 0.000000 0.000000 0.000002 1 5.797483027e-08 5.797483027e-08
75 0.067263 -0.117164 -0.202631 0.814359 0.004285 -0.198828 0.000000 0.000000 0.000000 0.000002 1 5.890615284e-08 5.890615284e-08
75 0.067641 -0.118250 -0.202657 0.814359 0.004285 -0.198828 0.000000 0.000000 0.000000 0.000002 1 5.797483027e-08 5.797483027e-08
75 0.068025 -0.119280 -0.202685 0.814359 0.004285 -0.198828 0.000000 0.000000 0.000000 0.000002 1 5.494803190e-08 5.494803190e-08
75 0.068401 -0.120222 -0.202713 0.814359 0.004285 -0.198828 0.000000 0.000000 0.000000 0.000002 1 7.497146726e-08 7.497146726e-08
75 0.068764 -0.121059 -0.202742 0.814359 0.004285 -0.198828 0.000000 0.000000 0.000000 0.000002 1 6.193295121e-08 6.193295121e-08
75 0.069107 -0.121785 -0.202771 0.814359 0.004285 -0.198828 0.000000 0.000000 0.000000 0.000002 1 1.420266926e-08 1.420266926e-08
75 0.069431 -0.122407 -0.202799 0.814359 0.004285 -0.198828 0.000000 0.000000 0.000000 0.000002 1 6.100162864e-08 6.100162864e-08
75 0.069740 -0.122947 -0.202827 0.814359 0.004285 -0.198828 0.000000 0.000000 0.000000 0.000002 1 6.100162864e-08 6.100162864e-08
75 0.070039 -0.123430 -0.202855 0.814359 0.004285 -0.198828 0.000000 0.000000 0.000000 0.000002 1 5.983747542e-08 5.983747542e-08
75 0.070334 -0.123883 -0.202881 0.814359 0.004285 -0.198828 0.000000 0.000000 0.000000 0.000002 1 6.193295121e-08 6.193295121e-08
75 0.070632 -0.124334 -0.202907 0.814359 0.004285 -0.198828 0.000000 0.000000 0.000000 0.000002 1 5.797483027e-08 5.797483027e-08
75 0.070936 -0.124799 -0.202933 0.814359 0.004285 -0.198828 0.000000 0.000000 0.000000 0.000002 1 8.614733815e-08 8.614733815e-08
75 0.071244 -0.125280 -0.202957 0.814359 0.004285 -0.198828 0.000000 0.000000 0.000000 0.000002 1 5.913898349e-08 5.913898349e-08
76 0.071073 -0.123088 -0.205985 0.943356 0.030945 -0.201042 0.000000 0.000000 0.000000 0.000003 1 6.007030606e-08 6.007030606e-08
76 0.071462 -0.124115 -0.206001 0.943356 0.030945 -0.201042 0.000000 0.000000 0.000000 0.000003 1 5.913898349e-08 5.913898349e-08
76 0.071814 -0.124973 -0.206018 0.943356 0.030945 -0.201042 0.000000 0.000000 0.000000 0.000002 1 5.797483027e-08 5.797483027e-08
76 0.072138 -0.125735 -0.206037 0.943356 0.030945 -0.201042 0.000000 0.000000 0.000000 0.000002 1 5.797483027e-08 5.797483027e-08
76 0.072444 -0.126464 -0.206057 0.943356 0.030945 -0.201042 0.000000 0.000000 0.000000 0.000002 1 5.704350770e-08 5.704350770e-08
76 0.072739 -0.127183 -0.206078 0.943356 0.030945 -0.201042 0.000000 0.000000 0.000000 0.000002 1 5.681067705e-08 5.681067705e-08
76 0.073026 -0.127902 -0.206099 0.943356 0.030945 -0.201042 0.000000 0.000000 0.000000 0.000002 1 5.890615284e-08 5.890615284e-08
76 0.073312 -0.128633 -0.206121 0.943356 0.030945 -0.201042 0.000000 0.000000 0.000000 0.000002 1 5.983747542e-08 5.983747542e-08
76 0.073605 -0.129385 -0.206143 0.943356 0.030945 -0.201042 0.000000 0.000000 0.000000 0.000002 1 5.611218512e-08 5.611218512e-08
76 0.073905 -0.130153 -0.206167 0.943356 0.030945 -0.201042 0.000000 0.000000 0.000000 0.000002 1 5.797483027e-08 5.797483027e-08
76 0.074212 -0.130926 -0.206191 0.943356 0.030945 -0.201042 0.000000 0.000000 0.000000 0.000002 1 6.007030606e-08 6.007030606e-08
76 0.074522 -0.131682 -0.206216 0.943356 0.030945 -0.201042 0.000000 0.000000 0.000000 0.000002 1 5.797483027e-08 5.797483027e-08
76 0.074836 -0.132419 -0.206242 0.943356 0.030945 -0.201042 0.000000 0.000000 0.000000 0.000002 1 5.913898349e-08 5.913898349e-08
76 0.075163 -0.133157 -0.206268 0.943356 0.030945 -0.201042 0.000000 0.000000 0.000000 0.000002 1 6.100162864e-08 6.100162864e-08
76 0.075511 -0.133927 -0.206295 0.943356 0.030945 -0.201042 0.000000 0.000000 0.000000 0.000002 1 6.100162864e-08 6.100162864e-08
76 0.075891 -0.134753 -0.206322 0.943356 0.030945 -0.201042 0.000000 0.000000 0.000000 0.000002 1 6.007030606e-08 6.007030606e-08
76 0.076310 -0.135654 -0.206351 0.943356 0.030945 -0.201042 0.000000 0.000000 0.000000 0.000002 1 6.007030606e-08 6.007030606e-08
76 0.076771 -0.136636 -0.206381 0.943356 0.030945 -0.201042 0.000000 0.000000 0.000000 0.000002 1 5.890615284e-08 5.890615284e-08
76 0.077272 -0.137688 -0.206413 0.943356 0.030945 -0.201042 0.000000 0.000000 0.000000 0.000002 1 5.704350770e-08 5.704350770e-08
76 0.077805 -0.138782 -0.206446 0.943356 0.030945 -0.201042 0.000000 0.000000 0.000000 0.000002 1 6.007030606e-08 6.007030606e-08
77 0.078076 -0.137606 -0.235258 1.063003 0.059203 -0.228893 0.000000 0.000000 0.000000 0.000002 1 5.518086255e-08 5.518086255e-08
77 0.078815 -0.139352 -0.235279 1.063003 0.059203 -0.228893 0.000000 0.000000 0.000000 0.000002 1 5.913898349e-08 5.913898349e-08
77 0.079510 -0.140833 -0.235305 1.063003 0.059203 -0.228893 0.000000 0.000000 0.000000 0.000002 1 5.704350770e-08 5.704350770e-08
77 0.080182 -0.142139 -0.235335 1.063003 0.059203 -0.228893 0.000000 0.000000 0.000000 0.000002 1 5.704350770e-08 5.704350770e-08
77 0.080851 -0.143337 -0.235367 1.063003 0.059203 -0.228893 0.000000 0.000000 0.000000 0.000002 1 5.890615284e-08 5.890615284e-08
77 0.081529 -0.144461 -0.235403 1.063003 0.059203 -0.228893 0.000000 0.000000 0.000000 0.000002 1 5.797483027e-08 5.797483027e-08
77 0.082219 -0.145522 -0.235440 1.063003 0.059203 -0.228893 0.000000 0.000000 0.000000 0.000002 1 6.100162864e-08 6.100162864e-08
77 0.082920 -0.146513 -0.235480 1.063003 0.059203 -0.228893 0.000000 0.000000 0.000000 0.000002 1 5.890615284e-08 5.890615284e-08
77 0.083625 -0.147419 -0.235521 1.063003 0.059203 -0.228893 0.000000 0.000000 0.000000 0.000002 1 5.797483027e-08 5.797483027e-08
77 0.084325 -0.148224 -0.235563 1.063003 0.059203 -0.228893 0.000000 0.000000 0.000000 0.000002 1 6.286427379e-08 6.286427379e-08
77 0.085010 -0.148918 -0.235606 1.063003 0.059203 -0.228893 0.000000 0.000000 0.000000 0.000002 1 5.820766091e-08 5.820766091e-08
77 0.085671 -0.149503 -0.235649 1.063003 0.059203 -0.228893 0.000000 0.000000 0.000000 0.000002 1 5.890615284e-08 5.890615284e-08
77 0.086307 -0.149989 -0.235691 1.063003 0.059203 -0.228893 0.000000 0.000000 0.000000 0.000002 1 1.380685717e-07 1.380685717e-07
77 0.086919 -0.150390 -0.235732 1.063003 0.059203 -0.228893 0.000000 0.000000 0.000000 0.000002 1 5.820766091e-08 5.820766091e-08
77 0.087511 -0.150734 -0.235772 1.063003 0.059203 -0.228893 0.000000 0.000000 0.000000 0.000002 1 6.007030606e-08 6.007030606e-08
77 0.088093 -0.151047 -0.235812 1.063003 0.059203 -0.228893 0.000000 0.000000 0.000000 0.000002 1 5.797483027e-08 5.797483027e-08
77 0.088673 -0.151359 -0.235850 1.063003 0.059203 -0.228893 0.000000 0.000000 0.000000 0.000002 1 5.797483027e-08 5.797483027e-08
77 0.089257 -0.151695 -0.235887 1.063003 0.059203 -0.228893 0.000000 0.000000 0.000000 0.000002 1 5.913898349e-08 5.913898349e-08
77 0.089851 -0.152070 -0.235924 1.063003 0.059203 -0.228893 0.000000 0.000000 0.000000 0.000002 1 6.216578186e-08 6.216578186e-08
77 0.090445 -0.152464 -0.235960 1.063003 0.059203 -0.228893 0.000000 0.000000 0.000000 0.000002 1 6.216578186e-08 6.216578186e-08
78 0.088392 -0.140686 -0.239824 1.193346 0.102929 -0.231685 0.000000 0.000000 0.000000 0.000003 1 5.494803190e-08 5.494803190e-08
78 0.090017 -0.145325 -0.239813 1.193346 0.102929 -0.231685 0.000000 0.000000 0.000000 0.000003 1 5.704350770e-08 5.704350770e-08
78 0.091163 -0.148331 -0.239820 1.193346 0.102929 -0.231685 0.000000 0.000000 0.000000 0.000003 1 6.007030606e-08 6.007030606e-08
78 0.092024 -0.150300 -0.239839 1.193346 0.102929 -0.231685 0.000000 0.000000 0.000000 0.000003 1 5.913898349e-08 5.913898349e-08
78 0.092728 -0.151696 -0.239864 1.193346 0.102929 -0.231685 0.000000 0.000000 0.000000 0.000003 1 5.913898349e-08 5.913898349e-08
78 0.093351 -0.152812 -0.239893 1.193346 0.102929 -0.231685 0.000000 0.000000 0.000000 0.000003 1 6.309710443e-08 6.309710443e-08
78 0.093930 -0.153783 -0.239924 1.193346 0.102929 -0.231685 0.000000 0.000000 0.000000 0.000003 1 6.007030606e-08 6.007030606e-08
78 0.094488 -0.154680 -0.239957 1.193346 0.102929 -0.231685 0.000000 0.000000 0.000000 0.000002 1 5.983747542e-08 5.983747542e-08
78 0.095038 -0.155541 -0.239992 1.193346 0.102929 -0.231685 0.000000 0.000000 0.000000 0.000002 1 3.702007234e-08 3.702007234e-08
78 0.095586 -0.156374 -0.240029 1.193346 0.102929 -0.231685 0.000000 0.000000 0.000000 0.000002 1 4.097819328e-08 4.097819328e-08
78 0.096130 -0.157170 -0.240067 1.193346 0.102929 -0.231685 0.000000 0.000000 0.000000 0.000002 1 5.098991096e-08 5.098991096e-08
78 0.096667 -0.157916 -0.240106 1.193346 0.102929 -0.231685 0.000000 0.000000 0.000000 0.000002 1 6.007030606e-08 6.007030606e-08
78 0.097201 -0.158617 -0.240145 1.193346 0.102929 -0.231685 0.000000 0.000000 0.000000 0.000002 1 5.983747542e-08 5.983747542e-08
78 0.097744 -0.159304 -0.240186 1.193346 0.102929 -0.231685 0.000000 0.000000 0.000000 0.000002 1 6.007030606e-08 6.007030606e-08
78 0.098313 -0.160014 -0.240228 1.193346 0.102929 -0.231685 0.000000 0.000000 0.000000 0.000002 1 5.890615284e-08 5.890615284e-08
78 0.098918 -0.160774 -0.240270 1.193346 0.102929 -0.231685 0.000000 0.000000 0.000000 0.000002 1 6.100162864e-08 6.100162864e-08
78 0.099571 -0.161600 -0.240315 1.193346 0.102929 -0.231685 0.000000 0.000000 0.000000 0.000002 1 5.797483027e-08 5.797483027e-08
78 0.100277 -0.162504 -0.240361 1.193346 0.102929 -0.231685 0.000000 0.000000 0.000000 0.000002 1 6.216578186e-08 6.216578186e-08
78 0.101036 -0.163475 -0.240409 1.193346 0.102929 -0.231685 0.000000 0.000000 0.000000 0.000002 1 6.007030606e-08 6.007030606e-08
78 0.101838 -0.164484 -0.240459 1.193346 0.102929 -0.231685 0.000000 0.000000 0.000000 0.000002 1 6.100162864e-08 6.100162864e-08
79 0.103091 -0.165236 -0.293085 1.309444 0.133330 -0.283041 0.000000 0.000000 0.000000 0.000003 1 5.704350770e-08 5.704350770e-08
79 0.104091 -0.166439 -0.293125 1.309444 0.133330 -0.283041 0.000000 0.000000 0.000000 0.000003 1 8.102506399e-08 8.102506399e-08
79 0.105067 -0.167483 -0.293169 1.309444 0.133330 -0.283041 0.000000 0.000000 0.000000 0.000002 1 5.797483027e-08 5.797483027e-08
79 0.106050 -0.168471 -0.293217 1.309444 0.133330 -0.283041 0.000000 0.000000 0.000000 0.000002 1 5.890615284e-08 5.890615284e-08
79 0.107057 -0.169448 -0.293268 1.309444 0.133330 -0.283041 0.000000 0.000000 0.000000 0.000002 1 6.193295121e-08 6.193295121e-08
79 0.108094 -0.170413 -0.293323 1.309444 0.133330 -0.283041 0.000000 0.000000 0.000000 0.000002 1 5.983747542e-08 5.983747542e-08
79 0.109159 -0.171350 -0.293381 1.309444 0.133330 -0.283041 0.000000 0.000000 0.000000 0.000002 1 1.501757652e-07 1.501757652e-07
79 0.110249 -0.172240 -0.293442 1.309444 0.133330 -0.283041 0.000000 0.000000 0.000000 0.000002 1 5.890615284e-08 5.890615284e-08
79 0.111355 -0.173068 -0.293506 1.309444 0.133330 -0.283041 0.000000 0.000000 0.000000 0.000002 1 5.913898349e-08 5.913898349e-08
79 0.112465 -0.173823 -0.293571 1.309444 0.133330 -0.283041 0.000000 0.000000 0.000000 0.000002 1 5.913898349e-08 5.913898349e-08
79 0.113568 -0.174500 -0.293639 1.309444 0.133330 -0.283041 0.000000 0.000000 0.000000 0.000002 1 5.797483027e-08 5.797483027e-08
79 0.114652 -0.175103 -0.293706 1.309444 0.133330 -0.283041 0.000000 0.000000 0.000000 0.000002 1 5.913898349e-08 5.913898349e-08
79 0.115712 -0.175633 -0.293774 1.309444 0.133330 -0.283041 0.000000 0.000000 0.000000 0.000002 1 6.007030606e-08 6.007030606e-08
79 0.116747 -0.176100 -0.293842 1.309444 0.133330 -0.283041 0.000000 0.000000 0.000000 0.000002 1 5.890615284e-08 5.890615284e-08
79 0.117762 -0.176526 -0.293909 1.309444 0.133330 -0.283041 0.000000 0.000000 0.000000 0.000002 1 6.100162864e-08 6.100162864e-08
79 0.118771 -0.176942 -0.293975 1.309444 0.133330 -0.283041 0.000000 0.000000 0.000000 0.000002 1 6.193295121e-08 6.193295121e-08
79 0.119784 -0.177379 -0.294041 1.309444 0.133330 -0.283041 0.000000 0.000000 0.000000 0.000002 1 5.890615284e-08 5.890615284e-08
79 0.120812 -0.177861 -0.294106 1.309444 0.133330 -0.283041 0.000000 0.000000 0.000000 0.000002 1 5.797483027e-08 5.797483027e-08
79 0.121860 -0.178407 -0.294172 1.309444 0.133330 -0.283041 0.000000 0.000000 0.000000 0.000002 1 6.193295121e-08 6.193295121e-08
79 0.122908 -0.178965 -0.294237 1.309444 0.133330 -0.283041 0.000000 0.000000 0.000000 0.000002 1 6.007030606e-08 6.007030606e-08
80 0.118019 -0.155221 -0.290036 1.430148 0.197292 -0.277529 0.000000 0.000000 0.000000 0.000002 1 5.890615284e-08 5.890615284e-08
80 0.123660 -0.167764 -0.289976 1.430148 0.197292 -0.277529 0.000000 0.000000 0.000000 0.000002 1 6.100162864e-08 6.100162864e-08
80 0.126680 -0.174668 -0.289993 1.430148 0.197292 -0.277529 0.000000 0.000000 0.000000 0.000002 1 5.797483027e-08 5.797483027e-08
80 0.128347 -0.177993 -0.290047 1.430148 0.197292 -0.277529 0.000000 0.000000 0.000000 0.000002 1 1.760199666e-07 1.760199666e-07
80 0.129482 -0.179719 -0.290114 1.430148 0.197292 -0.277529 0.000000 0.000000 0.000000 0.000002 1 6.216578186e-08 6.216578186e-08
80 0.130435 -0.180885 -0.290187 1.430148 0.197292 -0.277529 0.000000 0.000000 0.000000 0.000002 1 6.007030606e-08 6.007030606e-08
80 0.131330 -0.181872 -0.290261 1.430148 0.197292 -0.277529 0.000000 0.000000 0.000000 0.000002 1 5.797483027e-08 5.797483027e-08
80 0.132209 -0.182796 -0.290337 1.430148 0.197292 -0.277529 0.000000 0.000000 0.000000 0.000002 1 6.100162864e-08 6.100162864e-08
80 0.133088 -0.183691 -0.290414 1.430148 0.197292 -0.277529 0.000000 0.000000 0.000000 0.000002 1 5.797483027e-08 5.797483027e-08
80 0.133970 -0.184556 -0.290493 1.430148 0.197292 -0.277529 0.000000 0.000000 0.000000 0.000002 1 6.007030606e-08 6.007030606e-08
80 0.134850 -0.185374 -0.290572 1.430148 0.197292 -0.277529 0.000000 0.000000 0.000000 0.000002 1 5.797483027e-08 5.797483027e-08
80 0.135721 -0.186130 -0.290652 1.430148 0.197292 -0.277529 0.000000 0.000000 0.000000 0.000002 1 5.704350770e-08 5.704350770e-08
80 0.136588 -0.186830 -0.290732 1.430148 0.197292 -0.277529 0.000000 0.000000 0.000000 0.000002 1 5.797483027e-08 5.797483027e-08
80 0.137467 -0.187509 -0.290813 1.430148 0.197292 -0.277529 0.000000 0.000000 0.000000 0.000002 1 5.913898349e-08 5.913898349e-08
80 0.138380 -0.188202 -0.290895 1.430148 0.197292 -0.277529 0.000000 0.000000 0.000000 0.000002 1 6.007030606e-08 6.007030606e-08
80 0.139340 -0.188932 -0.290978 1.430148 0.197292 -0.277529 0.000000 0.000000 0.000000 0.000002 1 5.890615284e-08 5.890615284e-08
80 0.140359 -0.189709 -0.291063 1.430148 0.197292 -0.277529 0.000000 0.000000 0.000000 0.000002 1 5.913898349e-08 5.913898349e-08
80 0.141444 -0.190535 -0.291151 1.430148 0.197292 -0.277529 0.000000 0.000000 0.000000 0.000002 1 5.913898349e-08 5.913898349e-08
80 0.142597 -0.191407 -0.291241 1.430148 0.197292 -0.277529 0.000000 0.000000 0.000000 0.000002 1 5.704350770e-08 5.704350770e-08
80 0.143806 -0.192297 -0.291334 1.430148 0.197292 -0.277529 0.000000 0.000000 0.000000 0.000002 1 6.100162864e-08 6.100162864e-08
81 0.145615 -0.192496 -0.352535 1.537626 0.232162 -0.337129 0.000000 0.000000 0.000000 0.000002 1 2.239830792e-07 2.239830792e-07
81 0.147236 -0.193952 -0.352615 1.537626 0.232162 -0.337129 0.000000 0.000000 0.000000 0.000002 1 6.100162864e-08 6.100162864e-08
81 0.148759 -0.195000 -0.352703 1.537626 0.232162 -0.337129 0.000000 0.000000 0.000000 0.000002 1 1.420266926e-08 1.420266926e-08
81 0.150288 -0.195948 -0.352797 1.537626 0.232162 -0.337129 0.000000 0.000000 0.000000 0.000002 1 1.420266926e-08 1.420266926e-08
81 0.151849 -0.196843 -0.352896 1.537626 0.232162 -0.337129 0.000000 0.000000 0.000000 0.000002 1 3.119930625e-08 3.119930625e-08
81 0.153454 -0.197697 -0.353002 1.537626 0.232162 -0.337129 0.000000 0.000000 0.000000 0.000002 1 3.119930625e-08 3.119930625e-08
81 0.155114 -0.198518 -0.353113 1.537626 0.232162 -0.337129 0.000000 0.000000 0.000000 0.000002 1 5.913898349e-08 5.913898349e-08
81 0.156833 -0.199317 -0.353229 1.537626 0.232162 -0.337129 0.000000 0.000000 0.000000 0.000002 1 5.983747542e-08 5.983747542e-08
81 0.158606 -0.200097 -0.353351 1.537626 0.232162 -0.337129 0.000000 0.000000 0.000000 0.000002 1 6.286427379e-08 6.286427379e-08
81 0.160419 -0.200854 -0.353478 1.537626 0.232162 -0.337129 0.000000 0.000000 0.000000 0.000002 1 5.797483027e-08 5.797483027e-08
81 0.162253 -0.201573 -0.353608 1.537626 0.232162 -0.337129 0.000000 0.000000 0.000000 0.000002 1 6.216578186e-08 6.216578186e-08
81 0.164091 -0.202256 -0.353740 1.537626 0.232162 -0.337129 0.000000 0.000000 0.000000 0.000002 1 5.983747542e-08 5.983747542e-08
81 0.165918 -0.202889 -0.353874 1.537626 0.232162 -0.337129 0.000000 0.000000 0.000000 0.000002 1 6.007030606e-08 6.007030606e-08
81 0.167727 -0.203477 -0.354009 1.537626 0.232162 -0.337129 0.000000 0.000000 0.000000 0.000002 1 6.007030606e-08 6.007030606e-08
81 0.169529 -0.204046 -0.354145 1.537626 0.232162 -0.337129 0.000000 0.000000 0.000000 0.000002 1 6.007030606e-08 6.007030606e-08
81 0.171342 -0.204629 -0.354281 1.537626 0.232162 -0.337129 0.000000 0.000000 0.000000 0.000002 1 5.797483027e-08 5.797483027e-08
81 0.173183 -0.205260 -0.354419 1.537626 0.232162 -0.337129 0.000000 0.000000 0.000000 0.000002 1 6.216578186e-08 6.216578186e-08
81 0.175069 -0.205966 -0.354559 1.537626 0.232162 -0.337129 0.000000 0.000000 0.000000 0.000002 1 7.101334631e-08 7.101334631e-08
81 0.177005 -0.206758 -0.354701 1.537626 0.232162 -0.337129 0.000000 0.000000 0.000000 0.000002 1 5.983747542e-08 5.983747542e-08
81 0.178939 -0.207535 -0.354845 1.537626 0.232162 -0.337129 0.000000 0.000000 0.000000 0.000002 1 6.007030606e-08 6.007030606e-08
82 0.169143 -0.164917 -0.330378 1.642247 0.325794 -0.310980 0.000000 0.000000 0.000000 0.000001 1 5.494803190e-08 5.494803190e-08
82 0.187099 -0.191096 -0.330160 1.642247 0.325794 -0.310980 0.000000 0.000000 0.000000 0.000001 1 6.007030606e-08 6.007030606e-08
82 0.195452 -0.205412 -0.330217 1.642247 0.325794 -0.310980 0.000000 0.000000 0.000000 0.000001 1 5.681067705e-08 5.681067705e-08
82 0.198293 -0.209957 -0.330409 1.642247 0.325794 -0.310980 0.000000 0.000000 0.000000 0.000001 1 5.797483027e-08 5.797483027e-08
82 0.199818 -0.211423 -0.330625 1.642247 0.325794 -0.310980 0.000000 0.000000 0.000000 0.000001 1 6.100162864e-08 6.100162864e-08
82 0.201137 -0.212368 -0.330840 1.642247 0.325794 -0.310980 0.000000 0.000000 0.000000 0.000001 1 6.100162864e-08 6.100162864e-08
82 0.202441 -0.213255 -0.331049 1.642247 0.325794 -0.310980 0.000000 0.000000 0.000000 0.000001 1 5.797483027e-08 5.797483027e-08
82 0.203760 -0.214123 -0.331255 1.642247 0.325794 -0.310980 0.000000 0.000000 0.000000 0.000001 1 6.007030606e-08 6.007030606e-08
82 0.205100 -0.214966 -0.331458 1.642247 0.325794 -0.310980 0.000000 0.000000 0.000000 0.000001 1 6.007030606e-08 6.007030606e-08
82 0.206459 -0.215775 -0.331658 1.642247 0.325794 -0.310980 0.000000 0.000000 0.000000 0.000001 1 5.890615284e-08 5.890615284e-08
82 0.207829 -0.216538 -0.331856 1.642247 0.325794 -0.310980 0.000000 0.000000 0.000000 0.000001 1 6.007030606e-08 6.007030606e-08
82 0.209201 -0.217245 -0.332052 1.642247 0.325794 -0.310980 0.000000 0.000000 0.000000 0.000001 1 6.193295121e-08 6.193295121e-08
82 0.210578 -0.217895 -0.332245 1.642247 0.325794 -0.310980 0.000000 0.000000 0.000000 0.000001 1 5.797483027e-08 5.797483027e-08
82 0.211981 -0.218514 -0.332437 1.642247 0.325794 -0.310980 0.000000 0.000000 0.000000 0.000001 1 6.216578186e-08 6.216578186e-08
82 0.213437 -0.219134 -0.332628 1.642247 0.325794 -0.310980 0.000000 0.000000 0.000000 0.000001 1 9.196810424e-08 9.196810424e-08
82 0.214968 -0.219771 -0.332820 1.642247 0.325794 -0.310980 0.000000 0.000000 0.000000 0.000001 1 6.216578186e-08 6.216578186e-08
82 0.216584 -0.220426 -0.333014 1.642247 0.325794 -0.310980 0.000000 0.000000 0.000000 0.000001 1 5.983747542e-08 5.983747542e-08
82 0.218299 -0.221098 -0.333213 1.642247 0.325794 -0.310980 0.000000 0.000000 0.000000 0.000001 1 5.797483027e-08 5.797483027e-08
82 0.220121 -0.221787 -0.333416 1.642247 0.325794 -0.310980 0.000000 0.000000 0.000000 0.000000 1 6.007030606e-08 6.007030606e-08
82 0.222046 -0.222484 -0.333624 1.642247 0.325794 -0.310980 0.000000 0.000000 0.000000 0.000000 1 6.007030606e-08 6.007030606e-08
83 0.226615 -0.225216 -0.412506 1.737834 0.358347 -0.387632 0.000000 0.000000 0.000000 0.000000 1 6.007030606e-08 6.007030606e-08
83 0.228474 -0.224385 -0.412727 1.737834 0.358347 -0.387632 0.000000 0.000000 0.000000 0.000000 1 5.890615284e-08 5.890615284e-08
83 0.230996 -0.225157 -0.412943 1.737834 0.358347 -0.387632 0.000000 0.000000 0.000000 0.000000 1 6.100162864e-08 6.100162864e-08
83 0.233688 -0.226136 -0.413168 1.737834 0.358347 -0.387632 0.000000 0.000000 0.000000 0.000000 1 5.797483027e-08 5.797483027e-08
83 0.236475 -0.227080 -0.413406 1.737834 0.358347 -0.387632 0.000000 0.000000 0.000000 0.000000 1 5.890615284e-08 5.890615284e-08
83 0.239369 -0.227963 -0.413659 1.737834 0.358347 -0.387632 0.000000 0.000000 0.000000 0.000000 1 6.100162864e-08 6.100162864e-08
83 0.242404 -0.228824 -0.413928 1.737834 0.358347 -0.387632 0.000000 0.000000 0.000000 0.000000 1 5.797483027e-08 5.797483027e-08
83 0.245607 -0.229704 -0.414213 1.737834 0.358347 -0.387632 0.000000 0.000000 0.000000 0.000000 1 6.100162864e-08 6.100162864e-08
83 0.248984 -0.230623 -0.414514 1.737834 0.358347 -0.387632 0.000000 0.000000 0.000000 0.000000 1 6.100162864e-08 6.100162864e-08
83 0.252512 -0.231563 -0.414831 1.737834 0.358347 -0.387632 0.000000 0.000000 0.000000 0.000000 1 5.704350770e-08 5.704350770e-08
83 0.256155 -0.232493 -0.415162 1.737834 0.358347 -0.387632 0.000000 0.000000 0.000000 -0.000000 1 5.983747542e-08 5.983747542e-08
83 0.259881 -0.233406 -0.415505 1.737834 0.358347 -0.387632 0.000000 0.000000 0.000000 -0.000000 1 5.820766091e-08 5.820766091e-08
83 0.263664 -0.234294 -0.415857 1.737834 0.358347 -0.387632 0.000000 0.000000 0.000000 -0.000000 1 5.797483027e-08 5.797483027e-08
83 0.267494 -0.235162 -0.416218 1.737834 0.358347 -0.387632 0.000000 0.000000 0.000000 -0.000000 1 5.983747542e-08 5.983747542e-08
83 0.271386 -0.236034 -0.416587 1.737834 0.358347 -0.387632 0.000000 0.000000 0.000000 -0.000000 1 5.797483027e-08 5.797483027e-08
83 0.275373 -0.236948 -0.416967 1.737834 0.358347 -0.387632 0.000000 0.000000 0.000000 -0.000000 1 5.611218512e-08 5.611218512e-08
83 0.279494 -0.237941 -0.417358 1.737834 0.358347 -0.387632 0.000000 0.000000 0.000000 -0.000001 1 5.890615284e-08 5.890615284e-08
83 0.283784 -0.239047 -0.417762 1.737834 0.358347 -0.387632 0.000000 0.000000 0.000000 -0.000001 1 1.490116119e-08 1.490116119e-08
83 0.288258 -0.240273 -0.418181 1.737834 0.358347 -0.387632 0.000000 0.000000 0.000000 -0.000001 1 1.550652087e-07 1.550652087e-07
83 0.292816 -0.241492 -0.418613 1.737834 0.358347 -0.387632 0.000000 0.000000 0.000000 -0.000001 1 7.683411241e-08 7.683411241e-08
84 0.275038 -0.175786 -0.376503 1.807710 0.483586 -0.342921 0.000000 0.000000 0.000000 -0.000001 1 6.100162864e-08 6.100162864e-08
84 0.321128 -0.213057 -0.375677 1.807710 0.483586 -0.342921 0.000000 0.000000 0.000000 -0.000001 1 6.007030606e-08 6.007030606e-08
84 0.351614 -0.241730 -0.375601 1.807710 0.483586 -0.342921 0.000000 0.000000 0.000000 -0.000002 1 5.820766091e-08 5.820766091e-08
84 0.360122 -0.250628 -0.376359 1.807710 0.483586 -0.342921 0.000000 0.000000 0.000000 -0.000002 1 6.100162864e-08 6.100162864e-08
84 0.363630 -0.251997 -0.377271 1.807710 0.483586 -0.342921 0.000000 0.000000 0.000000 -0.000003 1 5.704350770e-08 5.704350770e-08
84 0.366990 -0.252961 -0.378157 1.807710 0.483586 -0.342921 0.000000 0.000000 0.000000 -0.000003 1 5.704350770e-08 5.704350770e-08
84 0.370421 -0.253868 -0.379018 1.807710 0.483586 -0.342921 0.000000 0.000000 0.000000 -0.000003 1 6.007030606e-08 6.007030606e-08
84 0.373958 -0.254712 -0.379859 1.807710 0.483586 -0.342921 0.000000 0.000000 0.000000 -0.000003 1 6.007030606e-08 6.007030606e-08
84 0.377643 -0.255518 -0.380686 1.807710 0.483586 -0.342921 0.000000 0.000000 0.000000 -0.000003 1 7.590278983e-08 7.590278983e-08
84 0.381493 -0.256314 -0.381501 1.807710 0.483586 -0.342921 0.000000 0.000000 0.000000 -0.000003 1 5.797483027e-08 5.797483027e-08
84 0.385501 -0.257110 -0.382306 1.807710 0.483586 -0.342921 0.000000 0.000000 0.000000 -0.000003 1 6.216578186e-08 6.216578186e-08
84 0.389646 -0.257895 -0.383101 1.807710 0.483586 -0.342921 0.000000 0.000000 0.000000 -0.000003 1 6.100162864e-08 6.100162864e-08
84 0.393913 -0.258636 -0.383888 1.807710 0.483586 -0.342921 0.000000 0.000000 0.000000 -0.000003 1 6.007030606e-08 6.007030606e-08
84 0.398333 -0.259324 -0.384675 1.807710 0.483586 -0.342921 0.000000 0.000000 0.000000 -0.000004 1 5.983747542e-08 5.983747542e-08
84 0.402966 -0.259988 -0.385466 1.807710 0.483586 -0.342921 0.000000 0.000000 0.000000 -0.000004 1 6.100162864e-08 6.100162864e-08
84 0.407861 -0.260633 -0.386268 1.807710 0.483586 -0.342921 0.000000 0.000000 0.000000 -0.000004 1 6.100162864e-08 6.100162864e-08
84 0.413053 -0.261246 -0.387087 1.807710 0.483586 -0.342921 0.000000 0.000000 0.000000 -0.000004 1 5.681067705e-08 5.681067705e-08
84 0.418583 -0.261812 -0.387930 1.807710 0.483586 -0.342921 0.000000 0.000000 0.000000 -0.000004 1 6.309710443e-08 6.309710443e-08
84 0.424506 -0.262343 -0.388804 1.807710 0.483586 -0.342921 0.000000 0.000000 0.000000 -0.000004 1 6.007030606e-08 6.007030606e-08
84 0.430872 -0.262869 -0.389711 1.807710 0.483586 -0.342921 0.000000 0.000000 0.000000 -0.000004 1 6.007030606e-08 6.007030606e-08
85 0.443313 -0.264193 -0.482534 1.875723 0.515455 -0.431533 0.000000 0.000000 0.000000 -0.000005 1 5.890615284e-08 5.890615284e-08
85 0.451558 -0.264400 -0.483544 1.875723 0.515455 -0.431533 0.000000 0.000000 0.000000 -0.000005 1 5.890615284e-08 5.890615284e-08
85 0.460745 -0.265283 -0.484595 1.875723 0.515455 -0.431533 0.000000 0.000000 0.000000 -0.000005 1 5.704350770e-08 5.704350770e-08
85 0.470703 -0.266386 -0.485707 1.875723 0.515455 -0.431533 0.000000 0.000000 0.000000 -0.000005 1 5.983747542e-08 5.983747542e-08
85 0.481449 -0.267547 -0.486896 1.875723 0.515455 -0.431533 0.000000 0.000000 0.000000 -0.000005 1 5.797483027e-08 5.797483027e-08
85 0.493103 -0.268652 -0.488182 1.875723 0.515455 -0.431533 0.000000 0.000000 0.000000 -0.000005 1 6.100162864e-08 6.100162864e-08
85 0.505943 -0.269742 -0.489584 1.875723 0.515455 -0.431533 0.000000 0.000000 0.000000 -0.000006 1 5.704350770e-08 5.704350770e-08
85 0.520305 -0.270884 -0.491119 1.875723 0.515455 -0.431533 0.000000 0.000000 0.000000 -0.000006 1 6.100162864e-08 6.100162864e-08
85 0.536530 -0.272129 -0.492798 1.875723 0.515455 -0.431533 0.000000 0.000000 0.000000 -0.000006 1 5.587935448e-08 5.587935448e-08
85 0.554916 -0.273470 -0.494630 1.875723 0.515455 -0.431533 0.000000 0.000000 0.000000 -0.000007 1 6.007030606e-08 6.007030606e-08
85 0.575749 -0.274870 -0.496612 1.875723 0.515455 -0.431533 0.000000 0.000000 0.000000 -0.000007 1 6.007030606e-08 6.007030606e-08
85 0.599392 -0.276318 -0.498732 1.875723 0.515455 -0.431533 0.000000 0.000000 0.000000 -0.000007 1 6.007030606e-08 6.007030606e-08
85 0.626366 -0.277779 -0.500962 1.875723 0.515455 -0.431533 0.000000 0.000000 0.000000 -0.000008 1 6.007030606e-08 6.007030606e-08
85 0.657575 -0.279168 -0.503247 1.875723 0.515455 -0.431533 0.000000 0.000000 0.000000 -0.000008 1 5.797483027e-08 5.797483027e-08
85 0.694662 -0.280317 -0.505453 1.875723 0.515455 -0.431533 0.000000 0.000000 0.000000 -0.000008 1 5.494803190e-08 5.494803190e-08
85 0.740425 -0.280759 -0.507212 1.875723 0.515455 -0.431533 0.000000 0.000000 0.000000 -0.000007 1 5.518086255e-08 5.518086255e-08
85 0.798295 -0.278968 -0.507712 1.875723 0.515455 -0.431533 0.000000 0.000000 0.000000 -0.000005 1 5.913898349e-08 5.913898349e-08
85 0.867138 -0.272469 -0.506275 1.875723 0.515455 -0.431533 0.000000 0.000000 0.000000 -0.000003 1 6.100162864e-08 6.100162864e-08
85 0.937883 -0.263076 -0.503615 1.875723 0.515455 -0.431533 0.000000 0.000000 0.000000 -0.000003 1 6.007030606e-08 6.007030606e-08
85 0.985492 -0.263485 -0.501073 1.875723 0.515455 -0.431533 0.000000 0.000000 0.000000 -0.000003 1 6.007030606e-08 6.007030606e-08
86 0.944539 -0.191277 -0.442479 1.874888 0.658671 -0.372600 0.000000 0.000000 0.000000 -0.000003 1 5.704350770e-08 5.704350770e-08
86 0.996551 -0.195079 -0.439766 1.874888 0.658671 -0.372600 0.000000 0.000000 0.000000 -0.000003 1 6.007030606e-08 6.007030606e-08
86 1.000000 -0.200370 -0.437388 1.874888 0.658671 -0.372600 0.000000 0.000000 0.000000 -0.000004 1 6.007030606e-08 6.007030606e-08
86 1.000000 -0.204959 -0.435180 1.874888 0.658671 -0.372600 0.000000 0.000000 0.000000 -0.000003 1 5.611218512e-08 5.611218512e-08
86 1.000000 -0.208852 -0.433125 1.874888 0.658671 -0.372600 0.000000 0.000000 0.000000 -0.000003 1 5.913898349e-08 5.913898349e-08
86 1.000000 -0.211973 -0.431206 1.874888 0.658671 -0.372600 0.000000 0.000000 0.000000 -0.000003 1 5.704350770e-08 5.704350770e-08
86 1.000000 -0.214253 -0.429406 1.874888 0.658671 -0.372600 0.000000 0.000000 0.000000 -0.000003 1 6.100162864e-08 6.100162864e-08
86 1.000000 -0.215620 -0.427711 1.874888 0.658671 -0.372600 0.000000 0.000000 0.000000 -0.000003 1 5.890615284e-08 5.890615284e-08
86 1.000000 -0.216033 -0.426106 1.874888 0.658671 -0.372600 0.000000 0.000000 0.000000 -0.000003 1 5.797483027e-08 5.797483027e-08
86 1.000000 -0.215554 -0.424585 1.874888 0.658671 -0.372600 0.000000 0.000000 0.000000 -0.000003 1 6.007030606e-08 6.007030606e-08
86 1.000000 -0.214443 -0.423148 1.874888 0.658671 -0.372600 0.000000 0.000000 0.000000 -0.000003 1 5.983747542e-08 5.983747542e-08
86 1.000000 -0.213008 -0.421800 1.874888 0.658671 -0.372600 0.000000 0.000000 0.000000 -0.000003 1 5.704350770e-08 5.704350770e-08
86 1.000000 -0.211379 -0.420538 1.874888 0.658671 -0.372600 0.000000 0.000000 0.000000 -0.000003 1 5.681067705e-08 5.681067705e-08
86 1.000000 -0.209546 -0.419353 1.874888 0.658671 -0.372600 0.000000 0.000000 0.000000 -0.000003 1 4.214234650e-08 4.214234650e-08
86 1.000000 -0.207476 -0.418238 1.874888 0.658671 -0.372600 0.000000 0.000000 0.000000 -0.000003 1 1.860316843e-07 1.860316843e-07
86 1.000000 -0.205030 -0.417182 1.874888 0.658671 -0.372600 0.000000 0.000000 0.000000 -0.000003 1 3.492459655e-08 3.492459655e-08
86 1.000000 -0.201996 -0.416169 1.874888 0.658671 -0.372600 0.000000 0.000000 0.000000 -0.000003 1 8.312053978e-08 8.312053978e-08
86 1.000000 -0.198154 -0.415186 1.874888 0.658671 -0.372600 0.000000 0.000000 0.000000 -0.000003 1 9.080395103e-08 9.080395103e-08
86 1.000000 -0.193321 -0.414222 1.874888 0.658671 -0.372600 0.000000 0.000000 0.000000 -0.000003 1 6.100162864e-08 6.100162864e-08
86 1.000000 -0.187411 -0.413269 1.874888 0.658671 -0.372600 0.000000 0.000000 0.000000 -0.000002 1 1.930166036e-07 1.930166036e-07
87 0.991837 -0.159185 -0.500851 1.860815 0.688562 -0.460470 0.000000 0.000000 0.000000 -0.000003 1 6.216578186e-08 6.216578186e-08
87 1.000000 -0.155271 -0.500028 1.860815 0.688562 -0.460470 0.000000 0.000000 0.000000 -0.000002 1 6.007030606e-08 6.007030606e-08
87 1.000000 -0.148942 -0.499166 1.860815 0.688562 -0.460470 0.000000 0.000000 0.000000 -0.000002 1 5.890615284e-08 5.890615284e-08
87 1.000000 -0.141716 -0.498315 1.860815 0.688562 -0.460470 0.000000 0.000000 0.000000 -0.000002 1 6.007030606e-08 6.007030606e-08
87 1.000000 -0.133847 -0.497483 1.860815 0.688562 -0.460470 0.000000 0.000000 0.000000 -0.000002 1 6.007030606e-08 6.007030606e-08
87 1.000000 -0.125713 -0.496681 1.860815 0.688562 -0.460470 0.000000 0.000000 0.000000 -0.000002 1 8.102506399e-08 8.102506399e-08
87 1.000000 -0.117639 -0.495919 1.860815 0.688562 -0.460470 0.000000 0.000000 0.000000 -0.000002 1 6.007030606e-08 6.007030606e-08
87 1.000000 -0.109824 -0.495200 1.860815 0.688562 -0.460470 0.000000 0.000000 0.000000 -0.000002 1 6.007030606e-08 6.007030606e-08
87 1.000000 -0.102319 -0.494525 1.860815 0.688562 -0.460470 0.000000 0.000000 0.000000 -0.000002 1 6.007030606e-08 6.007030606e-08
87 1.000000 -0.095057 -0.493888 1.860815 0.688562 -0.460470 0.000000 0.000000 0.000000 -0.000002 1 5.611218512e-08 5.611218512e-08
87 1.000000 -0.087977 -0.493286 1.860815 0.688562 -0.460470 0.000000 0.000000 0.000000 -0.000002 1 5.983747542e-08 5.983747542e-08
87 1.000000 -0.081084 -0.492717 1.860815 0.688562 -0.460470 0.000000 0.000000 0.000000 -0.000002 1 6.309710443e-08 6.309710443e-08
87 1.000000 -0.074363 -0.492180 1.860815 0.688562 -0.460470 0.000000 0.000000 0.000000 -0.000002 1 5.890615284e-08 5.890615284e-08
87 1.000000 -0.067668 -0.491668 1.860815 0.688562 -0.460470 0.000000 0.000000 0.000000 -0.000002 1 6.100162864e-08 6.100162864e-08
87 1.000000 -0.060761 -0.491170 1.860815 0.688562 -0.460470 0.000000 0.000000 0.000000 -0.000002 1 5.587935448e-08 5.587935448e-08
87 1.000000 -0.053606 -0.490683 1.860815 0.688562 -0.460470 0.000000 0.000000 0.000000 -0.000002 1 5.797483027e-08 5.797483027e-08
87 1.000000 -0.046197 -0.490205 1.860815 0.688562 -0.460470 0.000000 0.000000 0.000000 -0.000002 1 1.809094101e-07 1.809094101e-07
87 1.000000 -0.038416 -0.489732 1.860815 0.688562 -0.460470 0.000000 0.000000 0.000000 -0.000002 1 6.100162864e-08 6.100162864e-08
87 1.000000 -0.030182 -0.489258 1.860815 0.688562 -0.460470 0.000000 0.000000 0.000000 -0.000002 1 6.193295121e-08 6.193295121e-08
87 1.000000 -0.021454 -0.488782 1.860815 0.688562 -0.460470 0.000000 0.000000 0.000000 -0.000002 1 6.007030606e-08 6.007030606e-08
88 0.904049 0.030460 -0.542858 1.737344 0.714771 -0.515431 0.000000 0.000000 0.000000 -0.000000 1 7.497146726e-08 7.497146726e-08
88 0.971126 0.073939 -0.541086 1.737344 0.714771 -0.515431 0.000000 0.000000 0.000000 -0.000001 1 6.007030606e-08 6.007030606e-08
88 1.000000 0.085253 -0.540608 1.737344 0.714771 -0.515431 0.000000 0.000000 0.000000 -0.000002 1 6.007030606e-08 6.007030606e-08
88 1.000000 0.089605 -0.540422 1.737344 0.714771 -0.515431 0.000000 0.000000 0.000000 -0.000002 1 6.007030606e-08 6.007030606e-08
88 1.000000 0.094325 -0.540226 1.737344 0.714771 -0.515431 0.000000 0.000000 0.000000 -0.000002 1 5.890615284e-08 5.890615284e-08
88 1.000000 0.099978 -0.539999 1.737344 0.714771 -0.515431 0.000000 0.000000 0.000000 -0.000002 1 5.704350770e-08 5.704350770e-08
88 1.000000 0.107331 -0.539710 1.737344 0.714771 -0.515431 0.000000 0.000000 0.000000 -0.000002 1 6.100162864e-08 6.100162864e-08
88 1.000000 0.117017 -0.539337 1.737344 0.714771 -0.515431 0.000000 0.000000 0.000000 -0.000002 1 5.890615284e-08 5.890615284e-08
88 1.000000 0.129209 -0.538874 1.737344 0.714771 -0.515431 0.000000 0.000000 0.000000 -0.000002 1 6.100162864e-08 6.100162864e-08
88 1.000000 0.143600 -0.538332 1.737344 0.714771 -0.515431 0.000000 0.000000 0.000000 -0.000002 1 5.913898349e-08 5.913898349e-08
88 1.000000 0.159503 -0.537739 1.737344 0.714771 -0.515431 0.000000 0.000000 0.000000 -0.000001 1 5.797483027e-08 5.797483027e-08
88 1.000000 0.176117 -0.537126 1.737344 0.714771 -0.515431 0.000000 0.000000 0.000000 -0.000001 1 6.100162864e-08 6.100162864e-08
88 1.000000 0.192907 -0.536511 1.737344 0.714771 -0.515431 0.000000 0.000000 0.000000 -0.000001 1 5.890615284e-08 5.890615284e-08
88 1.000000 0.209527 -0.535900 1.737344 0.714771 -0.515431 0.000000 0.000000 0.000000 -0.000001 1 1.639127731e-07 1.639127731e-07
88 1.000000 0.225659 -0.535289 1.737344 0.714771 -0.515431 0.000000 0.000000 0.000000 -0.000001 1 8.405186236e-08 8.405186236e-08
88 1.000000 0.240811 -0.534671 1.737344 0.714771 -0.515431 0.000000 0.000000 0.000000 -0.000001 1 1.890584826e-07 1.890584826e-07
88 1.000000 0.254189 -0.534026 1.737344 0.714771 -0.515431 0.000000 0.000000 0.000000 -0.000001 1 5.913898349e-08 5.913898349e-08
88 1.000000 0.264880 -0.533336 1.737344 0.714771 -0.515431 0.000000 0.000000 0.000000 -0.000001 1 5.983747542e-08 5.983747542e-08
88 1.000000 0.272521 -0.532585 1.737344 0.714771 -0.515431 0.000000 0.000000 0.000000 -0.000001 1 5.681067705e-08 5.681067705e-08
88 1.000000 0.277588 -0.531775 1.737344 0.714771 -0.515431 0.000000 0.000000 0.000000 -0.000001 1 5.587935448e-08 5.587935448e-08
89 0.827381 0.289967 -0.585201 1.542099 0.711748 -0.569646 0.000000 0.000000 0.000000 -0.000000 1 1.860316843e-07 1.860316843e-07
89 0.885041 0.300000 -0.584117 1.542099 0.711748 -0.569646 0.000000 0.000000 0.000000 -0.000000 1 1.010484993e-07 1.010484993e-07
89 0.938354 0.300000 -0.583129 1.542099 0.711748 -0.569646 0.000000 0.000000 0.000000 -0.000000 1 6.100162864e-08 6.100162864e-08
89 0.982699 0.298705 -0.582214 1.542099 0.711748 -0.569646 0.000000 0.000000 0.000000 -0.000000 1 5.797483027e-08 5.797483027e-08
89 0.997805 0.292655 -0.581373 1.542099 0.711748 -0.569646 0.000000 0.000000 0.000000 -0.000000 1 1.038424671e-07 1.038424671e-07
89 0.999982 0.292815 -0.580560 1.542099 0.711748 -0.569646 0.000000 0.000000 0.000000 -0.000000 1 1.979060471e-07 1.979060471e-07
89 1.000000 0.293642 -0.579783 1.542099 0.711748 -0.569646 0.000000 0.000000 0.000000 -0.000000 1 7.497146726e-08 7.497146726e-08
89 1.000000 0.294111 -0.579047 1.542099 0.711748 -0.569646 0.000000 0.000000 0.000000 -0.000000 1 8.405186236e-08 8.405186236e-08
89 1.000000 0.294416 -0.578354 1.542099 0.711748 -0.569646 0.000000 0.000000 0.000000 -0.000000 1 9.289942682e-08 9.289942682e-08
89 1.000000 0.294623 -0.577705 1.542099 0.711748 -0.569646 0.000000 0.000000 0.000000 -0.000000 1 3.003515303e-08 3.003515303e-08
89 1.000000 0.294762 -0.577098 1.542099 0.711748 -0.569646 0.000000 0.000000 0.000000 -0.000000 1 1.499429345e-07 1.499429345e-07
89 1.000000 0.294852 -0.576534 1.542099 0.711748 -0.569646 0.000000 0.000000 0.000000 -0.000000 1 5.913898349e-08 5.913898349e-08
89 1.000000 0.294907 -0.576010 1.542099 0.711748 -0.569646 0.000000 0.000000 0.000000 -0.000000 1 6.007030606e-08 6.007030606e-08
89 1.000000 0.294940 -0.575525 1.542099 0.711748 -0.569646 0.000000 0.000000 0.000000 -0.000000 1 5.587935448e-08 5.587935448e-08
89 1.000000 0.294959 -0.575076 1.542099 0.711748 -0.569646 0.000000 0.000000 0.000000 -0.000000 1 5.983747542e-08 5.983747542e-08
89 1.000000 0.294969 -0.574660 1.542099 0.711748 -0.569646 0.000000 0.000000 0.000000 -0.000000 1 5.797483027e-08 5.797483027e-08
89 1.000000 0.294972 -0.574276 1.542099 0.711748 -0.569646 0.000000 0.000000 0.000000 -0.000000 1 5.704350770e-08 5.704350770e-08
89 1.000000 0.294971 -0.573921 1.542099 0.711748 -0.569646 0.000000 0.000000 0.000000 -0.000000 1 5.611218512e-08 5.611218512e-08
89 1.000000 0.294966 -0.573593 1.542099 0.711748 -0.569646 0.000000 0.000000 0.000000 -0.000000 1 6.007030606e-08 6.007030606e-08
89 1.000000 0.294965 -0.573290 1.542099 0.711748 -0.569646 0.000000 0.000000 0.000000 -0.000000 1 6.100162864e-08 6.100162864e-08
90 0.762379 0.300000 -0.498403 1.288333 0.735564 -0.495327 0.000000 0.000000 0.000000 -0.000000 1 6.007030606e-08 6.007030606e-08
90 0.802924 0.300000 -0.498170 1.288333 0.735564 -0.495327 0.000000 0.000000 0.000000 -0.000000 1 6.100162864e-08 6.100162864e-08
90 0.840284 0.300000 -0.497952 1.288333 0.735564 -0.495327 0.000000 0.000000 0.000000 -0.000000 1 5.890615284e-08 5.890615284e-08
90 0.874721 0.300000 -0.497751 1.288333 0.735564 -0.495327 0.000000 0.000000 0.000000 -0.000000 1 5.913898349e-08 5.913898349e-08
90 0.906383 0.300000 -0.497565 1.288333 0.735564 -0.495327 0.000000 0.000000 0.000000 -0.000000 1 5.401670933e-08 5.401670933e-08
90 0.935086 0.299820 -0.497393 1.288333 0.735564 -0.495327 0.000000 0.000000 0.000000 -0.000000 1 5.913898349e-08 5.913898349e-08
90 0.959536 0.298398 -0.497234 1.288333 0.735564 -0.495327 0.000000 0.000000 0.000000 -0.000000 1 6.193295121e-08 6.193295121e-08
90 0.975834 0.295116 -0.497087 1.288333 0.735564 -0.495327 0.000000 0.000000 0.000000 -0.000000 1 1.660082489e-07 1.660082489e-07
90 0.982128 0.292672 -0.496952 1.288333 0.735564 -0.495327 0.000000 0.000000 0.000000 -0.000000 1 7.217749953e-08 7.217749953e-08
90 0.983833 0.292091 -0.496827 1.288333 0.735564 -0.495327 0.000000 0.000000 0.000000 -0.000000 1 7.986091077e-08 7.986091077e-08
90 0.984397 0.292156 -0.496712 1.288333 0.735564 -0.495327 0.000000 0.000000 0.000000 -0.000000 1 5.913898349e-08 5.913898349e-08
90 0.984697 0.292350 -0.496605 1.288333 0.735564 -0.495327 0.000000 0.000000 0.000000 -0.000000 1 7.101334631e-08 7.101334631e-08
90 0.984924 0.292554 -0.496507 1.288333 0.735564 -0.495327 0.000000 0.000000 0.000000 -0.000000 1 9.196810424e-08 9.196810424e-08
90 0.985118 0.292742 -0.496416 1.288333 0.735564 -0.495327 0.000000 0.000000 0.000000 -0.000000 1 5.890615284e-08 5.890615284e-08
90 0.985290 0.292911 -0.496333 1.288333 0.735564 -0.495327 0.000000 0.000000 0.000000 -0.000000 1 6.100162864e-08 6.100162864e-08
90 0.985442 0.293061 -0.496255 1.288333 0.735564 -0.495327 0.000000 0.000000 0.000000 -0.000000 1 5.704350770e-08 5.704350770e-08
90 0.985576 0.293195 -0.496184 1.288333 0.735564 -0.495327 0.000000 0.000000 0.000000 -0.000000 1 6.193295121e-08 6.193295121e-08
90 0.985696 0.293312 -0.496118 1.288333 0.735564 -0.495327 0.000000 0.000000 0.000000 -0.000000 1 5.797483027e-08 5.797483027e-08
90 0.985800 0.293416 -0.496057 1.288333 0.735564 -0.495327 0.000000 0.000000 0.000000 -0.000000 1 6.915070117e-08 6.915070117e-08
90 0.985893 0.293507 -0.496001 1.288333 0.735564 -0.495327 0.000000 0.000000 0.000000 -0.000000 1 1.520384103e-07 1.520384103e-07
91 0.773620 0.300000 -0.249138 1.067345 0.792906 -0.249471 0.000000 0.000000 0.000000 -0.000000 1 8.498318493e-08 8.498318493e-08
91 0.796203 0.300000 -0.249164 1.067345 0.792906 -0.249471 0.000000 0.000000 0.000000 -0.000000 1 6.402842700e-08 6.402842700e-08
91 0.817047 0.300000 -0.249188 1.067345 0.792906 -0.249471 0.000000 0.000000 0.000000 -0.000000 1 5.401670933e-08 5.401670933e-08
91 0.836284 0.300000 -0.249209 1.067345 0.792906 -0.249471 0.000000 0.000000 0.000000 -0.000000 1 5.797483027e-08 5.797483027e-08
91 0.854033 0.300000 -0.249230 1.067345 0.792906 -0.249471 0.000000 0.000000 0.000000 -0.000000 1 1.520384103e-07 1.520384103e-07
91 0.870394 0.300000 -0.249248 1.067345 0.792906 -0.249471 0.000000 0.000000 0.000000 -0.000000 1 5.820766091e-08 5.820766091e-08
91 0.885452 0.300000 -0.249265 1.067345 0.792906 -0.249471 0.000000 0.000000 0.000000 -0.000000 1 5.913898349e-08 5.913898349e-08
91 0.899264 0.299987 -0.249281 1.067345 0.792906 -0.249471 0.000000 0.000000 0.000000 -0.000000 1 5.704350770e-08 5.704350770e-08
91 0.911850 0.299923 -0.249296 1.067345 0.792906 -0.249471 0.000000 0.000000 0.000000 -0.000000 1 6.100162864e-08 6.100162864e-08
91 0.923189 0.299782 -0.249309 1.067345 0.792906 -0.249471 0.000000 0.000000 0.000000 -0.000000 1 5.704350770e-08 5.704350770e-08
91 0.933208 0.299541 -0.249322 1.067345 0.792906 -0.249471 0.000000 0.000000 0.000000 -0.000000 1 5.797483027e-08 5.797483027e-08
91 0.941793 0.299191 -0.249333 1.067345 0.792906 -0.249471 0.000000 0.000000 0.000000 -0.000000 1 6.100162864e-08 6.100162864e-08
91 0.948831 0.298745 -0.249344 1.067345 0.792906 -0.249471 0.000000 0.000000 0.000000 -0.000000 1 5.913898349e-08 5.913898349e-08
91 0.954273 0.298257 -0.249354 1.067345 0.792906 -0.249471 0.000000 0.000000 0.000000 -0.000000 1 5.681067705e-08 5.681067705e-08
91 0.958209 0.297798 -0.249363 1.067345 0.792906 -0.249471 0.000000 0.000000 0.000000 -0.000000 1 5.983747542e-08 5.983747542e-08
91 0.960874 0.297423 -0.249371 1.067345 0.792906 -0.249471 0.000000 0.000000 0.000000 -0.000000 1 5.890615284e-08 5.890615284e-08
91 0.962579 0.297154 -0.249379 1.067345 0.792906 -0.249471 0.000000 0.000000 0.000000 -0.000000 1 5.587935448e-08 5.587935448e-08
91 0.963625 0.296977 -0.249386 1.067345 0.792906 -0.249471 0.000000 0.000000 0.000000 -0.000000 1 5.983747542e-08 5.983747542e-08
91 0.964250 0.296868 -0.249392 1.067345 0.792906 -0.249471 0.000000 0.000000 0.000000 -0.000000 1 5.797483027e-08 5.797483027e-08
91 0.964617 0.296804 -0.249399 1.067345 0.792906 -0.249471 0.000000 0.000000 0.000000 -0.000000 1 5.704350770e-08 5.704350770e-08
92 0.927360 0.152225 -0.381706 1.029337 0.633386 -0.381261 0.000000 0.000000 0.000000 0.000000 1 5.587935448e-08 5.587935448e-08
92 0.925521 0.188554 -0.381671 1.029337 0.633386 -0.381261 0.000000 0.000000 0.000000 0.000000 1 1.490116119e-07 1.490116119e-07
92 0.916252 0.214900 -0.381640 1.029337 0.633386 -0.381261 0.000000 0.000000 0.000000 0.000000 1 7.497146726e-08 7.497146726e-08
92 0.907685 0.222063 -0.381611 1.029337 0.633386 -0.381261 0.000000 0.000000 0.000000 0.000000 1 9.802170098e-08 9.802170098e-08
92 0.904431 0.224013 -0.381584 1.029337 0.633386 -0.381261 0.000000 0.000000 0.000000 0.000000 1 4.912726581e-08 4.912726581e-08
92 0.903193 0.224952 -0.381559 1.029337 0.633386 -0.381261 0.000000 0.000000 0.000000 0.000000 1 3.399327397e-08 3.399327397e-08
92 0.902785 0.225562 -0.381536 1.029337 0.633386 -0.381261 0.000000 0.000000 0.000000 0.000000 1 3.795139492e-08 3.795139492e-08
92 0.902754 0.226037 -0.381515 1.029337 0.633386 -0.381261 0.000000 0.000000 0.000000 0.000000 1 5.983747542e-08 5.983747542e-08
92 0.902901 0.226447 -0.381495 1.029337 0.633386 -0.381261 0.000000 0.000000 0.000000 0.000000 1 6.821937859e-08 6.821937859e-08
92 0.903134 0.226826 -0.381477 1.029337 0.633386 -0.381261 0.000000 0.000000 0.000000 0.000000 1 5.890615284e-08 5.890615284e-08
92 0.903407 0.227188 -0.381461 1.029337 0.633386 -0.381261 0.000000 0.000000 0.000000 0.000000 1 5.797483027e-08 5.797483027e-08
92 0.903700 0.227540 -0.381445 1.029337 0.633386 -0.381261 0.000000 0.000000 0.000000 0.000000 1 6.007030606e-08 6.007030606e-08
92 0.904001 0.227886 -0.381431 1.029337 0.633386 -0.381261 0.000000 0.000000 0.000000 0.000000 1 1.061707735e-07 1.061707735e-07
92 0.904305 0.228229 -0.381418 1.029337 0.633386 -0.381261 0.000000 0.000000 0.000000 0.000000 1 2.118758857e-07 2.118758857e-07
92 0.904610 0.228568 -0.381406 1.029337 0.633386 -0.381261 0.000000 0.000000 0.000000 0.000000 1 7.497146726e-08 7.497146726e-08
92 0.904915 0.228906 -0.381395 1.029337 0.633386 -0.381261 0.000000 0.000000 0.000000 0.000000 1 6.193295121e-08 6.193295121e-08
92 0.905218 0.229241 -0.381384 1.029337 0.633386 -0.381261 0.000000 0.000000 0.000000 0.000000 1 5.611218512e-08 5.611218512e-08
92 0.905519 0.229574 -0.381375 1.029337 0.633386 -0.381261 0.000000 0.000000 0.000000 0.000000 1 6.007030606e-08 6.007030606e-08
92 0.905819 0.229905 -0.381366 1.029337 0.633386 -0.381261 0.000000 0.000000 0.000000 0.000000 1 8.405186236e-08 8.405186236e-08
92 0.906118 0.230235 -0.381358 1.029337 0.633386 -0.381261 0.000000 0.000000 0.000000 0.000000 1 5.401670933e-08 5.401670933e-08
93 0.732957 0.133721 -0.383238 0.852863 0.533627 -0.383141 0.000000 0.000000 0.000000 0.000001 1 6.984919310e-08 6.984919310e-08
93 0.741939 0.134484 -0.383231 0.852863 0.533627 -0.383141 0.000000 0.000000 0.000000 0.000001 1 5.797483027e-08 5.797483027e-08
93 0.750117 0.135221 -0.383224 0.852863 0.533627 -0.383141 0.000000 0.000000 0.000000 0.000001 1 5.704350770e-08 5.704350770e-08
93 0.757518 0.135930 -0.383217 0.852863 0.533627 -0.383141 0.000000 0.000000 0.000000 0.000001 1 5.797483027e-08 5.797483027e-08
93 0.764164 0.136610 -0.383211 0.852863 0.533627 -0.383141 0.000000 0.000000 0.000000 0.000001 1 5.983747542e-08 5.983747542e-08
93 0.770079 0.137266 -0.383206 0.852863 0.533627 -0.383141 0.000000 0.000000 0.000000 0.000001 1 5.797483027e-08 5.797483027e-08
93 0.775287 0.137901 -0.383201 0.852863 0.533627 -0.383141 0.000000 0.000000 0.000000 0.000001 1 5.913898349e-08 5.913898349e-08
93 0.779821 0.138524 -0.383196 0.852863 0.533627 -0.383141 0.000000 0.000000 0.000000 0.000001 1 5.890615284e-08 5.890615284e-08
93 0.783727 0.139144 -0.383192 0.852863 0.533627 -0.383141 0.000000 0.000000 0.000000 0.000001 1 5.587935448e-08 5.587935448e-08
93 0.787058 0.139768 -0.383188 0.852863 0.533627 -0.383141 0.000000 0.000000 0.000000 0.000001 1 5.797483027e-08 5.797483027e-08
93 0.789878 0.140404 -0.383185 0.852863 0.533627 -0.383141 0.000000 0.000000 0.000000 0.000001 1 5.983747542e-08 5.983747542e-08
93 0.792256 0.141057 -0.383181 0.852863 0.533627 -0.383141 0.000000 0.000000 0.000000 0.000001 1 5.797483027e-08 5.797483027e-08
93 0.794260 0.141729 -0.383178 0.852863 0.533627 -0.383141 0.000000 0.000000 0.000000 0.000001 1 5.704350770e-08 5.704350770e-08
93 0.795955 0.142419 -0.383175 0.852863 0.533627 -0.383141 0.000000 0.000000 0.000000 0.000001 1 5.518086255e-08 5.518086255e-08
93 0.797401 0.143126 -0.383173 0.852863 0.533627 -0.383141 0.000000 0.000000 0.000000 0.000001 1 6.100162864e-08 6.100162864e-08
93 0.798648 0.143847 -0.383170 0.852863 0.533627 -0.383141 0.000000 0.000000 0.000000 0.000001 1 6.193295121e-08 6.193295121e-08
93 0.799739 0.144579 -0.383168 0.852863 0.533627 -0.383141 0.000000 0.000000 0.000000 0.000001 1 6.100162864e-08 6.100162864e-08
93 0.800706 0.145319 -0.383166 0.852863 0.533627 -0.383141 0.000000 0.000000 0.000000 0.000001 1 5.797483027e-08 5.797483027e-08
93 0.801578 0.146065 -0.383164 0.852863 0.533627 -0.383141 0.000000 0.000000 0.000000 0.000001 1 5.494803190e-08 5.494803190e-08
93 0.802376 0.146815 -0.383162 0.852863 0.533627 -0.383141 0.000000 0.000000 0.000000 0.000001 1 6.100162864e-08 6.100162864e-08
94 0.596204 0.013645 -0.440609 0.645503 0.396745 -0.440367 0.000000 0.000000 0.000000 0.000002 1 5.983747542e-08 5.983747542e-08
94 0.599891 0.015879 -0.440590 0.645503 0.396745 -0.440367 0.000000 0.000000 0.000000 0.000002 1 5.681067705e-08 5.681067705e-08
94 0.603293 0.017904 -0.440573 0.645503 0.396745 -0.440367 0.000000 0.000000 0.000000 0.000002 1 5.890615284e-08 5.890615284e-08
94 0.606431 0.019786 -0.440557 0.645503 0.396745 -0.440367 0.000000 0.000000 0.000000 0.000002 1 5.587935448e-08 5.587935448e-08
94 0.609324 0.021563 -0.440542 0.645503 0.396745 -0.440367 0.000000 0.000000 0.000000 0.000002 1 5.494803190e-08 5.494803190e-08
94 0.611992 0.023260 -0.440529 0.645503 0.396745 -0.440367 0.000000 0.000000 0.000000 0.000001 1 6.007030606e-08 6.007030606e-08
94 0.614452 0.024894 -0.440516 0.645503 0.396745 -0.440367 0.000000 0.000000 0.000000 0.000001 1 5.797483027e-08 5.797483027e-08
94 0.616720 0.026476 -0.440505 0.645503 0.396745 -0.440367 0.000000 0.000000 0.000000 0.000001 1 5.797483027e-08 5.797483027e-08
94 0.618812 0.028017 -0.440494 0.645503 0.396745 -0.440367 0.000000 0.000000 0.000000 0.000001 1 5.913898349e-08 5.913898349e-08
94 0.620742 0.029521 -0.440484 0.645503 0.396745 -0.440367 0.000000 0.000000 0.000000 0.000001 1 5.983747542e-08 5.983747542e-08
94 0.622523 0.030995 -0.440475 0.645503 0.396745 -0.440367 0.000000 0.000000 0.000000 0.000001 1 6.007030606e-08 6.007030606e-08
94 0.624166 0.032443 -0.440467 0.645503 0.396745 -0.440367 0.000000 0.000000 0.000000 0.000001 1 6.915070117e-08 6.915070117e-08
94 0.625683 0.033868 -0.440459 0.645503 0.396745 -0.440367 0.000000 0.000000 0.000000 0.000001 1 1.480802894e-07 1.480802894e-07
94 0.627085 0.035273 -0.440452 0.645503 0.396745 -0.440367 0.000000 0.000000 0.000000 0.000001 1 5.797483027e-08 5.797483027e-08
94 0.628379 0.036660 -0.440446 0.645503 0.396745 -0.440367 0.000000 0.000000 0.000000 0.000001 1 5.797483027e-08 5.797483027e-08
94 0.629576 0.038030 -0.440440 0.645503 0.396745 -0.440367 0.000000 0.000000 0.000000 0.000001 1 5.797483027e-08 5.797483027e-08
94 0.630683 0.039386 -0.440434 0.645503 0.396745 -0.440367 0.000000 0.000000 0.000000 0.000001 1 6.100162864e-08 6.100162864e-08
94 0.631707 0.040728 -0.440429 0.645503 0.396745 -0.440367 0.000000 0.000000 0.000000 0.000001 1 5.820766091e-08 5.820766091e-08
94 0.632655 0.042058 -0.440424 0.645503 0.396745 -0.440367 0.000000 0.000000 0.000000 0.000001 1 7.497146726e-08 7.497146726e-08
94 0.633533 0.043376 -0.440420 0.645503 0.396745 -0.440367 0.000000 0.000000 0.000000 0.000001 1 6.007030606e-08 6.007030606e-08
95 0.507059 -0.087244 -0.519500 0.518664 0.254786 -0.519145 0.000000 0.000000 0.000000 0.000000 1 5.192123353e-08 5.192123353e-08
95 0.507951 -0.060948 -0.519473 0.518664 0.254786 -0.519145 0.000000 0.000000 0.000000 0.000000 1 3.795139492e-08 3.795139492e-08
95 0.508775 -0.036673 -0.519447 0.518664 0.254786 -0.519145 0.000000 0.000000 0.000000 0.000000 1 4.307366908e-08 4.307366908e-08
95 0.509535 -0.014265 -0.519424 0.518664 0.254786 -0.519145 0.000000 0.000000 0.000000 0.000000 1 5.192123353e-08 5.192123353e-08
95 0.510236 0.004400 -0.519402 0.518664 0.254786 -0.519145 0.000000 0.000000 0.000000 0.000003 1 1.660082489e-07 1.660082489e-07
95 0.510883 0.008973 -0.519380 0.518664 0.254786 -0.519145 0.000000 0.000000 0.000000 0.000002 1 5.890615284e-08 5.890615284e-08
95 0.511480 0.011954 -0.519360 0.518664 0.254786 -0.519145 0.000000 0.000000 0.000000 0.000001 1 6.309710443e-08 6.309710443e-08
95 0.512031 0.014406 -0.519342 0.518664 0.254786 -0.519145 0.000000 0.000000 0.000000 0.000001 1 5.913898349e-08 5.913898349e-08
95 0.512540 0.016570 -0.519326 0.518664 0.254786 -0.519145 0.000000 0.000000 0.000000 0.000001 1 5.704350770e-08 5.704350770e-08
95 0.513011 0.018550 -0.519311 0.518664 0.254786 -0.519145 0.000000 0.000000 0.000000 0.000001 1 9.615905583e-08 9.615905583e-08
95 0.513445 0.020400 -0.519297 0.518664 0.254786 -0.519145 0.000000 0.000000 0.000000 0.000001 1 5.913898349e-08 5.913898349e-08
95 0.513845 0.022154 -0.519285 0.518664 0.254786 -0.519145 0.000000 0.000000 0.000000 0.000001 1 5.913898349e-08 5.913898349e-08
95 0.514215 0.023833 -0.519273 0.518664 0.254786 -0.519145 0.000000 0.000000 0.000000 0.000001 1 6.007030606e-08 6.007030606e-08
95 0.514557 0.025453 -0.519263 0.518664 0.254786 -0.519145 0.000000 0.000000 0.000000 0.000001 1 6.402842700e-08 6.402842700e-08
95 0.514872 0.027024 -0.519253 0.518664 0.254786 -0.519145 0.000000 0.000000 0.000000 0.000001 1 6.100162864e-08 6.100162864e-08
95 0.515163 0.028554 -0.519244 0.518664 0.254786 -0.519145 0.000000 0.000000 0.000000 0.000001 1 5.983747542e-08 5.983747542e-08
95 0.515432 0.030050 -0.519236 0.518664 0.254786 -0.519145 0.000000 0.000000 0.000000 0.000001 1 1.168809831e-07 1.168809831e-07
95 0.515680 0.031517 -0.519229 0.518664 0.254786 -0.519145 0.000000 0.000000 0.000000 0.000001 1 5.890615284e-08 5.890615284e-08
95 0.515909 0.032958 -0.519222 0.518664 0.254786 -0.519145 0.000000 0.000000 0.000000 0.000001 1 2.868473530e-07 2.868473530e-07
95 0.516121 0.034377 -0.519216 0.518664 0.254786 -0.519145 0.000000 0.000000 0.000000 0.000001 1 5.401670933e-08 5.401670933e-08
96 0.538390 -0.089026 -0.702543 0.540652 0.124135 -0.701769 0.000000 0.000000 0.000000 0.000000 1 6.007030606e-08 6.007030606e-08
96 0.538564 -0.072637 -0.702483 0.540652 0.124135 -0.701769 0.000000 0.000000 0.000000 0.000000 1 9.592622519e-08 9.592622519e-08
96 0.538724 -0.057509 -0.702429 0.540652 0.124135 -0.701769 0.000000 0.000000 0.000000 0.000000 1 5.401670933e-08 5.401670933e-08
96 0.538872 -0.043543 -0.702378 0.540652 0.124135 -0.701769 0.000000 0.000000 0.000000 0.000000 1 5.098991096e-08 5.098991096e-08
96 0.539009 -0.030651 -0.702331 0.540652 0.124135 -0.701769 0.000000 0.000000 0.000000 0.000000 1 5.285255611e-08 5.285255611e-08
96 0.539136 -0.018751 -0.702288 0.540652 0.124135 -0.701769 0.000000 0.000000 0.000000 0.000000 1 5.192123353e-08 5.192123353e-08
96 0.539252 -0.007765 -0.702248 0.540652 0.124135 -0.701769 0.000000 0.000000 0.000000 0.000000 1 1.369044185e-07 1.369044185e-07
96 0.539360 0.002376 -0.702211 0.540652 0.124135 -0.701769 0.000000 0.000000 0.000000 0.000000 1 5.308538675e-08 5.308538675e-08
96 0.539459 0.010836 -0.701062 0.540652 0.124135 -0.701769 0.000000 0.000000 0.000000 0.000000 1 6.100162864e-08 6.100162864e-08
96 0.539550 0.015924 -0.698623 0.540652 0.124135 -0.701769 0.000000 0.000000 0.000000 0.000000 1 6.100162864e-08 6.100162864e-08
96 0.539634 0.019360 -0.696679 0.540652 0.124135 -0.701769 0.000000 0.000000 0.000000 0.000000 1 5.983747542e-08 5.983747542e-08
96 0.539711 0.022046 -0.695272 0.540652 0.124135 -0.701769 0.000000 0.000000 0.000000 0.000000 1 6.007030606e-08 6.007030606e-08
96 0.539783 0.024331 -0.694271 0.540652 0.124135 -0.701769 0.000000 0.000000 0.000000 0.000000 1 5.587935448e-08 5.587935448e-08
96 0.539849 0.026373 -0.693569 0.540652 0.124135 -0.701769 0.000000 0.000000 0.000000 0.000000 1 8.195638657e-08 8.195638657e-08
96 0.539911 0.028254 -0.693092 0.540652 0.124135 -0.701769 0.000000 0.000000 0.000000 0.000000 1 8.102506399e-08 8.102506399e-08
96 0.539967 0.030023 -0.692785 0.540652 0.124135 -0.701769 0.000000 0.000000 0.000000 0.000000 1 6.984919310e-08 6.984919310e-08
96 0.540019 0.031708 -0.692610 0.540652 0.124135 -0.701769 0.000000 0.000000 0.000000 0.000000 1 7.101334631e-08 7.101334631e-08
96 0.540068 0.033329 -0.692536 0.540652 0.124135 -0.701769 0.000000 0.000000 0.000000 0.000000 1 6.100162864e-08 6.100162864e-08
96 0.540112 0.034898 -0.692544 0.540652 0.124135 -0.701769 0.000000 0.000000 0.000000 0.000000 1 2.870801836e-07 2.870801836e-07
96 0.540153 0.036426 -0.692614 0.540652 0.124135 -0.701769 0.000000 0.000000 0.000000 0.000000 1 5.401670933e-08 5.401670933e-08
97 0.508134 -0.068230 -0.777437 0.508718 0.016264 -0.785912 0.000000 0.000000 0.000000 0.000000 1 4.912726581e-08 4.912726581e-08
97 0.508179 -0.061734 -0.778089 0.508718 0.016264 -0.785912 0.000000 0.000000 0.000000 0.000000 1 5.285255611e-08 5.285255611e-08
97 0.508220 -0.055737 -0.778690 0.508718 0.016264 -0.785912 0.000000 0.000000 0.000000 0.000000 1 5.005858839e-08 5.005858839e-08
97 0.508258 -0.050202 -0.779245 0.508718 0.016264 -0.785912 0.000000 0.000000 0.000000 0.000000 1 5.192123353e-08 5.192123353e-08
97 0.508294 -0.045091 -0.779758 0.508718 0.016264 -0.785912 0.000000 0.000000 0.000000 0.000000 1 5.192123353e-08 5.192123353e-08
97 0.508326 -0.040374 -0.780231 0.508718 0.016264 -0.785912 0.000000 0.000000 0.000000 0.000000 1 6.612390280e-08 6.612390280e-08
97 0.508357 -0.036020 -0.780668 0.508718 0.016264 -0.785912 0.000000 0.000000 0.000000 0.000000 1 6.798654795e-08 6.798654795e-08
97 0.508384 -0.032000 -0.781071 0.508718 0.016264 -0.785912 0.000000 0.000000 0.000000 0.000000 1 6.984919310e-08 6.984919310e-08
97 0.508410 -0.028289 -0.781443 0.508718 0.016264 -0.785912 0.000000 0.000000 0.000000 0.000000 1 8.102506399e-08 8.102506399e-08
97 0.508434 -0.024864 -0.781787 0.508718 0.016264 -0.785912 0.000000 0.000000 0.000000 0.000000 1 6.495974958e-08 6.495974958e-08
97 0.508456 -0.021702 -0.782104 0.508718 0.016264 -0.785912 0.000000 0.000000 0.000000 0.000000 1 5.005858839e-08 5.005858839e-08
97 0.508476 -0.018783 -0.782396 0.508718 0.016264 -0.785912 0.000000 0.000000 0.000000 0.000000 1 5.005858839e-08 5.005858839e-08
97 0.508494 -0.016088 -0.782667 0.508718 0.016264 -0.785912 0.000000 0.000000 0.000000 0.000000 1 5.122274160e-08 5.122274160e-08
97 0.508512 -0.013601 -0.782916 0.508718 0.016264 -0.785912 0.000000 0.000000 0.000000 0.000000 1 5.122274160e-08 5.122274160e-08
97 0.508528 -0.011305 -0.783146 0.508718 0.016264 -0.785912 0.000000 0.000000 0.000000 0.000000 1 6.705522537e-08 6.705522537e-08
97 0.508542 -0.009185 -0.783359 0.508718 0.016264 -0.785912 0.000000 0.000000 0.000000 0.000000 1 9.103678167e-08 9.103678167e-08
97 0.508556 -0.007228 -0.783555 0.508718 0.016264 -0.785912 0.000000 0.000000 0.000000 0.000000 1 4.586763680e-08 4.586763680e-08
97 0.508568 -0.005422 -0.783736 0.508718 0.016264 -0.785912 0.000000 0.000000 0.000000 0.000000 1 2.095475793e-08 2.095475793e-08
97 0.508580 -0.003755 -0.783904 0.508718 0.016264 -0.785912 0.000000 0.000000 0.000000 0.000000 1 2.002343535e-08 2.002343535e-08
97 0.508590 -0.002216 -0.784058 0.508718 0.016264 -0.785912 0.000000 0.000000 0.000000 0.000000 1 6.402842700e-08 6.402842700e-08
98 0.495619 -0.107805 -0.784459 0.495787 -0.090363 -0.801703 0.000000 0.000000 0.000000 0.000000 1 1.161824912e-07 1.161824912e-07
98 0.495632 -0.106464 -0.785785 0.495787 -0.090363 -0.801703 0.000000 0.000000 0.000000 0.000000 1 5.308538675e-08 5.308538675e-08
98 0.495644 -0.105226 -0.787009 0.495787 -0.090363 -0.801703 0.000000 0.000000 0.000000 0.000000 1 5.308538675e-08 5.308538675e-08
98 0.495655 -0.104083 -0.788139 0.495787 -0.090363 -0.801703 0.000000 0.000000 0.000000 0.000000 1 4.889443517e-08 4.889443517e-08
98 0.495665 -0.103028 -0.789182 0.495787 -0.090363 -0.801703 0.000000 0.000000 0.000000 0.000000 1 4.889443517e-08 4.889443517e-08
98 0.495675 -0.102054 -0.790144 0.495787 -0.090363 -0.801703 0.000000 0.000000 0.000000 0.000000 1 5.308538675e-08 5.308538675e-08
98 0.495683 -0.101156 -0.791033 0.495787 -0.090363 -0.801703 0.000000 0.000000 0.000000 0.000000 1 5.192123353e-08 5.192123353e-08
98 0.495691 -0.100326 -0.791853 0.495787 -0.090363 -0.801703 0.000000 0.000000 0.000000 0.000000 1 5.401670933e-08 5.401670933e-08
98 0.495699 -0.099560 -0.792611 0.495787 -0.090363 -0.801703 0.000000 0.000000 0.000000 0.000000 1 5.005858839e-08 5.005858839e-08
98 0.495705 -0.098853 -0.793310 0.495787 -0.090363 -0.801703 0.000000 0.000000 0.000000 0.000000 1 5.308538675e-08 5.308538675e-08
98 0.495712 -0.098200 -0.793955 0.495787 -0.090363 -0.801703 0.000000 0.000000 0.000000 0.000000 1 4.889443517e-08 4.889443517e-08
98 0.495718 -0.097597 -0.794551 0.495787 -0.090363 -0.801703 0.000000 0.000000 0.000000 0.000000 1 5.215406418e-08 5.215406418e-08
98 0.495723 -0.097041 -0.795101 0.495787 -0.090363 -0.801703 0.000000 0.000000 0.000000 0.000000 1 5.704350770e-08 5.704350770e-08
98 0.495728 -0.096528 -0.795608 0.495787 -0.090363 -0.801703 0.000000 0.000000 0.000000 0.000000 1 4.889443517e-08 4.889443517e-08
98 0.495732 -0.096054 -0.796077 0.495787 -0.090363 -0.801703 0.000000 0.000000 0.000000 0.000000 1 7.892958820e-08 7.892958820e-08
98 0.495737 -0.095616 -0.796510 0.495787 -0.090363 -0.801703 0.000000 0.000000 0.000000 0.000000 1 5.098991096e-08 5.098991096e-08
98 0.495741 -0.095212 -0.796909 0.495787 -0.090363 -0.801703 0.000000 0.000000 0.000000 0.000000 1 5.192123353e-08 5.192123353e-08
98 0.495744 -0.094839 -0.797277 0.495787 -0.090363 -0.801703 0.000000 0.000000 0.000000 0.000000 1 1.550652087e-07 1.550652087e-07
98 0.495747 -0.094495 -0.797618 0.495787 -0.090363 -0.801703 0.000000 0.000000 0.000000 0.000000 1 5.192123353e-08 5.192123353e-08
98 0.495751 -0.094178 -0.797932 0.495787 -0.090363 -0.801703 0.000000 0.000000 0.000000 0.000000 1 5.192123353e-08 5.192123353e-08
99 0.493177 -0.153440 -0.751086 0.493221 -0.181674 -0.793475 0.000000 0.000000 0.000000 0.000000 1 5.890615284e-08 5.890615284e-08
99 0.493181 -0.154152 -0.754336 0.493221 -0.181674 -0.793475 0.000000 0.000000 0.000000 0.000000 1 6.402842700e-08 6.402842700e-08
99 0.493184 -0.154859 -0.757335 0.493221 -0.181674 -0.793475 0.000000 0.000000 0.000000 0.000000 1 5.611218512e-08 5.611218512e-08
99 0.493187 -0.155564 -0.760102 0.493221 -0.181674 -0.793475 0.000000 0.000000 0.000000 0.000000 1 6.007030606e-08 6.007030606e-08
99 0.493189 -0.156264 -0.762657 0.493221 -0.181674 -0.793475 0.000000 0.000000 0.000000 0.000000 1 6.007030606e-08 6.007030606e-08
99 0.493192 -0.156962 -0.765014 0.493221 -0.181674 -0.793475 0.000000 0.000000 0.000000 0.000000 1 5.890615284e-08 5.890615284e-08
99 0.493194 -0.157656 -0.767190 0.493221 -0.181674 -0.793475 0.000000 0.000000 0.000000 0.000000 1 5.611218512e-08 5.611218512e-08
99 0.493196 -0.158348 -0.769198 0.493221 -0.181674 -0.793475 0.000000 0.000000 0.000000 0.000000 1 5.494803190e-08 5.494803190e-08
99 0.493198 -0.159037 -0.771051 0.493221 -0.181674 -0.793475 0.000000 0.000000 0.000000 0.000000 1 6.193295121e-08 6.193295121e-08
99 0.493200 -0.159723 -0.772762 0.493221 -0.181674 -0.793475 0.000000 0.000000 0.000000 0.000000 1 5.983747542e-08 5.983747542e-08
99 0.493202 -0.160407 -0.774341 0.493221 -0.181674 -0.793475 0.000000 0.000000 0.000000 0.000000 1 6.100162864e-08 6.100162864e-08
99 0.493203 -0.161089 -0.775799 0.493221 -0.181674 -0.793475 0.000000 0.000000 0.000000 0.000000 1 5.704350770e-08 5.704350770e-08
99 0.493205 -0.161769 -0.777145 0.493221 -0.181674 -0.793475 0.000000 0.000000 0.000000 0.000000 1 6.100162864e-08 6.100162864e-08
99 0.493206 -0.162446 -0.778388 0.493221 -0.181674 -0.793475 0.000000 0.000000 0.000000 0.000000 1 5.704350770e-08 5.704350770e-08
99 0.493207 -0.163121 -0.779536 0.493221 -0.181674 -0.793475 0.000000 0.000000 0.000000 0.000000 1 6.007030606e-08 6.007030606e-08
99 0.493208 -0.163794 -0.780596 0.493221 -0.181674 -0.793475 0.000000 0.000000 0.000000 0.000000 1 5.797483027e-08 5.797483027e-08
99 0.493209 -0.164464 -0.781575 0.493221 -0.181674 -0.793475 0.000000 0.000000 0.000000 0.000000 1 5.913898349e-08 5.913898349e-08
99 0.493210 -0.165132 -0.782480 0.493221 -0.181674 -0.793475 0.000000 0.000000 0.000000 0.000000 1 5.983747542e-08 5.983747542e-08
99 0.493211 -0.165798 -0.783315 0.493221 -0.181674 -0.793475 0.000000 0.000000 0.000000 0.000000 1 5.797483027e-08 5.797483027e-08
99 0.493212 -0.166462 -0.784087 0.493221 -0.181674 -0.793475 0.000000 0.000000 0.000000 0.000000 1 5.890615284e-08 5.890615284e-08
100 0.524168 -0.167884 -0.738080 0.524057 -0.264960 -0.748249 0.000000 0.000000 0.000000 0.000000 1 6.193295121e-08 6.193295121e-08
100 0.524159 -0.168540 -0.738851 0.524057 -0.264960 -0.748249 0.000000 0.000000 0.000000 0.000000 1 2.211891115e-08 2.211891115e-08
100 0.524152 -0.169193 -0.739563 0.524057 -0.264960 -0.748249 0.000000 0.000000 0.000000 0.000000 1 2.607703209e-08 2.607703209e-08
100 0.524144 -0.169843 -0.740221 0.524057 -0.264960 -0.748249 0.000000 0.000000 0.000000 0.000000 1 2.700835466e-08 2.700835466e-08
100 0.524138 -0.170490 -0.740828 0.524057 -0.264960 -0.748249 0.000000 0.000000 0.000000 0.000000 1 1.606531441e-08 1.606531441e-08
100 0.524131 -0.171133 -0.741388 0.524057 -0.264960 -0.748249 0.000000 0.000000 0.000000 0.000000 1 1.606531441e-08 1.606531441e-08
100 0.524126 -0.171774 -0.741906 0.524057 -0.264960 -0.748249 0.000000 0.000000 0.000000 0.000000 1 6.612390280e-08 6.612390280e-08
100 0.524120 -0.172411 -0.742384 0.524057 -0.264960 -0.748249 0.000000 0.000000 0.000000 0.000000 1 4.307366908e-08 4.307366908e-08
100 0.524116 -0.173045 -0.742825 0.524057 -0.264960 -0.748249 0.000000 0.000000 0.000000 0.000000 1 5.797483027e-08 5.797483027e-08
100 0.524111 -0.173676 -0.743232 0.524057 -0.264960 -0.748249 0.000000 0.000000 0.000000 0.000000 1 5.401670933e-08 5.401670933e-08
100 0.524107 -0.174304 -0.743609 0.524057 -0.264960 -0.748249 0.000000 0.000000 0.000000 0.000000 1 1.490116119e-08 1.490116119e-08
100 0.524103 -0.174929 -0.743956 0.524057 -0.264960 -0.748249 0.000000 0.000000 0.000000 0.000000 1 8.707866073e-08 8.707866073e-08
100 0.524100 -0.175550 -0.744277 0.524057 -0.264960 -0.748249 0.000000 0.000000 0.000000 0.000000 1 1.513399184e-08 1.513399184e-08
100 0.524096 -0.176169 -0.744574 0.524057 -0.264960 -0.748249 0.000000 0.000000 0.000000 0.000000 1 8.498318493e-08 8.498318493e-08
100 0.524093 -0.176785 -0.744848 0.524057 -0.264960 -0.748249 0.000000 0.000000 0.000000 0.000000 1 6.286427379e-08 6.286427379e-08
100 0.524090 -0.177397 -0.745101 0.524057 -0.264960 -0.748249 0.000000 0.000000 0.000000 0.000000 1 6.100162864e-08 6.100162864e-08
100 0.524088 -0.178007 -0.745335 0.524057 -0.264960 -0.748249 0.000000 0.000000 0.000000 0.000000 1 5.704350770e-08 5.704350770e-08
100 0.524086 -0.178613 -0.745551 0.524057 -0.264960 -0.748249 0.000000 0.000000 0.000000 0.000000 1 6.007030606e-08 6.007030606e-08
100 0.524083 -0.179217 -0.745751 0.524057 -0.264960 -0.748249 0.000000 0.000000 0.000000 0.000000 1 8.707866073e-08 8.707866073e-08
100 0.524081 -0.179818 -0.745935 0.524057 -0.264960 -0.748249 0.000000 0.000000 0.000000 0.000000 1 6.193295121e-08 6.193295121e-08
101 0.563164 -0.180496 -0.679875 0.562990 -0.318957 -0.682337 0.000000 0.000000 0.000000 0.000000 1 5.494803190e-08 5.494803190e-08
101 0.563151 -0.181090 -0.680064 0.562990 -0.318957 -0.682337 0.000000 0.000000 0.000000 0.000000 1 5.285255611e-08 5.285255611e-08
101 0.563138 -0.181681 -0.680238 0.562990 -0.318957 -0.682337 0.000000 0.000000 0.000000 0.000000 1 6.007030606e-08 6.007030606e-08
101 0.563127 -0.182268 -0.680399 0.562990 -0.318957 -0.682337 0.000000 0.000000 0.000000 0.000000 1 6.100162864e-08 6.100162864e-08
101 0.563116 -0.182853 -0.680548 0.562990 -0.318957 -0.682337 0.000000 0.000000 0.000000 0.000000 1 5.913898349e-08 5.913898349e-08
101 0.563107 -0.183436 -0.680685 0.562990 -0.318957 -0.682337 0.000000 0.000000 0.000000 0.000000 1 6.682239473e-08 6.682239473e-08
101 0.563098 -0.184015 -0.680812 0.562990 -0.318957 -0.682337 0.000000 0.000000 0.000000 0.000000 1 5.494803190e-08 5.494803190e-08
101 0.563090 -0.184591 -0.680928 0.562990 -0.318957 -0.682337 0.000000 0.000000 0.000000 0.000000 1 5.494803190e-08 5.494803190e-08
101 0.563082 -0.185165 -0.681036 0.562990 -0.318957 -0.682337 0.000000 0.000000 0.000000 0.000000 1 5.681067705e-08 5.681067705e-08
101 0.563075 -0.185735 -0.681136 0.562990 -0.318957 -0.682337 0.000000 0.000000 0.000000 0.000000 1 5.587935448e-08 5.587935448e-08
101 0.563068 -0.186303 -0.681228 0.562990 -0.318957 -0.682337 0.000000 0.000000 0.000000 0.000000 1 6.007030606e-08 6.007030606e-08
101 0.563062 -0.186868 -0.681313 0.562990 -0.318957 -0.682337 0.000000 0.000000 0.000000 0.000000 1 6.193295121e-08 6.193295121e-08
101 0.563057 -0.187430 -0.681391 0.562990 -0.318957 -0.682337 0.000000 0.000000 0.000000 0.000000 1 6.007030606e-08 6.007030606e-08
101 0.563052 -0.187989 -0.681464 0.562990 -0.318957 -0.682337 0.000000 0.000000 0.000000 0.000000 1 5.587935448e-08 5.587935448e-08
101 0.563047 -0.188546 -0.681530 0.562990 -0.318957 -0.682337 0.000000 0.000000 0.000000 0.000000 1 6.100162864e-08 6.100162864e-08
101 0.563043 -0.189100 -0.681592 0.562990 -0.318957 -0.682337 0.000000 0.000000 0.000000 0.000000 1 5.704350770e-08 5.704350770e-08
101 0.563039 -0.189651 -0.681649 0.562990 -0.318957 -0.682337 0.000000 0.000000 0.000000 0.000000 1 5.401670933e-08 5.401670933e-08
101 0.563035 -0.190199 -0.681702 0.562990 -0.318957 -0.682337 0.000000 0.000000 0.000000 0.000000 1 6.193295121e-08 6.193295121e-08
101 0.563031 -0.190745 -0.681750 0.562990 -0.318957 -0.682337 0.000000 0.000000 0.000000 0.000000 1 6.100162864e-08 6.100162864e-08
101 0.563028 -0.191288 -0.681795 0.562990 -0.318957 -0.682337 0.000000 0.000000 0.000000 0.000000 1 5.587935448e-08 5.587935448e-08
102 0.663570 -0.191832 -0.539738 0.663146 -0.321837 -0.540788 0.000000 0.000000 0.000000 0.000000 1 1.660082489e-07 1.660082489e-07
102 0.663538 -0.192369 -0.539819 0.663146 -0.321837 -0.540788 0.000000 0.000000 0.000000 0.000000 1 5.704350770e-08 5.704350770e-08
102 0.663507 -0.192904 -0.539893 0.663146 -0.321837 -0.540788 0.000000 0.000000 0.000000 0.000000 1 5.401670933e-08 5.401670933e-08
102 0.663480 -0.193436 -0.539962 0.663146 -0.321837 -0.540788 0.000000 0.000000 0.000000 0.000000 1 6.007030606e-08 6.007030606e-08
102 0.663454 -0.193966 -0.540026 0.663146 -0.321837 -0.540788 0.000000 0.000000 0.000000 0.000000 1 6.007030606e-08 6.007030606e-08
102 0.663430 -0.194493 -0.540084 0.663146 -0.321837 -0.540788 0.000000 0.000000 0.000000 0.000000 1 1.690350473e-07 1.690350473e-07
102 0.663408 -0.195017 -0.540138 0.663146 -0.321837 -0.540788 0.000000 0.000000 0.000000 0.000000 1 5.285255611e-08 5.285255611e-08
102 0.663388 -0.195539 -0.540188 0.663146 -0.321837 -0.540788 0.000000 0.000000 0.000000 0.000000 1 5.611218512e-08 5.611218512e-08
102 0.663369 -0.196058 -0.540234 0.663146 -0.321837 -0.540788 0.000000 0.000000 0.000000 0.000000 1 5.890615284e-08 5.890615284e-08
102 0.663352 -0.196574 -0.540277 0.663146 -0.321837 -0.540788 0.000000 0.000000 0.000000 0.000000 1 6.100162864e-08 6.100162864e-08
102 0.663336 -0.197088 -0.540316 0.663146 -0.321837 -0.540788 0.000000 0.000000 0.000000 0.000000 1 6.007030606e-08 6.007030606e-08
102 0.663322 -0.197599 -0.540352 0.663146 -0.321837 -0.540788 0.000000 0.000000 0.000000 0.000000 1 6.100162864e-08 6.100162864e-08
102 0.663308 -0.198108 -0.540386 0.663146 -0.321837 -0.540788 0.000000 0.000000 0.000000 0.000000 1 7.101334631e-08 7.101334631e-08
102 0.663295 -0.198615 -0.540417 0.663146 -0.321837 -0.540788 0.000000 0.000000 0.000000 0.000000 1 5.494803190e-08 5.494803190e-08
102 0.663284 -0.199118 -0.540445 0.663146 -0.321837 -0.540788 0.000000 0.000000 0.000000 0.000000 1 5.913898349e-08 5.913898349e-08
102 0.663273 -0.199620 -0.540472 0.663146 -0.321837 -0.540788 0.000000 0.000000 0.000000 0.000000 1 5.308538675e-08 5.308538675e-08
102 0.663263 -0.200118 -0.540496 0.663146 -0.321837 -0.540788 0.000000 0.000000 0.000000 0.000000 1 5.587935448e-08 5.587935448e-08
102 0.663254 -0.200615 -0.540519 0.663146 -0.321837 -0.540788 0.000000 0.000000 0.000000 0.000000 1 8.195638657e-08 8.195638657e-08
102 0.663246 -0.201109 -0.540539 0.663146 -0.321837 -0.540788 0.000000 0.000000 0.000000 0.000000 1 5.797483027e-08 5.797483027e-08
102 0.663238 -0.201600 -0.540558 0.663146 -0.321837 -0.540788 0.000000 0.000000 0.000000 0.000000 1 5.308538675e-08 5.308538675e-08
103 0.709237 -0.202089 -0.587574 0.708974 -0.343556 -0.587605 0.000000 0.000000 0.000000 0.000000 1 5.611218512e-08 5.611218512e-08
103 0.709216 -0.202575 -0.587577 0.708974 -0.343556 -0.587605 0.000000 0.000000 0.000000 0.000000 1 6.100162864e-08 6.100162864e-08
103 0.709197 -0.203059 -0.587579 0.708974 -0.343556 -0.587605 0.000000 0.000000 0.000000 0.000000 1 1.499429345e-07 1.499429345e-07
103 0.709179 -0.203541 -0.587581 0.708974 -0.343556 -0.587605 0.000000 0.000000 0.000000 0.000000 1 5.611218512e-08 5.611218512e-08
103 0.709163 -0.204020 -0.587583 0.708974 -0.343556 -0.587605 0.000000 0.000000 0.000000 0.000000 1 6.007030606e-08 6.007030606e-08
103 0.709148 -0.204497 -0.587584 0.708974 -0.343556 -0.587605 0.000000 0.000000 0.000000 0.000000 1 6.100162864e-08 6.100162864e-08
103 0.709134 -0.204972 -0.587586 0.708974 -0.343556 -0.587605 0.000000 0.000000 0.000000 0.000000 1 7.613562047e-08 7.613562047e-08
103 0.709121 -0.205444 -0.587587 0.708974 -0.343556 -0.587605 0.000000 0.000000 0.000000 0.000000 1 7.101334631e-08 7.101334631e-08
103 0.709109 -0.205914 -0.587589 0.708974 -0.343556 -0.587605 0.000000 0.000000 0.000000 0.000000 1 6.007030606e-08 6.007030606e-08
103 0.709098 -0.206381 -0.587590 0.708974 -0.343556 -0.587605 0.000000 0.000000 0.000000 0.000000 1 6.007030606e-08 6.007030606e-08
103 0.709088 -0.206847 -0.587591 0.708974 -0.343556 -0.587605 0.000000 0.000000 0.000000 0.000000 1 6.309710443e-08 6.309710443e-08
103 0.709079 -0.207309 -0.587592 0.708974 -0.343556 -0.587605 0.000000 0.000000 0.000000 0.000000 1 5.797483027e-08 5.797483027e-08
103 0.709070 -0.207770 -0.587593 0.708974 -0.343556 -0.587605 0.000000 0.000000 0.000000 0.000000 1 5.518086255e-08 5.518086255e-08
103 0.709062 -0.208228 -0.587594 0.708974 -0.343556 -0.587605 0.000000 0.000000 0.000000 0.000000 1 6.495974958e-08 6.495974958e-08
103 0.709055 -0.208684 -0.587595 0.708974 -0.343556 -0.587605 0.000000 0.000000 0.000000 0.000000 1 5.983747542e-08 5.983747542e-08
103 0.709049 -0.209138 -0.587596 0.708974 -0.343556 -0.587605 0.000000 0.000000 0.000000 0.000000 1 5.587935448e-08 5.587935448e-08
103 0.709042 -0.209590 -0.587596 0.708974 -0.343556 -0.587605 0.000000 0.000000 0.000000 0.000000 1 6.402842700e-08 6.402842700e-08
103 0.709037 -0.210039 -0.587597 0.708974 -0.343556 -0.587605 0.000000 0.000000 0.000000 0.000000 1 5.797483027e-08 5.797483027e-08
103 0.709031 -0.210486 -0.587597 0.708974 -0.343556 -0.587605 0.000000 0.000000 0.000000 0.000000 1 5.587935448e-08 5.587935448e-08
103 0.709027 -0.210931 -0.587598 0.708974 -0.343556 -0.587605 0.000000 0.000000 0.000000 0.000000 1 5.820766091e-08 5.820766091e-08
104 0.756471 -0.211371 -0.523608 0.756241 -0.349388 -0.523862 0.000000 0.000000 0.000000 0.000000 1 5.285255611e-08 5.285255611e-08
104 0.756449 -0.211812 -0.523628 0.756241 -0.349388 -0.523862 0.000000 0.000000 0.000000 0.000000 1 5.401670933e-08 5.401670933e-08
104 0.756429 -0.212250 -0.523646 0.756241 -0.349388 -0.523862 0.000000 0.000000 0.000000 0.000000 1 6.216578186e-08 6.216578186e-08
104 0.756410 -0.212686 -0.523662 0.756241 -0.349388 -0.523862 0.000000 0.000000 0.000000 0.000000 1 5.704350770e-08 5.704350770e-08
104 0.756393 -0.213120 -0.523678 0.756241 -0.349388 -0.523862 0.000000 0.000000 0.000000 0.000000 1 5.587935448e-08 5.587935448e-08
104 0.756378 -0.213552 -0.523692 0.756241 -0.349388 -0.523862 0.000000 0.000000 0.000000 0.000000 1 1.629814506e-07 1.629814506e-07
104 0.756363 -0.213982 -0.523705 0.756241 -0.349388 -0.523862 0.000000 0.000000 0.000000 0.000000 1 6.007030606e-08 6.007030606e-08
104 0.756350 -0.214410 -0.523717 0.756241 -0.349388 -0.523862 0.000000 0.000000 0.000000 0.000000 1 5.401670933e-08 5.401670933e-08
104 0.756338 -0.214835 -0.523728 0.756241 -0.349388 -0.523862 0.000000 0.000000 0.000000 0.000000 1 6.100162864e-08 6.100162864e-08
104 0.756327 -0.215258 -0.523738 0.756241 -0.349388 -0.523862 0.000000 0.000000 0.000000 0.000000 1 5.797483027e-08 5.797483027e-08
104 0.756317 -0.215679 -0.523748 0.756241 -0.349388 -0.523862 0.000000 0.000000 0.000000 0.000000 1 6.402842700e-08 6.402842700e-08
104 0.756308 -0.216099 -0.523757 0.756241 -0.349388 -0.523862 0.000000 0.000000 0.000000 0.000000 1 9.918585420e-08 9.918585420e-08
104 0.756299 -0.216516 -0.523765 0.756241 -0.349388 -0.523862 0.000000 0.000000 0.000000 0.000000 1 5.704350770e-08 5.704350770e-08
104 0.756292 -0.216930 -0.523772 0.756241 -0.349388 -0.523862 0.000000 0.000000 0.000000 0.000000 1 6.007030606e-08 6.007030606e-08
104 0.756285 -0.217343 -0.523779 0.756241 -0.349388 -0.523862 0.000000 0.000000 0.000000 0.000000 1 5.704350770e-08 5.704350770e-08
104 0.756278 -0.217754 -0.523786 0.756241 -0.349388 -0.523862 0.000000 0.000000 0.000000 0.000000 1 5.494803190e-08 5.494803190e-08
104 0.756272 -0.218163 -0.523791 0.756241 -0.349388 -0.523862 0.000000 0.000000 0.000000 0.000000 1 1.569278538e-07 1.569278538e-07
104 0.756267 -0.218570 -0.523797 0.756241 -0.349388 -0.523862 0.000000 0.000000 0.000000 0.000000 1 5.890615284e-08 5.890615284e-08
104 0.756262 -0.218974 -0.523802 0.756241 -0.349388 -0.523862 0.000000 0.000000 0.000000 0.000000 1 5.681067705e-08 5.681067705e-08
104 0.756258 -0.219377 -0.523806 0.756241 -0.349388 -0.523862 0.000000 0.000000 0.000000 0.000000 1 6.100162864e-08 6.100162864e-08
105 0.707318 -0.219792 -0.653253 0.707504 -0.384920 -0.652803 0.000000 0.000000 0.000000 0.000000 1 5.797483027e-08 5.797483027e-08
105 0.707332 -0.220190 -0.653218 0.707504 -0.384920 -0.652803 0.000000 0.000000 0.000000 0.000000 1 5.983747542e-08 5.983747542e-08
105 0.707345 -0.220587 -0.653186 0.707504 -0.384920 -0.652803 0.000000 0.000000 0.000000 0.000000 1 5.797483027e-08 5.797483027e-08
105 0.707357 -0.220981 -0.653157 0.707504 -0.384920 -0.652803 0.000000 0.000000 0.000000 0.000000 1 5.704350770e-08 5.704350770e-08
105 0.707368 -0.221374 -0.653130 0.707504 -0.384920 -0.652803 0.000000 0.000000 0.000000 0.000000 1 5.890615284e-08 5.890615284e-08
105 0.707378 -0.221765 -0.653105 0.707504 -0.384920 -0.652803 0.000000 0.000000 0.000000 0.000000 1 6.705522537e-08 6.705522537e-08
105 0.707388 -0.222153 -0.653081 0.707504 -0.384920 -0.652803 0.000000 0.000000 0.000000 0.000000 1 6.007030606e-08 6.007030606e-08
105 0.707396 -0.222540 -0.653060 0.707504 -0.384920 -0.652803 0.000000 0.000000 0.000000 0.000000 1 6.100162864e-08 6.100162864e-08
105 0.707404 -0.222925 -0.653040 0.707504 -0.384920 -0.652803 0.000000 0.000000 0.000000 0.000000 1 6.193295121e-08 6.193295121e-08
105 0.707412 -0.223308 -0.653022 0.707504 -0.384920 -0.652803 0.000000 0.000000 0.000000 0.000000 1 5.587935448e-08 5.587935448e-08
105 0.707419 -0.223689 -0.653005 0.707504 -0.384920 -0.652803 0.000000 0.000000 0.000000 0.000000 1 6.007030606e-08 6.007030606e-08
105 0.707425 -0.224068 -0.652990 0.707504 -0.384920 -0.652803 0.000000 0.000000 0.000000 0.000000 1 5.704350770e-08 5.704350770e-08
105 0.707431 -0.224446 -0.652975 0.707504 -0.384920 -0.652803 0.000000 0.000000 0.000000 0.000000 1 6.100162864e-08 6.100162864e-08
105 0.707436 -0.224821 -0.652962 0.707504 -0.384920 -0.652803 0.000000 0.000000 0.000000 0.000000 1 1.690350473e-07 1.690350473e-07
105 0.707441 -0.225195 -0.652950 0.707504 -0.384920 -0.652803 0.000000 0.000000 0.000000 0.000000 1 5.308538675e-08 5.308538675e-08
105 0.707446 -0.225566 -0.652939 0.707504 -0.384920 -0.652803 0.000000 0.000000 0.000000 0.000000 1 6.100162864e-08 6.100162864e-08
105 0.707450 -0.225936 -0.652928 0.707504 -0.384920 -0.652803 0.000000 0.000000 0.000000 0.000000 1 5.401670933e-08 5.401670933e-08
105 0.707454 -0.226304 -0.652919 0.707504 -0.384920 -0.652803 0.000000 0.000000 0.000000 0.000000 1 5.611218512e-08 5.611218512e-08
105 0.707458 -0.226670 -0.652910 0.707504 -0.384920 -0.652803 0.000000 0.000000 0.000000 0.000000 1 5.890615284e-08 5.890615284e-08
105 0.707461 -0.227035 -0.652901 0.707504 -0.384920 -0.652803 0.000000 0.000000 0.000000 0.000000 1 6.100162864e-08 6.100162864e-08
106 0.663106 -0.194533 -0.588286 0.663318 -0.350922 -0.588445 0.000000 0.000000 0.000000 0.000000 1 6.495974958e-08 6.495974958e-08
106 0.663123 -0.195057 -0.588298 0.663318 -0.350922 -0.588445 0.000000 0.000000 0.000000 0.000000 1 9.220093489e-08 9.220093489e-08
106 0.663137 -0.195579 -0.588309 0.663318 -0.350922 -0.588445 0.000000 0.000000 0.000000 0.000000 1 1.420266926e-08 1.420266926e-08
106 0.663151 -0.196098 -0.588320 0.663318 -0.350922 -0.588445 0.000000 0.000000 0.000000 0.000000 1 1.490116119e-08 1.490116119e-08
106 0.663164 -0.196614 -0.588329 0.663318 -0.350922 -0.588445 0.000000 0.000000 0.000000 0.000000 1 3.189779818e-08 3.189779818e-08
106 0.663176 -0.197128 -0.588338 0.663318 -0.350922 -0.588445 0.000000 0.000000 0.000000 0.000000 1 6.100162864e-08 6.100162864e-08
106 0.663187 -0.197639 -0.588347 0.663318 -0.350922 -0.588445 0.000000 0.000000 0.000000 0.000000 1 5.518086255e-08 5.518086255e-08
106 0.663197 -0.198147 -0.588354 0.663318 -0.350922 -0.588445 0.000000 0.000000 0.000000 0.000000 1 5.797483027e-08 5.797483027e-08
106 0.663206 -0.198654 -0.588361 0.663318 -0.350922 -0.588445 0.000000 0.000000 0.000000 0.000000 1 8.195638657e-08 8.195638657e-08
106 0.663214 -0.199157 -0.588368 0.663318 -0.350922 -0.588445 0.000000 0.000000 0.000000 0.000000 1 5.681067705e-08 5.681067705e-08
106 0.663222 -0.199658 -0.588374 0.663318 -0.350922 -0.588445 0.000000 0.000000 0.000000 0.000000 1 1.550652087e-07 1.550652087e-07
106 0.663230 -0.200157 -0.588379 0.663318 -0.350922 -0.588445 0.000000 0.000000 0.000000 0.000000 1 5.611218512e-08 5.611218512e-08
106 0.663236 -0.200653 -0.588384 0.663318 -0.350922 -0.588445 0.000000 0.000000 0.000000 0.000000 1 6.100162864e-08 6.100162864e-08
106 0.663242 -0.201147 -0.588389 0.663318 -0.350922 -0.588445 0.000000 0.000000 0.000000 0.000000 1 5.890615284e-08 5.890615284e-08
106 0.663248 -0.201638 -0.588393 0.663318 -0.350922 -0.588445 0.000000 0.000000 0.000000 0.000000 1 8.195638657e-08 8.195638657e-08
106 0.663253 -0.202127 -0.588397 0.663318 -0.350922 -0.588445 0.000000 0.000000 0.000000 0.000000 1 8.707866073e-08 8.707866073e-08
106 0.663258 -0.202613 -0.588401 0.663318 -0.350922 -0.588445 0.000000 0.000000 0.000000 0.000000 1 6.216578186e-08 6.216578186e-08
106 0.663263 -0.203097 -0.588404 0.663318 -0.350922 -0.588445 0.000000 0.000000 0.000000 0.000000 1 9.313225746e-08 9.313225746e-08
106 0.663267 -0.203578 -0.588407 0.663318 -0.350922 -0.588445 0.000000 0.000000 0.000000 0.000000 1 7.799826562e-08 7.799826562e-08
106 0.663271 -0.204057 -0.588410 0.663318 -0.350922 -0.588445 0.000000 0.000000 0.000000 0.000000 1 7.497146726e-08 7.497146726e-08
107 0.600162 -0.204535 -0.628732 0.600450 -0.363920 -0.628608 0.000000 0.000000 0.000000 0.000000 1 7.799826562e-08 7.799826562e-08
107 0.600184 -0.205009 -0.628722 0.600450 -0.363920 -0.628608 0.000000 0.000000 0.000000 0.000000 1 5.704350770e-08 5.704350770e-08
107 0.600204 -0.205481 -0.628714 0.600450 -0.363920 -0.628608 0.000000 0.000000 0.000000 0.000000 1 8.102506399e-08 8.102506399e-08
107 0.600223 -0.205951 -0.628705 0.600450 -0.363920 -0.628608 0.000000 0.000000 0.000000 0.000000 1 6.007030606e-08 6.007030606e-08
107 0.600241 -0.206418 -0.628698 0.600450 -0.363920 -0.628608 0.000000 0.000000 0.000000 0.000000 1 5.890615284e-08 5.890615284e-08
107 0.600257 -0.206883 -0.628691 0.600450 -0.363920 -0.628608 0.000000 0.000000 0.000000 0.000000 1 6.007030606e-08 6.007030606e-08
107 0.600272 -0.207346 -0.628685 0.600450 -0.363920 -0.628608 0.000000 0.000000 0.000000 0.000000 1 5.494803190e-08 5.494803190e-08
107 0.600285 -0.207806 -0.628679 0.600450 -0.363920 -0.628608 0.000000 0.000000 0.000000 0.000000 1 1.690350473e-07 1.690350473e-07
107 0.600298 -0.208264 -0.628673 0.600450 -0.363920 -0.628608 0.000000 0.000000 0.000000 0.000000 1 6.100162864e-08 6.100162864e-08
107 0.600310 -0.208720 -0.628668 0.600450 -0.363920 -0.628608 0.000000 0.000000 0.000000 0.000000 1 6.193295121e-08 6.193295121e-08
107 0.600320 -0.209173 -0.628664 0.600450 -0.363920 -0.628608 0.000000 0.000000 0.000000 0.000000 1 5.890615284e-08 5.890615284e-08
107 0.600330 -0.209625 -0.628659 0.600450 -0.363920 -0.628608 0.000000 0.000000 0.000000 0.000000 1 5.890615284e-08 5.890615284e-08
107 0.600340 -0.210074 -0.628655 0.600450 -0.363920 -0.628608 0.000000 0.000000 0.000000 0.000000 1 5.797483027e-08 5.797483027e-08
107 0.600348 -0.210521 -0.628652 0.600450 -0.363920 -0.628608 0.000000 0.000000 0.000000 0.000000 1 6.100162864e-08 6.100162864e-08
107 0.600356 -0.210965 -0.628648 0.600450 -0.363920 -0.628608 0.000000 0.000000 0.000000 0.000000 1 6.007030606e-08 6.007030606e-08
107 0.600363 -0.211408 -0.628645 0.600450 -0.363920 -0.628608 0.000000 0.000000 0.000000 0.000000 1 5.890615284e-08 5.890615284e-08
107 0.600370 -0.211848 -0.628642 0.600450 -0.363920 -0.628608 0.000000 0.000000 0.000000 0.000000 1 6.100162864e-08 6.100162864e-08
107 0.600376 -0.212286 -0.628640 0.600450 -0.363920 -0.628608 0.000000 0.000000 0.000000 0.000000 1 5.704350770e-08 5.704350770e-08
107 0.600382 -0.212722 -0.628637 0.600450 -0.363920 -0.628608 0.000000 0.000000 0.000000 0.000000 1 5.587935448e-08 5.587935448e-08
107 0.600387 -0.213155 -0.628635 0.600450 -0.363920 -0.628608 0.000000 0.000000 0.000000 0.000000 1 5.797483027e-08 5.797483027e-08
108 0.613978 -0.213206 -0.573689 0.613983 -0.362388 -0.573876 0.000000 0.000000 0.000000 0.000000 1 6.216578186e-08 6.216578186e-08
108 0.613978 -0.213637 -0.573703 0.613983 -0.362388 -0.573876 0.000000 0.000000 0.000000 0.000000 1 5.913898349e-08 5.913898349e-08
108 0.613979 -0.214066 -0.573716 0.613983 -0.362388 -0.573876 0.000000 0.000000 0.000000 0.000000 1 5.797483027e-08 5.797483027e-08
108 0.613979 -0.214493 -0.573729 0.613983 -0.362388 -0.573876 0.000000 0.000000 0.000000 0.000000 1 6.193295121e-08 6.193295121e-08
108 0.613979 -0.214918 -0.573740 0.613983 -0.362388 -0.573876 0.000000 0.000000 0.000000 0.000000 1 1.690350473e-07 1.690350473e-07
108 0.613980 -0.215341 -0.573750 0.613983 -0.362388 -0.573876 0.000000 0.000000 0.000000 0.000000 1 5.797483027e-08 5.797483027e-08
108 0.613980 -0.215761 -0.573760 0.613983 -0.362388 -0.573876 0.000000 0.000000 0.000000 0.000000 1 1.080334187e-07 1.080334187e-07
108 0.613980 -0.216180 -0.573769 0.613983 -0.362388 -0.573876 0.000000 0.000000 0.000000 0.000000 1 5.797483027e-08 5.797483027e-08
108 0.613981 -0.216596 -0.573777 0.613983 -0.362388 -0.573876 0.000000 0.000000 0.000000 0.000000 1 6.007030606e-08 6.007030606e-08
108 0.613981 -0.217011 -0.573785 0.613983 -0.362388 -0.573876 0.000000 0.000000 0.000000 0.000000 1 5.797483027e-08 5.797483027e-08
108 0.613981 -0.217423 -0.573792 0.613983 -0.362388 -0.573876 0.000000 0.000000 0.000000 0.000000 1 6.007030606e-08 6.007030606e-08
108 0.613981 -0.217833 -0.573798 0.613983 -0.362388 -0.573876 0.000000 0.000000 0.000000 0.000000 1 5.913898349e-08 5.913898349e-08
108 0.613981 -0.218242 -0.573804 0.613983 -0.362388 -0.573876 0.000000 0.000000 0.000000 0.000000 1 5.611218512e-08 5.611218512e-08
108 0.613981 -0.218648 -0.573810 0.613983 -0.362388 -0.573876 0.000000 0.000000 0.000000 0.000000 1 6.100162864e-08 6.100162864e-08
108 0.613982 -0.219052 -0.573815 0.613983 -0.362388 -0.573876 0.000000 0.000000 0.000000 0.000000 1 6.007030606e-08 6.007030606e-08
108 0.613982 -0.219454 -0.573820 0.613983 -0.362388 -0.573876 0.000000 0.000000 0.000000 0.000000 1 1.119915396e-07 1.119915396e-07
108 0.613982 -0.219855 -0.573824 0.613983 -0.362388 -0.573876 0.000000 0.000000 0.000000 0.000000 1 1.869630069e-07 1.869630069e-07
108 0.613982 -0.220253 -0.573828 0.613983 -0.362388 -0.573876 0.000000 0.000000 0.000000 0.000000 1 5.704350770e-08 5.704350770e-08
108 0.613982 -0.220649 -0.573832 0.613983 -0.362388 -0.573876 0.000000 0.000000 0.000000 0.000000 1 6.100162864e-08 6.100162864e-08
108 0.613982 -0.221043 -0.573835 0.613983 -0.362388 -0.573876 0.000000 0.000000 0.000000 0.000000 1 6.007030606e-08 6.007030606e-08
109 0.597490 -0.221436 -0.647523 0.597555 -0.393104 -0.647276 0.000000 0.000000 0.000000 0.000000 1 5.401670933e-08 5.401670933e-08
109 0.597495 -0.221826 -0.647504 0.597555 -0.393104 -0.647276 0.000000 0.000000 0.000000 0.000000 1 1.911539584e-07 1.911539584e-07
109 0.597499 -0.222215 -0.647487 0.597555 -0.393104 -0.647276 0.000000 0.000000 0.000000 0.000000 1 6.286427379e-08 6.286427379e-08
109 0.597504 -0.222601 -0.647471 0.597555 -0.393104 -0.647276 0.000000 0.000000 0.000000 0.000000 1 5.797483027e-08 5.797483027e-08
109 0.597507 -0.222986 -0.647456 0.597555 -0.393104 -0.647276 0.000000 0.000000 0.000000 0.000000 1 5.681067705e-08 5.681067705e-08
109 0.597511 -0.223368 -0.647442 0.597555 -0.393104 -0.647276 0.000000 0.000000 0.000000 0.000000 1 5.797483027e-08 5.797483027e-08
109 0.597514 -0.223749 -0.647429 0.597555 -0.393104 -0.647276 0.000000 0.000000 0.000000 0.000000 1 5.913898349e-08 5.913898349e-08
109 0.597518 -0.224128 -0.647417 0.597555 -0.393104 -0.647276 0.000000 0.000000 0.000000 0.000000 1 5.378387868e-08 5.378387868e-08
109 0.597520 -0.224505 -0.647407 0.597555 -0.393104 -0.647276 0.000000 0.000000 0.000000 0.000000 1 5.704350770e-08 5.704350770e-08
109 0.597523 -0.224880 -0.647396 0.597555 -0.393104 -0.647276 0.000000 0.000000 0.000000 0.000000 1 5.308538675e-08 5.308538675e-08
109 0.597525 -0.225253 -0.647387 0.597555 -0.393104 -0.647276 0.000000 0.000000 0.000000 0.000000 1 6.007030606e-08 6.007030606e-08
109 0.597528 -0.225625 -0.647379 0.597555 -0.393104 -0.647276 0.000000 0.000000 0.000000 0.000000 1 6.007030606e-08 6.007030606e-08
109 0.597530 -0.225994 -0.647371 0.597555 -0.393104 -0.647276 0.000000 0.000000 0.000000 0.000000 1 5.704350770e-08 5.704350770e-08
109 0.597532 -0.226362 -0.647364 0.597555 -0.393104 -0.647276 0.000000 0.000000 0.000000 0.000000 1 5.611218512e-08 5.611218512e-08
109 0.597533 -0.226728 -0.647357 0.597555 -0.393104 -0.647276 0.000000 0.000000 0.000000 0.000000 1 5.890615284e-08 5.890615284e-08
109 0.597535 -0.227092 -0.647351 0.597555 -0.393104 -0.647276 0.000000 0.000000 0.000000 0.000000 1 5.611218512e-08 5.611218512e-08
109 0.597537 -0.227454 -0.647345 0.597555 -0.393104 -0.647276 0.000000 0.000000 0.000000 0.000000 1 5.518086255e-08 5.518086255e-08
109 0.597538 -0.227815 -0.647340 0.597555 -0.393104 -0.647276 0.000000 0.000000 0.000000 0.000000 1 5.308538675e-08 5.308538675e-08
109 0.597539 -0.228174 -0.647335 0.597555 -0.393104 -0.647276 0.000000 0.000000 0.000000 0.000000 1 1.720618457e-07 1.720618457e-07
109 0.597540 -0.228530 -0.647330 0.597555 -0.393104 -0.647276 0.000000 0.000000 0.000000 0.000000 1 5.890615284e-08 5.890615284e-08
110 0.641484 -0.225493 -0.384834 0.641327 -0.388451 -0.385799 0.000000 0.000000 0.000000 0.000000 1 6.309710443e-08 6.309710443e-08
110 0.641472 -0.225864 -0.384908 0.641327 -0.388451 -0.385799 0.000000 0.000000 0.000000 0.000000 1 6.100162864e-08 6.100162864e-08
110 0.641461 -0.226232 -0.384976 0.641327 -0.388451 -0.385799 0.000000 0.000000 0.000000 0.000000 1 5.797483027e-08 5.797483027e-08
110 0.641451 -0.226599 -0.385040 0.641327 -0.388451 -0.385799 0.000000 0.000000 0.000000 0.000000 1 5.308538675e-08 5.308538675e-08
110 0.641441 -0.226963 -0.385098 0.641327 -0.388451 -0.385799 0.000000 0.000000 0.000000 0.000000 1 6.495974958e-08 6.495974958e-08
110 0.641433 -0.227326 -0.385152 0.641327 -0.388451 -0.385799 0.000000 0.000000 0.000000 0.000000 1 6.100162864e-08 6.100162864e-08
110 0.641424 -0.227687 -0.385202 0.641327 -0.388451 -0.385799 0.000000 0.000000 0.000000 0.000000 1 5.704350770e-08 5.704350770e-08
110 0.641417 -0.228047 -0.385248 0.641327 -0.388451 -0.385799 0.000000 0.000000 0.000000 0.000000 1 5.704350770e-08 5.704350770e-08
110 0.641410 -0.228404 -0.385290 0.641327 -0.388451 -0.385799 0.000000 0.000000 0.000000 0.000000 1 5.611218512e-08 5.611218512e-08
110 0.641404 -0.228760 -0.385329 0.641327 -0.388451 -0.385799 0.000000 0.000000 0.000000 0.000000 1 5.983747542e-08 5.983747542e-08
110 0.641398 -0.229114 -0.385365 0.641327 -0.388451 -0.385799 0.000000 0.000000 0.000000 0.000000 1 1.639127731e-07 1.639127731e-07
110 0.641392 -0.229466 -0.385399 0.641327 -0.388451 -0.385799 0.000000 0.000000 0.000000 0.000000 1 8.195638657e-08 8.195638657e-08
110 0.641387 -0.229817 -0.385430 0.641327 -0.388451 -0.385799 0.000000 0.000000 0.000000 0.000000 1 5.611218512e-08 5.611218512e-08
110 0.641383 -0.230165 -0.385458 0.641327 -0.388451 -0.385799 0.000000 0.000000 0.000000 0.000000 1 5.611218512e-08 5.611218512e-08
110 0.641378 -0.230512 -0.385484 0.641327 -0.388451 -0.385799 0.000000 0.000000 0.000000 0.000000 1 6.193295121e-08 6.193295121e-08
110 0.641375 -0.230858 -0.385508 0.641327 -0.388451 -0.385799 0.000000 0.000000 0.000000 0.000000 1 1.711305231e-07 1.711305231e-07
110 0.641371 -0.231201 -0.385531 0.641327 -0.388451 -0.385799 0.000000 0.000000 0.000000 0.000000 1 5.820766091e-08 5.820766091e-08
110 0.641368 -0.231543 -0.385552 0.641327 -0.388451 -0.385799 0.000000 0.000000 0.000000 0.000000 1 5.797483027e-08 5.797483027e-08
110 0.641364 -0.231883 -0.385571 0.641327 -0.388451 -0.385799 0.000000 0.000000 0.000000 0.000000 1 5.587935448e-08 5.587935448e-08
110 0.641362 -0.232222 -0.385588 0.641327 -0.388451 -0.385799 0.000000 0.000000 0.000000 0.000000 1 5.890615284e-08 5.890615284e-08
111 0.644318 -0.232558 -0.601334 0.644275 -0.416276 -0.600694 0.000000 0.000000 0.000000 0.000000 1 6.007030606e-08 6.007030606e-08
111 0.644315 -0.232894 -0.601285 0.644275 -0.416276 -0.600694 0.000000 0.000000 0.000000 0.000000 1 5.797483027e-08 5.797483027e-08
111 0.644312 -0.233227 -0.601239 0.644275 -0.416276 -0.600694 0.000000 0.000000 0.000000 0.000000 1 5.797483027e-08 5.797483027e-08
111 0.644309 -0.233559 -0.601197 0.644275 -0.416276 -0.600694 0.000000 0.000000 0.000000 0.000000 1 5.704350770e-08 5.704350770e-08
111 0.644307 -0.233889 -0.601159 0.644275 -0.416276 -0.600694 0.000000 0.000000 0.000000 0.000000 1 6.100162864e-08 6.100162864e-08
111 0.644304 -0.234217 -0.601123 0.644275 -0.416276 -0.600694 0.000000 0.000000 0.000000 0.000000 1 5.797483027e-08 5.797483027e-08
111 0.644302 -0.234544 -0.601090 0.644275 -0.416276 -0.600694 0.000000 0.000000 0.000000 0.000000 1 5.797483027e-08 5.797483027e-08
111 0.644300 -0.234870 -0.601059 0.644275 -0.416276 -0.600694 0.000000 0.000000 0.000000 0.000000 1 8.987262845e-08 8.987262845e-08
111 0.644298 -0.235193 -0.601031 0.644275 -0.416276 -0.600694 0.000000 0.000000 0.000000 0.000000 1 6.007030606e-08 6.007030606e-08
111 0.644296 -0.235515 -0.601005 0.644275 -0.416276 -0.600694 0.000000 0.000000 0.000000 0.000000 1 5.797483027e-08 5.797483027e-08
111 0.644295 -0.235836 -0.600981 0.644275 -0.416276 -0.600694 0.000000 0.000000 0.000000 0.000000 1 6.007030606e-08 6.007030606e-08
111 0.644293 -0.236154 -0.600959 0.644275 -0.416276 -0.600694 0.000000 0.000000 0.000000 0.000000 1 6.100162864e-08 6.100162864e-08
111 0.644292 -0.236472 -0.600939 0.644275 -0.416276 -0.600694 0.000000 0.000000 0.000000 0.000000 1 1.678708941e-07 1.678708941e-07
111 0.644290 -0.236787 -0.600920 0.644275 -0.416276 -0.600694 0.000000 0.000000 0.000000 0.000000 1 6.100162864e-08 6.100162864e-08
111 0.644289 -0.237101 -0.600903 0.644275 -0.416276 -0.600694 0.000000 0.000000 0.000000 0.000000 1 5.913898349e-08 5.913898349e-08
111 0.644288 -0.237414 -0.600887 0.644275 -0.416276 -0.600694 0.000000 0.000000 0.000000 0.000000 1 1.513399184e-08 1.513399184e-08
111 0.644287 -0.237725 -0.600872 0.644275 -0.416276 -0.600694 0.000000 0.000000 0.000000 0.000000 1 9.499490261e-08 9.499490261e-08
111 0.644286 -0.238034 -0.600858 0.644275 -0.416276 -0.600694 0.000000 0.000000 0.000000 0.000000 1 6.519258022e-08 6.519258022e-08
111 0.644285 -0.238342 -0.600846 0.644275 -0.416276 -0.600694 0.000000 0.000000 0.000000 0.000000 1 6.100162864e-08 6.100162864e-08
111 0.644285 -0.238649 -0.600834 0.644275 -0.416276 -0.600694 0.000000 0.000000 0.000000 0.000000 1 5.983747542e-08 5.983747542e-08
112 0.688358 -0.238515 -0.551312 0.688179 -0.414461 -0.551375 0.000000 0.000000 0.000000 0.000000 1 6.007030606e-08 6.007030606e-08
112 0.688344 -0.238820 -0.551317 0.688179 -0.414461 -0.551375 0.000000 0.000000 0.000000 0.000000 1 5.704350770e-08 5.704350770e-08
112 0.688331 -0.239124 -0.551321 0.688179 -0.414461 -0.551375 0.000000 0.000000 0.000000 0.000000 1 6.100162864e-08 6.100162864e-08
112 0.688320 -0.239427 -0.551325 0.688179 -0.414461 -0.551375 0.000000 0.000000 0.000000 0.000000 1 5.704350770e-08 5.704350770e-08
112 0.688309 -0.239727 -0.551329 0.688179 -0.414461 -0.551375 0.000000 0.000000 0.000000 0.000000 1 8.218921721e-08 8.218921721e-08
112 0.688299 -0.240027 -0.551333 0.688179 -0.414461 -0.551375 0.000000 0.000000 0.000000 0.000000 1 6.100162864e-08 6.100162864e-08
112 0.688289 -0.240325 -0.551336 0.688179 -0.414461 -0.551375 0.000000 0.000000 0.000000 0.000000 1 5.797483027e-08 5.797483027e-08
112 0.688281 -0.240622 -0.551339 0.688179 -0.414461 -0.551375 0.000000 0.000000 0.000000 0.000000 1 6.007030606e-08 6.007030606e-08
112 0.688273 -0.240917 -0.551342 0.688179 -0.414461 -0.551375 0.000000 0.000000 0.000000 0.000000 1 5.611218512e-08 5.611218512e-08
112 0.688266 -0.241210 -0.551344 0.688179 -0.414461 -0.551375 0.000000 0.000000 0.000000 0.000000 1 1.690350473e-07 1.690350473e-07
112 0.688259 -0.241502 -0.551346 0.688179 -0.414461 -0.551375 0.000000 0.000000 0.000000 0.000000 1 5.401670933e-08 5.401670933e-08
112 0.688253 -0.241793 -0.551349 0.688179 -0.414461 -0.551375 0.000000 0.000000 0.000000 0.000000 1 5.797483027e-08 5.797483027e-08
112 0.688247 -0.242082 -0.551351 0.688179 -0.414461 -0.551375 0.000000 0.000000 0.000000 0.000000 1 5.797483027e-08 5.797483027e-08
112 0.688242 -0.242370 -0.551352 0.688179 -0.414461 -0.551375 0.000000 0.000000 0.000000 0.000000 1 6.100162864e-08 6.100162864e-08
112 0.688237 -0.242656 -0.551354 0.688179 -0.414461 -0.551375 0.000000 0.000000 0.000000 0.000000 1 5.704350770e-08 5.704350770e-08
112 0.688232 -0.242941 -0.551356 0.688179 -0.414461 -0.551375 0.000000 0.000000 0.000000 0.000000 1 5.611218512e-08 5.611218512e-08
112 0.688228 -0.243225 -0.551357 0.688179 -0.414461 -0.551375 0.000000 0.000000 0.000000 0.000000 1 5.983747542e-08 5.983747542e-08
112 0.688224 -0.243507 -0.551359 0.688179 -0.414461 -0.551375 0.000000 0.000000 0.000000 0.000000 1 6.193295121e-08 6.193295121e-08
112 0.688221 -0.243788 -0.551360 0.688179 -0.414461 -0.551375 0.000000 0.000000 0.000000 0.000000 1 7.799826562e-08 7.799826562e-08
112 0.688218 -0.244067 -0.551361 0.688179 -0.414461 -0.551375 0.000000 0.000000 0.000000 0.000000 1 5.611218512e-08 5.611218512e-08
113 0.647375 -0.244345 -0.691273 0.647497 -0.454616 -0.690744 0.000000 0.000000 0.000000 0.000000 1 5.611218512e-08 5.611218512e-08
113 0.647384 -0.244621 -0.691232 0.647497 -0.454616 -0.690744 0.000000 0.000000 0.000000 0.000000 1 6.007030606e-08 6.007030606e-08
113 0.647393 -0.244897 -0.691195 0.647497 -0.454616 -0.690744 0.000000 0.000000 0.000000 0.000000 1 6.100162864e-08 6.100162864e-08
113 0.647401 -0.245170 -0.691160 0.647497 -0.454616 -0.690744 0.000000 0.000000 0.000000 0.000000 1 5.494803190e-08 5.494803190e-08
113 0.647409 -0.245443 -0.691128 0.647497 -0.454616 -0.690744 0.000000 0.000000 0.000000 0.000000 1 5.797483027e-08 5.797483027e-08
113 0.647415 -0.245714 -0.691098 0.647497 -0.454616 -0.690744 0.000000 0.000000 0.000000 0.000000 1 8.777715266e-08 8.777715266e-08
113 0.647422 -0.245984 -0.691071 0.647497 -0.454616 -0.690744 0.000000 0.000000 0.000000 0.000000 1 1.478474587e-07 1.478474587e-07
113 0.647428 -0.246252 -0.691046 0.647497 -0.454616 -0.690744 0.000000 0.000000 0.000000 0.000000 1 5.797483027e-08 5.797483027e-08
113 0.647433 -0.246519 -0.691023 0.647497 -0.454616 -0.690744 0.000000 0.000000 0.000000 0.000000 1 5.494803190e-08 5.494803190e-08
113 0.647438 -0.246785 -0.691001 0.647497 -0.454616 -0.690744 0.000000 0.000000 0.000000 0.000000 1 6.007030606e-08 6.007030606e-08
113 0.647442 -0.247049 -0.690981 0.647497 -0.454616 -0.690744 0.000000 0.000000 0.000000 0.000000 1 6.193295121e-08 6.193295121e-08
113 0.647447 -0.247312 -0.690963 0.647497 -0.454616 -0.690744 0.000000 0.000000 0.000000 0.000000 1 5.587935448e-08 5.587935448e-08
113 0.647451 -0.247574 -0.690946 0.647497 -0.454616 -0.690744 0.000000 0.000000 0.000000 0.000000 1 5.401670933e-08 5.401670933e-08
113 0.647454 -0.247835 -0.690931 0.647497 -0.454616 -0.690744 0.000000 0.000000 0.000000 0.000000 1 6.798654795e-08 6.798654795e-08
113 0.647457 -0.248094 -0.690916 0.647497 -0.454616 -0.690744 0.000000 0.000000 0.000000 0.000000 1 6.309710443e-08 6.309710443e-08
113 0.647461 -0.248352 -0.690903 0.647497 -0.454616 -0.690744 0.000000 0.000000 0.000000 0.000000 1 5.704350770e-08 5.704350770e-08
113 0.647463 -0.248609 -0.690891 0.647497 -0.454616 -0.690744 0.000000 0.000000 0.000000 0.000000 1 5.890615284e-08 5.890615284e-08
113 0.647466 -0.248864 -0.690880 0.647497 -0.454616 -0.690744 0.000000 0.000000 0.000000 0.000000 1 6.100162864e-08 6.100162864e-08
113 0.647468 -0.249118 -0.690869 0.647497 -0.454616 -0.690744 0.000000 0.000000 0.000000 0.000000 1 5.890615284e-08 5.890615284e-08
113 0.647471 -0.249371 -0.690859 0.647497 -0.454616 -0.690744 0.000000 0.000000 0.000000 0.000000 1 5.494803190e-08 5.494803190e-08
114 0.674536 -0.213312 -0.613333 0.674456 -0.416792 -0.613527 0.000000 0.000000 0.000000 0.000000 1 5.913898349e-08 5.913898349e-08
114 0.674529 -0.213742 -0.613348 0.674456 -0.416792 -0.613527 0.000000 0.000000 0.000000 0.000000 1 9.010545909e-08 9.010545909e-08
114 0.674524 -0.214171 -0.613362 0.674456 -0.416792 -0.613527 0.000000 0.000000 0.000000 0.000000 1 5.820766091e-08 5.820766091e-08
114 0.674518 -0.214597 -0.613375 0.674456 -0.416792 -0.613527 0.000000 0.000000 0.000000 0.000000 1 1.851003617e-07 1.851003617e-07
114 0.674514 -0.215022 -0.613386 0.674456 -0.416792 -0.613527 0.000000 0.000000 0.000000 0.000000 1 6.100162864e-08 6.100162864e-08
114 0.674509 -0.215444 -0.613397 0.674456 -0.416792 -0.613527 0.000000 0.000000 0.000000 0.000000 1 6.007030606e-08 6.007030606e-08
114 0.674505 -0.215864 -0.613407 0.674456 -0.416792 -0.613527 0.000000 0.000000 0.000000 0.000000 1 5.890615284e-08 5.890615284e-08
114 0.674501 -0.216282 -0.613416 0.674456 -0.416792 -0.613527 0.000000 0.000000 0.000000 0.000000 1 6.100162864e-08 6.100162864e-08
114 0.674497 -0.216698 -0.613425 0.674456 -0.416792 -0.613527 0.000000 0.000000 0.000000 0.000000 1 6.007030606e-08 6.007030606e-08
114 0.674494 -0.217112 -0.613433 0.674456 -0.416792 -0.613527 0.000000 0.000000 0.000000 0.000000 1 1.606531441e-08 1.606531441e-08
114 0.674491 -0.217524 -0.613440 0.674456 -0.416792 -0.613527 0.000000 0.000000 0.000000 0.000000 1 3.003515303e-08 3.003515303e-08
114 0.674488 -0.217934 -0.613447 0.674456 -0.416792 -0.613527 0.000000 0.000000 0.000000 0.000000 1 3.399327397e-08 3.399327397e-08
114 0.674486 -0.218342 -0.613453 0.674456 -0.416792 -0.613527 0.000000 0.000000 0.000000 0.000000 1 5.913898349e-08 5.913898349e-08
114 0.674483 -0.218747 -0.613459 0.674456 -0.416792 -0.613527 0.000000 0.000000 0.000000 0.000000 1 6.007030606e-08 6.007030606e-08
114 0.674481 -0.219151 -0.613464 0.674456 -0.416792 -0.613527 0.000000 0.000000 0.000000 0.000000 1 6.100162864e-08 6.100162864e-08
114 0.674479 -0.219553 -0.613469 0.674456 -0.416792 -0.613527 0.000000 0.000000 0.000000 0.000000 1 1.359730959e-07 1.359730959e-07
114 0.674477 -0.219953 -0.613473 0.674456 -0.416792 -0.613527 0.000000 0.000000 0.000000 0.000000 1 8.917413652e-08 8.917413652e-08
114 0.674476 -0.220350 -0.613477 0.674456 -0.416792 -0.613527 0.000000 0.000000 0.000000 0.000000 1 3.189779818e-08 3.189779818e-08
114 0.674474 -0.220746 -0.613481 0.674456 -0.416792 -0.613527 0.000000 0.000000 0.000000 0.000000 1 3.492459655e-08 3.492459655e-08
114 0.674473 -0.221140 -0.613485 0.674456 -0.416792 -0.613527 0.000000 0.000000 0.000000 0.000000 1 8.381903172e-08 8.381903172e-08
115 0.659728 -0.217277 -0.610012 0.659770 -0.411036 -0.610065 0.000000 0.000000 0.000000 0.000000 1 1.350417733e-07 1.350417733e-07
115 0.659731 -0.217688 -0.610016 0.659770 -0.411036 -0.610065 0.000000 0.000000 0.000000 0.000000 1 6.100162864e-08 6.100162864e-08
115 0.659734 -0.218097 -0.610020 0.659770 -0.411036 -0.610065 0.000000 0.000000 0.000000 0.000000 1 3.911554813e-08 3.911554813e-08
115 0.659737 -0.218504 -0.610023 0.659770 -0.411036 -0.610065 0.000000 0.000000 0.000000 0.000000 1 3.189779818e-08 3.189779818e-08
115 0.659739 -0.218908 -0.610026 0.659770 -0.411036 -0.610065 0.000000 0.000000 0.000000 0.000000 1 9.592622519e-08 9.592622519e-08
115 0.659742 -0.219311 -0.610029 0.659770 -0.411036 -0.610065 0.000000 0.000000 0.000000 0.000000 1 9.499490261e-08 9.499490261e-08
115 0.659744 -0.219712 -0.610032 0.659770 -0.411036 -0.610065 0.000000 0.000000 0.000000 0.000000 1 3.981404006e-08 3.981404006e-08
115 0.659746 -0.220111 -0.610035 0.659770 -0.411036 -0.610065 0.000000 0.000000 0.000000 0.000000 1 5.192123353e-08 5.192123353e-08
115 0.659747 -0.220508 -0.610037 0.659770 -0.411036 -0.610065 0.000000 0.000000 0.000000 0.000000 1 5.797483027e-08 5.797483027e-08
115 0.659749 -0.220903 -0.610039 0.659770 -0.411036 -0.610065 0.000000 0.000000 0.000000 0.000000 1 5.494803190e-08 5.494803190e-08
115 0.659751 -0.221296 -0.610041 0.659770 -0.411036 -0.610065 0.000000 0.000000 0.000000 0.000000 1 6.100162864e-08 6.100162864e-08
115 0.659752 -0.221687 -0.610043 0.659770 -0.411036 -0.610065 0.000000 0.000000 0.000000 0.000000 1 5.401670933e-08 5.401670933e-08
115 0.659753 -0.222076 -0.610044 0.659770 -0.411036 -0.610065 0.000000 0.000000 0.000000 0.000000 1 5.587935448e-08 5.587935448e-08
115 0.659755 -0.222464 -0.610046 0.659770 -0.411036 -0.610065 0.000000 0.000000 0.000000 0.000000 1 5.494803190e-08 5.494803190e-08
115 0.659756 -0.222849 -0.610047 0.659770 -0.411036 -0.610065 0.000000 0.000000 0.000000 0.000000 1 5.797483027e-08 5.797483027e-08
115 0.659757 -0.223232 -0.610049 0.659770 -0.411036 -0.610065 0.000000 0.000000 0.000000 0.000000 1 5.704350770e-08 5.704350770e-08
115 0.659758 -0.223614 -0.610050 0.659770 -0.411036 -0.610065 0.000000 0.000000 0.000000 0.000000 1 5.401670933e-08 5.401670933e-08
115 0.659759 -0.223993 -0.610051 0.659770 -0.411036 -0.610065 0.000000 0.000000 0.000000 0.000000 1 5.797483027e-08 5.797483027e-08
115 0.659759 -0.224371 -0.610052 0.659770 -0.411036 -0.610065 0.000000 0.000000 0.000000 0.000000 1 5.890615284e-08 5.890615284e-08
115 0.659760 -0.224747 -0.610053 0.659770 -0.411036 -0.610065 0.000000 0.000000 0.000000 0.000000 1 9.709037840e-08 9.709037840e-08
116 0.695001 -0.190663 -0.470973 0.694873 -0.375224 -0.471522 0.000000 0.000000 0.000000 0.000000 1 5.611218512e-08 5.611218512e-08
116 0.694990 -0.191207 -0.471016 0.694873 -0.375224 -0.471522 0.000000 0.000000 0.000000 0.000000 1 5.704350770e-08 5.704350770e-08
116 0.694981 -0.191747 -0.471054 0.694873 -0.375224 -0.471522 0.000000 0.000000 0.000000 0.000000 1 5.704350770e-08 5.704350770e-08
116 0.694972 -0.192285 -0.471090 0.694873 -0.375224 -0.471522 0.000000 0.000000 0.000000 0.000000 1 5.611218512e-08 5.611218512e-08
116 0.694963 -0.192820 -0.471124 0.694873 -0.375224 -0.471522 0.000000 0.000000 0.000000 0.000000 1 5.611218512e-08 5.611218512e-08
116 0.694956 -0.193353 -0.471154 0.694873 -0.375224 -0.471522 0.000000 0.000000 0.000000 0.000000 1 5.611218512e-08 5.611218512e-08
116 0.694949 -0.193883 -0.471183 0.694873 -0.375224 -0.471522 0.000000 0.000000 0.000000 0.000000 1 6.100162864e-08 6.100162864e-08
116 0.694942 -0.194410 -0.471209 0.694873 -0.375224 -0.471522 0.000000 0.000000 0.000000 0.000000 1 5.681067705e-08 5.681067705e-08
116 0.694936 -0.194935 -0.471233 0.694873 -0.375224 -0.471522 0.000000 0.000000 0.000000 0.000000 1 7.101334631e-08 7.101334631e-08
116 0.694931 -0.195457 -0.471255 0.694873 -0.375224 -0.471522 0.000000 0.000000 0.000000 0.000000 1 8.195638657e-08 8.195638657e-08
116 0.694926 -0.195977 -0.471276 0.694873 -0.375224 -0.471522 0.000000 0.000000 0.000000 0.000000 1 1.520384103e-07 1.520384103e-07
116 0.694921 -0.196493 -0.471294 0.694873 -0.375224 -0.471522 0.000000 0.000000 0.000000 0.000000 1 5.611218512e-08 5.611218512e-08
116 0.694917 -0.197008 -0.471312 0.694873 -0.375224 -0.471522 0.000000 0.000000 0.000000 0.000000 1 5.587935448e-08 5.587935448e-08
116 0.694913 -0.197520 -0.471328 0.694873 -0.375224 -0.471522 0.000000 0.000000 0.000000 0.000000 1 6.007030606e-08 6.007030606e-08
116 0.694910 -0.198029 -0.471343 0.694873 -0.375224 -0.471522 0.000000 0.000000 0.000000 0.000000 1 1.599546522e-07 1.599546522e-07
116 0.694906 -0.198535 -0.471357 0.694873 -0.375224 -0.471522 0.000000 0.000000 0.000000 0.000000 1 5.820766091e-08 5.820766091e-08
116 0.694903 -0.199040 -0.471370 0.694873 -0.375224 -0.471522 0.000000 0.000000 0.000000 0.000000 1 5.587935448e-08 5.587935448e-08
116 0.694901 -0.199541 -0.471381 0.694873 -0.375224 -0.471522 0.000000 0.000000 0.000000 0.000000 1 6.309710443e-08 6.309710443e-08
116 0.694898 -0.200041 -0.471392 0.694873 -0.375224 -0.471522 0.000000 0.000000 0.000000 0.000000 1 6.193295121e-08 6.193295121e-08
116 0.694896 -0.200537 -0.471402 0.694873 -0.375224 -0.471522 0.000000 0.000000 0.000000 0.000000 1 6.193295121e-08 6.193295121e-08
117 0.667942 -0.201032 -0.502737 0.668026 -0.377600 -0.502727 0.000000 0.000000 0.000000 0.000000 1 5.401670933e-08 5.401670933e-08
117 0.667948 -0.201524 -0.502737 0.668026 -0.377600 -0.502727 0.000000 0.000000 0.000000 0.000000 1 8.102506399e-08 8.102506399e-08
117 0.667954 -0.202013 -0.502736 0.668026 -0.377600 -0.502727 0.000000 0.000000 0.000000 0.000000 1 7.916241884e-08 7.916241884e-08
117 0.667959 -0.202500 -0.502735 0.668026 -0.377600 -0.502727 0.000000 0.000000 0.000000 0.000000 1 7.194466889e-08 7.194466889e-08
117 0.667964 -0.202985 -0.502735 0.668026 -0.377600 -0.502727 0.000000 0.000000 0.000000 0.000000 1 3.282912076e-08 3.282912076e-08
117 0.667969 -0.203467 -0.502734 0.668026 -0.377600 -0.502727 0.000000 0.000000 0.000000 0.000000 1 6.705522537e-08 6.705522537e-08
117 0.667973 -0.203947 -0.502733 0.668026 -0.377600 -0.502727 0.000000 0.000000 0.000000 0.000000 1 1.289881766e-07 1.289881766e-07
117 0.667977 -0.204424 -0.502733 0.668026 -0.377600 -0.502727 0.000000 0.000000 0.000000 0.000000 1 5.401670933e-08 5.401670933e-08
117 0.667981 -0.204899 -0.502733 0.668026 -0.377600 -0.502727 0.000000 0.000000 0.000000 0.000000 1 5.983747542e-08 5.983747542e-08
117 0.667984 -0.205371 -0.502732 0.668026 -0.377600 -0.502727 0.000000 0.000000 0.000000 0.000000 1 5.518086255e-08 5.518086255e-08
117 0.667987 -0.205842 -0.502732 0.668026 -0.377600 -0.502727 0.000000 0.000000 0.000000 0.000000 1 5.797483027e-08 5.797483027e-08
117 0.667990 -0.206309 -0.502731 0.668026 -0.377600 -0.502727 0.000000 0.000000 0.000000 0.000000 1 1.720618457e-07 1.720618457e-07
117 0.667993 -0.206775 -0.502731 0.668026 -0.377600 -0.502727 0.000000 0.000000 0.000000 0.000000 1 6.007030606e-08 6.007030606e-08
117 0.667995 -0.207238 -0.502731 0.668026 -0.377600 -0.502727 0.000000 0.000000 0.000000 0.000000 1 6.100162864e-08 6.100162864e-08
117 0.667998 -0.207699 -0.502730 0.668026 -0.377600 -0.502727 0.000000 0.000000 0.000000 0.000000 1 6.007030606e-08 6.007030606e-08
117 0.668000 -0.208158 -0.502730 0.668026 -0.377600 -0.502727 0.000000 0.000000 0.000000 0.000000 1 6.100162864e-08 6.100162864e-08
117 0.668002 -0.208614 -0.502730 0.668026 -0.377600 -0.502727 0.000000 0.000000 0.000000 0.000000 1 5.401670933e-08 5.401670933e-08
117 0.668004 -0.209068 -0.502730 0.668026 -0.377600 -0.502727 0.000000 0.000000 0.000000 0.000000 1 5.611218512e-08 5.611218512e-08
117 0.668005 -0.209520 -0.502730 0.668026 -0.377600 -0.502727 0.000000 0.000000 0.000000 0.000000 1 5.983747542e-08 5.983747542e-08
117 0.668007 -0.209970 -0.502729 0.668026 -0.377600 -0.502727 0.000000 0.000000 0.000000 0.000000 1 5.611218512e-08 5.611218512e-08
118 0.675265 -0.172259 -0.386103 0.675255 -0.338253 -0.386552 0.000000 0.000000 0.000000 0.000000 1 5.308538675e-08 5.308538675e-08
118 0.675264 -0.172894 -0.386138 0.675255 -0.338253 -0.386552 0.000000 0.000000 0.000000 0.000000 1 6.007030606e-08 6.007030606e-08
118 0.675263 -0.173526 -0.386169 0.675255 -0.338253 -0.386552 0.000000 0.000000 0.000000 0.000000 1 5.611218512e-08 5.611218512e-08
118 0.675262 -0.174154 -0.386199 0.675255 -0.338253 -0.386552 0.000000 0.000000 0.000000 0.000000 1 6.100162864e-08 6.100162864e-08
118 0.675261 -0.174779 -0.386226 0.675255 -0.338253 -0.386552 0.000000 0.000000 0.000000 0.000000 1 5.611218512e-08 5.611218512e-08
118 0.675260 -0.175402 -0.386251 0.675255 -0.338253 -0.386552 0.000000 0.000000 0.000000 0.000000 1 6.007030606e-08 6.007030606e-08
118 0.675259 -0.176021 -0.386274 0.675255 -0.338253 -0.386552 0.000000 0.000000 0.000000 0.000000 1 5.401670933e-08 5.401670933e-08
118 0.675258 -0.176637 -0.386296 0.675255 -0.338253 -0.386552 0.000000 0.000000 0.000000 0.000000 1 8.312053978e-08 8.312053978e-08
118 0.675257 -0.177250 -0.386315 0.675255 -0.338253 -0.386552 0.000000 0.000000 0.000000 0.000000 1 1.478474587e-07 1.478474587e-07
118 0.675257 -0.177860 -0.386334 0.675255 -0.338253 -0.386552 0.000000 0.000000 0.000000 0.000000 1 6.007030606e-08 6.007030606e-08
118 0.675256 -0.178467 -0.386350 0.675255 -0.338253 -0.386552 0.000000 0.000000 0.000000 0.000000 1 1.639127731e-07 1.639127731e-07
118 0.675256 -0.179071 -0.386366 0.675255 -0.338253 -0.386552 0.000000 0.000000 0.000000 0.000000 1 6.007030606e-08 6.007030606e-08
118 0.675255 -0.179672 -0.386380 0.675255 -0.338253 -0.386552 0.000000 0.000000 0.000000 0.000000 1 5.890615284e-08 5.890615284e-08
118 0.675255 -0.180269 -0.386393 0.675255 -0.338253 -0.386552 0.000000 0.000000 0.000000 0.000000 1 6.100162864e-08 6.100162864e-08
118 0.675254 -0.180864 -0.386406 0.675255 -0.338253 -0.386552 0.000000 0.000000 0.000000 0.000000 1 5.704350770e-08 5.704350770e-08
118 0.675254 -0.181456 -0.386417 0.675255 -0.338253 -0.386552 0.000000 0.000000 0.000000 0.000000 1 6.402842700e-08 6.402842700e-08
118 0.675254 -0.182045 -0.386427 0.675255 -0.338253 -0.386552 0.000000 0.000000 0.000000 0.000000 1 5.401670933e-08 5.401670933e-08
118 0.675254 -0.182632 -0.386437 0.675255 -0.338253 -0.386552 0.000000 0.000000 0.000000 0.000000 1 6.007030606e-08 6.007030606e-08
118 0.675253 -0.183215 -0.386446 0.675255 -0.338253 -0.386552 0.000000 0.000000 0.000000 0.000000 1 6.193295121e-08 6.193295121e-08
118 0.675253 -0.183795 -0.386454 0.675255 -0.338253 -0.386552 0.000000 0.000000 0.000000 0.000000 1 7.008202374e-08 7.008202374e-08
119 0.616953 -0.184374 -0.444167 0.617181 -0.339777 -0.444035 0.000000 0.000000 0.000000 0.000000 1 8.102506399e-08 8.102506399e-08
119 0.616970 -0.184949 -0.444157 0.617181 -0.339777 -0.444035 0.000000 0.000000 0.000000 0.000000 1 6.007030606e-08 6.007030606e-08
119 0.616987 -0.185520 -0.444148 0.617181 -0.339777 -0.444035 0.000000 0.000000 0.000000 0.000000 1 6.100162864e-08 6.100162864e-08
119 0.617001 -0.186089 -0.444139 0.617181 -0.339777 -0.444035 0.000000 0.000000 0.000000 0.000000 1 1.050066203e-07 1.050066203e-07
119 0.617015 -0.186655 -0.444131 0.617181 -0.339777 -0.444035 0.000000 0.000000 0.000000 0.000000 1 6.193295121e-08 6.193295121e-08
119 0.617028 -0.187218 -0.444124 0.617181 -0.339777 -0.444035 0.000000 0.000000 0.000000 0.000000 1 1.732259989e-07 1.732259989e-07
119 0.617040 -0.187779 -0.444117 0.617181 -0.339777 -0.444035 0.000000 0.000000 0.000000 0.000000 1 9.406358004e-08 9.406358004e-08
119 0.617051 -0.188336 -0.444110 0.617181 -0.339777 -0.444035 0.000000 0.000000 0.000000 0.000000 1 5.983747542e-08 5.983747542e-08
119 0.617061 -0.188891 -0.444105 0.617181 -0.339777 -0.444035 0.000000 0.000000 0.000000 0.000000 1 5.611218512e-08 5.611218512e-08
119 0.617070 -0.189443 -0.444099 0.617181 -0.339777 -0.444035 0.000000 0.000000 0.000000 0.000000 1 6.100162864e-08 6.100162864e-08
119 0.617078 -0.189993 -0.444094 0.617181 -0.339777 -0.444035 0.000000 0.000000 0.000000 0.000000 1 6.193295121e-08 6.193295121e-08
119 0.617086 -0.190539 -0.444090 0.617181 -0.339777 -0.444035 0.000000 0.000000 0.000000 0.000000 1 5.494803190e-08 5.494803190e-08
119 0.617093 -0.191083 -0.444086 0.617181 -0.339777 -0.444035 0.000000 0.000000 0.000000 0.000000 1 5.797483027e-08 5.797483027e-08
119 0.617100 -0.191624 -0.444082 0.617181 -0.339777 -0.444035 0.000000 0.000000 0.000000 0.000000 1 5.913898349e-08 5.913898349e-08
119 0.617106 -0.192163 -0.444078 0.617181 -0.339777 -0.444035 0.000000 0.000000 0.000000 0.000000 1 5.797483027e-08 5.797483027e-08
119 0.617112 -0.192699 -0.444075 0.617181 -0.339777 -0.444035 0.000000 0.000000 0.000000 0.000000 1 5.983747542e-08 5.983747542e-08
119 0.617117 -0.193232 -0.444072 0.617181 -0.339777 -0.444035 0.000000 0.000000 0.000000 0.000000 1 7.008202374e-08 7.008202374e-08
119 0.617122 -0.193763 -0.444069 0.617181 -0.339777 -0.444035 0.000000 0.000000 0.000000 0.000000 1 1.410953701e-07 1.410953701e-07
119 0.617127 -0.194290 -0.444066 0.617181 -0.339777 -0.444035 0.000000 0.000000 0.000000 0.000000 1 8.312053978e-08 8.312053978e-08
119 0.617131 -0.194816 -0.444064 0.617181 -0.339777 -0.444035 0.000000 0.000000 0.000000 0.000000 1 7.613562047e-08 7.613562047e-08
120 0.601428 -0.152581 -0.346942 0.601534 -0.296029 -0.347291 0.000000 0.000000 0.000000 0.000000 1 7.194466889e-08 7.194466889e-08
120 0.601436 -0.153313 -0.346969 0.601534 -0.296029 -0.347291 0.000000 0.000000 0.000000 0.000000 1 2.700835466e-08 2.700835466e-08
120 0.601443 -0.154042 -0.346994 0.601534 -0.296029 -0.347291 0.000000 0.000000 0.000000 0.000000 1 1.639127731e-07 1.639127731e-07
120 0.601450 -0.154767 -0.347016 0.601534 -0.296029 -0.347291 0.000000 0.000000 0.000000 0.000000 1 5.401670933e-08 5.401670933e-08
120 0.601457 -0.155489 -0.347037 0.601534 -0.296029 -0.347291 0.000000 0.000000 0.000000 0.000000 1 8.498318493e-08 8.498318493e-08
120 0.601463 -0.156207 -0.347057 0.601534 -0.296029 -0.347291 0.000000 0.000000 0.000000 0.000000 1 5.797483027e-08 5.797483027e-08
120 0.601468 -0.156922 -0.347075 0.601534 -0.296029 -0.347291 0.000000 0.000000 0.000000 0.000000 1 1.909211278e-08 1.909211278e-08
120 0.601473 -0.157633 -0.347092 0.601534 -0.296029 -0.347291 0.000000 0.000000 0.000000 0.000000 1 1.490116119e-08 1.490116119e-08
120 0.601478 -0.158340 -0.347107 0.601534 -0.296029 -0.347291 0.000000 0.000000 0.000000 0.000000 1 1.396983862e-08 1.396983862e-08
120 0.601482 -0.159044 -0.347121 0.601534 -0.296029 -0.347291 0.000000 0.000000 0.000000 0.000000 1 3.492459655e-08 3.492459655e-08
120 0.601486 -0.159744 -0.347134 0.601534 -0.296029 -0.347291 0.000000 0.000000 0.000000 0.000000 1 3.702007234e-08 3.702007234e-08
120 0.601490 -0.160441 -0.347146 0.601534 -0.296029 -0.347291 0.000000 0.000000 0.000000 0.000000 1 3.585591912e-08 3.585591912e-08
120 0.601493 -0.161135 -0.347157 0.601534 -0.296029 -0.347291 0.000000 0.000000 0.000000 0.000000 1 3.306195140e-08 3.306195140e-08
120 0.601496 -0.161825 -0.347168 0.601534 -0.296029 -0.347291 0.000000 0.000000 0.000000 0.000000 1 5.494803190e-08 5.494803190e-08
120 0.601499 -0.162511 -0.347177 0.601534 -0.296029 -0.347291 0.000000 0.000000 0.000000 0.000000 1 5.494803190e-08 5.494803190e-08
120 0.601502 -0.163194 -0.347186 0.601534 -0.296029 -0.347291 0.000000 0.000000 0.000000 0.000000 1 2.002343535e-08 2.002343535e-08
120 0.601504 -0.163874 -0.347194 0.601534 -0.296029 -0.347291 0.000000 0.000000 0.000000 0.000000 1 4.889443517e-08 4.889443517e-08
120 0.601507 -0.164551 -0.347201 0.601534 -0.296029 -0.347291 0.000000 0.000000 0.000000 0.000000 1 6.100162864e-08 6.100162864e-08
120 0.601509 -0.165224 -0.347208 0.601534 -0.296029 -0.347291 0.000000 0.000000 0.000000 0.000000 1 1.909211278e-08 1.909211278e-08
120 0.601511 -0.165893 -0.347215 0.601534 -0.296029 -0.347291 0.000000 0.000000 0.000000 0.000000 1 1.389998943e-07 1.389998943e-07
121 0.555229 -0.162259 -0.375484 0.555430 -0.290776 -0.375445 0.000000 0.000000 0.000000 0.000000 1 5.890615284e-08 5.890615284e-08
121 0.555244 -0.162943 -0.375481 0.555430 -0.290776 -0.375445 0.000000 0.000000 0.000000 0.000000 1 9.802170098e-08 9.802170098e-08
121 0.555258 -0.163624 -0.375479 0.555430 -0.290776 -0.375445 0.000000 0.000000 0.000000 0.000000 1 7.892958820e-08 7.892958820e-08
121 0.555271 -0.164302 -0.375476 0.555430 -0.290776 -0.375445 0.000000 0.000000 0.000000 0.000000 1 6.309710443e-08 6.309710443e-08
121 0.555284 -0.164976 -0.375474 0.555430 -0.290776 -0.375445 0.000000 0.000000 0.000000 0.000000 1 5.797483027e-08 5.797483027e-08
121 0.555295 -0.165647 -0.375471 0.555430 -0.290776 -0.375445 0.000000 0.000000 0.000000 0.000000 1 5.611218512e-08 5.611218512e-08
121 0.555305 -0.166315 -0.375469 0.555430 -0.290776 -0.375445 0.000000 0.000000 0.000000 0.000000 1 5.983747542e-08 5.983747542e-08
121 0.555315 -0.166979 -0.375468 0.555430 -0.290776 -0.375445 0.000000 0.000000 0.000000 0.000000 1 5.192123353e-08 5.192123353e-08
121 0.555324 -0.167640 -0.375466 0.555430 -0.290776 -0.375445 0.000000 0.000000 0.000000 0.000000 1 4.097819328e-08 4.097819328e-08
121 0.555332 -0.168298 -0.375464 0.555430 -0.290776 -0.375445 0.000000 0.000000 0.000000 0.000000 1 9.406358004e-08 9.406358004e-08
121 0.555339 -0.168952 -0.375463 0.555430 -0.290776 -0.375445 0.000000 0.000000 0.000000 0.000000 1 4.796311259e-08 4.796311259e-08
121 0.555346 -0.169603 -0.375462 0.555430 -0.290776 -0.375445 0.000000 0.000000 0.000000 0.000000 1 6.309710443e-08 6.309710443e-08
121 0.555353 -0.170251 -0.375460 0.555430 -0.290776 -0.375445 0.000000 0.000000 0.000000 0.000000 1 5.494803190e-08 5.494803190e-08
121 0.555358 -0.170896 -0.375459 0.555430 -0.290776 -0.375445 0.000000 0.000000 0.000000 0.000000 1 5.611218512e-08 5.611218512e-08
121 0.555364 -0.171537 -0.375458 0.555430 -0.290776 -0.375445 0.000000 0.000000 0.000000 0.000000 1 5.494803190e-08 5.494803190e-08
121 0.555369 -0.172176 -0.375457 0.555430 -0.290776 -0.375445 0.000000 0.000000 0.000000 0.000000 1 5.797483027e-08 5.797483027e-08
121 0.555374 -0.172811 -0.375456 0.555430 -0.290776 -0.375445 0.000000 0.000000 0.000000 0.000000 1 6.100162864e-08 6.100162864e-08
121 0.555378 -0.173443 -0.375455 0.555430 -0.290776 -0.375445 0.000000 0.000000 0.000000 0.000000 1 5.890615284e-08 5.890615284e-08
121 0.555382 -0.174072 -0.375455 0.555430 -0.290776 -0.375445 0.000000 0.000000 0.000000 0.000000 1 6.100162864e-08 6.100162864e-08
121 0.555386 -0.174697 -0.375454 0.555430 -0.290776 -0.375445 0.000000 0.000000 0.000000 0.000000 1 5.611218512e-08 5.611218512e-08
122 0.565323 -0.145702 -0.297297 0.565325 -0.260375 -0.297592 0.000000 0.000000 0.000000 0.000000 1 5.401670933e-08 5.401670933e-08
122 0.565324 -0.146469 -0.297320 0.565325 -0.260375 -0.297592 0.000000 0.000000 0.000000 0.000000 1 5.587935448e-08 5.587935448e-08
122 0.565324 -0.147232 -0.297341 0.565325 -0.260375 -0.297592 0.000000 0.000000 0.000000 0.000000 1 6.402842700e-08 6.402842700e-08
122 0.565324 -0.147991 -0.297360 0.565325 -0.260375 -0.297592 0.000000 0.000000 0.000000 0.000000 1 1.080334187e-07 1.080334187e-07
122 0.565324 -0.148746 -0.297378 0.565325 -0.260375 -0.297592 0.000000 0.000000 0.000000 0.000000 1 5.890615284e-08 5.890615284e-08
122 0.565324 -0.149498 -0.297394 0.565325 -0.260375 -0.297592 0.000000 0.000000 0.000000 0.000000 1 5.797483027e-08 5.797483027e-08
122 0.565324 -0.150246 -0.297410 0.565325 -0.260375 -0.297592 0.000000 0.000000 0.000000 0.000000 1 5.983747542e-08 5.983747542e-08
122 0.565324 -0.150990 -0.297424 0.565325 -0.260375 -0.297592 0.000000 0.000000 0.000000 0.000000 1 6.007030606e-08 6.007030606e-08
122 0.565324 -0.151730 -0.297437 0.565325 -0.260375 -0.297592 0.000000 0.000000 0.000000 0.000000 1 5.611218512e-08 5.611218512e-08
122 0.565324 -0.152467 -0.297449 0.565325 -0.260375 -0.297592 0.000000 0.000000 0.000000 0.000000 1 5.890615284e-08 5.890615284e-08
122 0.565324 -0.153200 -0.297460 0.565325 -0.260375 -0.297592 0.000000 0.000000 0.000000 0.000000 1 6.100162864e-08 6.100162864e-08
122 0.565325 -0.153930 -0.297470 0.565325 -0.260375 -0.297592 0.000000 0.000000 0.000000 0.000000 1 6.007030606e-08 6.007030606e-08
122 0.565325 -0.154655 -0.297479 0.565325 -0.260375 -0.297592 0.000000 0.000000 0.000000 0.000000 1 5.913898349e-08 5.913898349e-08
122 0.565325 -0.155378 -0.297488 0.565325 -0.260375 -0.297592 0.000000 0.000000 0.000000 0.000000 1 1.699663699e-07 1.699663699e-07
122 0.565325 -0.156096 -0.297496 0.565325 -0.260375 -0.297592 0.000000 0.000000 0.000000 0.000000 1 5.611218512e-08 5.611218512e-08
122 0.565325 -0.156811 -0.297503 0.565325 -0.260375 -0.297592 0.000000 0.000000 0.000000 0.000000 1 3.119930625e-08 3.119930625e-08
122 0.565325 -0.157523 -0.297510 0.565325 -0.260375 -0.297592 0.000000 0.000000 0.000000 0.000000 1 2.700835466e-08 2.700835466e-08
122 0.565325 -0.158231 -0.297516 0.565325 -0.260375 -0.297592 0.000000 0.000000 0.000000 0.000000 1 3.888271749e-08 3.888271749e-08
122 0.565325 -0.158935 -0.297522 0.565325 -0.260375 -0.297592 0.000000 0.000000 0.000000 0.000000 1 3.189779818e-08 3.189779818e-08
122 0.565325 -0.159636 -0.297528 0.565325 -0.260375 -0.297592 0.000000 0.000000 0.000000 0.000000 1 5.797483027e-08 5.797483027e-08
123 0.532861 -0.160334 -0.382977 0.532987 -0.263831 -0.382706 0.000000 0.000000 0.000000 0.000000 1 5.890615284e-08 5.890615284e-08
123 0.532871 -0.161028 -0.382956 0.532987 -0.263831 -0.382706 0.000000 0.000000 0.000000 0.000000 1 6.100162864e-08 6.100162864e-08
123 0.532880 -0.161718 -0.382937 0.532987 -0.263831 -0.382706 0.000000 0.000000 0.000000 0.000000 1 5.494803190e-08 5.494803190e-08
123 0.532888 -0.162405 -0.382919 0.532987 -0.263831 -0.382706 0.000000 0.000000 0.000000 0.000000 1 5.983747542e-08 5.983747542e-08
123 0.532896 -0.163089 -0.382903 0.532987 -0.263831 -0.382706 0.000000 0.000000 0.000000 0.000000 1 5.797483027e-08 5.797483027e-08
123 0.532903 -0.163769 -0.382888 0.532987 -0.263831 -0.382706 0.000000 0.000000 0.000000 0.000000 1 6.007030606e-08 6.007030606e-08
123 0.532909 -0.164446 -0.382874 0.532987 -0.263831 -0.382706 0.000000 0.000000 0.000000 0.000000 1 5.797483027e-08 5.797483027e-08
123 0.532915 -0.165120 -0.382861 0.532987 -0.263831 -0.382706 0.000000 0.000000 0.000000 0.000000 1 6.286427379e-08 6.286427379e-08
123 0.532921 -0.165790 -0.382849 0.532987 -0.263831 -0.382706 0.000000 0.000000 0.000000 0.000000 1 5.401670933e-08 5.401670933e-08
123 0.532926 -0.166457 -0.382838 0.532987 -0.263831 -0.382706 0.000000 0.000000 0.000000 0.000000 1 5.285255611e-08 5.285255611e-08
123 0.532930 -0.167120 -0.382828 0.532987 -0.263831 -0.382706 0.000000 0.000000 0.000000 0.000000 1 1.629814506e-07 1.629814506e-07
123 0.532935 -0.167781 -0.382818 0.532987 -0.263831 -0.382706 0.000000 0.000000 0.000000 0.000000 1 6.007030606e-08 6.007030606e-08
123 0.532939 -0.168438 -0.382810 0.532987 -0.263831 -0.382706 0.000000 0.000000 0.000000 0.000000 1 5.704350770e-08 5.704350770e-08
123 0.532943 -0.169091 -0.382802 0.532987 -0.263831 -0.382706 0.000000 0.000000 0.000000 0.000000 1 5.913898349e-08 5.913898349e-08
123 0.532946 -0.169742 -0.382794 0.532987 -0.263831 -0.382706 0.000000 0.000000 0.000000 0.000000 1 5.983747542e-08 5.983747542e-08
123 0.532949 -0.170389 -0.382788 0.532987 -0.263831 -0.382706 0.000000 0.000000 0.000000 0.000000 1 5.797483027e-08 5.797483027e-08
123 0.532952 -0.171033 -0.382781 0.532987 -0.263831 -0.382706 0.000000 0.000000 0.000000 0.000000 1 6.100162864e-08 6.100162864e-08
123 0.532955 -0.171674 -0.382775 0.532987 -0.263831 -0.382706 0.000000 0.000000 0.000000 0.000000 1 6.216578186e-08 6.216578186e-08
123 0.532957 -0.172311 -0.382770 0.532987 -0.263831 -0.382706 0.000000 0.000000 0.000000 0.000000 1 5.797483027e-08 5.797483027e-08
123 0.532960 -0.172946 -0.382765 0.532987 -0.263831 -0.382706 0.000000 0.000000 0.000000 0.000000 1 6.007030606e-08 6.007030606e-08
124 0.534793 -0.151837 -0.324481 0.534812 -0.241489 -0.324652 0.000000 0.000000 0.000000 0.000000 1 6.007030606e-08 6.007030606e-08
124 0.534795 -0.152573 -0.324494 0.534812 -0.241489 -0.324652 0.000000 0.000000 0.000000 0.000000 1 5.890615284e-08 5.890615284e-08
124 0.534796 -0.153306 -0.324506 0.534812 -0.241489 -0.324652 0.000000 0.000000 0.000000 0.000000 1 6.007030606e-08 6.007030606e-08
124 0.534797 -0.154035 -0.324517 0.534812 -0.241489 -0.324652 0.000000 0.000000 0.000000 0.000000 1 6.007030606e-08 6.007030606e-08
124 0.534798 -0.154760 -0.324528 0.534812 -0.241489 -0.324652 0.000000 0.000000 0.000000 0.000000 1 6.100162864e-08 6.100162864e-08
124 0.534799 -0.155482 -0.324537 0.534812 -0.241489 -0.324652 0.000000 0.000000 0.000000 0.000000 1 5.983747542e-08 5.983747542e-08
124 0.534800 -0.156200 -0.324546 0.534812 -0.241489 -0.324652 0.000000 0.000000 0.000000 0.000000 1 6.007030606e-08 6.007030606e-08
124 0.534801 -0.156914 -0.324554 0.534812 -0.241489 -0.324652 0.000000 0.000000 0.000000 0.000000 1 1.508742571e-07 1.508742571e-07
124 0.534802 -0.157625 -0.324562 0.534812 -0.241489 -0.324652 0.000000 0.000000 0.000000 0.000000 1 5.401670933e-08 5.401670933e-08
124 0.534803 -0.158333 -0.324569 0.534812 -0.241489 -0.324652 0.000000 0.000000 0.000000 0.000000 1 6.100162864e-08 6.100162864e-08
124 0.534804 -0.159037 -0.324575 0.534812 -0.241489 -0.324652 0.000000 0.000000 0.000000 0.000000 1 5.494803190e-08 5.494803190e-08
124 0.534804 -0.159737 -0.324581 0.534812 -0.241489 -0.324652 0.000000 0.000000 0.000000 0.000000 1 5.797483027e-08 5.797483027e-08
124 0.534805 -0.160434 -0.324586 0.534812 -0.241489 -0.324652 0.000000 0.000000 0.000000 0.000000 1 5.494803190e-08 5.494803190e-08
124 0.534805 -0.161128 -0.324591 0.534812 -0.241489 -0.324652 0.000000 0.000000 0.000000 0.000000 1 6.100162864e-08 6.100162864e-08
124 0.534806 -0.161818 -0.324596 0.534812 -0.241489 -0.324652 0.000000 0.000000 0.000000 0.000000 1 5.797483027e-08 5.797483027e-08
124 0.534806 -0.162504 -0.324600 0.534812 -0.241489 -0.324652 0.000000 0.000000 0.000000 0.000000 1 5.401670933e-08 5.401670933e-08
124 0.534807 -0.163188 -0.324604 0.534812 -0.241489 -0.324652 0.000000 0.000000 0.000000 0.000000 1 5.611218512e-08 5.611218512e-08
124 0.534807 -0.163867 -0.324608 0.534812 -0.241489 -0.324652 0.000000 0.000000 0.000000 0.000000 1 5.494803190e-08 5.494803190e-08
124 0.534807 -0.164544 -0.324611 0.534812 -0.241489 -0.324652 0.000000 0.000000 0.000000 0.000000 1 6.007030606e-08 6.007030606e-08
124 0.534808 -0.165217 -0.324614 0.534812 -0.241489 -0.324652 0.000000 0.000000 0.000000 0.000000 1 6.402842700e-08 6.402842700e-08
125 0.503192 -0.165887 -0.375681 0.503319 -0.245335 -0.375518 0.000000 0.000000 0.000000 0.000000 1 5.913898349e-08 5.913898349e-08
125 0.503202 -0.166553 -0.375669 0.503319 -0.245335 -0.375518 0.000000 0.000000 0.000000 0.000000 1 5.704350770e-08 5.704350770e-08
125 0.503211 -0.167216 -0.375657 0.503319 -0.245335 -0.375518 0.000000 0.000000 0.000000 0.000000 1 5.797483027e-08 5.797483027e-08
125 0.503219 -0.167876 -0.375647 0.503319 -0.245335 -0.375518 0.000000 0.000000 0.000000 0.000000 1 5.494803190e-08 5.494803190e-08
125 0.503227 -0.168532 -0.375637 0.503319 -0.245335 -0.375518 0.000000 0.000000 0.000000 0.000000 1 1.599546522e-07 1.599546522e-07
125 0.503234 -0.169186 -0.375628 0.503319 -0.245335 -0.375518 0.000000 0.000000 0.000000 0.000000 1 5.704350770e-08 5.704350770e-08
125 0.503241 -0.169836 -0.375619 0.503319 -0.245335 -0.375518 0.000000 0.000000 0.000000 0.000000 1 6.100162864e-08 6.100162864e-08
125 0.503247 -0.170482 -0.375611 0.503319 -0.245335 -0.375518 0.000000 0.000000 0.000000 0.000000 1 5.611218512e-08 5.611218512e-08
125 0.503252 -0.171126 -0.375604 0.503319 -0.245335 -0.375518 0.000000 0.000000 0.000000 0.000000 1 5.890615284e-08 5.890615284e-08
125 0.503257 -0.171766 -0.375598 0.503319 -0.245335 -0.375518 0.000000 0.000000 0.000000 0.000000 1 6.193295121e-08 6.193295121e-08
125 0.503262 -0.172404 -0.375592 0.503319 -0.245335 -0.375518 0.000000 0.000000 0.000000 0.000000 1 5.890615284e-08 5.890615284e-08
125 0.503266 -0.173038 -0.375586 0.503319 -0.245335 -0.375518 0.000000 0.000000 0.000000 0.000000 1 3.189779818e-08 3.189779818e-08
125 0.503270 -0.173668 -0.375581 0.503319 -0.245335 -0.375518 0.000000 0.000000 0.000000 0.000000 1 3.306195140e-08 3.306195140e-08
125 0.503274 -0.174296 -0.375576 0.503319 -0.245335 -0.375518 0.000000 0.000000 0.000000 0.000000 1 1.699663699e-08 1.699663699e-08
125 0.503277 -0.174921 -0.375571 0.503319 -0.245335 -0.375518 0.000000 0.000000 0.000000 0.000000 1 1.792795956e-08 1.792795956e-08
125 0.503281 -0.175542 -0.375567 0.503319 -0.245335 -0.375518 0.000000 0.000000 0.000000 0.000000 1 5.983747542e-08 5.983747542e-08
125 0.503283 -0.176161 -0.375564 0.503319 -0.245335 -0.375518 0.000000 0.000000 0.000000 0.000000 1 6.216578186e-08 6.216578186e-08
125 0.503286 -0.176776 -0.375560 0.503319 -0.245335 -0.375518 0.000000 0.000000 0.000000 0.000000 1 6.007030606e-08 6.007030606e-08
125 0.503289 -0.177388 -0.375557 0.503319 -0.245335 -0.375518 0.000000 0.000000 0.000000 0.000000 1 6.309710443e-08 6.309710443e-08
125 0.503291 -0.177998 -0.375554 0.503319 -0.245335 -0.375518 0.000000 0.000000 0.000000 0.000000 1 5.704350770e-08 5.704350770e-08
126 0.515715 -0.152297 -0.298749 0.515693 -0.218622 -0.299013 0.000000 0.000000 0.000000 0.000000 1 6.193295121e-08 6.193295121e-08
126 0.515714 -0.153031 -0.298770 0.515693 -0.218622 -0.299013 0.000000 0.000000 0.000000 0.000000 1 1.681037247e-07 1.681037247e-07
126 0.515712 -0.153761 -0.298788 0.515693 -0.218622 -0.299013 0.000000 0.000000 0.000000 0.000000 1 5.401670933e-08 5.401670933e-08
126 0.515710 -0.154488 -0.298806 0.515693 -0.218622 -0.299013 0.000000 0.000000 0.000000 0.000000 1 6.007030606e-08 6.007030606e-08
126 0.515709 -0.155211 -0.298822 0.515693 -0.218622 -0.299013 0.000000 0.000000 0.000000 0.000000 1 5.913898349e-08 5.913898349e-08
126 0.515708 -0.155930 -0.298836 0.515693 -0.218622 -0.299013 0.000000 0.000000 0.000000 0.000000 1 5.797483027e-08 5.797483027e-08
126 0.515707 -0.156646 -0.298850 0.515693 -0.218622 -0.299013 0.000000 0.000000 0.000000 0.000000 1 5.681067705e-08 5.681067705e-08
126 0.515706 -0.157359 -0.298863 0.515693 -0.218622 -0.299013 0.000000 0.000000 0.000000 0.000000 1 5.890615284e-08 5.890615284e-08
126 0.515705 -0.158067 -0.298874 0.515693 -0.218622 -0.299013 0.000000 0.000000 0.000000 0.000000 1 6.309710443e-08 6.309710443e-08
126 0.515704 -0.158773 -0.298885 0.515693 -0.218622 -0.299013 0.000000 0.000000 0.000000 0.000000 1 5.704350770e-08 5.704350770e-08
126 0.515703 -0.159474 -0.298895 0.515693 -0.218622 -0.299013 0.000000 0.000000 0.000000 0.000000 1 6.286427379e-08 6.286427379e-08
126 0.515702 -0.160173 -0.298904 0.515693 -0.218622 -0.299013 0.000000 0.000000 0.000000 0.000000 1 5.797483027e-08 5.797483027e-08
126 0.515701 -0.160867 -0.298912 0.515693 -0.218622 -0.299013 0.000000 0.000000 0.000000 0.000000 1 5.890615284e-08 5.890615284e-08
126 0.515701 -0.161559 -0.298920 0.515693 -0.218622 -0.299013 0.000000 0.000000 0.000000 0.000000 1 6.286427379e-08 6.286427379e-08
126 0.515700 -0.162247 -0.298927 0.515693 -0.218622 -0.299013 0.000000 0.000000 0.000000 0.000000 1 6.193295121e-08 6.193295121e-08
126 0.515699 -0.162931 -0.298934 0.515693 -0.218622 -0.299013 0.000000 0.000000 0.000000 0.000000 1 5.797483027e-08 5.797483027e-08
126 0.515699 -0.163612 -0.298940 0.515693 -0.218622 -0.299013 0.000000 0.000000 0.000000 0.000000 1 6.007030606e-08 6.007030606e-08
126 0.515698 -0.164290 -0.298946 0.515693 -0.218622 -0.299013 0.000000 0.000000 0.000000 0.000000 1 5.890615284e-08 5.890615284e-08
126 0.515698 -0.164964 -0.298951 0.515693 -0.218622 -0.299013 0.000000 0.000000 0.000000 0.000000 1 1.681037247e-07 1.681037247e-07
126 0.515698 -0.165635 -0.298956 0.515693 -0.218622 -0.299013 0.000000 0.000000 0.000000 0.000000 1 5.611218512e-08 5.611218512e-08
127 0.493665 -0.166127 -0.345553 0.493745 -0.218096 -0.345426 0.000000 0.000000 0.000000 0.000000 1 5.494803190e-08 5.494803190e-08
127 0.493671 -0.166792 -0.345544 0.493745 -0.218096 -0.345426 0.000000 0.000000 0.000000 0.000000 1 6.007030606e-08 6.007030606e-08
127 0.493677 -0.167454 -0.345535 0.493745 -0.218096 -0.345426 0.000000 0.000000 0.000000 0.000000 1 6.216578186e-08 6.216578186e-08
127 0.493682 -0.168112 -0.345526 0.493745 -0.218096 -0.345426 0.000000 0.000000 0.000000 0.000000 1 6.193295121e-08 6.193295121e-08
127 0.493687 -0.168768 -0.345519 0.493745 -0.218096 -0.345426 0.000000 0.000000 0.000000 0.000000 1 5.611218512e-08 5.611218512e-08
127 0.493691 -0.169420 -0.345512 0.493745 -0.218096 -0.345426 0.000000 0.000000 0.000000 0.000000 1 5.494803190e-08 5.494803190e-08
127 0.493695 -0.170069 -0.345505 0.493745 -0.218096 -0.345426 0.000000 0.000000 0.000000 0.000000 1 6.705522537e-08 6.705522537e-08
127 0.493699 -0.170714 -0.345499 0.493745 -0.218096 -0.345426 0.000000 0.000000 0.000000 0.000000 1 5.518086255e-08 5.518086255e-08
127 0.493703 -0.171357 -0.345493 0.493745 -0.218096 -0.345426 0.000000 0.000000 0.000000 0.000000 1 6.007030606e-08 6.007030606e-08
127 0.493706 -0.171996 -0.345488 0.493745 -0.218096 -0.345426 0.000000 0.000000 0.000000 0.000000 1 5.797483027e-08 5.797483027e-08
127 0.493709 -0.172632 -0.345484 0.493745 -0.218096 -0.345426 0.000000 0.000000 0.000000 0.000000 1 6.309710443e-08 6.309710443e-08
127 0.493712 -0.173265 -0.345479 0.493745 -0.218096 -0.345426 0.000000 0.000000 0.000000 0.000000 1 5.518086255e-08 5.518086255e-08
127 0.493714 -0.173895 -0.345475 0.493745 -0.218096 -0.345426 0.000000 0.000000 0.000000 0.000000 1 5.308538675e-08 5.308538675e-08
127 0.493717 -0.174521 -0.345471 0.493745 -0.218096 -0.345426 0.000000 0.000000 0.000000 0.000000 1 6.007030606e-08 6.007030606e-08
127 0.493719 -0.175145 -0.345468 0.493745 -0.218096 -0.345426 0.000000 0.000000 0.000000 0.000000 1 5.681067705e-08 5.681067705e-08
127 0.493721 -0.175765 -0.345465 0.493745 -0.218096 -0.345426 0.000000 0.000000 0.000000 0.000000 1 1.701992005e-07 1.701992005e-07
127 0.493723 -0.176382 -0.345462 0.493745 -0.218096 -0.345426 0.000000 0.000000 0.000000 0.000000 1 5.611218512e-08 5.611218512e-08
127 0.493725 -0.176996 -0.345459 0.493745 -0.218096 -0.345426 0.000000 0.000000 0.000000 0.000000 1 5.611218512e-08 5.611218512e-08
127 0.493726 -0.177607 -0.345457 0.493745 -0.218096 -0.345426 0.000000 0.000000 0.000000 0.000000 1 6.100162864e-08 6.100162864e-08
127 0.493728 -0.178216 -0.345454 0.493745 -0.218096 -0.345426 0.000000 0.000000 0.000000 0.000000 1 6.193295121e-08 6.193295121e-08
128 0.505289 -0.158840 -0.277101 0.505260 -0.197911 -0.277340 0.000000 0.000000 0.000000 0.000000 1 5.913898349e-08 5.913898349e-08
128 0.505286 -0.159541 -0.277119 0.505260 -0.197911 -0.277340 0.000000 0.000000 0.000000 0.000000 1 5.797483027e-08 5.797483027e-08
128 0.505284 -0.160239 -0.277136 0.505260 -0.197911 -0.277340 0.000000 0.000000 0.000000 0.000000 1 5.494803190e-08 5.494803190e-08
128 0.505282 -0.160933 -0.277152 0.505260 -0.197911 -0.277340 0.000000 0.000000 0.000000 0.000000 1 5.890615284e-08 5.890615284e-08
128 0.505281 -0.161624 -0.277166 0.505260 -0.197911 -0.277340 0.000000 0.000000 0.000000 0.000000 1 5.494803190e-08 5.494803190e-08
128 0.505279 -0.162310 -0.277179 0.505260 -0.197911 -0.277340 0.000000 0.000000 0.000000 0.000000 1 5.704350770e-08 5.704350770e-08
128 0.505278 -0.162994 -0.277192 0.505260 -0.197911 -0.277340 0.000000 0.000000 0.000000 0.000000 1 6.100162864e-08 6.100162864e-08
128 0.505276 -0.163674 -0.277203 0.505260 -0.197911 -0.277340 0.000000 0.000000 0.000000 0.000000 1 6.100162864e-08 6.100162864e-08
128 0.505275 -0.164350 -0.277214 0.505260 -0.197911 -0.277340 0.000000 0.000000 0.000000 0.000000 1 6.100162864e-08 6.100162864e-08
128 0.505273 -0.165022 -0.277223 0.505260 -0.197911 -0.277340 0.000000 0.000000 0.000000 0.000000 1 3.096647561e-08 3.096647561e-08
128 0.505272 -0.165691 -0.277232 0.505260 -0.197911 -0.277340 0.000000 0.000000 0.000000 0.000000 1 3.585591912e-08 3.585591912e-08
128 0.505271 -0.166355 -0.277240 0.505260 -0.197911 -0.277340 0.000000 0.000000 0.000000 0.000000 1 6.007030606e-08 6.007030606e-08
128 0.505270 -0.167016 -0.277248 0.505260 -0.197911 -0.277340 0.000000 0.000000 0.000000 0.000000 1 1.688022166e-07 1.688022166e-07
128 0.505269 -0.167674 -0.277255 0.505260 -0.197911 -0.277340 0.000000 0.000000 0.000000 0.000000 1 6.100162864e-08 6.100162864e-08
128 0.505268 -0.168327 -0.277262 0.505260 -0.197911 -0.277340 0.000000 0.000000 0.000000 0.000000 1 6.100162864e-08 6.100162864e-08
128 0.505267 -0.168976 -0.277268 0.505260 -0.197911 -0.277340 0.000000 0.000000 0.000000 0.000000 1 5.797483027e-08 5.797483027e-08
128 0.505266 -0.169621 -0.277273 0.505260 -0.197911 -0.277340 0.000000 0.000000 0.000000 0.000000 1 5.518086255e-08 5.518086255e-08
128 0.505265 -0.170261 -0.277278 0.505260 -0.197911 -0.277340 0.000000 0.000000 0.000000 0.000000 1 6.100162864e-08 6.100162864e-08
128 0.505264 -0.170896 -0.277283 0.505260 -0.197911 -0.277340 0.000000 0.000000 0.000000 0.000000 1 5.890615284e-08 5.890615284e-08
128 0.505263 -0.171525 -0.277287 0.505260 -0.197911 -0.277340 0.000000 0.000000 0.000000 0.000000 1 8.614733815e-08 8.614733815e-08
129 0.485531 -0.172166 -0.332538 0.485608 -0.200208 -0.332372 0.000000 0.000000 0.000000 0.000000 1 7.194466889e-08 7.194466889e-08
129 0.485536 -0.172787 -0.332525 0.485608 -0.200208 -0.332372 0.000000 0.000000 0.000000 0.000000 1 8.894130588e-08 8.894130588e-08
129 0.485540 -0.173403 -0.332513 0.485608 -0.200208 -0.332372 0.000000 0.000000 0.000000 0.000000 1 5.518086255e-08 5.518086255e-08
129 0.485544 -0.174012 -0.332502 0.485608 -0.200208 -0.332372 0.000000 0.000000 0.000000 0.000000 1 6.007030606e-08 6.007030606e-08
129 0.485547 -0.174615 -0.332492 0.485608 -0.200208 -0.332372 0.000000 0.000000 0.000000 0.000000 1 6.007030606e-08 6.007030606e-08
129 0.485549 -0.175211 -0.332483 0.485608 -0.200208 -0.332372 0.000000 0.000000 0.000000 0.000000 1 5.704350770e-08 5.704350770e-08
129 0.485552 -0.175798 -0.332475 0.485608 -0.200208 -0.332372 0.000000 0.000000 0.000000 0.000000 1 6.984919310e-08 6.984919310e-08
129 0.485553 -0.176376 -0.332467 0.485608 -0.200208 -0.332372 0.000000 0.000000 0.000000 0.000000 1 6.100162864e-08 6.100162864e-08
129 0.485554 -0.176944 -0.332459 0.485608 -0.200208 -0.332372 0.000000 0.000000 0.000000 0.000000 1 6.100162864e-08 6.100162864e-08
129 0.485554 -0.177501 -0.332453 0.485608 -0.200208 -0.332372 0.000000 0.000000 0.000000 0.000000 1 1.969747245e-07 1.969747245e-07
129 0.485554 -0.178046 -0.332447 0.485608 -0.200208 -0.332372 0.000000 0.000000 0.000000 0.000000 1 6.286427379e-08 6.286427379e-08
129 0.485554 -0.178578 -0.332441 0.485608 -0.200208 -0.332372 0.000000 0.000000 0.000000 0.000000 1 6.007030606e-08 6.007030606e-08
129 0.485553 -0.179098 -0.332436 0.485608 -0.200208 -0.332372 0.000000 0.000000 0.000000 0.000000 1 6.007030606e-08 6.007030606e-08
129 0.485551 -0.179604 -0.332431 0.485608 -0.200208 -0.332372 0.000000 0.000000 0.000000 0.000000 1 6.100162864e-08 6.100162864e-08
129 0.485549 -0.180094 -0.332426 0.485608 -0.200208 -0.332372 0.000000 0.000000 0.000000 0.000000 1 6.007030606e-08 6.007030606e-08
129 0.485546 -0.180567 -0.332422 0.485608 -0.200208 -0.332372 0.000000 0.000000 0.000000 0.000000 1 5.797483027e-08 5.797483027e-08
129 0.485542 -0.181018 -0.332418 0.485608 -0.200208 -0.332372 0.000000 0.000000 0.000000 0.000000 1 6.100162864e-08 6.100162864e-08
129 0.485537 -0.181443 -0.332415 0.485608 -0.200208 -0.332372 0.000000 0.000000 0.000000 0.000000 1 5.518086255e-08 5.518086255e-08
129 0.485531 -0.181837 -0.332412 0.485608 -0.200208 -0.332372 0.000000 0.000000 0.000000 0.000000 1 6.309710443e-08 6.309710443e-08
129 0.485524 -0.182195 -0.332409 0.485608 -0.200208 -0.332372 0.000000 0.000000 0.000000 0.000000 1 6.007030606e-08 6.007030606e-08
130 0.497928 -0.162645 -0.263319 0.497980 -0.180371 -0.263552 0.000000 0.000000 0.000000 0.000000 1 5.797483027e-08 5.797483027e-08
130 0.497884 -0.162676 -0.263337 0.497980 -0.180371 -0.263552 0.000000 0.000000 0.000000 0.000000 1 6.007030606e-08 6.007030606e-08
130 0.497830 -0.162594 -0.263354 0.497980 -0.180371 -0.263552 0.000000 0.000000 0.000000 0.000000 1 5.890615284e-08 5.890615284e-08
130 0.497761 -0.162370 -0.263369 0.497980 -0.180371 -0.263552 0.000000 0.000000 0.000000 0.000000 1 1.490116119e-08 1.490116119e-08
130 0.497669 -0.161964 -0.263384 0.497980 -0.180371 -0.263552 0.000000 0.000000 0.000000 0.000000 1 1.490116119e-08 1.490116119e-08
130 0.497540 -0.161319 -0.263398 0.497980 -0.180371 -0.263552 0.000000 0.000000 0.000000 0.000000 1 5.704350770e-08 5.704350770e-08
130 0.497349 -0.160359 -0.263411 0.497980 -0.180371 -0.263552 0.000000 0.000000 0.000000 0.000000 1 1.587904990e-07 1.587904990e-07
130 0.497056 -0.158982 -0.263424 0.497980 -0.180371 -0.263552 0.000000 0.000000 0.000000 0.000000 1 5.797483027e-08 5.797483027e-08
130 0.496592 -0.157064 -0.263437 0.497980 -0.180371 -0.263552 0.000000 0.000000 0.000000 0.000000 1 5.983747542e-08 5.983747542e-08
130 0.495852 -0.154467 -0.263450 0.497980 -0.180371 -0.263552 0.000000 0.000000 0.000000 0.000000 1 5.308538675e-08 5.308538675e-08
130 0.494673 -0.151055 -0.263465 0.497980 -0.180371 -0.263552 0.000000 0.000000 0.000000 0.000000 1 5.913898349e-08 5.913898349e-08
130 0.492816 -0.146710 -0.263483 0.497980 -0.180371 -0.263552 0.000000 0.000000 0.000000 0.000000 1 6.100162864e-08 6.100162864e-08
130 0.489926 -0.141364 -0.263504 0.497980 -0.180371 -0.263552 0.000000 0.000000 0.000000 0.000000 1 5.797483027e-08 5.797483027e-08
130 0.485518 -0.135081 -0.263532 0.497980 -0.180371 -0.263552 0.000000 0.000000 0.000000 0.000001 1 6.007030606e-08 6.007030606e-08
130 0.479103 -0.128198 -0.263566 0.497980 -0.180371 -0.263552 0.000000 0.000000 0.000000 0.000001 1 5.797483027e-08 5.797483027e-08
130 0.470492 -0.121336 -0.263607 0.497980 -0.180371 -0.263552 0.000000 0.000000 0.000000 0.000001 1 5.913898349e-08 5.913898349e-08
130 0.459970 -0.115116 -0.263652 0.497980 -0.180371 -0.263552 0.000000 0.000000 0.000000 0.000001 1 5.913898349e-08 5.913898349e-08
130 0.448091 -0.109888 -0.263699 0.497980 -0.180371 -0.263552 0.000000 0.000000 0.000000 0.000001 1 5.890615284e-08 5.890615284e-08
130 0.435404 -0.105722 -0.263747 0.497980 -0.180371 -0.263552 0.000000 0.000000 0.000000 0.000001 1 5.401670933e-08 5.401670933e-08
130 0.422341 -0.102517 -0.263794 0.497980 -0.180371 -0.263552 0.000000 0.000000 0.000000 0.000001 1 5.681067705e-08 5.681067705e-08
131 0.393111 -0.102306 -0.323737 0.479522 -0.182003 -0.323223 0.000000 0.000000 0.000000 0.000001 1 5.797483027e-08 5.797483027e-08
131 0.381406 -0.099669 -0.323765 0.479522 -0.182003 -0.323223 0.000000 0.000000 0.000000 0.000001 1 5.797483027e-08 5.797483027e-08
131 0.369738 -0.097649 -0.323793 0.479522 -0.182003 -0.323223 0.000000 0.000000 0.000000 0.000001 1 1.396983862e-08 1.396983862e-08
131 0.358235 -0.096118 -0.323821 0.479522 -0.182003 -0.323223 0.000000 0.000000 0.000000 0.000001 1 1.259613782e-07 1.259613782e-07
131 0.346965 -0.095001 -0.323850 0.479522 -0.182003 -0.323223 0.000000 0.000000 0.000000 0.000001 1 6.100162864e-08 6.100162864e-08
131 0.335965 -0.094265 -0.323879 0.479522 -0.182003 -0.323223 0.000000 0.000000 0.000000 0.000001 1 5.797483027e-08 5.797483027e-08
131 0.325248 -0.093890 -0.323910 0.479522 -0.182003 -0.323223 0.000000 0.000000 0.000000 0.000001 1 5.704350770e-08 5.704350770e-08
131 0.314829 -0.093851 -0.323941 0.479522 -0.182003 -0.323223 0.000000 0.000000 0.000000 0.000001 1 6.007030606e-08 6.007030606e-08
131 0.304720 -0.094102 -0.323975 0.479522 -0.182003 -0.323223 0.000000 0.000000 0.000000 0.000001 1 6.007030606e-08 6.007030606e-08
131 0.294939 -0.094571 -0.324009 0.479522 -0.182003 -0.323223 0.000000 0.000000 0.000000 0.000001 1 5.820766091e-08 5.820766091e-08
131 0.285498 -0.095174 -0.324044 0.479522 -0.182003 -0.323223 0.000000 0.000000 0.000000 0.000001 1 6.100162864e-08 6.100162864e-08
131 0.276405 -0.095832 -0.324079 0.479522 -0.182003 -0.323223 0.000000 0.000000 0.000000 0.000001 1 5.611218512e-08 5.611218512e-08
131 0.267657 -0.096496 -0.324115 0.479522 -0.182003 -0.323223 0.000000 0.000000 0.000000 0.000001 1 6.100162864e-08 6.100162864e-08
131 0.259241 -0.097158 -0.324150 0.479522 -0.182003 -0.323223 0.000000 0.000000 0.000000 0.000001 1 5.518086255e-08 5.518086255e-08
131 0.251133 -0.097846 -0.324185 0.479522 -0.182003 -0.323223 0.000000 0.000000 0.000000 0.000001 1 5.890615284e-08 5.890615284e-08
131 0.243311 -0.098603 -0.324220 0.479522 -0.182003 -0.323223 0.000000 0.000000 0.000000 0.000001 1 5.611218512e-08 5.611218512e-08
131 0.235752 -0.099471 -0.324255 0.479522 -0.182003 -0.323223 0.000000 0.000000 0.000000 0.000001 1 6.216578186e-08 6.216578186e-08
131 0.228442 -0.100478 -0.324290 0.479522 -0.182003 -0.323223 0.000000 0.000000 0.000000 0.000001 1 6.798654795e-08 6.798654795e-08
131 0.221371 -0.101633 -0.324325 0.479522 -0.182003 -0.323223 0.000000 0.000000 0.000000 0.000001 1 3.003515303e-08 3.003515303e-08
131 0.214535 -0.102904 -0.324361 0.479522 -0.182003 -0.323223 0.000000 0.000000 0.000000 0.000001 1 5.890615284e-08 5.890615284e-08
132 0.210018 -0.091045 -0.278260 0.493725 -0.170584 -0.277215 0.000000 0.000000 0.000000 0.000001 1 1.699663699e-07 1.699663699e-07
132 0.203363 -0.093579 -0.278293 0.493725 -0.170584 -0.277215 0.000000 0.000000 0.000000 0.000001 1 5.913898349e-08 5.913898349e-08
132 0.196966 -0.095889 -0.278328 0.493725 -0.170584 -0.277215 0.000000 0.000000 0.000000 0.000001 1 5.890615284e-08 5.890615284e-08
132 0.190806 -0.098025 -0.278363 0.493725 -0.170584 -0.277215 0.000000 0.000000 0.000000 0.000001 1 6.286427379e-08 6.286427379e-08
132 0.184866 -0.100042 -0.278399 0.493725 -0.170584 -0.277215 0.000000 0.000000 0.000000 0.000001 1 5.983747542e-08 5.983747542e-08
132 0.179130 -0.101993 -0.278436 0.493725 -0.170584 -0.277215 0.000000 0.000000 0.000000 0.000001 1 5.704350770e-08 5.704350770e-08
132 0.173584 -0.103911 -0.278473 0.493725 -0.170584 -0.277215 0.000000 0.000000 0.000000 0.000001 1 5.797483027e-08 5.797483027e-08
132 0.168219 -0.105806 -0.278510 0.493725 -0.170584 -0.277215 0.000000 0.000000 0.000000 0.000001 1 6.705522537e-08 6.705522537e-08
132 0.163029 -0.107673 -0.278549 0.493725 -0.170584 -0.277215 0.000000 0.000000 0.000000 0.000001 1 5.285255611e-08 5.285255611e-08
132 0.158009 -0.109501 -0.278587 0.493725 -0.170584 -0.277215 0.000000 0.000000 0.000000 0.000001 1 5.192123353e-08 5.192123353e-08
132 0.153157 -0.111272 -0.278626 0.493725 -0.170584 -0.277215 0.000000 0.000000 0.000000 0.000001 1 5.611218512e-08 5.611218512e-08
132 0.148471 -0.112971 -0.278664 0.493725 -0.170584 -0.277215 0.000000 0.000000 0.000000 0.000001 1 6.100162864e-08 6.100162864e-08
132 0.143949 -0.114603 -0.278703 0.493725 -0.170584 -0.277215 0.000000 0.000000 0.000000 0.000001 1 5.587935448e-08 5.587935448e-08
132 0.139587 -0.116190 -0.278742 0.493725 -0.170584 -0.277215 0.000000 0.000000 0.000000 0.000001 1 5.401670933e-08 5.401670933e-08
132 0.135382 -0.117767 -0.278781 0.493725 -0.170584 -0.277215 0.000000 0.000000 0.000000 0.000001 1 5.983747542e-08 5.983747542e-08
132 0.131327 -0.119367 -0.278820 0.493725 -0.170584 -0.277215 0.000000 0.000000 0.000000 0.000001 1 5.587935448e-08 5.587935448e-08
132 0.127419 -0.121017 -0.278859 0.493725 -0.170584 -0.277215 0.000000 0.000000 0.000000 0.000001 1 6.193295121e-08 6.193295121e-08
132 0.123653 -0.122731 -0.278899 0.493725 -0.170584 -0.277215 0.000000 0.000000 0.000000 0.000001 1 1.718290150e-07 1.718290150e-07
132 0.120024 -0.124506 -0.278939 0.493725 -0.170584 -0.277215 0.000000 0.000000 0.000000 0.000001 1 6.286427379e-08 6.286427379e-08
132 0.116525 -0.126323 -0.278979 0.493725 -0.170584 -0.277215 0.000000 0.000000 0.000000 0.000001 1 5.704350770e-08 5.704350770e-08
133 0.112985 -0.135842 -0.311526 0.512796 -0.179329 -0.309487 0.000000 0.000000 0.000000 0.000001 1 6.100162864e-08 6.100162864e-08
133 0.109838 -0.137187 -0.311568 0.512796 -0.179329 -0.309487 0.000000 0.000000 0.000000 0.000001 1 6.100162864e-08 6.100162864e-08
133 0.106809 -0.138560 -0.311609 0.512796 -0.179329 -0.309487 0.000000 0.000000 0.000000 0.000001 1 5.983747542e-08 5.983747542e-08
133 0.103903 -0.139964 -0.311650 0.512796 -0.179329 -0.309487 0.000000 0.000000 0.000000 0.000001 1 5.913898349e-08 5.913898349e-08
133 0.101127 -0.141413 -0.311691 0.512796 -0.179329 -0.309487 0.000000 0.000000 0.000000 0.000001 1 5.797483027e-08 5.797483027e-08
133 0.098489 -0.142921 -0.311731 0.512796 -0.179329 -0.309487 0.000000 0.000000 0.000000 0.000001 1 6.100162864e-08 6.100162864e-08
133 0.095993 -0.144486 -0.311772 0.512796 -0.179329 -0.309487 0.000000 0.000000 0.000000 0.000001 1 5.890615284e-08 5.890615284e-08
133 0.093635 -0.146097 -0.311812 0.512796 -0.179329 -0.309487 0.000000 0.000000 0.000000 0.000001 1 5.983747542e-08 5.983747542e-08
133 0.091411 -0.147727 -0.311852 0.512796 -0.179329 -0.309487 0.000000 0.000000 0.000000 0.000001 1 5.890615284e-08 5.890615284e-08
133 0.089312 -0.149341 -0.311892 0.512796 -0.179329 -0.309487 0.000000 0.000000 0.000000 0.000001 1 1.550652087e-07 1.550652087e-07
133 0.087328 -0.150903 -0.311931 0.512796 -0.179329 -0.309487 0.000000 0.000000 0.000000 0.000001 1 5.494803190e-08 5.494803190e-08
133 0.085449 -0.152381 -0.311970 0.512796 -0.179329 -0.309487 0.000000 0.000000 0.000000 0.000001 1 5.587935448e-08 5.587935448e-08
133 0.083666 -0.153758 -0.312009 0.512796 -0.179329 -0.309487 0.000000 0.000000 0.000000 0.000001 1 5.401670933e-08 5.401670933e-08
133 0.081974 -0.155033 -0.312046 0.512796 -0.179329 -0.309487 0.000000 0.000000 0.000000 0.000001 1 5.797483027e-08 5.797483027e-08
133 0.080369 -0.156220 -0.312083 0.512796 -0.179329 -0.309487 0.000000 0.000000 0.000000 0.000001 1 1.599546522e-07 1.599546522e-07
133 0.078849 -0.157346 -0.312119 0.512796 -0.179329 -0.309487 0.000000 0.000000 0.000000 0.000001 1 6.286427379e-08 6.286427379e-08
133 0.077413 -0.158437 -0.312153 0.512796 -0.179329 -0.309487 0.000000 0.000000 0.000000 0.000001 1 6.193295121e-08 6.193295121e-08
133 0.076058 -0.159517 -0.312187 0.512796 -0.179329 -0.309487 0.000000 0.000000 0.000000 0.000001 1 5.890615284e-08 5.890615284e-08
133 0.074784 -0.160601 -0.312220 0.512796 -0.179329 -0.309487 0.000000 0.000000 0.000000 0.000001 1 1.885928214e-08 1.885928214e-08
133 0.073585 -0.161691 -0.312253 0.512796 -0.179329 -0.309487 0.000000 0.000000 0.000000 0.000001 1 2.305023372e-08 2.305023372e-08
134 0.072390 -0.127764 -0.270804 0.618775 -0.144318 -0.267444 0.000000 0.000000 0.000000 0.000001 1 3.492459655e-08 3.492459655e-08
134 0.071181 -0.131749 -0.270789 0.618775 -0.144318 -0.267444 0.000000 0.000000 0.000000 0.000001 1 5.797483027e-08 5.797483027e-08
134 0.070032 -0.135407 -0.270783 0.618775 -0.144318 -0.267444 0.000000 0.000000 0.000000 0.000001 1 6.007030606e-08 6.007030606e-08
134 0.068933 -0.138747 -0.270783 0.618775 -0.144318 -0.267444 0.000000 0.000000 0.000000 0.000001 1 6.100162864e-08 6.100162864e-08
134 0.067879 -0.141794 -0.270789 0.618775 -0.144318 -0.267444 0.000000 0.000000 0.000000 0.000001 1 6.100162864e-08 6.100162864e-08
134 0.066868 -0.144574 -0.270800 0.618775 -0.144318 -0.267444 0.000000 0.000000 0.000000 0.000001 1 6.309710443e-08 6.309710443e-08
134 0.065900 -0.147115 -0.270815 0.618775 -0.144318 -0.267444 0.000000 0.000000 0.000000 0.000001 1 6.193295121e-08 6.193295121e-08
134 0.064979 -0.149455 -0.270833 0.618775 -0.144318 -0.267444 0.000000 0.000000 0.000000 0.000001 1 5.401670933e-08 5.401670933e-08
134 0.064106 -0.151623 -0.270854 0.618775 -0.144318 -0.267444 0.000000 0.000000 0.000000 0.000001 1 5.983747542e-08 5.983747542e-08
134 0.063284 -0.153639 -0.270878 0.618775 -0.144318 -0.267444 0.000000 0.000000 0.000000 0.000000 1 5.704350770e-08 5.704350770e-08
134 0.062510 -0.155508 -0.270903 0.618775 -0.144318 -0.267444 0.000000 0.000000 0.000000 0.000000 1 5.681067705e-08 5.681067705e-08
134 0.061781 -0.157229 -0.270929 0.618775 -0.144318 -0.267444 0.000000 0.000000 0.000000 0.000000 1 1.799780875e-07 1.799780875e-07
134 0.061097 -0.158815 -0.270956 0.618775 -0.144318 -0.267444 0.000000 0.000000 0.000000 0.000000 1 5.913898349e-08 5.913898349e-08
134 0.060462 -0.160297 -0.270984 0.618775 -0.144318 -0.267444 0.000000 0.000000 0.000000 0.000000 1 5.820766091e-08 5.820766091e-08
134 0.059883 -0.161716 -0.271013 0.618775 -0.144318 -0.267444 0.000000 0.000000 0.000000 0.000000 1 5.890615284e-08 5.890615284e-08
134 0.059365 -0.163111 -0.271042 0.618775 -0.144318 -0.267444 0.000000 0.000000 0.000000 0.000000 1 5.983747542e-08 5.983747542e-08
134 0.058915 -0.164514 -0.271071 0.618775 -0.144318 -0.267444 0.000000 0.000000 0.000000 0.000000 1 6.100162864e-08 6.100162864e-08
134 0.058534 -0.165943 -0.271100 0.618775 -0.144318 -0.267444 0.000000 0.000000 0.000000 0.000000 1 5.704350770e-08 5.704350770e-08
134 0.058221 -0.167399 -0.271130 0.618775 -0.144318 -0.267444 0.000000 0.000000 0.000000 0.000000 1 5.890615284e-08 5.890615284e-08
134 0.057969 -0.168867 -0.271161 0.618775 -0.144318 -0.267444 0.000000 0.000000 0.000000 0.000000 1 5.308538675e-08 5.308538675e-08
135 0.055984 -0.147397 -0.270628 0.736091 -0.111528 -0.266027 0.000000 0.000000 0.000000 0.000000 1 5.704350770e-08 5.704350770e-08
135 0.055973 -0.151183 -0.270612 0.736091 -0.111528 -0.266027 0.000000 0.000000 0.000000 0.000000 1 5.401670933e-08 5.401670933e-08
135 0.055979 -0.154639 -0.270606 0.736091 -0.111528 -0.266027 0.000000 0.000000 0.000000 0.000000 1 5.820766091e-08 5.820766091e-08
135 0.056007 -0.157797 -0.270607 0.736091 -0.111528 -0.266027 0.000000 0.000000 0.000000 0.000000 1 5.704350770e-08 5.704350770e-08
135 0.056068 -0.160694 -0.270615 0.736091 -0.111528 -0.266027 0.000000 0.000000 0.000000 0.000000 1 6.100162864e-08 6.100162864e-08
135 0.056170 -0.163362 -0.270629 0.736091 -0.111528 -0.266027 0.000000 0.000000 0.000000 0.000000 1 6.100162864e-08 6.100162864e-08
135 0.056317 -0.165817 -0.270647 0.736091 -0.111528 -0.266027 0.000000 0.000000 0.000000 0.000000 1 6.100162864e-08 6.100162864e-08
135 0.056510 -0.168061 -0.270669 0.736091 -0.111528 -0.266027 0.000000 0.000000 0.000000 0.000000 1 5.797483027e-08 5.797483027e-08
135 0.056741 -0.170084 -0.270695 0.736091 -0.111528 -0.266027 0.000000 0.000000 0.000000 0.000000 1 1.690350473e-07 1.690350473e-07
135 0.057000 -0.171872 -0.270723 0.736091 -0.111528 -0.266027 0.000000 0.000000 0.000000 0.000000 1 6.007030606e-08 6.007030606e-08
135 0.057277 -0.173417 -0.270752 0.736091 -0.111528 -0.266027 0.000000 0.000000 0.000000 0.000000 1 5.587935448e-08 5.587935448e-08
135 0.057562 -0.174723 -0.270783 0.736091 -0.111528 -0.266027 0.000000 0.000000 0.000000 0.000000 1 6.309710443e-08 6.309710443e-08
135 0.057851 -0.175809 -0.270814 0.736091 -0.111528 -0.266027 0.000000 0.000000 0.000000 0.000000 1 1.389998943e-07 1.389998943e-07
135 0.058142 -0.176703 -0.270845 0.736091 -0.111528 -0.266027 0.000000 0.000000 0.000000 0.000000 1 7.683411241e-08 7.683411241e-08
135 0.058440 -0.177444 -0.270876 0.736091 -0.111528 -0.266027 0.000000 0.000000 0.000000 0.000000 1 5.797483027e-08 5.797483027e-08
135 0.058751 -0.178073 -0.270906 0.736091 -0.111528 -0.266027 0.000000 0.000000 0.000000 0.000000 1 6.100162864e-08 6.100162864e-08
135 0.059081 -0.178624 -0.270935 0.736091 -0.111528 -0.266027 0.000000 0.000000 0.000000 0.000000 1 5.890615284e-08 5.890615284e-08
135 0.059434 -0.179124 -0.270963 0.736091 -0.111528 -0.266027 0.000000 0.000000 0.000000 0.000001 1 5.704350770e-08 5.704350770e-08
135 0.059810 -0.179594 -0.270991 0.736091 -0.111528 -0.266027 0.000000 0.000000 0.000000 0.000001 1 5.401670933e-08 5.401670933e-08
135 0.060203 -0.180037 -0.271017 0.736091 -0.111528 -0.266027 0.000000 0.000000 0.000000 0.000001 1 5.983747542e-08 5.983747542e-08
136 0.056571 -0.145829 -0.237457 0.882395 -0.058708 -0.231407 0.000000 0.000000 0.000000 0.000001 1 6.007030606e-08 6.007030606e-08
136 0.057656 -0.151660 -0.237404 0.882395 -0.058708 -0.231407 0.000000 0.000000 0.000000 0.000001 1 5.704350770e-08 5.704350770e-08
136 0.058575 -0.156598 -0.237370 0.882395 -0.058708 -0.231407 0.000000 0.000000 0.000000 0.000001 1 5.518086255e-08 5.518086255e-08
136 0.059344 -0.160715 -0.237352 0.882395 -0.058708 -0.231407 0.000000 0.000000 0.000000 0.000001 1 5.797483027e-08 5.797483027e-08
136 0.059987 -0.164121 -0.237346 0.882395 -0.058708 -0.231407 0.000000 0.000000 0.000000 0.000001 1 5.797483027e-08 5.797483027e-08
136 0.060534 -0.166949 -0.237350 0.882395 -0.058708 -0.231407 0.000000 0.000000 0.000000 0.000001 1 1.501757652e-07 1.501757652e-07
136 0.061012 -0.169313 -0.237360 0.882395 -0.058708 -0.231407 0.000000 0.000000 0.000000 0.000001 1 5.983747542e-08 5.983747542e-08
136 0.061444 -0.171309 -0.237376 0.882395 -0.058708 -0.231407 0.000000 0.000000 0.000000 0.000001 1 6.007030606e-08 6.007030606e-08
136 0.061846 -0.173014 -0.237397 0.882395 -0.058708 -0.231407 0.000000 0.000000 0.000000 0.000000 1 1.660082489e-07 1.660082489e-07
136 0.062229 -0.174482 -0.237420 0.882395 -0.058708 -0.231407 0.000000 0.000000 0.000000 0.000000 1 5.611218512e-08 5.611218512e-08
136 0.062599 -0.175751 -0.237446 0.882395 -0.058708 -0.231407 0.000000 0.000000 0.000000 0.000000 1 5.704350770e-08 5.704350770e-08
136 0.062959 -0.176844 -0.237473 0.882395 -0.058708 -0.231407 0.000000 0.000000 0.000000 0.000000 1 5.494803190e-08 5.494803190e-08
136 0.063314 -0.177793 -0.237501 0.882395 -0.058708 -0.231407 0.000000 0.000000 0.000000 0.000000 1 5.704350770e-08 5.704350770e-08
136 0.063676 -0.178648 -0.237530 0.882395 -0.058708 -0.231407 0.000000 0.000000 0.000000 0.000000 1 5.401670933e-08 5.401670933e-08
136 0.064063 -0.179465 -0.237559 0.882395 -0.058708 -0.231407 0.000000 0.000000 0.000000 0.000000 1 1.909211278e-08 1.909211278e-08
136 0.064486 -0.180289 -0.237588 0.882395 -0.058708 -0.231407 0.000000 0.000000 0.000000 0.000000 1 2.002343535e-08 2.002343535e-08
136 0.064956 -0.181153 -0.237618 0.882395 -0.058708 -0.231407 0.000000 0.000000 0.000000 0.000000 1 4.889443517e-08 4.889443517e-08
136 0.065481 -0.182074 -0.237649 0.882395 -0.058708 -0.231407 0.000000 0.000000 0.000000 0.000000 1 2.090819180e-07 2.090819180e-07
136 0.066060 -0.183051 -0.237680 0.882395 -0.058708 -0.231407 0.000000 0.000000 0.000000 0.000000 1 1.641456038e-07 1.641456038e-07
136 0.066686 -0.184059 -0.237712 0.882395 -0.058708 -0.231407 0.000000 0.000000 0.000000 0.000000 1 6.007030606e-08 6.007030606e-08
137 0.064758 -0.168304 -0.265153 1.011729 -0.017953 -0.257623 0.000000 0.000000 0.000000 0.000001 1 6.193295121e-08 6.193295121e-08
137 0.066264 -0.173233 -0.265128 1.011729 -0.017953 -0.257623 0.000000 0.000000 0.000000 0.000001 1 5.797483027e-08 5.797483027e-08
137 0.067569 -0.177169 -0.265121 1.011729 -0.017953 -0.257623 0.000000 0.000000 0.000000 0.000001 1 1.701992005e-07 1.701992005e-07
137 0.068728 -0.180290 -0.265127 1.011729 -0.017953 -0.257623 0.000000 0.000000 0.000000 0.000001 1 6.402842700e-08 6.402842700e-08
137 0.069794 -0.182779 -0.265144 1.011729 -0.017953 -0.257623 0.000000 0.000000 0.000000 0.000001 1 6.100162864e-08 6.100162864e-08
137 0.070807 -0.184784 -0.265168 1.011729 -0.017953 -0.257623 0.000000 0.000000 0.000000 0.000001 1 6.309710443e-08 6.309710443e-08
137 0.071791 -0.186414 -0.265197 1.011729 -0.017953 -0.257623 0.000000 0.000000 0.000000 0.000001 1 5.913898349e-08 5.913898349e-08
137 0.072763 -0.187741 -0.265231 1.011729 -0.017953 -0.257623 0.000000 0.000000 0.000000 0.000001 1 6.100162864e-08 6.100162864e-08
137 0.073726 -0.188814 -0.265267 1.011729 -0.017953 -0.257623 0.000000 0.000000 0.000000 0.000001 1 6.193295121e-08 6.193295121e-08
137 0.074679 -0.189673 -0.265305 1.011729 -0.017953 -0.257623 0.000000 0.000000 0.000000 0.000001 1 5.704350770e-08 5.704350770e-08
137 0.075618 -0.190357 -0.265344 1.011729 -0.017953 -0.257623 0.000000 0.000000 0.000000 0.000001 1 6.100162864e-08 6.100162864e-08
137 0.076541 -0.190902 -0.265383 1.011729 -0.017953 -0.257623 0.000000 0.000000 0.000000 0.000001 1 5.890615284e-08 5.890615284e-08
137 0.077446 -0.191337 -0.265422 1.011729 -0.017953 -0.257623 0.000000 0.000000 0.000000 0.000001 1 5.494803190e-08 5.494803190e-08
137 0.078333 -0.191685 -0.265460 1.011729 -0.017953 -0.257623 0.000000 0.000000 0.000000 0.000001 1 5.587935448e-08 5.587935448e-08
137 0.079207 -0.191972 -0.265498 1.011729 -0.017953 -0.257623 0.000000 0.000000 0.000000 0.000001 1 5.587935448e-08 5.587935448e-08
137 0.080076 -0.192220 -0.265535 1.011729 -0.017953 -0.257623 0.000000 0.000000 0.000000 0.000001 1 6.309710443e-08 6.309710443e-08
137 0.080945 -0.192445 -0.265570 1.011729 -0.017953 -0.257623 0.000000 0.000000 0.000000 0.000001 1 6.705522537e-08 6.705522537e-08
137 0.081821 -0.192666 -0.265605 1.011729 -0.017953 -0.257623 0.000000 0.000000 0.000000 0.000001 1 5.494803190e-08 5.494803190e-08
137 0.082703 -0.192901 -0.265640 1.011729 -0.017953 -0.257623 0.000000 0.000000 0.000000 0.000001 1 6.007030606e-08 6.007030606e-08
137 0.083583 -0.193137 -0.265673 1.011729 -0.017953 -0.257623 0.000000 0.000000 0.000000 0.000001 1 1.718290150e-07 1.718290150e-07
138 0.077588 -0.157849 -0.234123 1.151259 0.049482 -0.224850 0.000000 0.000000 0.000000 0.000001 1 5.797483027e-08 5.797483027e-08
138 0.081179 -0.168032 -0.234034 1.151259 0.049482 -0.224850 0.000000 0.000000 0.000000 0.000001 1 5.494803190e-08 5.494803190e-08
138 0.083861 -0.175773 -0.233991 1.151259 0.049482 -0.224850 0.000000 0.000000 0.000000 0.000001 1 6.193295121e-08 6.193295121e-08
138 0.085794 -0.181289 -0.233982 1.151259 0.049482 -0.224850 0.000000 0.000000 0.000000 0.000001 1 5.704350770e-08 5.704350770e-08
138 0.087198 -0.185061 -0.233995 1.151259 0.049482 -0.224850 0.000000 0.000000 0.000000 0.000001 1 8.614733815e-08 8.614733815e-08
138 0.088270 -0.187638 -0.234022 1.151259 0.049482 -0.224850 0.000000 0.000000 0.000000 0.000001 1 6.193295121e-08 6.193295121e-08
138 0.089149 -0.189467 -0.234057 1.151259 0.049482 -0.224850 0.000000 0.000000 0.000000 0.000001 1 5.704350770e-08 5.704350770e-08
138 0.089920 -0.190838 -0.234096 1.151259 0.049482 -0.224850 0.000000 0.000000 0.000000 0.000001 1 5.611218512e-08 5.611218512e-08
138 0.090633 -0.191936 -0.234139 1.151259 0.049482 -0.224850 0.000000 0.000000 0.000000 0.000000 1 5.681067705e-08 5.681067705e-08
138 0.091314 -0.192864 -0.234183 1.151259 0.049482 -0.224850 0.000000 0.000000 0.000000 0.000000 1 5.797483027e-08 5.797483027e-08
138 0.091976 -0.193668 -0.234228 1.151259 0.049482 -0.224850 0.000000 0.000000 0.000000 0.000000 1 6.007030606e-08 6.007030606e-08
138 0.092621 -0.194371 -0.234274 1.151259 0.049482 -0.224850 0.000000 0.000000 0.000000 0.000000 1 1.641456038e-07 1.641456038e-07
138 0.093257 -0.194995 -0.234320 1.151259 0.049482 -0.224850 0.000000 0.000000 0.000000 0.000000 1 6.286427379e-08 6.286427379e-08
138 0.093900 -0.195580 -0.234366 1.151259 0.049482 -0.224850 0.000000 0.000000 0.000000 0.000000 1 5.797483027e-08 5.797483027e-08
138 0.094570 -0.196172 -0.234412 1.151259 0.049482 -0.224850 0.000000 0.000000 0.000000 0.000000 1 5.913898349e-08 5.913898349e-08
138 0.095283 -0.196803 -0.234458 1.151259 0.049482 -0.224850 0.000000 0.000000 0.000000 0.000000 1 5.797483027e-08 5.797483027e-08
138 0.096054 -0.197496 -0.234505 1.151259 0.049482 -0.224850 0.000000 0.000000 0.000000 0.000000 1 1.669395715e-07 1.669395715e-07
138 0.096889 -0.198260 -0.234553 1.151259 0.049482 -0.224850 0.000000 0.000000 0.000000 0.000000 1 6.286427379e-08 6.286427379e-08
138 0.097789 -0.199088 -0.234602 1.151259 0.049482 -0.224850 0.000000 0.000000 0.000000 0.000000 1 6.100162864e-08 6.100162864e-08
138 0.098744 -0.199951 -0.234653 1.151259 0.049482 -0.224850 0.000000 0.000000 0.000000 0.000000 1 5.890615284e-08 5.890615284e-08
139 0.098195 -0.192616 -0.275601 1.268009 0.089010 -0.264404 0.000000 0.000000 0.000000 0.000000 1 6.007030606e-08 6.007030606e-08
139 0.100336 -0.197166 -0.275608 1.268009 0.089010 -0.264404 0.000000 0.000000 0.000000 0.000000 1 6.007030606e-08 6.007030606e-08
139 0.101958 -0.199900 -0.275638 1.268009 0.089010 -0.264404 0.000000 0.000000 0.000000 0.000000 1 5.797483027e-08 5.797483027e-08
139 0.103338 -0.201629 -0.275679 1.268009 0.089010 -0.264404 0.000000 0.000000 0.000000 0.000000 1 6.193295121e-08 6.193295121e-08
139 0.104625 -0.202853 -0.275728 1.268009 0.089010 -0.264404 0.000000 0.000000 0.000000 0.000000 1 5.983747542e-08 5.983747542e-08
139 0.105890 -0.203815 -0.275782 1.268009 0.089010 -0.264404 0.000000 0.000000 0.000000 0.000000 1 5.890615284e-08 5.890615284e-08
139 0.107163 -0.204614 -0.275839 1.268009 0.089010 -0.264404 0.000000 0.000000 0.000000 0.000000 1 6.100162864e-08 6.100162864e-08
139 0.108452 -0.205292 -0.275900 1.268009 0.089010 -0.264404 0.000000 0.000000 0.000000 0.000000 1 5.890615284e-08 5.890615284e-08
139 0.109758 -0.205872 -0.275962 1.268009 0.089010 -0.264404 0.000000 0.000000 0.000000 0.000000 1 8.987262845e-08 8.987262845e-08
139 0.111074 -0.206371 -0.276026 1.268009 0.089010 -0.264404 0.000000 0.000000 0.000000 0.000000 1 6.007030606e-08 6.007030606e-08
139 0.112390 -0.206807 -0.276091 1.268009 0.089010 -0.264404 0.000000 0.000000 0.000000 0.000000 1 3.981404006e-08 3.981404006e-08
139 0.113701 -0.207201 -0.276156 1.268009 0.089010 -0.264404 0.000000 0.000000 0.000000 0.000000 1 4.819594324e-08 4.819594324e-08
139 0.115000 -0.207555 -0.276220 1.268009 0.089010 -0.264404 0.000000 0.000000 0.000000 0.000000 1 5.820766091e-08 5.820766091e-08
139 0.116281 -0.207869 -0.276285 1.268009 0.089010 -0.264404 0.000000 0.000000 0.000000 0.000000 1 1.720618457e-07 1.720618457e-07
139 0.117549 -0.208151 -0.276349 1.268009 0.089010 -0.264404 0.000000 0.000000 0.000000 0.000000 1 6.193295121e-08 6.193295121e-08
139 0.118809 -0.208414 -0.276413 1.268009 0.089010 -0.264404 0.000000 0.000000 0.000000 0.000000 1 5.704350770e-08 5.704350770e-08
139 0.120072 -0.208680 -0.276476 1.268009 0.089010 -0.264404 0.000000 0.000000 0.000000 0.000000 1 6.007030606e-08 6.007030606e-08
139 0.121346 -0.208971 -0.276539 1.268009 0.089010 -0.264404 0.000000 0.000000 0.000000 0.000000 1 6.216578186e-08 6.216578186e-08
139 0.122635 -0.209309 -0.276602 1.268009 0.089010 -0.264404 0.000000 0.000000 0.000000 0.000000 1 6.286427379e-08 6.286427379e-08
139 0.123915 -0.209650 -0.276665 1.268009 0.089010 -0.264404 0.000000 0.000000 0.000000 0.000000 1 5.983747542e-08 5.983747542e-08
140 0.115416 -0.170870 -0.238968 1.389683 0.169996 -0.225325 0.000000 0.000000 0.000000 0.000000 1 5.913898349e-08 5.913898349e-08
140 0.123943 -0.187926 -0.238830 1.389683 0.169996 -0.225325 0.000000 0.000000 0.000000 0.000000 1 6.007030606e-08 6.007030606e-08
140 0.129155 -0.199196 -0.238802 1.389683 0.169996 -0.225325 0.000000 0.000000 0.000000 0.000000 1 5.913898349e-08 5.913898349e-08
140 0.131939 -0.205254 -0.238843 1.389683 0.169996 -0.225325 0.000000 0.000000 0.000000 0.000000 1 6.007030606e-08 6.007030606e-08
140 0.133515 -0.208157 -0.238917 1.389683 0.169996 -0.225325 0.000000 0.000000 0.000000 0.000000 1 6.007030606e-08 6.007030606e-08
140 0.134618 -0.209674 -0.239001 1.389683 0.169996 -0.225325 0.000000 0.000000 0.000000 0.000000 1 1.396983862e-08 1.396983862e-08
140 0.135557 -0.210694 -0.239088 1.389683 0.169996 -0.225325 0.000000 0.000000 0.000000 0.000000 1 1.490116119e-08 1.490116119e-08
140 0.136444 -0.211538 -0.239176 1.389683 0.169996 -0.225325 0.000000 0.000000 0.000000 0.000000 1 6.007030606e-08 6.007030606e-08
140 0.137318 -0.212310 -0.239263 1.389683 0.169996 -0.225325 0.000000 0.000000 0.000000 0.000000 1 6.193295121e-08 6.193295121e-08
140 0.138189 -0.213040 -0.239351 1.389683 0.169996 -0.225325 0.000000 0.000000 0.000000 0.000000 1 5.797483027e-08 5.797483027e-08
140 0.139057 -0.213726 -0.239437 1.389683 0.169996 -0.225325 0.000000 0.000000 0.000000 -0.000000 1 1.608859748e-07 1.608859748e-07
140 0.139919 -0.214355 -0.239523 1.389683 0.169996 -0.225325 0.000000 0.000000 0.000000 -0.000000 1 5.890615284e-08 5.890615284e-08
140 0.140775 -0.214925 -0.239608 1.389683 0.169996 -0.225325 0.000000 0.000000 0.000000 -0.000000 1 6.286427379e-08 6.286427379e-08
140 0.141644 -0.215463 -0.239693 1.389683 0.169996 -0.225325 0.000000 0.000000 0.000000 -0.000000 1 5.704350770e-08 5.704350770e-08
140 0.142548 -0.216006 -0.239777 1.389683 0.169996 -0.225325 0.000000 0.000000 0.000000 -0.000000 1 6.100162864e-08 6.100162864e-08
140 0.143505 -0.216574 -0.239862 1.389683 0.169996 -0.225325 0.000000 0.000000 0.000000 -0.000000 1 5.797483027e-08 5.797483027e-08
140 0.144532 -0.217183 -0.239948 1.389683 0.169996 -0.225325 0.000000 0.000000 0.000000 -0.000000 1 5.913898349e-08 5.913898349e-08
140 0.145638 -0.217841 -0.240036 1.389683 0.169996 -0.225325 0.000000 0.000000 0.000000 -0.000000 1 1.792795956e-08 1.792795956e-08
140 0.146829 -0.218544 -0.240126 1.389683 0.169996 -0.225325 0.000000 0.000000 0.000000 -0.000000 1 1.396983862e-08 1.396983862e-08
140 0.148092 -0.219271 -0.240218 1.389683 0.169996 -0.225325 0.000000 0.000000 0.000000 -0.000000 1 5.797483027e-08 5.797483027e-08
141 0.149985 -0.219507 -0.292222 1.490312 0.203376 -0.275712 0.000000 0.000000 0.000000 -0.000000 1 6.100162864e-08 6.100162864e-08
141 0.151636 -0.220643 -0.292303 1.490312 0.203376 -0.275712 0.000000 0.000000 0.000000 -0.000000 1 6.100162864e-08 6.100162864e-08
141 0.153229 -0.221467 -0.292391 1.490312 0.203376 -0.275712 0.000000 0.000000 0.000000 -0.000000 1 6.007030606e-08 6.007030606e-08
141 0.154842 -0.222195 -0.292485 1.490312 0.203376 -0.275712 0.000000 0.000000 0.000000 -0.000000 1 5.913898349e-08 5.913898349e-08
141 0.156491 -0.222850 -0.292584 1.490312 0.203376 -0.275712 0.000000 0.000000 0.000000 -0.000000 1 6.007030606e-08 6.007030606e-08
141 0.158186 -0.223431 -0.292688 1.490312 0.203376 -0.275712 0.000000 0.000000 0.000000 -0.000000 1 6.193295121e-08 6.193295121e-08
141 0.159933 -0.223948 -0.292798 1.490312 0.203376 -0.275712 0.000000 0.000000 0.000000 -0.000000 1 5.890615284e-08 5.890615284e-08
141 0.161738 -0.224419 -0.292912 1.490312 0.203376 -0.275712 0.000000 0.000000 0.000000 -0.000000 1 5.494803190e-08 5.494803190e-08
141 0.163600 -0.224866 -0.293030 1.490312 0.203376 -0.275712 0.000000 0.000000 0.000000 -0.000000 1 5.983747542e-08 5.983747542e-08
141 0.165508 -0.225301 -0.293152 1.490312 0.203376 -0.275712 0.000000 0.000000 0.000000 -0.000000 1 5.611218512e-08 5.611218512e-08
141 0.167448 -0.225728 -0.293277 1.490312 0.203376 -0.275712 0.000000 0.000000 0.000000 -0.000000 1 6.193295121e-08 6.193295121e-08
141 0.169402 -0.226150 -0.293403 1.490312 0.203376 -0.275712 0.000000 0.000000 0.000000 -0.000000 1 6.100162864e-08 6.100162864e-08
141 0.171356 -0.226555 -0.293531 1.490312 0.203376 -0.275712 0.000000 0.000000 0.000000 -0.000000 1 5.797483027e-08 5.797483027e-08
141 0.173300 -0.226930 -0.293659 1.490312 0.203376 -0.275712 0.000000 0.000000 0.000000 -0.000000 1 5.611218512e-08 5.611218512e-08
141 0.175237 -0.227285 -0.293788 1.490312 0.203376 -0.275712 0.000000 0.000000 0.000000 -0.000000 1 6.007030606e-08 6.007030606e-08
141 0.177181 -0.227645 -0.293919 1.490312 0.203376 -0.275712 0.000000 0.000000 0.000000 -0.000000 1 6.007030606e-08 6.007030606e-08
141 0.179147 -0.228037 -0.294050 1.490312 0.203376 -0.275712 0.000000 0.000000 0.000000 -0.000000 1 5.820766091e-08 5.820766091e-08
141 0.181153 -0.228496 -0.294183 1.490312 0.203376 -0.275712 0.000000 0.000000 0.000000 -0.000000 1 5.890615284e-08 5.890615284e-08
141 0.183199 -0.229034 -0.294317 1.490312 0.203376 -0.275712 0.000000 0.000000 0.000000 -0.000000 1 5.704350770e-08 5.704350770e-08
141 0.185227 -0.229553 -0.294453 1.490312 0.203376 -0.275712 0.000000 0.000000 0.000000 -0.000000 1 9.196810424e-08 9.196810424e-08
142 0.173470 -0.182460 -0.242368 1.590321 0.301321 -0.221951 0.000000 0.000000 0.000000 -0.000001 1 6.007030606e-08 6.007030606e-08
142 0.192913 -0.209265 -0.242089 1.590321 0.301321 -0.221951 0.000000 0.000000 0.000000 -0.000001 1 5.797483027e-08 5.797483027e-08
142 0.202851 -0.225372 -0.242102 1.590321 0.301321 -0.221951 0.000000 0.000000 0.000000 -0.000001 1 5.611218512e-08 5.611218512e-08
142 0.206209 -0.230916 -0.242284 1.590321 0.301321 -0.221951 0.000000 0.000000 0.000000 -0.000001 1 5.797483027e-08 5.797483027e-08
142 0.207732 -0.232463 -0.242503 1.590321 0.301321 -0.221951 0.000000 0.000000 0.000000 -0.000001 1 7.194466889e-08 7.194466889e-08
142 0.208942 -0.233251 -0.242722 1.590321 0.301321 -0.221951 0.000000 0.000000 0.000000 -0.000001 1 2.188608050e-08 2.188608050e-08
142 0.210116 -0.233945 -0.242933 1.590321 0.301321 -0.221951 0.000000 0.000000 0.000000 -0.000001 1 2.211891115e-08 2.211891115e-08
142 0.211303 -0.234634 -0.243138 1.590321 0.301321 -0.221951 0.000000 0.000000 0.000000 -0.000001 1 2.398155630e-08 2.398155630e-08
142 0.212510 -0.235312 -0.243338 1.590321 0.301321 -0.221951 0.000000 0.000000 0.000000 -0.000001 1 6.007030606e-08 6.007030606e-08
142 0.213735 -0.235974 -0.243534 1.590321 0.301321 -0.221951 0.000000 0.000000 0.000000 -0.000001 1 5.913898349e-08 5.913898349e-08
142 0.214972 -0.236607 -0.243725 1.590321 0.301321 -0.221951 0.000000 0.000000 0.000000 -0.000001 1 6.007030606e-08 6.007030606e-08
142 0.216209 -0.237193 -0.243913 1.590321 0.301321 -0.221951 0.000000 0.000000 0.000000 -0.000001 1 7.287599146e-08 7.287599146e-08
142 0.217447 -0.237718 -0.244097 1.590321 0.301321 -0.221951 0.000000 0.000000 0.000000 -0.000001 1 5.797483027e-08 5.797483027e-08
142 0.218706 -0.238199 -0.244279 1.590321 0.301321 -0.221951 0.000000 0.000000 0.000000 -0.000001 1 6.007030606e-08 6.007030606e-08
142 0.220015 -0.238667 -0.244460 1.590321 0.301321 -0.221951 0.000000 0.000000 0.000000 -0.000001 1 6.007030606e-08 6.007030606e-08
142 0.221397 -0.239134 -0.244641 1.590321 0.301321 -0.221951 0.000000 0.000000 0.000000 -0.000001 1 6.100162864e-08 6.100162864e-08
142 0.222872 -0.239610 -0.244824 1.590321 0.301321 -0.221951 0.000000 0.000000 0.000000 -0.000001 1 1.650769264e-07 1.650769264e-07
142 0.224458 -0.240104 -0.245010 1.590321 0.301321 -0.221951 0.000000 0.000000 0.000000 -0.000001 1 5.913898349e-08 5.913898349e-08
142 0.226165 -0.240621 -0.245201 1.590321 0.301321 -0.221951 0.000000 0.000000 0.000000 -0.000001 1 5.797483027e-08 5.797483027e-08
142 0.227991 -0.241155 -0.245397 1.590321 0.301321 -0.221951 0.000000 0.000000 0.000000 -0.000001 1 5.890615284e-08 5.890615284e-08
143 0.235387 -0.246618 -0.314744 1.674296 0.320803 -0.289271 0.000000 0.000000 0.000000 -0.000002 1 6.100162864e-08 6.100162864e-08
143 0.236432 -0.243480 -0.314990 1.674296 0.320803 -0.289271 0.000000 0.000000 0.000000 -0.000002 1 1.690350473e-07 1.690350473e-07
143 0.238759 -0.243919 -0.315209 1.674296 0.320803 -0.289271 0.000000 0.000000 0.000000 -0.000002 1 8.405186236e-08 8.405186236e-08
143 0.241290 -0.244629 -0.315434 1.674296 0.320803 -0.289271 0.000000 0.000000 0.000000 -0.000002 1 5.797483027e-08 5.797483027e-08
143 0.243912 -0.245275 -0.315670 1.674296 0.320803 -0.289271 0.000000 0.000000 0.000000 -0.000002 1 5.797483027e-08 5.797483027e-08
143 0.246634 -0.245835 -0.315919 1.674296 0.320803 -0.289271 0.000000 0.000000 0.000000 -0.000002 1 5.797483027e-08 5.797483027e-08
143 0.249486 -0.246349 -0.316180 1.674296 0.320803 -0.289271 0.000000 0.000000 0.000000 -0.000002 1 5.890615284e-08 5.890615284e-08
143 0.252494 -0.246869 -0.316455 1.674296 0.320803 -0.289271 0.000000 0.000000 0.000000 -0.000002 1 5.797483027e-08 5.797483027e-08
143 0.255665 -0.247430 -0.316742 1.674296 0.320803 -0.289271 0.000000 0.000000 0.000000 -0.000002 1 5.681067705e-08 5.681067705e-08
143 0.258985 -0.248037 -0.317041 1.674296 0.320803 -0.289271 0.000000 0.000000 0.000000 -0.000002 1 5.704350770e-08 5.704350770e-08
143 0.262420 -0.248677 -0.317351 1.674296 0.320803 -0.289271 0.000000 0.000000 0.000000 -0.000002 1 6.100162864e-08 6.100162864e-08
143 0.265938 -0.249334 -0.317668 1.674296 0.320803 -0.289271 0.000000 0.000000 0.000000 -0.000002 1 6.007030606e-08 6.007030606e-08
143 0.269504 -0.249978 -0.317994 1.674296 0.320803 -0.289271 0.000000 0.000000 0.000000 -0.000002 1 5.681067705e-08 5.681067705e-08
143 0.273105 -0.250602 -0.318325 1.674296 0.320803 -0.289271 0.000000 0.000000 0.000000 -0.000002 1 5.913898349e-08 5.913898349e-08
143 0.276754 -0.251224 -0.318663 1.674296 0.320803 -0.289271 0.000000 0.000000 0.000000 -0.000002 1 5.611218512e-08 5.611218512e-08
143 0.280479 -0.251878 -0.319009 1.674296 0.320803 -0.289271 0.000000 0.000000 0.000000 -0.000002 1 5.401670933e-08 5.401670933e-08
143 0.284316 -0.252604 -0.319363 1.674296 0.320803 -0.289271 0.000000 0.000000 0.000000 -0.000002 1 5.913898349e-08 5.913898349e-08
143 0.288296 -0.253440 -0.319727 1.674296 0.320803 -0.289271 0.000000 0.000000 0.000000 -0.000002 1 5.704350770e-08 5.704350770e-08
143 0.292427 -0.254398 -0.320103 1.674296 0.320803 -0.289271 0.000000 0.000000 0.000000 -0.000003 1 1.518055797e-07 1.518055797e-07
143 0.296607 -0.255359 -0.320486 1.674296 0.320803 -0.289271 0.000000 0.000000 0.000000 -0.000003 1 6.100162864e-08 6.100162864e-08
144 0.282566 -0.201595 -0.258712 1.739811 0.429138 -0.225155 0.000000 0.000000 0.000000 -0.000002 1 5.797483027e-08 5.797483027e-08
144 0.323129 -0.235909 -0.257984 1.739811 0.429138 -0.225155 0.000000 0.000000 0.000000 -0.000002 1 5.494803190e-08 5.494803190e-08
144 0.344232 -0.258006 -0.258078 1.739811 0.429138 -0.225155 0.000000 0.000000 0.000000 -0.000004 1 5.704350770e-08 5.704350770e-08
144 0.349098 -0.262381 -0.258761 1.739811 0.429138 -0.225155 0.000000 0.000000 0.000000 -0.000004 1 5.797483027e-08 5.797483027e-08
144 0.351985 -0.263316 -0.259487 1.739811 0.429138 -0.225155 0.000000 0.000000 0.000000 -0.000004 1 6.100162864e-08 6.100162864e-08
144 0.354823 -0.264092 -0.260187 1.739811 0.429138 -0.225155 0.000000 0.000000 0.000000 -0.000004 1 5.890615284e-08 5.890615284e-08
144 0.357699 -0.264824 -0.260866 1.739811 0.429138 -0.225155 0.000000 0.000000 0.000000 -0.000004 1 5.890615284e-08 5.890615284e-08
144 0.360640 -0.265509 -0.261529 1.739811 0.429138 -0.225155 0.000000 0.000000 0.000000 -0.000004 1 6.007030606e-08 6.007030606e-08
144 0.363685 -0.266174 -0.262178 1.739811 0.429138 -0.225155 0.000000 0.000000 0.000000 -0.000004 1 5.704350770e-08 5.704350770e-08
144 0.366858 -0.266863 -0.262816 1.739811 0.429138 -0.225155 0.000000 0.000000 0.000000 -0.000005 1 6.216578186e-08 6.216578186e-08
144 0.370147 -0.267582 -0.263443 1.739811 0.429138 -0.225155 0.000000 0.000000 0.000000 -0.000005 1 1.729931682e-07 1.729931682e-07
144 0.373524 -0.268301 -0.264060 1.739811 0.429138 -0.225155 0.000000 0.000000 0.000000 -0.000005 1 8.987262845e-08 8.987262845e-08
144 0.376970 -0.268971 -0.264671 1.739811 0.429138 -0.225155 0.000000 0.000000 0.000000 -0.000005 1 5.704350770e-08 5.704350770e-08
144 0.380509 -0.269575 -0.265280 1.739811 0.429138 -0.225155 0.000000 0.000000 0.000000 -0.000005 1 6.007030606e-08 6.007030606e-08
144 0.384193 -0.270128 -0.265892 1.739811 0.429138 -0.225155 0.000000 0.000000 0.000000 -0.000005 1 6.007030606e-08 6.007030606e-08
144 0.388073 -0.270630 -0.266513 1.739811 0.429138 -0.225155 0.000000 0.000000 0.000000 -0.000005 1 1.480802894e-07 1.480802894e-07
144 0.392200 -0.271096 -0.267150 1.739811 0.429138 -0.225155 0.000000 0.000000 0.000000 -0.000005 1 5.890615284e-08 5.890615284e-08
144 0.396617 -0.271527 -0.267807 1.739811 0.429138 -0.225155 0.000000 0.000000 0.000000 -0.000005 1 5.913898349e-08 5.913898349e-08
144 0.401375 -0.271943 -0.268489 1.739811 0.429138 -0.225155 0.000000 0.000000 0.000000 -0.000005 1 5.704350770e-08 5.704350770e-08
144 0.406512 -0.272370 -0.269199 1.739811 0.429138 -0.225155 0.000000 0.000000 0.000000 -0.000005 1 5.797483027e-08 5.797483027e-08
145 0.430218 -0.277379 -0.346971 1.795207 0.435501 -0.300247 0.000000 0.000000 0.000000 -0.000007 1 4.912726581e-08 4.912726581e-08
145 0.435756 -0.275164 -0.347969 1.795207 0.435501 -0.300247 0.000000 0.000000 0.000000 -0.000006 1 2.188608050e-08 2.188608050e-08
145 0.442999 -0.275766 -0.348935 1.795207 0.435501 -0.300247 0.000000 0.000000 0.000000 -0.000006 1 5.611218512e-08 5.611218512e-08
145 0.450802 -0.276494 -0.349939 1.795207 0.435501 -0.300247 0.000000 0.000000 0.000000 -0.000006 1 6.100162864e-08 6.100162864e-08
145 0.459152 -0.277169 -0.350996 1.795207 0.435501 -0.300247 0.000000 0.000000 0.000000 -0.000007 1 7.287599146e-08 7.287599146e-08
145 0.468170 -0.277779 -0.352117 1.795207 0.435501 -0.300247 0.000000 0.000000 0.000000 -0.000007 1 5.587935448e-08 5.587935448e-08
145 0.478052 -0.278394 -0.353316 1.795207 0.435501 -0.300247 0.000000 0.000000 0.000000 -0.000007 1 5.913898349e-08 5.913898349e-08
145 0.489005 -0.279093 -0.354603 1.795207 0.435501 -0.300247 0.000000 0.000000 0.000000 -0.000007 1 6.891787052e-08 6.891787052e-08
145 0.501214 -0.279929 -0.355987 1.795207 0.435501 -0.300247 0.000000 0.000000 0.000000 -0.000007 1 5.890615284e-08 5.890615284e-08
145 0.514804 -0.280908 -0.357472 1.795207 0.435501 -0.300247 0.000000 0.000000 0.000000 -0.000008 1 5.704350770e-08 5.704350770e-08
145 0.529855 -0.281987 -0.359063 1.795207 0.435501 -0.300247 0.000000 0.000000 0.000000 -0.000008 1 5.890615284e-08 5.890615284e-08
145 0.546456 -0.283137 -0.360759 1.795207 0.435501 -0.300247 0.000000 0.000000 0.000000 -0.000008 1 6.216578186e-08 6.216578186e-08
145 0.564741 -0.284338 -0.362558 1.795207 0.435501 -0.300247 0.000000 0.000000 0.000000 -0.000009 1 6.495974958e-08 6.495974958e-08
145 0.584944 -0.285544 -0.364458 1.795207 0.435501 -0.300247 0.000000 0.000000 0.000000 -0.000009 1 5.983747542e-08 5.983747542e-08
145 0.607546 -0.286724 -0.366459 1.795207 0.435501 -0.300247 0.000000 0.000000 0.000000 -0.000009 1 6.007030606e-08 6.007030606e-08
145 0.633336 -0.287855 -0.368543 1.795207 0.435501 -0.300247 0.000000 0.000000 0.000000 -0.000010 1 5.704350770e-08 5.704350770e-08
145 0.663586 -0.288927 -0.370641 1.795207 0.435501 -0.300247 0.000000 0.000000 0.000000 -0.000010 1 6.100162864e-08 6.100162864e-08
145 0.700267 -0.289808 -0.372563 1.795207 0.435501 -0.300247 0.000000 0.000000 0.000000 -0.000009 1 5.913898349e-08 5.913898349e-08
145 0.746243 -0.289909 -0.373835 1.795207 0.435501 -0.300247 0.000000 0.000000 0.000000 -0.000008 1 5.797483027e-08 5.797483027e-08
145 0.803477 -0.287670 -0.373658 1.795207 0.435501 -0.300247 0.000000 0.000000 0.000000 -0.000006 1 6.309710443e-08 6.309710443e-08
146 0.846974 -0.284099 -0.285676 1.796581 0.562216 -0.205458 0.000000 0.000000 0.000000 -0.000005 1 7.497146726e-08 7.497146726e-08
146 0.911515 -0.277087 -0.283248 1.796581 0.562216 -0.205458 0.000000 0.000000 0.000000 -0.000004 1 5.820766091e-08 5.820766091e-08
146 0.970020 -0.271814 -0.280465 1.796581 0.562216 -0.205458 0.000000 0.000000 0.000000 -0.000004 1 5.797483027e-08 5.797483027e-08
146 0.999759 -0.272571 -0.277848 1.796581 0.562216 -0.205458 0.000000 0.000000 0.000000 -0.000004 1 5.913898349e-08 5.913898349e-08
146 1.000000 -0.270653 -0.275188 1.796581 0.562216 -0.205458 0.000000 0.000000 0.000000 -0.000004 1 5.890615284e-08 5.890615284e-08
146 1.000000 -0.269064 -0.272696 1.796581 0.562216 -0.205458 0.000000 0.000000 0.000000 -0.000004 1 5.983747542e-08 5.983747542e-08
146 1.000000 -0.267555 -0.270360 1.796581 0.562216 -0.205458 0.000000 0.000000 0.000000 -0.000003 1 5.401670933e-08 5.401670933e-08
146 1.000000 -0.265951 -0.268165 1.796581 0.562216 -0.205458 0.000000 0.000000 0.000000 -0.000003 1 5.890615284e-08 5.890615284e-08
146 1.000000 -0.264146 -0.266096 1.796581 0.562216 -0.205458 0.000000 0.000000 0.000000 -0.000003 1 5.401670933e-08 5.401670933e-08
146 1.000000 -0.262092 -0.264140 1.796581 0.562216 -0.205458 0.000000 0.000000 0.000000 -0.000003 1 1.781154424e-07 1.781154424e-07
146 1.000000 -0.259834 -0.262288 1.796581 0.562216 -0.205458 0.000000 0.000000 0.000000 -0.000003 1 5.913898349e-08 5.913898349e-08
146 1.000000 -0.257582 -0.260539 1.796581 0.562216 -0.205458 0.000000 0.000000 0.000000 -0.000003 1 5.704350770e-08 5.704350770e-08
146 1.000000 -0.255471 -0.258895 1.796581 0.562216 -0.205458 0.000000 0.000000 0.000000 -0.000003 1 5.611218512e-08 5.611218512e-08
146 1.000000 -0.253427 -0.257348 1.796581 0.562216 -0.205458 0.000000 0.000000 0.000000 -0.000003 1 5.704350770e-08 5.704350770e-08
146 1.000000 -0.251309 -0.255887 1.796581 0.562216 -0.205458 0.000000 0.000000 0.000000 -0.000003 1 6.100162864e-08 6.100162864e-08
146 1.000000 -0.248979 -0.254503 1.796581 0.562216 -0.205458 0.000000 0.000000 0.000000 -0.000003 1 5.587935448e-08 5.587935448e-08
146 1.000000 -0.246271 -0.253180 1.796581 0.562216 -0.205458 0.000000 0.000000 0.000000 -0.000003 1 5.587935448e-08 5.587935448e-08
146 1.000000 -0.243024 -0.251907 1.796581 0.562216 -0.205458 0.000000 0.000000 0.000000 -0.000003 1 5.587935448e-08 5.587935448e-08
146 1.000000 -0.239114 -0.250671 1.796581 0.562216 -0.205458 0.000000 0.000000 0.000000 -0.000003 1 6.007030606e-08 6.007030606e-08
146 1.000000 -0.234490 -0.249466 1.796581 0.562216 -0.205458 0.000000 0.000000 0.000000 -0.000003 1 5.797483027e-08 5.797483027e-08
147 0.988317 -0.221272 -0.315286 1.778622 0.564380 -0.272414 0.000000 0.000000 0.000000 -0.000000 1 1.050066203e-07 1.050066203e-07
147 1.000000 -0.217696 -0.314177 1.778622 0.564380 -0.272414 0.000000 0.000000 0.000000 -0.000002 1 5.983747542e-08 5.983747542e-08
147 1.000000 -0.211544 -0.313035 1.778622 0.564380 -0.272414 0.000000 0.000000 0.000000 -0.000002 1 6.007030606e-08 6.007030606e-08
147 1.000000 -0.205102 -0.311939 1.778622 0.564380 -0.272414 0.000000 0.000000 0.000000 -0.000002 1 6.193295121e-08 6.193295121e-08
147 1.000000 -0.198378 -0.310888 1.778622 0.564380 -0.272414 0.000000 0.000000 0.000000 -0.000002 1 5.890615284e-08 5.890615284e-08
147 1.000000 -0.191485 -0.309884 1.778622 0.564380 -0.272414 0.000000 0.000000 0.000000 -0.000002 1 5.890615284e-08 5.890615284e-08
147 1.000000 -0.184485 -0.308926 1.778622 0.564380 -0.272414 0.000000 0.000000 0.000000 -0.000002 1 1.601874828e-07 1.601874828e-07
147 1.000000 -0.177216 -0.308006 1.778622 0.564380 -0.272414 0.000000 0.000000 0.000000 -0.000002 1 5.587935448e-08 5.587935448e-08
147 1.000000 -0.169589 -0.307116 1.778622 0.564380 -0.272414 0.000000 0.000000 0.000000 -0.000002 1 2.039596438e-07 2.039596438e-07
147 1.000000 -0.161695 -0.306257 1.778622 0.564380 -0.272414 0.000000 0.000000 0.000000 -0.000002 1 5.890615284e-08 5.890615284e-08
147 1.000000 -0.153727 -0.305436 1.778622 0.564380 -0.272414 0.000000 0.000000 0.000000 -0.000002 1 6.100162864e-08 6.100162864e-08
147 1.000000 -0.145842 -0.304655 1.778622 0.564380 -0.272414 0.000000 0.000000 0.000000 -0.000002 1 6.100162864e-08 6.100162864e-08
147 1.000000 -0.138092 -0.303915 1.778622 0.564380 -0.272414 0.000000 0.000000 0.000000 -0.000002 1 6.007030606e-08 6.007030606e-08
147 1.000000 -0.130401 -0.303211 1.778622 0.564380 -0.272414 0.000000 0.000000 0.000000 -0.000002 1 9.709037840e-08 9.709037840e-08
147 1.000000 -0.122598 -0.302535 1.778622 0.564380 -0.272414 0.000000 0.000000 0.000000 -0.000002 1 1.089647412e-07 1.089647412e-07
147 1.000000 -0.114560 -0.301879 1.778622 0.564380 -0.272414 0.000000 0.000000 0.000000 -0.000002 1 3.096647561e-08 3.096647561e-08
147 1.000000 -0.106222 -0.301240 1.778622 0.564380 -0.272414 0.000000 0.000000 0.000000 -0.000002 1 2.607703209e-08 2.607703209e-08
147 1.000000 -0.097552 -0.300613 1.778622 0.564380 -0.272414 0.000000 0.000000 0.000000 -0.000002 1 2.118758857e-08 2.118758857e-08
147 1.000000 -0.088551 -0.299999 1.778622 0.564380 -0.272414 0.000000 0.000000 0.000000 -0.000002 1 6.007030606e-08 6.007030606e-08
147 1.000000 -0.079290 -0.299398 1.778622 0.564380 -0.272414 0.000000 0.000000 0.000000 -0.000002 1 5.587935448e-08 5.587935448e-08
147 1.000000 -0.069802 -0.298810 1.778622 0.564380 -0.272414 0.000000 0.000000 0.000000 -0.000002 1 5.797483027e-08 5.797483027e-08
148 0.902663 0.066044 -0.200745 1.618707 0.658869 -0.176461 0.000000 0.000000 0.000000 -0.000000 1 5.704350770e-08 5.704350770e-08
148 0.960239 0.105806 -0.199100 1.618707 0.658869 -0.176461 0.000000 0.000000 0.000000 -0.000000 1 6.007030606e-08 6.007030606e-08
148 1.000000 0.132841 -0.198006 1.618707 0.658869 -0.176461 0.000000 0.000000 0.000000 -0.000002 1 6.100162864e-08 6.100162864e-08
148 1.000000 0.151145 -0.197295 1.618707 0.658869 -0.176461 0.000000 0.000000 0.000000 -0.000001 1 6.100162864e-08 6.100162864e-08
148 1.000000 0.171125 -0.196518 1.618707 0.658869 -0.176461 0.000000 0.000000 0.000000 -0.000001 1 5.611218512e-08 5.611218512e-08
148 1.000000 0.192624 -0.195681 1.618707 0.658869 -0.176461 0.000000 0.000000 0.000000 -0.000001 1 1.571606845e-07 1.571606845e-07
148 1.000000 0.215450 -0.194786 1.618707 0.658869 -0.176461 0.000000 0.000000 0.000000 -0.000001 1 5.704350770e-08 5.704350770e-08
148 1.000000 0.239419 -0.193835 1.618707 0.658869 -0.176461 0.000000 0.000000 0.000000 -0.000001 1 5.494803190e-08 5.494803190e-08
148 1.000000 0.264276 -0.192828 1.618707 0.658869 -0.176461 0.000000 0.000000 0.000000 -0.000000 1 5.797483027e-08 5.797483027e-08
148 1.000000 0.289226 -0.191786 1.618707 0.658869 -0.176461 0.000000 0.000000 0.000000 -0.000000 1 1.620501280e-07 1.620501280e-07
148 1.000000 0.300000 -0.190787 1.618707 0.658869 -0.176461 0.000000 0.000000 0.000000 -0.000000 1 5.518086255e-08 5.518086255e-08
148 1.000000 0.300000 -0.189938 1.618707 0.658869 -0.176461 0.000000 0.000000 0.000000 -0.000000 1 6.100162864e-08 6.100162864e-08
148 1.000000 0.300000 -0.189240 1.618707 0.658869 -0.176461 0.000000 0.000000 0.000000 -0.000001 1 5.820766091e-08 5.820766091e-08
148 1.000000 0.300000 -0.188675 1.618707 0.658869 -0.176461 0.000000 0.000000 0.000000 -0.000001 1 5.797483027e-08 5.797483027e-08
148 1.000000 0.300000 -0.188216 1.618707 0.658869 -0.176461 0.000000 0.000000 0.000000 -0.000001 1 5.797483027e-08 5.797483027e-08
148 1.000000 0.300000 -0.187833 1.618707 0.658869 -0.176461 0.000000 0.000000 0.000000 -0.000001 1 5.704350770e-08 5.704350770e-08
148 1.000000 0.298787 -0.187497 1.618707 0.658869 -0.176461 0.000000 0.000000 0.000000 -0.000001 1 5.797483027e-08 5.797483027e-08
148 1.000000 0.293733 -0.187218 1.618707 0.658869 -0.176461 0.000000 0.000000 0.000000 -0.000001 1 5.285255611e-08 5.285255611e-08
148 1.000000 0.287064 -0.186985 1.618707 0.658869 -0.176461 0.000000 0.000000 0.000000 -0.000001 1 5.611218512e-08 5.611218512e-08
148 1.000000 0.283209 -0.186711 1.618707 0.658869 -0.176461 0.000000 0.000000 0.000000 -0.000001 1 1.499429345e-07 1.499429345e-07
149 0.815953 0.300000 -0.179064 1.391445 0.663531 -0.169534 0.000000 0.000000 0.000000 -0.000000 1 5.611218512e-08 5.611218512e-08
149 0.862861 0.300000 -0.178449 1.391445 0.663531 -0.169534 0.000000 0.000000 0.000000 -0.000000 1 6.100162864e-08 6.100162864e-08
149 0.906424 0.300000 -0.177895 1.391445 0.663531 -0.169534 0.000000 0.000000 0.000000 -0.000000 1 5.913898349e-08 5.913898349e-08
149 0.945826 0.300000 -0.177368 1.391445 0.663531 -0.169534 0.000000 0.000000 0.000000 -0.000000 1 6.007030606e-08 6.007030606e-08
149 0.978020 0.299177 -0.176866 1.391445 0.663531 -0.169534 0.000000 0.000000 0.000000 -0.000000 1 5.797483027e-08 5.797483027e-08
149 0.992815 0.294536 -0.176392 1.391445 0.663531 -0.169534 0.000000 0.000000 0.000000 -0.000000 1 5.704350770e-08 5.704350770e-08
149 0.995845 0.293594 -0.175928 1.391445 0.663531 -0.169534 0.000000 0.000000 0.000000 -0.000000 1 5.913898349e-08 5.913898349e-08
149 0.996684 0.294169 -0.175480 1.391445 0.663531 -0.169534 0.000000 0.000000 0.000000 -0.000000 1 5.704350770e-08 5.704350770e-08
149 0.997108 0.294860 -0.175051 1.391445 0.663531 -0.169534 0.000000 0.000000 0.000000 -0.000000 1 6.193295121e-08 6.193295121e-08
149 0.997426 0.295437 -0.174646 1.391445 0.663531 -0.169534 0.000000 0.000000 0.000000 -0.000000 1 5.611218512e-08 5.611218512e-08
149 0.997701 0.295898 -0.174266 1.391445 0.663531 -0.169534 0.000000 0.000000 0.000000 -0.000000 1 4.121102393e-08 4.121102393e-08
149 0.997949 0.296270 -0.173911 1.391445 0.663531 -0.169534 0.000000 0.000000 0.000000 -0.000000 1 1.559965312e-07 1.559965312e-07
149 0.998173 0.296577 -0.173580 1.391445 0.663531 -0.169534 0.000000 0.000000 0.000000 -0.000000 1 5.611218512e-08 5.611218512e-08
149 0.998373 0.296835 -0.173274 1.391445 0.663531 -0.169534 0.000000 0.000000 0.000000 -0.000000 1 6.007030606e-08 6.007030606e-08
149 0.998551 0.297053 -0.172989 1.391445 0.663531 -0.169534 0.000000 0.000000 0.000000 -0.000000 1 6.007030606e-08 6.007030606e-08
149 0.998708 0.297238 -0.172725 1.391445 0.663531 -0.169534 0.000000 0.000000 0.000000 -0.000000 1 6.286427379e-08 6.286427379e-08
149 0.998847 0.297398 -0.172482 1.391445 0.663531 -0.169534 0.000000 0.000000 0.000000 -0.000000 1 1.708976924e-07 1.708976924e-07
149 0.998969 0.297535 -0.172256 1.391445 0.663531 -0.169534 0.000000 0.000000 0.000000 -0.000000 1 6.007030606e-08 6.007030606e-08
149 0.999075 0.297651 -0.172047 1.391445 0.663531 -0.169534 0.000000 0.000000 0.000000 -0.000000 1 6.495974958e-08 6.495974958e-08
149 0.999167 0.297751 -0.171854 1.391445 0.663531 -0.169534 0.000000 0.000000 0.000000 -0.000000 1 5.797483027e-08 5.797483027e-08
150 0.760869 0.300000 -0.126267 1.126741 0.662907 -0.124291 0.000000 0.000000 0.000000 -0.000000 1 6.007030606e-08 6.007030606e-08
150 0.789090 0.300000 -0.126118 1.126741 0.662907 -0.124291 0.000000 0.000000 0.000000 -0.000000 1 5.704350770e-08 5.704350770e-08
150 0.815094 0.300000 -0.125979 1.126741 0.662907 -0.124291 0.000000 0.000000 0.000000 -0.000000 1 6.798654795e-08 6.798654795e-08
150 0.839072 0.300000 -0.125850 1.126741 0.662907 -0.124291 0.000000 0.000000 0.000000 -0.000000 1 5.797483027e-08 5.797483027e-08
150 0.861184 0.300000 -0.125730 1.126741 0.662907 -0.124291 0.000000 0.000000 0.000000 -0.000000 1 5.797483027e-08 5.797483027e-08
150 0.881562 0.300000 -0.125620 1.126741 0.662907 -0.124291 0.000000 0.000000 0.000000 -0.000000 1 5.704350770e-08 5.704350770e-08
150 0.900295 0.299997 -0.125518 1.126741 0.662907 -0.124291 0.000000 0.000000 0.000000 -0.000000 1 6.007030606e-08 6.007030606e-08
150 0.917412 0.299907 -0.125423 1.126741 0.662907 -0.124291 0.000000 0.000000 0.000000 -0.000000 1 6.100162864e-08 6.100162864e-08
150 0.932832 0.299619 -0.125336 1.126741 0.662907 -0.124291 0.000000 0.000000 0.000000 -0.000000 1 6.495974958e-08 6.495974958e-08
150 0.946305 0.299016 -0.125256 1.126741 0.662907 -0.124291 0.000000 0.000000 0.000000 -0.000000 1 1.513399184e-08 1.513399184e-08
150 0.957372 0.298019 -0.125182 1.126741 0.662907 -0.124291 0.000000 0.000000 0.000000 -0.000000 1 5.797483027e-08 5.797483027e-08
150 0.965522 0.296740 -0.125113 1.126741 0.662907 -0.124291 0.000000 0.000000 0.000000 -0.000000 1 6.007030606e-08 6.007030606e-08
150 0.970670 0.295535 -0.125050 1.126741 0.662907 -0.124291 0.000000 0.000000 0.000000 -0.000000 1 6.100162864e-08 6.100162864e-08
150 0.973459 0.294700 -0.124991 1.126741 0.662907 -0.124291 0.000000 0.000000 0.000000 -0.000000 1 6.193295121e-08 6.193295121e-08
150 0.974817 0.294243 -0.124938 1.126741 0.662907 -0.124291 0.000000 0.000000 0.000000 -0.000000 1 5.913898349e-08 5.913898349e-08
150 0.975445 0.294028 -0.124888 1.126741 0.662907 -0.124291 0.000000 0.000000 0.000000 -0.000000 1 5.890615284e-08 5.890615284e-08
150 0.975729 0.293935 -0.124842 1.126741 0.662907 -0.124291 0.000000 0.000000 0.000000 -0.000000 1 5.913898349e-08 5.913898349e-08
150 0.975859 0.293898 -0.124800 1.126741 0.662907 -0.124291 0.000000 0.000000 0.000000 -0.000000 1 6.007030606e-08 6.007030606e-08
150 0.975920 0.293885 -0.124760 1.126741 0.662907 -0.124291 0.000000 0.000000 0.000000 -0.000000 1 5.983747542e-08 5.983747542e-08
150 0.975948 0.293880 -0.124724 1.126741 0.662907 -0.124291 0.000000 0.000000 0.000000 -0.000000 1 5.890615284e-08 5.890615284e-08
151 0.779742 0.255924 -0.130409 0.920829 0.621982 -0.129987 0.000000 0.000000 0.000000 0.000000 1 5.704350770e-08 5.704350770e-08
151 0.790584 0.256158 -0.130376 0.920829 0.621982 -0.129987 0.000000 0.000000 0.000000 0.000000 1 5.681067705e-08 5.681067705e-08
151 0.800589 0.256386 -0.130347 0.920829 0.621982 -0.129987 0.000000 0.000000 0.000000 0.000000 1 8.521601558e-08 8.521601558e-08
151 0.809819 0.256609 -0.130319 0.920829 0.621982 -0.129987 0.000000 0.000000 0.000000 0.000000 1 5.797483027e-08 5.797483027e-08
151 0.818332 0.256826 -0.130293 0.920829 0.621982 -0.129987 0.000000 0.000000 0.000000 0.000000 1 5.611218512e-08 5.611218512e-08
151 0.826179 0.257037 -0.130270 0.920829 0.621982 -0.129987 0.000000 0.000000 0.000000 0.000000 1 5.494803190e-08 5.494803190e-08
151 0.833409 0.257244 -0.130248 0.920829 0.621982 -0.129987 0.000000 0.000000 0.000000 0.000000 1 5.611218512e-08 5.611218512e-08
151 0.840064 0.257444 -0.130228 0.920829 0.621982 -0.129987 0.000000 0.000000 0.000000 0.000000 1 6.216578186e-08 6.216578186e-08
151 0.846183 0.257639 -0.130210 0.920829 0.621982 -0.129987 0.000000 0.000000 0.000000 0.000000 1 6.100162864e-08 6.100162864e-08
151 0.851802 0.257828 -0.130192 0.920829 0.621982 -0.129987 0.000000 0.000000 0.000000 0.000000 1 5.797483027e-08 5.797483027e-08
151 0.856953 0.258011 -0.130177 0.920829 0.621982 -0.129987 0.000000 0.000000 0.000000 0.000000 1 5.797483027e-08 5.797483027e-08
151 0.861666 0.258188 -0.130162 0.920829 0.621982 -0.129987 0.000000 0.000000 0.000000 0.000000 1 6.100162864e-08 6.100162864e-08
151 0.865969 0.258360 -0.130149 0.920829 0.621982 -0.129987 0.000000 0.000000 0.000000 0.000000 1 6.402842700e-08 6.402842700e-08
151 0.869887 0.258526 -0.130136 0.920829 0.621982 -0.129987 0.000000 0.000000 0.000000 0.000000 1 6.309710443e-08 6.309710443e-08
151 0.873446 0.258688 -0.130125 0.920829 0.621982 -0.129987 0.000000 0.000000 0.000000 0.000000 1 5.913898349e-08 5.913898349e-08
151 0.876668 0.258847 -0.130114 0.920829 0.621982 -0.129987 0.000000 0.000000 0.000000 0.000000 1 5.587935448e-08 5.587935448e-08
151 0.879577 0.259003 -0.130104 0.920829 0.621982 -0.129987 0.000000 0.000000 0.000000 0.000000 1 5.401670933e-08 5.401670933e-08
151 0.882194 0.259157 -0.130095 0.920829 0.621982 -0.129987 0.000000 0.000000 0.000000 0.000000 1 6.100162864e-08 6.100162864e-08
151 0.884542 0.259310 -0.130087 0.920829 0.621982 -0.129987 0.000000 0.000000 0.000000 0.000000 1 5.611218512e-08 5.611218512e-08
151 0.886641 0.259462 -0.130079 0.920829 0.621982 -0.129987 0.000000 0.000000 0.000000 0.000000 1 6.100162864e-08 6.100162864e-08
152 0.640019 0.168970 -0.163306 0.672654 0.528485 -0.163097 0.000000 0.000000 0.000000 0.000001 1 5.611218512e-08 5.611218512e-08
152 0.642528 0.169622 -0.163290 0.672654 0.528485 -0.163097 0.000000 0.000000 0.000000 0.000001 1 5.983747542e-08 5.983747542e-08
152 0.644844 0.170270 -0.163275 0.672654 0.528485 -0.163097 0.000000 0.000000 0.000000 0.000001 1 5.494803190e-08 5.494803190e-08
152 0.646982 0.170915 -0.163262 0.672654 0.528485 -0.163097 0.000000 0.000000 0.000000 0.000001 1 5.518086255e-08 5.518086255e-08
152 0.648955 0.171557 -0.163249 0.672654 0.528485 -0.163097 0.000000 0.000000 0.000000 0.000001 1 5.890615284e-08 5.890615284e-08
152 0.650777 0.172195 -0.163237 0.672654 0.528485 -0.163097 0.000000 0.000000 0.000000 0.000001 1 5.983747542e-08 5.983747542e-08
152 0.652458 0.172830 -0.163226 0.672654 0.528485 -0.163097 0.000000 0.000000 0.000000 0.000001 1 6.915070117e-08 6.915070117e-08
152 0.654011 0.173462 -0.163216 0.672654 0.528485 -0.163097 0.000000 0.000000 0.000000 0.000001 1 6.379559636e-08 6.379559636e-08
152 0.655444 0.174091 -0.163207 0.672654 0.528485 -0.163097 0.000000 0.000000 0.000000 0.000001 1 6.100162864e-08 6.100162864e-08
152 0.656766 0.174717 -0.163199 0.672654 0.528485 -0.163097 0.000000 0.000000 0.000000 0.000001 1 5.983747542e-08 5.983747542e-08
152 0.657987 0.175339 -0.163191 0.672654 0.528485 -0.163097 0.000000 0.000000 0.000000 0.000001 1 6.007030606e-08 6.007030606e-08
152 0.659114 0.175959 -0.163184 0.672654 0.528485 -0.163097 0.000000 0.000000 0.000000 0.000001 1 5.797483027e-08 5.797483027e-08
152 0.660155 0.176575 -0.163177 0.672654 0.528485 -0.163097 0.000000 0.000000 0.000000 0.000001 1 6.100162864e-08 6.100162864e-08
152 0.661115 0.177188 -0.163171 0.672654 0.528485 -0.163097 0.000000 0.000000 0.000000 0.000001 1 5.797483027e-08 5.797483027e-08
152 0.662002 0.177798 -0.163165 0.672654 0.528485 -0.163097 0.000000 0.000000 0.000000 0.000001 1 5.611218512e-08 5.611218512e-08
152 0.662820 0.178406 -0.163160 0.672654 0.528485 -0.163097 0.000000 0.000000 0.000000 0.000001 1 6.193295121e-08 6.193295121e-08
152 0.663576 0.179010 -0.163155 0.672654 0.528485 -0.163097 0.000000 0.000000 0.000000 0.000001 1 5.401670933e-08 5.401670933e-08
152 0.664273 0.179611 -0.163150 0.672654 0.528485 -0.163097 0.000000 0.000000 0.000000 0.000001 1 5.587935448e-08 5.587935448e-08
152 0.664917 0.180209 -0.163146 0.672654 0.528485 -0.163097 0.000000 0.000000 0.000000 0.000001 1 6.495974958e-08 6.495974958e-08
152 0.665511 0.180804 -0.163142 0.672654 0.528485 -0.163097 0.000000 0.000000 0.000000 0.000001 1 6.100162864e-08 6.100162864e-08
153 0.482204 0.049019 -0.147186 0.489492 0.393527 -0.147204 0.000000 0.000000 0.000000 0.000001 1 6.007030606e-08 6.007030606e-08
153 0.482764 0.050283 -0.147187 0.489492 0.393527 -0.147204 0.000000 0.000000 0.000000 0.000001 1 6.100162864e-08 6.100162864e-08
153 0.483282 0.051539 -0.147189 0.489492 0.393527 -0.147204 0.000000 0.000000 0.000000 0.000001 1 5.611218512e-08 5.611218512e-08
153 0.483759 0.052786 -0.147190 0.489492 0.393527 -0.147204 0.000000 0.000000 0.000000 0.000001 1 6.495974958e-08 6.495974958e-08
153 0.484200 0.054026 -0.147191 0.489492 0.393527 -0.147204 0.000000 0.000000 0.000000 0.000001 1 1.513399184e-08 1.513399184e-08
153 0.484607 0.055258 -0.147192 0.489492 0.393527 -0.147204 0.000000 0.000000 0.000000 0.000001 1 1.490116119e-08 1.490116119e-08
153 0.484982 0.056483 -0.147193 0.489492 0.393527 -0.147204 0.000000 0.000000 0.000000 0.000001 1 5.797483027e-08 5.797483027e-08
153 0.485329 0.057701 -0.147194 0.489492 0.393527 -0.147204 0.000000 0.000000 0.000000 0.000001 1 6.216578186e-08 6.216578186e-08
153 0.485649 0.058912 -0.147195 0.489492 0.393527 -0.147204 0.000000 0.000000 0.000000 0.000001 1 6.100162864e-08 6.100162864e-08
153 0.485945 0.060116 -0.147195 0.489492 0.393527 -0.147204 0.000000 0.000000 0.000000 0.000001 1 5.704350770e-08 5.704350770e-08
153 0.486217 0.061313 -0.147196 0.489492 0.393527 -0.147204 0.000000 0.000000 0.000000 0.000001 1 6.007030606e-08 6.007030606e-08
153 0.486469 0.062504 -0.147197 0.489492 0.393527 -0.147204 0.000000 0.000000 0.000000 0.000001 1 6.007030606e-08 6.007030606e-08
153 0.486702 0.063688 -0.147197 0.489492 0.393527 -0.147204 0.000000 0.000000 0.000000 0.000001 1 5.681067705e-08 5.681067705e-08
153 0.486916 0.064866 -0.147198 0.489492 0.393527 -0.147204 0.000000 0.000000 0.000000 0.000001 1 5.611218512e-08 5.611218512e-08
153 0.487114 0.066037 -0.147198 0.489492 0.393527 -0.147204 0.000000 0.000000 0.000000 0.000001 1 5.494803190e-08 5.494803190e-08
153 0.487297 0.067203 -0.147199 0.489492 0.393527 -0.147204 0.000000 0.000000 0.000000 0.000001 1 5.587935448e-08 5.587935448e-08
153 0.487466 0.068362 -0.147199 0.489492 0.393527 -0.147204 0.000000 0.000000 0.000000 0.000001 1 6.100162864e-08 6.100162864e-08
153 0.487622 0.069515 -0.147199 0.489492 0.393527 -0.147204 0.000000 0.000000 0.000000 0.000001 1 5.587935448e-08 5.587935448e-08
153 0.487765 0.070663 -0.147200 0.489492 0.393527 -0.147204 0.000000 0.000000 0.000000 0.000001 1 6.193295121e-08 6.193295121e-08
153 0.487898 0.071804 -0.147200 0.489492 0.393527 -0.147204 0.000000 0.000000 0.000000 0.000001 1 6.193295121e-08 6.193295121e-08
154 0.446502 -0.016798 -0.206559 0.448131 0.287483 -0.206339 0.000000 0.000000 0.000000 0.000000 1 5.215406418e-08 5.215406418e-08
154 0.446628 0.004283 -0.206543 0.448131 0.287483 -0.206339 0.000000 0.000000 0.000000 0.000004 1 5.890615284e-08 5.890615284e-08
154 0.446743 0.008918 -0.206527 0.448131 0.287483 -0.206339 0.000000 0.000000 0.000000 0.000002 1 5.890615284e-08 5.890615284e-08
154 0.446850 0.011911 -0.206512 0.448131 0.287483 -0.206339 0.000000 0.000000 0.000000 0.000002 1 5.587935448e-08 5.587935448e-08
154 0.446948 0.014369 -0.206499 0.448131 0.287483 -0.206339 0.000000 0.000000 0.000000 0.000001 1 5.681067705e-08 5.681067705e-08
154 0.447039 0.016536 -0.206487 0.448131 0.287483 -0.206339 0.000000 0.000000 0.000000 0.000001 1 5.797483027e-08 5.797483027e-08
154 0.447123 0.018519 -0.206475 0.448131 0.287483 -0.206339 0.000000 0.000000 0.000000 0.000001 1 5.308538675e-08 5.308538675e-08
154 0.447200 0.020371 -0.206465 0.448131 0.287483 -0.206339 0.000000 0.000000 0.000000 0.000001 1 6.007030606e-08 6.007030606e-08
154 0.447272 0.022126 -0.206455 0.448131 0.287483 -0.206339 0.000000 0.000000 0.000000 0.000001 1 6.007030606e-08 6.007030606e-08
154 0.447338 0.023806 -0.206446 0.448131 0.287483 -0.206339 0.000000 0.000000 0.000000 0.000001 1 5.983747542e-08 5.983747542e-08
154 0.447399 0.025426 -0.206438 0.448131 0.287483 -0.206339 0.000000 0.000000 0.000000 0.000001 1 5.890615284e-08 5.890615284e-08
154 0.447455 0.026998 -0.206430 0.448131 0.287483 -0.206339 0.000000 0.000000 0.000000 0.000001 1 6.100162864e-08 6.100162864e-08
154 0.447507 0.028529 -0.206423 0.448131 0.287483 -0.206339 0.000000 0.000000 0.000000 0.000001 1 6.007030606e-08 6.007030606e-08
154 0.447555 0.030026 -0.206417 0.448131 0.287483 -0.206339 0.000000 0.000000 0.000000 0.000001 1 6.519258022e-08 6.519258022e-08
154 0.447599 0.031493 -0.206411 0.448131 0.287483 -0.206339 0.000000 0.000000 0.000000 0.000001 1 5.587935448e-08 5.587935448e-08
154 0.447640 0.032934 -0.206405 0.448131 0.287483 -0.206339 0.000000 0.000000 0.000000 0.000001 1 6.007030606e-08 6.007030606e-08
154 0.447678 0.034353 -0.206400 0.448131 0.287483 -0.206339 0.000000 0.000000 0.000000 0.000001 1 6.100162864e-08 6.100162864e-08
154 0.447713 0.035752 -0.206395 0.448131 0.287483 -0.206339 0.000000 0.000000 0.000000 0.000001 1 5.797483027e-08 5.797483027e-08
154 0.447745 0.037133 -0.206391 0.448131 0.287483 -0.206339 0.000000 0.000000 0.000000 0.000001 1 6.286427379e-08 6.286427379e-08
154 0.447775 0.038498 -0.206387 0.448131 0.287483 -0.206339 0.000000 0.000000 0.000000 0.000001 1 5.704350770e-08 5.704350770e-08
155 0.340554 -0.050519 -0.222673 0.341288 0.184910 -0.222566 0.000000 0.000000 0.000000 0.000000 1 4.889443517e-08 4.889443517e-08
155 0.340611 -0.032419 -0.222664 0.341288 0.184910 -0.222566 0.000000 0.000000 0.000000 0.000000 1 4.889443517e-08 4.889443517e-08
155 0.340663 -0.015710 -0.222657 0.341288 0.184910 -0.222566 0.000000 0.000000 0.000000 0.000000 1 5.518086255e-08 5.518086255e-08
155 0.340711 -0.000285 -0.222650 0.341288 0.184910 -0.222566 0.000000 0.000000 0.000000 0.000000 1 5.518086255e-08 5.518086255e-08
155 0.340755 0.007548 -0.222643 0.341288 0.184910 -0.222566 0.000000 0.000000 0.000000 0.000001 1 6.100162864e-08 6.100162864e-08
155 0.340796 0.010892 -0.222638 0.341288 0.184910 -0.222566 0.000000 0.000000 0.000000 0.000001 1 6.193295121e-08 6.193295121e-08
155 0.340834 0.013504 -0.222632 0.341288 0.184910 -0.222566 0.000000 0.000000 0.000000 0.000001 1 6.100162864e-08 6.100162864e-08
155 0.340869 0.015762 -0.222627 0.341288 0.184910 -0.222566 0.000000 0.000000 0.000000 0.000001 1 6.007030606e-08 6.007030606e-08
155 0.340901 0.017805 -0.222622 0.341288 0.184910 -0.222566 0.000000 0.000000 0.000000 0.000001 1 5.192123353e-08 5.192123353e-08
155 0.340931 0.019700 -0.222618 0.341288 0.184910 -0.222566 0.000000 0.000000 0.000000 0.000001 1 6.007030606e-08 6.007030606e-08
155 0.340959 0.021488 -0.222614 0.341288 0.184910 -0.222566 0.000000 0.000000 0.000000 0.000001 1 6.100162864e-08 6.100162864e-08
155 0.340984 0.023194 -0.222610 0.341288 0.184910 -0.222566 0.000000 0.000000 0.000000 0.000001 1 5.913898349e-08 5.913898349e-08
155 0.341007 0.024835 -0.222607 0.341288 0.184910 -0.222566 0.000000 0.000000 0.000000 0.000001 1 5.913898349e-08 5.913898349e-08
155 0.341029 0.026423 -0.222604 0.341288 0.184910 -0.222566 0.000000 0.000000 0.000000 0.000001 1 6.193295121e-08 6.193295121e-08
155 0.341049 0.027968 -0.222601 0.341288 0.184910 -0.222566 0.000000 0.000000 0.000000 0.000001 1 6.286427379e-08 6.286427379e-08
155 0.341067 0.029477 -0.222598 0.341288 0.184910 -0.222566 0.000000 0.000000 0.000000 0.000001 1 6.309710443e-08 6.309710443e-08
155 0.341084 0.030954 -0.222596 0.341288 0.184910 -0.222566 0.000000 0.000000 0.000000 0.000000 1 5.983747542e-08 5.983747542e-08
155 0.341100 0.032405 -0.222594 0.341288 0.184910 -0.222566 0.000000 0.000000 0.000000 0.000000 1 5.913898349e-08 5.913898349e-08
155 0.341115 0.033832 -0.222592 0.341288 0.184910 -0.222566 0.000000 0.000000 0.000000 0.000000 1 5.704350770e-08 5.704350770e-08
155 0.341128 0.035238 -0.222590 0.341288 0.184910 -0.222566 0.000000 0.000000 0.000000 0.000000 1 5.704350770e-08 5.704350770e-08
156 0.295067 -0.003556 -0.159348 0.295391 0.138747 -0.159568 0.000000 0.000000 0.000000 0.000000 1 6.007030606e-08 6.007030606e-08
156 0.295092 0.005903 -0.159365 0.295391 0.138747 -0.159568 0.000000 0.000000 0.000000 0.000001 1 3.888271749e-08 3.888271749e-08
156 0.295115 0.009798 -0.159381 0.295391 0.138747 -0.159568 0.000000 0.000000 0.000000 0.000001 1 1.299194992e-07 1.299194992e-07
156 0.295137 0.012606 -0.159395 0.295391 0.138747 -0.159568 0.000000 0.000000 0.000000 0.000001 1 8.917413652e-08 8.917413652e-08
156 0.295156 0.014971 -0.159408 0.295391 0.138747 -0.159568 0.000000 0.000000 0.000000 0.000001 1 2.810265869e-07 2.810265869e-07
156 0.295174 0.017082 -0.159420 0.295391 0.138747 -0.159568 0.000000 0.000000 0.000000 0.000000 1 5.797483027e-08 5.797483027e-08
156 0.295191 0.019025 -0.159432 0.295391 0.138747 -0.159568 0.000000 0.000000 0.000000 0.000000 1 5.890615284e-08 5.890615284e-08
156 0.295206 0.020848 -0.159442 0.295391 0.138747 -0.159568 0.000000 0.000000 0.000000 0.000000 1 5.913898349e-08 5.913898349e-08
156 0.295220 0.022582 -0.159452 0.295391 0.138747 -0.159568 0.000000 0.000000 0.000000 0.000000 1 6.216578186e-08 6.216578186e-08
156 0.295234 0.024245 -0.159461 0.295391 0.138747 -0.159568 0.000000 0.000000 0.000000 0.000000 1 5.797483027e-08 5.797483027e-08
156 0.295246 0.025851 -0.159469 0.295391 0.138747 -0.159568 0.000000 0.000000 0.000000 0.000000 1 6.100162864e-08 6.100162864e-08
156 0.295257 0.027411 -0.159477 0.295391 0.138747 -0.159568 0.000000 0.000000 0.000000 0.000000 1 9.592622519e-08 9.592622519e-08
156 0.295267 0.028932 -0.159484 0.295391 0.138747 -0.159568 0.000000 0.000000 0.000000 0.000000 1 1.271255314e-07 1.271255314e-07
156 0.295277 0.030421 -0.159490 0.295391 0.138747 -0.159568 0.000000 0.000000 0.000000 0.000000 1 5.704350770e-08 5.704350770e-08
156 0.295286 0.031880 -0.159496 0.295391 0.138747 -0.159568 0.000000 0.000000 0.000000 0.000000 1 6.100162864e-08 6.100162864e-08
156 0.295294 0.033316 -0.159501 0.295391 0.138747 -0.159568 0.000000 0.000000 0.000000 0.000000 1 5.890615284e-08 5.890615284e-08
156 0.295301 0.034729 -0.159507 0.295391 0.138747 -0.159568 0.000000 0.000000 0.000000 0.000000 1 6.193295121e-08 6.193295121e-08
156 0.295308 0.036123 -0.159511 0.295391 0.138747 -0.159568 0.000000 0.000000 0.000000 0.000000 1 6.193295121e-08 6.193295121e-08
156 0.295314 0.037500 -0.159516 0.295391 0.138747 -0.159568 0.000000 0.000000 0.000000 0.000000 1 6.100162864e-08 6.100162864e-08
156 0.295320 0.038861 -0.159520 0.295391 0.138747 -0.159568 0.000000 0.000000 0.000000 0.000000 1 6.007030606e-08 6.007030606e-08
157 0.262512 0.012977 -0.095892 0.262704 0.110484 -0.096181 0.000000 0.000000 0.000000 0.000000 1 5.611218512e-08 5.611218512e-08
157 0.262527 0.015296 -0.095914 0.262704 0.110484 -0.096181 0.000000 0.000000 0.000000 0.000000 1 5.797483027e-08 5.797483027e-08
157 0.262541 0.017378 -0.095935 0.262704 0.110484 -0.096181 0.000000 0.000000 0.000000 0.000000 1 6.309710443e-08 6.309710443e-08
157 0.262553 0.019301 -0.095954 0.262704 0.110484 -0.096181 0.000000 0.000000 0.000000 0.000000 1 6.216578186e-08 6.216578186e-08
157 0.262565 0.021110 -0.095971 0.262704 0.110484 -0.096181 0.000000 0.000000 0.000000 0.000000 1 5.983747542e-08 5.983747542e-08
157 0.262575 0.022831 -0.095987 0.262704 0.110484 -0.096181 0.000000 0.000000 0.000000 0.000000 1 6.100162864e-08 6.100162864e-08
157 0.262585 0.024485 -0.096002 0.262704 0.110484 -0.096181 0.000000 0.000000 0.000000 0.000000 1 6.100162864e-08 6.100162864e-08
157 0.262594 0.026084 -0.096016 0.262704 0.110484 -0.096181 0.000000 0.000000 0.000000 0.000000 1 6.100162864e-08 6.100162864e-08
157 0.262603 0.027638 -0.096028 0.262704 0.110484 -0.096181 0.000000 0.000000 0.000000 0.000000 1 5.983747542e-08 5.983747542e-08
157 0.262611 0.029154 -0.096040 0.262704 0.110484 -0.096181 0.000000 0.000000 0.000000 0.000000 1 1.708976924e-07 1.708976924e-07
157 0.262618 0.030638 -0.096051 0.262704 0.110484 -0.096181 0.000000 0.000000 0.000000 0.000000 1 5.797483027e-08 5.797483027e-08
157 0.262624 0.032094 -0.096061 0.262704 0.110484 -0.096181 0.000000 0.000000 0.000000 0.000000 1 5.704350770e-08 5.704350770e-08
157 0.262630 0.033526 -0.096070 0.262704 0.110484 -0.096181 0.000000 0.000000 0.000000 0.000000 1 5.890615284e-08 5.890615284e-08
157 0.262636 0.034936 -0.096079 0.262704 0.110484 -0.096181 0.000000 0.000000 0.000000 0.000000 1 6.007030606e-08 6.007030606e-08
157 0.262641 0.036328 -0.096086 0.262704 0.110484 -0.096181 0.000000 0.000000 0.000000 0.000000 1 6.193295121e-08 6.193295121e-08
157 0.262646 0.037702 -0.096094 0.262704 0.110484 -0.096181 0.000000 0.000000 0.000000 0.000000 1 6.100162864e-08 6.100162864e-08
157 0.262651 0.039061 -0.096100 0.262704 0.110484 -0.096181 0.000000 0.000000 0.000000 0.000000 1 6.100162864e-08 6.100162864e-08
157 0.262655 0.040405 -0.096107 0.262704 0.110484 -0.096181 0.000000 0.000000 0.000000 0.000000 1 6.100162864e-08 6.100162864e-08
157 0.262658 0.041737 -0.096112 0.262704 0.110484 -0.096181 0.000000 0.000000 0.000000 0.000000 1 6.216578186e-08 6.216578186e-08
157 0.262662 0.043056 -0.096117 0.262704 0.110484 -0.096181 0.000000 0.000000 0.000000 0.000000 1 6.193295121e-08 6.193295121e-08
158 0.255424 0.010094 -0.050335 0.255490 0.075381 -0.050571 0.000000 0.000000 0.000000 0.000000 1 5.494803190e-08 5.494803190e-08
158 0.255429 0.012846 -0.050353 0.255490 0.075381 -0.050571 0.000000 0.000000 0.000000 0.000000 1 6.589107215e-08 6.589107215e-08
158 0.255434 0.015181 -0.050370 0.255490 0.075381 -0.050571 0.000000 0.000000 0.000000 0.000000 1 5.611218512e-08 5.611218512e-08
158 0.255438 0.017273 -0.050385 0.255490 0.075381 -0.050571 0.000000 0.000000 0.000000 0.000000 1 5.797483027e-08 5.797483027e-08
158 0.255442 0.019203 -0.050400 0.255490 0.075381 -0.050571 0.000000 0.000000 0.000000 0.000000 1 5.704350770e-08 5.704350770e-08
158 0.255446 0.021017 -0.050413 0.255490 0.075381 -0.050571 0.000000 0.000000 0.000000 0.000000 1 5.401670933e-08 5.401670933e-08
158 0.255449 0.022743 -0.050425 0.255490 0.075381 -0.050571 0.000000 0.000000 0.000000 0.000000 1 1.708976924e-07 1.708976924e-07
158 0.255452 0.024400 -0.050436 0.255490 0.075381 -0.050571 0.000000 0.000000 0.000000 0.000000 1 5.983747542e-08 5.983747542e-08
158 0.255455 0.026001 -0.050446 0.255490 0.075381 -0.050571 0.000000 0.000000 0.000000 0.000000 1 5.401670933e-08 5.401670933e-08
158 0.255458 0.027557 -0.050456 0.255490 0.075381 -0.050571 0.000000 0.000000 0.000000 0.000000 1 5.611218512e-08 5.611218512e-08
158 0.255460 0.029075 -0.050465 0.255490 0.075381 -0.050571 0.000000 0.000000 0.000000 0.000000 1 6.100162864e-08 6.100162864e-08
158 0.255463 0.030561 -0.050473 0.255490 0.075381 -0.050571 0.000000 0.000000 0.000000 0.000000 1 6.798654795e-08 6.798654795e-08
158 0.255465 0.032018 -0.050480 0.255490 0.075381 -0.050571 0.000000 0.000000 0.000000 0.000000 1 5.704350770e-08 5.704350770e-08
158 0.255467 0.033451 -0.050487 0.255490 0.075381 -0.050571 0.000000 0.000000 0.000000 0.000000 1 6.402842700e-08 6.402842700e-08
158 0.255469 0.034863 -0.050494 0.255490 0.075381 -0.050571 0.000000 0.000000 0.000000 0.000000 1 5.820766091e-08 5.820766091e-08
158 0.255470 0.036255 -0.050500 0.255490 0.075381 -0.050571 0.000000 0.000000 0.000000 0.000000 1 6.193295121e-08 6.193295121e-08
158 0.255472 0.037630 -0.050505 0.255490 0.075381 -0.050571 0.000000 0.000000 0.000000 0.000000 1 6.007030606e-08 6.007030606e-08
158 0.255473 0.038990 -0.050510 0.255490 0.075381 -0.050571 0.000000 0.000000 0.000000 0.000000 1 4.400499165e-08 4.400499165e-08
158 0.255475 0.040335 -0.050515 0.255490 0.075381 -0.050571 0.000000 0.000000 0.000000 0.000000 1 3.795139492e-08 3.795139492e-08
158 0.255476 0.041667 -0.050519 0.255490 0.075381 -0.050571 0.000000 0.000000 0.000000 0.000000 1 4.284083843e-08 4.284083843e-08
159 0.277017 0.024659 -0.008408 0.276947 0.056902 -0.008619 0.000000 0.000000 0.000000 0.000000 1 6.100162864e-08 6.100162864e-08
159 0.277012 0.026252 -0.008424 0.276947 0.056902 -0.008619 0.000000 0.000000 0.000000 0.000000 1 5.494803190e-08 5.494803190e-08
159 0.277007 0.027802 -0.008439 0.276947 0.056902 -0.008619 0.000000 0.000000 0.000000 0.000000 1 6.100162864e-08 6.100162864e-08
159 0.277002 0.029314 -0.008453 0.276947 0.056902 -0.008619 0.000000 0.000000 0.000000 0.000000 1 1.548323780e-07 1.548323780e-07
159 0.276998 0.030795 -0.008466 0.276947 0.056902 -0.008619 0.000000 0.000000 0.000000 0.000000 1 6.100162864e-08 6.100162864e-08
159 0.276994 0.032248 -0.008478 0.276947 0.056902 -0.008619 0.000000 0.000000 0.000000 0.000000 1 6.286427379e-08 6.286427379e-08
159 0.276990 0.033678 -0.008488 0.276947 0.056902 -0.008619 0.000000 0.000000 0.000000 0.000000 1 5.983747542e-08 5.983747542e-08
159 0.276987 0.035086 -0.008498 0.276947 0.056902 -0.008619 0.000000 0.000000 0.000000 0.000000 1 6.193295121e-08 6.193295121e-08
159 0.276984 0.036475 -0.008508 0.276947 0.056902 -0.008619 0.000000 0.000000 0.000000 0.000000 1 5.983747542e-08 5.983747542e-08
159 0.276981 0.037848 -0.008516 0.276947 0.056902 -0.008619 0.000000 0.000000 0.000000 0.000000 1 6.007030606e-08 6.007030606e-08
159 0.276978 0.039205 -0.008524 0.276947 0.056902 -0.008619 0.000000 0.000000 0.000000 0.000000 1 5.983747542e-08 5.983747542e-08
159 0.276976 0.040544 -0.008531 0.276947 0.056902 -0.008619 0.000000 0.000000 0.000000 0.000000 1 7.916241884e-08 7.916241884e-08
159 0.276974 0.041802 -0.008538 0.276947 0.056902 -0.008619 0.000000 0.000000 0.000000 0.000000 1 5.005858839e-08 5.005858839e-08
159 0.276972 0.042963 -0.008544 0.276947 0.056902 -0.008619 0.000000 0.000000 0.000000 0.000000 1 5.518086255e-08 5.518086255e-08
159 0.276970 0.044034 -0.008550 0.276947 0.056902 -0.008619 0.000000 0.000000 0.000000 0.000000 1 5.308538675e-08 5.308538675e-08
159 0.276968 0.045024 -0.008555 0.276947 0.056902 -0.008619 0.000000 0.000000 0.000000 0.000000 1 9.895302355e-08 9.895302355e-08
159 0.276966 0.045937 -0.008560 0.276947 0.056902 -0.008619 0.000000 0.000000 0.000000 0.000000 1 5.192123353e-08 5.192123353e-08
159 0.276965 0.046780 -0.008565 0.276947 0.056902 -0.008619 0.000000 0.000000 0.000000 0.000000 1 5.192123353e-08 5.192123353e-08
159 0.276964 0.047558 -0.008569 0.276947 0.056902 -0.008619 0.000000 0.000000 0.000000 0.000000 1 4.889443517e-08 4.889443517e-08
159 0.276962 0.048276 -0.008573 0.276947 0.056902 -0.008619 0.000000 0.000000 0.000000 0.000000 1 5.401670933e-08 5.401670933e-08
160 0.304260 0.018787 0.011944 0.304141 0.026866 0.011822 0.000000 0.000000 0.000000 0.000000 1 1.341104507e-07 1.341104507e-07
160 0.304251 0.019408 0.011935 0.304141 0.026866 0.011822 0.000000 0.000000 0.000000 0.000000 1 4.889443517e-08 4.889443517e-08
160 0.304243 0.019982 0.011926 0.304141 0.026866 0.011822 0.000000 0.000000 0.000000 0.000000 1 5.122274160e-08 5.122274160e-08
160 0.304235 0.020511 0.011918 0.304141 0.026866 0.011822 0.000000 0.000000 0.000000 0.000000 1 5.192123353e-08 5.192123353e-08
160 0.304228 0.021000 0.011911 0.304141 0.026866 0.011822 0.000000 0.000000 0.000000 0.000000 1 5.215406418e-08 5.215406418e-08
160 0.304221 0.021451 0.011904 0.304141 0.026866 0.011822 0.000000 0.000000 0.000000 0.000000 1 5.704350770e-08 5.704350770e-08
160 0.304215 0.021867 0.011898 0.304141 0.026866 0.011822 0.000000 0.000000 0.000000 0.000000 1 5.494803190e-08 5.494803190e-08
160 0.304209 0.022251 0.011892 0.304141 0.026866 0.011822 0.000000 0.000000 0.000000 0.000000 1 5.494803190e-08 5.494803190e-08
160 0.304204 0.022606 0.011887 0.304141 0.026866 0.011822 0.000000 0.000000 0.000000 0.000000 1 5.192123353e-08 5.192123353e-08
160 0.304199 0.022934 0.011882 0.304141 0.026866 0.011822 0.000000 0.000000 0.000000 0.000000 1 5.192123353e-08 5.192123353e-08
160 0.304194 0.023236 0.011877 0.304141 0.026866 0.011822 0.000000 0.000000 0.000000 0.000000 1 5.192123353e-08 5.192123353e-08
160 0.304190 0.023515 0.011873 0.304141 0.026866 0.011822 0.000000 0.000000 0.000000 0.000000 1 5.215406418e-08 5.215406418e-08
160 0.304186 0.023773 0.011869 0.304141 0.026866 0.011822 0.000000 0.000000 0.000000 0.000000 1 9.103678167e-08 9.103678167e-08
160 0.304183 0.024010 0.011866 0.304141 0.026866 0.011822 0.000000 0.000000 0.000000 0.000000 1 5.192123353e-08 5.192123353e-08
160 0.304180 0.024230 0.011862 0.304141 0.026866 0.011822 0.000000 0.000000 0.000000 0.000000 1 5.308538675e-08 5.308538675e-08
160 0.304177 0.024433 0.011859 0.304141 0.026866 0.011822 0.000000 0.000000 0.000000 0.000000 1 5.192123353e-08 5.192123353e-08
160 0.304174 0.024620 0.011856 0.304141 0.026866 0.011822 0.000000 0.000000 0.000000 0.000000 1 5.285255611e-08 5.285255611e-08
160 0.304171 0.024792 0.011854 0.304141 0.026866 0.011822 0.000000 0.000000 0.000000 0.000000 1 1.380685717e-07 1.380685717e-07
160 0.304169 0.024952 0.011851 0.304141 0.026866 0.011822 0.000000 0.000000 0.000000 0.000000 1 5.098991096e-08 5.098991096e-08
160 0.304167 0.025099 0.011849 0.304141 0.026866 0.011822 0.000000 0.000000 0.000000 0.000000 1 5.308538675e-08 5.308538675e-08
161 0.339261 0.016387 0.045095 0.339100 0.018053 0.044941 0.000000 0.000000 0.000000 0.000000 1 5.005858839e-08 5.005858839e-08
161 0.339249 0.016515 0.045083 0.339100 0.018053 0.044941 0.000000 0.000000 0.000000 0.000000 1 5.192123353e-08 5.192123353e-08
161 0.339237 0.016633 0.045072 0.339100 0.018053 0.044941 0.000000 0.000000 0.000000 0.000000 1 5.192123353e-08 5.192123353e-08
161 0.339227 0.016742 0.045062 0.339100 0.018053 0.044941 0.000000 0.000000 0.000000 0.000000 1 5.192123353e-08 5.192123353e-08
161 0.339217 0.016843 0.045053 0.339100 0.018053 0.044941 0.000000 0.000000 0.000000 0.000000 1 5.192123353e-08 5.192123353e-08
161 0.339208 0.016936 0.045044 0.339100 0.018053 0.044941 0.000000 0.000000 0.000000 0.000000 1 5.797483027e-08 5.797483027e-08
161 0.339200 0.017022 0.045036 0.339100 0.018053 0.044941 0.000000 0.000000 0.000000 0.000000 1 5.494803190e-08 5.494803190e-08
161 0.339192 0.017101 0.045029 0.339100 0.018053 0.044941 0.000000 0.000000 0.000000 0.000000 1 5.308538675e-08 5.308538675e-08
161 0.339185 0.017174 0.045022 0.339100 0.018053 0.044941 0.000000 0.000000 0.000000 0.000000 1 5.494803190e-08 5.494803190e-08
161 0.339179 0.017242 0.045016 0.339100 0.018053 0.044941 0.000000 0.000000 0.000000 0.000000 1 7.916241884e-08 7.916241884e-08
161 0.339172 0.017304 0.045010 0.339100 0.018053 0.044941 0.000000 0.000000 0.000000 0.000000 1 5.215406418e-08 5.215406418e-08
161 0.339167 0.017362 0.045005 0.339100 0.018053 0.044941 0.000000 0.000000 0.000000 0.000000 1 1.210719347e-08 1.210719347e-08
161 0.339162 0.017415 0.045000 0.339100 0.018053 0.044941 0.000000 0.000000 0.000000 0.000000 1 1.303851604e-08 1.303851604e-08
161 0.339157 0.017464 0.044995 0.339100 0.018053 0.044941 0.000000 0.000000 0.000000 0.000000 1 3.096647561e-08 3.096647561e-08
161 0.339153 0.017509 0.044991 0.339100 0.018053 0.044941 0.000000 0.000000 0.000000 0.000000 1 1.369044185e-07 1.369044185e-07
161 0.339149 0.017551 0.044987 0.339100 0.018053 0.044941 0.000000 0.000000 0.000000 0.000000 1 5.098991096e-08 5.098991096e-08
161 0.339145 0.017590 0.044984 0.339100 0.018053 0.044941 0.000000 0.000000 0.000000 0.000000 1 5.192123353e-08 5.192123353e-08
161 0.339141 0.017625 0.044980 0.339100 0.018053 0.044941 0.000000 0.000000 0.000000 0.000000 1 5.098991096e-08 5.098991096e-08
161 0.339138 0.017658 0.044977 0.339100 0.018053 0.044941 0.000000 0.000000 0.000000 0.000000 1 5.098991096e-08 5.098991096e-08
161 0.339135 0.017688 0.044975 0.339100 0.018053 0.044941 0.000000 0.000000 0.000000 0.000000 1 5.192123353e-08 5.192123353e-08
162 0.363538 -0.007424 0.056529 0.363410 -0.006989 0.056452 0.000000 0.000000 0.000000 0.000000 1 5.587935448e-08 5.587935448e-08
162 0.363529 -0.007390 0.056523 0.363410 -0.006989 0.056452 0.000000 0.000000 0.000000 0.000000 1 5.215406418e-08 5.215406418e-08
162 0.363519 -0.007359 0.056518 0.363410 -0.006989 0.056452 0.000000 0.000000 0.000000 0.000000 1 4.912726581e-08 4.912726581e-08
162 0.363511 -0.007331 0.056513 0.363410 -0.006989 0.056452 0.000000 0.000000 0.000000 0.000000 1 5.192123353e-08 5.192123353e-08
162 0.363503 -0.007305 0.056508 0.363410 -0.006989 0.056452 0.000000 0.000000 0.000000 0.000000 1 5.098991096e-08 5.098991096e-08
162 0.363496 -0.007280 0.056504 0.363410 -0.006989 0.056452 0.000000 0.000000 0.000000 0.000000 1 5.098991096e-08 5.098991096e-08
162 0.363489 -0.007258 0.056500 0.363410 -0.006989 0.056452 0.000000 0.000000 0.000000 0.000000 1 8.894130588e-08 8.894130588e-08
162 0.363483 -0.007237 0.056496 0.363410 -0.006989 0.056452 0.000000 0.000000 0.000000 0.000000 1 5.913898349e-08 5.913898349e-08
162 0.363478 -0.007218 0.056493 0.363410 -0.006989 0.056452 0.000000 0.000000 0.000000 0.000000 1 5.215406418e-08 5.215406418e-08
162 0.363473 -0.007200 0.056490 0.363410 -0.006989 0.056452 0.000000 0.000000 0.000000 0.000000 1 5.704350770e-08 5.704350770e-08
162 0.363468 -0.007184 0.056487 0.363410 -0.006989 0.056452 0.000000 0.000000 0.000000 0.000000 1 5.192123353e-08 5.192123353e-08
162 0.363463 -0.007169 0.056484 0.363410 -0.006989 0.056452 0.000000 0.000000 0.000000 0.000000 1 1.338776201e-07 1.338776201e-07
162 0.363459 -0.007155 0.056482 0.363410 -0.006989 0.056452 0.000000 0.000000 0.000000 0.000000 1 5.215406418e-08 5.215406418e-08
162 0.363455 -0.007142 0.056479 0.363410 -0.006989 0.056452 0.000000 0.000000 0.000000 0.000000 1 5.494803190e-08 5.494803190e-08
162 0.363452 -0.007131 0.056477 0.363410 -0.006989 0.056452 0.000000 0.000000 0.000000 0.000000 1 5.215406418e-08 5.215406418e-08
162 0.363449 -0.007120 0.056475 0.363410 -0.006989 0.056452 0.000000 0.000000 0.000000 0.000000 1 5.192123353e-08 5.192123353e-08
162 0.363446 -0.007110 0.056474 0.363410 -0.006989 0.056452 0.000000 0.000000 0.000000 0.000000 1 5.192123353e-08 5.192123353e-08
162 0.363443 -0.007100 0.056472 0.363410 -0.006989 0.056452 0.000000 0.000000 0.000000 0.000000 1 5.192123353e-08 5.192123353e-08
162 0.363440 -0.007092 0.056471 0.363410 -0.006989 0.056452 0.000000 0.000000 0.000000 0.000000 1 5.494803190e-08 5.494803190e-08
162 0.363438 -0.007084 0.056469 0.363410 -0.006989 0.056452 0.000000 0.000000 0.000000 0.000000 1 4.982575774e-08 4.982575774e-08
163 0.377890 -0.006419 0.061244 0.377807 -0.006334 0.061210 0.000000 0.000000 0.000000 0.000000 1 5.215406418e-08 5.215406418e-08
163 0.377884 -0.006413 0.061241 0.377807 -0.006334 0.061210 0.000000 0.000000 0.000000 0.000000 1 5.518086255e-08 5.518086255e-08
163 0.377878 -0.006407 0.061239 0.377807 -0.006334 0.061210 0.000000 0.000000 0.000000 0.000000 1 5.192123353e-08 5.192123353e-08
163 0.377872 -0.006401 0.061237 0.377807 -0.006334 0.061210 0.000000 0.000000 0.000000 0.000000 1 5.285255611e-08 5.285255611e-08
163 0.377867 -0.006396 0.061235 0.377807 -0.006334 0.061210 0.000000 0.000000 0.000000 0.000000 1 5.192123353e-08 5.192123353e-08
163 0.377863 -0.006391 0.061233 0.377807 -0.006334 0.061210 0.000000 0.000000 0.000000 0.000000 1 5.518086255e-08 5.518086255e-08
163 0.377858 -0.006387 0.061231 0.377807 -0.006334 0.061210 0.000000 0.000000 0.000000 0.000000 1 5.192123353e-08 5.192123353e-08
163 0.377855 -0.006383 0.061229 0.377807 -0.006334 0.061210 0.000000 0.000000 0.000000 0.000000 1 5.192123353e-08 5.192123353e-08
163 0.377851 -0.006379 0.061228 0.377807 -0.006334 0.061210 0.000000 0.000000 0.000000 0.000000 1 1.359730959e-07 1.359730959e-07
163 0.377848 -0.006375 0.061226 0.377807 -0.006334 0.061210 0.000000 0.000000 0.000000 0.000000 1 5.098991096e-08 5.098991096e-08
163 0.377844 -0.006372 0.061225 0.377807 -0.006334 0.061210 0.000000 0.000000 0.000000 0.000000 1 5.308538675e-08 5.308538675e-08
163 0.377842 -0.006369 0.061224 0.377807 -0.006334 0.061210 0.000000 0.000000 0.000000 0.000000 1 5.308538675e-08 5.308538675e-08
163 0.377839 -0.006367 0.061223 0.377807 -0.006334 0.061210 0.000000 0.000000 0.000000 0.000000 1 5.192123353e-08 5.192123353e-08
163 0.377836 -0.006364 0.061222 0.377807 -0.006334 0.061210 0.000000 0.000000 0.000000 0.000000 1 5.192123353e-08 5.192123353e-08
163 0.377834 -0.006362 0.061221 0.377807 -0.006334 0.061210 0.000000 0.000000 0.000000 0.000000 1 5.308538675e-08 5.308538675e-08
163 0.377832 -0.006360 0.061220 0.377807 -0.006334 0.061210 0.000000 0.000000 0.000000 0.000000 1 4.912726581e-08 4.912726581e-08
163 0.377830 -0.006358 0.061219 0.377807 -0.006334 0.061210 0.000000 0.000000 0.000000 0.000000 1 5.192123353e-08 5.192123353e-08
163 0.377828 -0.006356 0.061218 0.377807 -0.006334 0.061210 0.000000 0.000000 0.000000 0.000000 1 5.122274160e-08 5.122274160e-08
163 0.377827 -0.006354 0.061218 0.377807 -0.006334 0.061210 0.000000 0.000000 0.000000 0.000000 1 5.192123353e-08 5.192123353e-08
163 0.377825 -0.006353 0.061217 0.377807 -0.006334 0.061210 0.000000 0.000000 0.000000 0.000000 1 5.098991096e-08 5.098991096e-08
164 0.381926 -0.006813 0.058357 0.381893 -0.020086 0.058361 0.000000 0.000000 0.000000 0.000019 1 1.450534910e-07 1.450534910e-07
164 0.381923 -0.007834 0.058357 0.381893 -0.020086 0.058361 0.000000 0.000000 0.000000 0.000000 1 5.192123353e-08 5.192123353e-08
164 0.381921 -0.008776 0.058358 0.381893 -0.020086 0.058361 0.000000 0.000000 0.000000 0.000000 1 5.494803190e-08 5.494803190e-08
164 0.381919 -0.009645 0.058358 0.381893 -0.020086 0.058361 0.000000 0.000000 0.000000 0.000000 1 5.192123353e-08 5.192123353e-08
164 0.381917 -0.010448 0.058358 0.381893 -0.020086 0.058361 0.000000 0.000000 0.000000 0.000000 1 5.192123353e-08 5.192123353e-08
164 0.381915 -0.011189 0.058358 0.381893 -0.020086 0.058361 0.000000 0.000000 0.000000 0.000000 1 1.359730959e-07 1.359730959e-07
164 0.381913 -0.011873 0.058359 0.381893 -0.020086 0.058361 0.000000 0.000000 0.000000 0.000000 1 5.401670933e-08 5.401670933e-08
164 0.381912 -0.012504 0.058359 0.381893 -0.020086 0.058361 0.000000 0.000000 0.000000 0.000000 1 3.119930625e-08 3.119930625e-08
164 0.381910 -0.013087 0.058359 0.381893 -0.020086 0.058361 0.000000 0.000000 0.000000 0.000000 1 3.282912076e-08 3.282912076e-08
164 0.381909 -0.013625 0.058359 0.381893 -0.020086 0.058361 0.000000 0.000000 0.000000 0.000000 1 4.400499165e-08 4.400499165e-08
164 0.381908 -0.014122 0.058359 0.381893 -0.020086 0.058361 0.000000 0.000000 0.000000 0.000000 1 4.400499165e-08 4.400499165e-08
164 0.381906 -0.014581 0.058359 0.381893 -0.020086 0.058361 0.000000 0.000000 0.000000 0.000000 1 5.308538675e-08 5.308538675e-08
164 0.381905 -0.015004 0.058360 0.381893 -0.020086 0.058361 0.000000 0.000000 0.000000 0.000000 1 5.215406418e-08 5.215406418e-08
164 0.381904 -0.015394 0.058360 0.381893 -0.020086 0.058361 0.000000 0.000000 0.000000 0.000000 1 5.215406418e-08 5.215406418e-08
164 0.381903 -0.015755 0.058360 0.381893 -0.020086 0.058361 0.000000 0.000000 0.000000 0.000000 1 5.192123353e-08 5.192123353e-08
164 0.381903 -0.016088 0.058360 0.381893 -0.020086 0.058361 0.000000 0.000000 0.000000 0.000000 1 5.401670933e-08 5.401670933e-08
164 0.381902 -0.016395 0.058360 0.381893 -0.020086 0.058361 0.000000 0.000000 0.000000 0.000000 1 5.192123353e-08 5.192123353e-08
164 0.381901 -0.016679 0.058360 0.381893 -0.020086 0.058361 0.000000 0.000000 0.000000 0.000000 1 6.100162864e-08 6.100162864e-08
164 0.381901 -0.016941 0.058360 0.381893 -0.020086 0.058361 0.000000 0.000000 0.000000 0.000000 1 5.308538675e-08 5.308538675e-08
164 0.381900 -0.017183 0.058360 0.381893 -0.020086 0.058361 0.000000 0.000000 0.000000 0.000000 1 5.401670933e-08 5.401670933e-08
165 0.372857 -0.010187 0.042644 0.372886 -0.012895 0.042707 0.000000 0.000000 0.000000 0.000000 1 5.215406418e-08 5.215406418e-08
165 0.372859 -0.010395 0.042649 0.372886 -0.012895 0.042707 0.000000 0.000000 0.000000 0.000000 1 5.215406418e-08 5.215406418e-08
165 0.372861 -0.010587 0.042653 0.372886 -0.012895 0.042707 0.000000 0.000000 0.000000 0.000000 1 1.359730959e-07 1.359730959e-07
165 0.372863 -0.010765 0.042657 0.372886 -0.012895 0.042707 0.000000 0.000000 0.000000 0.000000 1 5.215406418e-08 5.215406418e-08
165 0.372865 -0.010929 0.042661 0.372886 -0.012895 0.042707 0.000000 0.000000 0.000000 0.000000 1 5.587935448e-08 5.587935448e-08
165 0.372866 -0.011080 0.042665 0.372886 -0.012895 0.042707 0.000000 0.000000 0.000000 0.000000 1 5.587935448e-08 5.587935448e-08
165 0.372868 -0.011219 0.042668 0.372886 -0.012895 0.042707 0.000000 0.000000 0.000000 0.000000 1 5.192123353e-08 5.192123353e-08
165 0.372869 -0.011348 0.042671 0.372886 -0.012895 0.042707 0.000000 0.000000 0.000000 0.000000 1 5.005858839e-08 5.005858839e-08
165 0.372870 -0.011467 0.042674 0.372886 -0.012895 0.042707 0.000000 0.000000 0.000000 0.000000 1 5.587935448e-08 5.587935448e-08
165 0.372872 -0.011577 0.042676 0.372886 -0.012895 0.042707 0.000000 0.000000 0.000000 0.000000 1 5.192123353e-08 5.192123353e-08
165 0.372873 -0.011678 0.042679 0.372886 -0.012895 0.042707 0.000000 0.000000 0.000000 0.000000 1 5.401670933e-08 5.401670933e-08
165 0.372874 -0.011772 0.042681 0.372886 -0.012895 0.042707 0.000000 0.000000 0.000000 0.000000 1 5.401670933e-08 5.401670933e-08
165 0.372875 -0.011858 0.042683 0.372886 -0.012895 0.042707 0.000000 0.000000 0.000000 0.000000 1 5.494803190e-08 5.494803190e-08
165 0.372875 -0.011938 0.042685 0.372886 -0.012895 0.042707 0.000000 0.000000 0.000000 0.000000 1 5.494803190e-08 5.494803190e-08
165 0.372876 -0.012012 0.042686 0.372886 -0.012895 0.042707 0.000000 0.000000 0.000000 0.000000 1 6.216578186e-08 6.216578186e-08
165 0.372877 -0.012080 0.042688 0.372886 -0.012895 0.042707 0.000000 0.000000 0.000000 0.000000 1 5.308538675e-08 5.308538675e-08
165 0.372878 -0.012142 0.042689 0.372886 -0.012895 0.042707 0.000000 0.000000 0.000000 0.000000 1 5.192123353e-08 5.192123353e-08
165 0.372878 -0.012200 0.042691 0.372886 -0.012895 0.042707 0.000000 0.000000 0.000000 0.000000 1 4.912726581e-08 4.912726581e-08
165 0.372879 -0.012254 0.042692 0.372886 -0.012895 0.042707 0.000000 0.000000 0.000000 0.000000 1 5.192123353e-08 5.192123353e-08
165 0.372879 -0.012303 0.042693 0.372886 -0.012895 0.042707 0.000000 0.000000 0.000000 0.000000 1 1.080334187e-07 1.080334187e-07
165 0.372880 -0.012348 0.042694 0.372886 -0.012895 0.042707 0.000000 0.000000 0.000000 0.000000 1 5.611218512e-08 5.611218512e-08
166 0.361357 -0.012811 0.052932 0.361405 -0.015539 0.052906 0.000000 0.000000 0.000000 0.000000 1 5.122274160e-08 5.122274160e-08
166 0.361361 -0.013021 0.052930 0.361405 -0.015539 0.052906 0.000000 0.000000 0.000000 0.000000 1 5.285255611e-08 5.285255611e-08
166 0.361364 -0.013215 0.052929 0.361405 -0.015539 0.052906 0.000000 0.000000 0.000000 0.000000 1 5.401670933e-08 5.401670933e-08
166 0.361367 -0.013393 0.052927 0.361405 -0.015539 0.052906 0.000000 0.000000 0.000000 0.000000 1 5.192123353e-08 5.192123353e-08
166 0.361370 -0.013558 0.052925 0.361405 -0.015539 0.052906 0.000000 0.000000 0.000000 0.000000 1 5.494803190e-08 5.494803190e-08
166 0.361373 -0.013711 0.052924 0.361405 -0.015539 0.052906 0.000000 0.000000 0.000000 0.000000 1 5.215406418e-08 5.215406418e-08
166 0.361375 -0.013851 0.052922 0.361405 -0.015539 0.052906 0.000000 0.000000 0.000000 0.000000 1 5.192123353e-08 5.192123353e-08
166 0.361378 -0.013981 0.052921 0.361405 -0.015539 0.052906 0.000000 0.000000 0.000000 0.000000 1 5.005858839e-08 5.005858839e-08
166 0.361380 -0.014101 0.052920 0.361405 -0.015539 0.052906 0.000000 0.000000 0.000000 0.000000 1 5.215406418e-08 5.215406418e-08
166 0.361382 -0.014211 0.052919 0.361405 -0.015539 0.052906 0.000000 0.000000 0.000000 0.000000 1 5.518086255e-08 5.518086255e-08
166 0.361384 -0.014314 0.052918 0.361405 -0.015539 0.052906 0.000000 0.000000 0.000000 0.000000 1 1.378357410e-07 1.378357410e-07
166 0.361385 -0.014408 0.052917 0.361405 -0.015539 0.052906 0.000000 0.000000 0.000000 0.000000 1 5.215406418e-08 5.215406418e-08
166 0.361387 -0.014495 0.052916 0.361405 -0.015539 0.052906 0.000000 0.000000 0.000000 0.000000 1 5.098991096e-08 5.098991096e-08
166 0.361388 -0.014575 0.052916 0.361405 -0.015539 0.052906 0.000000 0.000000 0.000000 0.000000 1 4.982575774e-08 4.982575774e-08
166 0.361390 -0.014649 0.052915 0.361405 -0.015539 0.052906 0.000000 0.000000 0.000000 0.000000 1 5.192123353e-08 5.192123353e-08
166 0.361391 -0.014718 0.052914 0.361405 -0.015539 0.052906 0.000000 0.000000 0.000000 0.000000 1 1.080334187e-07 1.080334187e-07
166 0.361392 -0.014781 0.052914 0.361405 -0.015539 0.052906 0.000000 0.000000 0.000000 0.000000 1 5.192123353e-08 5.192123353e-08
166 0.361393 -0.014839 0.052913 0.361405 -0.015539 0.052906 0.000000 0.000000 0.000000 0.000000 1 5.308538675e-08 5.308538675e-08
166 0.361394 -0.014893 0.052913 0.361405 -0.015539 0.052906 0.000000 0.000000 0.000000 0.000000 1 5.308538675e-08 5.308538675e-08
166 0.361395 -0.014943 0.052912 0.361405 -0.015539 0.052906 0.000000 0.000000 0.000000 0.000000 1 5.518086255e-08 5.518086255e-08
167 0.344643 -0.001298 0.056135 0.344715 -0.001900 0.056117 0.000000 0.000000 0.000000 0.000000 1 5.494803190e-08 5.494803190e-08
167 0.344648 -0.001345 0.056133 0.344715 -0.001900 0.056117 0.000000 0.000000 0.000000 0.000000 1 3.795139492e-08 3.795139492e-08
167 0.344653 -0.001387 0.056132 0.344715 -0.001900 0.056117 0.000000 0.000000 0.000000 0.000000 1 4.121102393e-08 4.121102393e-08
167 0.344658 -0.001427 0.056131 0.344715 -0.001900 0.056117 0.000000 0.000000 0.000000 0.000000 1 3.399327397e-08 3.399327397e-08
167 0.344662 -0.001463 0.056130 0.344715 -0.001900 0.056117 0.000000 0.000000 0.000000 0.000000 1 9.592622519e-08 9.592622519e-08
167 0.344666 -0.001497 0.056129 0.344715 -0.001900 0.056117 0.000000 0.000000 0.000000 0.000000 1 7.799826562e-08 7.799826562e-08
167 0.344670 -0.001528 0.056128 0.344715 -0.001900 0.056117 0.000000 0.000000 0.000000 0.000000 1 6.612390280e-08 6.612390280e-08
167 0.344674 -0.001556 0.056127 0.344715 -0.001900 0.056117 0.000000 0.000000 0.000000 0.000000 1 1.569278538e-07 1.569278538e-07
167 0.344677 -0.001583 0.056126 0.344715 -0.001900 0.056117 0.000000 0.000000 0.000000 0.000000 1 7.101334631e-08 7.101334631e-08
167 0.344680 -0.001607 0.056126 0.344715 -0.001900 0.056117 0.000000 0.000000 0.000000 0.000000 1 6.495974958e-08 6.495974958e-08
167 0.344682 -0.001630 0.056125 0.344715 -0.001900 0.056117 0.000000 0.000000 0.000000 0.000000 1 8.218921721e-08 8.218921721e-08
167 0.344685 -0.001651 0.056124 0.344715 -0.001900 0.056117 0.000000 0.000000 0.000000 0.000000 1 5.005858839e-08 5.005858839e-08
167 0.344687 -0.001670 0.056124 0.344715 -0.001900 0.056117 0.000000 0.000000 0.000000 0.000000 1 1.348089427e-07 1.348089427e-07
167 0.344689 -0.001687 0.056123 0.344715 -0.001900 0.056117 0.000000 0.000000 0.000000 0.000000 1 5.192123353e-08 5.192123353e-08
167 0.344691 -0.001704 0.056123 0.344715 -0.001900 0.056117 0.000000 0.000000 0.000000 0.000000 1 5.890615284e-08 5.890615284e-08
167 0.344693 -0.001719 0.056123 0.344715 -0.001900 0.056117 0.000000 0.000000 0.000000 0.000000 1 4.912726581e-08 4.912726581e-08
167 0.344695 -0.001733 0.056122 0.344715 -0.001900 0.056117 0.000000 0.000000 0.000000 0.000000 1 5.308538675e-08 5.308538675e-08
167 0.344243 -0.001474 0.056122 0.344715 -0.001900 0.056117 0.000000 0.000000 0.000000 0.000000 1 5.797483027e-08 5.797483027e-08
167 0.342521 -0.000807 0.056124 0.344715 -0.001900 0.056117 0.000000 0.000000 0.000000 0.000001 1 5.913898349e-08 5.913898349e-08
167 0.339626 -0.000265 0.056127 0.344715 -0.001900 0.056117 0.000000 0.000000 0.000000 0.000001 1 6.007030606e-08 6.007030606e-08
168 0.327988 0.001032 0.075007 0.335559 -0.000057 0.074924 0.000000 0.000000 0.000000 0.000001 1 5.401670933e-08 5.401670933e-08
168 0.324654 0.000584 0.075005 0.335559 -0.000057 0.074924 0.000000 0.000000 0.000000 0.000001 1 6.100162864e-08 6.100162864e-08
168 0.320734 0.000443 0.075005 0.335559 -0.000057 0.074924 0.000000 0.000000 0.000000 0.000001 1 5.797483027e-08 5.797483027e-08
168 0.316365 0.000429 0.075005 0.335559 -0.000057 0.074924 0.000000 0.000000 0.000000 0.000001 1 6.007030606e-08 6.007030606e-08
168 0.311633 0.000464 0.075006 0.335559 -0.000057 0.074924 0.000000 0.000000 0.000000 0.000002 1 9.010545909e-08 9.010545909e-08
168 0.306599 0.000522 0.075008 0.335559 -0.000057 0.074924 0.000000 0.000000 0.000000 0.000002 1 5.494803190e-08 5.494803190e-08
168 0.301315 0.000594 0.075010 0.335559 -0.000057 0.074924 0.000000 0.000000 0.000000 0.000002 1 5.913898349e-08 5.913898349e-08
168 0.295838 0.000677 0.075013 0.335559 -0.000057 0.074924 0.000000 0.000000 0.000000 0.000002 1 5.890615284e-08 5.890615284e-08
168 0.290230 0.000766 0.075017 0.335559 -0.000057 0.074924 0.000000 0.000000 0.000000 0.000002 1 5.890615284e-08 5.890615284e-08
168 0.284556 0.000858 0.075020 0.335559 -0.000057 0.074924 0.000000 0.000000 0.000000 0.000002 1 1.690350473e-07 1.690350473e-07
168 0.278877 0.000945 0.075024 0.335559 -0.000057 0.074924 0.000000 0.000000 0.000000 0.000002 1 6.309710443e-08 6.309710443e-08
168 0.273240 0.001025 0.075028 0.335559 -0.000057 0.074924 0.000000 0.000000 0.000000 0.000002 1 5.797483027e-08 5.797483027e-08
168 0.267671 0.001098 0.075031 0.335559 -0.000057 0.074924 0.000000 0.000000 0.000000 0.000002 1 6.100162864e-08 6.100162864e-08
168 0.262175 0.001167 0.075035 0.335559 -0.000057 0.074924 0.000000 0.000000 0.000000 0.000002 1 5.681067705e-08 5.681067705e-08
168 0.256751 0.001238 0.075038 0.335559 -0.000057 0.074924 0.000000 0.000000 0.000000 0.000002 1 5.401670933e-08 5.401670933e-08
168 0.251391 0.001318 0.075041 0.335559 -0.000057 0.074924 0.000000 0.000000 0.000000 0.000002 1 5.820766091e-08 5.820766091e-08
168 0.246091 0.001412 0.075044 0.335559 -0.000057 0.074924 0.000000 0.000000 0.000000 0.000002 1 5.797483027e-08 5.797483027e-08
168 0.240848 0.001524 0.075046 0.335559 -0.000057 0.074924 0.000000 0.000000 0.000000 0.000002 1 5.518086255e-08 5.518086255e-08
168 0.235666 0.001653 0.075049 0.335559 -0.000057 0.074924 0.000000 0.000000 0.000000 0.000002 1 6.100162864e-08 6.100162864e-08
168 0.230555 0.001799 0.075052 0.335559 -0.000057 0.074924 0.000000 0.000000 0.000000 0.000002 1 5.681067705e-08 5.681067705e-08
169 0.221752 0.014561 0.090935 0.328606 0.016029 0.090743 0.000000 0.000000 0.000000 0.000001 1 5.890615284e-08 5.890615284e-08
169 0.218125 0.011188 0.090937 0.328606 0.016029 0.090743 0.000000 0.000000 0.000000 0.000001 1 7.008202374e-08 7.008202374e-08
169 0.213859 0.009188 0.090939 0.328606 0.016029 0.090743 0.000000 0.000000 0.000000 0.000002 1 5.797483027e-08 5.797483027e-08
169 0.209404 0.008079 0.090940 0.328606 0.016029 0.090743 0.000000 0.000000 0.000000 0.000002 1 5.704350770e-08 5.704350770e-08
169 0.204934 0.007515 0.090940 0.328606 0.016029 0.090743 0.000000 0.000000 0.000000 0.000002 1 5.797483027e-08 5.797483027e-08
169 0.200517 0.007290 0.090941 0.328606 0.016029 0.090743 0.000000 0.000000 0.000000 0.000002 1 5.797483027e-08 5.797483027e-08
169 0.196179 0.007284 0.090941 0.328606 0.016029 0.090743 0.000000 0.000000 0.000000 0.000002 1 1.718290150e-07 1.718290150e-07
169 0.191930 0.007425 0.090941 0.328606 0.016029 0.090743 0.000000 0.000000 0.000000 0.000002 1 5.913898349e-08 5.913898349e-08
169 0.187779 0.007665 0.090942 0.328606 0.016029 0.090743 0.000000 0.000000 0.000000 0.000002 1 5.797483027e-08 5.797483027e-08
169 0.183730 0.007971 0.090942 0.328606 0.016029 0.090743 0.000000 0.000000 0.000000 0.000001 1 5.913898349e-08 5.913898349e-08
169 0.179790 0.008317 0.090943 0.328606 0.016029 0.090743 0.000000 0.000000 0.000000 0.000001 1 5.587935448e-08 5.587935448e-08
169 0.175960 0.008684 0.090944 0.328606 0.016029 0.090743 0.000000 0.000000 0.000000 0.000001 1 6.007030606e-08 6.007030606e-08
169 0.172241 0.009068 0.090946 0.328606 0.016029 0.090743 0.000000 0.000000 0.000000 0.000001 1 6.100162864e-08 6.100162864e-08
169 0.168630 0.009471 0.090947 0.328606 0.016029 0.090743 0.000000 0.000000 0.000000 0.000001 1 6.007030606e-08 6.007030606e-08
169 0.165123 0.009903 0.090949 0.328606 0.016029 0.090743 0.000000 0.000000 0.000000 0.000001 1 6.216578186e-08 6.216578186e-08
169 0.161714 0.010370 0.090951 0.328606 0.016029 0.090743 0.000000 0.000000 0.000000 0.000001 1 5.913898349e-08 5.913898349e-08
169 0.158398 0.010875 0.090954 0.328606 0.016029 0.090743 0.000000 0.000000 0.000000 0.000001 1 5.797483027e-08 5.797483027e-08
169 0.155170 0.011417 0.090957 0.328606 0.016029 0.090743 0.000000 0.000000 0.000000 0.000001 1 4.190951586e-08 4.190951586e-08
169 0.152027 0.011992 0.090959 0.328606 0.016029 0.090743 0.000000 0.000000 0.000000 0.000001 1 9.499490261e-08 9.499490261e-08
169 0.148965 0.012589 0.090963 0.328606 0.016029 0.090743 0.000000 0.000000 0.000000 0.000001 1 1.909211278e-08 1.909211278e-08
170 0.146225 0.021778 0.102709 0.346546 0.024886 0.102416 0.000000 0.000000 0.000000 0.000002 1 6.007030606e-08 6.007030606e-08
170 0.143372 0.021634 0.102716 0.346546 0.024886 0.102416 0.000000 0.000000 0.000000 0.000002 1 5.890615284e-08 5.890615284e-08
170 0.140588 0.021667 0.102722 0.346546 0.024886 0.102416 0.000000 0.000000 0.000000 0.000002 1 5.983747542e-08 5.983747542e-08
170 0.137876 0.021846 0.102727 0.346546 0.024886 0.102416 0.000000 0.000000 0.000000 0.000002 1 1.720618457e-07 1.720618457e-07
170 0.135239 0.022154 0.102733 0.346546 0.024886 0.102416 0.000000 0.000000 0.000000 0.000002 1 5.797483027e-08 5.797483027e-08
170 0.132674 0.022579 0.102738 0.346546 0.024886 0.102416 0.000000 0.000000 0.000000 0.000002 1 5.983747542e-08 5.983747542e-08
170 0.130181 0.023110 0.102744 0.346546 0.024886 0.102416 0.000000 0.000000 0.000000 0.000002 1 6.007030606e-08 6.007030606e-08
170 0.127759 0.023730 0.102749 0.346546 0.024886 0.102416 0.000000 0.000000 0.000000 0.000001 1 7.101334631e-08 7.101334631e-08
170 0.125405 0.024419 0.102755 0.346546 0.024886 0.102416 0.000000 0.000000 0.000000 0.000001 1 7.287599146e-08 7.287599146e-08
170 0.123120 0.025152 0.102762 0.346546 0.024886 0.102416 0.000000 0.000000 0.000000 0.000001 1 6.007030606e-08 6.007030606e-08
170 0.120901 0.025902 0.102768 0.346546 0.024886 0.102416 0.000000 0.000000 0.000000 0.000001 1 5.611218512e-08 5.611218512e-08
170 0.118749 0.026649 0.102774 0.346546 0.024886 0.102416 0.000000 0.000000 0.000000 0.000001 1 5.308538675e-08 5.308538675e-08
170 0.116661 0.027379 0.102781 0.346546 0.024886 0.102416 0.000000 0.000000 0.000000 0.000001 1 6.100162864e-08 6.100162864e-08
170 0.114636 0.028086 0.102787 0.346546 0.024886 0.102416 0.000000 0.000000 0.000000 0.000001 1 5.983747542e-08 5.983747542e-08
170 0.112670 0.028775 0.102794 0.346546 0.024886 0.102416 0.000000 0.000000 0.000000 0.000001 1 6.216578186e-08 6.216578186e-08
170 0.110761 0.029452 0.102801 0.346546 0.024886 0.102416 0.000000 0.000000 0.000000 0.000001 1 6.100162864e-08 6.100162864e-08
170 0.108906 0.030127 0.102807 0.346546 0.024886 0.102416 0.000000 0.000000 0.000000 0.000001 1 6.100162864e-08 6.100162864e-08
170 0.107104 0.030808 0.102814 0.346546 0.024886 0.102416 0.000000 0.000000 0.000000 0.000001 1 6.007030606e-08 6.007030606e-08
170 0.105352 0.031503 0.102821 0.346546 0.024886 0.102416 0.000000 0.000000 0.000000 0.000001 1 6.007030606e-08 6.007030606e-08
170 0.103649 0.032210 0.102827 0.346546 0.024886 0.102416 0.000000 0.000000 0.000000 0.000001 1 5.704350770e-08 5.704350770e-08
171 0.102647 0.042553 0.112656 0.400167 0.031462 0.112094 0.000000 0.000000 0.000000 0.000002 1 1.599546522e-07 1.599546522e-07
171 0.101064 0.042849 0.112669 0.400167 0.031462 0.112094 0.000000 0.000000 0.000000 0.000002 1 6.309710443e-08 6.309710443e-08
171 0.099527 0.043212 0.112682 0.400167 0.031462 0.112094 0.000000 0.000000 0.000000 0.000002 1 5.890615284e-08 5.890615284e-08
171 0.098033 0.043615 0.112695 0.400167 0.031462 0.112094 0.000000 0.000000 0.000000 0.000002 1 5.587935448e-08 5.587935448e-08
171 0.096581 0.044044 0.112707 0.400167 0.031462 0.112094 0.000000 0.000000 0.000000 0.000002 1 5.704350770e-08 5.704350770e-08
171 0.095171 0.044499 0.112718 0.400167 0.031462 0.112094 0.000000 0.000000 0.000000 0.000002 1 5.913898349e-08 5.913898349e-08
171 0.093803 0.044981 0.112729 0.400167 0.031462 0.112094 0.000000 0.000000 0.000000 0.000002 1 5.913898349e-08 5.913898349e-08
171 0.092476 0.045495 0.112739 0.400167 0.031462 0.112094 0.000000 0.000000 0.000000 0.000002 1 6.007030606e-08 6.007030606e-08
171 0.091192 0.046040 0.112750 0.400167 0.031462 0.112094 0.000000 0.000000 0.000000 0.000002 1 5.890615284e-08 5.890615284e-08
171 0.089949 0.046610 0.112760 0.400167 0.031462 0.112094 0.000000 0.000000 0.000000 0.000002 1 6.216578186e-08 6.216578186e-08
171 0.088749 0.047198 0.112770 0.400167 0.031462 0.112094 0.000000 0.000000 0.000000 0.000002 1 6.007030606e-08 6.007030606e-08
171 0.087590 0.047794 0.112780 0.400167 0.031462 0.112094 0.000000 0.000000 0.000000 0.000002 1 5.913898349e-08 5.913898349e-08
171 0.086471 0.048396 0.112790 0.400167 0.031462 0.112094 0.000000 0.000000 0.000000 0.000002 1 5.983747542e-08 5.983747542e-08
171 0.085394 0.049007 0.112799 0.400167 0.031462 0.112094 0.000000 0.000000 0.000000 0.000002 1 5.611218512e-08 5.611218512e-08
171 0.084358 0.049636 0.112809 0.400167 0.031462 0.112094 0.000000 0.000000 0.000000 0.000002 1 6.286427379e-08 6.286427379e-08
171 0.083362 0.050288 0.112819 0.400167 0.031462 0.112094 0.000000 0.000000 0.000000 0.000002 1 6.193295121e-08 6.193295121e-08
171 0.082404 0.050966 0.112829 0.400167 0.031462 0.112094 0.000000 0.000000 0.000000 0.000002 1 5.983747542e-08 5.983747542e-08
171 0.081481 0.051667 0.112839 0.400167 0.031462 0.112094 0.000000 0.000000 0.000000 0.000002 1 1.701992005e-07 1.701992005e-07
171 0.080590 0.052382 0.112849 0.400167 0.031462 0.112094 0.000000 0.000000 0.000000 0.000001 1 5.983747542e-08 5.983747542e-08
171 0.079727 0.053100 0.112859 0.400167 0.031462 0.112094 0.000000 0.000000 0.000000 0.000001 1 5.913898349e-08 5.913898349e-08
172 0.079559 0.060420 0.125952 0.490322 0.029905 0.124882 0.000000 0.000000 0.000000 0.000002 1 5.704350770e-08 5.704350770e-08
172 0.078754 0.060792 0.125967 0.490322 0.029905 0.124882 0.000000 0.000000 0.000000 0.000002 1 5.797483027e-08 5.797483027e-08
172 0.077974 0.061198 0.125982 0.490322 0.029905 0.124882 0.000000 0.000000 0.000000 0.000002 1 6.100162864e-08 6.100162864e-08
172 0.077222 0.061642 0.125996 0.490322 0.029905 0.124882 0.000000 0.000000 0.000000 0.000002 1 5.983747542e-08 5.983747542e-08
172 0.076497 0.062128 0.126009 0.490322 0.029905 0.124882 0.000000 0.000000 0.000000 0.000002 1 5.983747542e-08 5.983747542e-08
172 0.075800 0.062659 0.126022 0.490322 0.029905 0.124882 0.000000 0.000000 0.000000 0.000002 1 5.494803190e-08 5.494803190e-08
172 0.075129 0.063233 0.126035 0.490322 0.029905 0.124882 0.000000 0.000000 0.000000 0.000002 1 5.611218512e-08 5.611218512e-08
172 0.074485 0.063842 0.126048 0.490322 0.029905 0.124882 0.000000 0.000000 0.000000 0.000002 1 5.611218512e-08 5.611218512e-08
172 0.073863 0.064473 0.126060 0.490322 0.029905 0.124882 0.000000 0.000000 0.000000 0.000002 1 6.007030606e-08 6.007030606e-08
172 0.073263 0.065107 0.126073 0.490322 0.029905 0.124882 0.000000 0.000000 0.000000 0.000002 1 6.309710443e-08 6.309710443e-08
172 0.072681 0.065726 0.126085 0.490322 0.029905 0.124882 0.000000 0.000000 0.000000 0.000002 1 6.007030606e-08 6.007030606e-08
172 0.072115 0.066319 0.126098 0.490322 0.029905 0.124882 0.000000 0.000000 0.000000 0.000002 1 5.797483027e-08 5.797483027e-08
172 0.071565 0.066878 0.126110 0.490322 0.029905 0.124882 0.000000 0.000000 0.000000 0.000002 1 5.704350770e-08 5.704350770e-08
172 0.071029 0.067403 0.126121 0.490322 0.029905 0.124882 0.000000 0.000000 0.000000 0.000002 1 4.889443517e-08 4.889443517e-08
172 0.070509 0.067898 0.126133 0.490322 0.029905 0.124882 0.000000 0.000000 0.000000 0.000002 1 1.399312168e-07 1.399312168e-07
172 0.070005 0.068374 0.126144 0.490322 0.029905 0.124882 0.000000 0.000000 0.000000 0.000002 1 6.100162864e-08 6.100162864e-08
172 0.069518 0.068843 0.126155 0.490322 0.029905 0.124882 0.000000 0.000000 0.000000 0.000002 1 5.704350770e-08 5.704350770e-08
172 0.069049 0.069321 0.126166 0.490322 0.029905 0.124882 0.000000 0.000000 0.000000 0.000002 1 5.704350770e-08 5.704350770e-08
172 0.068599 0.069819 0.126177 0.490322 0.029905 0.124882 0.000000 0.000000 0.000000 0.000002 1 5.890615284e-08 5.890615284e-08
172 0.068169 0.070342 0.126187 0.490322 0.029905 0.124882 0.000000 0.000000 0.000000 0.000002 1 6.007030606e-08 6.007030606e-08
173 0.069164 0.082289 0.154322 0.599856 0.029611 0.152524 0.000000 0.000000 0.000000 0.000002 1 5.797483027e-08 5.797483027e-08
173 0.068773 0.082021 0.154344 0.599856 0.029611 0.152524 0.000000 0.000000 0.000000 0.000002 1 6.286427379e-08 6.286427379e-08
173 0.068401 0.081925 0.154363 0.599856 0.029611 0.152524 0.000000 0.000000 0.000000 0.000002 1 5.704350770e-08 5.704350770e-08
173 0.068047 0.081973 0.154381 0.599856 0.029611 0.152524 0.000000 0.000000 0.000000 0.000002 1 5.797483027e-08 5.797483027e-08
173 0.067708 0.082133 0.154398 0.599856 0.029611 0.152524 0.000000 0.000000 0.000000 0.000002 1 6.612390280e-08 6.612390280e-08
173 0.067385 0.082386 0.154414 0.599856 0.029611 0.152524 0.000000 0.000000 0.000000 0.000002 1 5.401670933e-08 5.401670933e-08
173 0.067079 0.082723 0.154429 0.599856 0.029611 0.152524 0.000000 0.000000 0.000000 0.000002 1 6.007030606e-08 6.007030606e-08
173 0.066793 0.083140 0.154444 0.599856 0.029611 0.152524 0.000000 0.000000 0.000000 0.000002 1 5.820766091e-08 5.820766091e-08
173 0.066528 0.083630 0.154459 0.599856 0.029611 0.152524 0.000000 0.000000 0.000000 0.000002 1 6.007030606e-08 6.007030606e-08
173 0.066284 0.084181 0.154473 0.599856 0.029611 0.152524 0.000000 0.000000 0.000000 0.000002 1 5.494803190e-08 5.494803190e-08
173 0.066062 0.084774 0.154487 0.599856 0.029611 0.152524 0.000000 0.000000 0.000000 0.000002 1 6.100162864e-08 6.100162864e-08
173 0.065858 0.085390 0.154502 0.599856 0.029611 0.152524 0.000000 0.000000 0.000000 0.000002 1 1.729931682e-07 1.729931682e-07
173 0.065672 0.086020 0.154516 0.599856 0.029611 0.152524 0.000000 0.000000 0.000000 0.000002 1 6.007030606e-08 6.007030606e-08
173 0.065506 0.086667 0.154531 0.599856 0.029611 0.152524 0.000000 0.000000 0.000000 0.000002 1 6.007030606e-08 6.007030606e-08
173 0.065363 0.087340 0.154545 0.599856 0.029611 0.152524 0.000000 0.000000 0.000000 0.000002 1 6.007030606e-08 6.007030606e-08
173 0.065244 0.088053 0.154560 0.599856 0.029611 0.152524 0.000000 0.000000 0.000000 0.000002 1 6.589107215e-08 6.589107215e-08
173 0.065149 0.088809 0.154575 0.599856 0.029611 0.152524 0.000000 0.000000 0.000000 0.000002 1 5.494803190e-08 5.494803190e-08
173 0.065079 0.089608 0.154591 0.599856 0.029611 0.152524 0.000000 0.000000 0.000000 0.000002 1 5.913898349e-08 5.913898349e-08
173 0.065027 0.090435 0.154607 0.599856 0.029611 0.152524 0.000000 0.000000 0.000000 0.000002 1 5.890615284e-08 5.890615284e-08
173 0.064989 0.091271 0.154623 0.599856 0.029611 0.152524 0.000000 0.000000 0.000000 0.000002 1 6.007030606e-08 6.007030606e-08
174 0.064732 0.090160 0.163027 0.715603 0.011904 0.160379 0.000000 0.000000 0.000000 0.000002 1 6.007030606e-08 6.007030606e-08
174 0.064733 0.091171 0.163038 0.715603 0.011904 0.160379 0.000000 0.000000 0.000000 0.000002 1 5.890615284e-08 5.890615284e-08
174 0.064731 0.092118 0.163050 0.715603 0.011904 0.160379 0.000000 0.000000 0.000000 0.000002 1 6.007030606e-08 6.007030606e-08
174 0.064731 0.093018 0.163063 0.715603 0.011904 0.160379 0.000000 0.000000 0.000000 0.000002 1 6.100162864e-08 6.100162864e-08
174 0.064735 0.093894 0.163078 0.715603 0.011904 0.160379 0.000000 0.000000 0.000000 0.000002 1 6.007030606e-08 6.007030606e-08
174 0.064746 0.094760 0.163093 0.715603 0.011904 0.160379 0.000000 0.000000 0.000000 0.000002 1 6.007030606e-08 6.007030606e-08
174 0.064768 0.095622 0.163109 0.715603 0.011904 0.160379 0.000000 0.000000 0.000000 0.000002 1 5.983747542e-08 5.983747542e-08
174 0.064799 0.096476 0.163125 0.715603 0.011904 0.160379 0.000000 0.000000 0.000000 0.000002 1 5.704350770e-08 5.704350770e-08
174 0.064837 0.097308 0.163143 0.715603 0.011904 0.160379 0.000000 0.000000 0.000000 0.000002 1 2.009328455e-07 2.009328455e-07
174 0.064878 0.098097 0.163160 0.715603 0.011904 0.160379 0.000000 0.000000 0.000000 0.000002 1 6.007030606e-08 6.007030606e-08
174 0.064916 0.098828 0.163178 0.715603 0.011904 0.160379 0.000000 0.000000 0.000000 0.000002 1 6.100162864e-08 6.100162864e-08
174 0.064949 0.099491 0.163197 0.715603 0.011904 0.160379 0.000000 0.000000 0.000000 0.000002 1 6.007030606e-08 6.007030606e-08
174 0.064976 0.100087 0.163215 0.715603 0.011904 0.160379 0.000000 0.000000 0.000000 0.000002 1 6.100162864e-08 6.100162864e-08
174 0.064998 0.100620 0.163233 0.715603 0.011904 0.160379 0.000000 0.000000 0.000000 0.000002 1 6.100162864e-08 6.100162864e-08
174 0.065017 0.101105 0.163251 0.715603 0.011904 0.160379 0.000000 0.000000 0.000000 0.000002 1 5.797483027e-08 5.797483027e-08
174 0.065038 0.101560 0.163268 0.715603 0.011904 0.160379 0.000000 0.000000 0.000000 0.000002 1 5.611218512e-08 5.611218512e-08
174 0.065065 0.102010 0.163285 0.715603 0.011904 0.160379 0.000000 0.000000 0.000000 0.000002 1 5.494803190e-08 5.494803190e-08
174 0.065104 0.102478 0.163302 0.715603 0.011904 0.160379 0.000000 0.000000 0.000000 0.000002 1 6.100162864e-08 6.100162864e-08
174 0.065158 0.102983 0.163319 0.715603 0.011904 0.160379 0.000000 0.000000 0.000000 0.000002 1 5.913898349e-08 5.913898349e-08
174 0.065229 0.103532 0.163336 0.715603 0.011904 0.160379 0.000000 0.000000 0.000000 0.000002 1 5.797483027e-08 5.797483027e-08
175 0.066787 0.112346 0.195850 0.840576 0.001868 0.192138 0.000000 0.000000 0.000000 0.000003 1 5.611218512e-08 5.611218512e-08
175 0.066799 0.111660 0.195877 0.840576 0.001868 0.192138 0.000000 0.000000 0.000000 0.000003 1 5.704350770e-08 5.704350770e-08
175 0.066847 0.111336 0.195901 0.840576 0.001868 0.192138 0.000000 0.000000 0.000000 0.000003 1 5.494803190e-08 5.494803190e-08
175 0.066923 0.111297 0.195923 0.840576 0.001868 0.192138 0.000000 0.000000 0.000000 0.000003 1 5.587935448e-08 5.587935448e-08
175 0.067022 0.111481 0.195944 0.840576 0.001868 0.192138 0.000000 0.000000 0.000000 0.000003 1 5.797483027e-08 5.797483027e-08
175 0.067141 0.111829 0.195964 0.840576 0.001868 0.192138 0.000000 0.000000 0.000000 0.000002 1 1.711305231e-07 1.711305231e-07
175 0.067278 0.112308 0.195983 0.840576 0.001868 0.192138 0.000000 0.000000 0.000000 0.000002 1 5.797483027e-08 5.797483027e-08
175 0.067435 0.112899 0.196003 0.840576 0.001868 0.192138 0.000000 0.000000 0.000000 0.000002 1 3.213062882e-08 3.213062882e-08
175 0.067614 0.113584 0.196023 0.840576 0.001868 0.192138 0.000000 0.000000 0.000000 0.000002 1 3.608874977e-08 3.608874977e-08
175 0.067814 0.114338 0.196043 0.840576 0.001868 0.192138 0.000000 0.000000 0.000000 0.000002 1 4.400499165e-08 4.400499165e-08
175 0.068030 0.115132 0.196064 0.840576 0.001868 0.192138 0.000000 0.000000 0.000000 0.000002 1 4.307366908e-08 4.307366908e-08
175 0.068258 0.115935 0.196086 0.840576 0.001868 0.192138 0.000000 0.000000 0.000000 0.000002 1 6.007030606e-08 6.007030606e-08
175 0.068496 0.116734 0.196109 0.840576 0.001868 0.192138 0.000000 0.000000 0.000000 0.000002 1 7.008202374e-08 7.008202374e-08
175 0.068749 0.117537 0.196132 0.840576 0.001868 0.192138 0.000000 0.000000 0.000000 0.000002 1 6.100162864e-08 6.100162864e-08
175 0.069022 0.118367 0.196156 0.840576 0.001868 0.192138 0.000000 0.000000 0.000000 0.000002 1 5.890615284e-08 5.890615284e-08
175 0.069320 0.119240 0.196180 0.840576 0.001868 0.192138 0.000000 0.000000 0.000000 0.000002 1 5.401670933e-08 5.401670933e-08
175 0.069646 0.120165 0.196206 0.840576 0.001868 0.192138 0.000000 0.000000 0.000000 0.000002 1 5.704350770e-08 5.704350770e-08
175 0.070000 0.121140 0.196232 0.840576 0.001868 0.192138 0.000000 0.000000 0.000000 0.000002 1 7.799826562e-08 7.799826562e-08
175 0.070374 0.122147 0.196259 0.840576 0.001868 0.192138 0.000000 0.000000 0.000000 0.000002 1 5.704350770e-08 5.704350770e-08
175 0.070759 0.123157 0.196288 0.840576 0.001868 0.192138 0.000000 0.000000 0.000000 0.000002 1 5.704350770e-08 5.704350770e-08
176 0.069533 0.114581 0.206246 0.960344 -0.029628 0.201318 0.000000 0.000000 0.000000 0.000003 1 5.983747542e-08 5.983747542e-08
176 0.070255 0.117440 0.206246 0.960344 -0.029628 0.201318 0.000000 0.000000 0.000000 0.000003 1 5.611218512e-08 5.611218512e-08
176 0.070875 0.119766 0.206255 0.960344 -0.029628 0.201318 0.000000 0.000000 0.000000 0.000003 1 1.699663699e-07 1.699663699e-07
176 0.071421 0.121676 0.206270 0.960344 -0.029628 0.201318 0.000000 0.000000 0.000000 0.000003 1 5.494803190e-08 5.494803190e-08
176 0.071917 0.123280 0.206290 0.960344 -0.029628 0.201318 0.000000 0.000000 0.000000 0.000003 1 5.587935448e-08 5.587935448e-08
176 0.072383 0.124665 0.206313 0.960344 -0.029628 0.201318 0.000000 0.000000 0.000000 0.000003 1 5.587935448e-08 5.587935448e-08
176 0.072831 0.125887 0.206339 0.960344 -0.029628 0.201318 0.000000 0.000000 0.000000 0.000003 1 6.100162864e-08 6.100162864e-08
176 0.073268 0.126979 0.206367 0.960344 -0.029628 0.201318 0.000000 0.000000 0.000000 0.000003 1 5.913898349e-08 5.913898349e-08
176 0.073694 0.127954 0.206397 0.960344 -0.029628 0.201318 0.000000 0.000000 0.000000 0.000003 1 5.913898349e-08 5.913898349e-08
176 0.074106 0.128812 0.206427 0.960344 -0.029628 0.201318 0.000000 0.000000 0.000000 0.000003 1 5.983747542e-08 5.983747542e-08
176 0.074500 0.129555 0.206459 0.960344 -0.029628 0.201318 0.000000 0.000000 0.000000 0.000003 1 6.100162864e-08 6.100162864e-08
176 0.074873 0.130190 0.206490 0.960344 -0.029628 0.201318 0.000000 0.000000 0.000000 0.000003 1 5.913898349e-08 5.913898349e-08
176 0.075225 0.130728 0.206521 0.960344 -0.029628 0.201318 0.000000 0.000000 0.000000 0.000003 1 5.494803190e-08 5.494803190e-08
176 0.075559 0.131186 0.206551 0.960344 -0.029628 0.201318 0.000000 0.000000 0.000000 0.000003 1 5.611218512e-08 5.611218512e-08
176 0.075881 0.131591 0.206581 0.960344 -0.029628 0.201318 0.000000 0.000000 0.000000 0.000003 1 5.913898349e-08 5.913898349e-08
176 0.076200 0.131973 0.206610 0.960344 -0.029628 0.201318 0.000000 0.000000 0.000000 0.000003 1 6.100162864e-08 6.100162864e-08
176 0.076525 0.132365 0.206638 0.960344 -0.029628 0.201318 0.000000 0.000000 0.000000 0.000003 1 5.913898349e-08 5.913898349e-08
176 0.076864 0.132795 0.206666 0.960344 -0.029628 0.201318 0.000000 0.000000 0.000000 0.000003 1 5.611218512e-08 5.611218512e-08
176 0.077226 0.133284 0.206694 0.960344 -0.029628 0.201318 0.000000 0.000000 0.000000 0.000003 1 5.401670933e-08 5.401670933e-08
176 0.077612 0.133836 0.206721 0.960344 -0.029628 0.201318 0.000000 0.000000 0.000000 0.000003 1 1.580920070e-07 1.580920070e-07
177 0.078566 0.136213 0.235679 1.090313 -0.052977 0.229282 0.000000 0.000000 0.000000 0.000003 1 5.518086255e-08 5.518086255e-08
177 0.078937 0.136324 0.235705 1.090313 -0.052977 0.229282 0.000000 0.000000 0.000000 0.000003 1 5.983747542e-08 5.983747542e-08
177 0.079340 0.136637 0.235730 1.090313 -0.052977 0.229282 0.000000 0.000000 0.000000 0.000003 1 6.007030606e-08 6.007030606e-08
177 0.079769 0.137115 0.235755 1.090313 -0.052977 0.229282 0.000000 0.000000 0.000000 0.000003 1 5.494803190e-08 5.494803190e-08
177 0.080221 0.137743 0.235780 1.090313 -0.052977 0.229282 0.000000 0.000000 0.000000 0.000003 1 5.797483027e-08 5.797483027e-08
177 0.080691 0.138480 0.235806 1.090313 -0.052977 0.229282 0.000000 0.000000 0.000000 0.000003 1 5.587935448e-08 5.587935448e-08
177 0.081177 0.139291 0.235834 1.090313 -0.052977 0.229282 0.000000 0.000000 0.000000 0.000003 1 5.890615284e-08 5.890615284e-08
177 0.081679 0.140159 0.235863 1.090313 -0.052977 0.229282 0.000000 0.000000 0.000000 0.000003 1 5.285255611e-08 5.285255611e-08
177 0.082199 0.141071 0.235893 1.090313 -0.052977 0.229282 0.000000 0.000000 0.000000 0.000003 1 6.100162864e-08 6.100162864e-08
177 0.082735 0.142006 0.235926 1.090313 -0.052977 0.229282 0.000000 0.000000 0.000000 0.000003 1 5.401670933e-08 5.401670933e-08
177 0.083282 0.142933 0.235960 1.090313 -0.052977 0.229282 0.000000 0.000000 0.000000 0.000003 1 5.704350770e-08 5.704350770e-08
177 0.083831 0.143824 0.235995 1.090313 -0.052977 0.229282 0.000000 0.000000 0.000000 0.000003 1 5.890615284e-08 5.890615284e-08
177 0.084382 0.144667 0.236031 1.090313 -0.052977 0.229282 0.000000 0.000000 0.000000 0.000003 1 5.797483027e-08 5.797483027e-08
177 0.084940 0.145482 0.236069 1.090313 -0.052977 0.229282 0.000000 0.000000 0.000000 0.000003 1 5.587935448e-08 5.587935448e-08
177 0.085517 0.146304 0.236108 1.090313 -0.052977 0.229282 0.000000 0.000000 0.000000 0.000003 1 5.797483027e-08 5.797483027e-08
177 0.086122 0.147159 0.236147 1.090313 -0.052977 0.229282 0.000000 0.000000 0.000000 0.000003 1 6.216578186e-08 6.216578186e-08
177 0.086761 0.148063 0.236188 1.090313 -0.052977 0.229282 0.000000 0.000000 0.000000 0.000003 1 1.711305231e-07 1.711305231e-07
177 0.087436 0.149020 0.236231 1.090313 -0.052977 0.229282 0.000000 0.000000 0.000000 0.000003 1 5.983747542e-08 5.983747542e-08
177 0.088142 0.150019 0.236275 1.090313 -0.052977 0.229282 0.000000 0.000000 0.000000 0.000003 1 6.100162864e-08 6.100162864e-08
177 0.088866 0.151028 0.236320 1.090313 -0.052977 0.229282 0.000000 0.000000 0.000000 0.000003 1 5.587935448e-08 5.587935448e-08
178 0.086214 0.135588 0.251699 1.206877 -0.097021 0.243643 0.000000 0.000000 0.000000 0.000003 1 5.913898349e-08 5.913898349e-08
178 0.088454 0.142170 0.251681 1.206877 -0.097021 0.243643 0.000000 0.000000 0.000000 0.000003 1 5.518086255e-08 5.518086255e-08
178 0.090064 0.146690 0.251690 1.206877 -0.097021 0.243643 0.000000 0.000000 0.000000 0.000003 1 7.823109627e-08 7.823109627e-08
178 0.091267 0.149713 0.251717 1.206877 -0.097021 0.243643 0.000000 0.000000 0.000000 0.000003 1 6.891787052e-08 6.891787052e-08
178 0.092234 0.151774 0.251755 1.206877 -0.097021 0.243643 0.000000 0.000000 0.000000 0.000003 1 3.981404006e-08 3.981404006e-08
178 0.093076 0.153263 0.251798 1.206877 -0.097021 0.243643 0.000000 0.000000 0.000000 0.000003 1 5.890615284e-08 5.890615284e-08
178 0.093857 0.154423 0.251846 1.206877 -0.097021 0.243643 0.000000 0.000000 0.000000 0.000003 1 6.193295121e-08 6.193295121e-08
178 0.094608 0.155384 0.251896 1.206877 -0.097021 0.243643 0.000000 0.000000 0.000000 0.000003 1 5.913898349e-08 5.913898349e-08
178 0.095343 0.156212 0.251947 1.206877 -0.097021 0.243643 0.000000 0.000000 0.000000 0.000003 1 8.800998330e-08 8.800998330e-08
178 0.096063 0.156933 0.251999 1.206877 -0.097021 0.243643 0.000000 0.000000 0.000000 0.000003 1 5.983747542e-08 5.983747542e-08
178 0.096764 0.157559 0.252052 1.206877 -0.097021 0.243643 0.000000 0.000000 0.000000 0.000003 1 5.704350770e-08 5.704350770e-08
178 0.097443 0.158105 0.252104 1.206877 -0.097021 0.243643 0.000000 0.000000 0.000000 0.000003 1 5.611218512e-08 5.611218512e-08
178 0.098098 0.158579 0.252155 1.206877 -0.097021 0.243643 0.000000 0.000000 0.000000 0.000003 1 5.820766091e-08 5.820766091e-08
178 0.098731 0.158996 0.252205 1.206877 -0.097021 0.243643 0.000000 0.000000 0.000000 0.000003 1 1.720618457e-07 1.720618457e-07
178 0.099351 0.159380 0.252254 1.206877 -0.097021 0.243643 0.000000 0.000000 0.000000 0.000003 1 6.007030606e-08 6.007030606e-08
178 0.099970 0.159760 0.252302 1.206877 -0.097021 0.243643 0.000000 0.000000 0.000000 0.000003 1 6.100162864e-08 6.100162864e-08
178 0.100600 0.160166 0.252349 1.206877 -0.097021 0.243643 0.000000 0.000000 0.000000 0.000003 1 5.913898349e-08 5.913898349e-08
178 0.101254 0.160625 0.252396 1.206877 -0.097021 0.243643 0.000000 0.000000 0.000000 0.000003 1 1.583248377e-08 1.583248377e-08
178 0.101941 0.161156 0.252443 1.206877 -0.097021 0.243643 0.000000 0.000000 0.000000 0.000003 1 1.490116119e-08 1.490116119e-08
178 0.102663 0.161756 0.252490 1.206877 -0.097021 0.243643 0.000000 0.000000 0.000000 0.000003 1 5.494803190e-08 5.494803190e-08
179 0.102102 0.155999 0.277795 1.332529 -0.135323 0.267708 0.000000 0.000000 0.000000 0.000003 1 1.632142812e-07 1.632142812e-07
179 0.103708 0.159751 0.277810 1.332529 -0.135323 0.267708 0.000000 0.000000 0.000000 0.000003 1 6.007030606e-08 6.007030606e-08
179 0.104865 0.161890 0.277842 1.332529 -0.135323 0.267708 0.000000 0.000000 0.000000 0.000003 1 6.193295121e-08 6.193295121e-08
179 0.105827 0.163269 0.277882 1.332529 -0.135323 0.267708 0.000000 0.000000 0.000000 0.000003 1 5.890615284e-08 5.890615284e-08
179 0.106718 0.164364 0.277926 1.332529 -0.135323 0.267708 0.000000 0.000000 0.000000 0.000003 1 5.820766091e-08 5.820766091e-08
179 0.107592 0.165374 0.277974 1.332529 -0.135323 0.267708 0.000000 0.000000 0.000000 0.000003 1 6.495974958e-08 6.495974958e-08
179 0.108465 0.166354 0.278024 1.332529 -0.135323 0.267708 0.000000 0.000000 0.000000 0.000003 1 5.797483027e-08 5.797483027e-08
179 0.109348 0.167327 0.278077 1.332529 -0.135323 0.267708 0.000000 0.000000 0.000000 0.000003 1 5.797483027e-08 5.797483027e-08
179 0.110247 0.168299 0.278133 1.332529 -0.135323 0.267708 0.000000 0.000000 0.000000 0.000003 1 5.797483027e-08 5.797483027e-08
179 0.111160 0.169258 0.278191 1.332529 -0.135323 0.267708 0.000000 0.000000 0.000000 0.000003 1 5.820766091e-08 5.820766091e-08
179 0.112080 0.170177 0.278252 1.332529 -0.135323 0.267708 0.000000 0.000000 0.000000 0.000003 1 1.718290150e-07 1.718290150e-07
179 0.112997 0.171032 0.278314 1.332529 -0.135323 0.267708 0.000000 0.000000 0.000000 0.000003 1 5.890615284e-08 5.890615284e-08
179 0.113910 0.171821 0.278378 1.332529 -0.135323 0.267708 0.000000 0.000000 0.000000 0.000003 1 7.008202374e-08 7.008202374e-08
179 0.114831 0.172574 0.278444 1.332529 -0.135323 0.267708 0.000000 0.000000 0.000000 0.000003 1 8.312053978e-08 8.312053978e-08
179 0.115776 0.173328 0.278510 1.332529 -0.135323 0.267708 0.000000 0.000000 0.000000 0.000003 1 6.798654795e-08 6.798654795e-08
179 0.116756 0.174108 0.278578 1.332529 -0.135323 0.267708 0.000000 0.000000 0.000000 0.000002 1 6.100162864e-08 6.100162864e-08
179 0.117779 0.174929 0.278648 1.332529 -0.135323 0.267708 0.000000 0.000000 0.000000 0.000002 1 6.007030606e-08 6.007030606e-08
179 0.118849 0.175796 0.278720 1.332529 -0.135323 0.267708 0.000000 0.000000 0.000000 0.000002 1 5.681067705e-08 5.681067705e-08
179 0.119961 0.176703 0.278794 1.332529 -0.135323 0.267708 0.000000 0.000000 0.000000 0.000002 1 6.193295121e-08 6.193295121e-08
179 0.121101 0.177622 0.278870 1.332529 -0.135323 0.267708 0.000000 0.000000 0.000000 0.000002 1 5.494803190e-08 5.494803190e-08
180 0.115977 0.153708 0.298410 1.442014 -0.193198 0.285926 0.000000 0.000000 0.000000 0.000002 1 6.402842700e-08 6.402842700e-08
180 0.122146 0.167156 0.298350 1.442014 -0.193198 0.285926 0.000000 0.000000 0.000000 0.000002 1 5.704350770e-08 5.704350770e-08
180 0.125499 0.174582 0.298375 1.442014 -0.193198 0.285926 0.000000 0.000000 0.000000 0.000002 1 6.798654795e-08 6.798654795e-08
180 0.127395 0.178089 0.298440 1.442014 -0.193198 0.285926 0.000000 0.000000 0.000000 0.000002 1 5.983747542e-08 5.983747542e-08
180 0.128740 0.179830 0.298522 1.442014 -0.193198 0.285926 0.000000 0.000000 0.000000 0.000002 1 7.892958820e-08 7.892958820e-08
180 0.129912 0.180930 0.298610 1.442014 -0.193198 0.285926 0.000000 0.000000 0.000000 0.000002 1 2.584420145e-08 2.584420145e-08
180 0.131045 0.181816 0.298700 1.442014 -0.193198 0.285926 0.000000 0.000000 0.000000 0.000002 1 5.820766091e-08 5.820766091e-08
180 0.132181 0.182625 0.298793 1.442014 -0.193198 0.285926 0.000000 0.000000 0.000000 0.000002 1 1.508742571e-07 1.508742571e-07
180 0.133329 0.183396 0.298886 1.442014 -0.193198 0.285926 0.000000 0.000000 0.000000 0.000002 1 5.797483027e-08 5.797483027e-08
180 0.134486 0.184131 0.298981 1.442014 -0.193198 0.285926 0.000000 0.000000 0.000000 0.000002 1 5.890615284e-08 5.890615284e-08
180 0.135640 0.184825 0.299076 1.442014 -0.193198 0.285926 0.000000 0.000000 0.000000 0.000002 1 6.100162864e-08 6.100162864e-08
180 0.136780 0.185474 0.299170 1.442014 -0.193198 0.285926 0.000000 0.000000 0.000000 0.000002 1 5.681067705e-08 5.681067705e-08
180 0.137897 0.186066 0.299264 1.442014 -0.193198 0.285926 0.000000 0.000000 0.000000 0.000002 1 5.518086255e-08 5.518086255e-08
180 0.138987 0.186602 0.299357 1.442014 -0.193198 0.285926 0.000000 0.000000 0.000000 0.000002 1 5.704350770e-08 5.704350770e-08
180 0.140062 0.187105 0.299449 1.442014 -0.193198 0.285926 0.000000 0.000000 0.000000 0.000002 1 5.820766091e-08 5.820766091e-08
180 0.141138 0.187605 0.299540 1.442014 -0.193198 0.285926 0.000000 0.000000 0.000000 0.000002 1 5.797483027e-08 5.797483027e-08
180 0.142234 0.188132 0.299631 1.442014 -0.193198 0.285926 0.000000 0.000000 0.000000 0.000002 1 5.890615284e-08 5.890615284e-08
180 0.143368 0.188711 0.299722 1.442014 -0.193198 0.285926 0.000000 0.000000 0.000000 0.000002 1 6.007030606e-08 6.007030606e-08
180 0.144556 0.189364 0.299814 1.442014 -0.193198 0.285926 0.000000 0.000000 0.000000 0.000002 1 2.817250788e-08 2.817250788e-08
180 0.145794 0.190080 0.299908 1.442014 -0.193198 0.285926 0.000000 0.000000 0.000000 0.000002 1 3.189779818e-08 3.189779818e-08
181 0.142192 0.174206 0.319303 1.557829 -0.246756 0.303708 0.000000 0.000000 0.000000 0.000028 1 5.005858839e-08 5.005858839e-08
181 0.148008 0.185803 0.319286 1.557829 -0.246756 0.303708 0.000000 0.000000 0.000000 0.000002 1 1.031439751e-07 1.031439751e-07
181 0.150590 0.190307 0.319354 1.557829 -0.246756 0.303708 0.000000 0.000000 0.000000 0.000002 1 7.590278983e-08 7.590278983e-08
181 0.152181 0.192041 0.319448 1.557829 -0.246756 0.303708 0.000000 0.000000 0.000000 0.000002 1 6.915070117e-08 6.915070117e-08
181 0.153557 0.193098 0.319549 1.557829 -0.246756 0.303708 0.000000 0.000000 0.000000 0.000002 1 1.559965312e-07 1.559965312e-07
181 0.154912 0.194054 0.319654 1.557829 -0.246756 0.303708 0.000000 0.000000 0.000000 0.000002 1 8.288770914e-08 8.288770914e-08
181 0.156282 0.195005 0.319762 1.557829 -0.246756 0.303708 0.000000 0.000000 0.000000 0.000002 1 5.797483027e-08 5.797483027e-08
181 0.157679 0.195959 0.319873 1.557829 -0.246756 0.303708 0.000000 0.000000 0.000000 0.000002 1 6.100162864e-08 6.100162864e-08
181 0.159106 0.196913 0.319987 1.557829 -0.246756 0.303708 0.000000 0.000000 0.000000 0.000002 1 5.983747542e-08 5.983747542e-08
181 0.160562 0.197851 0.320105 1.557829 -0.246756 0.303708 0.000000 0.000000 0.000000 0.000002 1 6.193295121e-08 6.193295121e-08
181 0.162036 0.198752 0.320226 1.557829 -0.246756 0.303708 0.000000 0.000000 0.000000 0.000002 1 5.797483027e-08 5.797483027e-08
181 0.163517 0.199592 0.320349 1.557829 -0.246756 0.303708 0.000000 0.000000 0.000000 0.000002 1 6.007030606e-08 6.007030606e-08
181 0.164999 0.200366 0.320475 1.557829 -0.246756 0.303708 0.000000 0.000000 0.000000 0.000002 1 5.704350770e-08 5.704350770e-08
181 0.166495 0.201096 0.320603 1.557829 -0.246756 0.303708 0.000000 0.000000 0.000000 0.000002 1 6.495974958e-08 6.495974958e-08
181 0.168025 0.201814 0.320734 1.557829 -0.246756 0.303708 0.000000 0.000000 0.000000 0.000002 1 5.611218512e-08 5.611218512e-08
181 0.169604 0.202545 0.320867 1.557829 -0.246756 0.303708 0.000000 0.000000 0.000000 0.000002 1 5.983747542e-08 5.983747542e-08
181 0.171241 0.203295 0.321004 1.557829 -0.246756 0.303708 0.000000 0.000000 0.000000 0.000002 1 5.797483027e-08 5.797483027e-08
181 0.172944 0.204076 0.321144 1.557829 -0.246756 0.303708 0.000000 0.000000 0.000000 0.000002 1 5.797483027e-08 5.797483027e-08
181 0.174716 0.204896 0.321288 1.557829 -0.246756 0.303708 0.000000 0.000000 0.000000 0.000002 1 6.007030606e-08 6.007030606e-08
181 0.176547 0.205744 0.321436 1.557829 -0.246756 0.303708 0.000000 0.000000 0.000000 0.000002 1 5.983747542e-08 5.983747542e-08
181 0.178409 0.206585 0.321587 1.557829 -0.246756 0.303708 0.000000 0.000000 0.000000 0.000002 1 5.401670933e-08 5.401670933e-08
182 0.181727 0.196382 0.350576 1.653704 -0.313271 0.331150 0.000000 0.000000 0.000000 0.000001 1 1.590233296e-07 1.590233296e-07
182 0.187553 0.206042 0.350664 1.653704 -0.313271 0.331150 0.000000 0.000000 0.000000 0.000001 1 6.007030606e-08 6.007030606e-08
182 0.190005 0.208581 0.350837 1.653704 -0.313271 0.331150 0.000000 0.000000 0.000000 0.000001 1 5.401670933e-08 5.401670933e-08
182 0.191915 0.209641 0.351025 1.653704 -0.313271 0.331150 0.000000 0.000000 0.000000 0.000001 1 5.913898349e-08 5.913898349e-08
182 0.193790 0.210514 0.351216 1.653704 -0.313271 0.331150 0.000000 0.000000 0.000000 0.000001 1 6.100162864e-08 6.100162864e-08
182 0.195709 0.211382 0.351410 1.653704 -0.313271 0.331150 0.000000 0.000000 0.000000 0.000001 1 5.518086255e-08 5.518086255e-08
182 0.197687 0.212265 0.351607 1.653704 -0.313271 0.331150 0.000000 0.000000 0.000000 0.000001 1 5.983747542e-08 5.983747542e-08
182 0.199728 0.213165 0.351807 1.653704 -0.313271 0.331150 0.000000 0.000000 0.000000 0.000001 1 5.704350770e-08 5.704350770e-08
182 0.201823 0.214076 0.352011 1.653704 -0.313271 0.331150 0.000000 0.000000 0.000000 0.000001 1 6.402842700e-08 6.402842700e-08
182 0.203955 0.214983 0.352218 1.653704 -0.313271 0.331150 0.000000 0.000000 0.000000 0.000001 1 6.007030606e-08 6.007030606e-08
182 0.206099 0.215868 0.352426 1.653704 -0.313271 0.331150 0.000000 0.000000 0.000000 0.000001 1 6.007030606e-08 6.007030606e-08
182 0.208233 0.216703 0.352635 1.653704 -0.313271 0.331150 0.000000 0.000000 0.000000 0.000001 1 5.587935448e-08 5.587935448e-08
182 0.210347 0.217478 0.352845 1.653704 -0.313271 0.331150 0.000000 0.000000 0.000000 0.000001 1 5.704350770e-08 5.704350770e-08
182 0.212450 0.218213 0.353055 1.653704 -0.313271 0.331150 0.000000 0.000000 0.000000 0.000001 1 6.007030606e-08 6.007030606e-08
182 0.214569 0.218936 0.353265 1.653704 -0.313271 0.331150 0.000000 0.000000 0.000000 0.000001 1 6.100162864e-08 6.100162864e-08
182 0.216733 0.219678 0.353478 1.653704 -0.313271 0.331150 0.000000 0.000000 0.000000 0.000001 1 5.681067705e-08 5.681067705e-08
182 0.218973 0.220466 0.353695 1.653704 -0.313271 0.331150 0.000000 0.000000 0.000000 0.000001 1 6.100162864e-08 6.100162864e-08
182 0.221318 0.221327 0.353917 1.653704 -0.313271 0.331150 0.000000 0.000000 0.000000 0.000001 1 1.720618457e-07 1.720618457e-07
182 0.223769 0.222250 0.354145 1.653704 -0.313271 0.331150 0.000000 0.000000 0.000000 0.000001 1 6.100162864e-08 6.100162864e-08
182 0.226269 0.223144 0.354379 1.653704 -0.313271 0.331150 0.000000 0.000000 0.000000 0.000001 1 6.007030606e-08 6.007030606e-08
183 0.232455 0.216905 0.369017 1.748168 -0.382563 0.343871 0.000000 0.000000 0.000000 0.000000 1 5.704350770e-08 5.704350770e-08
183 0.238211 0.224491 0.369221 1.748168 -0.382563 0.343871 0.000000 0.000000 0.000000 0.000000 1 5.797483027e-08 5.797483027e-08
183 0.240915 0.225990 0.369509 1.748168 -0.382563 0.343871 0.000000 0.000000 0.000000 0.000000 1 5.890615284e-08 5.890615284e-08
183 0.243416 0.226933 0.369803 1.748168 -0.382563 0.343871 0.000000 0.000000 0.000000 0.000000 1 5.704350770e-08 5.704350770e-08
183 0.245955 0.227866 0.370100 1.748168 -0.382563 0.343871 0.000000 0.000000 0.000000 0.000000 1 5.401670933e-08 5.401670933e-08
183 0.248554 0.228799 0.370400 1.748168 -0.382563 0.343871 0.000000 0.000000 0.000000 0.000000 1 5.983747542e-08 5.983747542e-08
183 0.251224 0.229720 0.370705 1.748168 -0.382563 0.343871 0.000000 0.000000 0.000000 0.000000 1 6.100162864e-08 6.100162864e-08
183 0.253979 0.230630 0.371016 1.748168 -0.382563 0.343871 0.000000 0.000000 0.000000 -0.000000 1 6.193295121e-08 6.193295121e-08
183 0.256822 0.231527 0.371335 1.748168 -0.382563 0.343871 0.000000 0.000000 0.000000 -0.000000 1 5.913898349e-08 5.913898349e-08
183 0.259743 0.232403 0.371660 1.748168 -0.382563 0.343871 0.000000 0.000000 0.000000 -0.000000 1 6.798654795e-08 6.798654795e-08
183 0.262726 0.233249 0.371992 1.748168 -0.382563 0.343871 0.000000 0.000000 0.000000 -0.000000 1 6.286427379e-08 6.286427379e-08
183 0.265758 0.234043 0.372329 1.748168 -0.382563 0.343871 0.000000 0.000000 0.000000 -0.000000 1 6.100162864e-08 6.100162864e-08
183 0.268847 0.234785 0.372674 1.748168 -0.382563 0.343871 0.000000 0.000000 0.000000 -0.000000 1 5.797483027e-08 5.797483027e-08
183 0.272022 0.235499 0.373026 1.748168 -0.382563 0.343871 0.000000 0.000000 0.000000 -0.000000 1 1.490116119e-08 1.490116119e-08
183 0.275312 0.236208 0.373387 1.748168 -0.382563 0.343871 0.000000 0.000000 0.000000 -0.000000 1 1.490116119e-07 1.490116119e-07
183 0.278728 0.236909 0.373761 1.748168 -0.382563 0.343871 0.000000 0.000000 0.000000 -0.000001 1 5.308538675e-08 5.308538675e-08
183 0.282289 0.237612 0.374146 1.748168 -0.382563 0.343871 0.000000 0.000000 0.000000 -0.000001 1 6.007030606e-08 6.007030606e-08
183 0.286010 0.238334 0.374546 1.748168 -0.382563 0.343871 0.000000 0.000000 0.000000 -0.000001 1 5.983747542e-08 5.983747542e-08
183 0.289894 0.239093 0.374959 1.748168 -0.382563 0.343871 0.000000 0.000000 0.000000 -0.000001 1 6.007030606e-08 6.007030606e-08
183 0.293918 0.239884 0.375384 1.748168 -0.382563 0.343871 0.000000 0.000000 0.000000 -0.000001 1 6.100162864e-08 6.100162864e-08
184 0.308974 0.233095 0.414695 1.819995 -0.455928 0.381076 0.000000 0.000000 0.000000 -0.000001 1 6.007030606e-08 6.007030606e-08
184 0.318632 0.242588 0.415106 1.819995 -0.455928 0.381076 0.000000 0.000000 0.000000 -0.000001 1 6.309710443e-08 6.309710443e-08
184 0.323135 0.243798 0.415702 1.819995 -0.455928 0.381076 0.000000 0.000000 0.000000 -0.000001 1 5.611218512e-08 5.611218512e-08
184 0.327613 0.244695 0.416309 1.819995 -0.455928 0.381076 0.000000 0.000000 0.000000 -0.000001 1 5.913898349e-08 5.913898349e-08
184 0.332255 0.245608 0.416925 1.819995 -0.455928 0.381076 0.000000 0.000000 0.000000 -0.000002 1 6.007030606e-08 6.007030606e-08
184 0.337109 0.246556 0.417556 1.819995 -0.455928 0.381076 0.000000 0.000000 0.000000 -0.000002 1 6.193295121e-08 6.193295121e-08
184 0.342216 0.247556 0.418204 1.819995 -0.455928 0.381076 0.000000 0.000000 0.000000 -0.000002 1 5.611218512e-08 5.611218512e-08
184 0.347611 0.248626 0.418874 1.819995 -0.455928 0.381076 0.000000 0.000000 0.000000 -0.000002 1 6.193295121e-08 6.193295121e-08
184 0.353297 0.249770 0.419566 1.819995 -0.455928 0.381076 0.000000 0.000000 0.000000 -0.000002 1 6.100162864e-08 6.100162864e-08
184 0.359244 0.250958 0.420280 1.819995 -0.455928 0.381076 0.000000 0.000000 0.000000 -0.000002 1 6.007030606e-08 6.007030606e-08
184 0.365407 0.252160 0.421015 1.819995 -0.455928 0.381076 0.000000 0.000000 0.000000 -0.000002 1 5.890615284e-08 5.890615284e-08
184 0.371741 0.253342 0.421769 1.819995 -0.455928 0.381076 0.000000 0.000000 0.000000 -0.000003 1 1.720618457e-07 1.720618457e-07
184 0.378221 0.254479 0.422541 1.819995 -0.455928 0.381076 0.000000 0.000000 0.000000 -0.000003 1 5.820766091e-08 5.820766091e-08
184 0.384871 0.255578 0.423334 1.819995 -0.455928 0.381076 0.000000 0.000000 0.000000 -0.000003 1 5.704350770e-08 5.704350770e-08
184 0.391755 0.256655 0.424152 1.819995 -0.455928 0.381076 0.000000 0.000000 0.000000 -0.000003 1 6.100162864e-08 6.100162864e-08
184 0.398968 0.257736 0.425003 1.819995 -0.455928 0.381076 0.000000 0.000000 0.000000 -0.000003 1 5.681067705e-08 5.681067705e-08
184 0.406626 0.258857 0.425897 1.819995 -0.455928 0.381076 0.000000 0.000000 0.000000 -0.000003 1 5.820766091e-08 5.820766091e-08
184 0.414849 0.260057 0.426843 1.819995 -0.455928 0.381076 0.000000 0.000000 0.000000 -0.000004 1 6.007030606e-08 6.007030606e-08
184 0.423690 0.261336 0.427845 1.819995 -0.455928 0.381076 0.000000 0.000000 0.000000 -0.000004 1 6.100162864e-08 6.100162864e-08
184 0.433051 0.262631 0.428900 1.819995 -0.455928 0.381076 0.000000 0.000000 0.000000 -0.000004 1 6.100162864e-08 6.100162864e-08
185 0.456480 0.241986 0.429715 1.873919 -0.549144 0.378975 0.000000 0.000000 0.000000 -0.000003 1 9.313225746e-08 9.313225746e-08
185 0.495601 0.265832 0.429695 1.873919 -0.549144 0.378975 0.000000 0.000000 0.000000 -0.000005 1 6.193295121e-08 6.193295121e-08
185 0.508724 0.269603 0.431421 1.873919 -0.549144 0.378975 0.000000 0.000000 0.000000 -0.000006 1 5.983747542e-08 5.983747542e-08
185 0.520596 0.270783 0.433300 1.873919 -0.549144 0.378975 0.000000 0.000000 0.000000 -0.000006 1 8.195638657e-08 8.195638657e-08
185 0.533279 0.271889 0.435224 1.873919 -0.549144 0.378975 0.000000 0.000000 0.000000 -0.000006 1 6.007030606e-08 6.007030606e-08
185 0.546945 0.272901 0.437207 1.873919 -0.549144 0.378975 0.000000 0.000000 0.000000 -0.000006 1 5.797483027e-08 5.797483027e-08
185 0.561815 0.273783 0.439271 1.873919 -0.549144 0.378975 0.000000 0.000000 0.000000 -0.000007 1 5.913898349e-08 5.913898349e-08
185 0.578239 0.274582 0.441431 1.873919 -0.549144 0.378975 0.000000 0.000000 0.000000 -0.000007 1 6.100162864e-08 6.100162864e-08
185 0.596602 0.275396 0.443691 1.873919 -0.549144 0.378975 0.000000 0.000000 0.000000 -0.000007 1 1.690350473e-07 1.690350473e-07
185 0.617248 0.276282 0.446044 1.873919 -0.549144 0.378975 0.000000 0.000000 0.000000 -0.000007 1 6.100162864e-08 6.100162864e-08
185 0.640557 0.277242 0.448476 1.873919 -0.549144 0.378975 0.000000 0.000000 0.000000 -0.000008 1 6.309710443e-08 6.309710443e-08
185 0.667050 0.278183 0.450964 1.873919 -0.549144 0.378975 0.000000 0.000000 0.000000 -0.000008 1 5.983747542e-08 5.983747542e-08
185 0.697672 0.278949 0.453461 1.873919 -0.549144 0.378975 0.000000 0.000000 0.000000 -0.000008 1 6.007030606e-08 6.007030606e-08
185 0.734107 0.279385 0.455814 1.873919 -0.549144 0.378975 0.000000 0.000000 0.000000 -0.000008 1 5.913898349e-08 5.913898349e-08
185 0.778900 0.279024 0.457641 1.873919 -0.549144 0.378975 0.000000 0.000000 0.000000 -0.000007 1 5.890615284e-08 5.890615284e-08
185 0.834693 0.276491 0.458195 1.873919 -0.549144 0.378975 0.000000 0.000000 0.000000 -0.000005 1 5.797483027e-08 5.797483027e-08
185 0.899756 0.270150 0.456937 1.873919 -0.549144 0.378975 0.000000 0.000000 0.000000 -0.000003 1 5.797483027e-08 5.797483027e-08
185 0.959491 0.265930 0.454766 1.873919 -0.549144 0.378975 0.000000 0.000000 0.000000 -0.000003 1 6.100162864e-08 6.100162864e-08
185 0.984090 0.265281 0.452455 1.873919 -0.549144 0.378975 0.000000 0.000000 0.000000 -0.000003 1 5.681067705e-08 5.681067705e-08
185 0.992076 0.258217 0.449601 1.873919 -0.549144 0.378975 0.000000 0.000000 0.000000 -0.000002 1 6.100162864e-08 6.100162864e-08
186 0.988678 0.224275 0.491961 1.900105 -0.630616 0.421849 0.000000 0.000000 0.000000 -0.000003 1 6.519258022e-08 6.519258022e-08
186 0.999477 0.222111 0.489109 1.900105 -0.630616 0.421849 0.000000 0.000000 0.000000 -0.000002 1 6.193295121e-08 6.193295121e-08
186 1.000000 0.215970 0.486298 1.900105 -0.630616 0.421849 0.000000 0.000000 0.000000 -0.000002 1 6.100162864e-08 6.100162864e-08
186 1.000000 0.210735 0.483705 1.900105 -0.630616 0.421849 0.000000 0.000000 0.000000 -0.000002 1 6.007030606e-08 6.007030606e-08
186 1.000000 0.206139 0.481310 1.900105 -0.630616 0.421849 0.000000 0.000000 0.000000 -0.000002 1 6.007030606e-08 6.007030606e-08
186 1.000000 0.201758 0.479085 1.900105 -0.630616 0.421849 0.000000 0.000000 0.000000 -0.000002 1 1.688022166e-07 1.688022166e-07
186 1.000000 0.197363 0.477009 1.900105 -0.630616 0.421849 0.000000 0.000000 0.000000 -0.000002 1 5.983747542e-08 5.983747542e-08
186 1.000000 0.192932 0.475069 1.900105 -0.630616 0.421849 0.000000 0.000000 0.000000 -0.000002 1 7.497146726e-08 7.497146726e-08
186 1.000000 0.188557 0.473261 1.900105 -0.630616 0.421849 0.000000 0.000000 0.000000 -0.000002 1 2.281740308e-08 2.281740308e-08
186 1.000000 0.184336 0.471578 1.900105 -0.630616 0.421849 0.000000 0.000000 0.000000 -0.000002 1 3.888271749e-08 3.888271749e-08
186 1.000000 0.180346 0.470015 1.900105 -0.630616 0.421849 0.000000 0.000000 0.000000 -0.000002 1 4.819594324e-08 4.819594324e-08
186 1.000000 0.176656 0.468567 1.900105 -0.630616 0.421849 0.000000 0.000000 0.000000 -0.000002 1 5.820766091e-08 5.820766091e-08
186 1.000000 0.173244 0.467226 1.900105 -0.630616 0.421849 0.000000 0.000000 0.000000 -0.000002 1 6.193295121e-08 6.193295121e-08
186 1.000000 0.169956 0.465980 1.900105 -0.630616 0.421849 0.000000 0.000000 0.000000 -0.000002 1 5.797483027e-08 5.797483027e-08
186 1.000000 0.166618 0.464813 1.900105 -0.630616 0.421849 0.000000 0.000000 0.000000 -0.000002 1 5.913898349e-08 5.913898349e-08
186 1.000000 0.163049 0.463712 1.900105 -0.630616 0.421849 0.000000 0.000000 0.000000 -0.000002 1 5.704350770e-08 5.704350770e-08
186 1.000000 0.159084 0.462663 1.900105 -0.630616 0.421849 0.000000 0.000000 0.000000 -0.000002 1 6.007030606e-08 6.007030606e-08
186 1.000000 0.154670 0.461660 1.900105 -0.630616 0.421849 0.000000 0.000000 0.000000 -0.000002 1 1.648440957e-07 1.648440957e-07
186 1.000000 0.149868 0.460698 1.900105 -0.630616 0.421849 0.000000 0.000000 0.000000 -0.000002 1 6.007030606e-08 6.007030606e-08
186 1.000000 0.144691 0.459775 1.900105 -0.630616 0.421849 0.000000 0.000000 0.000000 -0.000002 1 6.007030606e-08 6.007030606e-08
187 0.977191 0.059976 0.447779 1.863686 -0.732838 0.409928 0.000000 0.000000 0.000000 -0.000002 1 5.494803190e-08 5.494803190e-08
187 1.000000 0.062515 0.447293 1.863686 -0.732838 0.409928 0.000000 0.000000 0.000000 -0.000003 1 5.704350770e-08 5.704350770e-08
187 1.000000 0.065494 0.446870 1.863686 -0.732838 0.409928 0.000000 0.000000 0.000000 -0.000003 1 1.699663699e-07 1.699663699e-07
187 1.000000 0.067291 0.446433 1.863686 -0.732838 0.409928 0.000000 0.000000 0.000000 -0.000003 1 5.913898349e-08 5.913898349e-08
187 1.000000 0.067753 0.445975 1.863686 -0.732838 0.409928 0.000000 0.000000 0.000000 -0.000003 1 6.100162864e-08 6.100162864e-08
187 1.000000 0.066662 0.445487 1.863686 -0.732838 0.409928 0.000000 0.000000 0.000000 -0.000003 1 5.983747542e-08 5.983747542e-08
187 1.000000 0.063795 0.444960 1.863686 -0.732838 0.409928 0.000000 0.000000 0.000000 -0.000002 1 5.913898349e-08 5.913898349e-08
187 1.000000 0.059057 0.444391 1.863686 -0.732838 0.409928 0.000000 0.000000 0.000000 -0.000002 1 5.797483027e-08 5.797483027e-08
187 1.000000 0.052544 0.443784 1.863686 -0.732838 0.409928 0.000000 0.000000 0.000000 -0.000002 1 5.797483027e-08 5.797483027e-08
187 1.000000 0.044481 0.443148 1.863686 -0.732838 0.409928 0.000000 0.000000 0.000000 -0.000002 1 6.193295121e-08 6.193295121e-08
187 1.000000 0.035162 0.442494 1.863686 -0.732838 0.409928 0.000000 0.000000 0.000000 -0.000002 1 6.007030606e-08 6.007030606e-08
187 1.000000 0.024821 0.441830 1.863686 -0.732838 0.409928 0.000000 0.000000 0.000000 -0.000002 1 5.308538675e-08 5.308538675e-08
187 1.000000 0.013565 0.441160 1.863686 -0.732838 0.409928 0.000000 0.000000 0.000000 -0.000002 1 5.704350770e-08 5.704350770e-08
187 1.000000 0.001400 0.440481 1.863686 -0.732838 0.409928 0.000000 0.000000 0.000000 -0.000002 1 5.704350770e-08 5.704350770e-08
187 1.000000 -0.011794 0.439790 1.863686 -0.732838 0.409928 0.000000 0.000000 0.000000 -0.000002 1 6.402842700e-08 6.402842700e-08
187 1.000000 -0.026247 0.439074 1.863686 -0.732838 0.409928 0.000000 0.000000 0.000000 -0.000002 1 5.611218512e-08 5.611218512e-08
187 1.000000 -0.042076 0.438329 1.863686 -0.732838 0.409928 0.000000 0.000000 0.000000 -0.000001 1 5.797483027e-08 5.797483027e-08
187 1.000000 -0.059267 0.437554 1.863686 -0.732838 0.409928 0.000000 0.000000 0.000000 -0.000001 1 6.007030606e-08 6.007030606e-08
187 1.000000 -0.077797 0.436749 1.863686 -0.732838 0.409928 0.000000 0.000000 0.000000 -0.000001 1 6.100162864e-08 6.100162864e-08
187 1.000000 -0.097540 0.435915 1.863686 -0.732838 0.409928 0.000000 0.000000 0.000000 -0.000001 1 1.711305231e-07 1.711305231e-07
188 0.870498 -0.290679 0.375369 1.685398 -0.890339 0.351095 0.000000 0.000000 0.000000 -0.000000 1 5.820766091e-08 5.820766091e-08
188 0.938272 -0.300000 0.373850 1.685398 -0.890339 0.351095 0.000000 0.000000 0.000000 -0.000000 1 5.704350770e-08 5.704350770e-08
188 0.999764 -0.300000 0.372667 1.685398 -0.890339 0.351095 0.000000 0.000000 0.000000 -0.000001 1 6.193295121e-08 6.193295121e-08
188 1.000000 -0.298622 0.371997 1.685398 -0.890339 0.351095 0.000000 0.000000 0.000000 -0.000001 1 6.007030606e-08 6.007030606e-08
188 1.000000 -0.294054 0.371372 1.685398 -0.890339 0.351095 0.000000 0.000000 0.000000 -0.000001 1 5.890615284e-08 5.890615284e-08
188 1.000000 -0.289103 0.370774 1.685398 -0.890339 0.351095 0.000000 0.000000 0.000000 -0.000001 1 5.913898349e-08 5.913898349e-08
188 1.000000 -0.287176 0.370112 1.685398 -0.890339 0.351095 0.000000 0.000000 0.000000 -0.000001 1 6.100162864e-08 6.100162864e-08
188 1.000000 -0.287899 0.369347 1.685398 -0.890339 0.351095 0.000000 0.000000 0.000000 -0.000001 1 5.797483027e-08 5.797483027e-08
188 1.000000 -0.289556 0.368497 1.685398 -0.890339 0.351095 0.000000 0.000000 0.000000 -0.000001 1 5.983747542e-08 5.983747542e-08
188 1.000000 -0.291227 0.367589 1.685398 -0.890339 0.351095 0.000000 0.000000 0.000000 -0.000001 1 5.797483027e-08 5.797483027e-08
188 1.000000 -0.292633 0.366652 1.685398 -0.890339 0.351095 0.000000 0.000000 0.000000 -0.000000 1 6.100162864e-08 6.100162864e-08
188 1.000000 -0.293743 0.365706 1.685398 -0.890339 0.351095 0.000000 0.000000 0.000000 -0.000000 1 6.519258022e-08 6.519258022e-08
188 1.000000 -0.294597 0.364772 1.685398 -0.890339 0.351095 0.000000 0.000000 0.000000 -0.000000 1 5.913898349e-08 5.913898349e-08
188 1.000000 -0.295253 0.363860 1.685398 -0.890339 0.351095 0.000000 0.000000 0.000000 -0.000000 1 6.007030606e-08 6.007030606e-08
188 1.000000 -0.295767 0.362980 1.685398 -0.890339 0.351095 0.000000 0.000000 0.000000 -0.000000 1 6.100162864e-08 6.100162864e-08
188 1.000000 -0.296169 0.362138 1.685398 -0.890339 0.351095 0.000000 0.000000 0.000000 -0.000000 1 5.797483027e-08 5.797483027e-08
188 1.000000 -0.296473 0.361337 1.685398 -0.890339 0.351095 0.000000 0.000000 0.000000 -0.000000 1 1.671724021e-07 1.671724021e-07
188 1.000000 -0.296694 0.360581 1.685398 -0.890339 0.351095 0.000000 0.000000 0.000000 -0.000000 1 6.193295121e-08 6.193295121e-08
188 1.000000 -0.296846 0.359872 1.685398 -0.890339 0.351095 0.000000 0.000000 0.000000 -0.000000 1 5.983747542e-08 5.983747542e-08
188 1.000000 -0.296947 0.359211 1.685398 -0.890339 0.351095 0.000000 0.000000 0.000000 -0.000000 1 6.100162864e-08 6.100162864e-08
189 0.721456 -0.300000 0.276192 1.369090 -1.021708 0.268950 0.000000 0.000000 0.000000 -0.000000 1 5.681067705e-08 5.681067705e-08
189 0.772967 -0.300000 0.275697 1.369090 -1.021708 0.268950 0.000000 0.000000 0.000000 -0.000000 1 5.983747542e-08 5.983747542e-08
189 0.819701 -0.300000 0.275210 1.369090 -1.021708 0.268950 0.000000 0.000000 0.000000 -0.000000 1 6.286427379e-08 6.286427379e-08
189 0.862351 -0.300000 0.274744 1.369090 -1.021708 0.268950 0.000000 0.000000 0.000000 -0.000000 1 5.518086255e-08 5.518086255e-08
189 0.901339 -0.300000 0.274305 1.369090 -1.021708 0.268950 0.000000 0.000000 0.000000 -0.000000 1 4.796311259e-08 4.796311259e-08
189 0.936339 -0.299594 0.273896 1.369090 -1.021708 0.268950 0.000000 0.000000 0.000000 -0.000000 1 4.004687071e-08 4.004687071e-08
189 0.964096 -0.297281 0.273517 1.369090 -1.021708 0.268950 0.000000 0.000000 0.000000 -0.000000 1 4.307366908e-08 4.307366908e-08
189 0.977102 -0.293834 0.273167 1.369090 -1.021708 0.268950 0.000000 0.000000 0.000000 -0.000000 1 6.216578186e-08 6.216578186e-08
189 0.979685 -0.292810 0.272843 1.369090 -1.021708 0.268950 0.000000 0.000000 0.000000 -0.000000 1 5.611218512e-08 5.611218512e-08
189 0.980107 -0.292762 0.272544 1.369090 -1.021708 0.268950 0.000000 0.000000 0.000000 -0.000000 1 6.589107215e-08 6.589107215e-08
189 0.980246 -0.292845 0.272268 1.369090 -1.021708 0.268950 0.000000 0.000000 0.000000 -0.000000 1 5.587935448e-08 5.587935448e-08
189 0.980342 -0.292936 0.272013 1.369090 -1.021708 0.268950 0.000000 0.000000 0.000000 -0.000000 1 6.309710443e-08 6.309710443e-08
189 0.980427 -0.293020 0.271777 1.369090 -1.021708 0.268950 0.000000 0.000000 0.000000 -0.000000 1 6.007030606e-08 6.007030606e-08
189 0.980504 -0.293098 0.271560 1.369090 -1.021708 0.268950 0.000000 0.000000 0.000000 -0.000000 1 1.571606845e-07 1.571606845e-07
189 0.980574 -0.293167 0.271359 1.369090 -1.021708 0.268950 0.000000 0.000000 0.000000 -0.000000 1 6.100162864e-08 6.100162864e-08
189 0.980636 -0.293229 0.271174 1.369090 -1.021708 0.268950 0.000000 0.000000 0.000000 -0.000000 1 5.983747542e-08 5.983747542e-08
189 0.980692 -0.293284 0.271003 1.369090 -1.021708 0.268950 0.000000 0.000000 0.000000 -0.000000 1 5.704350770e-08 5.704350770e-08
189 0.980742 -0.293334 0.270845 1.369090 -1.021708 0.268950 0.000000 0.000000 0.000000 -0.000000 1 6.100162864e-08 6.100162864e-08
189 0.980787 -0.293380 0.270700 1.369090 -1.021708 0.268950 0.000000 0.000000 0.000000 -0.000000 1 5.704350770e-08 5.704350770e-08
189 0.980829 -0.293421 0.270565 1.369090 -1.021708 0.268950 0.000000 0.000000 0.000000 -0.000000 1 5.611218512e-08 5.611218512e-08
190 0.785193 -0.286889 0.263638 1.156053 -1.009342 0.262173 0.000000 0.000000 0.000000 0.000000 1 5.797483027e-08 5.797483027e-08
190 0.813708 -0.287010 0.263525 1.156053 -1.009342 0.262173 0.000000 0.000000 0.000000 0.000000 1 5.494803190e-08 5.494803190e-08
190 0.840014 -0.287120 0.263421 1.156053 -1.009342 0.262173 0.000000 0.000000 0.000000 0.000000 1 6.007030606e-08 6.007030606e-08
190 0.864249 -0.287205 0.263325 1.156053 -1.009342 0.262173 0.000000 0.000000 0.000000 0.000000 1 5.797483027e-08 5.797483027e-08
190 0.886476 -0.287233 0.263237 1.156053 -1.009342 0.262173 0.000000 0.000000 0.000000 0.000000 1 6.100162864e-08 6.100162864e-08
190 0.906601 -0.287126 0.263155 1.156053 -1.009342 0.262173 0.000000 0.000000 0.000000 0.000000 1 6.100162864e-08 6.100162864e-08
190 0.924208 -0.286745 0.263079 1.156053 -1.009342 0.262173 0.000000 0.000000 0.000000 0.000000 1 5.913898349e-08 5.913898349e-08
190 0.938417 -0.285959 0.263010 1.156053 -1.009342 0.262173 0.000000 0.000000 0.000000 0.000000 1 5.797483027e-08 5.797483027e-08
190 0.948193 -0.284897 0.262945 1.156053 -1.009342 0.262173 0.000000 0.000000 0.000000 0.000000 1 6.007030606e-08 6.007030606e-08
190 0.953539 -0.284022 0.262886 1.156053 -1.009342 0.262173 0.000000 0.000000 0.000000 0.000000 1 6.007030606e-08 6.007030606e-08
190 0.955910 -0.283582 0.262831 1.156053 -1.009342 0.262173 0.000000 0.000000 0.000000 0.000000 1 1.508742571e-07 1.508742571e-07
190 0.956859 -0.283446 0.262780 1.156053 -1.009342 0.262173 0.000000 0.000000 0.000000 0.000000 1 5.587935448e-08 5.587935448e-08
190 0.957248 -0.283448 0.262734 1.156053 -1.009342 0.262173 0.000000 0.000000 0.000000 0.000000 1 6.007030606e-08 6.007030606e-08
190 0.957434 -0.283500 0.262691 1.156053 -1.009342 0.262173 0.000000 0.000000 0.000000 0.000000 1 6.007030606e-08 6.007030606e-08
190 0.957546 -0.283568 0.262651 1.156053 -1.009342 0.262173 0.000000 0.000000 0.000000 0.000000 1 5.704350770e-08 5.704350770e-08
190 0.957632 -0.283641 0.262614 1.156053 -1.009342 0.262173 0.000000 0.000000 0.000000 0.000000 1 6.100162864e-08 6.100162864e-08
190 0.957707 -0.283714 0.262580 1.156053 -1.009342 0.262173 0.000000 0.000000 0.000000 0.000000 1 5.797483027e-08 5.797483027e-08
190 0.957777 -0.283785 0.262549 1.156053 -1.009342 0.262173 0.000000 0.000000 0.000000 0.000000 1 5.913898349e-08 5.913898349e-08
190 0.957844 -0.283854 0.262520 1.156053 -1.009342 0.262173 0.000000 0.000000 0.000000 0.000000 1 6.286427379e-08 6.286427379e-08
190 0.957909 -0.283922 0.262493 1.156053 -1.009342 0.262173 0.000000 0.000000 0.000000 0.000000 1 6.100162864e-08 6.100162864e-08
191 1.000000 -0.089105 0.635729 1.235804 -0.786906 0.634000 0.000000 0.000000 0.000000 -0.000000 1 6.100162864e-08 6.100162864e-08
191 0.999999 -0.142752 0.635596 1.235804 -0.786906 0.634000 0.000000 0.000000 0.000000 -0.000000 1 3.702007234e-08 3.702007234e-08
191 0.999931 -0.192249 0.635473 1.235804 -0.786906 0.634000 0.000000 0.000000 0.000000 -0.000000 1 5.890615284e-08 5.890615284e-08
191 0.999215 -0.237655 0.635360 1.235804 -0.786906 0.634000 0.000000 0.000000 0.000000 -0.000000 1 5.704350770e-08 5.704350770e-08
191 0.993749 -0.275996 0.635256 1.235804 -0.786906 0.634000 0.000000 0.000000 0.000000 -0.000000 1 6.402842700e-08 6.402842700e-08
191 0.983517 -0.290286 0.635159 1.235804 -0.786906 0.634000 0.000000 0.000000 0.000000 -0.000000 1 5.890615284e-08 5.890615284e-08
191 0.980506 -0.292210 0.635070 1.235804 -0.786906 0.634000 0.000000 0.000000 0.000000 -0.000000 1 6.193295121e-08 6.193295121e-08
191 0.979801 -0.292591 0.634988 1.235804 -0.786906 0.634000 0.000000 0.000000 0.000000 -0.000000 1 1.708976924e-07 1.708976924e-07
191 0.979628 -0.292679 0.634912 1.235804 -0.786906 0.634000 0.000000 0.000000 0.000000 -0.000000 1 5.494803190e-08 5.494803190e-08
191 0.979583 -0.292698 0.634842 1.235804 -0.786906 0.634000 0.000000 0.000000 0.000000 -0.000000 1 6.193295121e-08 6.193295121e-08
191 0.979570 -0.292701 0.634777 1.235804 -0.786906 0.634000 0.000000 0.000000 0.000000 -0.000000 1 5.797483027e-08 5.797483027e-08
191 0.979565 -0.292699 0.634717 1.235804 -0.786906 0.634000 0.000000 0.000000 0.000000 -0.000000 1 5.704350770e-08 5.704350770e-08
191 0.979561 -0.292696 0.634662 1.235804 -0.786906 0.634000 0.000000 0.000000 0.000000 -0.000000 1 6.007030606e-08 6.007030606e-08
191 0.979558 -0.292693 0.634611 1.235804 -0.786906 0.634000 0.000000 0.000000 0.000000 -0.000000 1 5.797483027e-08 5.797483027e-08
191 0.979555 -0.292689 0.634564 1.235804 -0.786906 0.634000 0.000000 0.000000 0.000000 -0.000000 1 6.100162864e-08 6.100162864e-08
191 0.979551 -0.292686 0.634521 1.235804 -0.786906 0.634000 0.000000 0.000000 0.000000 -0.000000 1 5.890615284e-08 5.890615284e-08
191 0.979547 -0.292682 0.634481 1.235804 -0.786906 0.634000 0.000000 0.000000 0.000000 -0.000000 1 7.497146726e-08 7.497146726e-08
191 0.979543 -0.292678 0.634444 1.235804 -0.786906 0.634000 0.000000 0.000000 0.000000 -0.000000 1 7.590278983e-08 7.590278983e-08
191 0.979539 -0.292674 0.634410 1.235804 -0.786906 0.634000 0.000000 0.000000 0.000000 -0.000000 1 1.490116119e-08 1.490116119e-08
191 0.979535 -0.292669 0.634378 1.235804 -0.786906 0.634000 0.000000 0.000000 0.000000 -0.000000 1 2.002343535e-08 2.002343535e-08
192 1.000000 0.057120 0.998186 1.309678 -0.422968 1.153894 0.000000 0.000000 0.000000 -0.000000 1 2.095475793e-08 2.095475793e-08
192 1.000000 0.020209 0.993618 1.309678 -0.422968 1.153894 0.000000 0.000000 0.000000 -0.000000 1 5.983747542e-08 5.983747542e-08
192 1.000000 -0.013864 0.990918 1.309678 -0.422968 1.153894 0.000000 0.000000 0.000000 -0.000000 1 5.983747542e-08 5.983747542e-08
192 1.000000 -0.045318 0.989399 1.309678 -0.422968 1.153894 0.000000 0.000000 0.000000 -0.000000 1 6.100162864e-08 6.100162864e-08
192 1.000000 -0.074353 0.988557 1.309678 -0.422968 1.153894 0.000000 0.000000 0.000000 -0.000000 1 1.520384103e-07 1.520384103e-07
192 1.000000 -0.101155 0.988092 1.309678 -0.422968 1.153894 0.000000 0.000000 0.000000 -0.000000 1 5.681067705e-08 5.681067705e-08
192 1.000000 -0.125895 0.987835 1.309678 -0.422968 1.153894 0.000000 0.000000 0.000000 -0.000000 1 1.369044185e-07 1.369044185e-07
192 0.999996 -0.148728 0.987692 1.309678 -0.422968 1.153894 0.000000 0.000000 0.000000 -0.000000 1 7.008202374e-08 7.008202374e-08
192 0.999961 -0.169792 0.987601 1.309678 -0.422968 1.153894 0.000000 0.000000 0.000000 -0.000000 1 5.797483027e-08 5.797483027e-08
192 0.999892 -0.189199 0.987519 1.309678 -0.422968 1.153894 0.000000 0.000000 0.000000 -0.000000 1 5.704350770e-08 5.704350770e-08
192 0.999774 -0.207024 0.987415 1.309678 -0.422968 1.153894 0.000000 0.000000 0.000000 -0.000000 1 5.890615284e-08 5.890615284e-08
192 0.999565 -0.223275 0.987247 1.309678 -0.422968 1.153894 0.000000 0.000000 0.000000 -0.000000 1 6.100162864e-08 6.100162864e-08
192 0.999194 -0.237855 0.986959 1.309678 -0.422968 1.153894 0.000000 0.000000 0.000000 -0.000000 1 5.518086255e-08 5.518086255e-08
192 0.998582 -0.250502 0.986477 1.309678 -0.422968 1.153894 0.000000 0.000000 0.000000 -0.000000 1 6.309710443e-08 6.309710443e-08
192 0.997697 -0.260801 0.985757 1.309678 -0.422968 1.153894 0.000000 0.000000 0.000000 -0.000000 1 6.100162864e-08 6.100162864e-08
192 0.996660 -0.268361 0.984861 1.309678 -0.422968 1.153894 0.000000 0.000000 0.000000 -0.000000 1 5.913898349e-08 5.913898349e-08
192 0.995728 -0.273214 0.983977 1.309678 -0.422968 1.153894 0.000000 0.000000 0.000000 -0.000000 1 6.007030606e-08 6.007030606e-08
192 0.995077 -0.275956 0.983277 1.309678 -0.422968 1.153894 0.000000 0.000000 0.000000 -0.000000 1 5.704350770e-08 5.704350770e-08
192 0.994694 -0.277367 0.982802 1.309678 -0.422968 1.153894 0.000000 0.000000 0.000000 -0.000000 1 5.704350770e-08 5.704350770e-08
192 0.994483 -0.278050 0.982505 1.309678 -0.422968 1.153894 0.000000 0.000000 0.000000 -0.000000 1 5.587935448e-08 5.587935448e-08
193 0.876825 -0.148198 0.999986 1.182676 -0.288866 1.330542 0.000000 0.000000 0.000000 -0.000000 1 5.401670933e-08 5.401670933e-08
193 0.900241 -0.158996 0.999890 1.182676 -0.288866 1.330542 0.000000 0.000000 0.000000 -0.000000 1 1.720618457e-07 1.720618457e-07
193 0.921650 -0.168952 0.999628 1.182676 -0.288866 1.330542 0.000000 0.000000 0.000000 -0.000000 1 5.890615284e-08 5.890615284e-08
193 0.940844 -0.178124 0.998979 1.182676 -0.288866 1.330542 0.000000 0.000000 0.000000 -0.000000 1 5.587935448e-08 5.587935448e-08
193 0.957135 -0.186557 0.997592 1.182676 -0.288866 1.330542 0.000000 0.000000 0.000000 -0.000000 1 5.401670933e-08 5.401670933e-08
193 0.969154 -0.194286 0.995329 1.182676 -0.288866 1.330542 0.000000 0.000000 0.000000 -0.000000 1 5.797483027e-08 5.797483027e-08
193 0.975932 -0.201332 0.993016 1.182676 -0.288866 1.330542 0.000000 0.000000 0.000000 -0.000000 1 5.494803190e-08 5.494803190e-08
193 0.978774 -0.207724 0.991605 1.182676 -0.288866 1.330542 0.000000 0.000000 0.000000 -0.000000 1 5.797483027e-08 5.797483027e-08
193 0.979760 -0.213492 0.990964 1.182676 -0.288866 1.330542 0.000000 0.000000 0.000000 -0.000000 1 6.100162864e-08 6.100162864e-08
193 0.980047 -0.218662 0.990674 1.182676 -0.288866 1.330542 0.000000 0.000000 0.000000 -0.000000 1 5.797483027e-08 5.797483027e-08
193 0.980085 -0.223255 0.990509 1.182676 -0.288866 1.330542 0.000000 0.000000 0.000000 -0.000000 1 5.587935448e-08 5.587935448e-08
193 0.980033 -0.227295 0.990384 1.182676 -0.288866 1.330542 0.000000 0.000000 0.000000 -0.000000 1 5.797483027e-08 5.797483027e-08
193 0.979947 -0.230807 0.990270 1.182676 -0.288866 1.330542 0.000000 0.000000 0.000000 -0.000000 1 6.100162864e-08 6.100162864e-08
193 0.979850 -0.233823 0.990161 1.182676 -0.288866 1.330542 0.000000 0.000000 0.000000 -0.000000 1 6.007030606e-08 6.007030606e-08
193 0.979751 -0.236381 0.990055 1.182676 -0.288866 1.330542 0.000000 0.000000 0.000000 -0.000000 1 5.797483027e-08 5.797483027e-08
193 0.979655 -0.238523 0.989957 1.182676 -0.288866 1.330542 0.000000 0.000000 0.000000 -0.000000 1 5.494803190e-08 5.494803190e-08
193 0.979565 -0.240295 0.989867 1.182676 -0.288866 1.330542 0.000000 0.000000 0.000000 -0.000000 1 5.401670933e-08 5.401670933e-08
193 0.979485 -0.241744 0.989787 1.182676 -0.288866 1.330542 0.000000 0.000000 0.000000 -0.000000 1 5.983747542e-08 5.983747542e-08
193 0.979414 -0.242918 0.989718 1.182676 -0.288866 1.330542 0.000000 0.000000 0.000000 -0.000000 1 1.699663699e-07 1.699663699e-07
193 0.979353 -0.243860 0.989659 1.182676 -0.288866 1.330542 0.000000 0.000000 0.000000 -0.000000 1 6.007030606e-08 6.007030606e-08
194 0.663094 0.066098 1.000000 1.022039 -0.006188 1.829080 0.000000 0.000000 0.000000 -0.000000 1 5.797483027e-08 5.797483027e-08
194 0.690691 0.060540 1.000000 1.022039 -0.006188 1.829080 0.000000 0.000000 0.000000 -0.000000 1 5.518086255e-08 5.518086255e-08
194 0.716166 0.055409 1.000000 1.022039 -0.006188 1.829080 0.000000 0.000000 0.000000 -0.000000 1 6.007030606e-08 6.007030606e-08
194 0.739683 0.050673 1.000000 1.022039 -0.006188 1.829080 0.000000 0.000000 0.000000 -0.000000 1 6.100162864e-08 6.100162864e-08
194 0.761391 0.046301 1.000000 1.022039 -0.006188 1.829080 0.000000 0.000000 0.000000 -0.000000 1 5.797483027e-08 5.797483027e-08
194 0.781430 0.042266 1.000000 1.022039 -0.006188 1.829080 0.000000 0.000000 0.000000 -0.000000 1 6.007030606e-08 6.007030606e-08
194 0.799927 0.038540 0.999999 1.022039 -0.006188 1.829080 0.000000 0.000000 0.000000 -0.000000 1 5.681067705e-08 5.681067705e-08
194 0.816999 0.035101 0.999998 1.022039 -0.006188 1.829080 0.000000 0.000000 0.000000 -0.000000 1 5.681067705e-08 5.681067705e-08
194 0.832754 0.031927 0.999996 1.022039 -0.006188 1.829080 0.000000 0.000000 0.000000 -0.000000 1 6.100162864e-08 6.100162864e-08
194 0.847285 0.028996 0.999991 1.022039 -0.006188 1.829080 0.000000 0.000000 0.000000 -0.000000 1 6.007030606e-08 6.007030606e-08
194 0.860678 0.026291 0.999982 1.022039 -0.006188 1.829080 0.000000 0.000000 0.000000 -0.000000 1 6.193295121e-08 6.193295121e-08
194 0.873003 0.023794 0.999966 1.022039 -0.006188 1.829080 0.000000 0.000000 0.000000 -0.000000 1 6.007030606e-08 6.007030606e-08
194 0.884314 0.021489 0.999940 1.022039 -0.006188 1.829080 0.000000 0.000000 0.000000 -0.000000 1 5.308538675e-08 5.308538675e-08
194 0.894650 0.019361 0.999900 1.022039 -0.006188 1.829080 0.000000 0.000000 0.000000 -0.000000 1 5.890615284e-08 5.890615284e-08
194 0.904028 0.017397 0.999839 1.022039 -0.006188 1.829080 0.000000 0.000000 0.000000 -0.000000 1 9.918585420e-08 9.918585420e-08
194 0.912450 0.015583 0.999754 1.022039 -0.006188 1.829080 0.000000 0.000000 0.000000 -0.000000 1 8.195638657e-08 8.195638657e-08
194 0.919901 0.013910 0.999641 1.022039 -0.006188 1.829080 0.000000 0.000000 0.000000 -0.000000 1 1.648440957e-07 1.648440957e-07
194 0.926363 0.012364 0.999501 1.022039 -0.006188 1.829080 0.000000 0.000000 0.000000 -0.000000 1 6.100162864e-08 6.100162864e-08
194 0.931828 0.010938 0.999340 1.022039 -0.006188 1.829080 0.000000 0.000000 0.000000 -0.000000 1 5.913898349e-08 5.913898349e-08
194 0.936316 0.009621 0.999169 1.022039 -0.006188 1.829080 0.000000 0.000000 0.000000 -0.000000 1 5.704350770e-08 5.704350770e-08
195 0.794389 -0.291086 0.781613 0.876123 -0.304718 1.592883 0.000000 0.000000 0.000000 0.000000 1 5.587935448e-08 5.587935448e-08
195 0.800673 -0.291119 0.843986 0.876123 -0.304718 1.592883 0.000000 0.000000 0.000000 0.000000 1 5.681067705e-08 5.681067705e-08
195 0.806473 -0.290977 0.901559 0.876123 -0.304718 1.592883 0.000000 0.000000 0.000000 0.000000 1 6.007030606e-08 6.007030606e-08
195 0.811828 -0.288252 0.954425 0.876123 -0.304718 1.592883 0.000000 0.000000 0.000000 0.000000 1 5.587935448e-08 5.587935448e-08
195 0.816766 -0.270090 0.985341 0.876123 -0.304718 1.592883 0.000000 0.000000 0.000000 0.000000 1 5.983747542e-08 5.983747542e-08
195 0.821320 -0.259140 0.989113 0.876123 -0.304718 1.592883 0.000000 0.000000 0.000000 0.000000 1 5.797483027e-08 5.797483027e-08
195 0.825523 -0.253964 0.990161 0.876123 -0.304718 1.592883 0.000000 0.000000 0.000000 0.000000 1 5.890615284e-08 5.890615284e-08
195 0.829400 -0.250977 0.990652 0.876123 -0.304718 1.592883 0.000000 0.000000 0.000000 0.000000 1 6.100162864e-08 6.100162864e-08
195 0.832976 -0.249104 0.990934 0.876123 -0.304718 1.592883 0.000000 0.000000 0.000000 0.000000 1 5.494803190e-08 5.494803190e-08
195 0.836275 -0.247878 0.991117 0.876123 -0.304718 1.592883 0.000000 0.000000 0.000000 0.000000 1 5.913898349e-08 5.913898349e-08
195 0.839317 -0.247059 0.991245 0.876123 -0.304718 1.592883 0.000000 0.000000 0.000000 0.000000 1 5.611218512e-08 5.611218512e-08
195 0.842122 -0.246504 0.991340 0.876123 -0.304718 1.592883 0.000000 0.000000 0.000000 0.000000 1 9.196810424e-08 9.196810424e-08
195 0.844708 -0.246126 0.991415 0.876123 -0.304718 1.592883 0.000000 0.000000 0.000000 0.000000 1 1.720618457e-07 1.720618457e-07
195 0.847092 -0.245870 0.991476 0.876123 -0.304718 1.592883 0.000000 0.000000 0.000000 0.000000 1 5.797483027e-08 5.797483027e-08
195 0.849288 -0.245697 0.991527 0.876123 -0.304718 1.592883 0.000000 0.000000 0.000000 0.000000 1 5.611218512e-08 5.611218512e-08
195 0.851312 -0.245583 0.991573 0.876123 -0.304718 1.592883 0.000000 0.000000 0.000000 0.000000 1 6.309710443e-08 6.309710443e-08
195 0.853176 -0.245509 0.991614 0.876123 -0.304718 1.592883 0.000000 0.000000 0.000000 0.000000 1 6.007030606e-08 6.007030606e-08
195 0.854893 -0.245464 0.991652 0.876123 -0.304718 1.592883 0.000000 0.000000 0.000000 0.000000 1 5.890615284e-08 5.890615284e-08
195 0.856474 -0.245439 0.991688 0.876123 -0.304718 1.592883 0.000000 0.000000 0.000000 0.000000 1 5.983747542e-08 5.983747542e-08
195 0.857929 -0.245428 0.991722 0.876123 -0.304718 1.592883 0.000000 0.000000 0.000000 0.000000 1 5.704350770e-08 5.704350770e-08
196 0.377321 -0.300000 -0.012257 0.396057 -0.837993 0.583320 0.000000 0.000000 0.000000 -0.000000 1 8.312053978e-08 8.312053978e-08
196 0.378761 -0.300000 0.033533 0.396057 -0.837993 0.583320 0.000000 0.000000 0.000000 -0.000000 1 5.587935448e-08 5.587935448e-08
196 0.380091 -0.300000 0.075803 0.396057 -0.837993 0.583320 0.000000 0.000000 0.000000 -0.000000 1 5.611218512e-08 5.611218512e-08
196 0.381319 -0.300000 0.114823 0.396057 -0.837993 0.583320 0.000000 0.000000 0.000000 -0.000000 1 5.913898349e-08 5.913898349e-08
196 0.382452 -0.300000 0.150843 0.396057 -0.837993 0.583320 0.000000 0.000000 0.000000 -0.000000 1 6.286427379e-08 6.286427379e-08
196 0.383498 -0.300000 0.184093 0.396057 -0.837993 0.583320 0.000000 0.000000 0.000000 -0.000000 1 5.494803190e-08 5.494803190e-08
196 0.384464 -0.300000 0.214787 0.396057 -0.837993 0.583320 0.000000 0.000000 0.000000 -0.000000 1 6.007030606e-08 6.007030606e-08
196 0.385355 -0.300000 0.243121 0.396057 -0.837993 0.583320 0.000000 0.000000 0.000000 -0.000000 1 5.704350770e-08 5.704350770e-08
196 0.386178 -0.300000 0.269277 0.396057 -0.837993 0.583320 0.000000 0.000000 0.000000 -0.000000 1 5.983747542e-08 5.983747542e-08
196 0.386937 -0.300000 0.293422 0.396057 -0.837993 0.583320 0.000000 0.000000 0.000000 -0.000000 1 1.839362085e-07 1.839362085e-07
196 0.387639 -0.300000 0.315710 0.396057 -0.837993 0.583320 0.000000 0.000000 0.000000 -0.000000 1 5.611218512e-08 5.611218512e-08
196 0.388286 -0.300000 0.336285 0.396057 -0.837993 0.583320 0.000000 0.000000 0.000000 -0.000000 1 5.704350770e-08 5.704350770e-08
196 0.388883 -0.300000 0.355278 0.396057 -0.837993 0.583320 0.000000 0.000000 0.000000 -0.000000 1 5.913898349e-08 5.913898349e-08
196 0.389435 -0.300000 0.372811 0.396057 -0.837993 0.583320 0.000000 0.000000 0.000000 -0.000000 1 6.216578186e-08 6.216578186e-08
196 0.389944 -0.300000 0.388996 0.396057 -0.837993 0.583320 0.000000 0.000000 0.000000 -0.000000 1 6.007030606e-08 6.007030606e-08
196 0.390414 -0.300000 0.403936 0.396057 -0.837993 0.583320 0.000000 0.000000 0.000000 -0.000000 1 6.100162864e-08 6.100162864e-08
196 0.390848 -0.300000 0.417728 0.396057 -0.837993 0.583320 0.000000 0.000000 0.000000 -0.000000 1 5.704350770e-08 5.704350770e-08
196 0.391248 -0.300000 0.430459 0.396057 -0.837993 0.583320 0.000000 0.000000 0.000000 -0.000000 1 5.797483027e-08 5.797483027e-08
196 0.391618 -0.300000 0.442212 0.396057 -0.837993 0.583320 0.000000 0.000000 0.000000 -0.000000 1 5.913898349e-08 5.913898349e-08
196 0.391959 -0.300000 0.453060 0.396057 -0.837993 0.583320 0.000000 0.000000 0.000000 -0.000000 1 5.704350770e-08 5.704350770e-08
197 0.414573 -0.300000 0.524806 0.418268 -0.932763 0.644806 0.000000 0.000000 0.000000 -0.000000 1 6.007030606e-08 6.007030606e-08
197 0.414857 -0.300000 0.534032 0.418268 -0.932763 0.644806 0.000000 0.000000 0.000000 -0.000000 1 6.193295121e-08 6.193295121e-08
197 0.415119 -0.300000 0.542548 0.418268 -0.932763 0.644806 0.000000 0.000000 0.000000 -0.000000 1 5.494803190e-08 5.494803190e-08
197 0.415361 -0.300000 0.550410 0.418268 -0.932763 0.644806 0.000000 0.000000 0.000000 -0.000000 1 5.890615284e-08 5.890615284e-08
197 0.415585 -0.300000 0.557668 0.418268 -0.932763 0.644806 0.000000 0.000000 0.000000 -0.000000 1 5.611218512e-08 5.611218512e-08
197 0.415791 -0.300000 0.564367 0.418268 -0.932763 0.644806 0.000000 0.000000 0.000000 -0.000000 1 5.983747542e-08 5.983747542e-08
197 0.415982 -0.300000 0.570552 0.418268 -0.932763 0.644806 0.000000 0.000000 0.000000 -0.000000 1 1.690350473e-07 1.690350473e-07
197 0.416157 -0.300000 0.576261 0.418268 -0.932763 0.644806 0.000000 0.000000 0.000000 -0.000000 1 6.798654795e-08 6.798654795e-08
197 0.416320 -0.300000 0.581531 0.418268 -0.932763 0.644806 0.000000 0.000000 0.000000 -0.000000 1 7.404014468e-08 7.404014468e-08
197 0.416469 -0.300000 0.586395 0.418268 -0.932763 0.644806 0.000000 0.000000 0.000000 -0.000000 1 5.890615284e-08 5.890615284e-08
197 0.416608 -0.300000 0.590886 0.418268 -0.932763 0.644806 0.000000 0.000000 0.000000 -0.000000 1 7.194466889e-08 7.194466889e-08
197 0.416735 -0.300000 0.595032 0.418268 -0.932763 0.644806 0.000000 0.000000 0.000000 -0.000000 1 5.611218512e-08 5.611218512e-08
197 0.416853 -0.300000 0.598859 0.418268 -0.932763 0.644806 0.000000 0.000000 0.000000 -0.000000 1 5.983747542e-08 5.983747542e-08
197 0.416962 -0.300000 0.602391 0.418268 -0.932763 0.644806 0.000000 0.000000 0.000000 -0.000000 1 6.007030606e-08 6.007030606e-08
197 0.417062 -0.300000 0.605652 0.418268 -0.932763 0.644806 0.000000 0.000000 0.000000 -0.000000 1 6.589107215e-08 6.589107215e-08
197 0.417155 -0.300000 0.608662 0.418268 -0.932763 0.644806 0.000000 0.000000 0.000000 -0.000000 1 5.704350770e-08 5.704350770e-08
197 0.417240 -0.300000 0.611441 0.418268 -0.932763 0.644806 0.000000 0.000000 0.000000 -0.000000 1 5.681067705e-08 5.681067705e-08
197 0.417319 -0.300000 0.614006 0.418268 -0.932763 0.644806 0.000000 0.000000 0.000000 -0.000000 1 5.913898349e-08 5.913898349e-08
197 0.417392 -0.300000 0.616374 0.418268 -0.932763 0.644806 0.000000 0.000000 0.000000 -0.000000 1 1.478474587e-07 1.478474587e-07
197 0.417460 -0.300000 0.618560 0.418268 -0.932763 0.644806 0.000000 0.000000 0.000000 -0.000000 1 5.797483027e-08 5.797483027e-08
198 0.473645 -0.300000 0.536338 0.474168 -0.956285 0.560899 0.000000 0.000000 0.000000 -0.000000 1 6.007030606e-08 6.007030606e-08
198 0.473685 -0.300000 0.538226 0.474168 -0.956285 0.560899 0.000000 0.000000 0.000000 -0.000000 1 5.983747542e-08 5.983747542e-08
198 0.473722 -0.300000 0.539969 0.474168 -0.956285 0.560899 0.000000 0.000000 0.000000 -0.000000 1 6.100162864e-08 6.100162864e-08
198 0.473756 -0.300000 0.541578 0.474168 -0.956285 0.560899 0.000000 0.000000 0.000000 -0.000000 1 1.688022166e-07 1.688022166e-07
198 0.473788 -0.300000 0.543064 0.474168 -0.956285 0.560899 0.000000 0.000000 0.000000 -0.000000 1 5.797483027e-08 5.797483027e-08
198 0.473817 -0.300000 0.544435 0.474168 -0.956285 0.560899 0.000000 0.000000 0.000000 -0.000000 1 6.216578186e-08 6.216578186e-08
198 0.473844 -0.300000 0.545701 0.474168 -0.956285 0.560899 0.000000 0.000000 0.000000 -0.000000 1 5.611218512e-08 5.611218512e-08
198 0.473869 -0.300000 0.546869 0.474168 -0.956285 0.560899 0.000000 0.000000 0.000000 -0.000000 1 5.494803190e-08 5.494803190e-08
198 0.473892 -0.300000 0.547948 0.474168 -0.956285 0.560899 0.000000 0.000000 0.000000 -0.000000 1 5.494803190e-08 5.494803190e-08
198 0.473913 -0.300000 0.548944 0.474168 -0.956285 0.560899 0.000000 0.000000 0.000000 -0.000000 1 5.704350770e-08 5.704350770e-08
198 0.473933 -0.300000 0.549863 0.474168 -0.956285 0.560899 0.000000 0.000000 0.000000 -0.000000 1 6.589107215e-08 6.589107215e-08
198 0.473951 -0.300000 0.550711 0.474168 -0.956285 0.560899 0.000000 0.000000 0.000000 -0.000000 1 6.100162864e-08 6.100162864e-08
198 0.473968 -0.300000 0.551495 0.474168 -0.956285 0.560899 0.000000 0.000000 0.000000 -0.000000 1 6.100162864e-08 6.100162864e-08
198 0.473983 -0.300000 0.552218 0.474168 -0.956285 0.560899 0.000000 0.000000 0.000000 -0.000000 1 5.983747542e-08 5.983747542e-08
198 0.473997 -0.300000 0.552885 0.474168 -0.956285 0.560899 0.000000 0.000000 0.000000 -0.000000 1 5.401670933e-08 5.401670933e-08
198 0.474010 -0.300000 0.553501 0.474168 -0.956285 0.560899 0.000000 0.000000 0.000000 -0.000000 1 1.189764589e-07 1.189764589e-07
198 0.474022 -0.300000 0.554070 0.474168 -0.956285 0.560899 0.000000 0.000000 0.000000 -0.000000 1 5.797483027e-08 5.797483027e-08
198 0.474034 -0.300000 0.554595 0.474168 -0.956285 0.560899 0.000000 0.000000 0.000000 -0.000000 1 7.194466889e-08 7.194466889e-08
198 0.474044 -0.300000 0.555080 0.474168 -0.956285 0.560899 0.000000 0.000000 0.000000 -0.000000 1 6.891787052e-08 6.891787052e-08
198 0.474053 -0.300000 0.555527 0.474168 -0.956285 0.560899 0.000000 0.000000 0.000000 -0.000000 1 5.797483027e-08 5.797483027e-08
199 0.645472 -0.260583 0.734914 0.644898 -0.911815 0.739164 0.000000 0.000000 0.000000 -0.000000 1 1.350417733e-07 1.350417733e-07
199 0.645428 -0.260779 0.735240 0.644898 -0.911815 0.739164 0.000000 0.000000 0.000000 0.000000 1 5.890615284e-08 5.890615284e-08
199 0.645387 -0.260974 0.735541 0.644898 -0.911815 0.739164 0.000000 0.000000 0.000000 0.000000 1 5.890615284e-08 5.890615284e-08
199 0.645349 -0.261167 0.735819 0.644898 -0.911815 0.739164 0.000000 0.000000 0.000000 0.000000 1 6.007030606e-08 6.007030606e-08
199 0.645315 -0.261360 0.736076 0.644898 -0.911815 0.739164 0.000000 0.000000 0.000000 0.000000 1 5.983747542e-08 5.983747542e-08
199 0.645283 -0.261552 0.736312 0.644898 -0.911815 0.739164 0.000000 0.000000 0.000000 0.000000 1 5.681067705e-08 5.681067705e-08
199 0.645253 -0.261743 0.736531 0.644898 -0.911815 0.739164 0.000000 0.000000 0.000000 0.000000 1 6.100162864e-08 6.100162864e-08
199 0.645226 -0.261934 0.736733 0.644898 -0.911815 0.739164 0.000000 0.000000 0.000000 0.000000 1 5.797483027e-08 5.797483027e-08
199 0.645201 -0.262123 0.736919 0.644898 -0.911815 0.739164 0.000000 0.000000 0.000000 0.000000 1 6.100162864e-08 6.100162864e-08
199 0.645177 -0.262311 0.737091 0.644898 -0.911815 0.739164 0.000000 0.000000 0.000000 0.000000 1 6.193295121e-08 6.193295121e-08
199 0.645156 -0.262498 0.737250 0.644898 -0.911815 0.739164 0.000000 0.000000 0.000000 0.000000 1 6.309710443e-08 6.309710443e-08
199 0.645136 -0.262684 0.737396 0.644898 -0.911815 0.739164 0.000000 0.000000 0.000000 0.000000 1 5.797483027e-08 5.797483027e-08
199 0.645118 -0.262870 0.737532 0.644898 -0.911815 0.739164 0.000000 0.000000 0.000000 0.000000 1 6.193295121e-08 6.193295121e-08
199 0.645101 -0.263054 0.737656 0.644898 -0.911815 0.739164 0.000000 0.000000 0.000000 0.000000 1 6.007030606e-08 6.007030606e-08
199 0.645085 -0.263238 0.737772 0.644898 -0.911815 0.739164 0.000000 0.000000 0.000000 0.000000 1 5.611218512e-08 5.611218512e-08
199 0.645071 -0.263421 0.737878 0.644898 -0.911815 0.739164 0.000000 0.000000 0.000000 0.000000 1 6.216578186e-08 6.216578186e-08
199 0.645058 -0.263602 0.737976 0.644898 -0.911815 0.739164 0.000000 0.000000 0.000000 0.000000 1 6.007030606e-08 6.007030606e-08
199 0.645045 -0.263783 0.738067 0.644898 -0.911815 0.739164 0.000000 0.000000 0.000000 0.000000 1 1.760199666e-07 1.760199666e-07
199 0.645034 -0.263963 0.738151 0.644898 -0.911815 0.739164 0.000000 0.000000 0.000000 0.000000 1 6.007030606e-08 6.007030606e-08
199 0.645024 -0.264142 0.738228 0.644898 -0.911815 0.739164 0.000000 0.000000 0.000000 0.000000 1 6.100162864e-08 6.100162864e-08
199 0.645014 -0.264320 0.738299 0.644898 -0.911815 0.739164 0.000000 0.000000 0.000000 0.000000 1 6.007030606e-08 6.007030606e-08
200 0.822748 -0.218077 0.895218 0.822295 -0.844440 0.913668 0.000000 0.000000 0.000000 0.000001 1 5.797483027e-08 5.797483027e-08
200 0.822358 -0.220836 0.885951 0.822295 -0.844440 0.913668 0.000000 0.000000 0.000000 0.000001 1 5.401670933e-08 5.401670933e-08
200 0.822026 -0.222025 0.881041 0.822295 -0.844440 0.913668 0.000000 0.000000 0.000000 0.000001 1 6.100162864e-08 6.100162864e-08
200 0.821737 -0.222807 0.878018 0.822295 -0.844440 0.913668 0.000000 0.000000 0.000000 0.000001 1 3.515742719e-08 3.515742719e-08
200 0.821485 -0.223421 0.876037 0.822295 -0.844440 0.913668 0.000000 0.000000 0.000000 0.000001 1 4.190951586e-08 4.190951586e-08
200 0.821263 -0.223948 0.874705 0.822295 -0.844440 0.913668 0.000000 0.000000 0.000000 0.000001 1 5.913898349e-08 5.913898349e-08
200 0.821069 -0.224425 0.873804 0.822295 -0.844440 0.913668 0.000000 0.000000 0.000000 0.000001 1 6.007030606e-08 6.007030606e-08
200 0.820898 -0.224871 0.873204 0.822295 -0.844440 0.913668 0.000000 0.000000 0.000000 0.000001 1 6.007030606e-08 6.007030606e-08
200 0.820748 -0.225295 0.872818 0.822295 -0.844440 0.913668 0.000000 0.000000 0.000000 0.000001 1 3.201421350e-07 3.201421350e-07
200 0.820617 -0.225704 0.872587 0.822295 -0.844440 0.913668 0.000000 0.000000 0.000000 0.000001 1 6.286427379e-08 6.286427379e-08
200 0.820502 -0.226102 0.872472 0.822295 -0.844440 0.913668 0.000000 0.000000 0.000000 0.000001 1 5.797483027e-08 5.797483027e-08
200 0.820402 -0.226490 0.872443 0.822295 -0.844440 0.913668 0.000000 0.000000 0.000000 0.000001 1 6.100162864e-08 6.100162864e-08
200 0.820316 -0.226873 0.872479 0.822295 -0.844440 0.913668 0.000000 0.000000 0.000000 0.000001 1 5.913898349e-08 5.913898349e-08
200 0.820242 -0.227249 0.872563 0.822295 -0.844440 0.913668 0.000000 0.000000 0.000000 0.000001 1 1.860316843e-07 1.860316843e-07
200 0.820179 -0.227621 0.872684 0.822295 -0.844440 0.913668 0.000000 0.000000 0.000000 0.000001 1 5.611218512e-08 5.611218512e-08
200 0.820125 -0.227989 0.872833 0.822295 -0.844440 0.913668 0.000000 0.000000 0.000000 0.000001 1 6.007030606e-08 6.007030606e-08
200 0.820080 -0.228353 0.873002 0.822295 -0.844440 0.913668 0.000000 0.000000 0.000000 0.000001 1 5.913898349e-08 5.913898349e-08
200 0.820043 -0.228715 0.873188 0.822295 -0.844440 0.913668 0.000000 0.000000 0.000000 0.000001 1 6.100162864e-08 6.100162864e-08
200 0.820013 -0.229074 0.873386 0.822295 -0.844440 0.913668 0.000000 0.000000 0.000000 0.000001 1 5.704350770e-08 5.704350770e-08
200 0.819989 -0.229430 0.873593 0.822295 -0.844440 0.913668 0.000000 0.000000 0.000000 0.000001 1 6.286427379e-08 6.286427379e-08
201 0.988941 -0.189218 1.000000 0.993131 -0.761787 1.093143 0.000000 0.000000 0.000000 -0.000000 1 1.641456038e-07 1.641456038e-07
201 0.985931 -0.233154 1.000000 0.993131 -0.761787 1.093143 0.000000 0.000000 0.000000 -0.000000 1 6.100162864e-08 6.100162864e-08
201 0.982021 -0.272637 0.997620 0.993131 -0.761787 1.093143 0.000000 0.000000 0.000000 -0.000000 1 6.100162864e-08 6.100162864e-08
201 0.973953 -0.295627 0.986725 0.993131 -0.761787 1.093143 0.000000 0.000000 0.000000 -0.000000 1 1.629814506e-07 1.629814506e-07
201 0.967598 -0.300000 0.980274 0.993131 -0.761787 1.093143 0.000000 0.000000 0.000000 -0.000000 1 5.611218512e-08 5.611218512e-08
201 0.963493 -0.300000 0.977250 0.993131 -0.761787 1.093143 0.000000 0.000000 0.000000 -0.000000 1 7.799826562e-08 7.799826562e-08
201 0.960569 -0.300000 0.975528 0.993131 -0.761787 1.093143 0.000000 0.000000 0.000000 -0.000000 1 5.797483027e-08 5.797483027e-08
201 0.958440 -0.300000 0.974528 0.993131 -0.761787 1.093143 0.000000 0.000000 0.000000 -0.000000 1 5.913898349e-08 5.913898349e-08
201 0.956863 -0.300000 0.973939 0.993131 -0.761787 1.093143 0.000000 0.000000 0.000000 -0.000000 1 6.402842700e-08 6.402842700e-08
201 0.955678 -0.300000 0.973589 0.993131 -0.761787 1.093143 0.000000 0.000000 0.000000 -0.000000 1 6.007030606e-08 6.007030606e-08
201 0.954780 -0.300000 0.973379 0.993131 -0.761787 1.093143 0.000000 0.000000 0.000000 -0.000000 1 1.699663699e-07 1.699663699e-07
201 0.954094 -0.300000 0.973252 0.993131 -0.761787 1.093143 0.000000 0.000000 0.000000 -0.000000 1 5.913898349e-08 5.913898349e-08
201 0.953566 -0.300000 0.973174 0.993131 -0.761787 1.093143 0.000000 0.000000 0.000000 -0.000000 1 5.587935448e-08 5.587935448e-08
201 0.953160 -0.300000 0.973127 0.993131 -0.761787 1.093143 0.000000 0.000000 0.000000 -0.000000 1 6.007030606e-08 6.007030606e-08
201 0.952845 -0.299996 0.973097 0.993131 -0.761787 1.093143 0.000000 0.000000 0.000000 -0.000000 1 8.102506399e-08 8.102506399e-08
201 0.952599 -0.299984 0.973075 0.993131 -0.761787 1.093143 0.000000 0.000000 0.000000 -0.000000 1 7.799826562e-08 7.799826562e-08
201 0.952406 -0.299967 0.973056 0.993131 -0.761787 1.093143 0.000000 0.000000 0.000000 -0.000000 1 6.193295121e-08 6.193295121e-08
201 0.952253 -0.299945 0.973037 0.993131 -0.761787 1.093143 0.000000 0.000000 0.000000 -0.000000 1 5.587935448e-08 5.587935448e-08
201 0.952130 -0.299922 0.973017 0.993131 -0.761787 1.093143 0.000000 0.000000 0.000000 -0.000000 1 6.100162864e-08 6.100162864e-08
201 0.952031 -0.299896 0.972996 0.993131 -0.761787 1.093143 0.000000 0.000000 0.000000 -0.000000 1 5.704350770e-08 5.704350770e-08
202 0.996836 -0.231046 1.000000 1.155793 -0.664885 1.273704 0.000000 0.000000 0.000000 -0.000000 1 6.193295121e-08 6.193295121e-08
202 0.993031 -0.262834 0.999744 1.155793 -0.664885 1.273704 0.000000 0.000000 0.000000 -0.000000 1 6.007030606e-08 6.007030606e-08
202 0.988369 -0.285569 0.996022 1.155793 -0.664885 1.273704 0.000000 0.000000 0.000000 -0.000000 1 6.216578186e-08 6.216578186e-08
202 0.984240 -0.293767 0.992287 1.155793 -0.664885 1.273704 0.000000 0.000000 0.000000 -0.000000 1 5.704350770e-08 5.704350770e-08
202 0.982447 -0.295614 0.991169 1.155793 -0.664885 1.273704 0.000000 0.000000 0.000000 -0.000000 1 6.216578186e-08 6.216578186e-08
202 0.981733 -0.296031 0.990919 1.155793 -0.664885 1.273704 0.000000 0.000000 0.000000 -0.000000 1 5.704350770e-08 5.704350770e-08
202 0.981419 -0.296101 0.990845 1.155793 -0.664885 1.273704 0.000000 0.000000 0.000000 -0.000000 1 5.983747542e-08 5.983747542e-08
202 0.981258 -0.296080 0.990794 1.155793 -0.664885 1.273704 0.000000 0.000000 0.000000 -0.000000 1 6.007030606e-08 6.007030606e-08
202 0.981158 -0.296031 0.990741 1.155793 -0.664885 1.273704 0.000000 0.000000 0.000000 -0.000000 1 5.983747542e-08 5.983747542e-08
202 0.981083 -0.295974 0.990685 1.155793 -0.664885 1.273704 0.000000 0.000000 0.000000 -0.000000 1 6.100162864e-08 6.100162864e-08
202 0.981018 -0.295915 0.990626 1.155793 -0.664885 1.273704 0.000000 0.000000 0.000000 -0.000000 1 6.007030606e-08 6.007030606e-08
202 0.980958 -0.295855 0.990567 1.155793 -0.664885 1.273704 0.000000 0.000000 0.000000 -0.000000 1 6.309710443e-08 6.309710443e-08
202 0.980899 -0.295794 0.990508 1.155793 -0.664885 1.273704 0.000000 0.000000 0.000000 -0.000000 1 6.193295121e-08 6.193295121e-08
202 0.980841 -0.295734 0.990449 1.155793 -0.664885 1.273704 0.000000 0.000000 0.000000 -0.000000 1 6.007030606e-08 6.007030606e-08
202 0.980784 -0.295674 0.990389 1.155793 -0.664885 1.273704 0.000000 0.000000 0.000000 -0.000000 1 6.007030606e-08 6.007030606e-08
202 0.980727 -0.295614 0.990331 1.155793 -0.664885 1.273704 0.000000 0.000000 0.000000 -0.000000 1 5.704350770e-08 5.704350770e-08
202 0.980671 -0.295555 0.990272 1.155793 -0.664885 1.273704 0.000000 0.000000 0.000000 -0.000000 1 5.983747542e-08 5.983747542e-08
202 0.980615 -0.295496 0.990214 1.155793 -0.664885 1.273704 0.000000 0.000000 0.000000 -0.000000 1 5.704350770e-08 5.704350770e-08
202 0.980559 -0.295437 0.990156 1.155793 -0.664885 1.273704 0.000000 0.000000 0.000000 -0.000000 1 5.913898349e-08 5.913898349e-08
202 0.980503 -0.295379 0.990098 1.155793 -0.664885 1.273704 0.000000 0.000000 0.000000 -0.000000 1 1.909211278e-07 1.909211278e-07
203 0.996747 -0.155421 1.000000 1.308165 -0.558097 1.450115 0.000000 0.000000 0.000000 -0.000000 1 7.194466889e-08 7.194466889e-08
203 0.994387 -0.186326 1.000000 1.308165 -0.558097 1.450115 0.000000 0.000000 0.000000 -0.000000 1 3.003515303e-08 3.003515303e-08
203 0.993373 -0.214665 1.000000 1.308165 -0.558097 1.450115 0.000000 0.000000 0.000000 -0.000000 1 3.702007234e-08 3.702007234e-08
203 0.992740 -0.240112 0.999674 1.308165 -0.558097 1.450115 0.000000 0.000000 0.000000 -0.000000 1 5.704350770e-08 5.704350770e-08
203 0.991640 -0.261293 0.998488 1.308165 -0.558097 1.450115 0.000000 0.000000 0.000000 -0.000000 1 1.480802894e-07 1.480802894e-07
203 0.989799 -0.275336 0.996492 1.308165 -0.558097 1.450115 0.000000 0.000000 0.000000 -0.000000 1 6.100162864e-08 6.100162864e-08
203 0.988229 -0.281460 0.994966 1.308165 -0.558097 1.450115 0.000000 0.000000 0.000000 -0.000000 1 6.007030606e-08 6.007030606e-08
203 0.987495 -0.283317 0.994368 1.308165 -0.558097 1.450115 0.000000 0.000000 0.000000 -0.000000 1 5.704350770e-08 5.704350770e-08
203 0.987215 -0.283782 0.994171 1.308165 -0.558097 1.450115 0.000000 0.000000 0.000000 -0.000000 1 5.983747542e-08 5.983747542e-08
203 0.987093 -0.283866 0.994082 1.308165 -0.558097 1.450115 0.000000 0.000000 0.000000 -0.000000 1 6.100162864e-08 6.100162864e-08
203 0.987021 -0.283849 0.994020 1.308165 -0.558097 1.450115 0.000000 0.000000 0.000000 -0.000000 1 5.890615284e-08 5.890615284e-08
203 0.986962 -0.283806 0.993964 1.308165 -0.558097 1.450115 0.000000 0.000000 0.000000 -0.000000 1 6.007030606e-08 6.007030606e-08
203 0.986908 -0.283756 0.993910 1.308165 -0.558097 1.450115 0.000000 0.000000 0.000000 -0.000000 1 5.681067705e-08 5.681067705e-08
203 0.986855 -0.283704 0.993857 1.308165 -0.558097 1.450115 0.000000 0.000000 0.000000 -0.000000 1 5.890615284e-08 5.890615284e-08
203 0.986803 -0.283653 0.993803 1.308165 -0.558097 1.450115 0.000000 0.000000 0.000000 -0.000000 1 6.076879799e-08 6.076879799e-08
203 0.986751 -0.283601 0.993751 1.308165 -0.558097 1.450115 0.000000 0.000000 0.000000 -0.000000 1 6.193295121e-08 6.193295121e-08
203 0.986699 -0.283550 0.993698 1.308165 -0.558097 1.450115 0.000000 0.000000 0.000000 -0.000000 1 8.102506399e-08 8.102506399e-08
203 0.986647 -0.283499 0.993646 1.308165 -0.558097 1.450115 0.000000 0.000000 0.000000 -0.000000 1 6.612390280e-08 6.612390280e-08
203 0.986596 -0.283448 0.993593 1.308165 -0.558097 1.450115 0.000000 0.000000 0.000000 -0.000000 1 6.100162864e-08 6.100162864e-08
203 0.986545 -0.283398 0.993542 1.308165 -0.558097 1.450115 0.000000 0.000000 0.000000 -0.000000 1 5.983747542e-08 5.983747542e-08
204 0.996200 -0.113193 1.000000 1.449152 -0.437327 1.631393 0.000000 0.000000 0.000000 -0.000000 1 4.214234650e-08 4.214234650e-08
204 0.994186 -0.138106 1.000000 1.449152 -0.437327 1.631393 0.000000 0.000000 0.000000 -0.000000 1 1.718290150e-07 1.718290150e-07
204 0.993635 -0.161084 1.000000 1.449152 -0.437327 1.631393 0.000000 0.000000 0.000000 -0.000000 1 6.007030606e-08 6.007030606e-08
204 0.993477 -0.182243 0.999973 1.449152 -0.437327 1.631393 0.000000 0.000000 0.000000 -0.000000 1 6.402842700e-08 6.402842700e-08
204 0.993367 -0.201634 0.999872 1.449152 -0.437327 1.631393 0.000000 0.000000 0.000000 -0.000000 1 5.611218512e-08 5.611218512e-08
204 0.993204 -0.219195 0.999698 1.449152 -0.437327 1.631393 0.000000 0.000000 0.000000 -0.000000 1 6.007030606e-08 6.007030606e-08
204 0.992927 -0.234671 0.999400 1.449152 -0.437327 1.631393 0.000000 0.000000 0.000000 -0.000000 1 5.704350770e-08 5.704350770e-08
204 0.992485 -0.247556 0.998929 1.449152 -0.437327 1.631393 0.000000 0.000000 0.000000 -0.000000 1 6.007030606e-08 6.007030606e-08
204 0.991895 -0.257249 0.998314 1.449152 -0.437327 1.631393 0.000000 0.000000 0.000000 -0.000000 1 4.796311259e-08 4.796311259e-08
204 0.991291 -0.263549 0.997705 1.449152 -0.437327 1.631393 0.000000 0.000000 0.000000 -0.000000 1 4.190951586e-08 4.190951586e-08
204 0.990822 -0.267039 0.997252 1.449152 -0.437327 1.631393 0.000000 0.000000 0.000000 -0.000000 1 5.913898349e-08 5.913898349e-08
204 0.990524 -0.268734 0.996973 1.449152 -0.437327 1.631393 0.000000 0.000000 0.000000 -0.000000 1 6.286427379e-08 6.286427379e-08
204 0.990348 -0.269483 0.996811 1.449152 -0.437327 1.631393 0.000000 0.000000 0.000000 -0.000000 1 6.100162864e-08 6.100162864e-08
204 0.990239 -0.269786 0.996709 1.449152 -0.437327 1.631393 0.000000 0.000000 0.000000 -0.000000 1 6.915070117e-08 6.915070117e-08
204 0.990162 -0.269890 0.996635 1.449152 -0.437327 1.631393 0.000000 0.000000 0.000000 -0.000000 1 5.587935448e-08 5.587935448e-08
204 0.990099 -0.269907 0.996574 1.449152 -0.437327 1.631393 0.000000 0.000000 0.000000 -0.000000 1 5.681067705e-08 5.681067705e-08
204 0.990043 -0.269887 0.996518 1.449152 -0.437327 1.631393 0.000000 0.000000 0.000000 -0.000000 1 6.007030606e-08 6.007030606e-08
204 0.989990 -0.269851 0.996465 1.449152 -0.437327 1.631393 0.000000 0.000000 0.000000 -0.000000 1 7.706694305e-08 7.706694305e-08
204 0.989938 -0.269808 0.996413 1.449152 -0.437327 1.631393 0.000000 0.000000 0.000000 -0.000000 1 1.699663699e-07 1.699663699e-07
204 0.989888 -0.269763 0.996361 1.449152 -0.437327 1.631393 0.000000 0.000000 0.000000 -0.000000 1 6.007030606e-08 6.007030606e-08
205 0.995938 -0.101333 1.000000 1.582670 -0.300497 1.815955 0.000000 0.000000 0.000000 -0.000000 1 5.611218512e-08 5.611218512e-08
205 0.993906 -0.116641 1.000000 1.582670 -0.300497 1.815955 0.000000 0.000000 0.000000 -0.000000 1 5.797483027e-08 5.797483027e-08
205 0.993538 -0.130767 1.000000 1.582670 -0.300497 1.815955 0.000000 0.000000 0.000000 -0.000000 1 7.101334631e-08 7.101334631e-08
205 0.993457 -0.143798 0.999961 1.582670 -0.300497 1.815955 0.000000 0.000000 0.000000 -0.000000 1 7.008202374e-08 7.008202374e-08
205 0.993399 -0.155812 0.999904 1.582670 -0.300497 1.815955 0.000000 0.000000 0.000000 -0.000000 1 8.195638657e-08 8.195638657e-08
205 0.993339 -0.166874 0.999844 1.582670 -0.300497 1.815955 0.000000 0.000000 0.000000 -0.000000 1 8.312053978e-08 8.312053978e-08
205 0.993277 -0.177043 0.999780 1.582670 -0.300497 1.815955 0.000000 0.000000 0.000000 -0.000000 1 7.497146726e-08 7.497146726e-08
205 0.993210 -0.186365 0.999712 1.582670 -0.300497 1.815955 0.000000 0.000000 0.000000 -0.000000 1 6.100162864e-08 6.100162864e-08
205 0.993137 -0.194872 0.999638 1.582670 -0.300497 1.815955 0.000000 0.000000 0.000000 -0.000000 1 5.704350770e-08 5.704350770e-08
205 0.993057 -0.202591 0.999556 1.582670 -0.300497 1.815955 0.000000 0.000000 0.000000 -0.000000 1 6.100162864e-08 6.100162864e-08
205 0.992968 -0.209534 0.999465 1.582670 -0.300497 1.815955 0.000000 0.000000 0.000000 -0.000000 1 5.913898349e-08 5.913898349e-08
205 0.992870 -0.215713 0.999366 1.582670 -0.300497 1.815955 0.000000 0.000000 0.000000 -0.000000 1 5.913898349e-08 5.913898349e-08
205 0.992764 -0.221136 0.999258 1.582670 -0.300497 1.815955 0.000000 0.000000 0.000000 -0.000000 1 5.983747542e-08 5.983747542e-08
205 0.992652 -0.225818 0.999144 1.582670 -0.300497 1.815955 0.000000 0.000000 0.000000 -0.000000 1 5.611218512e-08 5.611218512e-08
205 0.992536 -0.229785 0.999027 1.582670 -0.300497 1.815955 0.000000 0.000000 0.000000 -0.000000 1 1.490116119e-08 1.490116119e-08
205 0.992420 -0.233080 0.998910 1.582670 -0.300497 1.815955 0.000000 0.000000 0.000000 -0.000000 1 1.669395715e-07 1.669395715e-07
205 0.992307 -0.235760 0.998796 1.582670 -0.300497 1.815955 0.000000 0.000000 0.000000 -0.000000 1 5.401670933e-08 5.401670933e-08
205 0.992199 -0.237896 0.998688 1.582670 -0.300497 1.815955 0.000000 0.000000 0.000000 -0.000000 1 5.704350770e-08 5.704350770e-08
205 0.992099 -0.239566 0.998588 1.582670 -0.300497 1.815955 0.000000 0.000000 0.000000 -0.000000 1 1.490116119e-08 1.490116119e-08
205 0.992007 -0.240850 0.998496 1.582670 -0.300497 1.815955 0.000000 0.000000 0.000000 -0.000000 1 6.007030606e-08 6.007030606e-08
206 0.989796 -0.085605 0.997816 1.701282 -0.152509 2.001752 0.000000 0.000000 0.000000 -0.000000 1 6.402842700e-08 6.402842700e-08
206 0.990402 -0.090747 0.997333 1.701282 -0.152509 2.001752 0.000000 0.000000 0.000000 -0.000000 1 5.820766091e-08 5.820766091e-08
206 0.990374 -0.095493 0.997284 1.701282 -0.152509 2.001752 0.000000 0.000000 0.000000 -0.000000 1 5.797483027e-08 5.797483027e-08
206 0.990335 -0.099873 0.997244 1.701282 -0.152509 2.001752 0.000000 0.000000 0.000000 -0.000000 1 5.797483027e-08 5.797483027e-08
206 0.990296 -0.103915 0.997204 1.701282 -0.152509 2.001752 0.000000 0.000000 0.000000 -0.000000 1 6.100162864e-08 6.100162864e-08
206 0.990256 -0.107646 0.997165 1.701282 -0.152509 2.001752 0.000000 0.000000 0.000000 -0.000000 1 6.100162864e-08 6.100162864e-08
206 0.990217 -0.111089 0.997125 1.701282 -0.152509 2.001752 0.000000 0.000000 0.000000 -0.000000 1 5.983747542e-08 5.983747542e-08
206 0.990178 -0.114266 0.997086 1.701282 -0.152509 2.001752 0.000000 0.000000 0.000000 -0.000000 1 5.890615284e-08 5.890615284e-08
206 0.990139 -0.117197 0.997047 1.701282 -0.152509 2.001752 0.000000 0.000000 0.000000 -0.000000 1 5.913898349e-08 5.913898349e-08
206 0.990101 -0.119902 0.997008 1.701282 -0.152509 2.001752 0.000000 0.000000 0.000000 -0.000000 1 6.100162864e-08 6.100162864e-08
206 0.990062 -0.122397 0.996970 1.701282 -0.152509 2.001752 0.000000 0.000000 0.000000 -0.000000 1 5.797483027e-08 5.797483027e-08
206 0.990024 -0.124699 0.996931 1.701282 -0.152509 2.001752 0.000000 0.000000 0.000000 -0.000000 1 6.007030606e-08 6.007030606e-08
206 0.989986 -0.126822 0.996893 1.701282 -0.152509 2.001752 0.000000 0.000000 0.000000 -0.000000 1 1.690350473e-07 1.690350473e-07
206 0.989948 -0.128781 0.996855 1.701282 -0.152509 2.001752 0.000000 0.000000 0.000000 -0.000000 1 5.890615284e-08 5.890615284e-08
206 0.989911 -0.130587 0.996817 1.701282 -0.152509 2.001752 0.000000 0.000000 0.000000 -0.000000 1 5.704350770e-08 5.704350770e-08
206 0.989873 -0.132252 0.996779 1.701282 -0.152509 2.001752 0.000000 0.000000 0.000000 -0.000000 1 5.890615284e-08 5.890615284e-08
206 0.989836 -0.133788 0.996741 1.701282 -0.152509 2.001752 0.000000 0.000000 0.000000 -0.000000 1 5.797483027e-08 5.797483027e-08
206 0.989799 -0.135205 0.996704 1.701282 -0.152509 2.001752 0.000000 0.000000 0.000000 -0.000000 1 5.797483027e-08 5.797483027e-08
206 0.989762 -0.136510 0.996667 1.701282 -0.152509 2.001752 0.000000 0.000000 0.000000 -0.000000 1 5.704350770e-08 5.704350770e-08
206 0.989725 -0.137714 0.996630 1.701282 -0.152509 2.001752 0.000000 0.000000 0.000000 -0.000000 1 5.797483027e-08 5.797483027e-08
207 0.984517 0.022523 0.995488 1.807215 0.008176 2.190010 0.000000 0.000000 0.000000 -0.000000 1 6.007030606e-08 6.007030606e-08
207 0.986604 0.021419 0.994163 1.807215 0.008176 2.190010 0.000000 0.000000 0.000000 -0.000000 1 6.007030606e-08 6.007030606e-08
207 0.986599 0.020401 0.994128 1.807215 0.008176 2.190010 0.000000 0.000000 0.000000 -0.000000 1 6.402842700e-08 6.402842700e-08
207 0.986576 0.019461 0.994105 1.807215 0.008176 2.190010 0.000000 0.000000 0.000000 -0.000000 1 6.100162864e-08 6.100162864e-08
207 0.986554 0.018593 0.994083 1.807215 0.008176 2.190010 0.000000 0.000000 0.000000 -0.000000 1 6.309710443e-08 6.309710443e-08
207 0.986531 0.017792 0.994060 1.807215 0.008176 2.190010 0.000000 0.000000 0.000000 -0.000000 1 6.007030606e-08 6.007030606e-08
207 0.986509 0.017053 0.994038 1.807215 0.008176 2.190010 0.000000 0.000000 0.000000 -0.000000 1 5.797483027e-08 5.797483027e-08
207 0.986487 0.016370 0.994015 1.807215 0.008176 2.190010 0.000000 0.000000 0.000000 -0.000000 1 5.890615284e-08 5.890615284e-08
207 0.986464 0.015740 0.993993 1.807215 0.008176 2.190010 0.000000 0.000000 0.000000 -0.000000 1 5.704350770e-08 5.704350770e-08
207 0.986443 0.015159 0.993971 1.807215 0.008176 2.190010 0.000000 0.000000 0.000000 -0.000000 1 1.708976924e-07 1.708976924e-07
207 0.986421 0.014622 0.993949 1.807215 0.008176 2.190010 0.000000 0.000000 0.000000 -0.000000 1 5.611218512e-08 5.611218512e-08
207 0.986399 0.014126 0.993927 1.807215 0.008176 2.190010 0.000000 0.000000 0.000000 -0.000000 1 5.797483027e-08 5.797483027e-08
207 0.986377 0.013669 0.993905 1.807215 0.008176 2.190010 0.000000 0.000000 0.000000 -0.000000 1 6.100162864e-08 6.100162864e-08
207 0.986356 0.013246 0.993883 1.807215 0.008176 2.190010 0.000000 0.000000 0.000000 -0.000000 1 6.193295121e-08 6.193295121e-08
207 0.986334 0.012856 0.993862 1.807215 0.008176 2.190010 0.000000 0.000000 0.000000 -0.000000 1 6.100162864e-08 6.100162864e-08
207 0.986313 0.012496 0.993840 1.807215 0.008176 2.190010 0.000000 0.000000 0.000000 -0.000000 1 5.494803190e-08 5.494803190e-08
207 0.986292 0.012164 0.993819 1.807215 0.008176 2.190010 0.000000 0.000000 0.000000 -0.000000 1 5.704350770e-08 5.704350770e-08
207 0.986270 0.011857 0.993798 1.807215 0.008176 2.190010 0.000000 0.000000 0.000000 -0.000000 1 5.494803190e-08 5.494803190e-08
207 0.986249 0.011574 0.993777 1.807215 0.008176 2.190010 0.000000 0.000000 0.000000 -0.000000 1 5.401670933e-08 5.401670933e-08
207 0.986229 0.011313 0.993755 1.807215 0.008176 2.190010 0.000000 0.000000 0.000000 -0.000000 1 6.007030606e-08 6.007030606e-08
208 0.980619 0.180168 0.995081 1.896391 0.176791 2.377414 0.000000 0.000000 0.000000 -0.000000 1 5.494803190e-08 5.494803190e-08
208 0.984542 0.179538 0.992921 1.896391 0.176791 2.377414 0.000000 0.000000 0.000000 -0.000000 1 5.797483027e-08 5.797483027e-08
208 0.984544 0.178964 0.992896 1.896391 0.176791 2.377414 0.000000 0.000000 0.000000 -0.000000 1 5.890615284e-08 5.890615284e-08
208 0.984530 0.178443 0.992882 1.896391 0.176791 2.377414 0.000000 0.000000 0.000000 -0.000000 1 5.797483027e-08 5.797483027e-08
208 0.984516 0.177972 0.992867 1.896391 0.176791 2.377414 0.000000 0.000000 0.000000 -0.000000 1 5.401670933e-08 5.401670933e-08
208 0.984502 0.177543 0.992853 1.896391 0.176791 2.377414 0.000000 0.000000 0.000000 -0.000000 1 6.495974958e-08 6.495974958e-08
208 0.984488 0.177155 0.992839 1.896391 0.176791 2.377414 0.000000 0.000000 0.000000 -0.000000 1 1.699663699e-07 1.699663699e-07
208 0.984474 0.176802 0.992825 1.896391 0.176791 2.377414 0.000000 0.000000 0.000000 -0.000000 1 5.494803190e-08 5.494803190e-08
208 0.984460 0.176481 0.992810 1.896391 0.176791 2.377414 0.000000 0.000000 0.000000 -0.000000 1 5.704350770e-08 5.704350770e-08
208 0.984445 0.176190 0.992796 1.896391 0.176791 2.377414 0.000000 0.000000 0.000000 -0.000000 1 5.494803190e-08 5.494803190e-08
208 0.984431 0.175925 0.992782 1.896391 0.176791 2.377414 0.000000 0.000000 0.000000 -0.000000 1 5.797483027e-08 5.797483027e-08
208 0.984417 0.175685 0.992767 1.896391 0.176791 2.377414 0.000000 0.000000 0.000000 -0.000000 1 5.308538675e-08 5.308538675e-08
208 0.984403 0.175466 0.992753 1.896391 0.176791 2.377414 0.000000 0.000000 0.000000 -0.000000 1 2.398155630e-08 2.398155630e-08
208 0.984389 0.175267 0.992739 1.896391 0.176791 2.377414 0.000000 0.000000 0.000000 -0.000000 1 1.396983862e-08 1.396983862e-08
208 0.984375 0.175086 0.992725 1.896391 0.176791 2.377414 0.000000 0.000000 0.000000 -0.000000 1 1.606531441e-08 1.606531441e-08
208 0.984361 0.174921 0.992711 1.896391 0.176791 2.377414 0.000000 0.000000 0.000000 -0.000000 1 6.100162864e-08 6.100162864e-08
208 0.984347 0.174771 0.992697 1.896391 0.176791 2.377414 0.000000 0.000000 0.000000 -0.000000 1 5.704350770e-08 5.704350770e-08
208 0.984333 0.174634 0.992683 1.896391 0.176791 2.377414 0.000000 0.000000 0.000000 -0.000000 1 1.040752977e-07 1.040752977e-07
208 0.984319 0.174510 0.992669 1.896391 0.176791 2.377414 0.000000 0.000000 0.000000 -0.000000 1 2.020969987e-07 2.020969987e-07
208 0.984305 0.174396 0.992655 1.896391 0.176791 2.377414 0.000000 0.000000 0.000000 -0.000000 1 9.406358004e-08 9.406358004e-08
209 0.974461 0.278163 1.000000 1.969953 0.357967 2.567622 0.000000 0.000000 0.000000 -0.000000 1 8.102506399e-08 8.102506399e-08
209 0.989101 0.258739 0.998681 1.969953 0.357967 2.567622 0.000000 0.000000 0.000000 -0.000000 1 1.050066203e-07 1.050066203e-07
209 0.989594 0.252560 0.999017 1.969953 0.357967 2.567622 0.000000 0.000000 0.000000 -0.000000 1 7.101334631e-08 7.101334631e-08
209 0.989712 0.249710 0.999120 1.969953 0.357967 2.567622 0.000000 0.000000 0.000000 -0.000000 1 1.699663699e-07 1.699663699e-07
209 0.989739 0.248222 0.999142 1.969953 0.357967 2.567622 0.000000 0.000000 0.000000 -0.000000 1 5.494803190e-08 5.494803190e-08
209 0.989729 0.247397 0.999129 1.969953 0.357967 2.567622 0.000000 0.000000 0.000000 -0.000000 1 5.494803190e-08 5.494803190e-08
209 0.989701 0.246920 0.999100 1.969953 0.357967 2.567622 0.000000 0.000000 0.000000 -0.000000 1 6.402842700e-08 6.402842700e-08
209 0.989664 0.246633 0.999062 1.969953 0.357967 2.567622 0.000000 0.000000 0.000000 -0.000000 1 5.890615284e-08 5.890615284e-08
209 0.989623 0.246453 0.999019 1.969953 0.357967 2.567622 0.000000 0.000000 0.000000 -0.000000 1 5.401670933e-08 5.401670933e-08
209 0.989578 0.246333 0.998975 1.969953 0.357967 2.567622 0.000000 0.000000 0.000000 -0.000000 1 5.890615284e-08 5.890615284e-08
209 0.989533 0.246247 0.998929 1.969953 0.357967 2.567622 0.000000 0.000000 0.000000 -0.000000 1 5.704350770e-08 5.704350770e-08
209 0.989487 0.246180 0.998882 1.969953 0.357967 2.567622 0.000000 0.000000 0.000000 -0.000000 1 5.983747542e-08 5.983747542e-08
209 0.989440 0.246124 0.998836 1.969953 0.357967 2.567622 0.000000 0.000000 0.000000 -0.000000 1 6.309710443e-08 6.309710443e-08
209 0.989394 0.246075 0.998789 1.969953 0.357967 2.567622 0.000000 0.000000 0.000000 -0.000000 1 6.007030606e-08 6.007030606e-08
209 0.989348 0.246030 0.998742 1.969953 0.357967 2.567622 0.000000 0.000000 0.000000 -0.000000 1 6.007030606e-08 6.007030606e-08
209 0.989301 0.245986 0.998696 1.969953 0.357967 2.567622 0.000000 0.000000 0.000000 -0.000000 1 8.894130588e-08 8.894130588e-08
